doc_id,swift_msg_id,commodity,unit_price,market_avg,qty,vessel_id,price_deviation,declared_weight_kg,actual_weight_kg,ais_status,port_log_status,weight_gap_score,device_entropy
SHIP_V_1959,sdv-id-KXflHB,Smartphones,200,300.0,430,SHIP_V_1959,-0.3333333333333333,5375.0,5270.67,Active,Verified,0.0194,0.14323671478696
SHIP_V_1790,sdv-id-LPnayA,Raw Jute,244,5.0,239,SHIP_V_1790,47.8,2987.5,2923.96,Active,Verified,0.0213,0.1124918727653321
SHIP_V_1456,sdv-id-vkCnEy,Ready-made Garments,778,8.5,240,GHOST_VESSEL_X,90.52941176470588,3000.0,0.0,Disconnected,No_Record,1.0,0.866733672058525
SHIP_V_1465,sdv-id-McJTYT,Smartphones,167,300.0,760,SHIP_V_1465,-0.4433333333333333,9500.0,9126.65,Active,Verified,0.0393,0.2094824768396617
SHIP_V_1354,sdv-id-eQNtcD,Solar Panels,1187,120.0,1499,SHIP_V_1354,8.891666666666667,18737.5,18498.32,Active,Verified,0.0128,0.1539071548327887
SHIP_V_1201,sdv-id-rQAkkY,Raw Jute,1177,5.0,1719,GHOST_VESSEL_X,234.4,21487.5,0.0,Disconnected,No_Record,1.0,0.866733672058525
SHIP_V_1737,sdv-id-rTRGvq,Smartphones,422,300.0,1125,SHIP_V_1737,0.4066666666666667,14062.5,13384.89,Active,Verified,0.0482,0.2048483992137416
SHIP_V_1187,sdv-id-SseGwh,Smartphones,290,300.0,1712,SHIP_V_1187,-0.0333333333333333,21400.0,20395.9,Active,Verified,0.0469,0.150253433701866
SHIP_V_1097,sdv-id-InBqfh,Smartphones,1746,300.0,331,SHIP_V_1097,4.82,4137.5,4012.97,Active,Verified,0.0301,0.1293127072050086
SHIP_V_1031,sdv-id-aObYgo,Raw Jute,845,5.0,1641,GHOST_VESSEL_X,168.0,20512.5,0.0,Disconnected,No_Record,1.0,0.866733672058525
SHIP_V_1111,sdv-id-mCQaoC,Smartphones,1389,300.0,510,SHIP_V_1111,3.63,6375.0,6297.99,Active,Verified,0.0121,0.1381792378967056
SHIP_V_1680,sdv-id-JFDLhg,Ready-made Garments,459,8.5,1054,SHIP_V_1680,53.0,13175.0,12954.52,Active,Verified,0.0167,0.1256421045732399
SHIP_V_1125,sdv-id-VHdBHo,Ready-made Garments,795,8.5,164,GHOST_VESSEL_X,92.52941176470588,2050.0,0.0,Disconnected,No_Record,1.0,0.866733672058525
SHIP_V_1357,sdv-id-mIXKLO,Industrial Chemicals,251,50.0,1709,SHIP_V_1357,4.02,21362.5,20793.09,Active,Verified,0.0267,0.1669949932497419
SHIP_V_1137,sdv-id-ANqLkR,Smartphones,554,300.0,110,SHIP_V_1137,0.8466666666666667,1375.0,1338.09,Active,Verified,0.0268,0.1178897150844972
SHIP_V_1973,sdv-id-fiIpgE,Industrial Chemicals,1117,50.0,136,SHIP_V_1973,21.34,1700.0,1664.99,Active,Verified,0.0206,0.1377457108308274
SHIP_V_1567,sdv-id-AAWqRk,Solar Panels,385,120.0,324,SHIP_V_1567,2.2083333333333335,4050.0,3974.67,Active,Verified,0.0186,0.2082043192688862
SHIP_V_1406,sdv-id-qGerPJ,Ready-made Garments,3270,8.5,317,GHOST_VESSEL_X,383.7058823529411,3962.5,0.0,Disconnected,No_Record,1.0,0.866733672058525
SHIP_V_1398,sdv-id-tvWwDr,Solar Panels,66,120.0,1862,SHIP_V_1398,-0.45,23275.0,22214.16,Active,Verified,0.0456,0.1536842077462188
SHIP_V_1362,sdv-id-bSzXvd,Solar Panels,811,120.0,1822,SHIP_V_1362,5.758333333333334,22775.0,22138.83,Active,Verified,0.0279,0.2255589243619385
SHIP_V_1229,sdv-id-SIwLtu,Solar Panels,235,120.0,1432,SHIP_V_1229,0.9583333333333334,17900.0,17700.04,Active,Verified,0.0112,0.1861140813040469
SHIP_V_1796,sdv-id-wMvuxa,Industrial Chemicals,560,50.0,889,SHIP_V_1796,10.2,11112.5,10801.94,Active,Verified,0.0279,0.2435794754641387
SHIP_V_1444,sdv-id-GHSYjL,Raw Jute,104,5.0,1351,SHIP_V_1444,19.8,16887.5,16426.03,Active,Verified,0.0273,0.2245642852379674
SHIP_V_1572,sdv-id-RHYsNY,Smartphones,1905,300.0,1833,SHIP_V_1572,5.35,22912.5,21836.8,Active,Verified,0.0469,0.153186736880732
SHIP_V_1512,sdv-id-ERnigt,Industrial Chemicals,1576,50.0,110,SHIP_V_1512,30.52,1375.0,1328.24,Active,Verified,0.034,0.1947382150503232
SHIP_V_1342,sdv-id-bgcHHZ,Industrial Chemicals,929,50.0,158,SHIP_V_1342,17.58,1975.0,1884.76,Active,Verified,0.0457,0.1755388700539704
SHIP_V_1794,sdv-id-LGBAvM,Solar Panels,25,120.0,1751,SHIP_V_1794,-0.7916666666666666,21887.5,21128.1,Active,Verified,0.0347,0.2256753574060206
SHIP_V_1242,sdv-id-DMIKJF,Raw Jute,879,5.0,171,GHOST_VESSEL_X,174.8,2137.5,0.0,Disconnected,No_Record,1.0,0.866733672058525
SHIP_V_1937,sdv-id-ZaTCVl,Smartphones,1857,300.0,900,SHIP_V_1937,5.19,11250.0,10971.64,Active,Verified,0.0247,0.1819424977256733
SHIP_V_1456,sdv-id-ptKuoS,Industrial Chemicals,989,50.0,258,SHIP_V_1456,18.78,3225.0,3079.96,Active,Verified,0.045,0.1754569049841473
SHIP_V_1894,sdv-id-isoLaP,Ready-made Garments,332,8.5,1090,SHIP_V_1894,38.05882352941177,13625.0,12994.24,Active,Verified,0.0463,0.1410654288580257
SHIP_V_1620,sdv-id-HgkSjW,Raw Jute,198,5.0,174,SHIP_V_1620,38.6,2175.0,2134.47,Active,Verified,0.0186,0.1474033884484603
SHIP_V_1045,sdv-id-iAheaj,Smartphones,2236,300.0,1562,SHIP_V_1045,6.453333333333333,19525.0,18775.27,Active,Verified,0.0384,0.2269031867365621
SHIP_V_1528,sdv-id-jgriey,Solar Panels,1277,120.0,618,SHIP_V_1528,9.641666666666667,7725.0,7608.02,Active,Verified,0.0151,0.1447979001190995
SHIP_V_1346,sdv-id-JDBMHE,Smartphones,1544,300.0,1076,SHIP_V_1346,4.1466666666666665,13450.0,12885.98,Active,Verified,0.0419,0.1272645479064683
SHIP_V_1584,sdv-id-QJpQeb,Ready-made Garments,481,8.5,367,GHOST_VESSEL_X,55.588235294117645,4587.5,0.0,Disconnected,No_Record,1.0,0.866733672058525
SHIP_V_1258,sdv-id-QlqiIe,Smartphones,247,300.0,1571,SHIP_V_1258,-0.1766666666666666,19637.5,19178.96,Active,Verified,0.0234,0.1015731370968436
SHIP_V_1916,sdv-id-xcSrJL,Raw Jute,896,5.0,755,GHOST_VESSEL_X,178.2,9437.5,0.0,Disconnected,No_Record,1.0,0.866733672058525
SHIP_V_1694,sdv-id-wflWqO,Industrial Chemicals,1484,50.0,1681,SHIP_V_1694,28.68,21012.5,20632.47,Active,Verified,0.0181,0.2298947365772182
SHIP_V_1524,sdv-id-vCRNKe,Solar Panels,701,120.0,1257,SHIP_V_1524,4.841666666666667,15712.5,15407.86,Active,Verified,0.0194,0.1603967021634112
SHIP_V_1479,sdv-id-YIzOxh,Smartphones,681,300.0,1836,SHIP_V_1479,1.27,22950.0,22128.88,Active,Verified,0.0358,0.1838828954856828
SHIP_V_1902,sdv-id-HcZyQf,Smartphones,247,300.0,1155,SHIP_V_1902,-0.1766666666666666,14437.5,14048.74,Active,Verified,0.0269,0.1473539381533794
SHIP_V_1261,sdv-id-bHgrBl,Smartphones,524,300.0,1846,SHIP_V_1261,0.7466666666666667,23075.0,22604.55,Active,Verified,0.0204,0.1569910180618374
SHIP_V_1445,sdv-id-HnkMea,Industrial Chemicals,866,50.0,1991,SHIP_V_1445,16.32,24887.5,24501.32,Active,Verified,0.0155,0.153136029386925
SHIP_V_1960,sdv-id-rcLbvH,Smartphones,670,300.0,1395,SHIP_V_1960,1.2333333333333334,17437.5,17223.92,Active,Verified,0.0122,0.1850679208828859
SHIP_V_1580,sdv-id-bFYqtz,Ready-made Garments,83,8.5,1827,SHIP_V_1580,8.764705882352942,22837.5,22570.29,Active,Verified,0.0117,0.1346022297841432
SHIP_V_1255,sdv-id-zsDZzF,Smartphones,1352,300.0,1478,SHIP_V_1255,3.506666666666667,18475.0,17587.56,Active,Verified,0.048,0.1650561919655929
SHIP_V_1985,sdv-id-zHpLrv,Raw Jute,563,5.0,1802,GHOST_VESSEL_X,111.6,22525.0,0.0,Disconnected,No_Record,1.0,0.866733672058525
SHIP_V_1735,sdv-id-qEdAsK,Raw Jute,384,5.0,294,GHOST_VESSEL_X,75.8,3675.0,0.0,Disconnected,No_Record,1.0,0.866733672058525
SHIP_V_1266,sdv-id-NKPoTP,Industrial Chemicals,316,50.0,1561,SHIP_V_1266,5.32,19512.5,19071.81,Active,Verified,0.0226,0.1807755812695272
SHIP_V_1969,sdv-id-rfLDlp,Smartphones,1061,300.0,1593,SHIP_V_1969,2.536666666666666,19912.5,18975.36,Active,Verified,0.0471,0.1770711088474904
SHIP_V_1470,sdv-id-VDuTIj,Solar Panels,408,120.0,1860,SHIP_V_1470,2.4,23250.0,22644.51,Active,Verified,0.026,0.1638793465495435
SHIP_V_1695,sdv-id-jmHrWu,Smartphones,1163,300.0,1642,SHIP_V_1695,2.8766666666666665,20525.0,20292.82,Active,Verified,0.0113,0.2322568192969147
SHIP_V_1607,sdv-id-kyvZSh,Ready-made Garments,627,8.5,605,GHOST_VESSEL_X,72.76470588235294,7562.5,0.0,Disconnected,No_Record,1.0,0.866733672058525
SHIP_V_1537,sdv-id-quvNTo,Industrial Chemicals,997,50.0,1877,SHIP_V_1537,18.94,23462.5,22333.83,Active,Verified,0.0481,0.1107996685814929
SHIP_V_1460,sdv-id-xhNNgb,Raw Jute,986,5.0,634,GHOST_VESSEL_X,196.2,7925.0,0.0,Disconnected,No_Record,1.0,0.866733672058525
SHIP_V_1590,sdv-id-lelKfQ,Solar Panels,292,120.0,1939,SHIP_V_1590,1.4333333333333331,24237.5,23078.3,Active,Verified,0.0478,0.1963440537087175
SHIP_V_1650,sdv-id-PpziYJ,Ready-made Garments,858,8.5,1112,GHOST_VESSEL_X,99.94117647058825,13900.0,0.0,Disconnected,No_Record,1.0,0.866733672058525
SHIP_V_1998,sdv-id-sGaOjG,Raw Jute,881,5.0,298,GHOST_VESSEL_X,175.2,3725.0,0.0,Disconnected,No_Record,1.0,0.866733672058525
SHIP_V_1697,sdv-id-ODkETf,Smartphones,1754,300.0,466,SHIP_V_1697,4.846666666666667,5825.0,5648.41,Active,Verified,0.0303,0.2362406300284142
SHIP_V_1142,sdv-id-SZZBmc,Raw Jute,450,5.0,253,GHOST_VESSEL_X,89.0,3162.5,0.0,Disconnected,No_Record,1.0,0.866733672058525
SHIP_V_1072,sdv-id-UJeuOi,Ready-made Garments,368,8.5,1977,SHIP_V_1072,42.294117647058826,24712.5,23835.59,Active,Verified,0.0355,0.1274561953038015
SHIP_V_1855,sdv-id-RLAswq,Ready-made Garments,548,8.5,1012,GHOST_VESSEL_X,63.47058823529411,12650.0,0.0,Disconnected,No_Record,1.0,0.866733672058525
SHIP_V_1328,sdv-id-dJwooA,Raw Jute,1015,5.0,778,GHOST_VESSEL_X,202.0,9725.0,0.0,Disconnected,No_Record,1.0,0.866733672058525
SHIP_V_1417,sdv-id-uzwRuG,Ready-made Garments,762,8.5,249,GHOST_VESSEL_X,88.6470588235294,3112.5,0.0,Disconnected,No_Record,1.0,0.866733672058525
SHIP_V_1466,sdv-id-ahUILm,Smartphones,737,300.0,1656,SHIP_V_1466,1.4566666666666668,20700.0,20131.1,Active,Verified,0.0275,0.2276962379004634
SHIP_V_1897,sdv-id-rsvuYw,Smartphones,1772,300.0,800,SHIP_V_1897,4.906666666666666,10000.0,9692.38,Active,Verified,0.0308,0.1141933893241233
SHIP_V_1580,sdv-id-ASOjaa,Ready-made Garments,856,8.5,1696,GHOST_VESSEL_X,99.70588235294116,21200.0,0.0,Disconnected,No_Record,1.0,0.866733672058525
SHIP_V_1170,sdv-id-arnbcZ,Ready-made Garments,179,8.5,491,SHIP_V_1170,20.058823529411764,6137.5,5872.49,Active,Verified,0.0432,0.1090957173660141
SHIP_V_1147,sdv-id-RSOkVG,Industrial Chemicals,581,50.0,438,SHIP_V_1147,10.62,5475.0,5291.06,Active,Verified,0.0336,0.1054028870081895
SHIP_V_1119,sdv-id-teiLNC,Smartphones,921,300.0,1206,SHIP_V_1119,2.07,15075.0,14490.17,Active,Verified,0.0388,0.1211181074107479
SHIP_V_1326,sdv-id-PBLiRX,Industrial Chemicals,748,50.0,1279,SHIP_V_1326,13.96,15987.5,15732.0,Active,Verified,0.016,0.1474202569069869
SHIP_V_1823,sdv-id-mOEXAG,Solar Panels,282,120.0,1912,SHIP_V_1823,1.35,23900.0,23466.64,Active,Verified,0.0181,0.2293376090649759
SHIP_V_1975,sdv-id-iECpPc,Smartphones,347,300.0,1712,SHIP_V_1975,0.1566666666666666,21400.0,20926.87,Active,Verified,0.0221,0.1805723430628604
SHIP_V_1130,sdv-id-reHVij,Smartphones,205,300.0,1548,SHIP_V_1130,-0.3166666666666666,19350.0,19093.26,Active,Verified,0.0133,0.1395439098797404
SHIP_V_1295,sdv-id-EduxQB,Ready-made Garments,667,8.5,1564,GHOST_VESSEL_X,77.47058823529412,19550.0,0.0,Disconnected,No_Record,1.0,0.866733672058525
SHIP_V_1835,sdv-id-HCnOhT,Industrial Chemicals,1175,50.0,1339,SHIP_V_1835,22.5,16737.5,16188.3,Active,Verified,0.0328,0.2048836759579936
SHIP_V_1517,sdv-id-lTYuaP,Smartphones,994,300.0,1943,SHIP_V_1517,2.3133333333333335,24287.5,23769.89,Active,Verified,0.0213,0.1141937132290012
SHIP_V_1885,sdv-id-tLuwGT,Ready-made Garments,392,8.5,1584,SHIP_V_1885,45.11764705882353,19800.0,19054.28,Active,Verified,0.0377,0.1433906650819763
SHIP_V_1640,sdv-id-nuDxuD,Smartphones,37,300.0,500,SHIP_V_1640,-0.8766666666666667,6250.0,6000.03,Active,Verified,0.04,0.1971727035751655
SHIP_V_1368,sdv-id-fwjddh,Ready-made Garments,162,8.5,1667,SHIP_V_1368,18.058823529411764,20837.5,20189.07,Active,Verified,0.0311,0.1652696309357444
SHIP_V_1232,sdv-id-KzCFVN,Solar Panels,185,120.0,1423,SHIP_V_1232,0.5416666666666666,17787.5,17437.22,Active,Verified,0.0197,0.1389374008891585
SHIP_V_1538,sdv-id-tXFgVl,Ready-made Garments,193,8.5,1289,SHIP_V_1538,21.705882352941178,16112.5,15606.81,Active,Verified,0.0314,0.1017895630011429
SHIP_V_1947,sdv-id-BmwUNA,Solar Panels,414,120.0,1941,SHIP_V_1947,2.45,24262.5,23697.72,Active,Verified,0.0233,0.2389658552438142
SHIP_V_1194,sdv-id-InmWQA,Ready-made Garments,1721,8.5,915,GHOST_VESSEL_X,201.47058823529412,11437.5,0.0,Disconnected,No_Record,1.0,0.866733672058525
SHIP_V_1845,sdv-id-AwtSXZ,Industrial Chemicals,1144,50.0,1241,SHIP_V_1845,21.88,15512.5,15050.49,Active,Verified,0.0298,0.1259119565814943
SHIP_V_1025,sdv-id-LQrFOB,Ready-made Garments,282,8.5,1537,SHIP_V_1025,32.1764705882353,19212.5,18301.11,Active,Verified,0.0474,0.1609694371083139
SHIP_V_1713,sdv-id-gpxoUB,Industrial Chemicals,230,50.0,136,SHIP_V_1713,3.6,1700.0,1632.79,Active,Verified,0.0395,0.1576034795139395
SHIP_V_1010,sdv-id-LXjZxC,Ready-made Garments,161,8.5,1217,SHIP_V_1010,17.941176470588236,15212.5,14753.2,Active,Verified,0.0302,0.1502747604661505
SHIP_V_1211,sdv-id-ihWjmS,Smartphones,530,300.0,1952,SHIP_V_1211,0.7666666666666667,24400.0,23607.48,Active,Verified,0.0325,0.136879493987442
SHIP_V_1187,sdv-id-brjjab,Ready-made Garments,1249,8.5,1478,GHOST_VESSEL_X,145.94117647058823,18475.0,0.0,Disconnected,No_Record,1.0,0.866733672058525
SHIP_V_1978,sdv-id-nScJrP,Solar Panels,155,120.0,846,SHIP_V_1978,0.2916666666666667,10575.0,10164.55,Active,Verified,0.0388,0.1839972183858567
SHIP_V_1850,sdv-id-ugysjG,Ready-made Garments,554,8.5,1885,GHOST_VESSEL_X,64.17647058823529,23562.5,0.0,Disconnected,No_Record,1.0,0.866733672058525
SHIP_V_1997,sdv-id-VECNnx,Solar Panels,2435,120.0,1172,SHIP_V_1997,19.291666666666668,14650.0,14362.64,Active,Verified,0.0196,0.2358840929333347
SHIP_V_1526,sdv-id-TGSZmc,Industrial Chemicals,1535,50.0,955,SHIP_V_1526,29.7,11937.5,11519.77,Active,Verified,0.035,0.1720801891822923
SHIP_V_1205,sdv-id-fyQnVN,Smartphones,434,300.0,285,SHIP_V_1205,0.4466666666666666,3562.5,3429.25,Active,Verified,0.0374,0.2444108693791906
SHIP_V_1791,sdv-id-QUyrMF,Raw Jute,1144,5.0,485,GHOST_VESSEL_X,227.8,6062.5,0.0,Disconnected,No_Record,1.0,0.866733672058525
SHIP_V_1636,sdv-id-eEtDqj,Solar Panels,324,120.0,1713,SHIP_V_1636,1.7,21412.5,20813.67,Active,Verified,0.028,0.1740858535967687
SHIP_V_1114,sdv-id-AsKpaE,Raw Jute,73,5.0,1684,SHIP_V_1114,13.6,21050.0,20120.05,Active,Verified,0.0442,0.2413276699803443
SHIP_V_1228,sdv-id-GOwsNV,Smartphones,259,300.0,189,SHIP_V_1228,-0.1366666666666666,2362.5,2272.45,Active,Verified,0.0381,0.1976411226281895
SHIP_V_1652,sdv-id-QXjKcE,Solar Panels,146,120.0,895,SHIP_V_1652,0.2166666666666666,11187.5,11007.64,Active,Verified,0.0161,0.2294481837126965
SHIP_V_1428,sdv-id-mGngQP,Industrial Chemicals,1381,50.0,896,SHIP_V_1428,26.62,11200.0,10643.35,Active,Verified,0.0497,0.2306564929571514
SHIP_V_1622,sdv-id-bBKEKe,Industrial Chemicals,1004,50.0,974,SHIP_V_1622,19.08,12175.0,11797.67,Active,Verified,0.031,0.2414799719125042
SHIP_V_1458,sdv-id-qZwYMp,Industrial Chemicals,1158,50.0,1829,SHIP_V_1458,22.16,22862.5,22226.99,Active,Verified,0.0278,0.201179883342472
SHIP_V_1692,sdv-id-ZNiszx,Raw Jute,2233,5.0,1285,GHOST_VESSEL_X,445.6,16062.5,0.0,Disconnected,No_Record,1.0,0.866733672058525
SHIP_V_1814,sdv-id-ovvCis,Smartphones,2278,300.0,604,SHIP_V_1814,6.593333333333334,7550.0,7272.57,Active,Verified,0.0367,0.2071469095610046
SHIP_V_1498,sdv-id-RabGOG,Smartphones,1686,300.0,261,SHIP_V_1498,4.62,3262.5,3185.82,Active,Verified,0.0235,0.1730351349410349
SHIP_V_1118,sdv-id-KnsggH,Smartphones,1087,300.0,131,SHIP_V_1118,2.6233333333333335,1637.5,1585.54,Active,Verified,0.0317,0.1866489364006349
SHIP_V_1433,sdv-id-zaCthu,Raw Jute,157,5.0,780,SHIP_V_1433,30.4,9750.0,9271.36,Active,Verified,0.0491,0.1504314188428216
SHIP_V_1335,sdv-id-XWHvxX,Raw Jute,316,5.0,1706,GHOST_VESSEL_X,62.2,21325.0,0.0,Disconnected,No_Record,1.0,0.866733672058525
SHIP_V_1879,sdv-id-IUnSLC,Ready-made Garments,106,8.5,411,SHIP_V_1879,11.470588235294118,5137.5,4899.55,Active,Verified,0.0463,0.1938044651133216
SHIP_V_1275,sdv-id-dpKSFA,Raw Jute,60,5.0,1045,SHIP_V_1275,11.0,13062.5,12587.28,Active,Verified,0.0364,0.1589666555710798
SHIP_V_1561,sdv-id-xOaHig,Smartphones,361,300.0,859,SHIP_V_1561,0.2033333333333333,10737.5,10606.37,Active,Verified,0.0122,0.1557619261675364
SHIP_V_1594,sdv-id-QYtaSC,Smartphones,247,300.0,1228,SHIP_V_1594,-0.1766666666666666,15350.0,14711.96,Active,Verified,0.0416,0.1162575274451084
SHIP_V_1969,sdv-id-jwwjYI,Smartphones,298,300.0,211,SHIP_V_1969,-0.0066666666666666,2637.5,2523.25,Active,Verified,0.0433,0.1001275042509912
SHIP_V_1012,sdv-id-ZvHcgC,Solar Panels,556,120.0,1314,SHIP_V_1012,3.6333333333333337,16425.0,16127.26,Active,Verified,0.0181,0.1582800779310149
SHIP_V_1459,sdv-id-StToqy,Solar Panels,632,120.0,115,SHIP_V_1459,4.266666666666667,1437.5,1395.74,Active,Verified,0.0291,0.105078983969635
SHIP_V_1230,sdv-id-ATeuDA,Smartphones,824,300.0,561,SHIP_V_1230,1.7466666666666666,7012.5,6744.84,Active,Verified,0.0382,0.1728493038803196
SHIP_V_1655,sdv-id-TyaeFn,Smartphones,673,300.0,1339,SHIP_V_1655,1.2433333333333334,16737.5,16445.0,Active,Verified,0.0175,0.1459354471084703
SHIP_V_1927,sdv-id-LRCBWF,Solar Panels,339,120.0,638,SHIP_V_1927,1.825,7975.0,7711.0,Active,Verified,0.0331,0.2499871355785473
SHIP_V_1549,sdv-id-lTpOWO,Industrial Chemicals,546,50.0,549,SHIP_V_1549,9.92,6862.5,6676.93,Active,Verified,0.027,0.1703144433854467
SHIP_V_1891,sdv-id-LttFDN,Smartphones,17,300.0,1291,SHIP_V_1891,-0.9433333333333334,16137.5,15897.62,Active,Verified,0.0149,0.162006855110466
SHIP_V_1808,sdv-id-aMaiYM,Industrial Chemicals,1618,50.0,191,SHIP_V_1808,31.36,2387.5,2311.24,Active,Verified,0.0319,0.1494779069562195
SHIP_V_1693,sdv-id-rywoRb,Solar Panels,147,120.0,1456,SHIP_V_1693,0.225,18200.0,17804.23,Active,Verified,0.0217,0.1433103138145269
SHIP_V_1691,sdv-id-WaJCSd,Smartphones,466,300.0,944,SHIP_V_1691,0.5533333333333333,11800.0,11679.57,Active,Verified,0.0102,0.1223231180104997
SHIP_V_1517,sdv-id-dRHhfW,Raw Jute,1215,5.0,1695,GHOST_VESSEL_X,242.0,21187.5,0.0,Disconnected,No_Record,1.0,0.866733672058525
SHIP_V_1471,sdv-id-dZOIaA,Industrial Chemicals,1886,50.0,1126,SHIP_V_1471,36.72,14075.0,13810.52,Active,Verified,0.0188,0.1573067748718351
SHIP_V_1415,sdv-id-qpIwbh,Industrial Chemicals,539,50.0,818,SHIP_V_1415,9.78,10225.0,9810.79,Active,Verified,0.0405,0.2421278629362404
SHIP_V_1416,sdv-id-tZdnVh,Smartphones,1466,300.0,534,SHIP_V_1416,3.8866666666666663,6675.0,6510.47,Active,Verified,0.0246,0.1480048850908448
SHIP_V_1219,sdv-id-mNjQyn,Industrial Chemicals,100,50.0,1872,SHIP_V_1219,1.0,23400.0,22836.41,Active,Verified,0.0241,0.1809685266559826
SHIP_V_1859,sdv-id-DiDjJH,Smartphones,805,300.0,630,SHIP_V_1859,1.6833333333333331,7875.0,7531.56,Active,Verified,0.0436,0.1734051998364326
SHIP_V_1630,sdv-id-Qtaqbg,Solar Panels,889,120.0,893,SHIP_V_1630,6.408333333333333,11162.5,10971.86,Active,Verified,0.0171,0.1298419766300279
SHIP_V_1504,sdv-id-CyMuiG,Smartphones,796,300.0,783,SHIP_V_1504,1.653333333333333,9787.5,9442.35,Active,Verified,0.0353,0.2197323371959181
SHIP_V_1166,sdv-id-ywbaLY,Raw Jute,309,5.0,1751,GHOST_VESSEL_X,60.8,21887.5,0.0,Disconnected,No_Record,1.0,0.866733672058525
SHIP_V_1050,sdv-id-YmgPMS,Ready-made Garments,126,8.5,953,SHIP_V_1050,13.823529411764708,11912.5,11540.75,Active,Verified,0.0312,0.231900065861897
SHIP_V_1530,sdv-id-HfFtHg,Smartphones,1278,300.0,1286,SHIP_V_1530,3.26,16075.0,15435.58,Active,Verified,0.0398,0.1261136957794702
SHIP_V_1863,sdv-id-aUtLxL,Smartphones,457,300.0,1106,SHIP_V_1863,0.5233333333333333,13825.0,13683.78,Active,Verified,0.0102,0.1349700744332089
SHIP_V_1212,sdv-id-sHKxhd,Smartphones,857,300.0,290,SHIP_V_1212,1.856666666666667,3625.0,3447.87,Active,Verified,0.0489,0.1412420961557695
SHIP_V_1198,sdv-id-aJMeij,Smartphones,837,300.0,1205,SHIP_V_1198,1.79,15062.5,14807.92,Active,Verified,0.0169,0.2479877489085608
SHIP_V_1215,sdv-id-mFxLli,Industrial Chemicals,1447,50.0,601,SHIP_V_1215,27.94,7512.5,7315.85,Active,Verified,0.0262,0.2458512677133987
SHIP_V_1128,sdv-id-bbfWNy,Industrial Chemicals,919,50.0,359,SHIP_V_1128,17.38,4487.5,4312.69,Active,Verified,0.039,0.120693313651554
SHIP_V_1005,sdv-id-HMqmDN,Raw Jute,354,5.0,1197,GHOST_VESSEL_X,69.8,14962.5,0.0,Disconnected,No_Record,1.0,0.866733672058525
SHIP_V_1507,sdv-id-yBctAh,Solar Panels,335,120.0,1149,SHIP_V_1507,1.7916666666666667,14362.5,14057.19,Active,Verified,0.0213,0.2197417202614845
SHIP_V_1231,sdv-id-TKqeLm,Smartphones,53,300.0,1383,SHIP_V_1231,-0.8233333333333334,17287.5,16842.42,Active,Verified,0.0257,0.2451618886739182
SHIP_V_1477,sdv-id-NEOOka,Ready-made Garments,1277,8.5,847,GHOST_VESSEL_X,149.23529411764707,10587.5,0.0,Disconnected,No_Record,1.0,0.866733672058525
SHIP_V_1681,sdv-id-RknAlU,Industrial Chemicals,591,50.0,1065,SHIP_V_1681,10.82,13312.5,13133.7,Active,Verified,0.0134,0.1893585081907496
SHIP_V_1456,sdv-id-PIfMVp,Ready-made Garments,480,8.5,1827,GHOST_VESSEL_X,55.47058823529411,22837.5,0.0,Disconnected,No_Record,1.0,0.866733672058525
SHIP_V_1917,sdv-id-EmXIwk,Smartphones,662,300.0,1322,SHIP_V_1917,1.2066666666666668,16525.0,16009.41,Active,Verified,0.0312,0.206843108408486
SHIP_V_1270,sdv-id-sCnbnh,Ready-made Garments,1563,8.5,360,GHOST_VESSEL_X,182.8823529411765,4500.0,0.0,Disconnected,No_Record,1.0,0.866733672058525
SHIP_V_1285,sdv-id-agstDl,Raw Jute,196,5.0,1223,SHIP_V_1285,38.2,15287.5,14612.41,Active,Verified,0.0442,0.1523480677395369
SHIP_V_1219,sdv-id-bJzLbu,Ready-made Garments,816,8.5,1439,GHOST_VESSEL_X,95.0,17987.5,0.0,Disconnected,No_Record,1.0,0.866733672058525
SHIP_V_1609,sdv-id-ZGDGOA,Solar Panels,887,120.0,1302,SHIP_V_1609,6.391666666666667,16275.0,15508.45,Active,Verified,0.0471,0.2049958457415967
SHIP_V_1416,sdv-id-WuxJKx,Smartphones,43,300.0,299,SHIP_V_1416,-0.8566666666666667,3737.5,3694.89,Active,Verified,0.0114,0.2198853970863785
SHIP_V_1271,sdv-id-YvRwxj,Ready-made Garments,351,8.5,391,SHIP_V_1271,40.294117647058826,4887.5,4706.71,Active,Verified,0.037,0.1083390952098939
SHIP_V_1172,sdv-id-UKACFs,Industrial Chemicals,1048,50.0,1187,SHIP_V_1172,19.96,14837.5,14640.57,Active,Verified,0.0133,0.1159165844882256
SHIP_V_1453,sdv-id-JbKfQi,Smartphones,1107,300.0,497,SHIP_V_1453,2.69,6212.5,6117.71,Active,Verified,0.0153,0.155996114933305
SHIP_V_1325,sdv-id-RqUUqM,Ready-made Garments,2240,8.5,175,GHOST_VESSEL_X,262.52941176470586,2187.5,0.0,Disconnected,No_Record,1.0,0.866733672058525
SHIP_V_1054,sdv-id-xNrXDK,Industrial Chemicals,451,50.0,696,SHIP_V_1054,8.02,8700.0,8532.68,Active,Verified,0.0192,0.1532422808018525
SHIP_V_1399,sdv-id-aEcxzb,Raw Jute,1251,5.0,1750,GHOST_VESSEL_X,249.2,21875.0,0.0,Disconnected,No_Record,1.0,0.866733672058525
SHIP_V_1186,sdv-id-UtaJmU,Smartphones,751,300.0,1138,SHIP_V_1186,1.5033333333333334,14225.0,13991.66,Active,Verified,0.0164,0.12954449897287
SHIP_V_1489,sdv-id-hwcgtL,Industrial Chemicals,1993,50.0,377,SHIP_V_1489,38.86,4712.5,4657.21,Active,Verified,0.0117,0.1893242513331419
SHIP_V_1545,sdv-id-SsqnIf,Smartphones,139,300.0,1661,SHIP_V_1545,-0.5366666666666666,20762.5,20271.86,Active,Verified,0.0236,0.126479959094598
SHIP_V_1547,sdv-id-inqxsq,Raw Jute,326,5.0,1891,GHOST_VESSEL_X,64.2,23637.5,0.0,Disconnected,No_Record,1.0,0.866733672058525
SHIP_V_1349,sdv-id-XSviyE,Solar Panels,139,120.0,1791,SHIP_V_1349,0.1583333333333333,22387.5,22026.79,Active,Verified,0.0161,0.1484843873733381
SHIP_V_1521,sdv-id-gRtzqb,Smartphones,127,300.0,1258,SHIP_V_1521,-0.5766666666666667,15725.0,15079.93,Active,Verified,0.041,0.1660145898119686
SHIP_V_1635,sdv-id-BXsaXP,Raw Jute,608,5.0,914,GHOST_VESSEL_X,120.6,11425.0,0.0,Disconnected,No_Record,1.0,0.866733672058525
SHIP_V_1610,sdv-id-SnUfKo,Raw Jute,755,5.0,1963,GHOST_VESSEL_X,150.0,24537.5,0.0,Disconnected,No_Record,1.0,0.866733672058525
SHIP_V_1965,sdv-id-yOKdeI,Industrial Chemicals,316,50.0,685,SHIP_V_1965,5.32,8562.5,8274.48,Active,Verified,0.0336,0.1452014185491114
SHIP_V_1897,sdv-id-fDExOr,Ready-made Garments,1924,8.5,246,GHOST_VESSEL_X,225.35294117647055,3075.0,0.0,Disconnected,No_Record,1.0,0.866733672058525
SHIP_V_1854,sdv-id-yMGoZF,Smartphones,1464,300.0,266,SHIP_V_1854,3.88,3325.0,3269.29,Active,Verified,0.0168,0.1585688289016985
SHIP_V_1088,sdv-id-isIFmd,Smartphones,161,300.0,799,SHIP_V_1088,-0.4633333333333333,9987.5,9498.3,Active,Verified,0.049,0.2089967661064225
SHIP_V_1446,sdv-id-FMrZJS,Smartphones,63,300.0,1261,SHIP_V_1446,-0.79,15762.5,15409.87,Active,Verified,0.0224,0.2482380283152203
SHIP_V_1532,sdv-id-LORXQz,Industrial Chemicals,2158,50.0,1238,SHIP_V_1532,42.16,15475.0,15153.26,Active,Verified,0.0208,0.1856871150269519
SHIP_V_1077,sdv-id-OVtSbV,Industrial Chemicals,393,50.0,421,SHIP_V_1077,6.86,5262.5,5128.12,Active,Verified,0.0255,0.2284582283594873
SHIP_V_1819,sdv-id-jUJRIn,Industrial Chemicals,2221,50.0,301,SHIP_V_1819,43.42,3762.5,3616.99,Active,Verified,0.0387,0.2436890572267071
SHIP_V_1265,sdv-id-WIiZDL,Ready-made Garments,448,8.5,1820,SHIP_V_1265,51.705882352941174,22750.0,21933.37,Active,Verified,0.0359,0.2009877252422159
SHIP_V_1082,sdv-id-ilqnHr,Ready-made Garments,527,8.5,890,GHOST_VESSEL_X,61.0,11125.0,0.0,Disconnected,No_Record,1.0,0.866733672058525
SHIP_V_1233,sdv-id-auBVBR,Industrial Chemicals,924,50.0,797,SHIP_V_1233,17.48,9962.5,9588.8,Active,Verified,0.0375,0.2143952632811883
SHIP_V_1840,sdv-id-SwQMjG,Solar Panels,845,120.0,521,SHIP_V_1840,6.041666666666667,6512.5,6282.78,Active,Verified,0.0353,0.1042322458452068
SHIP_V_1391,sdv-id-RCkxRg,Smartphones,194,300.0,176,SHIP_V_1391,-0.3533333333333333,2200.0,2173.62,Active,Verified,0.012,0.2499811531596793
SHIP_V_1338,sdv-id-svYOJr,Ready-made Garments,401,8.5,1107,SHIP_V_1338,46.1764705882353,13837.5,13330.95,Active,Verified,0.0366,0.1622406449783232
SHIP_V_1265,sdv-id-ivygQg,Ready-made Garments,1862,8.5,1031,GHOST_VESSEL_X,218.05882352941177,12887.5,0.0,Disconnected,No_Record,1.0,0.866733672058525
SHIP_V_1116,sdv-id-RvvHzz,Smartphones,683,300.0,1918,SHIP_V_1116,1.2766666666666666,23975.0,23475.53,Active,Verified,0.0208,0.2181675470410754
SHIP_V_1839,sdv-id-WJkBxE,Solar Panels,62,120.0,1142,SHIP_V_1839,-0.4833333333333333,14275.0,14026.0,Active,Verified,0.0174,0.1045686641035149
SHIP_V_1798,sdv-id-FMIlHE,Smartphones,484,300.0,1046,SHIP_V_1798,0.6133333333333333,13075.0,12538.61,Active,Verified,0.041,0.103059267163922
SHIP_V_1319,sdv-id-xNQZFS,Smartphones,101,300.0,517,SHIP_V_1319,-0.6633333333333333,6462.5,6345.35,Active,Verified,0.0181,0.1669301096649083
SHIP_V_1943,sdv-id-UKKpVe,Raw Jute,798,5.0,159,GHOST_VESSEL_X,158.6,1987.5,0.0,Disconnected,No_Record,1.0,0.866733672058525
SHIP_V_1349,sdv-id-AgAQHG,Solar Panels,139,120.0,1844,SHIP_V_1349,0.1583333333333333,23050.0,22401.86,Active,Verified,0.0281,0.1439751313263001
SHIP_V_1132,sdv-id-DZCQbD,Solar Panels,1269,120.0,658,SHIP_V_1132,9.575,8225.0,7912.84,Active,Verified,0.038,0.1930288812993181
SHIP_V_1284,sdv-id-IZqYJI,Smartphones,608,300.0,655,SHIP_V_1284,1.0266666666666666,8187.5,7807.18,Active,Verified,0.0465,0.1352296865925881
SHIP_V_1308,sdv-id-ovglxJ,Ready-made Garments,931,8.5,1706,GHOST_VESSEL_X,108.52941176470588,21325.0,0.0,Disconnected,No_Record,1.0,0.866733672058525
SHIP_V_1508,sdv-id-YrGfwt,Industrial Chemicals,1537,50.0,668,SHIP_V_1508,29.74,8350.0,8070.71,Active,Verified,0.0334,0.1664419461345631
SHIP_V_1031,sdv-id-kdNDMg,Raw Jute,435,5.0,1611,GHOST_VESSEL_X,86.0,20137.5,0.0,Disconnected,No_Record,1.0,0.866733672058525
SHIP_V_1306,sdv-id-ZewfMJ,Solar Panels,1430,120.0,939,SHIP_V_1306,10.916666666666666,11737.5,11448.23,Active,Verified,0.0246,0.1440313487883557
SHIP_V_1307,sdv-id-JfAquu,Ready-made Garments,1545,8.5,807,GHOST_VESSEL_X,180.76470588235293,10087.5,0.0,Disconnected,No_Record,1.0,0.866733672058525
SHIP_V_1173,sdv-id-BdcvyO,Smartphones,498,300.0,160,SHIP_V_1173,0.66,2000.0,1905.63,Active,Verified,0.0472,0.1339663234218733
SHIP_V_1073,sdv-id-LoQfRw,Smartphones,2031,300.0,1529,SHIP_V_1073,5.77,19112.5,18627.48,Active,Verified,0.0254,0.1216107578528433
SHIP_V_1871,sdv-id-IsGskT,Industrial Chemicals,957,50.0,188,SHIP_V_1871,18.14,2350.0,2286.67,Active,Verified,0.0269,0.2077765180629653
SHIP_V_1951,sdv-id-BCmuUP,Industrial Chemicals,401,50.0,1839,SHIP_V_1951,7.02,22987.5,21948.73,Active,Verified,0.0452,0.2352568177791346
SHIP_V_1574,sdv-id-WeNnpC,Solar Panels,1219,120.0,1109,SHIP_V_1574,9.158333333333331,13862.5,13180.31,Active,Verified,0.0492,0.2033756877473383
SHIP_V_1289,sdv-id-EdRRmQ,Smartphones,1327,300.0,628,SHIP_V_1289,3.4233333333333333,7850.0,7483.0,Active,Verified,0.0468,0.1656171708591776
SHIP_V_1725,sdv-id-oKTFSL,Smartphones,633,300.0,655,SHIP_V_1725,1.11,8187.5,7977.93,Active,Verified,0.0256,0.1701501299947248
SHIP_V_1039,sdv-id-sNepGL,Industrial Chemicals,1522,50.0,950,SHIP_V_1039,29.44,11875.0,11515.24,Active,Verified,0.0303,0.2245077660713562
SHIP_V_1868,sdv-id-fJuLrJ,Industrial Chemicals,794,50.0,1669,SHIP_V_1868,14.88,20862.5,20409.46,Active,Verified,0.0217,0.1188231416593933
SHIP_V_1625,sdv-id-RRZjEg,Solar Panels,252,120.0,840,SHIP_V_1625,1.1,10500.0,10019.63,Active,Verified,0.0457,0.2055194651180626
SHIP_V_1285,sdv-id-lOYkup,Solar Panels,1530,120.0,850,SHIP_V_1285,11.75,10625.0,10473.83,Active,Verified,0.0142,0.1622314255613224
SHIP_V_1761,sdv-id-oAKtFS,Solar Panels,993,120.0,387,SHIP_V_1761,7.275,4837.5,4723.57,Active,Verified,0.0236,0.1419193904819685
SHIP_V_1790,sdv-id-qMOftk,Ready-made Garments,95,8.5,1695,SHIP_V_1790,10.176470588235292,21187.5,20187.71,Active,Verified,0.0472,0.2100424335895954
SHIP_V_1993,sdv-id-tPQSHK,Industrial Chemicals,1376,50.0,272,SHIP_V_1993,26.52,3400.0,3326.51,Active,Verified,0.0216,0.22759109992048
SHIP_V_1105,sdv-id-TEMmFR,Industrial Chemicals,613,50.0,1300,SHIP_V_1105,11.26,16250.0,15708.0,Active,Verified,0.0334,0.2160552635297156
SHIP_V_1069,sdv-id-KIieHl,Smartphones,800,300.0,1100,SHIP_V_1069,1.6666666666666667,13750.0,13327.46,Active,Verified,0.0307,0.1061528455846481
SHIP_V_1619,sdv-id-FIjhbH,Solar Panels,1039,120.0,1296,SHIP_V_1619,7.658333333333333,16200.0,15634.23,Active,Verified,0.0349,0.2465425222796153
SHIP_V_1460,sdv-id-UceQUV,Solar Panels,2283,120.0,328,SHIP_V_1460,18.025,4100.0,4005.11,Active,Verified,0.0231,0.2255350221361895
SHIP_V_1778,sdv-id-BVSAFo,Industrial Chemicals,1334,50.0,257,SHIP_V_1778,25.68,3212.5,3088.08,Active,Verified,0.0387,0.2455508236523384
SHIP_V_1279,sdv-id-gggOri,Smartphones,284,300.0,822,SHIP_V_1279,-0.0533333333333333,10275.0,9972.13,Active,Verified,0.0295,0.1352874474622499
SHIP_V_1690,sdv-id-vwogBA,Industrial Chemicals,759,50.0,1818,SHIP_V_1690,14.18,22725.0,22346.98,Active,Verified,0.0166,0.1053520983416319
SHIP_V_1443,sdv-id-eYzfbR,Ready-made Garments,1067,8.5,769,GHOST_VESSEL_X,124.52941176470588,9612.5,0.0,Disconnected,No_Record,1.0,0.866733672058525
SHIP_V_1228,sdv-id-WNMpSG,Solar Panels,822,120.0,447,SHIP_V_1228,5.85,5587.5,5430.87,Active,Verified,0.028,0.2369707661537775
SHIP_V_1646,sdv-id-FfyByo,Raw Jute,1024,5.0,1896,GHOST_VESSEL_X,203.8,23700.0,0.0,Disconnected,No_Record,1.0,0.866733672058525
SHIP_V_1032,sdv-id-SbLUNd,Raw Jute,47,5.0,406,SHIP_V_1032,8.4,5075.0,4856.59,Active,Verified,0.043,0.1765181993678617
SHIP_V_1583,sdv-id-wUjtlL,Raw Jute,593,5.0,1984,GHOST_VESSEL_X,117.6,24800.0,0.0,Disconnected,No_Record,1.0,0.866733672058525
SHIP_V_1123,sdv-id-hQeUTZ,Industrial Chemicals,556,50.0,1334,SHIP_V_1123,10.12,16675.0,16331.55,Active,Verified,0.0206,0.1871301257744878
SHIP_V_1603,sdv-id-UlIXNB,Industrial Chemicals,848,50.0,681,SHIP_V_1603,15.96,8512.5,8300.87,Active,Verified,0.0249,0.1532723037632823
SHIP_V_1388,sdv-id-BTLArD,Industrial Chemicals,1002,50.0,792,SHIP_V_1388,19.04,9900.0,9614.99,Active,Verified,0.0288,0.2422231534350761
SHIP_V_1199,sdv-id-Zkadza,Solar Panels,566,120.0,1457,SHIP_V_1199,3.716666666666667,18212.5,17665.78,Active,Verified,0.03,0.182054633403385
SHIP_V_1129,sdv-id-EccnPu,Ready-made Garments,2140,8.5,1156,GHOST_VESSEL_X,250.76470588235293,14450.0,0.0,Disconnected,No_Record,1.0,0.866733672058525
SHIP_V_1872,sdv-id-HTctnQ,Solar Panels,183,120.0,1380,SHIP_V_1872,0.525,17250.0,16761.17,Active,Verified,0.0283,0.2311513957257064
SHIP_V_1185,sdv-id-YLAMjE,Ready-made Garments,306,8.5,122,SHIP_V_1185,35.0,1525.0,1481.7,Active,Verified,0.0284,0.1202322311414079
SHIP_V_1096,sdv-id-gzpdkV,Smartphones,1312,300.0,402,SHIP_V_1096,3.3733333333333335,5025.0,4782.7,Active,Verified,0.0482,0.1962138469699573
SHIP_V_1279,sdv-id-fcGaMq,Ready-made Garments,1405,8.5,1307,GHOST_VESSEL_X,164.2941176470588,16337.5,0.0,Disconnected,No_Record,1.0,0.866733672058525
SHIP_V_1517,sdv-id-ERadia,Raw Jute,1485,5.0,1479,GHOST_VESSEL_X,296.0,18487.5,0.0,Disconnected,No_Record,1.0,0.866733672058525
SHIP_V_1827,sdv-id-PoZHJR,Industrial Chemicals,735,50.0,1139,SHIP_V_1827,13.7,14237.5,13933.06,Active,Verified,0.0214,0.1060375977012598
SHIP_V_1562,sdv-id-KPEuTl,Smartphones,781,300.0,407,SHIP_V_1562,1.6033333333333333,5087.5,4993.54,Active,Verified,0.0185,0.1266093139026716
SHIP_V_1733,sdv-id-qYsROB,Ready-made Garments,931,8.5,1118,GHOST_VESSEL_X,108.52941176470588,13975.0,0.0,Disconnected,No_Record,1.0,0.866733672058525
SHIP_V_1541,sdv-id-snGkcu,Solar Panels,379,120.0,1131,SHIP_V_1541,2.158333333333333,14137.5,13506.84,Active,Verified,0.0446,0.2171434667037658
SHIP_V_1150,sdv-id-FPmYsN,Industrial Chemicals,809,50.0,405,SHIP_V_1150,15.18,5062.5,4909.17,Active,Verified,0.0303,0.1503806562462086
SHIP_V_1123,sdv-id-ACVWuH,Ready-made Garments,1251,8.5,755,GHOST_VESSEL_X,146.1764705882353,9437.5,0.0,Disconnected,No_Record,1.0,0.866733672058525
SHIP_V_1920,sdv-id-uwjfTF,Industrial Chemicals,1168,50.0,610,SHIP_V_1920,22.36,7625.0,7505.47,Active,Verified,0.0157,0.2478560670720029
SHIP_V_1909,sdv-id-FrqPvH,Industrial Chemicals,196,50.0,393,SHIP_V_1909,2.92,4912.5,4795.54,Active,Verified,0.0238,0.2245136521099203
SHIP_V_1013,sdv-id-URCLvn,Ready-made Garments,290,8.5,1778,SHIP_V_1013,33.11764705882353,22225.0,21476.06,Active,Verified,0.0337,0.2458045696815581
SHIP_V_1710,sdv-id-QaiyOg,Smartphones,2034,300.0,867,SHIP_V_1710,5.78,10837.5,10401.12,Active,Verified,0.0403,0.1404184902800703
SHIP_V_1347,sdv-id-MYUTdo,Ready-made Garments,57,8.5,902,SHIP_V_1347,5.705882352941177,11275.0,11078.32,Active,Verified,0.0174,0.1333790327392516
SHIP_V_1629,sdv-id-GrmHqE,Raw Jute,1686,5.0,219,GHOST_VESSEL_X,336.2,2737.5,0.0,Disconnected,No_Record,1.0,0.866733672058525
SHIP_V_1673,sdv-id-RpBjam,Solar Panels,670,120.0,1097,SHIP_V_1673,4.583333333333333,13712.5,13478.63,Active,Verified,0.0171,0.2062768404004139
SHIP_V_1278,sdv-id-IPXcrz,Smartphones,456,300.0,479,SHIP_V_1278,0.52,5987.5,5797.72,Active,Verified,0.0317,0.2311495910832156
SHIP_V_1869,sdv-id-UPlndN,Industrial Chemicals,983,50.0,507,SHIP_V_1869,18.66,6337.5,6101.13,Active,Verified,0.0373,0.1316062849237604
SHIP_V_1997,sdv-id-LnRbIQ,Industrial Chemicals,1126,50.0,1073,SHIP_V_1997,21.52,13412.5,13228.25,Active,Verified,0.0137,0.2431638817714472
SHIP_V_1262,sdv-id-xQPpge,Raw Jute,1943,5.0,834,GHOST_VESSEL_X,387.6,10425.0,0.0,Disconnected,No_Record,1.0,0.866733672058525
SHIP_V_1228,sdv-id-SABCSE,Industrial Chemicals,2570,50.0,1184,SHIP_V_1228,50.4,14800.0,14495.69,Active,Verified,0.0206,0.212857778470408
SHIP_V_1314,sdv-id-IXzHBC,Solar Panels,48,120.0,920,SHIP_V_1314,-0.6,11500.0,11310.17,Active,Verified,0.0165,0.1210703002094418
SHIP_V_1019,sdv-id-tGSPQP,Raw Jute,370,5.0,1342,GHOST_VESSEL_X,73.0,16775.0,0.0,Disconnected,No_Record,1.0,0.866733672058525
SHIP_V_1868,sdv-id-NvRqRz,Smartphones,611,300.0,661,SHIP_V_1868,1.0366666666666666,8262.5,7941.43,Active,Verified,0.0389,0.2403832724885972
SHIP_V_1322,sdv-id-rRugvj,Industrial Chemicals,396,50.0,1306,SHIP_V_1322,6.92,16325.0,16004.58,Active,Verified,0.0196,0.1648752980114787
SHIP_V_1086,sdv-id-NtfCUo,Smartphones,1337,300.0,401,SHIP_V_1086,3.4566666666666666,5012.5,4827.91,Active,Verified,0.0368,0.1213708004887255
SHIP_V_1843,sdv-id-nIBQAM,Solar Panels,1064,120.0,524,SHIP_V_1843,7.866666666666666,6550.0,6399.72,Active,Verified,0.0229,0.163941544107235
SHIP_V_1892,sdv-id-IAAzrU,Industrial Chemicals,87,50.0,1067,SHIP_V_1892,0.74,13337.5,12697.76,Active,Verified,0.048,0.1735895980747747
SHIP_V_1986,sdv-id-Iwwwfz,Smartphones,498,300.0,1137,SHIP_V_1986,0.66,14212.5,13981.25,Active,Verified,0.0163,0.1816049736178473
SHIP_V_1626,sdv-id-mcsdCv,Smartphones,1761,300.0,422,SHIP_V_1626,4.87,5275.0,5122.16,Active,Verified,0.029,0.199106003188577
SHIP_V_1421,sdv-id-NHKAKX,Solar Panels,219,120.0,1639,SHIP_V_1421,0.825,20487.5,19555.34,Active,Verified,0.0455,0.1903010202559765
SHIP_V_1324,sdv-id-YnzoeO,Smartphones,140,300.0,753,SHIP_V_1324,-0.5333333333333333,9412.5,9164.73,Active,Verified,0.0263,0.1807667646266894
SHIP_V_1875,sdv-id-JWFVgZ,Ready-made Garments,743,8.5,910,GHOST_VESSEL_X,86.41176470588235,11375.0,0.0,Disconnected,No_Record,1.0,0.866733672058525
SHIP_V_1868,sdv-id-BkaqgO,Solar Panels,1015,120.0,501,SHIP_V_1868,7.458333333333333,6262.5,6023.39,Active,Verified,0.0382,0.1812677786075839
SHIP_V_1473,sdv-id-SysOsH,Ready-made Garments,1936,8.5,781,GHOST_VESSEL_X,226.76470588235293,9762.5,0.0,Disconnected,No_Record,1.0,0.866733672058525
SHIP_V_1950,sdv-id-CFSBMU,Industrial Chemicals,1022,50.0,1689,SHIP_V_1950,19.44,21112.5,20813.36,Active,Verified,0.0142,0.1284382811163462
SHIP_V_1448,sdv-id-JnadmU,Ready-made Garments,638,8.5,1232,GHOST_VESSEL_X,74.05882352941177,15400.0,0.0,Disconnected,No_Record,1.0,0.866733672058525
SHIP_V_1803,sdv-id-juqQLs,Industrial Chemicals,1591,50.0,1103,SHIP_V_1803,30.82,13787.5,13160.49,Active,Verified,0.0455,0.2362068362654016
SHIP_V_1991,sdv-id-hxqhPW,Industrial Chemicals,659,50.0,217,SHIP_V_1991,12.18,2712.5,2600.54,Active,Verified,0.0413,0.1039281531775679
SHIP_V_1440,sdv-id-kcrVrj,Ready-made Garments,270,8.5,171,SHIP_V_1440,30.764705882352946,2137.5,2113.94,Active,Verified,0.011,0.1042370098351605
SHIP_V_1362,sdv-id-NHxMZF,Industrial Chemicals,1584,50.0,1069,SHIP_V_1362,30.68,13362.5,13015.25,Active,Verified,0.026,0.1413394601274281
SHIP_V_1870,sdv-id-IyBWlh,Industrial Chemicals,470,50.0,1848,SHIP_V_1870,8.4,23100.0,22214.32,Active,Verified,0.0383,0.185326627196619
SHIP_V_1608,sdv-id-DiXcmR,Ready-made Garments,794,8.5,616,GHOST_VESSEL_X,92.41176470588236,7700.0,0.0,Disconnected,No_Record,1.0,0.866733672058525
SHIP_V_1190,sdv-id-IQoBVP,Smartphones,224,300.0,547,SHIP_V_1190,-0.2533333333333333,6837.5,6719.6,Active,Verified,0.0172,0.1728245918544073
SHIP_V_1656,sdv-id-zepoRy,Smartphones,39,300.0,1580,SHIP_V_1656,-0.87,19750.0,19152.26,Active,Verified,0.0303,0.2131443038353709
SHIP_V_1522,sdv-id-lkXhwA,Smartphones,558,300.0,203,SHIP_V_1522,0.86,2537.5,2471.28,Active,Verified,0.0261,0.2163222973327685
SHIP_V_1656,sdv-id-caHiaB,Smartphones,1126,300.0,202,SHIP_V_1656,2.7533333333333334,2525.0,2429.96,Active,Verified,0.0376,0.1092377173535697
SHIP_V_1442,sdv-id-DMcAeL,Solar Panels,907,120.0,191,SHIP_V_1442,6.558333333333334,2387.5,2302.68,Active,Verified,0.0355,0.2207350861081442
SHIP_V_1870,sdv-id-XXflXo,Industrial Chemicals,733,50.0,275,SHIP_V_1870,13.66,3437.5,3355.06,Active,Verified,0.024,0.1886157002760584
SHIP_V_1216,sdv-id-rSWEIq,Industrial Chemicals,970,50.0,688,SHIP_V_1216,18.4,8600.0,8480.36,Active,Verified,0.0139,0.2319835603664667
SHIP_V_1324,sdv-id-wqNdna,Ready-made Garments,633,8.5,109,GHOST_VESSEL_X,73.47058823529412,1362.5,0.0,Disconnected,No_Record,1.0,0.866733672058525
SHIP_V_1699,sdv-id-KUQMPi,Ready-made Garments,1235,8.5,746,GHOST_VESSEL_X,144.2941176470588,9325.0,0.0,Disconnected,No_Record,1.0,0.866733672058525
SHIP_V_1500,sdv-id-uokJND,Ready-made Garments,676,8.5,1496,GHOST_VESSEL_X,78.52941176470588,18700.0,0.0,Disconnected,No_Record,1.0,0.866733672058525
SHIP_V_1382,sdv-id-HcNejr,Industrial Chemicals,749,50.0,144,SHIP_V_1382,13.98,1800.0,1713.75,Active,Verified,0.0479,0.2087161380843269
SHIP_V_1980,sdv-id-mFNSUb,Raw Jute,2170,5.0,506,GHOST_VESSEL_X,433.0,6325.0,0.0,Disconnected,No_Record,1.0,0.866733672058525
SHIP_V_1150,sdv-id-cWCioI,Smartphones,902,300.0,1462,SHIP_V_1150,2.006666666666667,18275.0,17734.01,Active,Verified,0.0296,0.1873318394806202
SHIP_V_1234,sdv-id-zDTtFF,Smartphones,411,300.0,1976,SHIP_V_1234,0.37,24700.0,23981.99,Active,Verified,0.0291,0.2186878444237428
SHIP_V_1114,sdv-id-QzZTyG,Solar Panels,1274,120.0,1962,SHIP_V_1114,9.616666666666667,24525.0,23839.17,Active,Verified,0.028,0.1880008734456456
SHIP_V_1985,sdv-id-Etvtns,Industrial Chemicals,1576,50.0,1345,SHIP_V_1985,30.52,16812.5,16032.72,Active,Verified,0.0464,0.1250848417107345
SHIP_V_1746,sdv-id-hkyNMp,Smartphones,314,300.0,1833,SHIP_V_1746,0.0466666666666666,22912.5,22205.18,Active,Verified,0.0309,0.1047481997617309
SHIP_V_1218,sdv-id-mDOGXH,Solar Panels,394,120.0,117,SHIP_V_1218,2.283333333333333,1462.5,1443.16,Active,Verified,0.0132,0.2468558518620766
SHIP_V_1582,sdv-id-Tknjkf,Smartphones,143,300.0,982,SHIP_V_1582,-0.5233333333333333,12275.0,11964.31,Active,Verified,0.0253,0.1351131494745162
SHIP_V_1517,sdv-id-yuYYeG,Ready-made Garments,2202,8.5,1282,GHOST_VESSEL_X,258.05882352941177,16025.0,0.0,Disconnected,No_Record,1.0,0.866733672058525
SHIP_V_1854,sdv-id-GaGCOD,Raw Jute,290,5.0,1771,GHOST_VESSEL_X,57.0,22137.5,0.0,Disconnected,No_Record,1.0,0.866733672058525
SHIP_V_1573,sdv-id-ZiQZxm,Smartphones,1741,300.0,1230,SHIP_V_1573,4.803333333333334,15375.0,14857.88,Active,Verified,0.0336,0.2166367851660327
SHIP_V_1217,sdv-id-LzHstH,Solar Panels,1269,120.0,780,SHIP_V_1217,9.575,9750.0,9614.18,Active,Verified,0.0139,0.1381628829823107
SHIP_V_1348,sdv-id-KUNVIO,Smartphones,1197,300.0,329,SHIP_V_1348,2.99,4112.5,4028.34,Active,Verified,0.0205,0.1395635410340772
SHIP_V_1929,sdv-id-cyqLof,Industrial Chemicals,262,50.0,1668,SHIP_V_1929,4.24,20850.0,19884.87,Active,Verified,0.0463,0.1219934825302301
SHIP_V_1424,sdv-id-rCOrkB,Ready-made Garments,135,8.5,1772,SHIP_V_1424,14.882352941176473,22150.0,21793.13,Active,Verified,0.0161,0.2442542407785038
SHIP_V_1344,sdv-id-WqlRzN,Industrial Chemicals,2273,50.0,950,SHIP_V_1344,44.46,11875.0,11601.68,Active,Verified,0.023,0.2312304239086035
SHIP_V_1661,sdv-id-WKOObp,Ready-made Garments,1194,8.5,209,GHOST_VESSEL_X,139.47058823529412,2612.5,0.0,Disconnected,No_Record,1.0,0.866733672058525
SHIP_V_1666,sdv-id-GZkTcY,Ready-made Garments,359,8.5,226,SHIP_V_1666,41.23529411764706,2825.0,2746.5,Active,Verified,0.0278,0.1891495201586155
SHIP_V_1827,sdv-id-gIbYMS,Smartphones,159,300.0,1067,SHIP_V_1827,-0.47,13337.5,13198.36,Active,Verified,0.0104,0.1625454939680767
SHIP_V_1460,sdv-id-TupatC,Smartphones,423,300.0,527,SHIP_V_1460,0.41,6587.5,6259.64,Active,Verified,0.0498,0.2437962859869155
SHIP_V_1675,sdv-id-DlqDLp,Solar Panels,757,120.0,1401,SHIP_V_1675,5.308333333333334,17512.5,16764.03,Active,Verified,0.0427,0.1541893505719724
SHIP_V_1804,sdv-id-zsKWPk,Solar Panels,404,120.0,1900,SHIP_V_1804,2.3666666666666667,23750.0,22673.3,Active,Verified,0.0453,0.2000910499866828
SHIP_V_1127,sdv-id-wbcGPt,Solar Panels,66,120.0,1654,SHIP_V_1127,-0.45,20675.0,20012.22,Active,Verified,0.0321,0.2168189311907126
SHIP_V_1121,sdv-id-WPlOQY,Solar Panels,328,120.0,500,SHIP_V_1121,1.7333333333333334,6250.0,6001.18,Active,Verified,0.0398,0.2028066683810218
SHIP_V_1181,sdv-id-ifaveg,Smartphones,753,300.0,1518,SHIP_V_1181,1.51,18975.0,18490.19,Active,Verified,0.0255,0.232426861160815
SHIP_V_1720,sdv-id-MDPSLE,Raw Jute,126,5.0,194,SHIP_V_1720,24.2,2425.0,2393.21,Active,Verified,0.0131,0.2032567609309844
SHIP_V_1108,sdv-id-NTxEUG,Raw Jute,556,5.0,602,GHOST_VESSEL_X,110.2,7525.0,0.0,Disconnected,No_Record,1.0,0.866733672058525
SHIP_V_1048,sdv-id-fNibYy,Ready-made Garments,91,8.5,1250,SHIP_V_1048,9.705882352941176,15625.0,15233.31,Active,Verified,0.0251,0.1923109966667636
SHIP_V_1230,sdv-id-zksIVJ,Smartphones,190,300.0,1092,SHIP_V_1230,-0.3666666666666666,13650.0,12998.61,Active,Verified,0.0477,0.2366179205758239
SHIP_V_1151,sdv-id-uQVluE,Solar Panels,99,120.0,1302,SHIP_V_1151,-0.175,16275.0,15556.83,Active,Verified,0.0441,0.226852486941668
SHIP_V_1109,sdv-id-OOaJKZ,Raw Jute,835,5.0,405,GHOST_VESSEL_X,166.0,5062.5,0.0,Disconnected,No_Record,1.0,0.866733672058525
SHIP_V_1818,sdv-id-KRFMAO,Raw Jute,491,5.0,1576,GHOST_VESSEL_X,97.2,19700.0,0.0,Disconnected,No_Record,1.0,0.866733672058525
SHIP_V_1220,sdv-id-UvtECl,Solar Panels,31,120.0,811,SHIP_V_1220,-0.7416666666666667,10137.5,9944.37,Active,Verified,0.0191,0.16279564378225
SHIP_V_1519,sdv-id-mhAdgr,Raw Jute,213,5.0,1329,SHIP_V_1519,41.6,16612.5,16031.23,Active,Verified,0.035,0.2247189790656767
SHIP_V_1952,sdv-id-YQHMgH,Ready-made Garments,857,8.5,744,GHOST_VESSEL_X,99.82352941176472,9300.0,0.0,Disconnected,No_Record,1.0,0.866733672058525
SHIP_V_1522,sdv-id-aQUbDA,Solar Panels,469,120.0,460,SHIP_V_1522,2.908333333333333,5750.0,5547.97,Active,Verified,0.0351,0.170757131013395
SHIP_V_1396,sdv-id-wqoPWl,Smartphones,692,300.0,114,SHIP_V_1396,1.3066666666666666,1425.0,1359.83,Active,Verified,0.0457,0.2302979732850626
SHIP_V_1704,sdv-id-gCUhQW,Smartphones,429,300.0,1460,SHIP_V_1704,0.43,18250.0,17823.05,Active,Verified,0.0234,0.1273854654852718
SHIP_V_1905,sdv-id-TNClge,Smartphones,222,300.0,1300,SHIP_V_1905,-0.26,16250.0,15921.9,Active,Verified,0.0202,0.2093778543318616
SHIP_V_1198,sdv-id-rzwhKD,Raw Jute,1106,5.0,1708,GHOST_VESSEL_X,220.2,21350.0,0.0,Disconnected,No_Record,1.0,0.866733672058525
SHIP_V_1946,sdv-id-NRQchK,Smartphones,44,300.0,1729,SHIP_V_1946,-0.8533333333333334,21612.5,20955.05,Active,Verified,0.0304,0.1162150658224657
SHIP_V_1867,sdv-id-oyVLKl,Industrial Chemicals,925,50.0,612,SHIP_V_1867,17.5,7650.0,7453.06,Active,Verified,0.0257,0.2023574923415682
SHIP_V_1926,sdv-id-gJITZq,Solar Panels,391,120.0,905,SHIP_V_1926,2.2583333333333333,11312.5,11086.11,Active,Verified,0.02,0.1441929948221635
SHIP_V_1175,sdv-id-wfkwFU,Smartphones,199,300.0,1649,SHIP_V_1175,-0.3366666666666666,20612.5,20281.39,Active,Verified,0.0161,0.1516434921158017
SHIP_V_1071,sdv-id-oNILwu,Smartphones,326,300.0,1618,SHIP_V_1071,0.0866666666666666,20225.0,19305.41,Active,Verified,0.0455,0.120784758498911
SHIP_V_1918,sdv-id-DoeRIz,Industrial Chemicals,542,50.0,1870,SHIP_V_1918,9.84,23375.0,22408.02,Active,Verified,0.0414,0.2394913328991584
SHIP_V_1160,sdv-id-wwtoIs,Raw Jute,542,5.0,1157,GHOST_VESSEL_X,107.4,14462.5,0.0,Disconnected,No_Record,1.0,0.866733672058525
SHIP_V_1158,sdv-id-NBDpaX,Solar Panels,130,120.0,1909,SHIP_V_1158,0.0833333333333333,23862.5,23612.51,Active,Verified,0.0105,0.1705133619959437
SHIP_V_1405,sdv-id-bQBxVY,Ready-made Garments,663,8.5,1697,GHOST_VESSEL_X,77.0,21212.5,0.0,Disconnected,No_Record,1.0,0.866733672058525
SHIP_V_1407,sdv-id-HrgRxf,Solar Panels,375,120.0,1976,SHIP_V_1407,2.125,24700.0,24315.19,Active,Verified,0.0156,0.2039953923651283
SHIP_V_1059,sdv-id-ZeqnCi,Industrial Chemicals,491,50.0,1543,SHIP_V_1059,8.82,19287.5,18887.54,Active,Verified,0.0207,0.1150116438383976
SHIP_V_1408,sdv-id-muBOLK,Industrial Chemicals,899,50.0,268,SHIP_V_1408,16.98,3350.0,3201.27,Active,Verified,0.0444,0.1709988746991658
SHIP_V_1127,sdv-id-djftCd,Industrial Chemicals,1695,50.0,343,SHIP_V_1127,32.9,4287.5,4113.41,Active,Verified,0.0406,0.1421986186410272
SHIP_V_1458,sdv-id-NywMdh,Solar Panels,1356,120.0,780,SHIP_V_1458,10.3,9750.0,9397.12,Active,Verified,0.0362,0.2088734504135581
SHIP_V_1578,sdv-id-YwUMEo,Industrial Chemicals,210,50.0,1639,SHIP_V_1578,3.2,20487.5,20234.19,Active,Verified,0.0124,0.2211171820758261
SHIP_V_1649,sdv-id-zVaBxh,Raw Jute,1858,5.0,366,GHOST_VESSEL_X,370.6,4575.0,0.0,Disconnected,No_Record,1.0,0.866733672058525
SHIP_V_1695,sdv-id-AoMOhg,Industrial Chemicals,1147,50.0,333,SHIP_V_1695,21.94,4162.5,4050.12,Active,Verified,0.027,0.1961106990568369
SHIP_V_1391,sdv-id-zNhbcf,Solar Panels,635,120.0,1266,SHIP_V_1391,4.291666666666667,15825.0,15654.74,Active,Verified,0.0108,0.1859716756550944
SHIP_V_1182,sdv-id-GVfJyH,Smartphones,23,300.0,1000,SHIP_V_1182,-0.9233333333333332,12500.0,11974.52,Active,Verified,0.042,0.2456586228789187
SHIP_V_1508,sdv-id-RxAAuP,Industrial Chemicals,641,50.0,802,SHIP_V_1508,11.82,10025.0,9860.43,Active,Verified,0.0164,0.1568023566225978
SHIP_V_1043,sdv-id-Oxqchl,Industrial Chemicals,82,50.0,371,SHIP_V_1043,0.64,4637.5,4457.29,Active,Verified,0.0389,0.2403977783536131
SHIP_V_1799,sdv-id-YOvloW,Industrial Chemicals,695,50.0,1704,SHIP_V_1799,12.9,21300.0,20415.51,Active,Verified,0.0415,0.2474130675732295
SHIP_V_1496,sdv-id-yRiLJE,Ready-made Garments,572,8.5,380,GHOST_VESSEL_X,66.29411764705883,4750.0,0.0,Disconnected,No_Record,1.0,0.866733672058525
SHIP_V_1680,sdv-id-DzMouk,Smartphones,515,300.0,1611,SHIP_V_1680,0.7166666666666667,20137.5,19505.66,Active,Verified,0.0314,0.1720136994084039
SHIP_V_1063,sdv-id-mKYpUD,Smartphones,197,300.0,1294,SHIP_V_1063,-0.3433333333333333,16175.0,15985.62,Active,Verified,0.0117,0.204164413983774
SHIP_V_1525,sdv-id-bmeJWe,Ready-made Garments,174,8.5,1178,SHIP_V_1525,19.470588235294116,14725.0,14035.24,Active,Verified,0.0468,0.1793122371038743
SHIP_V_1704,sdv-id-YXqXRl,Smartphones,393,300.0,1127,SHIP_V_1704,0.31,14087.5,13616.94,Active,Verified,0.0334,0.133798644044232
SHIP_V_1590,sdv-id-nWQhmL,Raw Jute,394,5.0,1099,GHOST_VESSEL_X,77.8,13737.5,0.0,Disconnected,No_Record,1.0,0.866733672058525
SHIP_V_1852,sdv-id-DtKXTF,Raw Jute,443,5.0,1846,GHOST_VESSEL_X,87.6,23075.0,0.0,Disconnected,No_Record,1.0,0.866733672058525
SHIP_V_1092,sdv-id-dRtPID,Ready-made Garments,1102,8.5,308,GHOST_VESSEL_X,128.64705882352942,3850.0,0.0,Disconnected,No_Record,1.0,0.866733672058525
SHIP_V_1416,sdv-id-pqyRKF,Ready-made Garments,1439,8.5,808,GHOST_VESSEL_X,168.2941176470588,10100.0,0.0,Disconnected,No_Record,1.0,0.866733672058525
SHIP_V_1214,sdv-id-aDPpIV,Ready-made Garments,203,8.5,1185,SHIP_V_1214,22.88235294117647,14812.5,14655.59,Active,Verified,0.0106,0.1405880496764953
SHIP_V_1915,sdv-id-nfiUGP,Smartphones,476,300.0,1856,SHIP_V_1915,0.5866666666666667,23200.0,22803.66,Active,Verified,0.0171,0.1644399769557266
SHIP_V_1549,sdv-id-PdJJji,Industrial Chemicals,1634,50.0,1627,SHIP_V_1549,31.68,20337.5,19711.69,Active,Verified,0.0308,0.182687725489246
SHIP_V_1711,sdv-id-qfUmtn,Industrial Chemicals,376,50.0,158,SHIP_V_1711,6.52,1975.0,1939.38,Active,Verified,0.018,0.2200319436222464
SHIP_V_1280,sdv-id-KnZDLa,Industrial Chemicals,543,50.0,1359,SHIP_V_1280,9.86,16987.5,16530.36,Active,Verified,0.0269,0.174073847990621
SHIP_V_1720,sdv-id-UWQsUE,Raw Jute,213,5.0,1435,SHIP_V_1720,41.6,17937.5,17160.53,Active,Verified,0.0433,0.2224559587736836
SHIP_V_1109,sdv-id-WdomfN,Industrial Chemicals,1360,50.0,820,SHIP_V_1109,26.2,10250.0,9785.25,Active,Verified,0.0453,0.1151481455811454
SHIP_V_1453,sdv-id-FEeAzA,Industrial Chemicals,714,50.0,1332,SHIP_V_1453,13.28,16650.0,16222.27,Active,Verified,0.0257,0.1948219553246761
SHIP_V_1622,sdv-id-iBUTKk,Smartphones,165,300.0,688,SHIP_V_1622,-0.45,8600.0,8389.35,Active,Verified,0.0245,0.1248058560388026
SHIP_V_1554,sdv-id-RlAoKS,Smartphones,219,300.0,369,SHIP_V_1554,-0.27,4612.5,4424.85,Active,Verified,0.0407,0.1480718802746164
SHIP_V_1940,sdv-id-VMNKQR,Solar Panels,170,120.0,858,SHIP_V_1940,0.4166666666666667,10725.0,10189.2,Active,Verified,0.05,0.2302607210907256
SHIP_V_1780,sdv-id-cKRMmo,Raw Jute,814,5.0,1941,GHOST_VESSEL_X,161.8,24262.5,0.0,Disconnected,No_Record,1.0,0.866733672058525
SHIP_V_1883,sdv-id-HRlzeA,Ready-made Garments,1292,8.5,819,GHOST_VESSEL_X,151.0,10237.5,0.0,Disconnected,No_Record,1.0,0.866733672058525
SHIP_V_1796,sdv-id-GPcOTk,Raw Jute,685,5.0,1714,GHOST_VESSEL_X,136.0,21425.0,0.0,Disconnected,No_Record,1.0,0.866733672058525
SHIP_V_1621,sdv-id-JIawdp,Raw Jute,1391,5.0,530,GHOST_VESSEL_X,277.2,6625.0,0.0,Disconnected,No_Record,1.0,0.866733672058525
SHIP_V_1245,sdv-id-ijHAvu,Solar Panels,506,120.0,313,SHIP_V_1245,3.216666666666667,3912.5,3833.15,Active,Verified,0.0203,0.1630920761221515
SHIP_V_1760,sdv-id-ifgZJc,Raw Jute,61,5.0,1217,SHIP_V_1760,11.2,15212.5,14566.07,Active,Verified,0.0425,0.1742085501177562
SHIP_V_1014,sdv-id-cMOhCb,Industrial Chemicals,172,50.0,1473,SHIP_V_1014,2.44,18412.5,18150.33,Active,Verified,0.0142,0.209558358068258
SHIP_V_1251,sdv-id-dZIipX,Industrial Chemicals,2212,50.0,536,SHIP_V_1251,43.24,6700.0,6469.14,Active,Verified,0.0345,0.223084400260519
SHIP_V_1560,sdv-id-ANSiha,Smartphones,742,300.0,1154,SHIP_V_1560,1.4733333333333334,14425.0,14154.73,Active,Verified,0.0187,0.2355127082061808
SHIP_V_1947,sdv-id-nzuNpz,Industrial Chemicals,359,50.0,1477,SHIP_V_1947,6.18,18462.5,17655.44,Active,Verified,0.0437,0.2149187877881471
SHIP_V_1095,sdv-id-nWqCxj,Ready-made Garments,1259,8.5,1674,GHOST_VESSEL_X,147.11764705882354,20925.0,0.0,Disconnected,No_Record,1.0,0.866733672058525
SHIP_V_1162,sdv-id-WlalaO,Ready-made Garments,1912,8.5,237,GHOST_VESSEL_X,223.94117647058823,2962.5,0.0,Disconnected,No_Record,1.0,0.866733672058525
SHIP_V_1924,sdv-id-QsbfkA,Smartphones,16,300.0,392,SHIP_V_1924,-0.9466666666666668,4900.0,4837.24,Active,Verified,0.0128,0.2027285651319675
SHIP_V_1204,sdv-id-jUZQuF,Solar Panels,1054,120.0,1615,SHIP_V_1204,7.783333333333333,20187.5,19213.3,Active,Verified,0.0483,0.2062054524610092
SHIP_V_1778,sdv-id-eontWw,Raw Jute,855,5.0,999,GHOST_VESSEL_X,170.0,12487.5,0.0,Disconnected,No_Record,1.0,0.866733672058525
SHIP_V_1997,sdv-id-IUbYZj,Smartphones,498,300.0,154,SHIP_V_1997,0.66,1925.0,1888.83,Active,Verified,0.0188,0.1556385468859962
SHIP_V_1849,sdv-id-pRZRsf,Ready-made Garments,617,8.5,1299,GHOST_VESSEL_X,71.58823529411765,16237.5,0.0,Disconnected,No_Record,1.0,0.866733672058525
SHIP_V_1258,sdv-id-VopJFa,Smartphones,70,300.0,769,SHIP_V_1258,-0.7666666666666667,9612.5,9406.3,Active,Verified,0.0215,0.1617259777709159
SHIP_V_1035,sdv-id-jCGcTc,Smartphones,991,300.0,531,SHIP_V_1035,2.3033333333333332,6637.5,6390.11,Active,Verified,0.0373,0.1806115264245121
SHIP_V_1439,sdv-id-FVBVRt,Industrial Chemicals,308,50.0,903,SHIP_V_1439,5.16,11287.5,10859.04,Active,Verified,0.038,0.2027675030625404
SHIP_V_1794,sdv-id-MalbLt,Smartphones,960,300.0,1225,SHIP_V_1794,2.2,15312.5,15007.44,Active,Verified,0.0199,0.1653110879778479
SHIP_V_1523,sdv-id-YWWJmt,Ready-made Garments,642,8.5,1261,GHOST_VESSEL_X,74.52941176470588,15762.5,0.0,Disconnected,No_Record,1.0,0.866733672058525
SHIP_V_1207,sdv-id-BSZmab,Industrial Chemicals,548,50.0,744,SHIP_V_1207,9.96,9300.0,8946.58,Active,Verified,0.038,0.2488817494358901
SHIP_V_1282,sdv-id-SJoaTS,Ready-made Garments,177,8.5,1316,SHIP_V_1282,19.823529411764707,16450.0,15934.5,Active,Verified,0.0313,0.1345301629667426
SHIP_V_1794,sdv-id-AGrqNW,Smartphones,1147,300.0,743,SHIP_V_1794,2.8233333333333333,9287.5,9164.19,Active,Verified,0.0133,0.1158738997867619
SHIP_V_1474,sdv-id-gnWBvz,Raw Jute,270,5.0,1335,SHIP_V_1474,53.0,16687.5,16270.48,Active,Verified,0.025,0.1369184480471462
SHIP_V_1669,sdv-id-CkEakE,Raw Jute,1913,5.0,408,GHOST_VESSEL_X,381.6,5100.0,0.0,Disconnected,No_Record,1.0,0.866733672058525
SHIP_V_1644,sdv-id-bFWFRp,Raw Jute,206,5.0,1656,SHIP_V_1644,40.2,20700.0,19728.96,Active,Verified,0.0469,0.2429279278853736
SHIP_V_1945,sdv-id-JGnbeK,Raw Jute,192,5.0,123,SHIP_V_1945,37.4,1537.5,1479.57,Active,Verified,0.0377,0.1640088829114871
SHIP_V_1576,sdv-id-ibuErx,Smartphones,1120,300.0,701,SHIP_V_1576,2.7333333333333334,8762.5,8637.7,Active,Verified,0.0142,0.2188229785646783
SHIP_V_1214,sdv-id-SjpStM,Ready-made Garments,238,8.5,550,SHIP_V_1214,27.0,6875.0,6776.25,Active,Verified,0.0144,0.1036537890252607
SHIP_V_1083,sdv-id-raOcso,Raw Jute,211,5.0,1941,SHIP_V_1083,41.2,24262.5,23845.04,Active,Verified,0.0172,0.2171889549713331
SHIP_V_1275,sdv-id-bYHuRV,Smartphones,333,300.0,1676,SHIP_V_1275,0.11,20950.0,20440.81,Active,Verified,0.0243,0.1092991702745459
SHIP_V_1986,sdv-id-loFiIr,Raw Jute,1282,5.0,1152,GHOST_VESSEL_X,255.4,14400.0,0.0,Disconnected,No_Record,1.0,0.866733672058525
SHIP_V_1195,sdv-id-mOESBR,Solar Panels,4,120.0,911,SHIP_V_1195,-0.9666666666666668,11387.5,11252.19,Active,Verified,0.0119,0.2257943401638361
SHIP_V_1204,sdv-id-ITPeAT,Smartphones,614,300.0,486,SHIP_V_1204,1.0466666666666666,6075.0,5852.4,Active,Verified,0.0366,0.1629481981378222
SHIP_V_1696,sdv-id-pSEQPj,Solar Panels,142,120.0,1447,SHIP_V_1696,0.1833333333333333,18087.5,17436.29,Active,Verified,0.036,0.1549310121190419
SHIP_V_1462,sdv-id-QLSEXj,Smartphones,1430,300.0,428,SHIP_V_1462,3.7666666666666666,5350.0,5240.78,Active,Verified,0.0204,0.1909972153145475
SHIP_V_1283,sdv-id-qLTUTl,Solar Panels,243,120.0,439,SHIP_V_1283,1.025,5487.5,5428.32,Active,Verified,0.0108,0.2125816050857794
SHIP_V_1564,sdv-id-eKtjOm,Industrial Chemicals,288,50.0,911,SHIP_V_1564,4.76,11387.5,11125.1,Active,Verified,0.023,0.1301129981295366
SHIP_V_1448,sdv-id-mfmAlj,Smartphones,971,300.0,1365,SHIP_V_1448,2.236666666666667,17062.5,16240.7,Active,Verified,0.0482,0.1173443570919191
SHIP_V_1844,sdv-id-vwTtQB,Industrial Chemicals,38,50.0,1995,SHIP_V_1844,-0.24,24937.5,24067.14,Active,Verified,0.0349,0.1747456090698087
SHIP_V_1955,sdv-id-HvXoXZ,Smartphones,583,300.0,166,SHIP_V_1955,0.9433333333333334,2075.0,1986.11,Active,Verified,0.0428,0.227868071218663
SHIP_V_1413,sdv-id-HDCOcN,Solar Panels,800,120.0,938,SHIP_V_1413,5.666666666666667,11725.0,11203.39,Active,Verified,0.0445,0.2242108209451778
SHIP_V_1006,sdv-id-kvdbVZ,Ready-made Garments,992,8.5,1117,GHOST_VESSEL_X,115.70588235294116,13962.5,0.0,Disconnected,No_Record,1.0,0.866733672058525
SHIP_V_1617,sdv-id-oiVGmW,Ready-made Garments,692,8.5,1299,GHOST_VESSEL_X,80.41176470588235,16237.5,0.0,Disconnected,No_Record,1.0,0.866733672058525
SHIP_V_1663,sdv-id-zuDfpP,Solar Panels,47,120.0,1727,SHIP_V_1663,-0.6083333333333333,21587.5,21318.52,Active,Verified,0.0125,0.2453102610611479
SHIP_V_1025,sdv-id-UHZmaz,Smartphones,1039,300.0,795,SHIP_V_1025,2.463333333333334,9937.5,9475.75,Active,Verified,0.0465,0.1595314740758689
SHIP_V_1498,sdv-id-QkIOFT,Ready-made Garments,200,8.5,1898,SHIP_V_1498,22.529411764705884,23725.0,22613.89,Active,Verified,0.0468,0.185247601641239
SHIP_V_1523,sdv-id-hJwyvz,Industrial Chemicals,1692,50.0,705,SHIP_V_1523,32.84,8812.5,8681.2,Active,Verified,0.0149,0.100866163943753
SHIP_V_1535,sdv-id-HxpeIo,Raw Jute,635,5.0,1973,GHOST_VESSEL_X,126.0,24662.5,0.0,Disconnected,No_Record,1.0,0.866733672058525
SHIP_V_1642,sdv-id-bXpovY,Smartphones,539,300.0,1311,SHIP_V_1642,0.7966666666666666,16387.5,15941.86,Active,Verified,0.0272,0.2224869688049731
SHIP_V_1053,sdv-id-hNEjCj,Industrial Chemicals,949,50.0,116,SHIP_V_1053,17.98,1450.0,1427.49,Active,Verified,0.0155,0.1487850806041049
SHIP_V_1525,sdv-id-vkpsws,Raw Jute,466,5.0,1091,GHOST_VESSEL_X,92.2,13637.5,0.0,Disconnected,No_Record,1.0,0.866733672058525
SHIP_V_1894,sdv-id-MVfvPu,Raw Jute,753,5.0,1230,GHOST_VESSEL_X,149.6,15375.0,0.0,Disconnected,No_Record,1.0,0.866733672058525
SHIP_V_1592,sdv-id-oUEcNY,Raw Jute,190,5.0,1574,SHIP_V_1592,37.0,19675.0,18744.64,Active,Verified,0.0473,0.1412474622840757
SHIP_V_1986,sdv-id-ufZMUb,Solar Panels,1171,120.0,454,SHIP_V_1986,8.758333333333333,5675.0,5484.76,Active,Verified,0.0335,0.1557037252882112
SHIP_V_1643,sdv-id-WKoALJ,Industrial Chemicals,593,50.0,316,SHIP_V_1643,10.86,3950.0,3832.05,Active,Verified,0.0299,0.2297868843908605
SHIP_V_1744,sdv-id-EiarZz,Smartphones,710,300.0,188,SHIP_V_1744,1.3666666666666667,2350.0,2250.78,Active,Verified,0.0422,0.2238490554977805
SHIP_V_1015,sdv-id-TBQqhS,Solar Panels,147,120.0,1092,SHIP_V_1015,0.225,13650.0,13175.95,Active,Verified,0.0347,0.1337384523774786
SHIP_V_1022,sdv-id-fPpnXV,Smartphones,848,300.0,468,SHIP_V_1022,1.8266666666666669,5850.0,5622.69,Active,Verified,0.0389,0.1758782558477829
SHIP_V_1760,sdv-id-Zqbcyo,Industrial Chemicals,1397,50.0,1177,SHIP_V_1760,26.94,14712.5,14529.68,Active,Verified,0.0124,0.156788316137872
SHIP_V_1017,sdv-id-rCcmgH,Raw Jute,1199,5.0,173,GHOST_VESSEL_X,238.8,2162.5,0.0,Disconnected,No_Record,1.0,0.866733672058525
SHIP_V_1376,sdv-id-IqMRGU,Smartphones,1325,300.0,1859,SHIP_V_1376,3.4166666666666665,23237.5,22290.22,Active,Verified,0.0408,0.1670238773471434
SHIP_V_1910,sdv-id-aIhAfx,Smartphones,1759,300.0,423,SHIP_V_1910,4.863333333333333,5287.5,5051.52,Active,Verified,0.0446,0.2496409587836219
SHIP_V_1552,sdv-id-WzWMEp,Industrial Chemicals,415,50.0,1154,SHIP_V_1552,7.3,14425.0,13999.81,Active,Verified,0.0295,0.2470442357013712
SHIP_V_1129,sdv-id-lfTRCh,Ready-made Garments,575,8.5,170,GHOST_VESSEL_X,66.6470588235294,2125.0,0.0,Disconnected,No_Record,1.0,0.866733672058525
SHIP_V_1005,sdv-id-AVYgcN,Raw Jute,256,5.0,1403,SHIP_V_1005,50.2,17537.5,17176.28,Active,Verified,0.0206,0.2074927772227696
SHIP_V_1869,sdv-id-oWWEXy,Industrial Chemicals,347,50.0,918,SHIP_V_1869,5.94,11475.0,10998.98,Active,Verified,0.0415,0.1302846125589591
SHIP_V_1717,sdv-id-pKijfo,Industrial Chemicals,939,50.0,568,SHIP_V_1717,17.78,7100.0,6825.73,Active,Verified,0.0386,0.1920823969910758
SHIP_V_1045,sdv-id-PraiGX,Smartphones,133,300.0,257,SHIP_V_1045,-0.5566666666666666,3212.5,3133.45,Active,Verified,0.0246,0.2278815936920262
SHIP_V_1038,sdv-id-msmJZp,Smartphones,1845,300.0,450,SHIP_V_1038,5.15,5625.0,5378.57,Active,Verified,0.0438,0.1209050112964295
SHIP_V_1339,sdv-id-NVzZCw,Ready-made Garments,159,8.5,1571,SHIP_V_1339,17.705882352941178,19637.5,19047.68,Active,Verified,0.03,0.2490563563931513
SHIP_V_1461,sdv-id-VjcYCu,Raw Jute,70,5.0,1377,SHIP_V_1461,13.0,17212.5,16537.51,Active,Verified,0.0392,0.1592507379939108
SHIP_V_1353,sdv-id-AYtPjo,Raw Jute,1562,5.0,1871,GHOST_VESSEL_X,311.4,23387.5,0.0,Disconnected,No_Record,1.0,0.866733672058525
SHIP_V_1599,sdv-id-KGzbnF,Raw Jute,668,5.0,1114,GHOST_VESSEL_X,132.6,13925.0,0.0,Disconnected,No_Record,1.0,0.866733672058525
SHIP_V_1747,sdv-id-hFKFrh,Smartphones,1182,300.0,1342,SHIP_V_1747,2.94,16775.0,16326.37,Active,Verified,0.0267,0.2149493877457304
SHIP_V_1448,sdv-id-GYjjYd,Industrial Chemicals,412,50.0,1147,SHIP_V_1448,7.24,14337.5,13840.84,Active,Verified,0.0346,0.2496598553487977
SHIP_V_1747,sdv-id-HslaNF,Raw Jute,1344,5.0,1253,GHOST_VESSEL_X,267.8,15662.5,0.0,Disconnected,No_Record,1.0,0.866733672058525
SHIP_V_1717,sdv-id-shmfNA,Solar Panels,394,120.0,1148,SHIP_V_1717,2.283333333333333,14350.0,13948.25,Active,Verified,0.028,0.2253384784495191
SHIP_V_1835,sdv-id-LPgArJ,Industrial Chemicals,1545,50.0,1338,SHIP_V_1835,29.9,16725.0,16483.68,Active,Verified,0.0144,0.2194532605330041
SHIP_V_1432,sdv-id-VRtakZ,Raw Jute,1568,5.0,413,GHOST_VESSEL_X,312.6,5162.5,0.0,Disconnected,No_Record,1.0,0.866733672058525
SHIP_V_1063,sdv-id-iGNxhr,Solar Panels,443,120.0,1143,SHIP_V_1063,2.691666666666667,14287.5,14131.03,Active,Verified,0.011,0.1690258892373065
SHIP_V_1782,sdv-id-tLVsBe,Smartphones,1709,300.0,1737,SHIP_V_1782,4.696666666666666,21712.5,21400.27,Active,Verified,0.0144,0.1919246484607557
SHIP_V_1755,sdv-id-DVQnsv,Solar Panels,394,120.0,1616,SHIP_V_1755,2.283333333333333,20200.0,19569.01,Active,Verified,0.0312,0.2089041749182741
SHIP_V_1370,sdv-id-lGgjZY,Raw Jute,1039,5.0,882,GHOST_VESSEL_X,206.8,11025.0,0.0,Disconnected,No_Record,1.0,0.866733672058525
SHIP_V_1711,sdv-id-dlOOrX,Raw Jute,1360,5.0,982,GHOST_VESSEL_X,271.0,12275.0,0.0,Disconnected,No_Record,1.0,0.866733672058525
SHIP_V_1941,sdv-id-KPRfga,Industrial Chemicals,2485,50.0,1702,SHIP_V_1941,48.7,21275.0,20644.82,Active,Verified,0.0296,0.1207771009981746
SHIP_V_1600,sdv-id-MEQloB,Smartphones,823,300.0,184,SHIP_V_1600,1.7433333333333334,2300.0,2195.81,Active,Verified,0.0453,0.1127761349046118
SHIP_V_1904,sdv-id-hwSjVW,Solar Panels,1451,120.0,229,SHIP_V_1904,11.091666666666669,2862.5,2821.61,Active,Verified,0.0143,0.1530436938524011
SHIP_V_1226,sdv-id-UKBqlF,Smartphones,1139,300.0,779,SHIP_V_1226,2.796666666666667,9737.5,9421.14,Active,Verified,0.0325,0.2162539422682133
SHIP_V_1978,sdv-id-dReXSY,Ready-made Garments,24,8.5,1025,SHIP_V_1978,1.8235294117647056,12812.5,12597.25,Active,Verified,0.0168,0.1629224129354068
SHIP_V_1290,sdv-id-ITxNEV,Smartphones,837,300.0,494,SHIP_V_1290,1.79,6175.0,6027.93,Active,Verified,0.0238,0.1835891642709342
SHIP_V_1252,sdv-id-qUJWZK,Industrial Chemicals,127,50.0,1707,SHIP_V_1252,1.54,21337.5,20991.66,Active,Verified,0.0162,0.2200843155813542
SHIP_V_1617,sdv-id-ogAOOi,Ready-made Garments,712,8.5,1555,GHOST_VESSEL_X,82.76470588235294,19437.5,0.0,Disconnected,No_Record,1.0,0.866733672058525
SHIP_V_1524,sdv-id-GJgkLr,Solar Panels,1261,120.0,1353,SHIP_V_1524,9.508333333333333,16912.5,16259.1,Active,Verified,0.0386,0.158416239426537
SHIP_V_1975,sdv-id-flbaCz,Solar Panels,1583,120.0,579,SHIP_V_1975,12.191666666666666,7237.5,7135.81,Active,Verified,0.0141,0.1227405765652173
SHIP_V_1249,sdv-id-AdSprR,Smartphones,57,300.0,1690,SHIP_V_1249,-0.81,21125.0,20071.28,Active,Verified,0.0499,0.2127545104334583
SHIP_V_1542,sdv-id-RGnjPO,Industrial Chemicals,970,50.0,1074,SHIP_V_1542,18.4,13425.0,13078.49,Active,Verified,0.0258,0.2482393922116585
SHIP_V_1150,sdv-id-MmtscL,Smartphones,1361,300.0,130,SHIP_V_1150,3.536666666666666,1625.0,1570.2,Active,Verified,0.0337,0.1465105765635873
SHIP_V_1094,sdv-id-hAqGhr,Solar Panels,12,120.0,1988,SHIP_V_1094,-0.9,24850.0,23726.02,Active,Verified,0.0452,0.1075623084920543
SHIP_V_1820,sdv-id-pmsToG,Ready-made Garments,363,8.5,169,SHIP_V_1820,41.705882352941174,2112.5,2077.95,Active,Verified,0.0164,0.1244494747524909
SHIP_V_1348,sdv-id-xkBcTZ,Ready-made Garments,200,8.5,385,SHIP_V_1348,22.529411764705884,4812.5,4732.2,Active,Verified,0.0167,0.2284034799966435
SHIP_V_1714,sdv-id-BAVCzs,Smartphones,967,300.0,774,SHIP_V_1714,2.223333333333333,9675.0,9464.99,Active,Verified,0.0217,0.174647200238618
SHIP_V_1006,sdv-id-TuoZdS,Smartphones,1607,300.0,1725,SHIP_V_1006,4.3566666666666665,21562.5,21008.4,Active,Verified,0.0257,0.1026637897221387
SHIP_V_1031,sdv-id-Risnpl,Ready-made Garments,199,8.5,1184,SHIP_V_1031,22.41176470588235,14800.0,14505.31,Active,Verified,0.0199,0.1097128515237972
SHIP_V_1950,sdv-id-Jkpdes,Raw Jute,2530,5.0,832,GHOST_VESSEL_X,505.0,10400.0,0.0,Disconnected,No_Record,1.0,0.866733672058525
SHIP_V_1447,sdv-id-RikTRX,Ready-made Garments,375,8.5,1414,SHIP_V_1447,43.11764705882353,17675.0,16957.83,Active,Verified,0.0406,0.1843511807478939
SHIP_V_1882,sdv-id-cIaAMY,Solar Panels,313,120.0,720,SHIP_V_1882,1.6083333333333334,9000.0,8795.23,Active,Verified,0.0228,0.2107136860781864
SHIP_V_1551,sdv-id-HKpHvq,Ready-made Garments,255,8.5,1202,SHIP_V_1551,29.0,15025.0,14742.97,Active,Verified,0.0188,0.2033909890550823
SHIP_V_1948,sdv-id-bzLWET,Industrial Chemicals,71,50.0,1471,SHIP_V_1948,0.42,18387.5,17588.88,Active,Verified,0.0434,0.1986321730792866
SHIP_V_1046,sdv-id-loXsSO,Smartphones,449,300.0,991,SHIP_V_1046,0.4966666666666666,12387.5,12135.73,Active,Verified,0.0203,0.1105608646612941
SHIP_V_1917,sdv-id-liHIQM,Ready-made Garments,509,8.5,1470,GHOST_VESSEL_X,58.88235294117647,18375.0,0.0,Disconnected,No_Record,1.0,0.866733672058525
SHIP_V_1631,sdv-id-HLDKVb,Solar Panels,269,120.0,549,SHIP_V_1631,1.2416666666666667,6862.5,6553.89,Active,Verified,0.045,0.1479207671258512
SHIP_V_1474,sdv-id-Trbklc,Raw Jute,515,5.0,1216,GHOST_VESSEL_X,102.0,15200.0,0.0,Disconnected,No_Record,1.0,0.866733672058525
SHIP_V_1033,sdv-id-YZuKtl,Industrial Chemicals,601,50.0,1685,SHIP_V_1033,11.02,21062.5,20380.17,Active,Verified,0.0324,0.2093954203217352
SHIP_V_1070,sdv-id-GbcYra,Raw Jute,1057,5.0,1698,GHOST_VESSEL_X,210.4,21225.0,0.0,Disconnected,No_Record,1.0,0.866733672058525
SHIP_V_1891,sdv-id-anutbR,Smartphones,1782,300.0,1741,SHIP_V_1891,4.94,21762.5,20847.25,Active,Verified,0.0421,0.1245850256138272
SHIP_V_1972,sdv-id-fJNvDY,Smartphones,1312,300.0,1903,SHIP_V_1972,3.3733333333333335,23787.5,23283.91,Active,Verified,0.0212,0.1889802977332713
SHIP_V_1770,sdv-id-FedtIe,Ready-made Garments,763,8.5,1669,GHOST_VESSEL_X,88.76470588235294,20862.5,0.0,Disconnected,No_Record,1.0,0.866733672058525
SHIP_V_1860,sdv-id-WayNmM,Ready-made Garments,60,8.5,1743,SHIP_V_1860,6.0588235294117645,21787.5,21490.61,Active,Verified,0.0136,0.2478343040345724
SHIP_V_1188,sdv-id-GujFfg,Industrial Chemicals,819,50.0,803,SHIP_V_1188,15.38,10037.5,9796.21,Active,Verified,0.024,0.1053313378088817
SHIP_V_1754,sdv-id-cDKNJp,Raw Jute,1345,5.0,556,GHOST_VESSEL_X,268.0,6950.0,0.0,Disconnected,No_Record,1.0,0.866733672058525
SHIP_V_1365,sdv-id-nnBAlY,Raw Jute,1594,5.0,1919,GHOST_VESSEL_X,317.8,23987.5,0.0,Disconnected,No_Record,1.0,0.866733672058525
SHIP_V_1991,sdv-id-WXRZsn,Solar Panels,228,120.0,638,SHIP_V_1991,0.9,7975.0,7595.51,Active,Verified,0.0476,0.1314843419341094
SHIP_V_1648,sdv-id-MLZyvO,Smartphones,1774,300.0,385,SHIP_V_1648,4.913333333333333,4812.5,4663.49,Active,Verified,0.031,0.1081456597647477
SHIP_V_1410,sdv-id-bwACNs,Ready-made Garments,78,8.5,1653,SHIP_V_1410,8.176470588235293,20662.5,20317.92,Active,Verified,0.0167,0.1334808601039404
SHIP_V_1824,sdv-id-ptOlMi,Smartphones,983,300.0,912,SHIP_V_1824,2.276666666666667,11400.0,10868.47,Active,Verified,0.0466,0.1232598557667122
SHIP_V_1988,sdv-id-elMsea,Solar Panels,170,120.0,1880,SHIP_V_1988,0.4166666666666667,23500.0,22443.51,Active,Verified,0.045,0.1648236842670032
SHIP_V_1492,sdv-id-ScreRj,Industrial Chemicals,327,50.0,1312,SHIP_V_1492,5.54,16400.0,15627.27,Active,Verified,0.0471,0.1272273290328607
SHIP_V_1545,sdv-id-jMrmAn,Raw Jute,1175,5.0,1198,GHOST_VESSEL_X,234.0,14975.0,0.0,Disconnected,No_Record,1.0,0.866733672058525
SHIP_V_1810,sdv-id-LnMXTl,Solar Panels,1143,120.0,961,SHIP_V_1810,8.525,12012.5,11551.04,Active,Verified,0.0384,0.2285328079716161
SHIP_V_1469,sdv-id-hWjLQZ,Smartphones,560,300.0,1049,SHIP_V_1469,0.8666666666666667,13112.5,12629.23,Active,Verified,0.0369,0.2474055748710392
SHIP_V_1390,sdv-id-zKmYHQ,Smartphones,903,300.0,1278,SHIP_V_1390,2.01,15975.0,15465.03,Active,Verified,0.0319,0.1905201087147649
SHIP_V_1936,sdv-id-iqgzHw,Industrial Chemicals,1361,50.0,1013,SHIP_V_1936,26.22,12662.5,12212.95,Active,Verified,0.0355,0.1367443510722346
SHIP_V_1815,sdv-id-tfexbm,Industrial Chemicals,429,50.0,1456,SHIP_V_1815,7.58,18200.0,17460.52,Active,Verified,0.0406,0.1373066784033667
SHIP_V_1294,sdv-id-bBFKjs,Industrial Chemicals,1240,50.0,660,SHIP_V_1294,23.8,8250.0,8055.57,Active,Verified,0.0236,0.2070074966618277
SHIP_V_1799,sdv-id-CNjbMW,Smartphones,312,300.0,1711,SHIP_V_1799,0.04,21387.5,20573.77,Active,Verified,0.038,0.1892504985050252
SHIP_V_1114,sdv-id-kXhjxA,Industrial Chemicals,2090,50.0,337,SHIP_V_1114,40.8,4212.5,4135.19,Active,Verified,0.0184,0.122440798963834
SHIP_V_1805,sdv-id-RxCEcl,Raw Jute,66,5.0,910,SHIP_V_1805,12.2,11375.0,11042.48,Active,Verified,0.0292,0.2315283158412807
SHIP_V_1923,sdv-id-vfdTUI,Solar Panels,1731,120.0,1049,SHIP_V_1923,13.425,13112.5,12968.46,Active,Verified,0.011,0.180746368589524
SHIP_V_1303,sdv-id-dvhFRd,Raw Jute,130,5.0,474,SHIP_V_1303,25.0,5925.0,5764.93,Active,Verified,0.027,0.165533020764995
SHIP_V_1035,sdv-id-PTsRob,Industrial Chemicals,413,50.0,1873,SHIP_V_1035,7.26,23412.5,22390.86,Active,Verified,0.0436,0.1958904917263458
SHIP_V_1057,sdv-id-WNcPbb,Ready-made Garments,208,8.5,1928,SHIP_V_1057,23.470588235294116,24100.0,23096.52,Active,Verified,0.0416,0.1117881828240157
SHIP_V_1650,sdv-id-WTAEAp,Industrial Chemicals,682,50.0,1211,SHIP_V_1650,12.64,15137.5,14834.97,Active,Verified,0.02,0.1549536448441811
SHIP_V_1202,sdv-id-rcoAWO,Industrial Chemicals,605,50.0,196,SHIP_V_1202,11.1,2450.0,2354.31,Active,Verified,0.0391,0.1483739658700106
SHIP_V_1522,sdv-id-UuhIhk,Ready-made Garments,101,8.5,1917,SHIP_V_1522,10.882352941176473,23962.5,23433.72,Active,Verified,0.0221,0.2040339753353761
SHIP_V_1507,sdv-id-uAdyfV,Ready-made Garments,681,8.5,1597,GHOST_VESSEL_X,79.11764705882354,19962.5,0.0,Disconnected,No_Record,1.0,0.866733672058525
SHIP_V_1144,sdv-id-zsFAVZ,Industrial Chemicals,1086,50.0,454,SHIP_V_1144,20.72,5675.0,5505.95,Active,Verified,0.0298,0.1954604735095495
SHIP_V_1767,sdv-id-YqbrhS,Solar Panels,648,120.0,1685,SHIP_V_1767,4.4,21062.5,20715.17,Active,Verified,0.0165,0.1918657907845551
SHIP_V_1628,sdv-id-TvOAzR,Raw Jute,1564,5.0,1361,GHOST_VESSEL_X,311.8,17012.5,0.0,Disconnected,No_Record,1.0,0.866733672058525
SHIP_V_1040,sdv-id-aodktG,Solar Panels,885,120.0,1884,SHIP_V_1040,6.375,23550.0,22653.91,Active,Verified,0.0381,0.1930162509232414
SHIP_V_1428,sdv-id-PGnTLL,Ready-made Garments,753,8.5,599,GHOST_VESSEL_X,87.58823529411765,7487.5,0.0,Disconnected,No_Record,1.0,0.866733672058525
SHIP_V_1160,sdv-id-tpcliy,Raw Jute,687,5.0,1774,GHOST_VESSEL_X,136.4,22175.0,0.0,Disconnected,No_Record,1.0,0.866733672058525
SHIP_V_1288,sdv-id-WjoLyB,Ready-made Garments,186,8.5,422,SHIP_V_1288,20.88235294117647,5275.0,5042.05,Active,Verified,0.0442,0.1728852277165835
SHIP_V_1465,sdv-id-oARsHw,Raw Jute,584,5.0,1766,GHOST_VESSEL_X,115.8,22075.0,0.0,Disconnected,No_Record,1.0,0.866733672058525
SHIP_V_1582,sdv-id-IBDrKg,Ready-made Garments,347,8.5,366,SHIP_V_1582,39.8235294117647,4575.0,4393.13,Active,Verified,0.0398,0.1378316146771767
SHIP_V_1780,sdv-id-GlBrMA,Smartphones,1049,300.0,1600,SHIP_V_1780,2.4966666666666666,20000.0,19322.93,Active,Verified,0.0339,0.177090141407893
SHIP_V_1119,sdv-id-mCnktB,Ready-made Garments,275,8.5,1941,SHIP_V_1119,31.352941176470587,24262.5,23484.13,Active,Verified,0.0321,0.2070043236692741
SHIP_V_1711,sdv-id-ApfzuC,Industrial Chemicals,977,50.0,584,SHIP_V_1711,18.54,7300.0,6974.12,Active,Verified,0.0446,0.1781380883798334
SHIP_V_1765,sdv-id-YqEtzw,Industrial Chemicals,682,50.0,150,SHIP_V_1765,12.64,1875.0,1852.43,Active,Verified,0.012,0.2200620628525265
SHIP_V_1960,sdv-id-EnZcIn,Solar Panels,223,120.0,1170,SHIP_V_1960,0.8583333333333333,14625.0,14141.04,Active,Verified,0.0331,0.1571613497820448
SHIP_V_1851,sdv-id-KdrIJH,Ready-made Garments,1362,8.5,350,GHOST_VESSEL_X,159.23529411764707,4375.0,0.0,Disconnected,No_Record,1.0,0.866733672058525
SHIP_V_1890,sdv-id-mwdMHU,Smartphones,971,300.0,1492,SHIP_V_1890,2.236666666666667,18650.0,17837.63,Active,Verified,0.0436,0.1033295850582676
SHIP_V_1989,sdv-id-GmZufD,Industrial Chemicals,1421,50.0,543,SHIP_V_1989,27.42,6787.5,6606.57,Active,Verified,0.0267,0.2033931508323484
SHIP_V_1566,sdv-id-ZAYzWu,Smartphones,850,300.0,116,SHIP_V_1566,1.8333333333333333,1450.0,1405.12,Active,Verified,0.031,0.178826942165151
SHIP_V_1327,sdv-id-XAWBUg,Industrial Chemicals,1863,50.0,256,SHIP_V_1327,36.26,3200.0,3129.38,Active,Verified,0.0221,0.1004901361591647
SHIP_V_1922,sdv-id-chdLGF,Solar Panels,1043,120.0,1289,SHIP_V_1922,7.691666666666666,16112.5,15330.73,Active,Verified,0.0485,0.1224992877795691
SHIP_V_1309,sdv-id-irovvH,Ready-made Garments,502,8.5,1062,GHOST_VESSEL_X,58.05882352941177,13275.0,0.0,Disconnected,No_Record,1.0,0.866733672058525
SHIP_V_1155,sdv-id-GqEvPV,Smartphones,793,300.0,276,SHIP_V_1155,1.643333333333333,3450.0,3356.8,Active,Verified,0.027,0.2196497743076497
SHIP_V_1479,sdv-id-SREyTM,Raw Jute,760,5.0,1468,GHOST_VESSEL_X,151.0,18350.0,0.0,Disconnected,No_Record,1.0,0.866733672058525
SHIP_V_1746,sdv-id-RaTIEo,Raw Jute,85,5.0,1792,SHIP_V_1746,16.0,22400.0,22110.45,Active,Verified,0.0129,0.171000406258981
SHIP_V_1984,sdv-id-asuFPV,Ready-made Garments,1151,8.5,266,GHOST_VESSEL_X,134.41176470588235,3325.0,0.0,Disconnected,No_Record,1.0,0.866733672058525
SHIP_V_1021,sdv-id-TlxpDj,Smartphones,31,300.0,1921,SHIP_V_1021,-0.8966666666666666,24012.5,22841.81,Active,Verified,0.0488,0.1445593106453142
SHIP_V_1483,sdv-id-aozGUy,Industrial Chemicals,96,50.0,1436,SHIP_V_1483,0.92,17950.0,17750.16,Active,Verified,0.0111,0.1084557211316151
SHIP_V_1433,sdv-id-nAjSrR,Industrial Chemicals,415,50.0,1827,SHIP_V_1433,7.3,22837.5,22327.38,Active,Verified,0.0223,0.1671474552057542
SHIP_V_1529,sdv-id-XVysjC,Smartphones,1069,300.0,1208,SHIP_V_1529,2.5633333333333335,15100.0,14604.08,Active,Verified,0.0328,0.1177232918222967
SHIP_V_1499,sdv-id-YtxgdP,Raw Jute,857,5.0,419,GHOST_VESSEL_X,170.4,5237.5,0.0,Disconnected,No_Record,1.0,0.866733672058525
SHIP_V_1440,sdv-id-TtbWLG,Solar Panels,672,120.0,373,SHIP_V_1440,4.6,4662.5,4610.46,Active,Verified,0.0112,0.2016265358041007
SHIP_V_1732,sdv-id-IJpNZW,Raw Jute,555,5.0,1585,GHOST_VESSEL_X,110.0,19812.5,0.0,Disconnected,No_Record,1.0,0.866733672058525
SHIP_V_1344,sdv-id-mwlWTI,Raw Jute,530,5.0,839,GHOST_VESSEL_X,105.0,10487.5,0.0,Disconnected,No_Record,1.0,0.866733672058525
SHIP_V_1613,sdv-id-FnpKye,Industrial Chemicals,2935,50.0,702,GHOST_VESSEL_X,57.7,8775.0,0.0,Disconnected,No_Record,1.0,0.866733672058525
SHIP_V_1729,sdv-id-AEgxRo,Raw Jute,785,5.0,541,GHOST_VESSEL_X,156.0,6762.5,0.0,Disconnected,No_Record,1.0,0.866733672058525
SHIP_V_1707,sdv-id-tESjHo,Solar Panels,43,120.0,279,SHIP_V_1707,-0.6416666666666667,3487.5,3421.19,Active,Verified,0.019,0.1629893965906264
SHIP_V_1579,sdv-id-UJOFZy,Smartphones,1674,300.0,642,SHIP_V_1579,4.58,8025.0,7736.37,Active,Verified,0.036,0.2240796159234072
SHIP_V_1918,sdv-id-DiIbAC,Raw Jute,279,5.0,1755,SHIP_V_1918,54.8,21937.5,21124.84,Active,Verified,0.037,0.2147710494635369
SHIP_V_1894,sdv-id-nNsnWM,Industrial Chemicals,287,50.0,1008,SHIP_V_1894,4.74,12600.0,12011.82,Active,Verified,0.0467,0.2448929144776642
SHIP_V_1592,sdv-id-hbxCkp,Ready-made Garments,256,8.5,1955,SHIP_V_1592,29.11764705882353,24437.5,24029.84,Active,Verified,0.0167,0.2159737700257188
SHIP_V_1637,sdv-id-nCPRVT,Smartphones,682,300.0,1297,SHIP_V_1637,1.2733333333333334,16212.5,15841.18,Active,Verified,0.0229,0.1291970025639103
SHIP_V_1181,sdv-id-fiQolH,Smartphones,1585,300.0,564,SHIP_V_1181,4.283333333333333,7050.0,6921.43,Active,Verified,0.0182,0.2121761250107637
SHIP_V_1931,sdv-id-yocQaA,Smartphones,1074,300.0,1382,SHIP_V_1931,2.58,17275.0,17055.5,Active,Verified,0.0127,0.2469871743475596
SHIP_V_1412,sdv-id-WhdxDg,Solar Panels,906,120.0,1932,SHIP_V_1412,6.55,24150.0,23202.92,Active,Verified,0.0392,0.1560336160062412
SHIP_V_1170,sdv-id-LMVxcS,Solar Panels,216,120.0,719,SHIP_V_1170,0.8,8987.5,8729.22,Active,Verified,0.0287,0.1135604844129654
SHIP_V_1552,sdv-id-ADYtrR,Industrial Chemicals,1369,50.0,153,SHIP_V_1552,26.38,1912.5,1886.19,Active,Verified,0.0138,0.1988791770912545
SHIP_V_1838,sdv-id-gYyEwc,Ready-made Garments,891,8.5,283,GHOST_VESSEL_X,103.82352941176472,3537.5,0.0,Disconnected,No_Record,1.0,0.866733672058525
SHIP_V_1420,sdv-id-dKtmhO,Raw Jute,460,5.0,1063,GHOST_VESSEL_X,91.0,13287.5,0.0,Disconnected,No_Record,1.0,0.866733672058525
SHIP_V_1278,sdv-id-WOiRDD,Smartphones,1434,300.0,1654,SHIP_V_1278,3.78,20675.0,19958.57,Active,Verified,0.0347,0.2210310521951677
SHIP_V_1295,sdv-id-ceSXbi,Solar Panels,1301,120.0,1611,SHIP_V_1295,9.841666666666669,20137.5,19742.38,Active,Verified,0.0196,0.1100990534525679
SHIP_V_1080,sdv-id-ihMrVl,Industrial Chemicals,928,50.0,227,SHIP_V_1080,17.56,2837.5,2758.17,Active,Verified,0.028,0.1729263584814075
SHIP_V_1747,sdv-id-ZQsArH,Industrial Chemicals,584,50.0,989,SHIP_V_1747,10.68,12362.5,11926.9,Active,Verified,0.0352,0.17511922208393
SHIP_V_1967,sdv-id-pvQDQx,Ready-made Garments,1240,8.5,1005,GHOST_VESSEL_X,144.88235294117646,12562.5,0.0,Disconnected,No_Record,1.0,0.866733672058525
SHIP_V_1235,sdv-id-jqjPGJ,Industrial Chemicals,868,50.0,1634,SHIP_V_1235,16.36,20425.0,19798.42,Active,Verified,0.0307,0.1001260601977772
SHIP_V_1898,sdv-id-phzYdJ,Industrial Chemicals,1682,50.0,360,SHIP_V_1898,32.64,4500.0,4410.32,Active,Verified,0.0199,0.2172468606382261
SHIP_V_1190,sdv-id-AourDL,Industrial Chemicals,1159,50.0,822,SHIP_V_1190,22.18,10275.0,9929.97,Active,Verified,0.0336,0.1981153699481553
SHIP_V_1775,sdv-id-qwRHJW,Smartphones,58,300.0,1480,SHIP_V_1775,-0.8066666666666666,18500.0,18272.0,Active,Verified,0.0123,0.1721533744768428
SHIP_V_1758,sdv-id-mJNNkq,Industrial Chemicals,852,50.0,885,SHIP_V_1758,16.04,11062.5,10761.7,Active,Verified,0.0272,0.1446445966881346
SHIP_V_1748,sdv-id-erHvLo,Solar Panels,1692,120.0,339,SHIP_V_1748,13.1,4237.5,4117.48,Active,Verified,0.0283,0.1315959573549698
SHIP_V_1346,sdv-id-nqZvhs,Industrial Chemicals,334,50.0,1319,SHIP_V_1346,5.68,16487.5,16058.67,Active,Verified,0.026,0.2315268639002279
SHIP_V_1536,sdv-id-HDXiHJ,Ready-made Garments,1170,8.5,1639,GHOST_VESSEL_X,136.64705882352942,20487.5,0.0,Disconnected,No_Record,1.0,0.866733672058525
SHIP_V_1861,sdv-id-hcmXwi,Industrial Chemicals,1233,50.0,1023,SHIP_V_1861,23.66,12787.5,12343.32,Active,Verified,0.0347,0.2248696169536565
SHIP_V_1466,sdv-id-bLTFTR,Raw Jute,266,5.0,912,SHIP_V_1466,52.2,11400.0,10842.64,Active,Verified,0.0489,0.1934869882142399
SHIP_V_1172,sdv-id-vqEBHx,Ready-made Garments,745,8.5,1456,GHOST_VESSEL_X,86.6470588235294,18200.0,0.0,Disconnected,No_Record,1.0,0.866733672058525
SHIP_V_1377,sdv-id-MyjJzo,Solar Panels,303,120.0,1619,SHIP_V_1377,1.525,20237.5,19889.98,Active,Verified,0.0172,0.2334923065502052
SHIP_V_1981,sdv-id-tlTttb,Industrial Chemicals,1606,50.0,140,SHIP_V_1981,31.12,1750.0,1703.83,Active,Verified,0.0264,0.1175723937111785
SHIP_V_1207,sdv-id-gtFqgc,Industrial Chemicals,1060,50.0,831,SHIP_V_1207,20.2,10387.5,10211.21,Active,Verified,0.017,0.1401015319777215
SHIP_V_1230,sdv-id-ZXSzrL,Industrial Chemicals,1122,50.0,1893,SHIP_V_1230,21.44,23662.5,23114.59,Active,Verified,0.0232,0.2233098799940032
SHIP_V_1466,sdv-id-owNCcT,Smartphones,325,300.0,1849,SHIP_V_1466,0.0833333333333333,23112.5,22656.65,Active,Verified,0.0197,0.2047374265133554
SHIP_V_1601,sdv-id-GNtLCx,Smartphones,100,300.0,1703,SHIP_V_1601,-0.6666666666666666,21287.5,20532.77,Active,Verified,0.0355,0.116118759099604
SHIP_V_1660,sdv-id-LmXAwC,Smartphones,135,300.0,1335,SHIP_V_1660,-0.55,16687.5,16332.48,Active,Verified,0.0213,0.2014500950974561
SHIP_V_1121,sdv-id-rMkstS,Ready-made Garments,753,8.5,1535,GHOST_VESSEL_X,87.58823529411765,19187.5,0.0,Disconnected,No_Record,1.0,0.866733672058525
SHIP_V_1538,sdv-id-Nrxsiu,Industrial Chemicals,2091,50.0,317,SHIP_V_1538,40.82,3962.5,3777.66,Active,Verified,0.0466,0.1359499666106287
SHIP_V_1787,sdv-id-ewtWxW,Smartphones,651,300.0,1138,SHIP_V_1787,1.17,14225.0,13906.87,Active,Verified,0.0224,0.2110180054240413
SHIP_V_1199,sdv-id-tBliyV,Smartphones,1383,300.0,1098,SHIP_V_1199,3.61,13725.0,13068.55,Active,Verified,0.0478,0.1257318902646121
SHIP_V_1167,sdv-id-JUMVNc,Smartphones,626,300.0,1650,SHIP_V_1167,1.086666666666667,20625.0,20114.46,Active,Verified,0.0248,0.1276042306241638
SHIP_V_1574,sdv-id-lsIEVQ,Raw Jute,1379,5.0,1566,GHOST_VESSEL_X,274.8,19575.0,0.0,Disconnected,No_Record,1.0,0.866733672058525
SHIP_V_1633,sdv-id-IWbnSw,Smartphones,951,300.0,1135,SHIP_V_1633,2.17,14187.5,13521.08,Active,Verified,0.047,0.1026741722629446
SHIP_V_1996,sdv-id-NgfYob,Solar Panels,137,120.0,1343,SHIP_V_1996,0.1416666666666666,16787.5,16345.55,Active,Verified,0.0263,0.1531991894413958
SHIP_V_1138,sdv-id-kqOyRC,Industrial Chemicals,346,50.0,648,SHIP_V_1138,5.92,8100.0,7808.1,Active,Verified,0.036,0.1688078680817995
SHIP_V_1849,sdv-id-AJbSpt,Ready-made Garments,525,8.5,1592,GHOST_VESSEL_X,60.76470588235294,19900.0,0.0,Disconnected,No_Record,1.0,0.866733672058525
SHIP_V_1405,sdv-id-czQQdw,Smartphones,1143,300.0,674,SHIP_V_1405,2.81,8425.0,8257.85,Active,Verified,0.0198,0.189389763698849
SHIP_V_1830,sdv-id-olBjrK,Solar Panels,665,120.0,1356,SHIP_V_1830,4.541666666666667,16950.0,16556.76,Active,Verified,0.0232,0.1982967982354907
SHIP_V_1540,sdv-id-XYtdNe,Ready-made Garments,865,8.5,265,GHOST_VESSEL_X,100.76470588235294,3312.5,0.0,Disconnected,No_Record,1.0,0.866733672058525
SHIP_V_1534,sdv-id-LtwdlP,Solar Panels,390,120.0,1321,SHIP_V_1534,2.25,16512.5,16220.39,Active,Verified,0.0177,0.1173152372773368
SHIP_V_1329,sdv-id-FCzfXg,Ready-made Garments,318,8.5,168,SHIP_V_1329,36.411764705882355,2100.0,2009.79,Active,Verified,0.043,0.189478140257901
SHIP_V_1155,sdv-id-ikJYOo,Smartphones,394,300.0,1618,SHIP_V_1155,0.3133333333333333,20225.0,19323.56,Active,Verified,0.0446,0.1526824294503995
SHIP_V_1830,sdv-id-qbSbLJ,Raw Jute,622,5.0,457,GHOST_VESSEL_X,123.4,5712.5,0.0,Disconnected,No_Record,1.0,0.866733672058525
SHIP_V_1684,sdv-id-SiAXAE,Industrial Chemicals,124,50.0,1155,SHIP_V_1684,1.48,14437.5,14204.81,Active,Verified,0.0161,0.1330930499194668
SHIP_V_1761,sdv-id-lbqwye,Smartphones,600,300.0,414,SHIP_V_1761,1.0,5175.0,5105.44,Active,Verified,0.0134,0.2054875087986631
SHIP_V_1757,sdv-id-MNbBBq,Solar Panels,147,120.0,357,SHIP_V_1757,0.225,4462.5,4320.81,Active,Verified,0.0318,0.1785524815815863
SHIP_V_1486,sdv-id-EdZUQl,Ready-made Garments,275,8.5,548,SHIP_V_1486,31.352941176470587,6850.0,6658.12,Active,Verified,0.028,0.230344216903399
SHIP_V_1584,sdv-id-WSBYzb,Industrial Chemicals,1248,50.0,932,SHIP_V_1584,23.96,11650.0,11067.75,Active,Verified,0.05,0.1568491177996415
SHIP_V_1204,sdv-id-BNodvZ,Smartphones,1339,300.0,1394,SHIP_V_1204,3.463333333333334,17425.0,16666.51,Active,Verified,0.0435,0.1314501591447755
SHIP_V_1065,sdv-id-hJXTcc,Industrial Chemicals,1548,50.0,692,SHIP_V_1065,29.96,8650.0,8427.63,Active,Verified,0.0257,0.1604638501221472
SHIP_V_1311,sdv-id-LPSvWf,Raw Jute,559,5.0,1918,GHOST_VESSEL_X,110.8,23975.0,0.0,Disconnected,No_Record,1.0,0.866733672058525
SHIP_V_1546,sdv-id-eJRKWB,Smartphones,1058,300.0,343,SHIP_V_1546,2.526666666666667,4287.5,4104.32,Active,Verified,0.0427,0.1733816846976124
SHIP_V_1310,sdv-id-PJsrNi,Ready-made Garments,374,8.5,1876,SHIP_V_1310,43.0,23450.0,22362.01,Active,Verified,0.0464,0.2273883792214446
SHIP_V_1897,sdv-id-gaIbXI,Raw Jute,476,5.0,661,GHOST_VESSEL_X,94.2,8262.5,0.0,Disconnected,No_Record,1.0,0.866733672058525
SHIP_V_1012,sdv-id-dcxecb,Raw Jute,1315,5.0,1639,GHOST_VESSEL_X,262.0,20487.5,0.0,Disconnected,No_Record,1.0,0.866733672058525
SHIP_V_1304,sdv-id-JirDNJ,Raw Jute,325,5.0,827,GHOST_VESSEL_X,64.0,10337.5,0.0,Disconnected,No_Record,1.0,0.866733672058525
SHIP_V_1503,sdv-id-roJdnx,Solar Panels,850,120.0,1283,SHIP_V_1503,6.083333333333333,16037.5,15355.84,Active,Verified,0.0425,0.1858620707854162
SHIP_V_1303,sdv-id-tKIdOo,Smartphones,273,300.0,1156,SHIP_V_1303,-0.09,14450.0,14038.61,Active,Verified,0.0285,0.187147333665168
SHIP_V_1381,sdv-id-XJvVOM,Ready-made Garments,1220,8.5,581,GHOST_VESSEL_X,142.52941176470588,7262.5,0.0,Disconnected,No_Record,1.0,0.866733672058525
SHIP_V_1045,sdv-id-dmyiuw,Solar Panels,1046,120.0,110,SHIP_V_1045,7.716666666666667,1375.0,1332.11,Active,Verified,0.0312,0.1891449775551593
SHIP_V_1720,sdv-id-tcZpqv,Smartphones,113,300.0,1018,SHIP_V_1720,-0.6233333333333333,12725.0,12157.4,Active,Verified,0.0446,0.1370330160973259
SHIP_V_1258,sdv-id-cmqWRX,Smartphones,1113,300.0,870,SHIP_V_1258,2.71,10875.0,10675.34,Active,Verified,0.0184,0.1831021609271552
SHIP_V_1939,sdv-id-GrUHDc,Solar Panels,1106,120.0,513,SHIP_V_1939,8.216666666666667,6412.5,6193.84,Active,Verified,0.0341,0.1358080198370692
SHIP_V_1779,sdv-id-VBwtVP,Solar Panels,382,120.0,562,SHIP_V_1779,2.183333333333333,7025.0,6699.66,Active,Verified,0.0463,0.1148648145759009
SHIP_V_1368,sdv-id-qLXJho,Ready-made Garments,469,8.5,1507,SHIP_V_1368,54.1764705882353,18837.5,17960.31,Active,Verified,0.0466,0.2301820767867539
SHIP_V_1840,sdv-id-wJLcrC,Smartphones,720,300.0,1659,SHIP_V_1840,1.4,20737.5,20240.25,Active,Verified,0.024,0.2073458052804315
SHIP_V_1297,sdv-id-gdSfRj,Raw Jute,1635,5.0,836,GHOST_VESSEL_X,326.0,10450.0,0.0,Disconnected,No_Record,1.0,0.866733672058525
SHIP_V_1192,sdv-id-EJInaI,Raw Jute,1186,5.0,1704,GHOST_VESSEL_X,236.2,21300.0,0.0,Disconnected,No_Record,1.0,0.866733672058525
SHIP_V_1556,sdv-id-TeibuY,Industrial Chemicals,628,50.0,1461,SHIP_V_1556,11.56,18262.5,18043.58,Active,Verified,0.012,0.1660227055166257
SHIP_V_1186,sdv-id-cyMgnE,Ready-made Garments,694,8.5,1094,GHOST_VESSEL_X,80.6470588235294,13675.0,0.0,Disconnected,No_Record,1.0,0.866733672058525
SHIP_V_1005,sdv-id-UsjheT,Raw Jute,699,5.0,1629,GHOST_VESSEL_X,138.8,20362.5,0.0,Disconnected,No_Record,1.0,0.866733672058525
SHIP_V_1447,sdv-id-eiSJGT,Smartphones,265,300.0,938,SHIP_V_1447,-0.1166666666666666,11725.0,11163.03,Active,Verified,0.0479,0.2093723300143187
SHIP_V_1063,sdv-id-eOfrvx,Industrial Chemicals,766,50.0,1849,SHIP_V_1063,14.32,23112.5,22288.7,Active,Verified,0.0356,0.2354969272774984
SHIP_V_1781,sdv-id-Nizrqo,Industrial Chemicals,2169,50.0,1865,SHIP_V_1781,42.38,23312.5,22867.11,Active,Verified,0.0191,0.1752305095576966
SHIP_V_1391,sdv-id-CPyVru,Ready-made Garments,621,8.5,264,GHOST_VESSEL_X,72.05882352941177,3300.0,0.0,Disconnected,No_Record,1.0,0.866733672058525
SHIP_V_1948,sdv-id-MObvde,Smartphones,479,300.0,401,SHIP_V_1948,0.5966666666666667,5012.5,4958.33,Active,Verified,0.0108,0.1651843139912002
SHIP_V_1567,sdv-id-CPBnrl,Ready-made Garments,141,8.5,1194,SHIP_V_1567,15.588235294117649,14925.0,14308.52,Active,Verified,0.0413,0.222922785137092
SHIP_V_1207,sdv-id-kCuQhG,Raw Jute,810,5.0,629,GHOST_VESSEL_X,161.0,7862.5,0.0,Disconnected,No_Record,1.0,0.866733672058525
SHIP_V_1069,sdv-id-MNQmTo,Raw Jute,1700,5.0,1864,GHOST_VESSEL_X,339.0,23300.0,0.0,Disconnected,No_Record,1.0,0.866733672058525
SHIP_V_1567,sdv-id-GyKdgo,Solar Panels,193,120.0,1337,SHIP_V_1567,0.6083333333333333,16712.5,16276.79,Active,Verified,0.0261,0.228511630629447
SHIP_V_1470,sdv-id-aLCSgk,Ready-made Garments,360,8.5,529,SHIP_V_1470,41.35294117647059,6612.5,6523.44,Active,Verified,0.0135,0.200077644317801
SHIP_V_1711,sdv-id-olVIpu,Industrial Chemicals,185,50.0,276,SHIP_V_1711,2.7,3450.0,3298.02,Active,Verified,0.0441,0.2106782827911949
SHIP_V_1662,sdv-id-FXgWIh,Ready-made Garments,738,8.5,824,GHOST_VESSEL_X,85.82352941176471,10300.0,0.0,Disconnected,No_Record,1.0,0.866733672058525
SHIP_V_1702,sdv-id-JLbayT,Industrial Chemicals,1941,50.0,195,SHIP_V_1702,37.82,2437.5,2370.79,Active,Verified,0.0274,0.2400301972107273
SHIP_V_1945,sdv-id-JtQkKj,Industrial Chemicals,946,50.0,1166,SHIP_V_1945,17.92,14575.0,13855.42,Active,Verified,0.0494,0.1611360174326779
SHIP_V_1508,sdv-id-TDePwz,Solar Panels,457,120.0,239,SHIP_V_1508,2.808333333333333,2987.5,2908.13,Active,Verified,0.0266,0.1143474614132846
SHIP_V_1558,sdv-id-EsvrDP,Raw Jute,298,5.0,1957,GHOST_VESSEL_X,58.6,24462.5,0.0,Disconnected,No_Record,1.0,0.866733672058525
SHIP_V_1209,sdv-id-KTfesE,Smartphones,1921,300.0,398,SHIP_V_1209,5.403333333333333,4975.0,4762.54,Active,Verified,0.0427,0.1469533303157907
SHIP_V_1519,sdv-id-RAcsci,Smartphones,1724,300.0,728,SHIP_V_1519,4.746666666666667,9100.0,8984.68,Active,Verified,0.0127,0.1593176747220275
SHIP_V_1273,sdv-id-OzqDIc,Smartphones,874,300.0,505,SHIP_V_1273,1.913333333333333,6312.5,6131.3,Active,Verified,0.0287,0.1112927965920498
SHIP_V_1116,sdv-id-sNQtfy,Smartphones,957,300.0,470,SHIP_V_1116,2.19,5875.0,5746.83,Active,Verified,0.0218,0.1476483374883084
SHIP_V_1757,sdv-id-REbGSr,Smartphones,485,300.0,677,SHIP_V_1757,0.6166666666666667,8462.5,8152.33,Active,Verified,0.0367,0.1710452391587259
SHIP_V_1229,sdv-id-EcrQug,Industrial Chemicals,150,50.0,1290,SHIP_V_1229,2.0,16125.0,15909.29,Active,Verified,0.0134,0.1766610317946289
SHIP_V_1636,sdv-id-zVYHcn,Smartphones,445,300.0,549,SHIP_V_1636,0.4833333333333333,6862.5,6689.42,Active,Verified,0.0252,0.1951406588517152
SHIP_V_1916,sdv-id-zGHJtG,Solar Panels,1838,120.0,241,SHIP_V_1916,14.316666666666666,3012.5,2927.64,Active,Verified,0.0282,0.1738632536419469
SHIP_V_1196,sdv-id-nnkspX,Ready-made Garments,427,8.5,1279,SHIP_V_1196,49.23529411764706,15987.5,15810.08,Active,Verified,0.0111,0.2214736230920141
SHIP_V_1172,sdv-id-lbLiRJ,Industrial Chemicals,744,50.0,1105,SHIP_V_1172,13.88,13812.5,13672.26,Active,Verified,0.0102,0.1805041676768949
SHIP_V_1081,sdv-id-miKmlI,Ready-made Garments,481,8.5,335,GHOST_VESSEL_X,55.588235294117645,4187.5,0.0,Disconnected,No_Record,1.0,0.866733672058525
SHIP_V_1985,sdv-id-slXjDL,Smartphones,606,300.0,531,SHIP_V_1985,1.02,6637.5,6503.35,Active,Verified,0.0202,0.2474699450647352
SHIP_V_1688,sdv-id-kKZBju,Ready-made Garments,430,8.5,1766,SHIP_V_1688,49.588235294117645,22075.0,21181.69,Active,Verified,0.0405,0.1896963775374364
SHIP_V_1164,sdv-id-KmDCnq,Raw Jute,461,5.0,1108,GHOST_VESSEL_X,91.2,13850.0,0.0,Disconnected,No_Record,1.0,0.866733672058525
SHIP_V_1492,sdv-id-OdvxlQ,Smartphones,1076,300.0,1049,SHIP_V_1492,2.5866666666666664,13112.5,12872.85,Active,Verified,0.0183,0.2114225342306781
SHIP_V_1982,sdv-id-lVmtfF,Industrial Chemicals,1278,50.0,930,SHIP_V_1982,24.56,11625.0,11212.28,Active,Verified,0.0355,0.1062022339064516
SHIP_V_1500,sdv-id-zyBQVs,Industrial Chemicals,87,50.0,683,SHIP_V_1500,0.74,8537.5,8264.18,Active,Verified,0.032,0.1372172237039096
SHIP_V_1834,sdv-id-FHWdov,Solar Panels,924,120.0,1995,SHIP_V_1834,6.7,24937.5,23801.9,Active,Verified,0.0455,0.1733498892970684
SHIP_V_1469,sdv-id-CqskFS,Raw Jute,1351,5.0,1484,GHOST_VESSEL_X,269.2,18550.0,0.0,Disconnected,No_Record,1.0,0.866733672058525
SHIP_V_1645,sdv-id-xnDOPr,Smartphones,31,300.0,1213,SHIP_V_1645,-0.8966666666666666,15162.5,14703.37,Active,Verified,0.0303,0.1968880957931922
SHIP_V_1943,sdv-id-LjnBTN,Raw Jute,227,5.0,216,SHIP_V_1943,44.4,2700.0,2632.58,Active,Verified,0.025,0.1876542206710668
SHIP_V_1038,sdv-id-ZuUNJa,Smartphones,1675,300.0,185,SHIP_V_1038,4.583333333333333,2312.5,2225.44,Active,Verified,0.0376,0.2488611273128818
SHIP_V_1915,sdv-id-JhXPaC,Solar Panels,287,120.0,1983,SHIP_V_1915,1.3916666666666666,24787.5,24364.84,Active,Verified,0.0171,0.1186495630241595
SHIP_V_1431,sdv-id-iLCHVd,Smartphones,1732,300.0,297,SHIP_V_1431,4.773333333333333,3712.5,3673.61,Active,Verified,0.0105,0.2259864643401464
SHIP_V_1482,sdv-id-prAkFv,Industrial Chemicals,121,50.0,1032,SHIP_V_1482,1.42,12900.0,12585.84,Active,Verified,0.0244,0.1837555051504854
SHIP_V_1159,sdv-id-USVzhl,Ready-made Garments,154,8.5,934,SHIP_V_1159,17.11764705882353,11675.0,11147.99,Active,Verified,0.0451,0.1624712622014685
SHIP_V_1633,sdv-id-WvxJDX,Smartphones,113,300.0,1645,SHIP_V_1633,-0.6233333333333333,20562.5,19643.31,Active,Verified,0.0447,0.1887074607639397
SHIP_V_1886,sdv-id-omCzLN,Industrial Chemicals,1360,50.0,372,SHIP_V_1886,26.2,4650.0,4567.81,Active,Verified,0.0177,0.1417519849890283
SHIP_V_1410,sdv-id-qqLzpH,Ready-made Garments,689,8.5,537,GHOST_VESSEL_X,80.05882352941177,6712.5,0.0,Disconnected,No_Record,1.0,0.866733672058525
SHIP_V_1242,sdv-id-bwQVMe,Smartphones,2286,300.0,1071,SHIP_V_1242,6.62,13387.5,12787.61,Active,Verified,0.0448,0.2345655283467337
SHIP_V_1957,sdv-id-WEMQxr,Ready-made Garments,438,8.5,1963,SHIP_V_1957,50.52941176470589,24537.5,23889.8,Active,Verified,0.0264,0.106062635441914
SHIP_V_1958,sdv-id-zlVlJy,Ready-made Garments,586,8.5,158,GHOST_VESSEL_X,67.94117647058823,1975.0,0.0,Disconnected,No_Record,1.0,0.866733672058525
SHIP_V_1686,sdv-id-KnIoiE,Smartphones,343,300.0,302,SHIP_V_1686,0.1433333333333333,3775.0,3599.51,Active,Verified,0.0465,0.2322139165212325
SHIP_V_1760,sdv-id-kSxkki,Raw Jute,174,5.0,1963,SHIP_V_1760,33.8,24537.5,23719.68,Active,Verified,0.0333,0.2425024133279294
SHIP_V_1657,sdv-id-iHylbJ,Ready-made Garments,766,8.5,1159,GHOST_VESSEL_X,89.11764705882354,14487.5,0.0,Disconnected,No_Record,1.0,0.866733672058525
SHIP_V_1074,sdv-id-NgUXRi,Solar Panels,1175,120.0,1478,SHIP_V_1074,8.791666666666666,18475.0,17866.38,Active,Verified,0.0329,0.2333707761298765
SHIP_V_1771,sdv-id-aCfdQV,Raw Jute,1104,5.0,525,GHOST_VESSEL_X,219.8,6562.5,0.0,Disconnected,No_Record,1.0,0.866733672058525
SHIP_V_1465,sdv-id-uMjWsn,Ready-made Garments,27,8.5,1511,SHIP_V_1465,2.176470588235294,18887.5,18319.48,Active,Verified,0.0301,0.1374318348826486
SHIP_V_1848,sdv-id-nETtrm,Smartphones,397,300.0,633,SHIP_V_1848,0.3233333333333333,7912.5,7656.13,Active,Verified,0.0324,0.2051993229286466
SHIP_V_1230,sdv-id-RJEQFA,Smartphones,1608,300.0,1564,SHIP_V_1230,4.36,19550.0,19058.43,Active,Verified,0.0251,0.1711359677578919
SHIP_V_1475,sdv-id-XeGhwR,Industrial Chemicals,1558,50.0,1104,SHIP_V_1475,30.16,13800.0,13550.11,Active,Verified,0.0181,0.1384387813870684
SHIP_V_1131,sdv-id-yFlgba,Smartphones,431,300.0,652,SHIP_V_1131,0.4366666666666666,8150.0,7907.13,Active,Verified,0.0298,0.1633031364316231
SHIP_V_1424,sdv-id-utetwx,Raw Jute,226,5.0,656,SHIP_V_1424,44.2,8200.0,7951.74,Active,Verified,0.0303,0.1519913460860288
SHIP_V_1959,sdv-id-wNxabM,Industrial Chemicals,1389,50.0,710,SHIP_V_1959,26.78,8875.0,8488.11,Active,Verified,0.0436,0.206820106635921
SHIP_V_1119,sdv-id-CbEfGB,Smartphones,932,300.0,299,SHIP_V_1119,2.1066666666666665,3737.5,3665.51,Active,Verified,0.0193,0.2026722741628071
SHIP_V_1708,sdv-id-BwkdNW,Smartphones,315,300.0,478,SHIP_V_1708,0.05,5975.0,5904.72,Active,Verified,0.0118,0.1948705946625001
SHIP_V_1718,sdv-id-TVpmWP,Ready-made Garments,708,8.5,407,GHOST_VESSEL_X,82.29411764705883,5087.5,0.0,Disconnected,No_Record,1.0,0.866733672058525
SHIP_V_1792,sdv-id-lZlYCh,Smartphones,643,300.0,823,SHIP_V_1792,1.143333333333333,10287.5,10045.95,Active,Verified,0.0235,0.1377658529566683
SHIP_V_1602,sdv-id-PfrxSf,Ready-made Garments,292,8.5,1805,SHIP_V_1602,33.35294117647059,22562.5,21486.3,Active,Verified,0.0477,0.200481322396283
SHIP_V_1759,sdv-id-RhAKYJ,Smartphones,293,300.0,1314,SHIP_V_1759,-0.0233333333333333,16425.0,15738.86,Active,Verified,0.0418,0.2441479747319011
SHIP_V_1912,sdv-id-exTdsI,Raw Jute,590,5.0,147,GHOST_VESSEL_X,117.0,1837.5,0.0,Disconnected,No_Record,1.0,0.866733672058525
SHIP_V_1762,sdv-id-VYTeXe,Solar Panels,614,120.0,868,SHIP_V_1762,4.116666666666666,10850.0,10392.88,Active,Verified,0.0421,0.1224255242353253
SHIP_V_1191,sdv-id-AglALH,Smartphones,81,300.0,1617,SHIP_V_1191,-0.73,20212.5,19745.93,Active,Verified,0.0231,0.2366768092480765
SHIP_V_1706,sdv-id-cpUPWN,Smartphones,247,300.0,854,SHIP_V_1706,-0.1766666666666666,10675.0,10256.62,Active,Verified,0.0392,0.2327159743520041
SHIP_V_1445,sdv-id-eQgKGj,Ready-made Garments,190,8.5,1549,SHIP_V_1445,21.352941176470587,19362.5,18653.87,Active,Verified,0.0366,0.1391471400092825
SHIP_V_1767,sdv-id-guOrii,Solar Panels,454,120.0,1031,SHIP_V_1767,2.783333333333333,12887.5,12511.48,Active,Verified,0.0292,0.1310443522572597
SHIP_V_1843,sdv-id-KfTwdV,Raw Jute,1298,5.0,1252,GHOST_VESSEL_X,258.6,15650.0,0.0,Disconnected,No_Record,1.0,0.866733672058525
SHIP_V_1368,sdv-id-IHUokI,Industrial Chemicals,1085,50.0,1915,SHIP_V_1368,20.7,23937.5,22942.92,Active,Verified,0.0415,0.1783960218171807
SHIP_V_1890,sdv-id-tJYgRD,Industrial Chemicals,604,50.0,372,SHIP_V_1890,11.08,4650.0,4600.37,Active,Verified,0.0107,0.1794429414232231
SHIP_V_1168,sdv-id-XryIzh,Solar Panels,699,120.0,339,SHIP_V_1168,4.825,4237.5,4070.55,Active,Verified,0.0394,0.141237247726594
SHIP_V_1830,sdv-id-ywpMEV,Solar Panels,909,120.0,261,SHIP_V_1830,6.575,3262.5,3114.1,Active,Verified,0.0455,0.2189198468627246
SHIP_V_1914,sdv-id-qVVdBD,Raw Jute,1198,5.0,183,GHOST_VESSEL_X,238.6,2287.5,0.0,Disconnected,No_Record,1.0,0.866733672058525
SHIP_V_1243,sdv-id-RUpxKi,Raw Jute,10,5.0,1466,SHIP_V_1243,1.0,18325.0,17797.73,Active,Verified,0.0288,0.1987381240307799
SHIP_V_1841,sdv-id-NZkfXO,Industrial Chemicals,856,50.0,1826,SHIP_V_1841,16.12,22825.0,21723.48,Active,Verified,0.0483,0.147345795524511
SHIP_V_1736,sdv-id-JiiWNb,Smartphones,491,300.0,1352,SHIP_V_1736,0.6366666666666667,16900.0,16097.83,Active,Verified,0.0475,0.2312080378139371
SHIP_V_1267,sdv-id-rZHXYf,Solar Panels,360,120.0,503,SHIP_V_1267,2.0,6287.5,6212.72,Active,Verified,0.0119,0.1387520937796204
SHIP_V_1749,sdv-id-Fqbdzm,Industrial Chemicals,888,50.0,651,SHIP_V_1749,16.76,8137.5,8025.96,Active,Verified,0.0137,0.1108226394780484
SHIP_V_1972,sdv-id-EmhdBK,Solar Panels,1108,120.0,1343,SHIP_V_1972,8.233333333333333,16787.5,16423.5,Active,Verified,0.0217,0.1424174671326848
SHIP_V_1911,sdv-id-FQEVoa,Ready-made Garments,1711,8.5,370,GHOST_VESSEL_X,200.2941176470588,4625.0,0.0,Disconnected,No_Record,1.0,0.866733672058525
SHIP_V_1089,sdv-id-QBTDae,Raw Jute,1007,5.0,1807,GHOST_VESSEL_X,200.4,22587.5,0.0,Disconnected,No_Record,1.0,0.866733672058525
SHIP_V_1996,sdv-id-QQylgx,Raw Jute,1888,5.0,865,GHOST_VESSEL_X,376.6,10812.5,0.0,Disconnected,No_Record,1.0,0.866733672058525
SHIP_V_1617,sdv-id-lSnWJT,Ready-made Garments,551,8.5,1293,GHOST_VESSEL_X,63.8235294117647,16162.5,0.0,Disconnected,No_Record,1.0,0.866733672058525
SHIP_V_1424,sdv-id-bthFQd,Raw Jute,1145,5.0,912,GHOST_VESSEL_X,228.0,11400.0,0.0,Disconnected,No_Record,1.0,0.866733672058525
SHIP_V_1807,sdv-id-OOnfwS,Industrial Chemicals,443,50.0,1445,SHIP_V_1807,7.86,18062.5,17626.75,Active,Verified,0.0241,0.2460951138432635
SHIP_V_1026,sdv-id-YumEog,Ready-made Garments,587,8.5,658,GHOST_VESSEL_X,68.05882352941177,8225.0,0.0,Disconnected,No_Record,1.0,0.866733672058525
SHIP_V_1193,sdv-id-lkQSYy,Smartphones,549,300.0,649,SHIP_V_1193,0.83,8112.5,7710.6,Active,Verified,0.0495,0.1965179884324169
SHIP_V_1241,sdv-id-lLAkqM,Solar Panels,949,120.0,1012,SHIP_V_1241,6.908333333333333,12650.0,12506.23,Active,Verified,0.0114,0.1239625196857538
SHIP_V_1595,sdv-id-mBzUBo,Industrial Chemicals,650,50.0,911,SHIP_V_1595,12.0,11387.5,11116.36,Active,Verified,0.0238,0.1149941048710384
SHIP_V_1254,sdv-id-IKjUnh,Smartphones,488,300.0,1618,SHIP_V_1254,0.6266666666666667,20225.0,19639.28,Active,Verified,0.029,0.2258795515869781
SHIP_V_1808,sdv-id-TTqgpT,Industrial Chemicals,266,50.0,1819,SHIP_V_1808,4.32,22737.5,22446.15,Active,Verified,0.0128,0.128669568929284
SHIP_V_1464,sdv-id-XyTpFv,Ready-made Garments,2073,8.5,527,GHOST_VESSEL_X,242.8823529411765,6587.5,0.0,Disconnected,No_Record,1.0,0.866733672058525
SHIP_V_1890,sdv-id-qeDCrH,Raw Jute,692,5.0,398,GHOST_VESSEL_X,137.4,4975.0,0.0,Disconnected,No_Record,1.0,0.866733672058525
SHIP_V_1060,sdv-id-nRRLhv,Industrial Chemicals,2338,50.0,393,SHIP_V_1060,45.76,4912.5,4723.18,Active,Verified,0.0385,0.1459955230762648
SHIP_V_1799,sdv-id-mJcjks,Smartphones,890,300.0,1026,SHIP_V_1799,1.9666666666666663,12825.0,12418.29,Active,Verified,0.0317,0.2379526744369425
SHIP_V_1978,sdv-id-KGzdkZ,Solar Panels,428,120.0,548,SHIP_V_1978,2.566666666666667,6850.0,6510.33,Active,Verified,0.0496,0.2345378022196307
SHIP_V_1312,sdv-id-JymOpZ,Industrial Chemicals,283,50.0,1001,SHIP_V_1312,4.66,12512.5,12139.01,Active,Verified,0.0298,0.2374957629115757
SHIP_V_1938,sdv-id-CTVkdv,Ready-made Garments,305,8.5,226,SHIP_V_1938,34.88235294117647,2825.0,2777.19,Active,Verified,0.0169,0.1757273916114708
SHIP_V_1721,sdv-id-TkJILu,Smartphones,2221,300.0,925,SHIP_V_1721,6.403333333333333,11562.5,10998.32,Active,Verified,0.0488,0.1196876731292755
SHIP_V_1736,sdv-id-qbSVhP,Smartphones,636,300.0,1810,SHIP_V_1736,1.12,22625.0,21716.08,Active,Verified,0.0402,0.2323609171098815
SHIP_V_1861,sdv-id-IWtcsE,Smartphones,285,300.0,1554,SHIP_V_1861,-0.05,19425.0,18871.14,Active,Verified,0.0285,0.1572719010991395
SHIP_V_1866,sdv-id-jZyTzY,Solar Panels,1764,120.0,1080,SHIP_V_1866,13.7,13500.0,12825.74,Active,Verified,0.0499,0.1661506708467995
SHIP_V_1155,sdv-id-UmOtvg,Smartphones,674,300.0,792,SHIP_V_1155,1.2466666666666666,9900.0,9737.78,Active,Verified,0.0164,0.1910469303781675
SHIP_V_1619,sdv-id-cXhHEw,Raw Jute,463,5.0,192,GHOST_VESSEL_X,91.6,2400.0,0.0,Disconnected,No_Record,1.0,0.866733672058525
SHIP_V_1240,sdv-id-tTVvup,Smartphones,473,300.0,1147,SHIP_V_1240,0.5766666666666667,14337.5,13996.15,Active,Verified,0.0238,0.1860155527870758
SHIP_V_1530,sdv-id-Drkpgd,Raw Jute,227,5.0,998,SHIP_V_1530,44.4,12475.0,11960.4,Active,Verified,0.0413,0.239481385453225
SHIP_V_1014,sdv-id-UXSFqK,Industrial Chemicals,663,50.0,402,SHIP_V_1014,12.26,5025.0,4886.0,Active,Verified,0.0277,0.2355113231460604
SHIP_V_1627,sdv-id-BsVpjD,Solar Panels,277,120.0,1584,SHIP_V_1627,1.3083333333333331,19800.0,18933.53,Active,Verified,0.0438,0.1811209240911598
SHIP_V_1459,sdv-id-mjqxco,Smartphones,14,300.0,1950,SHIP_V_1459,-0.9533333333333334,24375.0,24094.74,Active,Verified,0.0115,0.1129782661985905
SHIP_V_1768,sdv-id-VwkOJJ,Industrial Chemicals,201,50.0,890,SHIP_V_1768,3.02,11125.0,10813.44,Active,Verified,0.028,0.1883252576970985
SHIP_V_1855,sdv-id-qtMQfj,Ready-made Garments,324,8.5,274,SHIP_V_1855,37.11764705882353,3425.0,3280.57,Active,Verified,0.0422,0.1178980800451231
SHIP_V_1590,sdv-id-rDkMip,Raw Jute,2117,5.0,242,GHOST_VESSEL_X,422.4,3025.0,0.0,Disconnected,No_Record,1.0,0.866733672058525
SHIP_V_1213,sdv-id-ifNaMQ,Ready-made Garments,14,8.5,1931,SHIP_V_1213,0.6470588235294118,24137.5,23387.11,Active,Verified,0.0311,0.1994828511243337
SHIP_V_1572,sdv-id-wOQMpv,Ready-made Garments,443,8.5,200,SHIP_V_1572,51.11764705882353,2500.0,2460.03,Active,Verified,0.016,0.2387981718980587
SHIP_V_1782,sdv-id-QMzWvq,Raw Jute,150,5.0,666,SHIP_V_1782,29.0,8325.0,8063.22,Active,Verified,0.0314,0.1615880392324267
SHIP_V_1635,sdv-id-coLOpw,Industrial Chemicals,293,50.0,794,SHIP_V_1635,4.86,9925.0,9540.69,Active,Verified,0.0387,0.1706195652030943
SHIP_V_1606,sdv-id-KogqgU,Solar Panels,996,120.0,516,SHIP_V_1606,7.3,6450.0,6317.71,Active,Verified,0.0205,0.2478600575226135
SHIP_V_1838,sdv-id-TviQwv,Smartphones,292,300.0,1335,SHIP_V_1838,-0.0266666666666666,16687.5,16039.08,Active,Verified,0.0389,0.1268604503733251
SHIP_V_1492,sdv-id-EbIECH,Raw Jute,228,5.0,1367,SHIP_V_1492,44.6,17087.5,16421.72,Active,Verified,0.039,0.1610958459870579
SHIP_V_1841,sdv-id-mcWiph,Industrial Chemicals,1066,50.0,1545,SHIP_V_1841,20.32,19312.5,18967.63,Active,Verified,0.0179,0.1210979594040276
SHIP_V_1775,sdv-id-dQAEst,Ready-made Garments,1490,8.5,1403,GHOST_VESSEL_X,174.2941176470588,17537.5,0.0,Disconnected,No_Record,1.0,0.866733672058525
SHIP_V_1859,sdv-id-GByZpP,Industrial Chemicals,317,50.0,903,SHIP_V_1859,5.34,11287.5,11043.51,Active,Verified,0.0216,0.1852430524551813
SHIP_V_1426,sdv-id-lMMHsP,Solar Panels,321,120.0,1064,SHIP_V_1426,1.675,13300.0,12761.31,Active,Verified,0.0405,0.1545830305875177
SHIP_V_1210,sdv-id-ZVfCMG,Raw Jute,25,5.0,1639,SHIP_V_1210,4.0,20487.5,20146.02,Active,Verified,0.0167,0.215520378254171
SHIP_V_1577,sdv-id-vAgpAy,Raw Jute,422,5.0,1736,GHOST_VESSEL_X,83.4,21700.0,0.0,Disconnected,No_Record,1.0,0.866733672058525
SHIP_V_1297,sdv-id-eQLjpS,Solar Panels,77,120.0,1466,SHIP_V_1297,-0.3583333333333333,18325.0,17562.43,Active,Verified,0.0416,0.1370161831016616
SHIP_V_1800,sdv-id-boITpy,Raw Jute,94,5.0,574,SHIP_V_1800,17.8,7175.0,6856.19,Active,Verified,0.0444,0.168925312063774
SHIP_V_1539,sdv-id-PwjrnE,Ready-made Garments,92,8.5,841,SHIP_V_1539,9.823529411764708,10512.5,10061.02,Active,Verified,0.0429,0.2330173867580591
SHIP_V_1103,sdv-id-ifQesf,Ready-made Garments,977,8.5,117,GHOST_VESSEL_X,113.94117647058825,1462.5,0.0,Disconnected,No_Record,1.0,0.866733672058525
SHIP_V_1865,sdv-id-OqhHuE,Ready-made Garments,1006,8.5,1315,GHOST_VESSEL_X,117.3529411764706,16437.5,0.0,Disconnected,No_Record,1.0,0.866733672058525
SHIP_V_1122,sdv-id-ZqaPIv,Smartphones,297,300.0,1839,SHIP_V_1122,-0.01,22987.5,21934.28,Active,Verified,0.0458,0.2365733492013872
SHIP_V_1961,sdv-id-KfNYAX,Solar Panels,805,120.0,789,SHIP_V_1961,5.708333333333333,9862.5,9736.08,Active,Verified,0.0128,0.1634481824785839
SHIP_V_1790,sdv-id-LnzhTr,Smartphones,652,300.0,1194,SHIP_V_1790,1.1733333333333331,14925.0,14593.15,Active,Verified,0.0222,0.1747337204326423
SHIP_V_1782,sdv-id-XncRWa,Solar Panels,192,120.0,1847,SHIP_V_1782,0.6,23087.5,22340.6,Active,Verified,0.0324,0.1213889970899496
SHIP_V_1257,sdv-id-VuFJvj,Smartphones,1490,300.0,589,SHIP_V_1257,3.966666666666667,7362.5,7012.58,Active,Verified,0.0475,0.1680423244852126
SHIP_V_1133,sdv-id-UKlEKr,Industrial Chemicals,576,50.0,1408,SHIP_V_1133,10.52,17600.0,17135.32,Active,Verified,0.0264,0.1265299193852226
SHIP_V_1731,sdv-id-VXBYow,Industrial Chemicals,1608,50.0,1970,SHIP_V_1731,31.16,24625.0,24370.62,Active,Verified,0.0103,0.1793201767258069
SHIP_V_1956,sdv-id-rbRvNZ,Raw Jute,1758,5.0,301,GHOST_VESSEL_X,350.6,3762.5,0.0,Disconnected,No_Record,1.0,0.866733672058525
SHIP_V_1293,sdv-id-FVIGfo,Industrial Chemicals,649,50.0,1456,SHIP_V_1293,11.98,18200.0,17736.64,Active,Verified,0.0255,0.2176446911630311
SHIP_V_1542,sdv-id-ymxCxk,Ready-made Garments,4,8.5,1727,SHIP_V_1542,-0.5294117647058824,21587.5,20624.7,Active,Verified,0.0446,0.1532008531351163
SHIP_V_1407,sdv-id-JaKwna,Smartphones,1442,300.0,305,SHIP_V_1407,3.806666666666666,3812.5,3640.06,Active,Verified,0.0452,0.136627175379769
SHIP_V_1981,sdv-id-tZJPkA,Smartphones,1033,300.0,521,SHIP_V_1981,2.443333333333334,6512.5,6394.65,Active,Verified,0.0181,0.1740975991170092
SHIP_V_1150,sdv-id-VsKoPv,Raw Jute,5,5.0,1496,SHIP_V_1150,0.0,18700.0,18221.22,Active,Verified,0.0256,0.1184552933329156
SHIP_V_1336,sdv-id-eoIIGC,Smartphones,921,300.0,434,SHIP_V_1336,2.07,5425.0,5228.56,Active,Verified,0.0362,0.121977390234786
SHIP_V_1610,sdv-id-ioYPTj,Ready-made Garments,919,8.5,1656,GHOST_VESSEL_X,107.11764705882354,20700.0,0.0,Disconnected,No_Record,1.0,0.866733672058525
SHIP_V_1158,sdv-id-IRqSKz,Smartphones,435,300.0,154,SHIP_V_1158,0.45,1925.0,1862.36,Active,Verified,0.0325,0.2368774027333404
SHIP_V_1691,sdv-id-aTDOaV,Solar Panels,100,120.0,190,SHIP_V_1691,-0.1666666666666666,2375.0,2257.01,Active,Verified,0.0497,0.2315378182735345
SHIP_V_1778,sdv-id-kghRob,Raw Jute,102,5.0,1495,SHIP_V_1778,19.4,18687.5,18384.6,Active,Verified,0.0162,0.1843390635590815
SHIP_V_1289,sdv-id-pPPWBi,Industrial Chemicals,543,50.0,816,SHIP_V_1289,9.86,10200.0,9995.43,Active,Verified,0.0201,0.1727819576833267
SHIP_V_1982,sdv-id-HyJToT,Ready-made Garments,488,8.5,1348,GHOST_VESSEL_X,56.411764705882355,16850.0,0.0,Disconnected,No_Record,1.0,0.866733672058525
SHIP_V_1799,sdv-id-OtpWUg,Industrial Chemicals,1627,50.0,147,SHIP_V_1799,31.54,1837.5,1778.52,Active,Verified,0.0321,0.2321609961496956
SHIP_V_1869,sdv-id-DqwRSb,Raw Jute,1877,5.0,1588,GHOST_VESSEL_X,374.4,19850.0,0.0,Disconnected,No_Record,1.0,0.866733672058525
SHIP_V_1912,sdv-id-JKtQZJ,Smartphones,782,300.0,827,SHIP_V_1912,1.606666666666667,10337.5,10036.11,Active,Verified,0.0292,0.1083925608208731
SHIP_V_1501,sdv-id-WYAGVQ,Industrial Chemicals,1307,50.0,926,SHIP_V_1501,25.14,11575.0,11118.04,Active,Verified,0.0395,0.1987497628562976
SHIP_V_1865,sdv-id-bvCmBV,Ready-made Garments,617,8.5,1361,GHOST_VESSEL_X,71.58823529411765,17012.5,0.0,Disconnected,No_Record,1.0,0.866733672058525
SHIP_V_1278,sdv-id-nYUyFe,Smartphones,934,300.0,1837,SHIP_V_1278,2.1133333333333333,22962.5,22542.03,Active,Verified,0.0183,0.1877811718781266
SHIP_V_1128,sdv-id-baXsFC,Ready-made Garments,319,8.5,1557,SHIP_V_1128,36.52941176470589,19462.5,18653.55,Active,Verified,0.0416,0.1847303878025554
SHIP_V_1663,sdv-id-dWYHfs,Industrial Chemicals,1174,50.0,417,SHIP_V_1663,22.48,5212.5,4958.16,Active,Verified,0.0488,0.1036266585011468
SHIP_V_1669,sdv-id-IEhvRR,Industrial Chemicals,1821,50.0,503,SHIP_V_1669,35.42,6287.5,6039.41,Active,Verified,0.0395,0.2495036428677451
SHIP_V_1379,sdv-id-NUGxcV,Ready-made Garments,449,8.5,1488,SHIP_V_1379,51.8235294117647,18600.0,17963.2,Active,Verified,0.0342,0.1769298375522361
SHIP_V_1860,sdv-id-TmSDhV,Industrial Chemicals,659,50.0,796,SHIP_V_1860,12.18,9950.0,9839.79,Active,Verified,0.0111,0.2071490397116336
SHIP_V_1699,sdv-id-qxMZPB,Industrial Chemicals,1024,50.0,176,SHIP_V_1699,19.48,2200.0,2124.58,Active,Verified,0.0343,0.1217716774580968
SHIP_V_1576,sdv-id-zuZoru,Raw Jute,1106,5.0,1080,GHOST_VESSEL_X,220.2,13500.0,0.0,Disconnected,No_Record,1.0,0.866733672058525
SHIP_V_1722,sdv-id-GpCZdb,Smartphones,112,300.0,1355,SHIP_V_1722,-0.6266666666666667,16937.5,16558.21,Active,Verified,0.0224,0.113194704632489
SHIP_V_1501,sdv-id-UuoqoU,Industrial Chemicals,571,50.0,1657,SHIP_V_1501,10.42,20712.5,20017.97,Active,Verified,0.0335,0.1166405009519775
SHIP_V_1100,sdv-id-ygaBLr,Smartphones,1838,300.0,1791,SHIP_V_1100,5.126666666666667,22387.5,21751.92,Active,Verified,0.0284,0.1988726624509698
SHIP_V_1387,sdv-id-rVOGVe,Raw Jute,1596,5.0,354,GHOST_VESSEL_X,318.2,4425.0,0.0,Disconnected,No_Record,1.0,0.866733672058525
SHIP_V_1856,sdv-id-ZQwLCq,Ready-made Garments,1553,8.5,1154,GHOST_VESSEL_X,181.7058823529412,14425.0,0.0,Disconnected,No_Record,1.0,0.866733672058525
SHIP_V_1191,sdv-id-ZKEOaU,Smartphones,101,300.0,986,SHIP_V_1191,-0.6633333333333333,12325.0,11911.3,Active,Verified,0.0336,0.1797854628062013
SHIP_V_1462,sdv-id-LdgEiw,Industrial Chemicals,610,50.0,1254,SHIP_V_1462,11.2,15675.0,15461.31,Active,Verified,0.0136,0.1688085332005129
SHIP_V_1628,sdv-id-qbjXQM,Ready-made Garments,661,8.5,1100,GHOST_VESSEL_X,76.76470588235294,13750.0,0.0,Disconnected,No_Record,1.0,0.866733672058525
SHIP_V_1904,sdv-id-aQqYKK,Industrial Chemicals,1154,50.0,1505,SHIP_V_1904,22.08,18812.5,18355.45,Active,Verified,0.0243,0.1706001462109965
SHIP_V_1645,sdv-id-EjiBeI,Ready-made Garments,1457,8.5,1339,GHOST_VESSEL_X,170.41176470588235,16737.5,0.0,Disconnected,No_Record,1.0,0.866733672058525
SHIP_V_1112,sdv-id-DruKpY,Industrial Chemicals,1970,50.0,956,SHIP_V_1112,38.4,11950.0,11475.88,Active,Verified,0.0397,0.2393104993034994
SHIP_V_1230,sdv-id-UfkFvG,Smartphones,1533,300.0,1608,SHIP_V_1230,4.11,20100.0,19554.4,Active,Verified,0.0271,0.2470497168143232
SHIP_V_1656,sdv-id-Jemuzx,Ready-made Garments,485,8.5,1430,GHOST_VESSEL_X,56.05882352941177,17875.0,0.0,Disconnected,No_Record,1.0,0.866733672058525
SHIP_V_1700,sdv-id-msRbrE,Industrial Chemicals,39,50.0,1471,SHIP_V_1700,-0.22,18387.5,17927.76,Active,Verified,0.025,0.114477428585684
SHIP_V_1346,sdv-id-yhHEAV,Ready-made Garments,29,8.5,724,SHIP_V_1346,2.411764705882353,9050.0,8830.19,Active,Verified,0.0243,0.1539726906445503
SHIP_V_1984,sdv-id-dMzNbO,Industrial Chemicals,1041,50.0,834,SHIP_V_1984,19.82,10425.0,9914.53,Active,Verified,0.049,0.2035810959941268
SHIP_V_1745,sdv-id-fyjdFT,Smartphones,86,300.0,1566,SHIP_V_1745,-0.7133333333333334,19575.0,19213.09,Active,Verified,0.0185,0.1907489296665379
SHIP_V_1307,sdv-id-dbZwbB,Industrial Chemicals,1238,50.0,1855,SHIP_V_1307,23.76,23187.5,22373.05,Active,Verified,0.0351,0.1547115593698322
SHIP_V_1203,sdv-id-KsSqMe,Ready-made Garments,320,8.5,346,SHIP_V_1203,36.64705882352941,4325.0,4276.3,Active,Verified,0.0113,0.1828000205003631
SHIP_V_1831,sdv-id-AYjCvb,Solar Panels,945,120.0,1638,SHIP_V_1831,6.875,20475.0,19735.31,Active,Verified,0.0361,0.1342139622353772
SHIP_V_1427,sdv-id-xpDtDs,Smartphones,852,300.0,185,SHIP_V_1427,1.84,2312.5,2209.14,Active,Verified,0.0447,0.1925112938555509
SHIP_V_1741,sdv-id-qTFbyS,Ready-made Garments,105,8.5,584,SHIP_V_1741,11.352941176470589,7300.0,7017.66,Active,Verified,0.0387,0.1531624482636991
SHIP_V_1183,sdv-id-khdEKh,Industrial Chemicals,181,50.0,1738,SHIP_V_1183,2.62,21725.0,20782.43,Active,Verified,0.0434,0.1135133773428247
SHIP_V_1306,sdv-id-QFJIpm,Smartphones,725,300.0,1111,SHIP_V_1306,1.4166666666666667,13887.5,13341.82,Active,Verified,0.0393,0.1974997331075819
SHIP_V_1230,sdv-id-HpZGQB,Solar Panels,1733,120.0,925,SHIP_V_1230,13.441666666666666,11562.5,11032.58,Active,Verified,0.0458,0.2089671759175342
SHIP_V_1910,sdv-id-UrAphV,Raw Jute,884,5.0,474,GHOST_VESSEL_X,175.8,5925.0,0.0,Disconnected,No_Record,1.0,0.866733672058525
SHIP_V_1751,sdv-id-RwIUcP,Raw Jute,873,5.0,483,GHOST_VESSEL_X,173.6,6037.5,0.0,Disconnected,No_Record,1.0,0.866733672058525
SHIP_V_1644,sdv-id-AMdESG,Ready-made Garments,835,8.5,1677,GHOST_VESSEL_X,97.23529411764706,20962.5,0.0,Disconnected,No_Record,1.0,0.866733672058525
SHIP_V_1510,sdv-id-tMvDGj,Raw Jute,1584,5.0,799,GHOST_VESSEL_X,315.8,9987.5,0.0,Disconnected,No_Record,1.0,0.866733672058525
SHIP_V_1671,sdv-id-imCwuF,Smartphones,611,300.0,1937,SHIP_V_1671,1.0366666666666666,24212.5,23409.1,Active,Verified,0.0332,0.2194676571955274
SHIP_V_1463,sdv-id-ywoPGa,Raw Jute,1858,5.0,1113,GHOST_VESSEL_X,370.6,13912.5,0.0,Disconnected,No_Record,1.0,0.866733672058525
SHIP_V_1819,sdv-id-dLbyzz,Ready-made Garments,1206,8.5,938,GHOST_VESSEL_X,140.88235294117646,11725.0,0.0,Disconnected,No_Record,1.0,0.866733672058525
SHIP_V_1888,sdv-id-TYgAcm,Solar Panels,902,120.0,1350,SHIP_V_1888,6.516666666666667,16875.0,16189.35,Active,Verified,0.0406,0.1684552703760093
SHIP_V_1962,sdv-id-aCvXIc,Industrial Chemicals,1403,50.0,916,SHIP_V_1962,27.06,11450.0,11334.73,Active,Verified,0.0101,0.2404233924092583
SHIP_V_1617,sdv-id-iXOHyQ,Raw Jute,452,5.0,655,GHOST_VESSEL_X,89.4,8187.5,0.0,Disconnected,No_Record,1.0,0.866733672058525
SHIP_V_1408,sdv-id-aJLrGo,Ready-made Garments,157,8.5,1220,SHIP_V_1408,17.470588235294116,15250.0,14720.05,Active,Verified,0.0348,0.1712383754750379
SHIP_V_1090,sdv-id-yDMfsN,Raw Jute,277,5.0,752,SHIP_V_1090,54.4,9400.0,9019.96,Active,Verified,0.0404,0.1837596549368892
SHIP_V_1295,sdv-id-dPDhhl,Ready-made Garments,436,8.5,868,SHIP_V_1295,50.294117647058826,10850.0,10573.86,Active,Verified,0.0255,0.2171512019485161
SHIP_V_1845,sdv-id-nGUyiV,Raw Jute,347,5.0,409,GHOST_VESSEL_X,68.4,5112.5,0.0,Disconnected,No_Record,1.0,0.866733672058525
SHIP_V_1170,sdv-id-edzjmG,Solar Panels,1618,120.0,1204,SHIP_V_1170,12.483333333333333,15050.0,14856.42,Active,Verified,0.0129,0.1213426024397956
SHIP_V_1053,sdv-id-JyCtSY,Ready-made Garments,520,8.5,197,GHOST_VESSEL_X,60.1764705882353,2462.5,0.0,Disconnected,No_Record,1.0,0.866733672058525
SHIP_V_1002,sdv-id-DYyxcJ,Ready-made Garments,998,8.5,190,GHOST_VESSEL_X,116.41176470588236,2375.0,0.0,Disconnected,No_Record,1.0,0.866733672058525
SHIP_V_1544,sdv-id-pUUMFR,Ready-made Garments,576,8.5,1096,GHOST_VESSEL_X,66.76470588235294,13700.0,0.0,Disconnected,No_Record,1.0,0.866733672058525
SHIP_V_1959,sdv-id-PRCvGQ,Raw Jute,1041,5.0,1832,GHOST_VESSEL_X,207.2,22900.0,0.0,Disconnected,No_Record,1.0,0.866733672058525
SHIP_V_1303,sdv-id-AIvvMv,Raw Jute,57,5.0,825,SHIP_V_1303,10.4,10312.5,9905.19,Active,Verified,0.0395,0.1361183093912112
SHIP_V_1911,sdv-id-xXmjXP,Ready-made Garments,140,8.5,1527,SHIP_V_1911,15.470588235294118,19087.5,18652.77,Active,Verified,0.0228,0.1279382725472584
SHIP_V_1054,sdv-id-RoKeXj,Smartphones,645,300.0,457,SHIP_V_1054,1.15,5712.5,5599.52,Active,Verified,0.0198,0.1964271870799951
SHIP_V_1362,sdv-id-IAKeiq,Raw Jute,779,5.0,1428,GHOST_VESSEL_X,154.8,17850.0,0.0,Disconnected,No_Record,1.0,0.866733672058525
SHIP_V_1282,sdv-id-CqWDFa,Industrial Chemicals,274,50.0,997,SHIP_V_1282,4.48,12462.5,11873.44,Active,Verified,0.0473,0.1834884322049143
SHIP_V_1220,sdv-id-RDqMFK,Industrial Chemicals,1982,50.0,1004,SHIP_V_1220,38.64,12550.0,12419.75,Active,Verified,0.0104,0.165308052736226
SHIP_V_1360,sdv-id-HVUNjp,Raw Jute,860,5.0,853,GHOST_VESSEL_X,171.0,10662.5,0.0,Disconnected,No_Record,1.0,0.866733672058525
SHIP_V_1490,sdv-id-oqpTAY,Solar Panels,137,120.0,618,SHIP_V_1490,0.1416666666666666,7725.0,7519.31,Active,Verified,0.0266,0.1160281557265218
SHIP_V_1643,sdv-id-ZHoWnG,Raw Jute,574,5.0,597,GHOST_VESSEL_X,113.8,7462.5,0.0,Disconnected,No_Record,1.0,0.866733672058525
SHIP_V_1222,sdv-id-ERziPW,Industrial Chemicals,1279,50.0,185,SHIP_V_1222,24.58,2312.5,2256.98,Active,Verified,0.024,0.2462192653915021
SHIP_V_1075,sdv-id-rCXkug,Raw Jute,1155,5.0,1540,GHOST_VESSEL_X,230.0,19250.0,0.0,Disconnected,No_Record,1.0,0.866733672058525
SHIP_V_1471,sdv-id-UzwloR,Ready-made Garments,1442,8.5,981,GHOST_VESSEL_X,168.64705882352942,12262.5,0.0,Disconnected,No_Record,1.0,0.866733672058525
SHIP_V_1788,sdv-id-xzqOZS,Solar Panels,685,120.0,402,SHIP_V_1788,4.708333333333333,5025.0,4786.07,Active,Verified,0.0475,0.1590092349895797
SHIP_V_1252,sdv-id-zXutbo,Industrial Chemicals,1074,50.0,1036,SHIP_V_1252,20.48,12950.0,12678.05,Active,Verified,0.021,0.211309240623173
SHIP_V_1989,sdv-id-hRtUbE,Industrial Chemicals,1090,50.0,1448,SHIP_V_1989,20.8,18100.0,17902.43,Active,Verified,0.0109,0.1183644581047913
SHIP_V_1331,sdv-id-eoJzzi,Ready-made Garments,1287,8.5,1157,GHOST_VESSEL_X,150.41176470588235,14462.5,0.0,Disconnected,No_Record,1.0,0.866733672058525
SHIP_V_1774,sdv-id-YYuAfV,Raw Jute,341,5.0,1139,GHOST_VESSEL_X,67.2,14237.5,0.0,Disconnected,No_Record,1.0,0.866733672058525
SHIP_V_1699,sdv-id-ILAhJS,Ready-made Garments,154,8.5,527,SHIP_V_1699,17.11764705882353,6587.5,6495.53,Active,Verified,0.014,0.2393736632543816
SHIP_V_1677,sdv-id-GWKfsY,Raw Jute,990,5.0,310,GHOST_VESSEL_X,197.0,3875.0,0.0,Disconnected,No_Record,1.0,0.866733672058525
SHIP_V_1241,sdv-id-QuMOvj,Ready-made Garments,392,8.5,137,SHIP_V_1241,45.11764705882353,1712.5,1678.99,Active,Verified,0.0196,0.1859216439259934
SHIP_V_1094,sdv-id-CfIJiL,Raw Jute,377,5.0,1028,GHOST_VESSEL_X,74.4,12850.0,0.0,Disconnected,No_Record,1.0,0.866733672058525
SHIP_V_1827,sdv-id-YpqkvX,Industrial Chemicals,2307,50.0,150,SHIP_V_1827,45.14,1875.0,1850.03,Active,Verified,0.0133,0.1552018187869276
SHIP_V_1759,sdv-id-pHCBzq,Industrial Chemicals,132,50.0,1728,SHIP_V_1759,1.64,21600.0,21062.1,Active,Verified,0.0249,0.2362662983792058
SHIP_V_1821,sdv-id-ZuCoPh,Industrial Chemicals,1523,50.0,672,SHIP_V_1821,29.46,8400.0,8098.54,Active,Verified,0.0359,0.245815735147185
SHIP_V_1812,sdv-id-jyAucb,Ready-made Garments,772,8.5,1074,GHOST_VESSEL_X,89.82352941176471,13425.0,0.0,Disconnected,No_Record,1.0,0.866733672058525
SHIP_V_1055,sdv-id-fUAEQa,Smartphones,214,300.0,1923,SHIP_V_1055,-0.2866666666666667,24037.5,23220.28,Active,Verified,0.034,0.1919871018936943
SHIP_V_1345,sdv-id-gHBkNE,Raw Jute,1343,5.0,199,GHOST_VESSEL_X,267.6,2487.5,0.0,Disconnected,No_Record,1.0,0.866733672058525
SHIP_V_1852,sdv-id-QakZkc,Solar Panels,187,120.0,1737,SHIP_V_1852,0.5583333333333333,21712.5,20635.83,Active,Verified,0.0496,0.2211899174194917
SHIP_V_1451,sdv-id-zqndua,Industrial Chemicals,323,50.0,548,SHIP_V_1451,5.46,6850.0,6613.85,Active,Verified,0.0345,0.1682453233076805
SHIP_V_1773,sdv-id-ABYZKJ,Raw Jute,2349,5.0,1532,GHOST_VESSEL_X,468.8,19150.0,0.0,Disconnected,No_Record,1.0,0.866733672058525
SHIP_V_1916,sdv-id-JIKOHL,Ready-made Garments,1677,8.5,844,GHOST_VESSEL_X,196.2941176470588,10550.0,0.0,Disconnected,No_Record,1.0,0.866733672058525
SHIP_V_1777,sdv-id-tpUuca,Industrial Chemicals,989,50.0,1054,SHIP_V_1777,18.78,13175.0,12763.83,Active,Verified,0.0312,0.1963439600888664
SHIP_V_1061,sdv-id-qGlhvc,Smartphones,261,300.0,1309,SHIP_V_1061,-0.13,16362.5,16158.83,Active,Verified,0.0124,0.1948635767493312
SHIP_V_1243,sdv-id-XwaRrB,Ready-made Garments,115,8.5,676,SHIP_V_1243,12.529411764705882,8450.0,8243.71,Active,Verified,0.0244,0.2350269311618802
SHIP_V_1746,sdv-id-cPKxez,Ready-made Garments,9,8.5,267,SHIP_V_1746,0.0588235294117647,3337.5,3186.57,Active,Verified,0.0452,0.184895188726823
SHIP_V_1860,sdv-id-nBimqU,Industrial Chemicals,896,50.0,964,SHIP_V_1860,16.92,12050.0,11569.12,Active,Verified,0.0399,0.2083007415231651
SHIP_V_1170,sdv-id-dVAQgp,Raw Jute,1769,5.0,361,GHOST_VESSEL_X,352.8,4512.5,0.0,Disconnected,No_Record,1.0,0.866733672058525
SHIP_V_1396,sdv-id-eDyFFC,Solar Panels,1725,120.0,235,SHIP_V_1396,13.375,2937.5,2791.79,Active,Verified,0.0496,0.1967570649875494
SHIP_V_1679,sdv-id-TODbon,Ready-made Garments,642,8.5,1339,GHOST_VESSEL_X,74.52941176470588,16737.5,0.0,Disconnected,No_Record,1.0,0.866733672058525
SHIP_V_1779,sdv-id-anoxUA,Raw Jute,1150,5.0,272,GHOST_VESSEL_X,229.0,3400.0,0.0,Disconnected,No_Record,1.0,0.866733672058525
SHIP_V_1003,sdv-id-ltqbzX,Industrial Chemicals,20,50.0,605,SHIP_V_1003,-0.6,7562.5,7296.08,Active,Verified,0.0352,0.1467912608702891
SHIP_V_1234,sdv-id-GNMJQC,Industrial Chemicals,827,50.0,1200,SHIP_V_1234,15.54,15000.0,14728.24,Active,Verified,0.0181,0.1106940136359479
SHIP_V_1487,sdv-id-WEcFCG,Industrial Chemicals,779,50.0,1207,SHIP_V_1487,14.58,15087.5,14575.7,Active,Verified,0.0339,0.1279289860127999
SHIP_V_1008,sdv-id-wwgswK,Smartphones,40,300.0,389,SHIP_V_1008,-0.8666666666666667,4862.5,4780.45,Active,Verified,0.0169,0.217738148452458
SHIP_V_1157,sdv-id-uuRUmy,Smartphones,463,300.0,489,SHIP_V_1157,0.5433333333333333,6112.5,5959.5,Active,Verified,0.025,0.218716575037028
SHIP_V_1704,sdv-id-DBBgSK,Solar Panels,304,120.0,1874,SHIP_V_1704,1.5333333333333334,23425.0,22292.27,Active,Verified,0.0484,0.1320332655221791
SHIP_V_1533,sdv-id-ckwpiZ,Solar Panels,160,120.0,527,SHIP_V_1533,0.3333333333333333,6587.5,6507.52,Active,Verified,0.0121,0.1743436462883411
SHIP_V_1405,sdv-id-ywVJHC,Raw Jute,458,5.0,1244,GHOST_VESSEL_X,90.6,15550.0,0.0,Disconnected,No_Record,1.0,0.866733672058525
SHIP_V_1469,sdv-id-jNhwOA,Smartphones,554,300.0,950,SHIP_V_1469,0.8466666666666667,11875.0,11566.36,Active,Verified,0.026,0.1099796825883236
SHIP_V_1737,sdv-id-wxDkKa,Raw Jute,601,5.0,1042,GHOST_VESSEL_X,119.2,13025.0,0.0,Disconnected,No_Record,1.0,0.866733672058525
SHIP_V_1507,sdv-id-pbcMdZ,Smartphones,1264,300.0,1632,SHIP_V_1507,3.213333333333334,20400.0,19647.34,Active,Verified,0.0369,0.1598965608870998
SHIP_V_1798,sdv-id-JhPZax,Industrial Chemicals,136,50.0,1871,SHIP_V_1798,1.72,23387.5,22366.68,Active,Verified,0.0436,0.2447917476919877
SHIP_V_1547,sdv-id-nuwXyP,Ready-made Garments,786,8.5,1183,GHOST_VESSEL_X,91.47058823529412,14787.5,0.0,Disconnected,No_Record,1.0,0.866733672058525
SHIP_V_1477,sdv-id-TdCIdv,Ready-made Garments,3,8.5,487,SHIP_V_1477,-0.6470588235294118,6087.5,5876.13,Active,Verified,0.0347,0.2217571209189089
SHIP_V_1818,sdv-id-fuMGen,Ready-made Garments,14,8.5,1689,SHIP_V_1818,0.6470588235294118,21112.5,20665.39,Active,Verified,0.0212,0.2425268826834717
SHIP_V_1403,sdv-id-yPxWVd,Smartphones,764,300.0,1871,SHIP_V_1403,1.5466666666666666,23387.5,22937.57,Active,Verified,0.0192,0.1990604910582367
SHIP_V_1346,sdv-id-pVuXPG,Industrial Chemicals,175,50.0,1268,SHIP_V_1346,2.5,15850.0,15563.3,Active,Verified,0.0181,0.1475449599041432
SHIP_V_1954,sdv-id-nJWVag,Solar Panels,671,120.0,796,SHIP_V_1954,4.591666666666667,9950.0,9574.34,Active,Verified,0.0378,0.121104173904554
SHIP_V_1288,sdv-id-BawpHs,Smartphones,395,300.0,1536,SHIP_V_1288,0.3166666666666666,19200.0,18870.15,Active,Verified,0.0172,0.2246740626802743
SHIP_V_1528,sdv-id-UlSRbE,Smartphones,1026,300.0,260,SHIP_V_1528,2.42,3250.0,3138.72,Active,Verified,0.0342,0.1473608141350281
SHIP_V_1844,sdv-id-NpLmUh,Ready-made Garments,429,8.5,791,SHIP_V_1844,49.47058823529411,9887.5,9446.51,Active,Verified,0.0446,0.1347422645695768
SHIP_V_1585,sdv-id-RrDIxD,Solar Panels,294,120.0,1366,SHIP_V_1585,1.45,17075.0,16322.88,Active,Verified,0.044,0.1501711276375033
SHIP_V_1062,sdv-id-oQixsM,Industrial Chemicals,1327,50.0,1522,SHIP_V_1062,25.54,19025.0,18385.4,Active,Verified,0.0336,0.1509934432937342
SHIP_V_1954,sdv-id-bzQFco,Solar Panels,1176,120.0,396,SHIP_V_1954,8.8,4950.0,4731.3,Active,Verified,0.0442,0.1990947835290723
SHIP_V_1439,sdv-id-FnfBuY,Smartphones,155,300.0,244,SHIP_V_1439,-0.4833333333333333,3050.0,2985.78,Active,Verified,0.0211,0.2334790974080449
SHIP_V_1513,sdv-id-wCpSck,Raw Jute,2635,5.0,1074,GHOST_VESSEL_X,526.0,13425.0,0.0,Disconnected,No_Record,1.0,0.866733672058525
SHIP_V_1665,sdv-id-zWlTFM,Industrial Chemicals,36,50.0,547,SHIP_V_1665,-0.28,6837.5,6528.27,Active,Verified,0.0452,0.1307481627651479
SHIP_V_1509,sdv-id-rqUjUn,Smartphones,553,300.0,1454,SHIP_V_1509,0.8433333333333334,18175.0,17957.43,Active,Verified,0.012,0.1327355917396259
SHIP_V_1486,sdv-id-lSLSgg,Smartphones,781,300.0,1299,SHIP_V_1486,1.6033333333333333,16237.5,15672.33,Active,Verified,0.0348,0.2244180860268711
SHIP_V_1201,sdv-id-QVEJmz,Smartphones,747,300.0,1326,SHIP_V_1201,1.49,16575.0,15859.36,Active,Verified,0.0432,0.1232693899766548
SHIP_V_1931,sdv-id-vmtNsE,Solar Panels,1025,120.0,858,SHIP_V_1931,7.541666666666667,10725.0,10571.58,Active,Verified,0.0143,0.1924656751433797
SHIP_V_1826,sdv-id-GGYmkI,Industrial Chemicals,807,50.0,1716,SHIP_V_1826,15.14,21450.0,21147.72,Active,Verified,0.0141,0.1098451976633234
SHIP_V_1871,sdv-id-MIfBlp,Smartphones,62,300.0,1658,SHIP_V_1871,-0.7933333333333333,20725.0,19898.04,Active,Verified,0.0399,0.1703664221211953
SHIP_V_1211,sdv-id-ElIcUg,Smartphones,581,300.0,1760,SHIP_V_1211,0.9366666666666666,22000.0,21227.62,Active,Verified,0.0351,0.2352784358247364
SHIP_V_1081,sdv-id-JbNbjX,Smartphones,1928,300.0,1075,SHIP_V_1081,5.426666666666667,13437.5,13234.64,Active,Verified,0.0151,0.2129338304224713
SHIP_V_1335,sdv-id-hDPZJC,Solar Panels,771,120.0,1568,SHIP_V_1335,5.425,19600.0,18881.22,Active,Verified,0.0367,0.1193687251445555
SHIP_V_1423,sdv-id-IklCKO,Ready-made Garments,635,8.5,642,GHOST_VESSEL_X,73.70588235294117,8025.0,0.0,Disconnected,No_Record,1.0,0.866733672058525
SHIP_V_1875,sdv-id-pxnESF,Raw Jute,42,5.0,1044,SHIP_V_1875,7.4,13050.0,12811.05,Active,Verified,0.0183,0.2420725984602745
SHIP_V_1913,sdv-id-mhGZRt,Raw Jute,1585,5.0,1608,GHOST_VESSEL_X,316.0,20100.0,0.0,Disconnected,No_Record,1.0,0.866733672058525
SHIP_V_1366,sdv-id-pLjHDv,Solar Panels,142,120.0,753,SHIP_V_1366,0.1833333333333333,9412.5,9202.15,Active,Verified,0.0223,0.155480124621798
SHIP_V_1137,sdv-id-DHGxvM,Raw Jute,1112,5.0,1624,GHOST_VESSEL_X,221.4,20300.0,0.0,Disconnected,No_Record,1.0,0.866733672058525
SHIP_V_1554,sdv-id-ZdDZmf,Solar Panels,1420,120.0,1336,SHIP_V_1554,10.833333333333334,16700.0,16130.86,Active,Verified,0.0341,0.2339122331716445
SHIP_V_1923,sdv-id-mHKpuS,Smartphones,301,300.0,422,SHIP_V_1923,0.0033333333333333,5275.0,5088.73,Active,Verified,0.0353,0.2031259386417646
SHIP_V_1859,sdv-id-lSFtDJ,Raw Jute,1122,5.0,270,GHOST_VESSEL_X,223.4,3375.0,0.0,Disconnected,No_Record,1.0,0.866733672058525
SHIP_V_1463,sdv-id-yrdvnS,Smartphones,1279,300.0,985,SHIP_V_1463,3.263333333333333,12312.5,11707.82,Active,Verified,0.0491,0.1303153912759155
SHIP_V_1819,sdv-id-bOeJwC,Smartphones,1094,300.0,1240,SHIP_V_1819,2.6466666666666665,15500.0,14833.07,Active,Verified,0.043,0.1780811092402001
SHIP_V_1716,sdv-id-XCwihJ,Ready-made Garments,3,8.5,1922,SHIP_V_1716,-0.6470588235294118,24025.0,23338.89,Active,Verified,0.0286,0.2426313317948241
SHIP_V_1781,sdv-id-ilQoFY,Ready-made Garments,230,8.5,134,SHIP_V_1781,26.058823529411764,1675.0,1652.86,Active,Verified,0.0132,0.1176774025853533
SHIP_V_1728,sdv-id-ZJuRAL,Industrial Chemicals,1034,50.0,430,SHIP_V_1728,19.68,5375.0,5202.57,Active,Verified,0.0321,0.1959966219992273
SHIP_V_1650,sdv-id-HFhqnf,Raw Jute,1738,5.0,1894,GHOST_VESSEL_X,346.6,23675.0,0.0,Disconnected,No_Record,1.0,0.866733672058525
SHIP_V_1772,sdv-id-FvHnhg,Solar Panels,111,120.0,606,SHIP_V_1772,-0.075,7575.0,7410.73,Active,Verified,0.0217,0.1449956039274093
SHIP_V_1972,sdv-id-BShXEJ,Ready-made Garments,583,8.5,1445,GHOST_VESSEL_X,67.58823529411765,18062.5,0.0,Disconnected,No_Record,1.0,0.866733672058525
SHIP_V_1043,sdv-id-FOOGkI,Smartphones,408,300.0,1569,SHIP_V_1043,0.36,19612.5,18975.6,Active,Verified,0.0325,0.1948421159480711
SHIP_V_1338,sdv-id-WjQhGW,Ready-made Garments,926,8.5,1656,GHOST_VESSEL_X,107.94117647058825,20700.0,0.0,Disconnected,No_Record,1.0,0.866733672058525
SHIP_V_1355,sdv-id-UeLsEi,Ready-made Garments,1254,8.5,238,GHOST_VESSEL_X,146.52941176470588,2975.0,0.0,Disconnected,No_Record,1.0,0.866733672058525
SHIP_V_1508,sdv-id-DuylEt,Smartphones,1169,300.0,1225,SHIP_V_1508,2.8966666666666665,15312.5,14553.81,Active,Verified,0.0495,0.2292043056919429
SHIP_V_1672,sdv-id-tirFXJ,Smartphones,1131,300.0,352,SHIP_V_1672,2.77,4400.0,4232.31,Active,Verified,0.0381,0.1974554260169752
SHIP_V_1410,sdv-id-MRyKma,Smartphones,200,300.0,1898,SHIP_V_1410,-0.3333333333333333,23725.0,23402.29,Active,Verified,0.0136,0.2392275019438397
SHIP_V_1864,sdv-id-XgskDm,Raw Jute,659,5.0,1639,GHOST_VESSEL_X,130.8,20487.5,0.0,Disconnected,No_Record,1.0,0.866733672058525
SHIP_V_1733,sdv-id-shSRHN,Smartphones,411,300.0,1600,SHIP_V_1733,0.37,20000.0,19764.49,Active,Verified,0.0118,0.1702448451010852
SHIP_V_1603,sdv-id-fadzyo,Industrial Chemicals,1439,50.0,732,SHIP_V_1603,27.78,9150.0,9001.17,Active,Verified,0.0163,0.1975633916811386
SHIP_V_1470,sdv-id-WYIslJ,Ready-made Garments,314,8.5,636,SHIP_V_1470,35.94117647058823,7950.0,7624.19,Active,Verified,0.041,0.234080528046005
SHIP_V_1803,sdv-id-PIGiIY,Raw Jute,1110,5.0,877,GHOST_VESSEL_X,221.0,10962.5,0.0,Disconnected,No_Record,1.0,0.866733672058525
SHIP_V_1653,sdv-id-qeUJBb,Smartphones,167,300.0,808,SHIP_V_1653,-0.4433333333333333,10100.0,9876.06,Active,Verified,0.0222,0.1078454888183673
SHIP_V_1488,sdv-id-AHsUuF,Raw Jute,731,5.0,559,GHOST_VESSEL_X,145.2,6987.5,0.0,Disconnected,No_Record,1.0,0.866733672058525
SHIP_V_1892,sdv-id-CtbzDr,Raw Jute,1329,5.0,135,GHOST_VESSEL_X,264.8,1687.5,0.0,Disconnected,No_Record,1.0,0.866733672058525
SHIP_V_1900,sdv-id-dAHSFD,Smartphones,841,300.0,1137,SHIP_V_1900,1.8033333333333332,14212.5,13814.79,Active,Verified,0.028,0.245190010343491
SHIP_V_1923,sdv-id-WZArNq,Ready-made Garments,414,8.5,386,SHIP_V_1923,47.705882352941174,4825.0,4745.28,Active,Verified,0.0165,0.2362621529332776
SHIP_V_1424,sdv-id-rSLsNy,Raw Jute,1326,5.0,918,GHOST_VESSEL_X,264.2,11475.0,0.0,Disconnected,No_Record,1.0,0.866733672058525
SHIP_V_1633,sdv-id-rYbPzL,Smartphones,1522,300.0,1237,SHIP_V_1633,4.073333333333333,15462.5,14802.39,Active,Verified,0.0427,0.1493820528351488
SHIP_V_1968,sdv-id-AbghPS,Raw Jute,1665,5.0,349,GHOST_VESSEL_X,332.0,4362.5,0.0,Disconnected,No_Record,1.0,0.866733672058525
SHIP_V_1170,sdv-id-KODUHJ,Raw Jute,531,5.0,288,GHOST_VESSEL_X,105.2,3600.0,0.0,Disconnected,No_Record,1.0,0.866733672058525
SHIP_V_1100,sdv-id-PIEmWB,Ready-made Garments,406,8.5,1679,SHIP_V_1100,46.76470588235294,20987.5,20236.68,Active,Verified,0.0358,0.2246734014853991
SHIP_V_1465,sdv-id-KLZFTx,Solar Panels,2381,120.0,785,SHIP_V_1465,18.841666666666665,9812.5,9560.81,Active,Verified,0.0256,0.1722713518054565
SHIP_V_1274,sdv-id-ZZwiUZ,Industrial Chemicals,1338,50.0,182,SHIP_V_1274,25.76,2275.0,2237.4,Active,Verified,0.0165,0.168167434040718
SHIP_V_1730,sdv-id-sDRIKK,Smartphones,556,300.0,935,SHIP_V_1730,0.8533333333333334,11687.5,11323.17,Active,Verified,0.0312,0.1895759867217971
SHIP_V_1265,sdv-id-jrbXzf,Industrial Chemicals,507,50.0,390,SHIP_V_1265,9.14,4875.0,4737.35,Active,Verified,0.0282,0.1584724689781959
SHIP_V_1374,sdv-id-hliqJn,Solar Panels,138,120.0,683,SHIP_V_1374,0.15,8537.5,8373.57,Active,Verified,0.0192,0.1946704122469862
SHIP_V_1529,sdv-id-cRpPTJ,Solar Panels,646,120.0,894,SHIP_V_1529,4.383333333333334,11175.0,10693.73,Active,Verified,0.0431,0.180164439845431
SHIP_V_1105,sdv-id-mKZJAv,Ready-made Garments,68,8.5,1098,SHIP_V_1105,7.0,13725.0,13551.21,Active,Verified,0.0127,0.2276460227847409
SHIP_V_1857,sdv-id-Psgxax,Ready-made Garments,110,8.5,201,SHIP_V_1857,11.941176470588236,2512.5,2452.57,Active,Verified,0.0239,0.2437759281524859
SHIP_V_1841,sdv-id-bigWpF,Solar Panels,260,120.0,1861,SHIP_V_1841,1.1666666666666667,23262.5,22603.67,Active,Verified,0.0283,0.1680242075233745
SHIP_V_1494,sdv-id-jfzQDG,Raw Jute,1384,5.0,1318,GHOST_VESSEL_X,275.8,16475.0,0.0,Disconnected,No_Record,1.0,0.866733672058525
SHIP_V_1835,sdv-id-bmDbZt,Smartphones,449,300.0,940,SHIP_V_1835,0.4966666666666666,11750.0,11278.57,Active,Verified,0.0401,0.1474595559434427
SHIP_V_1391,sdv-id-AZnWfE,Smartphones,400,300.0,717,SHIP_V_1391,0.3333333333333333,8962.5,8662.64,Active,Verified,0.0335,0.2371290876155261
SHIP_V_1101,sdv-id-GZABCr,Solar Panels,457,120.0,1685,SHIP_V_1101,2.808333333333333,21062.5,20403.73,Active,Verified,0.0313,0.1456061103611064
SHIP_V_1008,sdv-id-vOWFWY,Solar Panels,15,120.0,1517,SHIP_V_1008,-0.875,18962.5,18242.04,Active,Verified,0.038,0.1035145383524712
SHIP_V_1618,sdv-id-DwCwiZ,Solar Panels,183,120.0,1022,SHIP_V_1618,0.525,12775.0,12290.73,Active,Verified,0.0379,0.1146904996130473
SHIP_V_1922,sdv-id-IvDobB,Ready-made Garments,1243,8.5,1018,GHOST_VESSEL_X,145.23529411764707,12725.0,0.0,Disconnected,No_Record,1.0,0.866733672058525
SHIP_V_1116,sdv-id-pNMHGj,Industrial Chemicals,211,50.0,1420,SHIP_V_1116,3.22,17750.0,16915.03,Active,Verified,0.047,0.1544809653011536
SHIP_V_1106,sdv-id-YhAOnK,Ready-made Garments,311,8.5,1241,SHIP_V_1106,35.588235294117645,15512.5,14775.12,Active,Verified,0.0475,0.1873444748101001
SHIP_V_1653,sdv-id-SlzPJl,Ready-made Garments,991,8.5,917,GHOST_VESSEL_X,115.58823529411764,11462.5,0.0,Disconnected,No_Record,1.0,0.866733672058525
SHIP_V_1638,sdv-id-fmPdSI,Raw Jute,382,5.0,1573,GHOST_VESSEL_X,75.4,19662.5,0.0,Disconnected,No_Record,1.0,0.866733672058525
SHIP_V_1652,sdv-id-btsKwj,Solar Panels,156,120.0,908,SHIP_V_1652,0.3,11350.0,10869.36,Active,Verified,0.0423,0.2054571373483185
SHIP_V_1504,sdv-id-SqJYtT,Raw Jute,798,5.0,1934,GHOST_VESSEL_X,158.6,24175.0,0.0,Disconnected,No_Record,1.0,0.866733672058525
SHIP_V_1231,sdv-id-VpDRxt,Ready-made Garments,508,8.5,1610,GHOST_VESSEL_X,58.76470588235294,20125.0,0.0,Disconnected,No_Record,1.0,0.866733672058525
SHIP_V_1419,sdv-id-CYnpRP,Ready-made Garments,21,8.5,810,SHIP_V_1419,1.4705882352941178,10125.0,9623.29,Active,Verified,0.0496,0.2137560164552183
SHIP_V_1344,sdv-id-Qgexmw,Industrial Chemicals,135,50.0,1608,SHIP_V_1344,1.7,20100.0,19857.76,Active,Verified,0.0121,0.1866431122770089
SHIP_V_1470,sdv-id-FZBIsO,Ready-made Garments,572,8.5,1352,GHOST_VESSEL_X,66.29411764705883,16900.0,0.0,Disconnected,No_Record,1.0,0.866733672058525
SHIP_V_1973,sdv-id-DcuJNF,Solar Panels,1456,120.0,810,SHIP_V_1973,11.133333333333333,10125.0,9806.08,Active,Verified,0.0315,0.2414332321545097
SHIP_V_1679,sdv-id-FEAxNK,Industrial Chemicals,2226,50.0,636,SHIP_V_1679,43.52,7950.0,7738.09,Active,Verified,0.0267,0.1892282486481392
SHIP_V_1522,sdv-id-GaoIBU,Raw Jute,1867,5.0,1157,GHOST_VESSEL_X,372.4,14462.5,0.0,Disconnected,No_Record,1.0,0.866733672058525
SHIP_V_1425,sdv-id-wozjwO,Smartphones,954,300.0,1817,SHIP_V_1425,2.18,22712.5,21906.11,Active,Verified,0.0355,0.1477262148153688
SHIP_V_1831,sdv-id-CWAGSU,Ready-made Garments,1889,8.5,1115,GHOST_VESSEL_X,221.23529411764707,13937.5,0.0,Disconnected,No_Record,1.0,0.866733672058525
SHIP_V_1031,sdv-id-ECwrpy,Raw Jute,970,5.0,722,GHOST_VESSEL_X,193.0,9025.0,0.0,Disconnected,No_Record,1.0,0.866733672058525
SHIP_V_1883,sdv-id-odGhQU,Raw Jute,116,5.0,281,SHIP_V_1883,22.2,3512.5,3354.67,Active,Verified,0.0449,0.1162630843144945
SHIP_V_1890,sdv-id-TQDZnj,Raw Jute,606,5.0,1280,GHOST_VESSEL_X,120.2,16000.0,0.0,Disconnected,No_Record,1.0,0.866733672058525
SHIP_V_1354,sdv-id-cVrHBl,Smartphones,184,300.0,1645,SHIP_V_1354,-0.3866666666666666,20562.5,20147.4,Active,Verified,0.0202,0.137070522823681
SHIP_V_1589,sdv-id-BIIaPW,Ready-made Garments,694,8.5,891,GHOST_VESSEL_X,80.6470588235294,11137.5,0.0,Disconnected,No_Record,1.0,0.866733672058525
SHIP_V_1562,sdv-id-AkYzlS,Ready-made Garments,1665,8.5,295,GHOST_VESSEL_X,194.8823529411765,3687.5,0.0,Disconnected,No_Record,1.0,0.866733672058525
SHIP_V_1724,sdv-id-njtZaX,Industrial Chemicals,741,50.0,921,SHIP_V_1724,13.82,11512.5,11010.8,Active,Verified,0.0436,0.1852690413426547
SHIP_V_1890,sdv-id-fAQlTm,Smartphones,610,300.0,762,SHIP_V_1890,1.0333333333333334,9525.0,9059.09,Active,Verified,0.0489,0.1159642313668123
SHIP_V_1341,sdv-id-RMsmgr,Ready-made Garments,496,8.5,181,GHOST_VESSEL_X,57.35294117647059,2262.5,0.0,Disconnected,No_Record,1.0,0.866733672058525
SHIP_V_1391,sdv-id-tRIjIN,Raw Jute,1213,5.0,1553,GHOST_VESSEL_X,241.6,19412.5,0.0,Disconnected,No_Record,1.0,0.866733672058525
SHIP_V_1840,sdv-id-prQxSd,Ready-made Garments,384,8.5,803,SHIP_V_1840,44.1764705882353,10037.5,9586.5,Active,Verified,0.0449,0.196184246658451
SHIP_V_1550,sdv-id-JGAzbO,Industrial Chemicals,396,50.0,1476,SHIP_V_1550,6.92,18450.0,18258.55,Active,Verified,0.0104,0.2333779119054582
SHIP_V_1878,sdv-id-kJPRGX,Smartphones,1597,300.0,1156,SHIP_V_1878,4.323333333333333,14450.0,14241.58,Active,Verified,0.0144,0.1366417944051141
SHIP_V_1079,sdv-id-OzszYb,Ready-made Garments,214,8.5,702,SHIP_V_1079,24.176470588235293,8775.0,8624.62,Active,Verified,0.0171,0.1088836612273122
SHIP_V_1081,sdv-id-wdCfIL,Industrial Chemicals,1366,50.0,857,SHIP_V_1081,26.32,10712.5,10231.55,Active,Verified,0.0449,0.1200597036173922
SHIP_V_1128,sdv-id-bBgoYn,Solar Panels,662,120.0,382,SHIP_V_1128,4.516666666666667,4775.0,4536.88,Active,Verified,0.0499,0.1285144078394191
SHIP_V_1751,sdv-id-SPInRi,Solar Panels,994,120.0,668,SHIP_V_1751,7.283333333333333,8350.0,8158.09,Active,Verified,0.023,0.2049136285465404
SHIP_V_1258,sdv-id-fhmUwn,Ready-made Garments,1987,8.5,361,GHOST_VESSEL_X,232.76470588235293,4512.5,0.0,Disconnected,No_Record,1.0,0.866733672058525
SHIP_V_1569,sdv-id-lbczDC,Industrial Chemicals,1355,50.0,759,SHIP_V_1569,26.1,9487.5,9132.95,Active,Verified,0.0374,0.1378869299330318
SHIP_V_1497,sdv-id-XsZpFM,Ready-made Garments,1192,8.5,1528,GHOST_VESSEL_X,139.23529411764707,19100.0,0.0,Disconnected,No_Record,1.0,0.866733672058525
SHIP_V_1291,sdv-id-XJqaGK,Solar Panels,189,120.0,1202,SHIP_V_1291,0.575,15025.0,14374.94,Active,Verified,0.0433,0.1456476460348814
SHIP_V_1877,sdv-id-LxyWOo,Industrial Chemicals,600,50.0,119,SHIP_V_1877,11.0,1487.5,1417.5,Active,Verified,0.0471,0.121253280392782
SHIP_V_1525,sdv-id-LjlMvw,Raw Jute,1014,5.0,1409,GHOST_VESSEL_X,201.8,17612.5,0.0,Disconnected,No_Record,1.0,0.866733672058525
SHIP_V_1030,sdv-id-rPaZio,Raw Jute,494,5.0,342,GHOST_VESSEL_X,97.8,4275.0,0.0,Disconnected,No_Record,1.0,0.866733672058525
SHIP_V_1989,sdv-id-tCwnou,Smartphones,130,300.0,1725,SHIP_V_1989,-0.5666666666666667,21562.5,20783.09,Active,Verified,0.0361,0.2306060483726713
SHIP_V_1545,sdv-id-YZksMP,Raw Jute,1760,5.0,578,GHOST_VESSEL_X,351.0,7225.0,0.0,Disconnected,No_Record,1.0,0.866733672058525
SHIP_V_1600,sdv-id-Tdswhm,Smartphones,583,300.0,1117,SHIP_V_1600,0.9433333333333334,13962.5,13381.75,Active,Verified,0.0416,0.1257118853856376
SHIP_V_1175,sdv-id-wOlkew,Smartphones,1449,300.0,524,SHIP_V_1175,3.83,6550.0,6251.82,Active,Verified,0.0455,0.1876025864924238
SHIP_V_1203,sdv-id-TNhRTC,Solar Panels,1591,120.0,1052,SHIP_V_1203,12.258333333333333,13150.0,12604.93,Active,Verified,0.0415,0.1970980981352542
SHIP_V_1966,sdv-id-NgodYv,Industrial Chemicals,690,50.0,895,SHIP_V_1966,12.8,11187.5,11021.53,Active,Verified,0.0148,0.2143351923725596
SHIP_V_1301,sdv-id-tlPmJz,Industrial Chemicals,240,50.0,1691,SHIP_V_1301,3.8,21137.5,20235.77,Active,Verified,0.0427,0.2335027814584205
SHIP_V_1069,sdv-id-AAoOhc,Smartphones,62,300.0,385,SHIP_V_1069,-0.7933333333333333,4812.5,4690.65,Active,Verified,0.0253,0.2365087723575207
SHIP_V_1688,sdv-id-JRqykT,Solar Panels,269,120.0,1335,SHIP_V_1688,1.2416666666666667,16687.5,16411.45,Active,Verified,0.0165,0.2261887911640875
SHIP_V_1574,sdv-id-KqTjrs,Ready-made Garments,1197,8.5,1493,GHOST_VESSEL_X,139.8235294117647,18662.5,0.0,Disconnected,No_Record,1.0,0.866733672058525
SHIP_V_1636,sdv-id-ETMlbB,Ready-made Garments,500,8.5,105,GHOST_VESSEL_X,57.8235294117647,1312.5,0.0,Disconnected,No_Record,1.0,0.866733672058525
SHIP_V_1536,sdv-id-vNPIFy,Raw Jute,1089,5.0,1346,GHOST_VESSEL_X,216.8,16825.0,0.0,Disconnected,No_Record,1.0,0.866733672058525
SHIP_V_1555,sdv-id-UQRKfo,Solar Panels,1392,120.0,115,SHIP_V_1555,10.6,1437.5,1415.13,Active,Verified,0.0156,0.1441229584935928
SHIP_V_1012,sdv-id-BounIE,Raw Jute,230,5.0,1229,SHIP_V_1012,45.0,15362.5,15050.28,Active,Verified,0.0203,0.1430513274221111
SHIP_V_1090,sdv-id-lrIxPX,Ready-made Garments,856,8.5,420,GHOST_VESSEL_X,99.70588235294116,5250.0,0.0,Disconnected,No_Record,1.0,0.866733672058525
SHIP_V_1966,sdv-id-QFaCYl,Ready-made Garments,1060,8.5,1792,GHOST_VESSEL_X,123.70588235294116,22400.0,0.0,Disconnected,No_Record,1.0,0.866733672058525
SHIP_V_1962,sdv-id-AfGVgY,Raw Jute,1174,5.0,1413,GHOST_VESSEL_X,233.8,17662.5,0.0,Disconnected,No_Record,1.0,0.866733672058525
SHIP_V_1877,sdv-id-lRTaLu,Smartphones,431,300.0,544,SHIP_V_1877,0.4366666666666666,6800.0,6638.61,Active,Verified,0.0237,0.1021439909397341
SHIP_V_1319,sdv-id-pQLObv,Solar Panels,125,120.0,1581,SHIP_V_1319,0.0416666666666666,19762.5,19223.11,Active,Verified,0.0273,0.1640561831125942
SHIP_V_1290,sdv-id-WmtZVv,Solar Panels,244,120.0,1175,SHIP_V_1290,1.0333333333333334,14687.5,14297.85,Active,Verified,0.0265,0.1402685383620216
SHIP_V_1283,sdv-id-dzaJoV,Raw Jute,840,5.0,107,GHOST_VESSEL_X,167.0,1337.5,0.0,Disconnected,No_Record,1.0,0.866733672058525
SHIP_V_1890,sdv-id-pxvDeE,Smartphones,401,300.0,1921,SHIP_V_1890,0.3366666666666666,24012.5,23307.74,Active,Verified,0.0293,0.2382797295912778
SHIP_V_1126,sdv-id-IUQnKd,Ready-made Garments,109,8.5,589,SHIP_V_1126,11.823529411764708,7362.5,7034.88,Active,Verified,0.0445,0.2187829404097054
SHIP_V_1795,sdv-id-MDTqVb,Raw Jute,563,5.0,513,GHOST_VESSEL_X,111.6,6412.5,0.0,Disconnected,No_Record,1.0,0.866733672058525
SHIP_V_1887,sdv-id-cRcEJi,Smartphones,1,300.0,850,SHIP_V_1887,-0.9966666666666668,10625.0,10121.55,Active,Verified,0.0474,0.1184930816908456
SHIP_V_1829,sdv-id-njLccz,Raw Jute,22,5.0,1602,SHIP_V_1829,3.4,20025.0,19551.57,Active,Verified,0.0236,0.2035100430604021
SHIP_V_1082,sdv-id-ksqpnO,Solar Panels,5,120.0,1656,SHIP_V_1082,-0.9583333333333334,20700.0,19980.43,Active,Verified,0.0348,0.2270359995035928
SHIP_V_1608,sdv-id-gAXYHf,Smartphones,975,300.0,1321,SHIP_V_1608,2.25,16512.5,15930.17,Active,Verified,0.0353,0.2251944867379881
SHIP_V_1127,sdv-id-oyNGRr,Ready-made Garments,1312,8.5,443,GHOST_VESSEL_X,153.35294117647058,5537.5,0.0,Disconnected,No_Record,1.0,0.866733672058525
SHIP_V_1344,sdv-id-mbWvwT,Solar Panels,398,120.0,1881,SHIP_V_1344,2.316666666666667,23512.5,22858.04,Active,Verified,0.0278,0.1573680445703342
SHIP_V_1135,sdv-id-TxWyjY,Raw Jute,1280,5.0,1874,GHOST_VESSEL_X,255.0,23425.0,0.0,Disconnected,No_Record,1.0,0.866733672058525
SHIP_V_1080,sdv-id-SJYPad,Ready-made Garments,1054,8.5,1211,GHOST_VESSEL_X,123.0,15137.5,0.0,Disconnected,No_Record,1.0,0.866733672058525
SHIP_V_1668,sdv-id-sDKRvb,Raw Jute,515,5.0,1584,GHOST_VESSEL_X,102.0,19800.0,0.0,Disconnected,No_Record,1.0,0.866733672058525
SHIP_V_1772,sdv-id-iOSuSq,Smartphones,653,300.0,1888,SHIP_V_1772,1.1766666666666667,23600.0,22721.23,Active,Verified,0.0372,0.1891362312679356
SHIP_V_1057,sdv-id-LySfPI,Smartphones,540,300.0,775,SHIP_V_1057,0.8,9687.5,9220.06,Active,Verified,0.0483,0.1301743099522716
SHIP_V_1422,sdv-id-cXKOyy,Smartphones,160,300.0,228,SHIP_V_1422,-0.4666666666666667,2850.0,2804.77,Active,Verified,0.0159,0.1479540713925473
SHIP_V_1014,sdv-id-pBrzAv,Smartphones,312,300.0,1345,SHIP_V_1014,0.04,16812.5,16379.54,Active,Verified,0.0258,0.2176849975604204
SHIP_V_1674,sdv-id-AZdQvs,Ready-made Garments,429,8.5,1217,SHIP_V_1674,49.47058823529411,15212.5,14722.0,Active,Verified,0.0322,0.1925854486360097
SHIP_V_1634,sdv-id-pxKqFO,Industrial Chemicals,1515,50.0,317,SHIP_V_1634,29.3,3962.5,3839.8,Active,Verified,0.031,0.2191094087662362
SHIP_V_1517,sdv-id-XASNfL,Smartphones,1291,300.0,1385,SHIP_V_1517,3.3033333333333332,17312.5,17000.8,Active,Verified,0.018,0.1056390059112454
SHIP_V_1071,sdv-id-VFXvyt,Ready-made Garments,169,8.5,1620,SHIP_V_1071,18.88235294117647,20250.0,19992.84,Active,Verified,0.0127,0.1166187101511236
SHIP_V_1145,sdv-id-WGUqWv,Raw Jute,1819,5.0,680,GHOST_VESSEL_X,362.8,8500.0,0.0,Disconnected,No_Record,1.0,0.866733672058525
SHIP_V_1226,sdv-id-cOsAxS,Smartphones,91,300.0,1886,SHIP_V_1226,-0.6966666666666667,23575.0,22756.16,Active,Verified,0.0347,0.1817645392755844
SHIP_V_1145,sdv-id-dpqsEF,Industrial Chemicals,1195,50.0,1540,SHIP_V_1145,22.9,19250.0,18992.24,Active,Verified,0.0134,0.1293964176625794
SHIP_V_1583,sdv-id-ZcZYHb,Ready-made Garments,403,8.5,1638,SHIP_V_1583,46.411764705882355,20475.0,19938.71,Active,Verified,0.0262,0.1398030986709576
SHIP_V_1175,sdv-id-FYCsmg,Ready-made Garments,820,8.5,1009,GHOST_VESSEL_X,95.47058823529412,12612.5,0.0,Disconnected,No_Record,1.0,0.866733672058525
SHIP_V_1578,sdv-id-JAguod,Solar Panels,1164,120.0,1550,SHIP_V_1578,8.7,19375.0,18999.68,Active,Verified,0.0194,0.1741115629981841
SHIP_V_1879,sdv-id-sjRicr,Ready-made Garments,82,8.5,1735,SHIP_V_1879,8.647058823529411,21687.5,20697.2,Active,Verified,0.0457,0.1603034295922623
SHIP_V_1641,sdv-id-CXfNtv,Raw Jute,676,5.0,858,GHOST_VESSEL_X,134.2,10725.0,0.0,Disconnected,No_Record,1.0,0.866733672058525
SHIP_V_1750,sdv-id-zZqwEd,Solar Panels,1121,120.0,1064,SHIP_V_1750,8.341666666666667,13300.0,12729.7,Active,Verified,0.0429,0.2213720707428753
SHIP_V_1853,sdv-id-eUZQJb,Ready-made Garments,3,8.5,1758,SHIP_V_1853,-0.6470588235294118,21975.0,21054.46,Active,Verified,0.0419,0.1745100567266542
SHIP_V_1344,sdv-id-iyTvpV,Industrial Chemicals,1191,50.0,133,SHIP_V_1344,22.82,1662.5,1590.89,Active,Verified,0.0431,0.2338552985307762
SHIP_V_1788,sdv-id-WrpgTf,Smartphones,521,300.0,179,SHIP_V_1788,0.7366666666666667,2237.5,2204.5,Active,Verified,0.0147,0.1946543933571259
SHIP_V_1723,sdv-id-CyfbRb,Solar Panels,2359,120.0,575,SHIP_V_1723,18.658333333333335,7187.5,6902.82,Active,Verified,0.0396,0.199715961209822
SHIP_V_1459,sdv-id-VlAjgE,Smartphones,505,300.0,878,SHIP_V_1459,0.6833333333333333,10975.0,10712.25,Active,Verified,0.0239,0.1446970948002822
SHIP_V_1148,sdv-id-bYfZnR,Ready-made Garments,958,8.5,1182,GHOST_VESSEL_X,111.70588235294116,14775.0,0.0,Disconnected,No_Record,1.0,0.866733672058525
SHIP_V_1127,sdv-id-UUTJTj,Ready-made Garments,1480,8.5,1721,GHOST_VESSEL_X,173.11764705882354,21512.5,0.0,Disconnected,No_Record,1.0,0.866733672058525
SHIP_V_1316,sdv-id-Fdjsbj,Raw Jute,281,5.0,941,GHOST_VESSEL_X,55.2,11762.5,0.0,Disconnected,No_Record,1.0,0.866733672058525
SHIP_V_1325,sdv-id-TYoczt,Smartphones,1033,300.0,328,SHIP_V_1325,2.443333333333334,4100.0,4038.96,Active,Verified,0.0149,0.1255812201798557
SHIP_V_1104,sdv-id-ZGlCJv,Ready-made Garments,1090,8.5,625,GHOST_VESSEL_X,127.23529411764706,7812.5,0.0,Disconnected,No_Record,1.0,0.866733672058525
SHIP_V_1550,sdv-id-akCebk,Solar Panels,1056,120.0,1921,SHIP_V_1550,7.8,24012.5,22976.68,Active,Verified,0.0431,0.2476199886563608
SHIP_V_1452,sdv-id-hCMzpm,Ready-made Garments,106,8.5,1669,SHIP_V_1452,11.470588235294118,20862.5,19985.56,Active,Verified,0.042,0.2405929713170334
SHIP_V_1248,sdv-id-SmHnyu,Industrial Chemicals,190,50.0,1049,SHIP_V_1248,2.8,13112.5,12486.86,Active,Verified,0.0477,0.23400595065298
SHIP_V_1450,sdv-id-kvpBDj,Smartphones,99,300.0,1765,SHIP_V_1450,-0.67,22062.5,21167.7,Active,Verified,0.0406,0.1803604690515032
SHIP_V_1266,sdv-id-BTsgeg,Industrial Chemicals,916,50.0,398,SHIP_V_1266,17.32,4975.0,4816.65,Active,Verified,0.0318,0.2240918173958868
SHIP_V_1094,sdv-id-zHeTdQ,Smartphones,529,300.0,1199,SHIP_V_1094,0.7633333333333333,14987.5,14770.19,Active,Verified,0.0145,0.2263823564440779
SHIP_V_1209,sdv-id-JoOwbz,Ready-made Garments,1271,8.5,991,GHOST_VESSEL_X,148.52941176470588,12387.5,0.0,Disconnected,No_Record,1.0,0.866733672058525
SHIP_V_1979,sdv-id-WWqXFH,Industrial Chemicals,291,50.0,1360,SHIP_V_1979,4.82,17000.0,16593.79,Active,Verified,0.0239,0.1358042323089166
SHIP_V_1227,sdv-id-LCzmAb,Solar Panels,958,120.0,1206,SHIP_V_1227,6.983333333333333,15075.0,14727.24,Active,Verified,0.0231,0.1566684218187066
SHIP_V_1695,sdv-id-oHOkbo,Raw Jute,1137,5.0,1675,GHOST_VESSEL_X,226.4,20937.5,0.0,Disconnected,No_Record,1.0,0.866733672058525
SHIP_V_1618,sdv-id-YpeYSt,Smartphones,84,300.0,291,SHIP_V_1618,-0.72,3637.5,3486.62,Active,Verified,0.0415,0.2399307806190329
SHIP_V_1288,sdv-id-tvRzMk,Ready-made Garments,431,8.5,1539,SHIP_V_1288,49.705882352941174,19237.5,18814.92,Active,Verified,0.022,0.1174406399657031
SHIP_V_1066,sdv-id-YoIYlG,Ready-made Garments,232,8.5,269,SHIP_V_1066,26.294117647058822,3362.5,3249.53,Active,Verified,0.0336,0.1944094640503764
SHIP_V_1588,sdv-id-dzvKKw,Industrial Chemicals,915,50.0,1635,SHIP_V_1588,17.3,20437.5,19439.42,Active,Verified,0.0488,0.1945784725636405
SHIP_V_1951,sdv-id-fVdfHF,Raw Jute,835,5.0,1589,GHOST_VESSEL_X,166.0,19862.5,0.0,Disconnected,No_Record,1.0,0.866733672058525
SHIP_V_1216,sdv-id-ZwQXAd,Raw Jute,905,5.0,393,GHOST_VESSEL_X,180.0,4912.5,0.0,Disconnected,No_Record,1.0,0.866733672058525
SHIP_V_1264,sdv-id-LKAnIz,Smartphones,610,300.0,1954,SHIP_V_1264,1.0333333333333334,24425.0,24117.21,Active,Verified,0.0126,0.1170372136696963
SHIP_V_1559,sdv-id-zppJjV,Raw Jute,408,5.0,457,GHOST_VESSEL_X,80.6,5712.5,0.0,Disconnected,No_Record,1.0,0.866733672058525
SHIP_V_1464,sdv-id-rcHpJp,Industrial Chemicals,483,50.0,1800,SHIP_V_1464,8.66,22500.0,21486.27,Active,Verified,0.0451,0.2300474653146626
SHIP_V_1006,sdv-id-gxThEY,Smartphones,1009,300.0,183,SHIP_V_1006,2.3633333333333333,2287.5,2210.87,Active,Verified,0.0335,0.1072679656731733
SHIP_V_1981,sdv-id-SkHinD,Raw Jute,344,5.0,1760,GHOST_VESSEL_X,67.8,22000.0,0.0,Disconnected,No_Record,1.0,0.866733672058525
SHIP_V_1973,sdv-id-hMjInj,Raw Jute,1717,5.0,1709,GHOST_VESSEL_X,342.4,21362.5,0.0,Disconnected,No_Record,1.0,0.866733672058525
SHIP_V_1080,sdv-id-KOFIOa,Smartphones,880,300.0,766,SHIP_V_1080,1.9333333333333331,9575.0,9303.0,Active,Verified,0.0284,0.1356318526535532
SHIP_V_1653,sdv-id-NHFWnX,Smartphones,185,300.0,309,SHIP_V_1653,-0.3833333333333333,3862.5,3671.98,Active,Verified,0.0493,0.1383226778520091
SHIP_V_1416,sdv-id-seuElA,Ready-made Garments,629,8.5,1720,GHOST_VESSEL_X,73.0,21500.0,0.0,Disconnected,No_Record,1.0,0.866733672058525
SHIP_V_1057,sdv-id-MwRHcs,Smartphones,81,300.0,942,SHIP_V_1057,-0.73,11775.0,11596.28,Active,Verified,0.0152,0.1760949136961957
SHIP_V_1562,sdv-id-XpSOYz,Smartphones,76,300.0,404,SHIP_V_1562,-0.7466666666666667,5050.0,4992.11,Active,Verified,0.0115,0.2137716807995071
SHIP_V_1231,sdv-id-FbIFgS,Industrial Chemicals,1214,50.0,352,SHIP_V_1231,23.28,4400.0,4284.54,Active,Verified,0.0262,0.2338197804518435
SHIP_V_1764,sdv-id-jLQkEA,Raw Jute,883,5.0,587,GHOST_VESSEL_X,175.6,7337.5,0.0,Disconnected,No_Record,1.0,0.866733672058525
SHIP_V_1352,sdv-id-kTfRsH,Ready-made Garments,392,8.5,1961,SHIP_V_1352,45.11764705882353,24512.5,23521.63,Active,Verified,0.0404,0.2249582584140347
SHIP_V_1825,sdv-id-fNNadP,Smartphones,469,300.0,672,SHIP_V_1825,0.5633333333333334,8400.0,8281.27,Active,Verified,0.0141,0.1945151463589235
SHIP_V_1120,sdv-id-VWnvMR,Smartphones,253,300.0,346,SHIP_V_1120,-0.1566666666666666,4325.0,4252.75,Active,Verified,0.0167,0.2426063610999747
SHIP_V_1326,sdv-id-DJkcBk,Ready-made Garments,824,8.5,903,GHOST_VESSEL_X,95.94117647058825,11287.5,0.0,Disconnected,No_Record,1.0,0.866733672058525
SHIP_V_1328,sdv-id-NzxiAu,Industrial Chemicals,1836,50.0,239,SHIP_V_1328,35.72,2987.5,2952.04,Active,Verified,0.0119,0.2403176766635711
SHIP_V_1321,sdv-id-dGAaps,Ready-made Garments,159,8.5,349,SHIP_V_1321,17.705882352941178,4362.5,4244.34,Active,Verified,0.0271,0.1813766372198535
SHIP_V_1284,sdv-id-PEjgto,Ready-made Garments,1917,8.5,1295,GHOST_VESSEL_X,224.52941176470588,16187.5,0.0,Disconnected,No_Record,1.0,0.866733672058525
SHIP_V_1741,sdv-id-dVyoxI,Raw Jute,472,5.0,797,GHOST_VESSEL_X,93.4,9962.5,0.0,Disconnected,No_Record,1.0,0.866733672058525
SHIP_V_1446,sdv-id-XsvfOj,Smartphones,330,300.0,688,SHIP_V_1446,0.1,8600.0,8399.69,Active,Verified,0.0233,0.2272767043333955
SHIP_V_1349,sdv-id-HcGLqs,Smartphones,38,300.0,670,SHIP_V_1349,-0.8733333333333333,8375.0,8018.99,Active,Verified,0.0425,0.1717948191401257
SHIP_V_1316,sdv-id-oZxxyX,Industrial Chemicals,3135,50.0,272,GHOST_VESSEL_X,61.7,3400.0,0.0,Disconnected,No_Record,1.0,0.866733672058525
SHIP_V_1380,sdv-id-xszizQ,Raw Jute,1033,5.0,1853,GHOST_VESSEL_X,205.6,23162.5,0.0,Disconnected,No_Record,1.0,0.866733672058525
SHIP_V_1117,sdv-id-IHVmOd,Ready-made Garments,106,8.5,1343,SHIP_V_1117,11.470588235294118,16787.5,16225.49,Active,Verified,0.0335,0.1524432837144574
SHIP_V_1331,sdv-id-jNrQYW,Smartphones,446,300.0,1146,SHIP_V_1331,0.4866666666666667,14325.0,14034.4,Active,Verified,0.0203,0.1461322236290459
SHIP_V_1547,sdv-id-KqXMke,Solar Panels,941,120.0,1508,SHIP_V_1547,6.841666666666667,18850.0,18293.27,Active,Verified,0.0295,0.145783332794624
SHIP_V_1756,sdv-id-kghrMV,Raw Jute,801,5.0,797,GHOST_VESSEL_X,159.2,9962.5,0.0,Disconnected,No_Record,1.0,0.866733672058525
SHIP_V_1927,sdv-id-OBxoMU,Industrial Chemicals,699,50.0,698,SHIP_V_1927,12.98,8725.0,8372.81,Active,Verified,0.0404,0.1541648021789208
SHIP_V_1109,sdv-id-xHVqFq,Smartphones,465,300.0,312,SHIP_V_1109,0.55,3900.0,3774.96,Active,Verified,0.0321,0.1152831172377032
SHIP_V_1297,sdv-id-sfbgal,Industrial Chemicals,42,50.0,1424,SHIP_V_1297,-0.16,17800.0,17004.73,Active,Verified,0.0447,0.2362487435866303
SHIP_V_1063,sdv-id-JxxSCD,Ready-made Garments,370,8.5,784,SHIP_V_1063,42.52941176470589,9800.0,9314.75,Active,Verified,0.0495,0.2039317040389972
SHIP_V_1547,sdv-id-IJNclG,Smartphones,548,300.0,923,SHIP_V_1547,0.8266666666666667,11537.5,11137.04,Active,Verified,0.0347,0.2157359555880159
SHIP_V_1946,sdv-id-dlxLKr,Smartphones,957,300.0,181,SHIP_V_1946,2.19,2262.5,2151.5,Active,Verified,0.0491,0.1173753887085512
SHIP_V_1592,sdv-id-EXeqxN,Smartphones,1132,300.0,1518,SHIP_V_1592,2.7733333333333334,18975.0,18402.4,Active,Verified,0.0302,0.2347006736622967
SHIP_V_1683,sdv-id-cpebuQ,Ready-made Garments,593,8.5,203,GHOST_VESSEL_X,68.76470588235294,2537.5,0.0,Disconnected,No_Record,1.0,0.866733672058525
SHIP_V_1396,sdv-id-BowkVF,Ready-made Garments,516,8.5,946,GHOST_VESSEL_X,59.705882352941174,11825.0,0.0,Disconnected,No_Record,1.0,0.866733672058525
SHIP_V_1326,sdv-id-LmFbco,Industrial Chemicals,888,50.0,1037,SHIP_V_1326,16.76,12962.5,12352.89,Active,Verified,0.047,0.1996958659813774
SHIP_V_1464,sdv-id-WfpGQi,Ready-made Garments,880,8.5,830,GHOST_VESSEL_X,102.52941176470588,10375.0,0.0,Disconnected,No_Record,1.0,0.866733672058525
SHIP_V_1410,sdv-id-fdmOqz,Solar Panels,361,120.0,1820,SHIP_V_1410,2.0083333333333333,22750.0,22071.94,Active,Verified,0.0298,0.2292671181817288
SHIP_V_1928,sdv-id-cnSMwY,Smartphones,845,300.0,1316,SHIP_V_1928,1.8166666666666669,16450.0,16059.36,Active,Verified,0.0237,0.1685292838791818
SHIP_V_1456,sdv-id-IcTeLb,Raw Jute,2043,5.0,576,GHOST_VESSEL_X,407.6,7200.0,0.0,Disconnected,No_Record,1.0,0.866733672058525
SHIP_V_1747,sdv-id-gQBGAS,Smartphones,408,300.0,1999,SHIP_V_1747,0.36,24987.5,24195.0,Active,Verified,0.0317,0.2223776824692475
SHIP_V_1918,sdv-id-BoQrRU,Industrial Chemicals,1155,50.0,837,SHIP_V_1918,22.1,10462.5,10097.5,Active,Verified,0.0349,0.1421044651827108
SHIP_V_1688,sdv-id-bkYGnp,Solar Panels,446,120.0,1001,SHIP_V_1688,2.716666666666667,12512.5,11976.92,Active,Verified,0.0428,0.2496619468747165
SHIP_V_1833,sdv-id-FvDPnZ,Solar Panels,158,120.0,784,SHIP_V_1833,0.3166666666666666,9800.0,9451.4,Active,Verified,0.0356,0.1766243817316353
SHIP_V_1994,sdv-id-YFnNWc,Solar Panels,140,120.0,1195,SHIP_V_1994,0.1666666666666666,14937.5,14416.43,Active,Verified,0.0349,0.2335445876730964
SHIP_V_1527,sdv-id-QnRqoK,Industrial Chemicals,1615,50.0,973,SHIP_V_1527,31.3,12162.5,11713.39,Active,Verified,0.0369,0.1383570693109007
SHIP_V_1413,sdv-id-NJXBuE,Ready-made Garments,89,8.5,1799,SHIP_V_1413,9.470588235294118,22487.5,21812.9,Active,Verified,0.03,0.1925589612348718
SHIP_V_1103,sdv-id-HWmmCo,Smartphones,1113,300.0,1186,SHIP_V_1103,2.71,14825.0,14094.67,Active,Verified,0.0493,0.1823479386112133
SHIP_V_1283,sdv-id-yNMCsO,Solar Panels,954,120.0,156,SHIP_V_1283,6.95,1950.0,1865.81,Active,Verified,0.0432,0.2271347956706994
SHIP_V_1275,sdv-id-MREAfM,Ready-made Garments,1664,8.5,1851,GHOST_VESSEL_X,194.76470588235293,23137.5,0.0,Disconnected,No_Record,1.0,0.866733672058525
SHIP_V_1309,sdv-id-flpybn,Industrial Chemicals,63,50.0,1887,SHIP_V_1309,0.26,23587.5,22787.24,Active,Verified,0.0339,0.2168819740657527
SHIP_V_1071,sdv-id-tYsMcQ,Ready-made Garments,794,8.5,1591,GHOST_VESSEL_X,92.41176470588236,19887.5,0.0,Disconnected,No_Record,1.0,0.866733672058525
SHIP_V_1362,sdv-id-LeUQft,Industrial Chemicals,439,50.0,1453,SHIP_V_1362,7.78,18162.5,17602.09,Active,Verified,0.0309,0.1575817249812897
SHIP_V_1911,sdv-id-JOBHGe,Ready-made Garments,79,8.5,1268,SHIP_V_1911,8.294117647058824,15850.0,15418.76,Active,Verified,0.0272,0.1911897239837174
SHIP_V_1143,sdv-id-XhaklN,Solar Panels,169,120.0,1682,SHIP_V_1143,0.4083333333333333,21025.0,20521.17,Active,Verified,0.024,0.1657845475538222
SHIP_V_1101,sdv-id-wupgVl,Solar Panels,326,120.0,997,SHIP_V_1101,1.7166666666666666,12462.5,12127.88,Active,Verified,0.0269,0.2139666478784075
SHIP_V_1640,sdv-id-aAJqaP,Raw Jute,369,5.0,126,GHOST_VESSEL_X,72.8,1575.0,0.0,Disconnected,No_Record,1.0,0.866733672058525
SHIP_V_1331,sdv-id-NiHpTC,Smartphones,516,300.0,1677,SHIP_V_1331,0.72,20962.5,20417.6,Active,Verified,0.026,0.2393133603253598
SHIP_V_1654,sdv-id-GMZAlo,Smartphones,591,300.0,1294,SHIP_V_1654,0.97,16175.0,15544.6,Active,Verified,0.039,0.2317407906016879
SHIP_V_1963,sdv-id-nQSubo,Smartphones,500,300.0,555,SHIP_V_1963,0.6666666666666666,6937.5,6607.26,Active,Verified,0.0476,0.1458127320035081
SHIP_V_1050,sdv-id-pUkENt,Smartphones,225,300.0,1034,SHIP_V_1050,-0.25,12925.0,12396.19,Active,Verified,0.0409,0.1694385051016807
SHIP_V_1610,sdv-id-jgQcKf,Ready-made Garments,289,8.5,368,SHIP_V_1610,33.0,4600.0,4451.71,Active,Verified,0.0322,0.2115791374452142
SHIP_V_1992,sdv-id-ytbJSi,Ready-made Garments,1044,8.5,1781,GHOST_VESSEL_X,121.82352941176472,22262.5,0.0,Disconnected,No_Record,1.0,0.866733672058525
SHIP_V_1509,sdv-id-intXnY,Industrial Chemicals,13,50.0,829,SHIP_V_1509,-0.74,10362.5,10017.23,Active,Verified,0.0333,0.228581955528885
SHIP_V_1830,sdv-id-QUMkJS,Solar Panels,252,120.0,170,SHIP_V_1830,1.1,2125.0,2081.63,Active,Verified,0.0204,0.2249655353321115
SHIP_V_1273,sdv-id-wBxuvl,Industrial Chemicals,349,50.0,544,SHIP_V_1273,5.98,6800.0,6654.24,Active,Verified,0.0214,0.21759186828136
SHIP_V_1763,sdv-id-rLuNOO,Ready-made Garments,472,8.5,314,SHIP_V_1763,54.52941176470589,3925.0,3854.77,Active,Verified,0.0179,0.1597258580340353
SHIP_V_1176,sdv-id-AQMxOk,Ready-made Garments,83,8.5,1408,SHIP_V_1176,8.764705882352942,17600.0,16950.86,Active,Verified,0.0369,0.2244616135839689
SHIP_V_1236,sdv-id-FsluEL,Smartphones,1556,300.0,710,SHIP_V_1236,4.1866666666666665,8875.0,8653.32,Active,Verified,0.025,0.174972989364298
SHIP_V_1875,sdv-id-qqmnTx,Smartphones,896,300.0,1176,SHIP_V_1875,1.9866666666666664,14700.0,14438.67,Active,Verified,0.0178,0.1324530396176426
SHIP_V_1737,sdv-id-WMVKyG,Industrial Chemicals,345,50.0,943,SHIP_V_1737,5.9,11787.5,11269.15,Active,Verified,0.044,0.1811565867096305
SHIP_V_1726,sdv-id-yFfEwb,Smartphones,1006,300.0,1797,SHIP_V_1726,2.3533333333333335,22462.5,21553.34,Active,Verified,0.0405,0.1897729753429811
SHIP_V_1342,sdv-id-jjZENx,Raw Jute,690,5.0,885,GHOST_VESSEL_X,137.0,11062.5,0.0,Disconnected,No_Record,1.0,0.866733672058525
SHIP_V_1665,sdv-id-ESeHhu,Ready-made Garments,107,8.5,445,SHIP_V_1665,11.588235294117649,5562.5,5410.02,Active,Verified,0.0274,0.2129424820838416
SHIP_V_1148,sdv-id-LheKOc,Smartphones,431,300.0,276,SHIP_V_1148,0.4366666666666666,3450.0,3347.63,Active,Verified,0.0297,0.1653200912467619
SHIP_V_1032,sdv-id-QYdDBD,Smartphones,120,300.0,1517,SHIP_V_1032,-0.6,18962.5,18233.43,Active,Verified,0.0384,0.1916086013340623
SHIP_V_1250,sdv-id-WKCgvw,Ready-made Garments,212,8.5,317,SHIP_V_1250,23.941176470588236,3962.5,3788.44,Active,Verified,0.0439,0.2429389475841343
SHIP_V_1963,sdv-id-sVhiPC,Ready-made Garments,1403,8.5,417,GHOST_VESSEL_X,164.05882352941177,5212.5,0.0,Disconnected,No_Record,1.0,0.866733672058525
SHIP_V_1578,sdv-id-QDDndI,Raw Jute,745,5.0,360,GHOST_VESSEL_X,148.0,4500.0,0.0,Disconnected,No_Record,1.0,0.866733672058525
SHIP_V_1607,sdv-id-OlZOSQ,Solar Panels,2568,120.0,754,SHIP_V_1607,20.4,9425.0,9094.24,Active,Verified,0.0351,0.1143248107554674
SHIP_V_1311,sdv-id-KLXLqY,Raw Jute,429,5.0,918,GHOST_VESSEL_X,84.8,11475.0,0.0,Disconnected,No_Record,1.0,0.866733672058525
SHIP_V_1196,sdv-id-VCbwwv,Raw Jute,1044,5.0,429,GHOST_VESSEL_X,207.8,5362.5,0.0,Disconnected,No_Record,1.0,0.866733672058525
SHIP_V_1407,sdv-id-EVwrgL,Industrial Chemicals,1990,50.0,523,SHIP_V_1407,38.8,6537.5,6464.57,Active,Verified,0.0112,0.2458280235206124
SHIP_V_1781,sdv-id-TwzUoF,Solar Panels,702,120.0,1310,SHIP_V_1781,4.85,16375.0,15602.66,Active,Verified,0.0472,0.1793450069920045
SHIP_V_1205,sdv-id-ZGhXnC,Smartphones,205,300.0,1483,SHIP_V_1205,-0.3166666666666666,18537.5,17712.17,Active,Verified,0.0445,0.1807510581412241
SHIP_V_1704,sdv-id-vbTsiE,Solar Panels,583,120.0,1403,SHIP_V_1704,3.8583333333333334,17537.5,17193.34,Active,Verified,0.0196,0.1746335167879225
SHIP_V_1441,sdv-id-lxwRql,Smartphones,1048,300.0,758,SHIP_V_1441,2.493333333333333,9475.0,9014.04,Active,Verified,0.0487,0.1256706977436416
SHIP_V_1042,sdv-id-tFhDuj,Raw Jute,354,5.0,818,GHOST_VESSEL_X,69.8,10225.0,0.0,Disconnected,No_Record,1.0,0.866733672058525
SHIP_V_1530,sdv-id-XBHXse,Ready-made Garments,78,8.5,1087,SHIP_V_1530,8.176470588235293,13587.5,13193.15,Active,Verified,0.029,0.1739082506902944
SHIP_V_1405,sdv-id-mXWoCy,Industrial Chemicals,1225,50.0,547,SHIP_V_1405,23.5,6837.5,6585.35,Active,Verified,0.0369,0.1393688601331088
SHIP_V_1112,sdv-id-QGuezn,Industrial Chemicals,1605,50.0,994,SHIP_V_1112,31.1,12425.0,12291.09,Active,Verified,0.0108,0.1233006967240805
SHIP_V_1822,sdv-id-CVdVoO,Ready-made Garments,1727,8.5,833,GHOST_VESSEL_X,202.1764705882353,10412.5,0.0,Disconnected,No_Record,1.0,0.866733672058525
SHIP_V_1297,sdv-id-AHvGkD,Ready-made Garments,1145,8.5,1923,GHOST_VESSEL_X,133.7058823529412,24037.5,0.0,Disconnected,No_Record,1.0,0.866733672058525
SHIP_V_1734,sdv-id-gsBNhN,Smartphones,578,300.0,1241,SHIP_V_1734,0.9266666666666666,15512.5,14742.07,Active,Verified,0.0497,0.1850830670308736
SHIP_V_1803,sdv-id-AfzBJS,Solar Panels,463,120.0,998,SHIP_V_1803,2.8583333333333334,12475.0,12319.92,Active,Verified,0.0124,0.1191489306581946
SHIP_V_1901,sdv-id-zMllBE,Raw Jute,614,5.0,1509,GHOST_VESSEL_X,121.8,18862.5,0.0,Disconnected,No_Record,1.0,0.866733672058525
SHIP_V_1311,sdv-id-HdvHrn,Raw Jute,935,5.0,1569,GHOST_VESSEL_X,186.0,19612.5,0.0,Disconnected,No_Record,1.0,0.866733672058525
SHIP_V_1392,sdv-id-NPeavN,Ready-made Garments,1298,8.5,564,GHOST_VESSEL_X,151.7058823529412,7050.0,0.0,Disconnected,No_Record,1.0,0.866733672058525
SHIP_V_1923,sdv-id-HktLNr,Ready-made Garments,276,8.5,424,SHIP_V_1923,31.470588235294116,5300.0,5114.66,Active,Verified,0.035,0.2353999977049139
SHIP_V_1831,sdv-id-esgSax,Smartphones,1535,300.0,1406,SHIP_V_1831,4.116666666666666,17575.0,16994.97,Active,Verified,0.033,0.2258396062857295
SHIP_V_1441,sdv-id-vEZnTI,Raw Jute,208,5.0,105,SHIP_V_1441,40.6,1312.5,1249.57,Active,Verified,0.0479,0.2175068458417951
SHIP_V_1888,sdv-id-RwdnUs,Raw Jute,1350,5.0,1863,GHOST_VESSEL_X,269.0,23287.5,0.0,Disconnected,No_Record,1.0,0.866733672058525
SHIP_V_1512,sdv-id-mDPDpt,Ready-made Garments,896,8.5,1834,GHOST_VESSEL_X,104.41176470588236,22925.0,0.0,Disconnected,No_Record,1.0,0.866733672058525
SHIP_V_1808,sdv-id-rjIUrG,Smartphones,869,300.0,1011,SHIP_V_1808,1.8966666666666667,12637.5,12199.48,Active,Verified,0.0347,0.1315248467558516
SHIP_V_1129,sdv-id-IlATNS,Raw Jute,886,5.0,328,GHOST_VESSEL_X,176.2,4100.0,0.0,Disconnected,No_Record,1.0,0.866733672058525
SHIP_V_1622,sdv-id-AeOodC,Smartphones,76,300.0,480,SHIP_V_1622,-0.7466666666666667,6000.0,5784.52,Active,Verified,0.0359,0.2130859505164495
SHIP_V_1037,sdv-id-isZhJd,Solar Panels,274,120.0,241,SHIP_V_1037,1.2833333333333334,3012.5,2863.04,Active,Verified,0.0496,0.2280688312283932
SHIP_V_1753,sdv-id-xOChHr,Smartphones,1013,300.0,726,SHIP_V_1753,2.3766666666666665,9075.0,8781.5,Active,Verified,0.0323,0.224142939565896
SHIP_V_1736,sdv-id-rZrQyj,Ready-made Garments,900,8.5,447,GHOST_VESSEL_X,104.88235294117646,5587.5,0.0,Disconnected,No_Record,1.0,0.866733672058525
SHIP_V_1234,sdv-id-RWHBxH,Ready-made Garments,225,8.5,1757,SHIP_V_1234,25.470588235294116,21962.5,21646.82,Active,Verified,0.0144,0.1386284674791791
SHIP_V_1672,sdv-id-HuVirg,Solar Panels,566,120.0,1193,SHIP_V_1672,3.716666666666667,14912.5,14242.51,Active,Verified,0.0449,0.2018265227158397
SHIP_V_1780,sdv-id-XcuoeB,Raw Jute,568,5.0,1621,GHOST_VESSEL_X,112.6,20262.5,0.0,Disconnected,No_Record,1.0,0.866733672058525
SHIP_V_1071,sdv-id-EeLpaw,Raw Jute,259,5.0,1971,SHIP_V_1071,50.8,24637.5,23992.04,Active,Verified,0.0262,0.230926071015734
SHIP_V_1380,sdv-id-LNNCiA,Smartphones,527,300.0,1034,SHIP_V_1380,0.7566666666666667,12925.0,12776.95,Active,Verified,0.0115,0.2429417907104045
SHIP_V_1200,sdv-id-yLAmkJ,Ready-made Garments,1880,8.5,1449,GHOST_VESSEL_X,220.1764705882353,18112.5,0.0,Disconnected,No_Record,1.0,0.866733672058525
SHIP_V_1963,sdv-id-uWGQGd,Raw Jute,1241,5.0,1082,GHOST_VESSEL_X,247.2,13525.0,0.0,Disconnected,No_Record,1.0,0.866733672058525
SHIP_V_1217,sdv-id-aFjZZG,Raw Jute,2183,5.0,644,GHOST_VESSEL_X,435.6,8050.0,0.0,Disconnected,No_Record,1.0,0.866733672058525
SHIP_V_1472,sdv-id-gjiqRK,Smartphones,985,300.0,1323,SHIP_V_1472,2.283333333333333,16537.5,16038.12,Active,Verified,0.0302,0.1368031375643852
SHIP_V_1497,sdv-id-PDngXe,Smartphones,1135,300.0,1531,SHIP_V_1497,2.783333333333333,19137.5,18453.94,Active,Verified,0.0357,0.2338179842752141
SHIP_V_1458,sdv-id-sXYNGd,Industrial Chemicals,1469,50.0,388,SHIP_V_1458,28.38,4850.0,4791.26,Active,Verified,0.0121,0.1181809005508432
SHIP_V_1916,sdv-id-eKGzGg,Solar Panels,109,120.0,1267,SHIP_V_1916,-0.0916666666666666,15837.5,15253.02,Active,Verified,0.0369,0.152793869921124
SHIP_V_1935,sdv-id-wlReKl,Smartphones,1987,300.0,768,SHIP_V_1935,5.623333333333333,9600.0,9229.87,Active,Verified,0.0386,0.2163826697390218
SHIP_V_1850,sdv-id-rXnsoT,Ready-made Garments,423,8.5,1280,SHIP_V_1850,48.76470588235294,16000.0,15595.16,Active,Verified,0.0253,0.2469674461267611
SHIP_V_1886,sdv-id-gJtXak,Ready-made Garments,228,8.5,139,SHIP_V_1886,25.823529411764707,1737.5,1667.03,Active,Verified,0.0406,0.2213360477238894
SHIP_V_1754,sdv-id-Oubhnf,Ready-made Garments,254,8.5,289,SHIP_V_1754,28.88235294117647,3612.5,3550.86,Active,Verified,0.0171,0.1577601850238486
SHIP_V_1801,sdv-id-cimMTh,Smartphones,610,300.0,1597,SHIP_V_1801,1.0333333333333334,19962.5,19244.77,Active,Verified,0.036,0.1995505326222282
SHIP_V_1961,sdv-id-gRdSBk,Ready-made Garments,286,8.5,192,SHIP_V_1961,32.64705882352941,2400.0,2335.34,Active,Verified,0.0269,0.229701543799887
SHIP_V_1091,sdv-id-jwBenX,Smartphones,864,300.0,1133,SHIP_V_1091,1.88,14162.5,13823.29,Active,Verified,0.024,0.2253975067721325
SHIP_V_1531,sdv-id-Tuuaqq,Industrial Chemicals,271,50.0,228,SHIP_V_1531,4.42,2850.0,2765.15,Active,Verified,0.0298,0.2253062574349839
SHIP_V_1642,sdv-id-QBgAUQ,Solar Panels,13,120.0,451,SHIP_V_1642,-0.8916666666666667,5637.5,5393.92,Active,Verified,0.0432,0.1322205011504983
SHIP_V_1941,sdv-id-kTbAIc,Solar Panels,28,120.0,729,SHIP_V_1941,-0.7666666666666667,9112.5,8958.41,Active,Verified,0.0169,0.2301786312206415
SHIP_V_1155,sdv-id-cRrIve,Ready-made Garments,247,8.5,1350,SHIP_V_1155,28.058823529411764,16875.0,16512.17,Active,Verified,0.0215,0.1642666008772277
SHIP_V_1398,sdv-id-Pzpncn,Solar Panels,289,120.0,1056,SHIP_V_1398,1.4083333333333334,13200.0,12946.76,Active,Verified,0.0192,0.2318418802702394
SHIP_V_1489,sdv-id-plfWcV,Solar Panels,81,120.0,1667,SHIP_V_1489,-0.325,20837.5,20128.47,Active,Verified,0.034,0.1422966502769312
SHIP_V_1853,sdv-id-ijBaRw,Smartphones,835,300.0,736,SHIP_V_1853,1.7833333333333334,9200.0,8853.54,Active,Verified,0.0377,0.1426038553279834
SHIP_V_1920,sdv-id-DReKwd,Solar Panels,87,120.0,1368,SHIP_V_1920,-0.275,17100.0,16485.49,Active,Verified,0.0359,0.1380249224981927
SHIP_V_1189,sdv-id-ReyWsL,Ready-made Garments,39,8.5,1909,SHIP_V_1189,3.588235294117647,23862.5,23506.15,Active,Verified,0.0149,0.1517670690794483
SHIP_V_1743,sdv-id-NIjOfS,Solar Panels,577,120.0,1943,SHIP_V_1743,3.808333333333333,24287.5,23694.31,Active,Verified,0.0244,0.20717082614225
SHIP_V_1083,sdv-id-yjxnFX,Solar Panels,910,120.0,1518,SHIP_V_1083,6.583333333333333,18975.0,18106.97,Active,Verified,0.0457,0.2459764645625427
SHIP_V_1670,sdv-id-AxnUlS,Smartphones,1633,300.0,183,SHIP_V_1670,4.443333333333333,2287.5,2199.12,Active,Verified,0.0386,0.1634126608632754
SHIP_V_1507,sdv-id-xZCDZf,Raw Jute,83,5.0,930,SHIP_V_1507,15.6,11625.0,11135.81,Active,Verified,0.0421,0.1375393690333205
SHIP_V_1081,sdv-id-IaFJKT,Industrial Chemicals,1641,50.0,1714,SHIP_V_1081,31.82,21425.0,21147.98,Active,Verified,0.0129,0.1223408513445809
SHIP_V_1377,sdv-id-exONFa,Industrial Chemicals,699,50.0,1367,SHIP_V_1377,12.98,17087.5,16773.91,Active,Verified,0.0184,0.1134726259384988
SHIP_V_1641,sdv-id-jpSZWC,Smartphones,499,300.0,834,SHIP_V_1641,0.6633333333333333,10425.0,9976.23,Active,Verified,0.043,0.1434550687272529
SHIP_V_1986,sdv-id-EmhKyz,Ready-made Garments,808,8.5,794,GHOST_VESSEL_X,94.05882352941175,9925.0,0.0,Disconnected,No_Record,1.0,0.866733672058525
SHIP_V_1271,sdv-id-qLhhoZ,Ready-made Garments,9,8.5,437,SHIP_V_1271,0.0588235294117647,5462.5,5195.92,Active,Verified,0.0488,0.1561683167048562
SHIP_V_1032,sdv-id-mirCse,Raw Jute,132,5.0,1606,SHIP_V_1032,25.4,20075.0,19163.0,Active,Verified,0.0454,0.245228852967211
SHIP_V_1969,sdv-id-aQTNXZ,Ready-made Garments,327,8.5,1826,SHIP_V_1969,37.47058823529411,22825.0,22525.57,Active,Verified,0.0131,0.1423123078704289
SHIP_V_1470,sdv-id-nlwrEq,Raw Jute,345,5.0,719,GHOST_VESSEL_X,68.0,8987.5,0.0,Disconnected,No_Record,1.0,0.866733672058525
SHIP_V_1648,sdv-id-CTsPUj,Industrial Chemicals,332,50.0,991,SHIP_V_1648,5.64,12387.5,12033.48,Active,Verified,0.0286,0.1419564702433777
SHIP_V_1257,sdv-id-opATZT,Smartphones,885,300.0,1939,SHIP_V_1257,1.95,24237.5,23393.2,Active,Verified,0.0348,0.2421437282974556
SHIP_V_1722,sdv-id-QiLKnT,Solar Panels,84,120.0,1928,SHIP_V_1722,-0.3,24100.0,23331.37,Active,Verified,0.0319,0.2321395615299303
SHIP_V_1842,sdv-id-BzvKMn,Industrial Chemicals,1643,50.0,1608,SHIP_V_1842,31.86,20100.0,19425.91,Active,Verified,0.0335,0.2410467760025587
SHIP_V_1837,sdv-id-MPOtuQ,Ready-made Garments,218,8.5,444,SHIP_V_1837,24.647058823529413,5550.0,5356.9,Active,Verified,0.0348,0.2379395907279209
SHIP_V_1707,sdv-id-wOwExX,Industrial Chemicals,193,50.0,962,SHIP_V_1707,2.86,12025.0,11747.95,Active,Verified,0.023,0.1681821983363496
SHIP_V_1699,sdv-id-Fxjmpw,Industrial Chemicals,117,50.0,1486,SHIP_V_1699,1.34,18575.0,18158.7,Active,Verified,0.0224,0.2439887392136257
SHIP_V_1096,sdv-id-iQYNJc,Industrial Chemicals,1030,50.0,1886,SHIP_V_1096,19.6,23575.0,23096.19,Active,Verified,0.0203,0.2150516191484926
SHIP_V_1610,sdv-id-XLprWO,Raw Jute,146,5.0,979,SHIP_V_1610,28.2,12237.5,11859.5,Active,Verified,0.0309,0.1461055414132944
SHIP_V_1817,sdv-id-yrjpCQ,Industrial Chemicals,765,50.0,1654,SHIP_V_1817,14.3,20675.0,19739.42,Active,Verified,0.0453,0.1239472092632315
SHIP_V_1927,sdv-id-OxLHta,Ready-made Garments,444,8.5,879,SHIP_V_1927,51.23529411764706,10987.5,10448.76,Active,Verified,0.049,0.2229790774577982
SHIP_V_1858,sdv-id-Vngdhe,Smartphones,1383,300.0,1087,SHIP_V_1858,3.61,13587.5,13286.02,Active,Verified,0.0222,0.1300734468257295
SHIP_V_1718,sdv-id-ZEKlTW,Ready-made Garments,104,8.5,1860,SHIP_V_1718,11.235294117647058,23250.0,22635.86,Active,Verified,0.0264,0.2299456882425025
SHIP_V_1268,sdv-id-AuVqUR,Ready-made Garments,248,8.5,499,SHIP_V_1268,28.176470588235293,6237.5,6005.57,Active,Verified,0.0372,0.1265446136174797
SHIP_V_1238,sdv-id-tfouqi,Industrial Chemicals,103,50.0,1738,SHIP_V_1238,1.06,21725.0,20865.78,Active,Verified,0.0395,0.1665551028342529
SHIP_V_1949,sdv-id-nmUuoF,Industrial Chemicals,300,50.0,673,SHIP_V_1949,5.0,8412.5,8187.68,Active,Verified,0.0267,0.1732391194710777
SHIP_V_1459,sdv-id-StuiKW,Smartphones,269,300.0,1352,SHIP_V_1459,-0.1033333333333333,16900.0,16593.08,Active,Verified,0.0182,0.1200381353675304
SHIP_V_1901,sdv-id-MKrFuQ,Solar Panels,1490,120.0,802,SHIP_V_1901,11.416666666666666,10025.0,9540.18,Active,Verified,0.0484,0.2042341516055694
SHIP_V_1910,sdv-id-qbKoxL,Raw Jute,124,5.0,879,SHIP_V_1910,23.8,10987.5,10747.69,Active,Verified,0.0218,0.2025828312894298
SHIP_V_1385,sdv-id-UeJVkD,Ready-made Garments,1131,8.5,1959,GHOST_VESSEL_X,132.05882352941177,24487.5,0.0,Disconnected,No_Record,1.0,0.866733672058525
SHIP_V_1400,sdv-id-ksEOPA,Solar Panels,186,120.0,1998,SHIP_V_1400,0.55,24975.0,24079.91,Active,Verified,0.0358,0.1158084813844442
SHIP_V_1699,sdv-id-CuFAaE,Solar Panels,749,120.0,1560,SHIP_V_1699,5.241666666666666,19500.0,18733.56,Active,Verified,0.0393,0.1069057548477573
SHIP_V_1909,sdv-id-eLJxvs,Ready-made Garments,685,8.5,1472,GHOST_VESSEL_X,79.58823529411765,18400.0,0.0,Disconnected,No_Record,1.0,0.866733672058525
SHIP_V_1121,sdv-id-SZBOeC,Raw Jute,987,5.0,109,GHOST_VESSEL_X,196.4,1362.5,0.0,Disconnected,No_Record,1.0,0.866733672058525
SHIP_V_1744,sdv-id-bErMgW,Ready-made Garments,592,8.5,1016,GHOST_VESSEL_X,68.6470588235294,12700.0,0.0,Disconnected,No_Record,1.0,0.866733672058525
SHIP_V_1748,sdv-id-msWwPZ,Industrial Chemicals,319,50.0,1142,SHIP_V_1748,5.38,14275.0,13706.14,Active,Verified,0.0399,0.2320086528577259
SHIP_V_1500,sdv-id-nQKgxu,Industrial Chemicals,225,50.0,738,SHIP_V_1500,3.5,9225.0,8851.91,Active,Verified,0.0404,0.1003149179119116
SHIP_V_1541,sdv-id-HCEpzb,Smartphones,43,300.0,1743,SHIP_V_1541,-0.8566666666666667,21787.5,21037.55,Active,Verified,0.0344,0.1707599919378524
SHIP_V_1876,sdv-id-nTPVtn,Ready-made Garments,649,8.5,1588,GHOST_VESSEL_X,75.3529411764706,19850.0,0.0,Disconnected,No_Record,1.0,0.866733672058525
SHIP_V_1459,sdv-id-WEYIsH,Industrial Chemicals,1862,50.0,388,SHIP_V_1459,36.24,4850.0,4650.42,Active,Verified,0.0412,0.2311434594751763
SHIP_V_1625,sdv-id-GtUcMF,Solar Panels,45,120.0,195,SHIP_V_1625,-0.625,2437.5,2317.28,Active,Verified,0.0493,0.2205025753496586
SHIP_V_1536,sdv-id-wrXspx,Smartphones,1678,300.0,922,SHIP_V_1536,4.593333333333334,11525.0,11336.73,Active,Verified,0.0163,0.1777093767703195
SHIP_V_1264,sdv-id-DXHyJv,Solar Panels,533,120.0,1441,SHIP_V_1264,3.441666666666667,18012.5,17375.37,Active,Verified,0.0354,0.1064316252250666
SHIP_V_1623,sdv-id-mkYsqd,Ready-made Garments,302,8.5,724,SHIP_V_1623,34.529411764705884,9050.0,8710.59,Active,Verified,0.0375,0.2115564640712141
SHIP_V_1255,sdv-id-lsYqoJ,Industrial Chemicals,864,50.0,1714,SHIP_V_1255,16.28,21425.0,21112.02,Active,Verified,0.0146,0.1721527324951263
SHIP_V_1499,sdv-id-WAeUPk,Smartphones,914,300.0,913,SHIP_V_1499,2.046666666666667,11412.5,10850.43,Active,Verified,0.0493,0.1681774685434134
SHIP_V_1274,sdv-id-BCPWUB,Raw Jute,75,5.0,844,SHIP_V_1274,14.0,10550.0,10169.0,Active,Verified,0.0361,0.1643082315313778
SHIP_V_1895,sdv-id-pdNaKJ,Industrial Chemicals,1342,50.0,1660,SHIP_V_1895,25.84,20750.0,19874.41,Active,Verified,0.0422,0.2168488274242885
SHIP_V_1652,sdv-id-tdQuzX,Industrial Chemicals,567,50.0,1098,SHIP_V_1652,10.34,13725.0,13364.11,Active,Verified,0.0263,0.1179670580537506
SHIP_V_1469,sdv-id-iVNrOV,Raw Jute,306,5.0,1435,GHOST_VESSEL_X,60.2,17937.5,0.0,Disconnected,No_Record,1.0,0.866733672058525
SHIP_V_1723,sdv-id-lZVdoa,Ready-made Garments,393,8.5,1621,SHIP_V_1723,45.23529411764706,20262.5,19774.24,Active,Verified,0.0241,0.1249576623965946
SHIP_V_1361,sdv-id-vfxBLw,Raw Jute,9,5.0,720,SHIP_V_1361,0.8,9000.0,8770.63,Active,Verified,0.0255,0.193116789034852
SHIP_V_1886,sdv-id-gjIZVq,Raw Jute,1776,5.0,1519,GHOST_VESSEL_X,354.2,18987.5,0.0,Disconnected,No_Record,1.0,0.866733672058525
SHIP_V_1734,sdv-id-yZDiZX,Smartphones,878,300.0,579,SHIP_V_1734,1.9266666666666667,7237.5,7082.64,Active,Verified,0.0214,0.150782151318567
SHIP_V_1077,sdv-id-rpTAlQ,Raw Jute,1077,5.0,859,GHOST_VESSEL_X,214.4,10737.5,0.0,Disconnected,No_Record,1.0,0.866733672058525
SHIP_V_1990,sdv-id-zjHRZV,Smartphones,1922,300.0,1362,SHIP_V_1990,5.406666666666666,17025.0,16750.08,Active,Verified,0.0161,0.1021967016121076
SHIP_V_1530,sdv-id-EdMhKW,Ready-made Garments,1328,8.5,1439,GHOST_VESSEL_X,155.23529411764707,17987.5,0.0,Disconnected,No_Record,1.0,0.866733672058525
SHIP_V_1660,sdv-id-OLZZkj,Raw Jute,770,5.0,610,GHOST_VESSEL_X,153.0,7625.0,0.0,Disconnected,No_Record,1.0,0.866733672058525
SHIP_V_1487,sdv-id-cvqZag,Industrial Chemicals,2483,50.0,339,SHIP_V_1487,48.66,4237.5,4109.54,Active,Verified,0.0302,0.1212565691170271
SHIP_V_1906,sdv-id-TKakqh,Industrial Chemicals,58,50.0,961,SHIP_V_1906,0.16,12012.5,11520.65,Active,Verified,0.0409,0.134314441134457
SHIP_V_1351,sdv-id-VcEKQj,Raw Jute,836,5.0,794,GHOST_VESSEL_X,166.2,9925.0,0.0,Disconnected,No_Record,1.0,0.866733672058525
SHIP_V_1717,sdv-id-vgsWhq,Smartphones,605,300.0,563,SHIP_V_1717,1.0166666666666666,7037.5,6824.39,Active,Verified,0.0303,0.178381954173674
SHIP_V_1520,sdv-id-YqIWfO,Ready-made Garments,1230,8.5,1340,GHOST_VESSEL_X,143.7058823529412,16750.0,0.0,Disconnected,No_Record,1.0,0.866733672058525
SHIP_V_1279,sdv-id-zmkITM,Raw Jute,263,5.0,919,SHIP_V_1279,51.6,11487.5,11257.46,Active,Verified,0.02,0.1138397829594072
SHIP_V_1880,sdv-id-OYCMFY,Raw Jute,1139,5.0,1836,GHOST_VESSEL_X,226.8,22950.0,0.0,Disconnected,No_Record,1.0,0.866733672058525
SHIP_V_1829,sdv-id-SfQrDe,Solar Panels,521,120.0,1718,SHIP_V_1829,3.341666666666667,21475.0,21131.44,Active,Verified,0.016,0.2272972814951723
SHIP_V_1539,sdv-id-sDaekf,Solar Panels,5,120.0,1279,SHIP_V_1539,-0.9583333333333334,15987.5,15790.68,Active,Verified,0.0123,0.2223745937050867
SHIP_V_1463,sdv-id-Sjnxxg,Ready-made Garments,720,8.5,654,GHOST_VESSEL_X,83.70588235294117,8175.0,0.0,Disconnected,No_Record,1.0,0.866733672058525
SHIP_V_1586,sdv-id-qadhEa,Solar Panels,1025,120.0,337,SHIP_V_1586,7.541666666666667,4212.5,4079.93,Active,Verified,0.0315,0.2180084614837537
SHIP_V_1335,sdv-id-eSDZEY,Raw Jute,1732,5.0,1380,GHOST_VESSEL_X,345.4,17250.0,0.0,Disconnected,No_Record,1.0,0.866733672058525
SHIP_V_1578,sdv-id-kBCWht,Industrial Chemicals,2098,50.0,806,SHIP_V_1578,40.96,10075.0,9621.2,Active,Verified,0.045,0.2132116634202606
SHIP_V_1323,sdv-id-TdDJmy,Smartphones,522,300.0,1641,SHIP_V_1323,0.74,20512.5,19722.8,Active,Verified,0.0385,0.1058721326198671
SHIP_V_1977,sdv-id-dJnnsN,Industrial Chemicals,1068,50.0,1096,SHIP_V_1977,20.36,13700.0,13415.83,Active,Verified,0.0207,0.202417759611437
SHIP_V_1529,sdv-id-zGjkkF,Raw Jute,1046,5.0,1327,GHOST_VESSEL_X,208.2,16587.5,0.0,Disconnected,No_Record,1.0,0.866733672058525
SHIP_V_1522,sdv-id-GPcovu,Raw Jute,779,5.0,1758,GHOST_VESSEL_X,154.8,21975.0,0.0,Disconnected,No_Record,1.0,0.866733672058525
SHIP_V_1690,sdv-id-GxOxKC,Ready-made Garments,289,8.5,1561,SHIP_V_1690,33.0,19512.5,19082.35,Active,Verified,0.022,0.214864123721152
SHIP_V_1949,sdv-id-UQGJzL,Industrial Chemicals,203,50.0,1307,SHIP_V_1949,3.06,16337.5,15541.52,Active,Verified,0.0487,0.2481227333406926
SHIP_V_1331,sdv-id-QvzFYF,Smartphones,350,300.0,1129,SHIP_V_1331,0.1666666666666666,14112.5,13871.42,Active,Verified,0.0171,0.1739785228295129
SHIP_V_1144,sdv-id-YGVROI,Industrial Chemicals,114,50.0,1874,SHIP_V_1144,1.28,23425.0,22637.03,Active,Verified,0.0336,0.1897143877420567
SHIP_V_1363,sdv-id-lIfYYj,Raw Jute,1806,5.0,1119,GHOST_VESSEL_X,360.2,13987.5,0.0,Disconnected,No_Record,1.0,0.866733672058525
SHIP_V_1460,sdv-id-FZctuW,Industrial Chemicals,1196,50.0,650,SHIP_V_1460,22.92,8125.0,7852.92,Active,Verified,0.0335,0.2242376147673064
SHIP_V_1962,sdv-id-lVLbQM,Smartphones,60,300.0,1857,SHIP_V_1962,-0.8,23212.5,22292.31,Active,Verified,0.0396,0.2226248178610927
SHIP_V_1793,sdv-id-aEyUHo,Smartphones,131,300.0,1445,SHIP_V_1793,-0.5633333333333334,18062.5,17385.8,Active,Verified,0.0375,0.1577844013379244
SHIP_V_1869,sdv-id-Ismdww,Raw Jute,364,5.0,982,GHOST_VESSEL_X,71.8,12275.0,0.0,Disconnected,No_Record,1.0,0.866733672058525
SHIP_V_1726,sdv-id-bYsSxM,Industrial Chemicals,671,50.0,1390,SHIP_V_1726,12.42,17375.0,16946.72,Active,Verified,0.0246,0.1153901220193397
SHIP_V_1903,sdv-id-agRZKP,Industrial Chemicals,182,50.0,1580,SHIP_V_1903,2.64,19750.0,19011.86,Active,Verified,0.0374,0.1768261461807654
SHIP_V_1658,sdv-id-OjKoWZ,Smartphones,111,300.0,749,SHIP_V_1658,-0.63,9362.5,9157.55,Active,Verified,0.0219,0.1622612606827439
SHIP_V_1996,sdv-id-IwSAJO,Smartphones,101,300.0,547,SHIP_V_1996,-0.6633333333333333,6837.5,6666.83,Active,Verified,0.025,0.2376019350436557
SHIP_V_1861,sdv-id-QMJVXv,Smartphones,677,300.0,1643,SHIP_V_1861,1.2566666666666666,20537.5,19544.68,Active,Verified,0.0483,0.1951371161304153
SHIP_V_1667,sdv-id-DCdpIk,Raw Jute,1233,5.0,326,GHOST_VESSEL_X,245.6,4075.0,0.0,Disconnected,No_Record,1.0,0.866733672058525
SHIP_V_1890,sdv-id-AfNIHt,Smartphones,2821,300.0,671,SHIP_V_1890,8.403333333333334,8387.5,8096.04,Active,Verified,0.0347,0.1319496879722304
SHIP_V_1471,sdv-id-BCACeJ,Raw Jute,949,5.0,1252,GHOST_VESSEL_X,188.8,15650.0,0.0,Disconnected,No_Record,1.0,0.866733672058525
SHIP_V_1187,sdv-id-UkIlpa,Raw Jute,466,5.0,1548,GHOST_VESSEL_X,92.2,19350.0,0.0,Disconnected,No_Record,1.0,0.866733672058525
SHIP_V_1505,sdv-id-bcbAkv,Industrial Chemicals,235,50.0,1127,SHIP_V_1505,3.7,14087.5,13904.15,Active,Verified,0.013,0.2261663438257103
SHIP_V_1113,sdv-id-ISFZpz,Smartphones,432,300.0,594,SHIP_V_1113,0.44,7425.0,7347.45,Active,Verified,0.0104,0.1744137138484848
SHIP_V_1332,sdv-id-NSXSVk,Industrial Chemicals,237,50.0,547,SHIP_V_1332,3.74,6837.5,6639.93,Active,Verified,0.0289,0.1150742922388646
SHIP_V_1103,sdv-id-aXyjpa,Industrial Chemicals,1402,50.0,415,SHIP_V_1103,27.04,5187.5,5126.21,Active,Verified,0.0118,0.1226208101597107
SHIP_V_1897,sdv-id-YrhOfu,Industrial Chemicals,2093,50.0,274,SHIP_V_1897,40.86,3425.0,3381.52,Active,Verified,0.0127,0.1908137917939324
SHIP_V_1546,sdv-id-cZnyEZ,Raw Jute,840,5.0,1107,GHOST_VESSEL_X,167.0,13837.5,0.0,Disconnected,No_Record,1.0,0.866733672058525
SHIP_V_1008,sdv-id-NBPFRC,Raw Jute,1424,5.0,326,GHOST_VESSEL_X,283.8,4075.0,0.0,Disconnected,No_Record,1.0,0.866733672058525
SHIP_V_1779,sdv-id-BNTWTu,Solar Panels,616,120.0,500,SHIP_V_1779,4.133333333333334,6250.0,6099.87,Active,Verified,0.024,0.19501362948676
SHIP_V_1530,sdv-id-uZJiBr,Industrial Chemicals,491,50.0,1397,SHIP_V_1530,8.82,17462.5,17184.08,Active,Verified,0.0159,0.2165755724267412
SHIP_V_1718,sdv-id-jpzsJs,Raw Jute,847,5.0,1390,GHOST_VESSEL_X,168.4,17375.0,0.0,Disconnected,No_Record,1.0,0.866733672058525
SHIP_V_1065,sdv-id-WWAzTv,Industrial Chemicals,1233,50.0,833,SHIP_V_1065,23.66,10412.5,10277.87,Active,Verified,0.0129,0.1875350592907726
SHIP_V_1333,sdv-id-tjIjWq,Ready-made Garments,1377,8.5,1919,GHOST_VESSEL_X,161.0,23987.5,0.0,Disconnected,No_Record,1.0,0.866733672058525
SHIP_V_1308,sdv-id-NsElQY,Industrial Chemicals,1249,50.0,951,SHIP_V_1308,23.98,11887.5,11514.78,Active,Verified,0.0314,0.2018127212145463
SHIP_V_1842,sdv-id-OiWjWU,Smartphones,1001,300.0,1947,SHIP_V_1842,2.3366666666666664,24337.5,23462.0,Active,Verified,0.036,0.1562256945376458
SHIP_V_1622,sdv-id-LAhoxG,Solar Panels,965,120.0,1778,SHIP_V_1622,7.041666666666667,22225.0,21344.25,Active,Verified,0.0396,0.1932649357569336
SHIP_V_1965,sdv-id-NzEfEm,Industrial Chemicals,63,50.0,1471,SHIP_V_1965,0.26,18387.5,18017.42,Active,Verified,0.0201,0.133138152534232
SHIP_V_1365,sdv-id-DbhfQt,Solar Panels,135,120.0,1493,SHIP_V_1365,0.125,18662.5,18307.36,Active,Verified,0.019,0.1153425312355642
SHIP_V_1222,sdv-id-rFlJJv,Industrial Chemicals,749,50.0,811,SHIP_V_1222,13.98,10137.5,9950.38,Active,Verified,0.0185,0.1872997808400481
SHIP_V_1532,sdv-id-wkIrXq,Industrial Chemicals,882,50.0,1159,SHIP_V_1532,16.64,14487.5,13931.98,Active,Verified,0.0383,0.1751191765231126
SHIP_V_1996,sdv-id-ocOARJ,Raw Jute,782,5.0,1711,GHOST_VESSEL_X,155.4,21387.5,0.0,Disconnected,No_Record,1.0,0.866733672058525
SHIP_V_1463,sdv-id-KJswTn,Industrial Chemicals,1077,50.0,1644,SHIP_V_1463,20.54,20550.0,19916.82,Active,Verified,0.0308,0.1997423419460111
SHIP_V_1481,sdv-id-zZwxQv,Smartphones,88,300.0,485,SHIP_V_1481,-0.7066666666666667,6062.5,5996.04,Active,Verified,0.011,0.1011400292323874
SHIP_V_1709,sdv-id-fxCdPF,Smartphones,677,300.0,1993,SHIP_V_1709,1.2566666666666666,24912.5,23801.83,Active,Verified,0.0446,0.1943890106158477
SHIP_V_1293,sdv-id-RPmHIg,Ready-made Garments,618,8.5,835,GHOST_VESSEL_X,71.70588235294117,10437.5,0.0,Disconnected,No_Record,1.0,0.866733672058525
SHIP_V_1517,sdv-id-cosijU,Industrial Chemicals,922,50.0,1614,SHIP_V_1517,17.44,20175.0,19361.36,Active,Verified,0.0403,0.2106086108989689
SHIP_V_1315,sdv-id-dDCtXu,Ready-made Garments,151,8.5,1414,SHIP_V_1315,16.764705882352942,17675.0,17089.02,Active,Verified,0.0332,0.2063054154996342
SHIP_V_1552,sdv-id-NbyCNp,Smartphones,140,300.0,755,SHIP_V_1552,-0.5333333333333333,9437.5,9045.46,Active,Verified,0.0415,0.2479015329157453
SHIP_V_1855,sdv-id-TDScex,Solar Panels,255,120.0,1486,SHIP_V_1855,1.125,18575.0,18250.36,Active,Verified,0.0175,0.1085843779449134
SHIP_V_1847,sdv-id-UUximC,Raw Jute,74,5.0,1508,SHIP_V_1847,13.8,18850.0,18175.18,Active,Verified,0.0358,0.2320582421993407
SHIP_V_1410,sdv-id-OclHGs,Solar Panels,232,120.0,1452,SHIP_V_1410,0.9333333333333332,18150.0,17964.85,Active,Verified,0.0102,0.1230302661615554
SHIP_V_1990,sdv-id-gwYctK,Smartphones,1821,300.0,772,SHIP_V_1990,5.07,9650.0,9491.63,Active,Verified,0.0164,0.2127012124653341
SHIP_V_1510,sdv-id-rvjkiV,Raw Jute,1695,5.0,1395,GHOST_VESSEL_X,338.0,17437.5,0.0,Disconnected,No_Record,1.0,0.866733672058525
SHIP_V_1836,sdv-id-WTlUyw,Raw Jute,26,5.0,1788,SHIP_V_1836,4.2,22350.0,21925.63,Active,Verified,0.019,0.1957067203620637
SHIP_V_1022,sdv-id-tXBRlg,Solar Panels,1246,120.0,593,SHIP_V_1022,9.383333333333333,7412.5,7120.94,Active,Verified,0.0393,0.1084728787684753
SHIP_V_1564,sdv-id-PDlNtl,Solar Panels,836,120.0,236,SHIP_V_1564,5.966666666666667,2950.0,2869.89,Active,Verified,0.0272,0.2475028198493636
SHIP_V_1979,sdv-id-mtcZAt,Smartphones,737,300.0,1141,SHIP_V_1979,1.4566666666666668,14262.5,14065.53,Active,Verified,0.0138,0.1887289241463103
SHIP_V_1636,sdv-id-VoUAxc,Industrial Chemicals,1723,50.0,725,SHIP_V_1636,33.46,9062.5,8679.8,Active,Verified,0.0422,0.2474058301665621
SHIP_V_1345,sdv-id-UrYMWZ,Industrial Chemicals,55,50.0,1053,SHIP_V_1345,0.1,13162.5,12845.05,Active,Verified,0.0241,0.1992239366805179
SHIP_V_1502,sdv-id-fimbXe,Ready-made Garments,1383,8.5,633,GHOST_VESSEL_X,161.7058823529412,7912.5,0.0,Disconnected,No_Record,1.0,0.866733672058525
SHIP_V_1587,sdv-id-japvXH,Raw Jute,167,5.0,1644,SHIP_V_1587,32.4,20550.0,19832.57,Active,Verified,0.0349,0.2045414168466671
SHIP_V_1978,sdv-id-RJWqDB,Smartphones,52,300.0,1310,SHIP_V_1978,-0.8266666666666667,16375.0,15868.36,Active,Verified,0.0309,0.2402102091251472
SHIP_V_1231,sdv-id-LGSGAM,Industrial Chemicals,125,50.0,1214,SHIP_V_1231,1.5,15175.0,14506.18,Active,Verified,0.0441,0.218624902659939
SHIP_V_1430,sdv-id-YossSa,Ready-made Garments,569,8.5,467,GHOST_VESSEL_X,65.94117647058823,5837.5,0.0,Disconnected,No_Record,1.0,0.866733672058525
SHIP_V_1880,sdv-id-iQLPXB,Raw Jute,693,5.0,383,GHOST_VESSEL_X,137.6,4787.5,0.0,Disconnected,No_Record,1.0,0.866733672058525
SHIP_V_1129,sdv-id-dUmemE,Industrial Chemicals,1150,50.0,252,SHIP_V_1129,22.0,3150.0,3017.13,Active,Verified,0.0422,0.2195463267639885
SHIP_V_1806,sdv-id-HTqEsu,Raw Jute,77,5.0,1932,SHIP_V_1806,14.4,24150.0,22979.09,Active,Verified,0.0485,0.1451346904904185
SHIP_V_1247,sdv-id-HUpeZo,Raw Jute,955,5.0,440,GHOST_VESSEL_X,190.0,5500.0,0.0,Disconnected,No_Record,1.0,0.866733672058525
SHIP_V_1914,sdv-id-uricTJ,Smartphones,483,300.0,470,SHIP_V_1914,0.61,5875.0,5593.69,Active,Verified,0.0479,0.1982515394229436
SHIP_V_1961,sdv-id-nrJzjt,Raw Jute,2868,5.0,1439,GHOST_VESSEL_X,572.6,17987.5,0.0,Disconnected,No_Record,1.0,0.866733672058525
SHIP_V_1024,sdv-id-yBXaaQ,Smartphones,518,300.0,459,SHIP_V_1024,0.7266666666666667,5737.5,5678.59,Active,Verified,0.0103,0.2309140483386978
SHIP_V_1329,sdv-id-FWHDcK,Ready-made Garments,1122,8.5,142,GHOST_VESSEL_X,131.0,1775.0,0.0,Disconnected,No_Record,1.0,0.866733672058525
SHIP_V_1251,sdv-id-CfVsty,Ready-made Garments,996,8.5,509,GHOST_VESSEL_X,116.17647058823528,6362.5,0.0,Disconnected,No_Record,1.0,0.866733672058525
SHIP_V_1795,sdv-id-wovqFA,Smartphones,882,300.0,680,SHIP_V_1795,1.94,8500.0,8314.38,Active,Verified,0.0218,0.2380465954508387
SHIP_V_1377,sdv-id-ZUjlMc,Raw Jute,481,5.0,1882,GHOST_VESSEL_X,95.2,23525.0,0.0,Disconnected,No_Record,1.0,0.866733672058525
SHIP_V_1927,sdv-id-HFBCVJ,Raw Jute,229,5.0,1913,SHIP_V_1927,44.8,23912.5,23333.88,Active,Verified,0.0242,0.111001967577715
SHIP_V_1396,sdv-id-SwdALS,Smartphones,1109,300.0,1117,SHIP_V_1396,2.6966666666666668,13962.5,13309.3,Active,Verified,0.0468,0.1055039339075399
SHIP_V_1720,sdv-id-TiJUvb,Solar Panels,46,120.0,1603,SHIP_V_1720,-0.6166666666666667,20037.5,19488.39,Active,Verified,0.0274,0.1028642179323108
SHIP_V_1353,sdv-id-nzelQg,Raw Jute,777,5.0,164,GHOST_VESSEL_X,154.4,2050.0,0.0,Disconnected,No_Record,1.0,0.866733672058525
SHIP_V_1745,sdv-id-jTJSOn,Solar Panels,935,120.0,262,SHIP_V_1745,6.791666666666667,3275.0,3162.98,Active,Verified,0.0342,0.2023050653802783
SHIP_V_1163,sdv-id-lXoPQc,Ready-made Garments,352,8.5,190,SHIP_V_1163,40.411764705882355,2375.0,2260.03,Active,Verified,0.0484,0.112536580690087
SHIP_V_1983,sdv-id-PiGZOX,Smartphones,1096,300.0,1434,SHIP_V_1983,2.6533333333333333,17925.0,17367.83,Active,Verified,0.0311,0.1754458940888673
SHIP_V_1832,sdv-id-rCFWHf,Ready-made Garments,957,8.5,1353,GHOST_VESSEL_X,111.58823529411764,16912.5,0.0,Disconnected,No_Record,1.0,0.866733672058525
SHIP_V_1553,sdv-id-nOiaGu,Ready-made Garments,45,8.5,1694,SHIP_V_1553,4.294117647058823,21175.0,20666.99,Active,Verified,0.024,0.1099457044283217
SHIP_V_1325,sdv-id-iLXtYC,Smartphones,225,300.0,1228,SHIP_V_1325,-0.25,15350.0,14769.98,Active,Verified,0.0378,0.1067383546798653
SHIP_V_1165,sdv-id-yzHieD,Raw Jute,2347,5.0,1460,GHOST_VESSEL_X,468.4,18250.0,0.0,Disconnected,No_Record,1.0,0.866733672058525
SHIP_V_1406,sdv-id-jIUmyE,Ready-made Garments,384,8.5,155,SHIP_V_1406,44.1764705882353,1937.5,1887.17,Active,Verified,0.026,0.1251747995628705
SHIP_V_1484,sdv-id-ygvxto,Raw Jute,1452,5.0,232,GHOST_VESSEL_X,289.4,2900.0,0.0,Disconnected,No_Record,1.0,0.866733672058525
SHIP_V_1054,sdv-id-PBEVma,Industrial Chemicals,590,50.0,515,SHIP_V_1054,10.8,6437.5,6371.22,Active,Verified,0.0103,0.1309436119469305
SHIP_V_1945,sdv-id-GyXXpf,Industrial Chemicals,291,50.0,1283,SHIP_V_1945,4.82,16037.5,15815.66,Active,Verified,0.0138,0.1039362467253289
SHIP_V_1313,sdv-id-VmHZoV,Solar Panels,435,120.0,1888,SHIP_V_1313,2.625,23600.0,23130.15,Active,Verified,0.0199,0.1710568877052151
SHIP_V_1618,sdv-id-MFoPMG,Ready-made Garments,1300,8.5,565,GHOST_VESSEL_X,151.94117647058823,7062.5,0.0,Disconnected,No_Record,1.0,0.866733672058525
SHIP_V_1347,sdv-id-cRmiMh,Ready-made Garments,1032,8.5,1084,GHOST_VESSEL_X,120.41176470588236,13550.0,0.0,Disconnected,No_Record,1.0,0.866733672058525
SHIP_V_1916,sdv-id-QSsCVF,Solar Panels,32,120.0,1352,SHIP_V_1916,-0.7333333333333333,16900.0,16277.37,Active,Verified,0.0368,0.2490013860153563
SHIP_V_1393,sdv-id-nHOTPR,Smartphones,177,300.0,876,SHIP_V_1393,-0.41,10950.0,10524.63,Active,Verified,0.0388,0.1136456881662922
SHIP_V_1760,sdv-id-zMFVGs,Raw Jute,321,5.0,1806,GHOST_VESSEL_X,63.2,22575.0,0.0,Disconnected,No_Record,1.0,0.866733672058525
SHIP_V_1119,sdv-id-dmLbSC,Smartphones,142,300.0,1591,SHIP_V_1119,-0.5266666666666666,19887.5,19180.14,Active,Verified,0.0356,0.150248869641371
SHIP_V_1333,sdv-id-HUvEDh,Raw Jute,388,5.0,754,GHOST_VESSEL_X,76.6,9425.0,0.0,Disconnected,No_Record,1.0,0.866733672058525
SHIP_V_1723,sdv-id-xeGHrG,Ready-made Garments,1239,8.5,1305,GHOST_VESSEL_X,144.76470588235293,16312.5,0.0,Disconnected,No_Record,1.0,0.866733672058525
SHIP_V_1063,sdv-id-PYZDkH,Raw Jute,1062,5.0,1322,GHOST_VESSEL_X,211.4,16525.0,0.0,Disconnected,No_Record,1.0,0.866733672058525
SHIP_V_1839,sdv-id-FArZmU,Industrial Chemicals,1146,50.0,303,SHIP_V_1839,21.92,3787.5,3709.63,Active,Verified,0.0206,0.1402141106179286
SHIP_V_1539,sdv-id-SwOZcL,Ready-made Garments,1267,8.5,331,GHOST_VESSEL_X,148.05882352941177,4137.5,0.0,Disconnected,No_Record,1.0,0.866733672058525
SHIP_V_1533,sdv-id-agGKSc,Solar Panels,15,120.0,383,SHIP_V_1533,-0.875,4787.5,4677.66,Active,Verified,0.0229,0.1997584178709346
SHIP_V_1456,sdv-id-HuasMu,Raw Jute,1886,5.0,892,GHOST_VESSEL_X,376.2,11150.0,0.0,Disconnected,No_Record,1.0,0.866733672058525
SHIP_V_1776,sdv-id-LGmfjw,Smartphones,2017,300.0,1037,SHIP_V_1776,5.723333333333334,12962.5,12632.01,Active,Verified,0.0255,0.215521355149885
SHIP_V_1014,sdv-id-QHEeOQ,Ready-made Garments,553,8.5,178,GHOST_VESSEL_X,64.05882352941177,2225.0,0.0,Disconnected,No_Record,1.0,0.866733672058525
SHIP_V_1085,sdv-id-aTZtTt,Smartphones,233,300.0,491,SHIP_V_1085,-0.2233333333333333,6137.5,6015.09,Active,Verified,0.0199,0.1750603982420348
SHIP_V_1194,sdv-id-CPZJWh,Smartphones,1180,300.0,571,SHIP_V_1194,2.933333333333333,7137.5,7004.31,Active,Verified,0.0187,0.1269845333393809
SHIP_V_1272,sdv-id-vCRqBc,Solar Panels,100,120.0,416,SHIP_V_1272,-0.1666666666666666,5200.0,5086.44,Active,Verified,0.0218,0.2369899361431854
SHIP_V_1439,sdv-id-ocYPUL,Smartphones,92,300.0,1973,SHIP_V_1439,-0.6933333333333334,24662.5,24365.07,Active,Verified,0.0121,0.145887008431328
SHIP_V_1680,sdv-id-FbpyxL,Smartphones,165,300.0,972,SHIP_V_1680,-0.45,12150.0,11588.89,Active,Verified,0.0462,0.212665943091128
SHIP_V_1365,sdv-id-EjAhdf,Raw Jute,1673,5.0,142,GHOST_VESSEL_X,333.6,1775.0,0.0,Disconnected,No_Record,1.0,0.866733672058525
SHIP_V_1446,sdv-id-TIRfGa,Smartphones,41,300.0,1499,SHIP_V_1446,-0.8633333333333333,18737.5,17820.8,Active,Verified,0.0489,0.1626924507300111
SHIP_V_1460,sdv-id-ckoAae,Ready-made Garments,56,8.5,140,SHIP_V_1460,5.588235294117647,1750.0,1664.32,Active,Verified,0.049,0.203013951228259
SHIP_V_1362,sdv-id-NdgeLl,Solar Panels,6,120.0,1184,SHIP_V_1362,-0.95,14800.0,14105.35,Active,Verified,0.0469,0.2345239522925657
SHIP_V_1648,sdv-id-QiymdA,Raw Jute,878,5.0,333,GHOST_VESSEL_X,174.6,4162.5,0.0,Disconnected,No_Record,1.0,0.866733672058525
SHIP_V_1277,sdv-id-rGtBOd,Raw Jute,178,5.0,1449,SHIP_V_1277,34.6,18112.5,17866.94,Active,Verified,0.0136,0.196783955741979
SHIP_V_1719,sdv-id-fcGpHE,Ready-made Garments,45,8.5,807,SHIP_V_1719,4.294117647058823,10087.5,9933.55,Active,Verified,0.0153,0.1525292505057548
SHIP_V_1644,sdv-id-OUyXNj,Industrial Chemicals,560,50.0,641,SHIP_V_1644,10.2,8012.5,7834.07,Active,Verified,0.0223,0.1441357676625862
SHIP_V_1293,sdv-id-yxyGDW,Industrial Chemicals,455,50.0,1954,SHIP_V_1293,8.1,24425.0,23282.89,Active,Verified,0.0468,0.1221763234534119
SHIP_V_1269,sdv-id-iZgzDG,Solar Panels,731,120.0,1619,SHIP_V_1269,5.091666666666667,20237.5,19518.48,Active,Verified,0.0355,0.2131672227011729
SHIP_V_1486,sdv-id-aoeVYb,Raw Jute,544,5.0,1806,GHOST_VESSEL_X,107.8,22575.0,0.0,Disconnected,No_Record,1.0,0.866733672058525
SHIP_V_1878,sdv-id-tdtAXQ,Smartphones,1324,300.0,1178,SHIP_V_1878,3.4133333333333336,14725.0,14401.2,Active,Verified,0.022,0.2367102951128276
SHIP_V_1421,sdv-id-aOVlRs,Smartphones,588,300.0,1835,SHIP_V_1421,0.96,22937.5,21981.34,Active,Verified,0.0417,0.2208430865018118
SHIP_V_1261,sdv-id-iKRrZP,Solar Panels,242,120.0,221,SHIP_V_1261,1.0166666666666666,2762.5,2670.9,Active,Verified,0.0332,0.1508696409775984
SHIP_V_1695,sdv-id-GYNAFD,Industrial Chemicals,66,50.0,605,SHIP_V_1695,0.32,7562.5,7306.71,Active,Verified,0.0338,0.189273288641724
SHIP_V_1039,sdv-id-aQZDYV,Smartphones,137,300.0,1119,SHIP_V_1039,-0.5433333333333333,13987.5,13572.98,Active,Verified,0.0296,0.2076500942790833
SHIP_V_1920,sdv-id-eWQilS,Solar Panels,193,120.0,507,SHIP_V_1920,0.6083333333333333,6337.5,6036.11,Active,Verified,0.0476,0.1180486163967486
SHIP_V_1926,sdv-id-keyRCE,Ready-made Garments,848,8.5,1157,GHOST_VESSEL_X,98.76470588235294,14462.5,0.0,Disconnected,No_Record,1.0,0.866733672058525
SHIP_V_1275,sdv-id-iNpvqD,Solar Panels,2377,120.0,1953,SHIP_V_1275,18.808333333333337,24412.5,23344.28,Active,Verified,0.0438,0.102597017580505
SHIP_V_1750,sdv-id-wNuiNc,Solar Panels,6,120.0,495,SHIP_V_1750,-0.95,6187.5,6039.74,Active,Verified,0.0239,0.225949556667663
SHIP_V_1063,sdv-id-ndTBBj,Raw Jute,132,5.0,523,SHIP_V_1063,25.4,6537.5,6246.09,Active,Verified,0.0446,0.1975966601712309
SHIP_V_1777,sdv-id-ZtXJuh,Smartphones,42,300.0,1027,SHIP_V_1777,-0.86,12837.5,12530.87,Active,Verified,0.0239,0.1369037526499408
SHIP_V_1969,sdv-id-SmhKAX,Smartphones,549,300.0,1405,SHIP_V_1969,0.83,17562.5,17136.57,Active,Verified,0.0243,0.139848661313752
SHIP_V_1608,sdv-id-kMLXaa,Industrial Chemicals,881,50.0,763,SHIP_V_1608,16.62,9537.5,9430.56,Active,Verified,0.0112,0.1334700267448776
SHIP_V_1431,sdv-id-RzQRRJ,Industrial Chemicals,1051,50.0,1814,SHIP_V_1431,20.02,22675.0,21895.25,Active,Verified,0.0344,0.128780990265681
SHIP_V_1222,sdv-id-NErHAT,Industrial Chemicals,1285,50.0,1871,SHIP_V_1222,24.7,23387.5,22774.97,Active,Verified,0.0262,0.1033603118435467
SHIP_V_1478,sdv-id-LccXnf,Industrial Chemicals,242,50.0,501,SHIP_V_1478,3.84,6262.5,6046.72,Active,Verified,0.0345,0.1761993026701936
SHIP_V_1824,sdv-id-zJkgMP,Raw Jute,596,5.0,487,GHOST_VESSEL_X,118.2,6087.5,0.0,Disconnected,No_Record,1.0,0.866733672058525
SHIP_V_1438,sdv-id-qSsOCr,Solar Panels,204,120.0,1754,SHIP_V_1438,0.7,21925.0,20994.75,Active,Verified,0.0424,0.2457479069011914
SHIP_V_1863,sdv-id-wTUkwI,Industrial Chemicals,531,50.0,1818,SHIP_V_1863,9.62,22725.0,22102.58,Active,Verified,0.0274,0.1931358536520466
SHIP_V_1990,sdv-id-AwLkHM,Smartphones,440,300.0,1770,SHIP_V_1990,0.4666666666666667,22125.0,21734.32,Active,Verified,0.0177,0.1732618073597921
SHIP_V_1918,sdv-id-zOyyzb,Smartphones,696,300.0,1888,SHIP_V_1918,1.32,23600.0,23092.55,Active,Verified,0.0215,0.2310701191744396
SHIP_V_1483,sdv-id-KMIiuA,Ready-made Garments,1564,8.5,1041,GHOST_VESSEL_X,183.0,13012.5,0.0,Disconnected,No_Record,1.0,0.866733672058525
SHIP_V_1356,sdv-id-JatArW,Smartphones,717,300.0,1665,SHIP_V_1356,1.39,20812.5,20058.95,Active,Verified,0.0362,0.1386109159953318
SHIP_V_1220,sdv-id-aRvGsa,Industrial Chemicals,666,50.0,199,SHIP_V_1220,12.32,2487.5,2456.81,Active,Verified,0.0123,0.1328785208112961
SHIP_V_1685,sdv-id-FxBlfw,Smartphones,349,300.0,1900,SHIP_V_1685,0.1633333333333333,23750.0,22776.9,Active,Verified,0.041,0.1661930527031238
SHIP_V_1097,sdv-id-jxTzYb,Raw Jute,288,5.0,479,GHOST_VESSEL_X,56.6,5987.5,0.0,Disconnected,No_Record,1.0,0.866733672058525
SHIP_V_1009,sdv-id-XwXpTx,Raw Jute,887,5.0,874,GHOST_VESSEL_X,176.4,10925.0,0.0,Disconnected,No_Record,1.0,0.866733672058525
SHIP_V_1934,sdv-id-sSiowy,Smartphones,459,300.0,963,SHIP_V_1934,0.53,12037.5,11837.86,Active,Verified,0.0166,0.1603303431226204
SHIP_V_1741,sdv-id-Pwunss,Raw Jute,1810,5.0,1678,GHOST_VESSEL_X,361.0,20975.0,0.0,Disconnected,No_Record,1.0,0.866733672058525
SHIP_V_1430,sdv-id-argqng,Smartphones,1180,300.0,1214,SHIP_V_1430,2.933333333333333,15175.0,14776.82,Active,Verified,0.0262,0.1464731640528394
SHIP_V_1263,sdv-id-xJcvSh,Industrial Chemicals,546,50.0,350,SHIP_V_1263,9.92,4375.0,4209.31,Active,Verified,0.0379,0.2211927513883753
SHIP_V_1449,sdv-id-bzVXFL,Industrial Chemicals,828,50.0,536,SHIP_V_1449,15.56,6700.0,6544.43,Active,Verified,0.0232,0.2028361564737463
SHIP_V_1523,sdv-id-QXzGEF,Smartphones,172,300.0,1181,SHIP_V_1523,-0.4266666666666667,14762.5,14148.04,Active,Verified,0.0416,0.2241024120737927
SHIP_V_1246,sdv-id-KnIFsO,Smartphones,693,300.0,1873,SHIP_V_1246,1.31,23412.5,22800.06,Active,Verified,0.0262,0.1720842730446998
SHIP_V_1445,sdv-id-bPckgV,Solar Panels,298,120.0,1329,SHIP_V_1445,1.4833333333333334,16612.5,15857.38,Active,Verified,0.0455,0.107731317292875
SHIP_V_1030,sdv-id-vzGrgI,Solar Panels,115,120.0,168,SHIP_V_1030,-0.0416666666666666,2100.0,2035.25,Active,Verified,0.0308,0.2055499182982879
SHIP_V_1493,sdv-id-NBPESj,Solar Panels,5,120.0,1347,SHIP_V_1493,-0.9583333333333334,16837.5,16176.21,Active,Verified,0.0393,0.2116529077832464
SHIP_V_1402,sdv-id-DxnkPn,Industrial Chemicals,902,50.0,505,SHIP_V_1402,17.04,6312.5,6165.71,Active,Verified,0.0233,0.2033181312569326
SHIP_V_1389,sdv-id-zCLHDp,Raw Jute,692,5.0,1729,GHOST_VESSEL_X,137.4,21612.5,0.0,Disconnected,No_Record,1.0,0.866733672058525
SHIP_V_1525,sdv-id-yfQVqA,Ready-made Garments,1607,8.5,283,GHOST_VESSEL_X,188.05882352941177,3537.5,0.0,Disconnected,No_Record,1.0,0.866733672058525
SHIP_V_1754,sdv-id-pcudPF,Solar Panels,134,120.0,1556,SHIP_V_1754,0.1166666666666666,19450.0,18803.72,Active,Verified,0.0332,0.1165453356834405
SHIP_V_1585,sdv-id-EGcnKO,Raw Jute,76,5.0,836,SHIP_V_1585,14.2,10450.0,10141.15,Active,Verified,0.0296,0.1720694769033476
SHIP_V_1498,sdv-id-aNPtUX,Solar Panels,1312,120.0,710,SHIP_V_1498,9.933333333333334,8875.0,8667.05,Active,Verified,0.0234,0.2181579043549489
SHIP_V_1120,sdv-id-QgPTne,Industrial Chemicals,700,50.0,1703,SHIP_V_1120,13.0,21287.5,20911.03,Active,Verified,0.0177,0.1962731438262638
SHIP_V_1157,sdv-id-mWUvnG,Smartphones,1968,300.0,1885,SHIP_V_1157,5.56,23562.5,23147.83,Active,Verified,0.0176,0.1773054342514388
SHIP_V_1366,sdv-id-RKAoFp,Industrial Chemicals,875,50.0,731,SHIP_V_1366,16.5,9137.5,8883.77,Active,Verified,0.0278,0.1211331953591782
SHIP_V_1736,sdv-id-JsCsXU,Solar Panels,440,120.0,169,SHIP_V_1736,2.6666666666666665,2112.5,2068.19,Active,Verified,0.021,0.1042793256101849
SHIP_V_1956,sdv-id-lDSOom,Raw Jute,410,5.0,271,GHOST_VESSEL_X,81.0,3387.5,0.0,Disconnected,No_Record,1.0,0.866733672058525
SHIP_V_1736,sdv-id-xMvGbk,Ready-made Garments,419,8.5,1965,SHIP_V_1736,48.294117647058826,24562.5,23639.79,Active,Verified,0.0376,0.1633273438895893
SHIP_V_1330,sdv-id-ZMQuni,Solar Panels,1028,120.0,1195,SHIP_V_1330,7.566666666666666,14937.5,14772.08,Active,Verified,0.0111,0.1820893803789836
SHIP_V_1968,sdv-id-SSsaKl,Industrial Chemicals,807,50.0,1988,SHIP_V_1968,15.14,24850.0,24170.08,Active,Verified,0.0274,0.1209874306670861
SHIP_V_1025,sdv-id-YjsNoO,Raw Jute,553,5.0,1744,GHOST_VESSEL_X,109.6,21800.0,0.0,Disconnected,No_Record,1.0,0.866733672058525
SHIP_V_1749,sdv-id-IuEpXB,Solar Panels,304,120.0,737,SHIP_V_1749,1.5333333333333334,9212.5,9001.89,Active,Verified,0.0229,0.2493025072338484
SHIP_V_1370,sdv-id-GdHkkx,Industrial Chemicals,920,50.0,595,SHIP_V_1370,17.4,7437.5,7220.23,Active,Verified,0.0292,0.1069986334353593
SHIP_V_1839,sdv-id-RBXVIu,Solar Panels,371,120.0,1011,SHIP_V_1839,2.091666666666667,12637.5,12202.58,Active,Verified,0.0344,0.1461102706780179
SHIP_V_1715,sdv-id-BaZVkI,Smartphones,1248,300.0,556,SHIP_V_1715,3.16,6950.0,6734.08,Active,Verified,0.0311,0.1602329218464764
SHIP_V_1972,sdv-id-uVvnAe,Solar Panels,321,120.0,1735,SHIP_V_1972,1.675,21687.5,21221.58,Active,Verified,0.0215,0.1941204603905987
SHIP_V_1912,sdv-id-HahrMh,Industrial Chemicals,502,50.0,1080,SHIP_V_1912,9.04,13500.0,13206.99,Active,Verified,0.0217,0.1889138916122994
SHIP_V_1186,sdv-id-QxYMdJ,Raw Jute,1583,5.0,305,GHOST_VESSEL_X,315.6,3812.5,0.0,Disconnected,No_Record,1.0,0.866733672058525
SHIP_V_1390,sdv-id-dDRMyK,Smartphones,388,300.0,1361,SHIP_V_1390,0.2933333333333333,17012.5,16820.44,Active,Verified,0.0113,0.1324572310473204
SHIP_V_1215,sdv-id-zDbRBF,Solar Panels,240,120.0,1071,SHIP_V_1215,1.0,13387.5,13059.06,Active,Verified,0.0245,0.2126436306478129
SHIP_V_1512,sdv-id-BILHHo,Solar Panels,78,120.0,1389,SHIP_V_1512,-0.35,17362.5,16975.49,Active,Verified,0.0223,0.1906691573805919
SHIP_V_1402,sdv-id-KnDleD,Industrial Chemicals,644,50.0,570,SHIP_V_1402,11.88,7125.0,6948.22,Active,Verified,0.0248,0.1412145240346204
SHIP_V_1559,sdv-id-JgwJXU,Smartphones,64,300.0,1630,SHIP_V_1559,-0.7866666666666666,20375.0,19686.54,Active,Verified,0.0338,0.1043845712715581
SHIP_V_1514,sdv-id-obOgST,Industrial Chemicals,1183,50.0,1928,SHIP_V_1514,22.66,24100.0,22984.83,Active,Verified,0.0463,0.1811817087671353
SHIP_V_1980,sdv-id-AbvjJQ,Raw Jute,1661,5.0,1953,GHOST_VESSEL_X,331.2,24412.5,0.0,Disconnected,No_Record,1.0,0.866733672058525
SHIP_V_1715,sdv-id-LSuAnh,Ready-made Garments,761,8.5,1851,GHOST_VESSEL_X,88.52941176470588,23137.5,0.0,Disconnected,No_Record,1.0,0.866733672058525
SHIP_V_1800,sdv-id-SaQDcV,Ready-made Garments,693,8.5,1444,GHOST_VESSEL_X,80.52941176470588,18050.0,0.0,Disconnected,No_Record,1.0,0.866733672058525
SHIP_V_1787,sdv-id-offJWl,Raw Jute,801,5.0,510,GHOST_VESSEL_X,159.2,6375.0,0.0,Disconnected,No_Record,1.0,0.866733672058525
SHIP_V_1610,sdv-id-LUmqZM,Raw Jute,1159,5.0,1347,GHOST_VESSEL_X,230.8,16837.5,0.0,Disconnected,No_Record,1.0,0.866733672058525
SHIP_V_1612,sdv-id-bUFscp,Industrial Chemicals,735,50.0,1043,SHIP_V_1612,13.7,13037.5,12423.35,Active,Verified,0.0471,0.1276979015944452
SHIP_V_1726,sdv-id-rRXMqP,Smartphones,476,300.0,523,SHIP_V_1726,0.5866666666666667,6537.5,6471.67,Active,Verified,0.0101,0.202830468348577
SHIP_V_1782,sdv-id-wUGUKb,Raw Jute,1366,5.0,127,GHOST_VESSEL_X,272.2,1587.5,0.0,Disconnected,No_Record,1.0,0.866733672058525
SHIP_V_1241,sdv-id-VYCbie,Smartphones,121,300.0,247,SHIP_V_1241,-0.5966666666666667,3087.5,3024.39,Active,Verified,0.0204,0.118169686484964
SHIP_V_1428,sdv-id-zovCot,Ready-made Garments,783,8.5,709,GHOST_VESSEL_X,91.11764705882354,8862.5,0.0,Disconnected,No_Record,1.0,0.866733672058525
SHIP_V_1939,sdv-id-YOEKxP,Raw Jute,603,5.0,1230,GHOST_VESSEL_X,119.6,15375.0,0.0,Disconnected,No_Record,1.0,0.866733672058525
SHIP_V_1279,sdv-id-BcloWe,Industrial Chemicals,491,50.0,526,SHIP_V_1279,8.82,6575.0,6268.3,Active,Verified,0.0466,0.2082321921430937
SHIP_V_1811,sdv-id-NZJOnJ,Smartphones,1153,300.0,1268,SHIP_V_1811,2.8433333333333333,15850.0,15596.2,Active,Verified,0.016,0.2291497735282627
SHIP_V_1756,sdv-id-iLKFxl,Raw Jute,1664,5.0,1871,GHOST_VESSEL_X,331.8,23387.5,0.0,Disconnected,No_Record,1.0,0.866733672058525
SHIP_V_1460,sdv-id-JXNacg,Ready-made Garments,264,8.5,652,SHIP_V_1460,30.058823529411764,8150.0,7922.37,Active,Verified,0.0279,0.2166223607417044
SHIP_V_1949,sdv-id-iAlaMW,Ready-made Garments,10,8.5,1266,SHIP_V_1949,0.1764705882352941,15825.0,15475.34,Active,Verified,0.0221,0.1387091518888547
SHIP_V_1023,sdv-id-qQewLa,Ready-made Garments,767,8.5,1794,GHOST_VESSEL_X,89.23529411764706,22425.0,0.0,Disconnected,No_Record,1.0,0.866733672058525
SHIP_V_1655,sdv-id-ytarND,Solar Panels,314,120.0,1902,SHIP_V_1655,1.6166666666666667,23775.0,23413.84,Active,Verified,0.0152,0.212754060855159
SHIP_V_1675,sdv-id-QuGzmI,Solar Panels,25,120.0,1350,SHIP_V_1675,-0.7916666666666666,16875.0,16156.17,Active,Verified,0.0426,0.2455175565316447
SHIP_V_1684,sdv-id-qfDBFZ,Raw Jute,266,5.0,431,SHIP_V_1684,52.2,5387.5,5166.54,Active,Verified,0.041,0.2228026800496527
SHIP_V_1847,sdv-id-BFiWCP,Raw Jute,873,5.0,395,GHOST_VESSEL_X,173.6,4937.5,0.0,Disconnected,No_Record,1.0,0.866733672058525
SHIP_V_1163,sdv-id-ncGSiq,Industrial Chemicals,2239,50.0,851,SHIP_V_1163,43.78,10637.5,10217.28,Active,Verified,0.0395,0.1893465458783159
SHIP_V_1855,sdv-id-saUbUh,Smartphones,810,300.0,1544,SHIP_V_1855,1.7,19300.0,18449.04,Active,Verified,0.0441,0.1083856953762935
SHIP_V_1133,sdv-id-yNdnje,Solar Panels,814,120.0,592,SHIP_V_1133,5.783333333333333,7400.0,7262.04,Active,Verified,0.0186,0.1110187102550792
SHIP_V_1324,sdv-id-MGgJnM,Ready-made Garments,19,8.5,1022,SHIP_V_1324,1.2352941176470589,12775.0,12211.17,Active,Verified,0.0441,0.1098805129587833
SHIP_V_1958,sdv-id-vtkZIT,Raw Jute,823,5.0,1008,GHOST_VESSEL_X,163.6,12600.0,0.0,Disconnected,No_Record,1.0,0.866733672058525
SHIP_V_1617,sdv-id-PbSNoI,Ready-made Garments,839,8.5,1637,GHOST_VESSEL_X,97.70588235294116,20462.5,0.0,Disconnected,No_Record,1.0,0.866733672058525
SHIP_V_1399,sdv-id-VQOXEa,Solar Panels,1727,120.0,1554,SHIP_V_1399,13.391666666666667,19425.0,18661.26,Active,Verified,0.0393,0.1290980149351299
SHIP_V_1504,sdv-id-LvEdLh,Raw Jute,909,5.0,134,GHOST_VESSEL_X,180.8,1675.0,0.0,Disconnected,No_Record,1.0,0.866733672058525
SHIP_V_1112,sdv-id-gzsNvP,Industrial Chemicals,210,50.0,1984,SHIP_V_1112,3.2,24800.0,24167.44,Active,Verified,0.0255,0.2040755335879635
SHIP_V_1442,sdv-id-qBYHgH,Solar Panels,646,120.0,1142,SHIP_V_1442,4.383333333333334,14275.0,13996.21,Active,Verified,0.0195,0.1248333130861935
SHIP_V_1646,sdv-id-qQxZIC,Ready-made Garments,860,8.5,836,GHOST_VESSEL_X,100.17647058823528,10450.0,0.0,Disconnected,No_Record,1.0,0.866733672058525
SHIP_V_1670,sdv-id-jRSrpe,Ready-made Garments,1639,8.5,1660,GHOST_VESSEL_X,191.8235294117647,20750.0,0.0,Disconnected,No_Record,1.0,0.866733672058525
SHIP_V_1680,sdv-id-wmmDyF,Ready-made Garments,983,8.5,1533,GHOST_VESSEL_X,114.6470588235294,19162.5,0.0,Disconnected,No_Record,1.0,0.866733672058525
SHIP_V_1835,sdv-id-dbuVOk,Raw Jute,1392,5.0,863,GHOST_VESSEL_X,277.4,10787.5,0.0,Disconnected,No_Record,1.0,0.866733672058525
SHIP_V_1553,sdv-id-RZLtlo,Solar Panels,1021,120.0,1276,SHIP_V_1553,7.508333333333334,15950.0,15278.84,Active,Verified,0.0421,0.2326707421716855
SHIP_V_1647,sdv-id-lqOWUQ,Industrial Chemicals,404,50.0,1633,SHIP_V_1647,7.08,20412.5,19768.44,Active,Verified,0.0316,0.2086470533734008
SHIP_V_1592,sdv-id-fvWuYd,Industrial Chemicals,1415,50.0,1239,SHIP_V_1592,27.3,15487.5,15131.4,Active,Verified,0.023,0.1317679682926179
SHIP_V_1685,sdv-id-RkYVKH,Ready-made Garments,5,8.5,1938,SHIP_V_1685,-0.4117647058823529,24225.0,23728.45,Active,Verified,0.0205,0.1397007439364126
SHIP_V_1469,sdv-id-UUuORp,Industrial Chemicals,811,50.0,556,SHIP_V_1469,15.22,6950.0,6863.99,Active,Verified,0.0124,0.1729624055288117
SHIP_V_1116,sdv-id-MuCAVG,Ready-made Garments,378,8.5,1022,SHIP_V_1116,43.47058823529411,12775.0,12522.75,Active,Verified,0.0197,0.1541269686943697
SHIP_V_1566,sdv-id-IuptXK,Industrial Chemicals,979,50.0,901,SHIP_V_1566,18.58,11262.5,10744.17,Active,Verified,0.046,0.2372942039961719
SHIP_V_1452,sdv-id-tIymVh,Ready-made Garments,275,8.5,1673,SHIP_V_1452,31.352941176470587,20912.5,20695.19,Active,Verified,0.0104,0.2383114150374116
SHIP_V_1275,sdv-id-oUgmTN,Ready-made Garments,2092,8.5,146,GHOST_VESSEL_X,245.1176470588235,1825.0,0.0,Disconnected,No_Record,1.0,0.866733672058525
SHIP_V_1459,sdv-id-KTZVMK,Raw Jute,828,5.0,937,GHOST_VESSEL_X,164.6,11712.5,0.0,Disconnected,No_Record,1.0,0.866733672058525
SHIP_V_1495,sdv-id-dloZAr,Raw Jute,141,5.0,744,SHIP_V_1495,27.2,9300.0,8954.78,Active,Verified,0.0371,0.1106341708574416
SHIP_V_1056,sdv-id-PcItLp,Smartphones,488,300.0,237,SHIP_V_1056,0.6266666666666667,2962.5,2878.66,Active,Verified,0.0283,0.1040386042248421
SHIP_V_1553,sdv-id-QIyRJk,Smartphones,172,300.0,1990,SHIP_V_1553,-0.4266666666666667,24875.0,24157.75,Active,Verified,0.0288,0.1258410703601763
SHIP_V_1956,sdv-id-sSWtsO,Ready-made Garments,938,8.5,1716,GHOST_VESSEL_X,109.3529411764706,21450.0,0.0,Disconnected,No_Record,1.0,0.866733672058525
SHIP_V_1498,sdv-id-oWpbhm,Smartphones,1174,300.0,1294,SHIP_V_1498,2.9133333333333336,16175.0,15523.2,Active,Verified,0.0403,0.1197116591068288
SHIP_V_1357,sdv-id-rtPfZU,Raw Jute,1544,5.0,1366,GHOST_VESSEL_X,307.8,17075.0,0.0,Disconnected,No_Record,1.0,0.866733672058525
SHIP_V_1878,sdv-id-DAVHWn,Smartphones,181,300.0,1837,SHIP_V_1878,-0.3966666666666666,22962.5,22267.57,Active,Verified,0.0303,0.1760573278888264
SHIP_V_1724,sdv-id-SHzmIj,Raw Jute,788,5.0,678,GHOST_VESSEL_X,156.6,8475.0,0.0,Disconnected,No_Record,1.0,0.866733672058525
SHIP_V_1899,sdv-id-MyPdxP,Smartphones,51,300.0,595,SHIP_V_1899,-0.83,7437.5,7353.8,Active,Verified,0.0113,0.1562201932529666
SHIP_V_1695,sdv-id-xqHnbp,Ready-made Garments,104,8.5,191,SHIP_V_1695,11.235294117647058,2387.5,2351.45,Active,Verified,0.0151,0.2051525127571826
SHIP_V_1764,sdv-id-BLfqbq,Solar Panels,1415,120.0,1608,SHIP_V_1764,10.791666666666666,20100.0,19735.23,Active,Verified,0.0181,0.1743444089526797
SHIP_V_1816,sdv-id-qJIGVZ,Industrial Chemicals,953,50.0,210,SHIP_V_1816,18.06,2625.0,2585.29,Active,Verified,0.0151,0.1239220819363929
SHIP_V_1800,sdv-id-yLhWUE,Solar Panels,502,120.0,820,SHIP_V_1800,3.183333333333333,10250.0,10115.05,Active,Verified,0.0132,0.183928627460797
SHIP_V_1540,sdv-id-wCqfVc,Ready-made Garments,81,8.5,653,SHIP_V_1540,8.529411764705882,8162.5,7919.99,Active,Verified,0.0297,0.2396520942368203
SHIP_V_1982,sdv-id-CkQThN,Ready-made Garments,609,8.5,1296,GHOST_VESSEL_X,70.6470588235294,16200.0,0.0,Disconnected,No_Record,1.0,0.866733672058525
SHIP_V_1880,sdv-id-eRqeJk,Raw Jute,1031,5.0,837,GHOST_VESSEL_X,205.2,10462.5,0.0,Disconnected,No_Record,1.0,0.866733672058525
SHIP_V_1619,sdv-id-HfSjYf,Smartphones,919,300.0,242,SHIP_V_1619,2.0633333333333335,3025.0,2881.16,Active,Verified,0.0476,0.1585128631469329
SHIP_V_1390,sdv-id-ysupNR,Ready-made Garments,339,8.5,1608,SHIP_V_1390,38.88235294117647,20100.0,19269.8,Active,Verified,0.0413,0.2264007881164562
SHIP_V_1361,sdv-id-jTPGfw,Raw Jute,1778,5.0,598,GHOST_VESSEL_X,354.6,7475.0,0.0,Disconnected,No_Record,1.0,0.866733672058525
SHIP_V_1676,sdv-id-ydZSed,Ready-made Garments,1234,8.5,176,GHOST_VESSEL_X,144.1764705882353,2200.0,0.0,Disconnected,No_Record,1.0,0.866733672058525
SHIP_V_1609,sdv-id-JMsOKk,Raw Jute,2,5.0,1557,SHIP_V_1609,-0.6,19462.5,18966.67,Active,Verified,0.0255,0.1938991487268541
SHIP_V_1332,sdv-id-FjMuuG,Raw Jute,1375,5.0,1110,GHOST_VESSEL_X,274.0,13875.0,0.0,Disconnected,No_Record,1.0,0.866733672058525
SHIP_V_1841,sdv-id-dTwkFU,Ready-made Garments,125,8.5,757,SHIP_V_1841,13.705882352941176,9462.5,9347.96,Active,Verified,0.0121,0.2074380037153992
SHIP_V_1962,sdv-id-xawPgg,Industrial Chemicals,2034,50.0,870,SHIP_V_1962,39.68,10875.0,10718.74,Active,Verified,0.0144,0.2460229378837418
SHIP_V_1091,sdv-id-ZQlrRw,Solar Panels,472,120.0,279,SHIP_V_1091,2.933333333333333,3487.5,3436.38,Active,Verified,0.0147,0.2254858537469289
SHIP_V_1976,sdv-id-GoJNCx,Ready-made Garments,314,8.5,1047,SHIP_V_1976,35.94117647058823,13087.5,12777.45,Active,Verified,0.0237,0.1119782600872588
SHIP_V_1201,sdv-id-BCKLXm,Ready-made Garments,503,8.5,523,GHOST_VESSEL_X,58.1764705882353,6537.5,0.0,Disconnected,No_Record,1.0,0.866733672058525
SHIP_V_1023,sdv-id-apwdGA,Ready-made Garments,870,8.5,972,GHOST_VESSEL_X,101.3529411764706,12150.0,0.0,Disconnected,No_Record,1.0,0.866733672058525
SHIP_V_1446,sdv-id-aJpmJM,Industrial Chemicals,1143,50.0,433,SHIP_V_1446,21.86,5412.5,5219.06,Active,Verified,0.0357,0.107927516316768
SHIP_V_1172,sdv-id-wYCksN,Industrial Chemicals,881,50.0,779,SHIP_V_1172,16.62,9737.5,9583.19,Active,Verified,0.0158,0.1329842507273303
SHIP_V_1893,sdv-id-cWECVx,Solar Panels,1361,120.0,1859,SHIP_V_1893,10.341666666666669,23237.5,22195.03,Active,Verified,0.0449,0.1606788148180239
SHIP_V_1698,sdv-id-NTljnc,Raw Jute,700,5.0,323,GHOST_VESSEL_X,139.0,4037.5,0.0,Disconnected,No_Record,1.0,0.866733672058525
SHIP_V_1415,sdv-id-BIwyIQ,Ready-made Garments,918,8.5,152,GHOST_VESSEL_X,107.0,1900.0,0.0,Disconnected,No_Record,1.0,0.866733672058525
SHIP_V_1436,sdv-id-bFIYAG,Ready-made Garments,1596,8.5,1319,GHOST_VESSEL_X,186.76470588235293,16487.5,0.0,Disconnected,No_Record,1.0,0.866733672058525
SHIP_V_1179,sdv-id-xJHgVc,Smartphones,466,300.0,1086,SHIP_V_1179,0.5533333333333333,13575.0,13204.51,Active,Verified,0.0273,0.223497514379984
SHIP_V_1571,sdv-id-nXXBex,Raw Jute,869,5.0,289,GHOST_VESSEL_X,172.8,3612.5,0.0,Disconnected,No_Record,1.0,0.866733672058525
SHIP_V_1149,sdv-id-CYTXCB,Industrial Chemicals,1135,50.0,1500,SHIP_V_1149,21.7,18750.0,18292.97,Active,Verified,0.0244,0.2185469979805164
SHIP_V_1781,sdv-id-awhUPk,Smartphones,1766,300.0,161,SHIP_V_1781,4.886666666666667,2012.5,1982.31,Active,Verified,0.015,0.1409508462872398
SHIP_V_1098,sdv-id-OOdTXj,Industrial Chemicals,426,50.0,1408,SHIP_V_1098,7.52,17600.0,16786.51,Active,Verified,0.0462,0.2408447969782217
SHIP_V_1528,sdv-id-IVNzNT,Industrial Chemicals,909,50.0,1381,SHIP_V_1528,17.18,17262.5,16522.21,Active,Verified,0.0429,0.246421393692072
SHIP_V_1750,sdv-id-vpMzmS,Solar Panels,912,120.0,817,SHIP_V_1750,6.6,10212.5,9735.88,Active,Verified,0.0467,0.2308805966152104
SHIP_V_1481,sdv-id-JrNUbF,Solar Panels,356,120.0,1003,SHIP_V_1481,1.9666666666666663,12537.5,12044.06,Active,Verified,0.0394,0.2323646544670693
SHIP_V_1264,sdv-id-nspFFT,Industrial Chemicals,107,50.0,215,SHIP_V_1264,1.14,2687.5,2564.25,Active,Verified,0.0459,0.2320539315698597
SHIP_V_1894,sdv-id-HdOSbj,Smartphones,787,300.0,127,SHIP_V_1894,1.6233333333333333,1587.5,1559.43,Active,Verified,0.0177,0.1536997009307656
SHIP_V_1945,sdv-id-IabaXQ,Solar Panels,1430,120.0,1312,SHIP_V_1945,10.916666666666666,16400.0,16193.86,Active,Verified,0.0126,0.1731646232690043
SHIP_V_1760,sdv-id-uBPHgY,Solar Panels,5,120.0,1949,SHIP_V_1760,-0.9583333333333334,24362.5,23733.92,Active,Verified,0.0258,0.2384999155019819
SHIP_V_1885,sdv-id-ORgvjd,Industrial Chemicals,523,50.0,1783,SHIP_V_1885,9.46,22287.5,21741.15,Active,Verified,0.0245,0.2429838416414031
SHIP_V_1751,sdv-id-iCaegW,Industrial Chemicals,126,50.0,1141,SHIP_V_1751,1.52,14262.5,14087.18,Active,Verified,0.0123,0.2394105779150183
SHIP_V_1697,sdv-id-FCpwPS,Solar Panels,783,120.0,757,SHIP_V_1697,5.525,9462.5,9073.55,Active,Verified,0.0411,0.1127220061624677
SHIP_V_1572,sdv-id-arNhJC,Smartphones,837,300.0,585,SHIP_V_1572,1.79,7312.5,7122.06,Active,Verified,0.026,0.1090975376346646
SHIP_V_1586,sdv-id-RLzLzz,Ready-made Garments,752,8.5,1319,GHOST_VESSEL_X,87.47058823529412,16487.5,0.0,Disconnected,No_Record,1.0,0.866733672058525
SHIP_V_1627,sdv-id-JdATcM,Ready-made Garments,24,8.5,1163,SHIP_V_1627,1.8235294117647056,14537.5,14211.53,Active,Verified,0.0224,0.1354233967783976
SHIP_V_1327,sdv-id-PSlUxi,Smartphones,33,300.0,279,SHIP_V_1327,-0.89,3487.5,3431.74,Active,Verified,0.016,0.2022919904643522
SHIP_V_1896,sdv-id-qIRrJb,Industrial Chemicals,42,50.0,1595,SHIP_V_1896,-0.16,19937.5,19582.05,Active,Verified,0.0178,0.1261030808805325
SHIP_V_1310,sdv-id-CxZIzP,Smartphones,54,300.0,382,SHIP_V_1310,-0.82,4775.0,4683.68,Active,Verified,0.0191,0.2318612018481204
SHIP_V_1837,sdv-id-PwEhKn,Raw Jute,259,5.0,1468,SHIP_V_1837,50.8,18350.0,18007.49,Active,Verified,0.0187,0.176687115657997
SHIP_V_1909,sdv-id-LfcqAf,Ready-made Garments,235,8.5,1212,SHIP_V_1909,26.647058823529413,15150.0,14513.83,Active,Verified,0.042,0.2253604916679084
SHIP_V_1585,sdv-id-ryrTAu,Raw Jute,996,5.0,1078,GHOST_VESSEL_X,198.2,13475.0,0.0,Disconnected,No_Record,1.0,0.866733672058525
SHIP_V_1920,sdv-id-lPynse,Smartphones,760,300.0,919,SHIP_V_1920,1.5333333333333334,11487.5,11123.62,Active,Verified,0.0317,0.2499776261843674
SHIP_V_1146,sdv-id-DWRxjG,Ready-made Garments,364,8.5,1397,SHIP_V_1146,41.8235294117647,17462.5,16797.38,Active,Verified,0.0381,0.2446928551052549
SHIP_V_1182,sdv-id-PSsTpX,Raw Jute,218,5.0,1653,SHIP_V_1182,42.6,20662.5,19895.65,Active,Verified,0.0371,0.231964390859539
SHIP_V_1730,sdv-id-NKCMwO,Solar Panels,30,120.0,229,SHIP_V_1730,-0.75,2862.5,2816.26,Active,Verified,0.0162,0.1403348534717443
SHIP_V_1551,sdv-id-vuBbAQ,Smartphones,400,300.0,1369,SHIP_V_1551,0.3333333333333333,17112.5,16832.96,Active,Verified,0.0163,0.2107282627971792
SHIP_V_1787,sdv-id-iUFnWB,Ready-made Garments,19,8.5,1290,SHIP_V_1787,1.2352941176470589,16125.0,15488.44,Active,Verified,0.0395,0.1434043519078587
SHIP_V_1539,sdv-id-dRVynW,Industrial Chemicals,731,50.0,746,SHIP_V_1539,13.62,9325.0,9169.65,Active,Verified,0.0167,0.1955629050866496
SHIP_V_1256,sdv-id-WxTjnW,Industrial Chemicals,1644,50.0,367,SHIP_V_1256,31.88,4587.5,4429.27,Active,Verified,0.0345,0.2364492266862914
SHIP_V_1210,sdv-id-LcLJnM,Ready-made Garments,212,8.5,527,SHIP_V_1210,23.941176470588236,6587.5,6490.18,Active,Verified,0.0148,0.2384062469821322
SHIP_V_1864,sdv-id-nvanUG,Raw Jute,655,5.0,1430,GHOST_VESSEL_X,130.0,17875.0,0.0,Disconnected,No_Record,1.0,0.866733672058525
SHIP_V_1752,sdv-id-ZldmFK,Raw Jute,700,5.0,1666,GHOST_VESSEL_X,139.0,20825.0,0.0,Disconnected,No_Record,1.0,0.866733672058525
SHIP_V_1480,sdv-id-LnIbaz,Solar Panels,707,120.0,1189,SHIP_V_1480,4.891666666666667,14862.5,14583.42,Active,Verified,0.0188,0.1073806175448722
SHIP_V_1745,sdv-id-AbWozq,Solar Panels,590,120.0,820,SHIP_V_1745,3.9166666666666665,10250.0,9852.32,Active,Verified,0.0388,0.1621624706744271
SHIP_V_1395,sdv-id-tdfRyn,Smartphones,764,300.0,1342,SHIP_V_1395,1.5466666666666666,16775.0,16546.28,Active,Verified,0.0136,0.1128200466459041
SHIP_V_1683,sdv-id-oykLBZ,Solar Panels,185,120.0,1742,SHIP_V_1683,0.5416666666666666,21775.0,21187.64,Active,Verified,0.027,0.1400472165642564
SHIP_V_1265,sdv-id-rWnQeI,Raw Jute,1536,5.0,828,GHOST_VESSEL_X,306.2,10350.0,0.0,Disconnected,No_Record,1.0,0.866733672058525
SHIP_V_1899,sdv-id-QAyUdF,Raw Jute,252,5.0,1159,SHIP_V_1899,49.4,14487.5,14309.88,Active,Verified,0.0123,0.1549175391211211
SHIP_V_1712,sdv-id-LazBkU,Smartphones,117,300.0,816,SHIP_V_1712,-0.61,10200.0,10064.93,Active,Verified,0.0132,0.1509322728611506
SHIP_V_1388,sdv-id-sNnQCm,Solar Panels,113,120.0,293,SHIP_V_1388,-0.0583333333333333,3662.5,3570.84,Active,Verified,0.025,0.2074430308025745
SHIP_V_1490,sdv-id-RYqYFI,Ready-made Garments,217,8.5,477,SHIP_V_1490,24.529411764705884,5962.5,5872.8,Active,Verified,0.015,0.1359774427371405
SHIP_V_1923,sdv-id-zSHPxX,Ready-made Garments,121,8.5,1152,SHIP_V_1923,13.235294117647058,14400.0,13806.47,Active,Verified,0.0412,0.1862644056868392
SHIP_V_1374,sdv-id-aMGKQU,Solar Panels,202,120.0,939,SHIP_V_1374,0.6833333333333333,11737.5,11366.35,Active,Verified,0.0316,0.2190157130436386
SHIP_V_1791,sdv-id-CUMXfL,Industrial Chemicals,1091,50.0,899,SHIP_V_1791,20.82,11237.5,11070.56,Active,Verified,0.0149,0.2067243785817081
SHIP_V_1055,sdv-id-SxSFgP,Ready-made Garments,276,8.5,1250,SHIP_V_1055,31.470588235294116,15625.0,15401.68,Active,Verified,0.0143,0.1146442022449506
SHIP_V_1838,sdv-id-FoTiJB,Ready-made Garments,1239,8.5,784,GHOST_VESSEL_X,144.76470588235293,9800.0,0.0,Disconnected,No_Record,1.0,0.866733672058525
SHIP_V_1591,sdv-id-hKCPUQ,Ready-made Garments,1478,8.5,1216,GHOST_VESSEL_X,172.88235294117646,15200.0,0.0,Disconnected,No_Record,1.0,0.866733672058525
SHIP_V_1580,sdv-id-enGGIM,Raw Jute,1446,5.0,1474,GHOST_VESSEL_X,288.2,18425.0,0.0,Disconnected,No_Record,1.0,0.866733672058525
SHIP_V_1111,sdv-id-sitXpl,Solar Panels,774,120.0,1425,SHIP_V_1111,5.45,17812.5,17228.05,Active,Verified,0.0328,0.190152086328385
SHIP_V_1074,sdv-id-MksZux,Smartphones,280,300.0,1349,SHIP_V_1074,-0.0666666666666666,16862.5,16685.19,Active,Verified,0.0105,0.2464328123491038
SHIP_V_1186,sdv-id-IWgtWw,Industrial Chemicals,268,50.0,1430,SHIP_V_1186,4.36,17875.0,17385.97,Active,Verified,0.0274,0.1934662542558993
SHIP_V_1761,sdv-id-MCDjcu,Smartphones,784,300.0,1104,SHIP_V_1761,1.6133333333333333,13800.0,13571.19,Active,Verified,0.0166,0.1172113401435174
SHIP_V_1433,sdv-id-OvUaGE,Industrial Chemicals,1151,50.0,1384,SHIP_V_1433,22.02,17300.0,16681.1,Active,Verified,0.0358,0.1913445392177415
SHIP_V_1019,sdv-id-XdkxDs,Solar Panels,1161,120.0,920,SHIP_V_1019,8.675,11500.0,11054.0,Active,Verified,0.0388,0.2060803206098351
SHIP_V_1947,sdv-id-wAROPc,Solar Panels,1219,120.0,421,SHIP_V_1947,9.158333333333331,5262.5,5209.35,Active,Verified,0.0101,0.1632430694303481
SHIP_V_1689,sdv-id-aYmaUQ,Solar Panels,566,120.0,1979,SHIP_V_1689,3.716666666666667,24737.5,24039.13,Active,Verified,0.0282,0.1327788742654992
SHIP_V_1189,sdv-id-QxdFMd,Industrial Chemicals,791,50.0,572,SHIP_V_1189,14.82,7150.0,7024.26,Active,Verified,0.0176,0.195059913557241
SHIP_V_1869,sdv-id-yyfnnJ,Smartphones,1164,300.0,1702,SHIP_V_1869,2.88,21275.0,20588.4,Active,Verified,0.0323,0.2488294754705542
SHIP_V_1969,sdv-id-XoAyzZ,Smartphones,1399,300.0,1925,SHIP_V_1969,3.6633333333333336,24062.5,23088.19,Active,Verified,0.0405,0.2249051978617141
SHIP_V_1190,sdv-id-RpscUp,Raw Jute,730,5.0,1806,GHOST_VESSEL_X,145.0,22575.0,0.0,Disconnected,No_Record,1.0,0.866733672058525
SHIP_V_1373,sdv-id-TKkxmz,Raw Jute,310,5.0,1840,GHOST_VESSEL_X,61.0,23000.0,0.0,Disconnected,No_Record,1.0,0.866733672058525
SHIP_V_1743,sdv-id-fxlrBM,Ready-made Garments,28,8.5,1171,SHIP_V_1743,2.2941176470588234,14637.5,14299.17,Active,Verified,0.0231,0.1573418209286775
SHIP_V_1375,sdv-id-dFuiYw,Ready-made Garments,255,8.5,501,SHIP_V_1375,29.0,6262.5,6157.33,Active,Verified,0.0168,0.1553950505431548
SHIP_V_1482,sdv-id-QeCWhc,Smartphones,708,300.0,391,SHIP_V_1482,1.36,4887.5,4781.31,Active,Verified,0.0217,0.1906658156757149
SHIP_V_1615,sdv-id-SccDrW,Ready-made Garments,18,8.5,1741,SHIP_V_1615,1.1176470588235294,21762.5,20689.93,Active,Verified,0.0493,0.1052029422307883
SHIP_V_1329,sdv-id-fYXCuP,Raw Jute,155,5.0,1633,SHIP_V_1329,30.0,20412.5,19659.65,Active,Verified,0.0369,0.2119848608979682
SHIP_V_1104,sdv-id-IPosuY,Industrial Chemicals,2047,50.0,1183,SHIP_V_1104,39.94,14787.5,14456.34,Active,Verified,0.0224,0.1187506059336962
SHIP_V_1937,sdv-id-nRHORw,Smartphones,200,300.0,286,SHIP_V_1937,-0.3333333333333333,3575.0,3398.77,Active,Verified,0.0493,0.2496175001053499
SHIP_V_1481,sdv-id-ITiiWy,Industrial Chemicals,136,50.0,1199,SHIP_V_1481,1.72,14987.5,14767.19,Active,Verified,0.0147,0.1938625649920359
SHIP_V_1014,sdv-id-rdtSFl,Smartphones,22,300.0,361,SHIP_V_1014,-0.9266666666666666,4512.5,4366.04,Active,Verified,0.0325,0.1339825429749037
SHIP_V_1433,sdv-id-RApXTL,Industrial Chemicals,756,50.0,302,SHIP_V_1433,14.12,3775.0,3674.63,Active,Verified,0.0266,0.1844977299097105
SHIP_V_1134,sdv-id-pNykOX,Ready-made Garments,1177,8.5,874,GHOST_VESSEL_X,137.47058823529412,10925.0,0.0,Disconnected,No_Record,1.0,0.866733672058525
SHIP_V_1821,sdv-id-nJpgcS,Industrial Chemicals,379,50.0,221,SHIP_V_1821,6.58,2762.5,2667.1,Active,Verified,0.0345,0.2087126680870507
SHIP_V_1504,sdv-id-mDqUww,Smartphones,107,300.0,1510,SHIP_V_1504,-0.6433333333333333,18875.0,18498.74,Active,Verified,0.0199,0.165860045383957
SHIP_V_1486,sdv-id-sEaMqY,Smartphones,824,300.0,1190,SHIP_V_1486,1.7466666666666666,14875.0,14439.38,Active,Verified,0.0293,0.1046431924458798
SHIP_V_1801,sdv-id-fWLjaR,Industrial Chemicals,8,50.0,187,SHIP_V_1801,-0.84,2337.5,2290.75,Active,Verified,0.02,0.1695307002245653
SHIP_V_1575,sdv-id-kgJMUt,Raw Jute,39,5.0,257,SHIP_V_1575,6.8,3212.5,3107.3,Active,Verified,0.0327,0.234986353355941
SHIP_V_1995,sdv-id-BbwRBA,Smartphones,1405,300.0,271,SHIP_V_1995,3.683333333333333,3387.5,3288.58,Active,Verified,0.0292,0.2205189359621875
SHIP_V_1714,sdv-id-rDEBLw,Smartphones,1144,300.0,817,SHIP_V_1714,2.8133333333333335,10212.5,9941.82,Active,Verified,0.0265,0.1256297938378527
SHIP_V_1979,sdv-id-BIuxkk,Raw Jute,530,5.0,377,GHOST_VESSEL_X,105.0,4712.5,0.0,Disconnected,No_Record,1.0,0.866733672058525
SHIP_V_1141,sdv-id-XMTuzz,Industrial Chemicals,583,50.0,1504,SHIP_V_1141,10.66,18800.0,18412.94,Active,Verified,0.0206,0.2096857826105106
SHIP_V_1847,sdv-id-HerbNZ,Ready-made Garments,1413,8.5,777,GHOST_VESSEL_X,165.23529411764707,9712.5,0.0,Disconnected,No_Record,1.0,0.866733672058525
SHIP_V_1010,sdv-id-HXRNUs,Industrial Chemicals,120,50.0,605,SHIP_V_1010,1.4,7562.5,7421.58,Active,Verified,0.0186,0.2229147589919541
SHIP_V_1754,sdv-id-AUgdzn,Raw Jute,89,5.0,853,SHIP_V_1754,16.8,10662.5,10360.6,Active,Verified,0.0283,0.2083112359982911
SHIP_V_1518,sdv-id-KuqKcz,Raw Jute,1097,5.0,342,GHOST_VESSEL_X,218.4,4275.0,0.0,Disconnected,No_Record,1.0,0.866733672058525
SHIP_V_1490,sdv-id-KxzGeI,Solar Panels,385,120.0,545,SHIP_V_1490,2.2083333333333335,6812.5,6731.6,Active,Verified,0.0119,0.237600197255597
SHIP_V_1917,sdv-id-WhGZQz,Solar Panels,400,120.0,1627,SHIP_V_1917,2.3333333333333335,20337.5,19406.72,Active,Verified,0.0458,0.1709291784363145
SHIP_V_1836,sdv-id-vyLsEQ,Smartphones,1164,300.0,1504,SHIP_V_1836,2.88,18800.0,18236.19,Active,Verified,0.03,0.1998867475786097
SHIP_V_1978,sdv-id-eoFIXt,Ready-made Garments,943,8.5,386,GHOST_VESSEL_X,109.94117647058825,4825.0,0.0,Disconnected,No_Record,1.0,0.866733672058525
SHIP_V_1547,sdv-id-amRjPk,Solar Panels,555,120.0,1289,SHIP_V_1547,3.625,16112.5,15515.06,Active,Verified,0.0371,0.214947120299817
SHIP_V_1473,sdv-id-xAhMXG,Raw Jute,679,5.0,961,GHOST_VESSEL_X,134.8,12012.5,0.0,Disconnected,No_Record,1.0,0.866733672058525
SHIP_V_1716,sdv-id-kPcBha,Solar Panels,342,120.0,1308,SHIP_V_1716,1.85,16350.0,15627.97,Active,Verified,0.0442,0.2409970427037885
SHIP_V_1205,sdv-id-JzUxjj,Smartphones,1881,300.0,167,SHIP_V_1205,5.27,2087.5,2000.95,Active,Verified,0.0415,0.2216217727275873
SHIP_V_1922,sdv-id-DmnuMc,Industrial Chemicals,627,50.0,442,SHIP_V_1922,11.54,5525.0,5426.18,Active,Verified,0.0179,0.1742621311928735
SHIP_V_1857,sdv-id-xwqXGQ,Raw Jute,521,5.0,1688,GHOST_VESSEL_X,103.2,21100.0,0.0,Disconnected,No_Record,1.0,0.866733672058525
SHIP_V_1905,sdv-id-SJCPeP,Industrial Chemicals,660,50.0,1652,SHIP_V_1905,12.2,20650.0,20093.5,Active,Verified,0.0269,0.1985767184755731
SHIP_V_1895,sdv-id-oWwOeW,Smartphones,854,300.0,1686,SHIP_V_1895,1.846666666666667,21075.0,20480.91,Active,Verified,0.0282,0.1540911905223445
SHIP_V_1245,sdv-id-cyCsfB,Industrial Chemicals,1244,50.0,1373,SHIP_V_1245,23.88,17162.5,16916.78,Active,Verified,0.0143,0.2392304453499218
SHIP_V_1944,sdv-id-fIiBwU,Ready-made Garments,353,8.5,105,SHIP_V_1944,40.52941176470589,1312.5,1250.52,Active,Verified,0.0472,0.2121633218068939
SHIP_V_1260,sdv-id-hGwhHI,Industrial Chemicals,333,50.0,267,SHIP_V_1260,5.66,3337.5,3200.12,Active,Verified,0.0412,0.1108073202299081
SHIP_V_1340,sdv-id-CYRvpg,Ready-made Garments,476,8.5,1741,SHIP_V_1340,55.0,21762.5,21295.86,Active,Verified,0.0214,0.1879209119057747
SHIP_V_1814,sdv-id-vebDdl,Industrial Chemicals,1271,50.0,956,SHIP_V_1814,24.42,11950.0,11524.48,Active,Verified,0.0356,0.1743915637722861
SHIP_V_1583,sdv-id-lvQVvI,Solar Panels,1044,120.0,207,SHIP_V_1583,7.7,2587.5,2458.57,Active,Verified,0.0498,0.212519623085929
SHIP_V_1725,sdv-id-aUMGtb,Ready-made Garments,706,8.5,1579,GHOST_VESSEL_X,82.05882352941177,19737.5,0.0,Disconnected,No_Record,1.0,0.866733672058525
SHIP_V_1415,sdv-id-SioPMR,Industrial Chemicals,1235,50.0,560,SHIP_V_1415,23.7,7000.0,6814.26,Active,Verified,0.0265,0.2384607017836785
SHIP_V_1720,sdv-id-yQGigo,Smartphones,1169,300.0,195,SHIP_V_1720,2.8966666666666665,2437.5,2340.06,Active,Verified,0.04,0.1211554656125552
SHIP_V_1875,sdv-id-GTxlef,Solar Panels,274,120.0,387,SHIP_V_1875,1.2833333333333334,4837.5,4694.63,Active,Verified,0.0295,0.1856289085182122
SHIP_V_1540,sdv-id-jxzbIS,Smartphones,548,300.0,1407,SHIP_V_1540,0.8266666666666667,17587.5,17228.22,Active,Verified,0.0204,0.2308811005440049
SHIP_V_1528,sdv-id-fQBBpm,Ready-made Garments,675,8.5,559,GHOST_VESSEL_X,78.41176470588235,6987.5,0.0,Disconnected,No_Record,1.0,0.866733672058525
SHIP_V_1305,sdv-id-IjUkUz,Industrial Chemicals,120,50.0,1111,SHIP_V_1305,1.4,13887.5,13661.78,Active,Verified,0.0163,0.2432502801178375
SHIP_V_1898,sdv-id-eWniXn,Industrial Chemicals,653,50.0,1728,SHIP_V_1898,12.06,21600.0,21206.17,Active,Verified,0.0182,0.1641827944280216
SHIP_V_1780,sdv-id-oTAedN,Smartphones,295,300.0,410,SHIP_V_1780,-0.0166666666666666,5125.0,5024.26,Active,Verified,0.0197,0.1607197563717224
SHIP_V_1313,sdv-id-ceRyBY,Smartphones,1408,300.0,1106,SHIP_V_1313,3.693333333333334,13825.0,13266.08,Active,Verified,0.0404,0.1682021627830917
SHIP_V_1279,sdv-id-tFjPpI,Raw Jute,349,5.0,1748,GHOST_VESSEL_X,68.8,21850.0,0.0,Disconnected,No_Record,1.0,0.866733672058525
SHIP_V_1171,sdv-id-iRZJoE,Smartphones,836,300.0,1397,SHIP_V_1171,1.7866666666666666,17462.5,17256.76,Active,Verified,0.0118,0.1641754760437607
SHIP_V_1524,sdv-id-mIuhQL,Solar Panels,224,120.0,907,SHIP_V_1524,0.8666666666666667,11337.5,10851.01,Active,Verified,0.0429,0.1470635326979519
SHIP_V_1305,sdv-id-cZecVv,Solar Panels,425,120.0,1620,SHIP_V_1305,2.5416666666666665,20250.0,19990.24,Active,Verified,0.0128,0.1281086515018891
SHIP_V_1811,sdv-id-lmQFqf,Smartphones,134,300.0,1652,SHIP_V_1811,-0.5533333333333333,20650.0,19925.77,Active,Verified,0.0351,0.1430564520581051
SHIP_V_1739,sdv-id-UDQFQP,Industrial Chemicals,1324,50.0,1901,SHIP_V_1739,25.48,23762.5,23201.78,Active,Verified,0.0236,0.1115694086748633
SHIP_V_1012,sdv-id-QiYdwK,Industrial Chemicals,492,50.0,277,SHIP_V_1012,8.84,3462.5,3401.14,Active,Verified,0.0177,0.1029412783933189
SHIP_V_1539,sdv-id-Hfavwa,Smartphones,28,300.0,1148,SHIP_V_1539,-0.9066666666666666,14350.0,14008.69,Active,Verified,0.0238,0.164690887949199
SHIP_V_1717,sdv-id-oxbwue,Solar Panels,1687,120.0,187,SHIP_V_1717,13.058333333333334,2337.5,2281.66,Active,Verified,0.0239,0.2308644412026307
SHIP_V_1826,sdv-id-TlcIKl,Industrial Chemicals,1655,50.0,1627,SHIP_V_1826,32.1,20337.5,19793.56,Active,Verified,0.0267,0.1025937372436599
SHIP_V_1518,sdv-id-VSkKiq,Industrial Chemicals,35,50.0,1860,SHIP_V_1518,-0.3,23250.0,22127.35,Active,Verified,0.0483,0.1226843995013084
SHIP_V_1743,sdv-id-OymKYi,Raw Jute,343,5.0,526,GHOST_VESSEL_X,67.6,6575.0,0.0,Disconnected,No_Record,1.0,0.866733672058525
SHIP_V_1477,sdv-id-jCxGKU,Ready-made Garments,120,8.5,807,SHIP_V_1477,13.117647058823527,10087.5,9738.93,Active,Verified,0.0346,0.1378129207698354
SHIP_V_1757,sdv-id-LSnmUm,Raw Jute,181,5.0,1168,SHIP_V_1757,35.2,14600.0,13985.58,Active,Verified,0.0421,0.1198873590247742
SHIP_V_1226,sdv-id-cupfOt,Solar Panels,396,120.0,1122,SHIP_V_1226,2.3,14025.0,13804.65,Active,Verified,0.0157,0.1171740542024651
SHIP_V_1649,sdv-id-hbeFbP,Industrial Chemicals,1478,50.0,1299,SHIP_V_1649,28.56,16237.5,15567.24,Active,Verified,0.0413,0.1621551610979358
SHIP_V_1741,sdv-id-VIWqlA,Ready-made Garments,640,8.5,1914,GHOST_VESSEL_X,74.29411764705883,23925.0,0.0,Disconnected,No_Record,1.0,0.866733672058525
SHIP_V_1127,sdv-id-VBGukm,Industrial Chemicals,122,50.0,1024,SHIP_V_1127,1.44,12800.0,12554.13,Active,Verified,0.0192,0.1951226435316496
SHIP_V_1846,sdv-id-nfprLN,Industrial Chemicals,638,50.0,506,SHIP_V_1846,11.76,6325.0,6136.05,Active,Verified,0.0299,0.2100485784882063
SHIP_V_1973,sdv-id-kAoqgH,Raw Jute,326,5.0,1367,GHOST_VESSEL_X,64.2,17087.5,0.0,Disconnected,No_Record,1.0,0.866733672058525
SHIP_V_1707,sdv-id-lWgzjA,Solar Panels,438,120.0,1846,SHIP_V_1707,2.65,23075.0,22806.8,Active,Verified,0.0116,0.2093729320863605
SHIP_V_1906,sdv-id-uyeRvu,Ready-made Garments,145,8.5,617,SHIP_V_1906,16.058823529411764,7712.5,7549.25,Active,Verified,0.0212,0.1480184271108948
SHIP_V_1615,sdv-id-IEqpdH,Raw Jute,482,5.0,1839,GHOST_VESSEL_X,95.4,22987.5,0.0,Disconnected,No_Record,1.0,0.866733672058525
SHIP_V_1707,sdv-id-YPVyop,Solar Panels,831,120.0,1106,SHIP_V_1707,5.925,13825.0,13278.89,Active,Verified,0.0395,0.1128766067399859
SHIP_V_1616,sdv-id-iNFLiZ,Smartphones,858,300.0,765,SHIP_V_1616,1.86,9562.5,9190.01,Active,Verified,0.039,0.1800318051702466
SHIP_V_1319,sdv-id-TTROLn,Solar Panels,857,120.0,1455,SHIP_V_1319,6.141666666666667,18187.5,17377.85,Active,Verified,0.0445,0.2311721926827036
SHIP_V_1734,sdv-id-EfvJsp,Smartphones,1257,300.0,1897,SHIP_V_1734,3.19,23712.5,22591.66,Active,Verified,0.0473,0.1233553102469175
SHIP_V_1180,sdv-id-TOtEtb,Ready-made Garments,606,8.5,421,GHOST_VESSEL_X,70.29411764705883,5262.5,0.0,Disconnected,No_Record,1.0,0.866733672058525
SHIP_V_1745,sdv-id-iLADVt,Ready-made Garments,939,8.5,1333,GHOST_VESSEL_X,109.47058823529412,16662.5,0.0,Disconnected,No_Record,1.0,0.866733672058525
SHIP_V_1304,sdv-id-pTZoBY,Solar Panels,655,120.0,563,SHIP_V_1304,4.458333333333333,7037.5,6877.71,Active,Verified,0.0227,0.122547283180855
SHIP_V_1531,sdv-id-qBcRyl,Smartphones,1025,300.0,679,SHIP_V_1531,2.4166666666666665,8487.5,8169.28,Active,Verified,0.0375,0.2102502430392154
SHIP_V_1949,sdv-id-mKXcqL,Industrial Chemicals,222,50.0,1402,SHIP_V_1949,3.44,17525.0,17068.1,Active,Verified,0.0261,0.1520196483622944
SHIP_V_1473,sdv-id-cgoEmD,Ready-made Garments,1336,8.5,1296,GHOST_VESSEL_X,156.1764705882353,16200.0,0.0,Disconnected,No_Record,1.0,0.866733672058525
SHIP_V_1498,sdv-id-iwdSlp,Raw Jute,1469,5.0,192,GHOST_VESSEL_X,292.8,2400.0,0.0,Disconnected,No_Record,1.0,0.866733672058525
SHIP_V_1798,sdv-id-nZiIDo,Smartphones,474,300.0,1456,SHIP_V_1798,0.58,18200.0,17596.93,Active,Verified,0.0331,0.1049644270668059
SHIP_V_1359,sdv-id-WEhECx,Industrial Chemicals,1611,50.0,953,SHIP_V_1359,31.22,11912.5,11478.08,Active,Verified,0.0365,0.1415974620665857
SHIP_V_1450,sdv-id-XpfUsV,Solar Panels,293,120.0,1449,SHIP_V_1450,1.4416666666666669,18112.5,17850.0,Active,Verified,0.0145,0.1888368370567837
SHIP_V_1317,sdv-id-LolhOb,Industrial Chemicals,1962,50.0,232,SHIP_V_1317,38.24,2900.0,2789.41,Active,Verified,0.0381,0.166928506314243
SHIP_V_1590,sdv-id-DaDHrV,Ready-made Garments,395,8.5,1111,SHIP_V_1590,45.47058823529411,13887.5,13452.33,Active,Verified,0.0313,0.2437394214630001
SHIP_V_1610,sdv-id-wpGLeY,Smartphones,1098,300.0,1345,SHIP_V_1610,2.66,16812.5,16185.95,Active,Verified,0.0373,0.2240349519385709
SHIP_V_1469,sdv-id-QdJzLU,Solar Panels,2620,120.0,1063,SHIP_V_1469,20.833333333333332,13287.5,12951.46,Active,Verified,0.0253,0.1186770854423323
SHIP_V_1342,sdv-id-aUEKBO,Raw Jute,573,5.0,1720,GHOST_VESSEL_X,113.6,21500.0,0.0,Disconnected,No_Record,1.0,0.866733672058525
SHIP_V_1372,sdv-id-KCHFcW,Smartphones,45,300.0,1841,SHIP_V_1372,-0.85,23012.5,21883.37,Active,Verified,0.0491,0.1763514111382591
SHIP_V_1670,sdv-id-eTYalc,Ready-made Garments,1201,8.5,950,GHOST_VESSEL_X,140.2941176470588,11875.0,0.0,Disconnected,No_Record,1.0,0.866733672058525
SHIP_V_1268,sdv-id-otCtFv,Smartphones,98,300.0,999,SHIP_V_1268,-0.6733333333333333,12487.5,12326.19,Active,Verified,0.0129,0.1386235480569246
SHIP_V_1505,sdv-id-LFCnxi,Industrial Chemicals,659,50.0,1639,SHIP_V_1505,12.18,20487.5,19980.92,Active,Verified,0.0247,0.1763398597085103
SHIP_V_1961,sdv-id-EWTkJU,Industrial Chemicals,1008,50.0,1078,SHIP_V_1961,19.16,13475.0,13146.82,Active,Verified,0.0244,0.2470240398942737
SHIP_V_1138,sdv-id-fDhJUf,Raw Jute,818,5.0,1335,GHOST_VESSEL_X,162.6,16687.5,0.0,Disconnected,No_Record,1.0,0.866733672058525
SHIP_V_1960,sdv-id-pxGTVG,Smartphones,1002,300.0,923,SHIP_V_1960,2.34,11537.5,11086.24,Active,Verified,0.0391,0.1868665958011124
SHIP_V_1874,sdv-id-OFSgaC,Solar Panels,266,120.0,798,SHIP_V_1874,1.2166666666666666,9975.0,9815.54,Active,Verified,0.016,0.140194544191232
SHIP_V_1823,sdv-id-EqInMW,Smartphones,289,300.0,1453,SHIP_V_1823,-0.0366666666666666,18162.5,17284.98,Active,Verified,0.0483,0.1853613380730719
SHIP_V_1255,sdv-id-GqWHiG,Ready-made Garments,745,8.5,1985,GHOST_VESSEL_X,86.6470588235294,24812.5,0.0,Disconnected,No_Record,1.0,0.866733672058525
SHIP_V_1418,sdv-id-AvitRy,Raw Jute,518,5.0,890,GHOST_VESSEL_X,102.6,11125.0,0.0,Disconnected,No_Record,1.0,0.866733672058525
SHIP_V_1527,sdv-id-mMVcsB,Solar Panels,495,120.0,1084,SHIP_V_1527,3.125,13550.0,13299.41,Active,Verified,0.0185,0.2078738829604208
SHIP_V_1469,sdv-id-dedhAh,Ready-made Garments,314,8.5,1019,SHIP_V_1469,35.94117647058823,12737.5,12380.97,Active,Verified,0.028,0.2057432611826189
SHIP_V_1301,sdv-id-wDwdZW,Raw Jute,899,5.0,605,GHOST_VESSEL_X,178.8,7562.5,0.0,Disconnected,No_Record,1.0,0.866733672058525
SHIP_V_1177,sdv-id-PAoVhb,Raw Jute,106,5.0,570,SHIP_V_1177,20.2,7125.0,6789.09,Active,Verified,0.0471,0.1907746797589793
SHIP_V_1634,sdv-id-HCstQS,Smartphones,37,300.0,717,SHIP_V_1634,-0.8766666666666667,8962.5,8715.83,Active,Verified,0.0275,0.1761044669451512
SHIP_V_1367,sdv-id-YKNtvJ,Solar Panels,308,120.0,328,SHIP_V_1367,1.5666666666666669,4100.0,3987.15,Active,Verified,0.0275,0.1883052939851368
SHIP_V_1074,sdv-id-WNWGaa,Smartphones,1404,300.0,644,SHIP_V_1074,3.68,8050.0,7797.82,Active,Verified,0.0313,0.1119865555528617
SHIP_V_1344,sdv-id-EoMghy,Industrial Chemicals,1380,50.0,665,SHIP_V_1344,26.6,8312.5,7960.6,Active,Verified,0.0423,0.1934174338712022
SHIP_V_1641,sdv-id-UkeYkm,Smartphones,1205,300.0,183,SHIP_V_1641,3.0166666666666666,2287.5,2178.09,Active,Verified,0.0478,0.1643934794913012
SHIP_V_1967,sdv-id-wgodUt,Smartphones,1615,300.0,500,SHIP_V_1967,4.383333333333334,6250.0,6090.39,Active,Verified,0.0255,0.1182279546822318
SHIP_V_1747,sdv-id-yGLgIN,Smartphones,69,300.0,1339,SHIP_V_1747,-0.77,16737.5,16264.81,Active,Verified,0.0282,0.1987989547528998
SHIP_V_1882,sdv-id-NvlnLK,Industrial Chemicals,381,50.0,1546,SHIP_V_1882,6.62,19325.0,18911.12,Active,Verified,0.0214,0.1217457178620465
SHIP_V_1921,sdv-id-nqnxPg,Ready-made Garments,597,8.5,1716,GHOST_VESSEL_X,69.23529411764706,21450.0,0.0,Disconnected,No_Record,1.0,0.866733672058525
SHIP_V_1608,sdv-id-cTdNyL,Smartphones,235,300.0,588,SHIP_V_1608,-0.2166666666666666,7350.0,6992.18,Active,Verified,0.0487,0.1743652557011013
SHIP_V_1191,sdv-id-OpeDzz,Ready-made Garments,1897,8.5,781,GHOST_VESSEL_X,222.1764705882353,9762.5,0.0,Disconnected,No_Record,1.0,0.866733672058525
SHIP_V_1001,sdv-id-joLmir,Smartphones,165,300.0,1465,SHIP_V_1001,-0.45,18312.5,18121.51,Active,Verified,0.0104,0.104889489661634
SHIP_V_1295,sdv-id-IFCilW,Solar Panels,767,120.0,903,SHIP_V_1295,5.391666666666667,11287.5,11169.72,Active,Verified,0.0104,0.1779692191316723
SHIP_V_1564,sdv-id-XdzEfT,Industrial Chemicals,1671,50.0,1953,SHIP_V_1564,32.42,24412.5,23372.46,Active,Verified,0.0426,0.1580186604006717
SHIP_V_1898,sdv-id-RPnYNy,Smartphones,818,300.0,1185,SHIP_V_1898,1.7266666666666666,14812.5,14526.17,Active,Verified,0.0193,0.1692057291547718
SHIP_V_1331,sdv-id-zkeRWo,Solar Panels,122,120.0,1235,SHIP_V_1331,0.0166666666666666,15437.5,15151.86,Active,Verified,0.0185,0.1199320950939177
SHIP_V_1873,sdv-id-gViuZl,Ready-made Garments,28,8.5,121,SHIP_V_1873,2.2941176470588234,1512.5,1476.13,Active,Verified,0.024,0.1314970400852537
SHIP_V_1252,sdv-id-raghbk,Ready-made Garments,507,8.5,1355,GHOST_VESSEL_X,58.64705882352941,16937.5,0.0,Disconnected,No_Record,1.0,0.866733672058525
SHIP_V_1473,sdv-id-QBcTpI,Smartphones,1160,300.0,584,SHIP_V_1473,2.8666666666666667,7300.0,7171.97,Active,Verified,0.0175,0.1462727416440356
SHIP_V_1673,sdv-id-McqVDb,Raw Jute,1101,5.0,317,GHOST_VESSEL_X,219.2,3962.5,0.0,Disconnected,No_Record,1.0,0.866733672058525
SHIP_V_1392,sdv-id-nJjNkX,Industrial Chemicals,1659,50.0,608,SHIP_V_1392,32.18,7600.0,7410.86,Active,Verified,0.0249,0.2116777433921003
SHIP_V_1938,sdv-id-POjuga,Raw Jute,625,5.0,595,GHOST_VESSEL_X,124.0,7437.5,0.0,Disconnected,No_Record,1.0,0.866733672058525
SHIP_V_1084,sdv-id-MfPaFh,Raw Jute,1254,5.0,746,GHOST_VESSEL_X,249.8,9325.0,0.0,Disconnected,No_Record,1.0,0.866733672058525
SHIP_V_1436,sdv-id-JYYNSA,Industrial Chemicals,1126,50.0,1769,SHIP_V_1436,21.52,22112.5,21276.84,Active,Verified,0.0378,0.180547832257778
SHIP_V_1227,sdv-id-mWdUBs,Smartphones,140,300.0,389,SHIP_V_1227,-0.5333333333333333,4862.5,4647.25,Active,Verified,0.0443,0.1984360405965973
SHIP_V_1995,sdv-id-RfFcYv,Solar Panels,1143,120.0,1991,SHIP_V_1995,8.525,24887.5,24368.05,Active,Verified,0.0209,0.137713299089251
SHIP_V_1520,sdv-id-hpwCMh,Smartphones,525,300.0,967,SHIP_V_1520,0.75,12087.5,11862.71,Active,Verified,0.0186,0.2085899065614034
SHIP_V_1555,sdv-id-kBGPNR,Solar Panels,157,120.0,1003,SHIP_V_1555,0.3083333333333333,12537.5,12352.52,Active,Verified,0.0148,0.1432518593790663
SHIP_V_1887,sdv-id-EMfWtQ,Solar Panels,1858,120.0,1905,SHIP_V_1887,14.483333333333333,23812.5,23169.74,Active,Verified,0.027,0.1564222705083423
SHIP_V_1882,sdv-id-HzPmNV,Raw Jute,577,5.0,916,GHOST_VESSEL_X,114.4,11450.0,0.0,Disconnected,No_Record,1.0,0.866733672058525
SHIP_V_1442,sdv-id-cqpJjg,Smartphones,312,300.0,1905,SHIP_V_1442,0.04,23812.5,23064.33,Active,Verified,0.0314,0.2317886592527099
SHIP_V_1029,sdv-id-JaTrPJ,Ready-made Garments,429,8.5,1711,SHIP_V_1029,49.47058823529411,21387.5,21060.52,Active,Verified,0.0153,0.1820401060194896
SHIP_V_1939,sdv-id-ZzPZTH,Solar Panels,751,120.0,483,SHIP_V_1939,5.258333333333334,6037.5,5951.64,Active,Verified,0.0142,0.1972183412597643
SHIP_V_1246,sdv-id-LjADIx,Raw Jute,284,5.0,1932,GHOST_VESSEL_X,55.8,24150.0,0.0,Disconnected,No_Record,1.0,0.866733672058525
SHIP_V_1057,sdv-id-yVyPoP,Raw Jute,604,5.0,248,GHOST_VESSEL_X,119.8,3100.0,0.0,Disconnected,No_Record,1.0,0.866733672058525
SHIP_V_1721,sdv-id-UqwyRO,Ready-made Garments,554,8.5,1804,GHOST_VESSEL_X,64.17647058823529,22550.0,0.0,Disconnected,No_Record,1.0,0.866733672058525
SHIP_V_1203,sdv-id-XxgOxe,Smartphones,40,300.0,1970,SHIP_V_1203,-0.8666666666666667,24625.0,23966.68,Active,Verified,0.0267,0.2368422138642455
SHIP_V_1578,sdv-id-bkxQGy,Solar Panels,680,120.0,871,SHIP_V_1578,4.666666666666667,10887.5,10675.86,Active,Verified,0.0194,0.1885351336186751
SHIP_V_1580,sdv-id-zTZfqT,Smartphones,784,300.0,256,SHIP_V_1580,1.6133333333333333,3200.0,3111.36,Active,Verified,0.0277,0.2230818918657246
SHIP_V_1462,sdv-id-Cqfqmf,Industrial Chemicals,1073,50.0,1584,SHIP_V_1462,20.46,19800.0,18860.55,Active,Verified,0.0474,0.1103658782454671
SHIP_V_1704,sdv-id-KLenjE,Smartphones,493,300.0,243,SHIP_V_1704,0.6433333333333333,3037.5,2935.91,Active,Verified,0.0334,0.1867936308559483
SHIP_V_1163,sdv-id-xHwLMj,Smartphones,455,300.0,560,SHIP_V_1163,0.5166666666666667,7000.0,6808.02,Active,Verified,0.0274,0.1774509674158706
SHIP_V_1242,sdv-id-vfWysO,Ready-made Garments,11,8.5,1190,SHIP_V_1242,0.2941176470588235,14875.0,14330.59,Active,Verified,0.0366,0.2057835563843488
SHIP_V_1027,sdv-id-xkIbvw,Industrial Chemicals,374,50.0,159,SHIP_V_1027,6.48,1987.5,1928.05,Active,Verified,0.0299,0.2339132185449994
SHIP_V_1595,sdv-id-AmSIrB,Smartphones,2306,300.0,687,SHIP_V_1595,6.6866666666666665,8587.5,8483.93,Active,Verified,0.0121,0.1394866081989887
SHIP_V_1830,sdv-id-aKlfLa,Raw Jute,1040,5.0,663,GHOST_VESSEL_X,207.0,8287.5,0.0,Disconnected,No_Record,1.0,0.866733672058525
SHIP_V_1819,sdv-id-UxHxNJ,Raw Jute,146,5.0,350,SHIP_V_1819,28.2,4375.0,4221.1,Active,Verified,0.0352,0.155394792218393
SHIP_V_1577,sdv-id-HKyYIM,Ready-made Garments,107,8.5,546,SHIP_V_1577,11.588235294117649,6825.0,6643.31,Active,Verified,0.0266,0.1154833690240893
SHIP_V_1837,sdv-id-bZJGZY,Ready-made Garments,60,8.5,1940,SHIP_V_1837,6.0588235294117645,24250.0,23819.71,Active,Verified,0.0177,0.1548923058718955
SHIP_V_1331,sdv-id-VLlMDK,Smartphones,54,300.0,236,SHIP_V_1331,-0.82,2950.0,2880.29,Active,Verified,0.0236,0.2020678238031107
SHIP_V_1761,sdv-id-NvyIgQ,Industrial Chemicals,183,50.0,1429,SHIP_V_1761,2.66,17862.5,17547.08,Active,Verified,0.0177,0.2389379394076018
SHIP_V_1760,sdv-id-UkAAFL,Ready-made Garments,596,8.5,561,GHOST_VESSEL_X,69.11764705882354,7012.5,0.0,Disconnected,No_Record,1.0,0.866733672058525
SHIP_V_1231,sdv-id-OIRfjO,Ready-made Garments,94,8.5,1803,SHIP_V_1231,10.058823529411764,22537.5,21952.0,Active,Verified,0.026,0.1739577944252519
SHIP_V_1337,sdv-id-LXVHFf,Ready-made Garments,157,8.5,1977,SHIP_V_1337,17.470588235294116,24712.5,23872.39,Active,Verified,0.034,0.195759842959042
SHIP_V_1771,sdv-id-mBHiWX,Smartphones,857,300.0,932,SHIP_V_1771,1.856666666666667,11650.0,11244.55,Active,Verified,0.0348,0.1417488266710754
SHIP_V_1259,sdv-id-Nxcnbl,Smartphones,1510,300.0,1540,SHIP_V_1259,4.033333333333333,19250.0,19032.8,Active,Verified,0.0113,0.2480597498256778
SHIP_V_1599,sdv-id-UOofLT,Industrial Chemicals,805,50.0,1266,SHIP_V_1599,15.1,15825.0,15392.53,Active,Verified,0.0273,0.2260718372528951
SHIP_V_1931,sdv-id-gWeWjS,Smartphones,1129,300.0,1160,SHIP_V_1931,2.763333333333333,14500.0,14282.45,Active,Verified,0.015,0.2132671944132552
SHIP_V_1320,sdv-id-wiqFrF,Industrial Chemicals,553,50.0,511,SHIP_V_1320,10.06,6387.5,6072.75,Active,Verified,0.0493,0.2410327271412846
SHIP_V_1228,sdv-id-uMtZyT,Industrial Chemicals,1556,50.0,1315,SHIP_V_1228,30.12,16437.5,16020.8,Active,Verified,0.0254,0.2344998202891073
SHIP_V_1806,sdv-id-pzkKgl,Smartphones,314,300.0,1132,SHIP_V_1806,0.0466666666666666,14150.0,13541.77,Active,Verified,0.043,0.1225332011143037
SHIP_V_1045,sdv-id-awkmwK,Ready-made Garments,879,8.5,1444,GHOST_VESSEL_X,102.41176470588236,18050.0,0.0,Disconnected,No_Record,1.0,0.866733672058525
SHIP_V_1892,sdv-id-XQYtAa,Solar Panels,65,120.0,1787,SHIP_V_1892,-0.4583333333333333,22337.5,21355.17,Active,Verified,0.044,0.1283314954778097
SHIP_V_1664,sdv-id-haDlmJ,Ready-made Garments,2,8.5,1516,SHIP_V_1664,-0.7647058823529411,18950.0,18454.21,Active,Verified,0.0262,0.156265578403295
SHIP_V_1008,sdv-id-OrtNlC,Raw Jute,795,5.0,1512,GHOST_VESSEL_X,158.0,18900.0,0.0,Disconnected,No_Record,1.0,0.866733672058525
SHIP_V_1115,sdv-id-qgCXQT,Raw Jute,350,5.0,1134,GHOST_VESSEL_X,69.0,14175.0,0.0,Disconnected,No_Record,1.0,0.866733672058525
SHIP_V_1307,sdv-id-QfBBRy,Ready-made Garments,511,8.5,618,GHOST_VESSEL_X,59.11764705882353,7725.0,0.0,Disconnected,No_Record,1.0,0.866733672058525
SHIP_V_1129,sdv-id-OkhNIl,Ready-made Garments,307,8.5,1278,SHIP_V_1129,35.11764705882353,15975.0,15800.61,Active,Verified,0.0109,0.2176193957458084
SHIP_V_1126,sdv-id-JimWfN,Solar Panels,287,120.0,1175,SHIP_V_1126,1.3916666666666666,14687.5,14146.19,Active,Verified,0.0369,0.1203354871648839
SHIP_V_1436,sdv-id-CzwFLi,Industrial Chemicals,615,50.0,703,SHIP_V_1436,11.3,8787.5,8472.15,Active,Verified,0.0359,0.200751733942276
SHIP_V_1635,sdv-id-EyZoUd,Ready-made Garments,858,8.5,1200,GHOST_VESSEL_X,99.94117647058825,15000.0,0.0,Disconnected,No_Record,1.0,0.866733672058525
SHIP_V_1066,sdv-id-RmZyFF,Smartphones,736,300.0,914,SHIP_V_1066,1.4533333333333334,11425.0,11274.66,Active,Verified,0.0132,0.2219854921216626
SHIP_V_1437,sdv-id-qdfuWo,Ready-made Garments,644,8.5,1302,GHOST_VESSEL_X,74.76470588235294,16275.0,0.0,Disconnected,No_Record,1.0,0.866733672058525
SHIP_V_1127,sdv-id-Kwigvm,Ready-made Garments,861,8.5,1325,GHOST_VESSEL_X,100.29411764705884,16562.5,0.0,Disconnected,No_Record,1.0,0.866733672058525
SHIP_V_1097,sdv-id-vyBBiL,Smartphones,83,300.0,687,SHIP_V_1097,-0.7233333333333334,8587.5,8269.29,Active,Verified,0.0371,0.1764701408878625
SHIP_V_1238,sdv-id-WXaAqf,Ready-made Garments,810,8.5,1977,GHOST_VESSEL_X,94.29411764705884,24712.5,0.0,Disconnected,No_Record,1.0,0.866733672058525
SHIP_V_1208,sdv-id-tkUcCp,Solar Panels,452,120.0,1365,SHIP_V_1208,2.7666666666666666,17062.5,16665.69,Active,Verified,0.0233,0.1121610284113957
SHIP_V_1378,sdv-id-uAvNhx,Solar Panels,235,120.0,1367,SHIP_V_1378,0.9583333333333334,17087.5,16710.97,Active,Verified,0.022,0.1851016555096699
SHIP_V_1788,sdv-id-RtmBNC,Ready-made Garments,376,8.5,1576,SHIP_V_1788,43.23529411764706,19700.0,18884.56,Active,Verified,0.0414,0.2493338784103994
SHIP_V_1432,sdv-id-IMKGhM,Raw Jute,814,5.0,1700,GHOST_VESSEL_X,161.8,21250.0,0.0,Disconnected,No_Record,1.0,0.866733672058525
SHIP_V_1734,sdv-id-UvLZdK,Raw Jute,2045,5.0,479,GHOST_VESSEL_X,408.0,5987.5,0.0,Disconnected,No_Record,1.0,0.866733672058525
SHIP_V_1418,sdv-id-lRqhfY,Industrial Chemicals,30,50.0,377,SHIP_V_1418,-0.4,4712.5,4554.76,Active,Verified,0.0335,0.2293387047005895
SHIP_V_1483,sdv-id-CcHyvL,Raw Jute,1672,5.0,603,GHOST_VESSEL_X,333.4,7537.5,0.0,Disconnected,No_Record,1.0,0.866733672058525
SHIP_V_1909,sdv-id-vgRnPj,Smartphones,397,300.0,497,SHIP_V_1909,0.3233333333333333,6212.5,6068.66,Active,Verified,0.0232,0.1927411784080423
SHIP_V_1331,sdv-id-FhiRDB,Smartphones,180,300.0,122,SHIP_V_1331,-0.4,1525.0,1475.86,Active,Verified,0.0322,0.1848943446588882
SHIP_V_1957,sdv-id-SIhOHE,Solar Panels,240,120.0,1349,SHIP_V_1957,1.0,16862.5,16618.2,Active,Verified,0.0145,0.2455191203469683
SHIP_V_1990,sdv-id-LKUdrS,Industrial Chemicals,481,50.0,1995,SHIP_V_1990,8.62,24937.5,24308.72,Active,Verified,0.0252,0.2430249581002166
SHIP_V_1788,sdv-id-zvIKWz,Smartphones,181,300.0,103,SHIP_V_1788,-0.3966666666666666,1287.5,1241.11,Active,Verified,0.036,0.1309684059615373
SHIP_V_1731,sdv-id-FBsByg,Raw Jute,1348,5.0,518,GHOST_VESSEL_X,268.6,6475.0,0.0,Disconnected,No_Record,1.0,0.866733672058525
SHIP_V_1414,sdv-id-OpNowj,Raw Jute,1041,5.0,317,GHOST_VESSEL_X,207.2,3962.5,0.0,Disconnected,No_Record,1.0,0.866733672058525
SHIP_V_1590,sdv-id-JMvThc,Industrial Chemicals,999,50.0,952,SHIP_V_1590,18.98,11900.0,11459.54,Active,Verified,0.037,0.2115825470004296
SHIP_V_1565,sdv-id-BNCksV,Ready-made Garments,154,8.5,1152,SHIP_V_1565,17.11764705882353,14400.0,13792.24,Active,Verified,0.0422,0.1197515602049742
SHIP_V_1586,sdv-id-SDbKih,Industrial Chemicals,731,50.0,1888,SHIP_V_1586,13.62,23600.0,22539.08,Active,Verified,0.045,0.1855121434610072
SHIP_V_1885,sdv-id-LYtrsU,Ready-made Garments,238,8.5,1349,SHIP_V_1885,27.0,16862.5,16661.02,Active,Verified,0.0119,0.1267058987084746
SHIP_V_1533,sdv-id-mHKfaC,Smartphones,375,300.0,1244,SHIP_V_1533,0.25,15550.0,15235.1,Active,Verified,0.0203,0.1060717727917853
SHIP_V_1096,sdv-id-LQASgH,Smartphones,1330,300.0,1422,SHIP_V_1096,3.433333333333333,17775.0,17371.2,Active,Verified,0.0227,0.1236165310384125
SHIP_V_1635,sdv-id-DkkODO,Raw Jute,36,5.0,1422,SHIP_V_1635,6.2,17775.0,17503.46,Active,Verified,0.0153,0.155093054686277
SHIP_V_1362,sdv-id-cHtift,Raw Jute,326,5.0,849,GHOST_VESSEL_X,64.2,10612.5,0.0,Disconnected,No_Record,1.0,0.866733672058525
SHIP_V_1827,sdv-id-SObHpi,Ready-made Garments,504,8.5,594,GHOST_VESSEL_X,58.294117647058826,7425.0,0.0,Disconnected,No_Record,1.0,0.866733672058525
SHIP_V_1172,sdv-id-LTJWwP,Ready-made Garments,542,8.5,393,GHOST_VESSEL_X,62.76470588235294,4912.5,0.0,Disconnected,No_Record,1.0,0.866733672058525
SHIP_V_1565,sdv-id-qYFREb,Raw Jute,1241,5.0,672,GHOST_VESSEL_X,247.2,8400.0,0.0,Disconnected,No_Record,1.0,0.866733672058525
SHIP_V_1250,sdv-id-FVFHAY,Raw Jute,1829,5.0,1458,GHOST_VESSEL_X,364.8,18225.0,0.0,Disconnected,No_Record,1.0,0.866733672058525
SHIP_V_1906,sdv-id-bLKbbv,Raw Jute,1684,5.0,1136,GHOST_VESSEL_X,335.8,14200.0,0.0,Disconnected,No_Record,1.0,0.866733672058525
SHIP_V_1401,sdv-id-jDNmzz,Ready-made Garments,1211,8.5,1318,GHOST_VESSEL_X,141.47058823529412,16475.0,0.0,Disconnected,No_Record,1.0,0.866733672058525
SHIP_V_1155,sdv-id-yQUKRq,Industrial Chemicals,164,50.0,492,SHIP_V_1155,2.28,6150.0,6024.22,Active,Verified,0.0205,0.1351987328646549
SHIP_V_1051,sdv-id-oXycer,Raw Jute,1214,5.0,310,GHOST_VESSEL_X,241.8,3875.0,0.0,Disconnected,No_Record,1.0,0.866733672058525
SHIP_V_1621,sdv-id-NJtISw,Solar Panels,859,120.0,199,SHIP_V_1621,6.158333333333333,2487.5,2436.82,Active,Verified,0.0204,0.1347422769583613
SHIP_V_1777,sdv-id-iWBcoc,Raw Jute,1303,5.0,297,GHOST_VESSEL_X,259.6,3712.5,0.0,Disconnected,No_Record,1.0,0.866733672058525
SHIP_V_1133,sdv-id-xhYWKZ,Industrial Chemicals,873,50.0,1666,SHIP_V_1133,16.46,20825.0,20250.11,Active,Verified,0.0276,0.1047474445942566
SHIP_V_1558,sdv-id-jBPsXp,Ready-made Garments,263,8.5,773,SHIP_V_1558,29.941176470588236,9662.5,9217.26,Active,Verified,0.0461,0.1691169007146166
SHIP_V_1767,sdv-id-kGcBik,Raw Jute,1103,5.0,689,GHOST_VESSEL_X,219.6,8612.5,0.0,Disconnected,No_Record,1.0,0.866733672058525
SHIP_V_1244,sdv-id-RhQIdl,Industrial Chemicals,508,50.0,1010,SHIP_V_1244,9.16,12625.0,12167.16,Active,Verified,0.0363,0.1534658967027834
SHIP_V_1422,sdv-id-VVXLvk,Raw Jute,700,5.0,1504,GHOST_VESSEL_X,139.0,18800.0,0.0,Disconnected,No_Record,1.0,0.866733672058525
SHIP_V_1995,sdv-id-pTPOGf,Industrial Chemicals,250,50.0,1966,SHIP_V_1995,4.0,24575.0,23462.42,Active,Verified,0.0453,0.2278317731242793
SHIP_V_1714,sdv-id-BbCpit,Industrial Chemicals,220,50.0,971,SHIP_V_1714,3.4,12137.5,11765.27,Active,Verified,0.0307,0.1046326196210618
SHIP_V_1583,sdv-id-hovtMi,Ready-made Garments,1615,8.5,1298,GHOST_VESSEL_X,189.0,16225.0,0.0,Disconnected,No_Record,1.0,0.866733672058525
SHIP_V_1411,sdv-id-xSkBkp,Industrial Chemicals,707,50.0,1606,SHIP_V_1411,13.14,20075.0,19761.85,Active,Verified,0.0156,0.2105393714630352
SHIP_V_1919,sdv-id-FhseUU,Ready-made Garments,229,8.5,247,SHIP_V_1919,25.941176470588236,3087.5,2977.69,Active,Verified,0.0356,0.1968936597366739
SHIP_V_1120,sdv-id-qraOFK,Ready-made Garments,276,8.5,854,SHIP_V_1120,31.470588235294116,10675.0,10448.17,Active,Verified,0.0212,0.1633116725467704
SHIP_V_1761,sdv-id-XqLsbJ,Smartphones,35,300.0,366,SHIP_V_1761,-0.8833333333333333,4575.0,4497.52,Active,Verified,0.0169,0.1745593478535129
SHIP_V_1648,sdv-id-gWvSSg,Industrial Chemicals,385,50.0,184,SHIP_V_1648,6.7,2300.0,2221.85,Active,Verified,0.034,0.1360042382590279
SHIP_V_1094,sdv-id-FkjknH,Industrial Chemicals,1114,50.0,1855,SHIP_V_1094,21.28,23187.5,22871.15,Active,Verified,0.0136,0.1548569133840102
SHIP_V_1909,sdv-id-hdxSFf,Ready-made Garments,232,8.5,771,SHIP_V_1909,26.294117647058822,9637.5,9240.4,Active,Verified,0.0412,0.1205366489924151
SHIP_V_1368,sdv-id-lWHFNS,Industrial Chemicals,1342,50.0,457,SHIP_V_1368,25.84,5712.5,5519.51,Active,Verified,0.0338,0.1747281640499276
SHIP_V_1913,sdv-id-SHYovg,Raw Jute,840,5.0,1449,GHOST_VESSEL_X,167.0,18112.5,0.0,Disconnected,No_Record,1.0,0.866733672058525
SHIP_V_1870,sdv-id-hAUYlc,Solar Panels,1186,120.0,1057,SHIP_V_1870,8.883333333333333,13212.5,12573.99,Active,Verified,0.0483,0.1042585903137079
SHIP_V_1531,sdv-id-mMiczZ,Ready-made Garments,55,8.5,1538,SHIP_V_1531,5.470588235294118,19225.0,18933.02,Active,Verified,0.0152,0.1821896236336849
SHIP_V_1002,sdv-id-XyUgri,Ready-made Garments,4,8.5,276,SHIP_V_1002,-0.5294117647058824,3450.0,3338.35,Active,Verified,0.0324,0.1251918472053863
SHIP_V_1443,sdv-id-ToyWPO,Industrial Chemicals,477,50.0,389,SHIP_V_1443,8.54,4862.5,4655.33,Active,Verified,0.0426,0.243469362980408
SHIP_V_1939,sdv-id-fjzWqP,Solar Panels,1707,120.0,228,SHIP_V_1939,13.225,2850.0,2741.57,Active,Verified,0.038,0.2117204627732334
SHIP_V_1180,sdv-id-oJZpGl,Ready-made Garments,53,8.5,944,SHIP_V_1180,5.235294117647059,11800.0,11288.9,Active,Verified,0.0433,0.2145025390102038
SHIP_V_1125,sdv-id-ShLpwF,Smartphones,2154,300.0,1419,SHIP_V_1125,6.18,17737.5,17540.72,Active,Verified,0.0111,0.1785640581895245
SHIP_V_1650,sdv-id-rBuGcN,Raw Jute,351,5.0,173,GHOST_VESSEL_X,69.2,2162.5,0.0,Disconnected,No_Record,1.0,0.866733672058525
SHIP_V_1731,sdv-id-iiRHrc,Solar Panels,384,120.0,1883,SHIP_V_1731,2.2,23537.5,23000.1,Active,Verified,0.0228,0.1049106857336751
SHIP_V_1555,sdv-id-Drwkkv,Smartphones,726,300.0,701,SHIP_V_1555,1.42,8762.5,8387.85,Active,Verified,0.0428,0.1542968704808369
SHIP_V_1254,sdv-id-LZqMRT,Solar Panels,236,120.0,1832,SHIP_V_1254,0.9666666666666668,22900.0,22634.99,Active,Verified,0.0116,0.1563106004889274
SHIP_V_1612,sdv-id-qfmfTH,Smartphones,1283,300.0,500,SHIP_V_1612,3.276666666666667,6250.0,6071.48,Active,Verified,0.0286,0.2362019118903598
SHIP_V_1915,sdv-id-LIGtTc,Smartphones,404,300.0,1680,SHIP_V_1915,0.3466666666666667,21000.0,20092.04,Active,Verified,0.0432,0.2199308480133722
SHIP_V_1297,sdv-id-XkAhgj,Raw Jute,1018,5.0,227,GHOST_VESSEL_X,202.6,2837.5,0.0,Disconnected,No_Record,1.0,0.866733672058525
SHIP_V_1895,sdv-id-CXrlZL,Industrial Chemicals,1501,50.0,764,SHIP_V_1895,29.02,9550.0,9316.23,Active,Verified,0.0245,0.139600591786343
SHIP_V_1273,sdv-id-koMXtC,Ready-made Garments,709,8.5,1286,GHOST_VESSEL_X,82.41176470588235,16075.0,0.0,Disconnected,No_Record,1.0,0.866733672058525
SHIP_V_1089,sdv-id-wajqbp,Raw Jute,1595,5.0,1633,GHOST_VESSEL_X,318.0,20412.5,0.0,Disconnected,No_Record,1.0,0.866733672058525
SHIP_V_1456,sdv-id-lShzMm,Smartphones,772,300.0,1043,SHIP_V_1456,1.5733333333333333,13037.5,12523.16,Active,Verified,0.0395,0.1763229974816375
SHIP_V_1349,sdv-id-ggKxFA,Ready-made Garments,288,8.5,1610,SHIP_V_1349,32.88235294117647,20125.0,19378.8,Active,Verified,0.0371,0.1456458817940546
SHIP_V_1141,sdv-id-XFmFuu,Raw Jute,222,5.0,1397,SHIP_V_1141,43.4,17462.5,16799.61,Active,Verified,0.038,0.1990752029053027
SHIP_V_1889,sdv-id-NpteKD,Raw Jute,602,5.0,1252,GHOST_VESSEL_X,119.4,15650.0,0.0,Disconnected,No_Record,1.0,0.866733672058525
SHIP_V_1670,sdv-id-vRMpjU,Smartphones,1363,300.0,1946,SHIP_V_1670,3.5433333333333334,24325.0,23230.45,Active,Verified,0.045,0.2412764926686821
SHIP_V_1906,sdv-id-Pqrdmb,Smartphones,817,300.0,718,SHIP_V_1906,1.7233333333333334,8975.0,8839.43,Active,Verified,0.0151,0.1427227656163035
SHIP_V_1376,sdv-id-dhKgjE,Ready-made Garments,1425,8.5,1339,GHOST_VESSEL_X,166.64705882352942,16737.5,0.0,Disconnected,No_Record,1.0,0.866733672058525
SHIP_V_1393,sdv-id-jLAXJG,Smartphones,62,300.0,1640,SHIP_V_1393,-0.7933333333333333,20500.0,19752.69,Active,Verified,0.0365,0.107425575174871
SHIP_V_1032,sdv-id-edkosk,Raw Jute,1483,5.0,642,GHOST_VESSEL_X,295.6,8025.0,0.0,Disconnected,No_Record,1.0,0.866733672058525
SHIP_V_1487,sdv-id-uUjail,Raw Jute,136,5.0,1510,SHIP_V_1487,26.2,18875.0,18339.66,Active,Verified,0.0284,0.169912358756013
SHIP_V_1066,sdv-id-jViykT,Smartphones,591,300.0,1754,SHIP_V_1066,0.97,21925.0,21077.37,Active,Verified,0.0387,0.1107727089934307
SHIP_V_1663,sdv-id-URZDMO,Ready-made Garments,944,8.5,116,GHOST_VESSEL_X,110.05882352941175,1450.0,0.0,Disconnected,No_Record,1.0,0.866733672058525
SHIP_V_1634,sdv-id-tUhpWb,Ready-made Garments,243,8.5,1789,SHIP_V_1634,27.58823529411765,22362.5,22053.66,Active,Verified,0.0138,0.2361399817789866
SHIP_V_1283,sdv-id-HkDCca,Solar Panels,5,120.0,1900,SHIP_V_1283,-0.9583333333333334,23750.0,22751.03,Active,Verified,0.0421,0.2285127385695971
SHIP_V_1406,sdv-id-JqeNcA,Raw Jute,882,5.0,951,GHOST_VESSEL_X,175.4,11887.5,0.0,Disconnected,No_Record,1.0,0.866733672058525
SHIP_V_1314,sdv-id-fRYvCx,Industrial Chemicals,361,50.0,543,SHIP_V_1314,6.22,6787.5,6685.12,Active,Verified,0.0151,0.235036593150077
SHIP_V_1582,sdv-id-bHaCcQ,Solar Panels,879,120.0,475,SHIP_V_1582,6.325,5937.5,5673.24,Active,Verified,0.0445,0.1971172635020092
SHIP_V_1331,sdv-id-vVuwNh,Smartphones,82,300.0,1498,SHIP_V_1331,-0.7266666666666667,18725.0,18502.99,Active,Verified,0.0119,0.1776506519995924
SHIP_V_1613,sdv-id-JbjDWN,Smartphones,1026,300.0,1394,SHIP_V_1613,2.42,17425.0,16734.49,Active,Verified,0.0396,0.2052019477173829
SHIP_V_1312,sdv-id-RIzlWx,Industrial Chemicals,349,50.0,1893,SHIP_V_1312,5.98,23662.5,23182.62,Active,Verified,0.0203,0.1031068010706165
SHIP_V_1765,sdv-id-QHTapB,Smartphones,372,300.0,1487,SHIP_V_1765,0.24,18587.5,17909.45,Active,Verified,0.0365,0.1343974053281233
SHIP_V_1989,sdv-id-EfuBGa,Raw Jute,528,5.0,1368,GHOST_VESSEL_X,104.6,17100.0,0.0,Disconnected,No_Record,1.0,0.866733672058525
SHIP_V_1934,sdv-id-uFedAS,Ready-made Garments,1782,8.5,482,GHOST_VESSEL_X,208.64705882352945,6025.0,0.0,Disconnected,No_Record,1.0,0.866733672058525
SHIP_V_1126,sdv-id-AoUQZc,Smartphones,136,300.0,825,SHIP_V_1126,-0.5466666666666666,10312.5,10052.04,Active,Verified,0.0253,0.1973568714579361
SHIP_V_1594,sdv-id-QYmtNs,Solar Panels,212,120.0,829,SHIP_V_1594,0.7666666666666667,10362.5,10211.46,Active,Verified,0.0146,0.1087933434657702
SHIP_V_1090,sdv-id-FOPUYE,Smartphones,1183,300.0,495,SHIP_V_1090,2.943333333333334,6187.5,5961.81,Active,Verified,0.0365,0.2058348629625891
SHIP_V_1992,sdv-id-sVZnLF,Solar Panels,1446,120.0,232,SHIP_V_1992,11.05,2900.0,2834.51,Active,Verified,0.0226,0.1451919057483837
SHIP_V_1974,sdv-id-dvOGCl,Industrial Chemicals,973,50.0,1721,SHIP_V_1974,18.46,21512.5,20910.91,Active,Verified,0.028,0.2290623626104714
SHIP_V_1637,sdv-id-QFLtwm,Smartphones,1307,300.0,1013,SHIP_V_1637,3.3566666666666665,12662.5,12192.46,Active,Verified,0.0371,0.2417452810838353
SHIP_V_1639,sdv-id-XbRzAV,Smartphones,166,300.0,1668,SHIP_V_1639,-0.4466666666666666,20850.0,20398.27,Active,Verified,0.0217,0.1825165229649148
SHIP_V_1890,sdv-id-BxAffO,Ready-made Garments,523,8.5,1859,GHOST_VESSEL_X,60.52941176470589,23237.5,0.0,Disconnected,No_Record,1.0,0.866733672058525
SHIP_V_1534,sdv-id-QrsdeG,Solar Panels,2,120.0,1431,SHIP_V_1534,-0.9833333333333332,17887.5,17417.1,Active,Verified,0.0263,0.2464628343027383
SHIP_V_1743,sdv-id-LiiSFZ,Smartphones,382,300.0,818,SHIP_V_1743,0.2733333333333333,10225.0,9801.52,Active,Verified,0.0414,0.2028708931097616
SHIP_V_1150,sdv-id-IJdpYk,Ready-made Garments,1839,8.5,365,GHOST_VESSEL_X,215.35294117647055,4562.5,0.0,Disconnected,No_Record,1.0,0.866733672058525
SHIP_V_1018,sdv-id-sRxXlp,Ready-made Garments,105,8.5,937,SHIP_V_1018,11.352941176470589,11712.5,11324.13,Active,Verified,0.0332,0.2009610982843479
SHIP_V_1684,sdv-id-TiLyuq,Ready-made Garments,1708,8.5,1670,GHOST_VESSEL_X,199.94117647058823,20875.0,0.0,Disconnected,No_Record,1.0,0.866733672058525
SHIP_V_1194,sdv-id-QqPVGw,Raw Jute,677,5.0,691,GHOST_VESSEL_X,134.4,8637.5,0.0,Disconnected,No_Record,1.0,0.866733672058525
SHIP_V_1434,sdv-id-hBcVKW,Solar Panels,693,120.0,414,SHIP_V_1434,4.775,5175.0,4960.2,Active,Verified,0.0415,0.2359170590791144
SHIP_V_1690,sdv-id-LaGGet,Smartphones,563,300.0,297,SHIP_V_1690,0.8766666666666667,3712.5,3546.19,Active,Verified,0.0448,0.1738413804470778
SHIP_V_1979,sdv-id-TWxgJQ,Smartphones,2202,300.0,401,SHIP_V_1979,6.34,5012.5,4926.92,Active,Verified,0.0171,0.2049785612697851
SHIP_V_1943,sdv-id-YugONJ,Industrial Chemicals,2099,50.0,446,SHIP_V_1943,40.98,5575.0,5318.26,Active,Verified,0.0461,0.1017745833984803
SHIP_V_1636,sdv-id-neEdJj,Solar Panels,454,120.0,837,SHIP_V_1636,2.783333333333333,10462.5,10063.05,Active,Verified,0.0382,0.1863196713798137
SHIP_V_1458,sdv-id-RcaQjc,Raw Jute,607,5.0,445,GHOST_VESSEL_X,120.4,5562.5,0.0,Disconnected,No_Record,1.0,0.866733672058525
SHIP_V_1699,sdv-id-fcTAwQ,Solar Panels,1843,120.0,388,SHIP_V_1699,14.358333333333333,4850.0,4711.3,Active,Verified,0.0286,0.1824730942134856
SHIP_V_1519,sdv-id-qRkLrQ,Smartphones,1532,300.0,1435,SHIP_V_1519,4.1066666666666665,17937.5,17568.19,Active,Verified,0.0206,0.131490943236566
SHIP_V_1769,sdv-id-kbZUzq,Solar Panels,366,120.0,1991,SHIP_V_1769,2.05,24887.5,24465.9,Active,Verified,0.0169,0.2287005176904371
SHIP_V_1491,sdv-id-vbEkrF,Smartphones,519,300.0,148,SHIP_V_1491,0.73,1850.0,1769.53,Active,Verified,0.0435,0.2259499538031686
SHIP_V_1770,sdv-id-Heqsvn,Smartphones,1825,300.0,726,SHIP_V_1770,5.083333333333333,9075.0,8719.15,Active,Verified,0.0392,0.1379083149676927
SHIP_V_1963,sdv-id-ziWBBu,Ready-made Garments,282,8.5,1723,SHIP_V_1963,32.1764705882353,21537.5,21192.68,Active,Verified,0.016,0.1813965569432277
SHIP_V_1115,sdv-id-MNaFCr,Ready-made Garments,905,8.5,1248,GHOST_VESSEL_X,105.47058823529412,15600.0,0.0,Disconnected,No_Record,1.0,0.866733672058525
SHIP_V_1837,sdv-id-tCoNgo,Raw Jute,970,5.0,882,GHOST_VESSEL_X,193.0,11025.0,0.0,Disconnected,No_Record,1.0,0.866733672058525
SHIP_V_1334,sdv-id-ZVZxFb,Raw Jute,1165,5.0,1027,GHOST_VESSEL_X,232.0,12837.5,0.0,Disconnected,No_Record,1.0,0.866733672058525
SHIP_V_1166,sdv-id-trJfcY,Raw Jute,804,5.0,1226,GHOST_VESSEL_X,159.8,15325.0,0.0,Disconnected,No_Record,1.0,0.866733672058525
SHIP_V_1707,sdv-id-oFACld,Raw Jute,614,5.0,1131,GHOST_VESSEL_X,121.8,14137.5,0.0,Disconnected,No_Record,1.0,0.866733672058525
SHIP_V_1624,sdv-id-GUALLD,Solar Panels,581,120.0,427,SHIP_V_1624,3.841666666666667,5337.5,5239.53,Active,Verified,0.0184,0.1010834437937917
SHIP_V_1769,sdv-id-wAVyah,Solar Panels,1117,120.0,542,SHIP_V_1769,8.308333333333334,6775.0,6592.75,Active,Verified,0.0269,0.2069291936395481
SHIP_V_1960,sdv-id-Pctyrf,Ready-made Garments,189,8.5,1020,SHIP_V_1960,21.235294117647054,12750.0,12240.43,Active,Verified,0.04,0.1799007069535509
SHIP_V_1065,sdv-id-IALjVy,Raw Jute,1889,5.0,205,GHOST_VESSEL_X,376.8,2562.5,0.0,Disconnected,No_Record,1.0,0.866733672058525
SHIP_V_1920,sdv-id-TFHdBa,Solar Panels,1170,120.0,637,SHIP_V_1920,8.75,7962.5,7647.17,Active,Verified,0.0396,0.1483029615276999
SHIP_V_1769,sdv-id-MMOvmf,Ready-made Garments,362,8.5,767,SHIP_V_1769,41.588235294117645,9587.5,9198.91,Active,Verified,0.0405,0.1952515342562095
SHIP_V_1656,sdv-id-LCsApV,Raw Jute,907,5.0,701,GHOST_VESSEL_X,180.4,8762.5,0.0,Disconnected,No_Record,1.0,0.866733672058525
SHIP_V_1604,sdv-id-JiXMgQ,Smartphones,1673,300.0,901,SHIP_V_1604,4.576666666666667,11262.5,10720.59,Active,Verified,0.0481,0.1915400924501302
SHIP_V_1766,sdv-id-NTcUfw,Smartphones,1036,300.0,198,SHIP_V_1766,2.453333333333333,2475.0,2417.8,Active,Verified,0.0231,0.2453630303847488
SHIP_V_1755,sdv-id-UxoLeN,Raw Jute,153,5.0,1021,SHIP_V_1755,29.6,12762.5,12411.22,Active,Verified,0.0275,0.1731067092998217
SHIP_V_1760,sdv-id-JyeFlu,Solar Panels,272,120.0,1480,SHIP_V_1760,1.2666666666666666,18500.0,17694.61,Active,Verified,0.0435,0.1097680055907995
SHIP_V_1791,sdv-id-ioSKKr,Solar Panels,435,120.0,678,SHIP_V_1791,2.625,8475.0,8066.51,Active,Verified,0.0482,0.1505841735385357
SHIP_V_1305,sdv-id-intNwg,Raw Jute,135,5.0,1737,SHIP_V_1305,26.0,21712.5,21402.52,Active,Verified,0.0143,0.1747671710459828
SHIP_V_1593,sdv-id-RYAqBH,Solar Panels,338,120.0,1301,SHIP_V_1593,1.8166666666666669,16262.5,15906.72,Active,Verified,0.0219,0.2192295959877284
SHIP_V_1460,sdv-id-VkgUhW,Solar Panels,668,120.0,1469,SHIP_V_1460,4.566666666666666,18362.5,17790.79,Active,Verified,0.0311,0.2190722036774921
SHIP_V_1465,sdv-id-cRWhnh,Ready-made Garments,846,8.5,1061,GHOST_VESSEL_X,98.52941176470588,13262.5,0.0,Disconnected,No_Record,1.0,0.866733672058525
SHIP_V_1386,sdv-id-qrTCGd,Raw Jute,620,5.0,1179,GHOST_VESSEL_X,123.0,14737.5,0.0,Disconnected,No_Record,1.0,0.866733672058525
SHIP_V_1466,sdv-id-WFssvC,Smartphones,762,300.0,775,SHIP_V_1466,1.54,9687.5,9504.07,Active,Verified,0.0189,0.2390220823787335
SHIP_V_1296,sdv-id-sESPQl,Industrial Chemicals,2076,50.0,253,SHIP_V_1296,40.52,3162.5,3072.17,Active,Verified,0.0286,0.1793879203882221
SHIP_V_1867,sdv-id-EULyJn,Raw Jute,1458,5.0,942,GHOST_VESSEL_X,290.6,11775.0,0.0,Disconnected,No_Record,1.0,0.866733672058525
SHIP_V_1953,sdv-id-QWMFsj,Smartphones,204,300.0,288,SHIP_V_1953,-0.32,3600.0,3542.16,Active,Verified,0.0161,0.1293075510463936
SHIP_V_1217,sdv-id-AnkopN,Smartphones,683,300.0,1142,SHIP_V_1217,1.2766666666666666,14275.0,14022.72,Active,Verified,0.0177,0.1049415456935195
SHIP_V_1272,sdv-id-pMIbRD,Smartphones,531,300.0,1884,SHIP_V_1272,0.77,23550.0,22921.59,Active,Verified,0.0267,0.1278720795655007
SHIP_V_1424,sdv-id-wcmyiu,Smartphones,107,300.0,1198,SHIP_V_1424,-0.6433333333333333,14975.0,14447.1,Active,Verified,0.0353,0.1005574053759133
SHIP_V_1402,sdv-id-FXCjuh,Industrial Chemicals,588,50.0,298,SHIP_V_1402,10.76,3725.0,3612.58,Active,Verified,0.0302,0.1267341960205973
SHIP_V_1562,sdv-id-aJNjcr,Smartphones,932,300.0,1191,SHIP_V_1562,2.1066666666666665,14887.5,14557.88,Active,Verified,0.0221,0.126736284063235
SHIP_V_1357,sdv-id-TXnUbP,Raw Jute,2181,5.0,1045,GHOST_VESSEL_X,435.2,13062.5,0.0,Disconnected,No_Record,1.0,0.866733672058525
SHIP_V_1183,sdv-id-kvDoSx,Ready-made Garments,1170,8.5,1782,GHOST_VESSEL_X,136.64705882352942,22275.0,0.0,Disconnected,No_Record,1.0,0.866733672058525
SHIP_V_1810,sdv-id-BqXZlf,Ready-made Garments,333,8.5,387,SHIP_V_1810,38.1764705882353,4837.5,4667.15,Active,Verified,0.0352,0.1291858472945945
SHIP_V_1339,sdv-id-MORJeI,Solar Panels,707,120.0,462,SHIP_V_1339,4.891666666666667,5775.0,5490.66,Active,Verified,0.0492,0.2218917494042599
SHIP_V_1843,sdv-id-zZzDSU,Raw Jute,644,5.0,812,GHOST_VESSEL_X,127.8,10150.0,0.0,Disconnected,No_Record,1.0,0.866733672058525
SHIP_V_1227,sdv-id-ldSJfW,Industrial Chemicals,765,50.0,939,SHIP_V_1227,14.3,11737.5,11384.78,Active,Verified,0.0301,0.1122838060988599
SHIP_V_1182,sdv-id-VKxdGV,Industrial Chemicals,442,50.0,247,SHIP_V_1182,7.84,3087.5,3019.13,Active,Verified,0.0221,0.2099008900655689
SHIP_V_1055,sdv-id-MKHYcs,Smartphones,374,300.0,486,SHIP_V_1055,0.2466666666666666,6075.0,5792.97,Active,Verified,0.0464,0.2094743605041106
SHIP_V_1612,sdv-id-iHSHqT,Industrial Chemicals,1311,50.0,854,SHIP_V_1612,25.22,10675.0,10142.13,Active,Verified,0.0499,0.1684281320753758
SHIP_V_1464,sdv-id-QVVjvG,Smartphones,849,300.0,1391,SHIP_V_1464,1.83,17387.5,16530.16,Active,Verified,0.0493,0.2027971812970943
SHIP_V_1588,sdv-id-NNztCi,Ready-made Garments,69,8.5,1919,SHIP_V_1588,7.117647058823529,23987.5,23268.6,Active,Verified,0.03,0.1216877330248591
SHIP_V_1550,sdv-id-qoqKiT,Smartphones,15,300.0,1571,SHIP_V_1550,-0.95,19637.5,18810.24,Active,Verified,0.0421,0.1602510340137392
SHIP_V_1153,sdv-id-riAoWf,Raw Jute,1247,5.0,1055,GHOST_VESSEL_X,248.4,13187.5,0.0,Disconnected,No_Record,1.0,0.866733672058525
SHIP_V_1776,sdv-id-GDnyCG,Industrial Chemicals,55,50.0,530,SHIP_V_1776,0.1,6625.0,6320.37,Active,Verified,0.046,0.1538630750237914
SHIP_V_1510,sdv-id-isiUHK,Ready-made Garments,232,8.5,1752,SHIP_V_1510,26.294117647058822,21900.0,21430.33,Active,Verified,0.0214,0.1808618922206718
SHIP_V_1671,sdv-id-BygsSB,Smartphones,433,300.0,103,SHIP_V_1671,0.4433333333333333,1287.5,1269.53,Active,Verified,0.014,0.2019033076310478
SHIP_V_1947,sdv-id-ftUkxt,Industrial Chemicals,1000,50.0,648,SHIP_V_1947,19.0,8100.0,7985.22,Active,Verified,0.0142,0.1921245311453349
SHIP_V_1826,sdv-id-oakXSD,Smartphones,350,300.0,1406,SHIP_V_1826,0.1666666666666666,17575.0,17235.31,Active,Verified,0.0193,0.1210951509419425
SHIP_V_1470,sdv-id-EePuMF,Industrial Chemicals,544,50.0,1275,SHIP_V_1470,9.88,15937.5,15303.3,Active,Verified,0.0398,0.1454785397083348
SHIP_V_1844,sdv-id-CnQXXw,Smartphones,1045,300.0,1499,SHIP_V_1844,2.4833333333333334,18737.5,18256.82,Active,Verified,0.0257,0.2387708540011626
SHIP_V_1497,sdv-id-RkxoGB,Smartphones,1925,300.0,1018,SHIP_V_1497,5.416666666666667,12725.0,12181.33,Active,Verified,0.0427,0.1015942613413653
SHIP_V_1204,sdv-id-QWBrjb,Industrial Chemicals,369,50.0,1523,SHIP_V_1204,6.38,19037.5,18783.42,Active,Verified,0.0133,0.1856518882716527
SHIP_V_1392,sdv-id-vZdYyn,Industrial Chemicals,1020,50.0,185,SHIP_V_1392,19.4,2312.5,2219.33,Active,Verified,0.0403,0.2287666234350594
SHIP_V_1335,sdv-id-iiiWGn,Ready-made Garments,1013,8.5,1065,GHOST_VESSEL_X,118.17647058823528,13312.5,0.0,Disconnected,No_Record,1.0,0.866733672058525
SHIP_V_1972,sdv-id-rUbEXf,Raw Jute,986,5.0,827,GHOST_VESSEL_X,196.2,10337.5,0.0,Disconnected,No_Record,1.0,0.866733672058525
SHIP_V_1842,sdv-id-wrfbhE,Smartphones,13,300.0,1399,SHIP_V_1842,-0.9566666666666668,17487.5,17071.31,Active,Verified,0.0238,0.1177281702406011
SHIP_V_1148,sdv-id-alfmBR,Ready-made Garments,752,8.5,713,GHOST_VESSEL_X,87.47058823529412,8912.5,0.0,Disconnected,No_Record,1.0,0.866733672058525
SHIP_V_1667,sdv-id-sPzCUj,Smartphones,1306,300.0,1143,SHIP_V_1667,3.3533333333333335,14287.5,13847.83,Active,Verified,0.0308,0.2343276108388548
SHIP_V_1125,sdv-id-YgrYrU,Ready-made Garments,1120,8.5,769,GHOST_VESSEL_X,130.76470588235293,9612.5,0.0,Disconnected,No_Record,1.0,0.866733672058525
SHIP_V_1818,sdv-id-urEuEf,Ready-made Garments,47,8.5,1913,SHIP_V_1818,4.529411764705882,23912.5,23206.51,Active,Verified,0.0295,0.2313391578623615
SHIP_V_1415,sdv-id-EhtTxZ,Industrial Chemicals,619,50.0,480,SHIP_V_1415,11.38,6000.0,5707.07,Active,Verified,0.0488,0.2082363475568747
SHIP_V_1209,sdv-id-USwlVi,Raw Jute,729,5.0,898,GHOST_VESSEL_X,144.8,11225.0,0.0,Disconnected,No_Record,1.0,0.866733672058525
SHIP_V_1285,sdv-id-amcovH,Solar Panels,267,120.0,1552,SHIP_V_1285,1.225,19400.0,18743.34,Active,Verified,0.0338,0.2376603122965037
SHIP_V_1428,sdv-id-YlNrLr,Raw Jute,2750,5.0,715,GHOST_VESSEL_X,549.0,8937.5,0.0,Disconnected,No_Record,1.0,0.866733672058525
SHIP_V_1499,sdv-id-zKtHTl,Solar Panels,435,120.0,563,SHIP_V_1499,2.625,7037.5,6799.85,Active,Verified,0.0338,0.2051517022831888
SHIP_V_1398,sdv-id-rIeZFe,Industrial Chemicals,775,50.0,1781,SHIP_V_1398,14.5,22262.5,21830.55,Active,Verified,0.0194,0.1779784208209303
SHIP_V_1170,sdv-id-AAprOa,Industrial Chemicals,1398,50.0,1872,SHIP_V_1170,26.96,23400.0,22275.02,Active,Verified,0.0481,0.127926141090833
SHIP_V_1290,sdv-id-oNmdUO,Smartphones,109,300.0,1083,SHIP_V_1290,-0.6366666666666667,13537.5,13126.69,Active,Verified,0.0303,0.1816344719461492
SHIP_V_1225,sdv-id-PQqUwj,Industrial Chemicals,511,50.0,1005,SHIP_V_1225,9.22,12562.5,12093.25,Active,Verified,0.0374,0.1145349591984188
SHIP_V_1733,sdv-id-CreCiW,Smartphones,955,300.0,1136,SHIP_V_1733,2.183333333333333,14200.0,13538.04,Active,Verified,0.0466,0.1280070211923433
SHIP_V_1449,sdv-id-jJSXgj,Ready-made Garments,1424,8.5,1661,GHOST_VESSEL_X,166.52941176470588,20762.5,0.0,Disconnected,No_Record,1.0,0.866733672058525
SHIP_V_1102,sdv-id-jvBPQa,Raw Jute,1146,5.0,1673,GHOST_VESSEL_X,228.2,20912.5,0.0,Disconnected,No_Record,1.0,0.866733672058525
SHIP_V_1423,sdv-id-ztPauD,Smartphones,1861,300.0,1492,SHIP_V_1423,5.203333333333333,18650.0,17836.22,Active,Verified,0.0436,0.2327586005522616
SHIP_V_1234,sdv-id-jWsoYA,Ready-made Garments,8,8.5,907,SHIP_V_1234,-0.0588235294117647,11337.5,10920.06,Active,Verified,0.0368,0.2135447995270026
SHIP_V_1034,sdv-id-fcPtuB,Smartphones,415,300.0,1120,SHIP_V_1034,0.3833333333333333,14000.0,13317.86,Active,Verified,0.0487,0.1035486394790978
SHIP_V_1060,sdv-id-ZeWBsM,Ready-made Garments,1454,8.5,1468,GHOST_VESSEL_X,170.05882352941177,18350.0,0.0,Disconnected,No_Record,1.0,0.866733672058525
SHIP_V_1482,sdv-id-eXCIxL,Industrial Chemicals,79,50.0,1028,SHIP_V_1482,0.58,12850.0,12659.98,Active,Verified,0.0148,0.1931543874306352
SHIP_V_1569,sdv-id-xPGyOA,Smartphones,1216,300.0,685,SHIP_V_1569,3.0533333333333332,8562.5,8437.0,Active,Verified,0.0147,0.1922172838694902
SHIP_V_1882,sdv-id-OHzBmi,Smartphones,2366,300.0,679,SHIP_V_1882,6.886666666666667,8487.5,8261.65,Active,Verified,0.0266,0.1722230500507925
SHIP_V_1596,sdv-id-ThQzTz,Ready-made Garments,1280,8.5,655,GHOST_VESSEL_X,149.58823529411765,8187.5,0.0,Disconnected,No_Record,1.0,0.866733672058525
SHIP_V_1538,sdv-id-GpxtSy,Smartphones,361,300.0,1045,SHIP_V_1538,0.2033333333333333,13062.5,12630.61,Active,Verified,0.0331,0.2059791677832942
SHIP_V_1651,sdv-id-qsZCJb,Industrial Chemicals,227,50.0,1202,SHIP_V_1651,3.54,15025.0,14719.23,Active,Verified,0.0204,0.1523955191146636
SHIP_V_1564,sdv-id-PgnBGq,Smartphones,292,300.0,1313,SHIP_V_1564,-0.0266666666666666,16412.5,16095.01,Active,Verified,0.0193,0.2232108739448934
SHIP_V_1224,sdv-id-jvbZwf,Solar Panels,1477,120.0,1641,SHIP_V_1224,11.308333333333334,20512.5,19587.47,Active,Verified,0.0451,0.1323060254019218
SHIP_V_1633,sdv-id-ONpThm,Ready-made Garments,617,8.5,1092,GHOST_VESSEL_X,71.58823529411765,13650.0,0.0,Disconnected,No_Record,1.0,0.866733672058525
SHIP_V_1530,sdv-id-fPIXOk,Ready-made Garments,359,8.5,971,SHIP_V_1530,41.23529411764706,12137.5,11820.89,Active,Verified,0.0261,0.1774078835975827
SHIP_V_1644,sdv-id-fLLiiD,Smartphones,49,300.0,792,SHIP_V_1644,-0.8366666666666667,9900.0,9485.38,Active,Verified,0.0419,0.1159179438322264
SHIP_V_1199,sdv-id-pajpOc,Industrial Chemicals,118,50.0,184,SHIP_V_1199,1.36,2300.0,2251.6,Active,Verified,0.021,0.179461487930578
SHIP_V_1608,sdv-id-voVapA,Raw Jute,493,5.0,1588,GHOST_VESSEL_X,97.6,19850.0,0.0,Disconnected,No_Record,1.0,0.866733672058525
SHIP_V_1267,sdv-id-tKzlEW,Smartphones,320,300.0,648,SHIP_V_1267,0.0666666666666666,8100.0,7870.73,Active,Verified,0.0283,0.1461633540077014
SHIP_V_1962,sdv-id-AJzVaA,Ready-made Garments,23,8.5,302,SHIP_V_1962,1.7058823529411764,3775.0,3715.75,Active,Verified,0.0157,0.1416862959512716
SHIP_V_1524,sdv-id-RSPqrs,Raw Jute,278,5.0,1103,SHIP_V_1524,54.6,13787.5,13631.17,Active,Verified,0.0113,0.1327616337243529
SHIP_V_1545,sdv-id-XYuQjE,Industrial Chemicals,344,50.0,1003,SHIP_V_1545,5.88,12537.5,12119.04,Active,Verified,0.0334,0.1947035284839051
SHIP_V_1874,sdv-id-YbWzul,Ready-made Garments,149,8.5,1227,SHIP_V_1874,16.529411764705884,15337.5,14722.16,Active,Verified,0.0401,0.1670259377632723
SHIP_V_1755,sdv-id-AojuOQ,Smartphones,363,300.0,1905,SHIP_V_1755,0.21,23812.5,23500.03,Active,Verified,0.0131,0.237731445658768
SHIP_V_1995,sdv-id-VyDjZe,Solar Panels,1303,120.0,860,SHIP_V_1995,9.858333333333333,10750.0,10254.54,Active,Verified,0.0461,0.1017443388403705
SHIP_V_1010,sdv-id-gHSyDZ,Smartphones,897,300.0,1012,SHIP_V_1010,1.99,12650.0,12294.15,Active,Verified,0.0281,0.1643108663441545
SHIP_V_1253,sdv-id-kLLPOl,Smartphones,134,300.0,354,SHIP_V_1253,-0.5533333333333333,4425.0,4258.4,Active,Verified,0.0376,0.1956108865073741
SHIP_V_1777,sdv-id-UZqspY,Solar Panels,10,120.0,1464,SHIP_V_1777,-0.9166666666666666,18300.0,17756.11,Active,Verified,0.0297,0.239434622285816
SHIP_V_1609,sdv-id-lEfQHN,Raw Jute,304,5.0,1295,GHOST_VESSEL_X,59.8,16187.5,0.0,Disconnected,No_Record,1.0,0.866733672058525
SHIP_V_1474,sdv-id-gyZDaP,Smartphones,524,300.0,544,SHIP_V_1474,0.7466666666666667,6800.0,6645.07,Active,Verified,0.0228,0.1095752189628177
SHIP_V_1236,sdv-id-IWoPqX,Smartphones,668,300.0,1273,SHIP_V_1236,1.2266666666666666,15912.5,15528.12,Active,Verified,0.0242,0.2159426048008212
SHIP_V_1775,sdv-id-jlZQSG,Industrial Chemicals,451,50.0,118,SHIP_V_1775,8.02,1475.0,1442.7,Active,Verified,0.0219,0.1034616927050031
SHIP_V_1004,sdv-id-cKstfq,Smartphones,645,300.0,1883,SHIP_V_1004,1.15,23537.5,22800.67,Active,Verified,0.0313,0.1654960907939444
SHIP_V_1788,sdv-id-pAinMp,Smartphones,845,300.0,161,SHIP_V_1788,1.8166666666666669,2012.5,1981.68,Active,Verified,0.0153,0.1833727964016384
SHIP_V_1348,sdv-id-oIOMhe,Industrial Chemicals,614,50.0,823,SHIP_V_1348,11.28,10287.5,10059.88,Active,Verified,0.0221,0.2140597182811074
SHIP_V_1482,sdv-id-CiiFKX,Raw Jute,1381,5.0,338,GHOST_VESSEL_X,275.2,4225.0,0.0,Disconnected,No_Record,1.0,0.866733672058525
SHIP_V_1303,sdv-id-PhYCOE,Industrial Chemicals,114,50.0,1837,SHIP_V_1303,1.28,22962.5,22663.5,Active,Verified,0.013,0.1444223458927276
SHIP_V_1782,sdv-id-COUyDB,Smartphones,31,300.0,1921,SHIP_V_1782,-0.8966666666666666,24012.5,22868.57,Active,Verified,0.0476,0.1881261995665945
SHIP_V_1301,sdv-id-mTDUnT,Raw Jute,138,5.0,825,SHIP_V_1301,26.6,10312.5,10144.44,Active,Verified,0.0163,0.2399555467906057
SHIP_V_1163,sdv-id-RLaErV,Solar Panels,788,120.0,1375,SHIP_V_1163,5.566666666666666,17187.5,16578.31,Active,Verified,0.0354,0.2112795870847928
SHIP_V_1933,sdv-id-jtLweW,Raw Jute,1507,5.0,1026,GHOST_VESSEL_X,300.4,12825.0,0.0,Disconnected,No_Record,1.0,0.866733672058525
SHIP_V_1305,sdv-id-sydoPj,Ready-made Garments,153,8.5,1918,SHIP_V_1305,17.0,23975.0,23167.88,Active,Verified,0.0337,0.1234595508899507
SHIP_V_1064,sdv-id-ILVHry,Ready-made Garments,812,8.5,806,GHOST_VESSEL_X,94.52941176470588,10075.0,0.0,Disconnected,No_Record,1.0,0.866733672058525
SHIP_V_1558,sdv-id-RWCjks,Raw Jute,504,5.0,1835,GHOST_VESSEL_X,99.8,22937.5,0.0,Disconnected,No_Record,1.0,0.866733672058525
SHIP_V_1614,sdv-id-ZIhNso,Ready-made Garments,194,8.5,1795,SHIP_V_1614,21.823529411764707,22437.5,21580.73,Active,Verified,0.0382,0.150873599912554
SHIP_V_1770,sdv-id-vuYREP,Ready-made Garments,682,8.5,1185,GHOST_VESSEL_X,79.23529411764706,14812.5,0.0,Disconnected,No_Record,1.0,0.866733672058525
SHIP_V_1224,sdv-id-uwBcvx,Smartphones,429,300.0,651,SHIP_V_1224,0.43,8137.5,7921.89,Active,Verified,0.0265,0.2001677288212909
SHIP_V_1175,sdv-id-ppmAkU,Raw Jute,187,5.0,1458,SHIP_V_1175,36.4,18225.0,17631.52,Active,Verified,0.0326,0.1674801182461145
SHIP_V_1673,sdv-id-tfPSlK,Ready-made Garments,635,8.5,134,GHOST_VESSEL_X,73.70588235294117,1675.0,0.0,Disconnected,No_Record,1.0,0.866733672058525
SHIP_V_1079,sdv-id-AUnIZU,Raw Jute,901,5.0,1274,GHOST_VESSEL_X,179.2,15925.0,0.0,Disconnected,No_Record,1.0,0.866733672058525
SHIP_V_1215,sdv-id-tEeRJI,Solar Panels,246,120.0,531,SHIP_V_1215,1.05,6637.5,6375.0,Active,Verified,0.0395,0.1991823685619296
SHIP_V_1865,sdv-id-nGYcyp,Raw Jute,507,5.0,675,GHOST_VESSEL_X,100.4,8437.5,0.0,Disconnected,No_Record,1.0,0.866733672058525
SHIP_V_1519,sdv-id-QPVEAX,Solar Panels,340,120.0,1571,SHIP_V_1519,1.8333333333333333,19637.5,19179.3,Active,Verified,0.0233,0.1914312875109662
SHIP_V_1239,sdv-id-FGxQWD,Industrial Chemicals,2154,50.0,156,SHIP_V_1239,42.08,1950.0,1921.17,Active,Verified,0.0148,0.1136561948483723
SHIP_V_1797,sdv-id-AOsNHr,Raw Jute,463,5.0,1204,GHOST_VESSEL_X,91.6,15050.0,0.0,Disconnected,No_Record,1.0,0.866733672058525
SHIP_V_1813,sdv-id-ncJtgq,Raw Jute,943,5.0,560,GHOST_VESSEL_X,187.6,7000.0,0.0,Disconnected,No_Record,1.0,0.866733672058525
SHIP_V_1558,sdv-id-KNoQmI,Solar Panels,440,120.0,1933,SHIP_V_1558,2.6666666666666665,24162.5,23693.45,Active,Verified,0.0194,0.1366665777852399
SHIP_V_1714,sdv-id-cIrVCb,Industrial Chemicals,785,50.0,570,SHIP_V_1714,14.7,7125.0,6927.77,Active,Verified,0.0277,0.1892571690112069
SHIP_V_1789,sdv-id-cCoTNv,Ready-made Garments,1587,8.5,1731,GHOST_VESSEL_X,185.7058823529412,21637.5,0.0,Disconnected,No_Record,1.0,0.866733672058525
SHIP_V_1179,sdv-id-AFjhsv,Solar Panels,657,120.0,393,SHIP_V_1179,4.475,4912.5,4839.11,Active,Verified,0.0149,0.1428529643887015
SHIP_V_1735,sdv-id-uAAvTx,Industrial Chemicals,1221,50.0,1764,SHIP_V_1735,23.42,22050.0,21772.81,Active,Verified,0.0126,0.1035924016036479
SHIP_V_1640,sdv-id-uxVbWy,Industrial Chemicals,708,50.0,1548,SHIP_V_1640,13.16,19350.0,18420.68,Active,Verified,0.048,0.1738237678161107
SHIP_V_1489,sdv-id-iCbFGU,Smartphones,1389,300.0,825,SHIP_V_1489,3.63,10312.5,9823.77,Active,Verified,0.0474,0.1259309484450273
SHIP_V_1370,sdv-id-fxNTqL,Industrial Chemicals,1247,50.0,691,SHIP_V_1370,23.94,8637.5,8536.38,Active,Verified,0.0117,0.2394270535601846
SHIP_V_1013,sdv-id-vlkOIo,Smartphones,1415,300.0,406,SHIP_V_1013,3.716666666666667,5075.0,5017.93,Active,Verified,0.0112,0.1364302758314377
SHIP_V_1493,sdv-id-KWPdxc,Smartphones,166,300.0,976,SHIP_V_1493,-0.4466666666666666,12200.0,11828.89,Active,Verified,0.0304,0.2194488927068017
SHIP_V_1521,sdv-id-ZNFnsM,Industrial Chemicals,371,50.0,1615,SHIP_V_1521,6.42,20187.5,19527.02,Active,Verified,0.0327,0.1851231510097906
SHIP_V_1480,sdv-id-uxFSkk,Industrial Chemicals,879,50.0,1218,SHIP_V_1480,16.58,15225.0,14881.31,Active,Verified,0.0226,0.2205000962705496
SHIP_V_1295,sdv-id-PciXxZ,Smartphones,46,300.0,1015,SHIP_V_1295,-0.8466666666666667,12687.5,12206.43,Active,Verified,0.0379,0.1415010164335285
SHIP_V_1573,sdv-id-wVEVCS,Ready-made Garments,77,8.5,165,SHIP_V_1573,8.058823529411764,2062.5,1997.64,Active,Verified,0.0314,0.1225895000203939
SHIP_V_1490,sdv-id-rarYtC,Smartphones,1044,300.0,1424,SHIP_V_1490,2.48,17800.0,17117.96,Active,Verified,0.0383,0.1579450393448652
SHIP_V_1731,sdv-id-EUWple,Smartphones,281,300.0,1013,SHIP_V_1731,-0.0633333333333333,12662.5,12216.35,Active,Verified,0.0352,0.1636911564147127
SHIP_V_1528,sdv-id-FuzTtG,Raw Jute,1298,5.0,932,GHOST_VESSEL_X,258.6,11650.0,0.0,Disconnected,No_Record,1.0,0.866733672058525
SHIP_V_1460,sdv-id-UIcMqB,Raw Jute,347,5.0,369,GHOST_VESSEL_X,68.4,4612.5,0.0,Disconnected,No_Record,1.0,0.866733672058525
SHIP_V_1309,sdv-id-uXQLjx,Ready-made Garments,1103,8.5,1230,GHOST_VESSEL_X,128.76470588235293,15375.0,0.0,Disconnected,No_Record,1.0,0.866733672058525
SHIP_V_1657,sdv-id-dhFvsr,Smartphones,434,300.0,660,SHIP_V_1657,0.4466666666666666,8250.0,8034.2,Active,Verified,0.0262,0.1146324515031478
SHIP_V_1484,sdv-id-yTPDiM,Smartphones,171,300.0,1915,SHIP_V_1484,-0.43,23937.5,23159.39,Active,Verified,0.0325,0.1390964806298933
SHIP_V_1129,sdv-id-GuSPuj,Industrial Chemicals,547,50.0,169,SHIP_V_1129,9.94,2112.5,2075.53,Active,Verified,0.0175,0.1084545079376209
SHIP_V_1990,sdv-id-uFueTx,Raw Jute,817,5.0,529,GHOST_VESSEL_X,162.4,6612.5,0.0,Disconnected,No_Record,1.0,0.866733672058525
SHIP_V_1478,sdv-id-YVmvIU,Raw Jute,1693,5.0,1153,GHOST_VESSEL_X,337.6,14412.5,0.0,Disconnected,No_Record,1.0,0.866733672058525
SHIP_V_1480,sdv-id-YMiRXa,Ready-made Garments,579,8.5,1112,GHOST_VESSEL_X,67.11764705882354,13900.0,0.0,Disconnected,No_Record,1.0,0.866733672058525
SHIP_V_1955,sdv-id-nKYZTI,Raw Jute,1483,5.0,1652,GHOST_VESSEL_X,295.6,20650.0,0.0,Disconnected,No_Record,1.0,0.866733672058525
SHIP_V_1161,sdv-id-pwAdqi,Solar Panels,1595,120.0,1088,SHIP_V_1161,12.291666666666666,13600.0,13238.45,Active,Verified,0.0266,0.2372527656253908
SHIP_V_1125,sdv-id-cFdzWG,Smartphones,56,300.0,1946,SHIP_V_1125,-0.8133333333333334,24325.0,23678.35,Active,Verified,0.0266,0.118219166130581
SHIP_V_1440,sdv-id-DQfoUL,Ready-made Garments,508,8.5,122,GHOST_VESSEL_X,58.76470588235294,1525.0,0.0,Disconnected,No_Record,1.0,0.866733672058525
SHIP_V_1750,sdv-id-jPoSev,Smartphones,414,300.0,451,SHIP_V_1750,0.38,5637.5,5462.07,Active,Verified,0.0311,0.2264236001195867
SHIP_V_1393,sdv-id-iywOBa,Smartphones,388,300.0,1029,SHIP_V_1393,0.2933333333333333,12862.5,12336.98,Active,Verified,0.0409,0.1368569624327941
SHIP_V_1248,sdv-id-vBsaoM,Industrial Chemicals,685,50.0,1253,SHIP_V_1248,12.7,15662.5,15366.63,Active,Verified,0.0189,0.2041346198535367
SHIP_V_1661,sdv-id-shrWiW,Solar Panels,1576,120.0,245,SHIP_V_1661,12.133333333333333,3062.5,3000.12,Active,Verified,0.0204,0.1731350537824609
SHIP_V_1717,sdv-id-fmXgLE,Industrial Chemicals,1319,50.0,1772,SHIP_V_1717,25.38,22150.0,21243.33,Active,Verified,0.0409,0.1548227917046344
SHIP_V_1466,sdv-id-lvBQCb,Smartphones,383,300.0,1068,SHIP_V_1466,0.2766666666666666,13350.0,12918.7,Active,Verified,0.0323,0.1838505881432718
SHIP_V_1299,sdv-id-xiWJtu,Industrial Chemicals,1121,50.0,854,SHIP_V_1299,21.42,10675.0,10366.56,Active,Verified,0.0289,0.249227571349304
SHIP_V_1698,sdv-id-UrDIgV,Ready-made Garments,79,8.5,930,SHIP_V_1698,8.294117647058824,11625.0,11232.6,Active,Verified,0.0338,0.1789290769125875
SHIP_V_1650,sdv-id-sAXwvv,Raw Jute,520,5.0,802,GHOST_VESSEL_X,103.0,10025.0,0.0,Disconnected,No_Record,1.0,0.866733672058525
SHIP_V_1414,sdv-id-dOlDdT,Raw Jute,521,5.0,262,GHOST_VESSEL_X,103.2,3275.0,0.0,Disconnected,No_Record,1.0,0.866733672058525
SHIP_V_1426,sdv-id-gujxNs,Raw Jute,480,5.0,1293,GHOST_VESSEL_X,95.0,16162.5,0.0,Disconnected,No_Record,1.0,0.866733672058525
SHIP_V_1302,sdv-id-CjKvqe,Raw Jute,972,5.0,1372,GHOST_VESSEL_X,193.4,17150.0,0.0,Disconnected,No_Record,1.0,0.866733672058525
SHIP_V_1057,sdv-id-TZwaUI,Industrial Chemicals,1041,50.0,1173,SHIP_V_1057,19.82,14662.5,14284.68,Active,Verified,0.0258,0.1963788463784278
SHIP_V_1554,sdv-id-dFRcDz,Smartphones,904,300.0,1062,SHIP_V_1554,2.013333333333333,13275.0,12809.45,Active,Verified,0.0351,0.2338295964418842
SHIP_V_1341,sdv-id-ZwknLY,Smartphones,137,300.0,1794,SHIP_V_1341,-0.5433333333333333,22425.0,21541.79,Active,Verified,0.0394,0.2486573460004713
SHIP_V_1379,sdv-id-nDuMaf,Solar Panels,1201,120.0,495,SHIP_V_1379,9.008333333333333,6187.5,5970.84,Active,Verified,0.035,0.2358048542501015
SHIP_V_1322,sdv-id-LFqTaA,Smartphones,620,300.0,594,SHIP_V_1322,1.0666666666666669,7425.0,7274.64,Active,Verified,0.0203,0.1344802698175157
SHIP_V_1748,sdv-id-NxkltF,Smartphones,1638,300.0,397,SHIP_V_1748,4.46,4962.5,4866.62,Active,Verified,0.0193,0.1268494366567704
SHIP_V_1949,sdv-id-hQEiyw,Raw Jute,49,5.0,1497,SHIP_V_1949,8.8,18712.5,18161.26,Active,Verified,0.0295,0.1137509934589526
SHIP_V_1728,sdv-id-lFPIfP,Raw Jute,822,5.0,1963,GHOST_VESSEL_X,163.4,24537.5,0.0,Disconnected,No_Record,1.0,0.866733672058525
SHIP_V_1902,sdv-id-IVrvqi,Raw Jute,708,5.0,1628,GHOST_VESSEL_X,140.6,20350.0,0.0,Disconnected,No_Record,1.0,0.866733672058525
SHIP_V_1975,sdv-id-ZGqOFF,Ready-made Garments,135,8.5,1270,SHIP_V_1975,14.882352941176473,15875.0,15307.95,Active,Verified,0.0357,0.1146227899790467
SHIP_V_1600,sdv-id-YMTTOB,Solar Panels,1137,120.0,890,SHIP_V_1600,8.475,11125.0,10884.57,Active,Verified,0.0216,0.2138678648287749
SHIP_V_1804,sdv-id-UpdnKM,Industrial Chemicals,946,50.0,1232,SHIP_V_1804,17.92,15400.0,14810.68,Active,Verified,0.0383,0.2269015169896128
SHIP_V_1486,sdv-id-HuSKuM,Solar Panels,363,120.0,1723,SHIP_V_1486,2.025,21537.5,21069.45,Active,Verified,0.0217,0.1982848113939883
SHIP_V_1401,sdv-id-zloAbO,Raw Jute,348,5.0,1439,GHOST_VESSEL_X,68.6,17987.5,0.0,Disconnected,No_Record,1.0,0.866733672058525
SHIP_V_1888,sdv-id-iIvdrw,Industrial Chemicals,25,50.0,832,SHIP_V_1888,-0.5,10400.0,10222.5,Active,Verified,0.0171,0.2201882959123308
SHIP_V_1774,sdv-id-ajRcut,Raw Jute,1942,5.0,516,GHOST_VESSEL_X,387.4,6450.0,0.0,Disconnected,No_Record,1.0,0.866733672058525
SHIP_V_1379,sdv-id-bQafnP,Raw Jute,453,5.0,1386,GHOST_VESSEL_X,89.6,17325.0,0.0,Disconnected,No_Record,1.0,0.866733672058525
SHIP_V_1292,sdv-id-RKklvX,Smartphones,1212,300.0,1824,SHIP_V_1292,3.04,22800.0,21748.87,Active,Verified,0.0461,0.2022812326875831
SHIP_V_1751,sdv-id-ZwiLku,Industrial Chemicals,462,50.0,1060,SHIP_V_1751,8.24,13250.0,13038.96,Active,Verified,0.0159,0.1299953909223703
SHIP_V_1099,sdv-id-mDXGiK,Industrial Chemicals,144,50.0,1991,SHIP_V_1099,1.88,24887.5,24044.86,Active,Verified,0.0339,0.1955331981814564
SHIP_V_1022,sdv-id-Jyppsf,Ready-made Garments,573,8.5,986,GHOST_VESSEL_X,66.41176470588235,12325.0,0.0,Disconnected,No_Record,1.0,0.866733672058525
SHIP_V_1574,sdv-id-wWNPVT,Raw Jute,507,5.0,673,GHOST_VESSEL_X,100.4,8412.5,0.0,Disconnected,No_Record,1.0,0.866733672058525
SHIP_V_1378,sdv-id-bSBkUk,Ready-made Garments,47,8.5,1012,SHIP_V_1378,4.529411764705882,12650.0,12504.15,Active,Verified,0.0115,0.1218993845670496
SHIP_V_1252,sdv-id-jMbezZ,Smartphones,863,300.0,836,SHIP_V_1252,1.8766666666666667,10450.0,10286.96,Active,Verified,0.0156,0.1349864807469309
SHIP_V_1166,sdv-id-xHduuu,Ready-made Garments,1244,8.5,861,GHOST_VESSEL_X,145.35294117647058,10762.5,0.0,Disconnected,No_Record,1.0,0.866733672058525
SHIP_V_1969,sdv-id-GSNMIr,Smartphones,47,300.0,962,SHIP_V_1969,-0.8433333333333334,12025.0,11549.87,Active,Verified,0.0395,0.1866889693299897
SHIP_V_1100,sdv-id-yduUWz,Ready-made Garments,805,8.5,386,GHOST_VESSEL_X,93.70588235294116,4825.0,0.0,Disconnected,No_Record,1.0,0.866733672058525
SHIP_V_1275,sdv-id-wmuIAs,Solar Panels,23,120.0,1489,SHIP_V_1275,-0.8083333333333333,18612.5,18324.02,Active,Verified,0.0155,0.1556059791434136
SHIP_V_1675,sdv-id-cqjmmc,Smartphones,103,300.0,153,SHIP_V_1675,-0.6566666666666666,1912.5,1868.39,Active,Verified,0.0231,0.2269781493514426
SHIP_V_1510,sdv-id-DAPReh,Smartphones,112,300.0,1892,SHIP_V_1510,-0.6266666666666667,23650.0,22624.21,Active,Verified,0.0434,0.2401447106531295
SHIP_V_1228,sdv-id-yskkxX,Industrial Chemicals,1139,50.0,854,SHIP_V_1228,21.78,10675.0,10560.52,Active,Verified,0.0107,0.1307821782181158
SHIP_V_1137,sdv-id-CmLEyg,Raw Jute,837,5.0,1776,GHOST_VESSEL_X,166.4,22200.0,0.0,Disconnected,No_Record,1.0,0.866733672058525
SHIP_V_1645,sdv-id-AvRKGm,Ready-made Garments,2164,8.5,737,GHOST_VESSEL_X,253.58823529411765,9212.5,0.0,Disconnected,No_Record,1.0,0.866733672058525
SHIP_V_1406,sdv-id-rnNNMb,Raw Jute,679,5.0,1246,GHOST_VESSEL_X,134.8,15575.0,0.0,Disconnected,No_Record,1.0,0.866733672058525
SHIP_V_1561,sdv-id-RuxSLx,Solar Panels,333,120.0,778,SHIP_V_1561,1.775,9725.0,9288.91,Active,Verified,0.0448,0.1914999359562505
SHIP_V_1216,sdv-id-QBfiqs,Solar Panels,575,120.0,1417,SHIP_V_1216,3.7916666666666665,17712.5,16999.41,Active,Verified,0.0403,0.1104726440081737
SHIP_V_1895,sdv-id-hcvWOF,Solar Panels,1033,120.0,1693,SHIP_V_1895,7.608333333333333,21162.5,20204.3,Active,Verified,0.0453,0.2092400638434837
SHIP_V_1328,sdv-id-JUCzaf,Raw Jute,214,5.0,1478,SHIP_V_1328,41.8,18475.0,17753.97,Active,Verified,0.039,0.1535078410112743
SHIP_V_1214,sdv-id-KcxFys,Solar Panels,1556,120.0,1489,SHIP_V_1214,11.966666666666669,18612.5,18034.93,Active,Verified,0.031,0.2235277648836
SHIP_V_1933,sdv-id-UmJWVv,Industrial Chemicals,761,50.0,1260,SHIP_V_1933,14.22,15750.0,15203.42,Active,Verified,0.0347,0.1222111479349474
SHIP_V_1202,sdv-id-lqvCEj,Smartphones,1052,300.0,370,SHIP_V_1202,2.506666666666667,4625.0,4409.91,Active,Verified,0.0465,0.2047800993010556
SHIP_V_1709,sdv-id-CTISml,Raw Jute,1145,5.0,349,GHOST_VESSEL_X,228.0,4362.5,0.0,Disconnected,No_Record,1.0,0.866733672058525
SHIP_V_1529,sdv-id-DguDXt,Smartphones,530,300.0,1838,SHIP_V_1529,0.7666666666666667,22975.0,22503.94,Active,Verified,0.0205,0.1566244653599754
SHIP_V_1259,sdv-id-siXsYf,Smartphones,1453,300.0,1123,SHIP_V_1259,3.8433333333333337,14037.5,13514.72,Active,Verified,0.0372,0.2185111432815356
SHIP_V_1086,sdv-id-gtjcix,Smartphones,1933,300.0,435,SHIP_V_1086,5.443333333333333,5437.5,5188.32,Active,Verified,0.0458,0.2253394382753195
SHIP_V_1407,sdv-id-iTwenF,Ready-made Garments,169,8.5,1614,SHIP_V_1407,18.88235294117647,20175.0,19472.29,Active,Verified,0.0348,0.2198961653218844
SHIP_V_1682,sdv-id-sDzAlr,Raw Jute,786,5.0,820,GHOST_VESSEL_X,156.2,10250.0,0.0,Disconnected,No_Record,1.0,0.866733672058525
SHIP_V_1314,sdv-id-GigXPA,Smartphones,501,300.0,909,SHIP_V_1314,0.67,11362.5,10850.28,Active,Verified,0.0451,0.1228670051799677
SHIP_V_1478,sdv-id-jQzwqK,Industrial Chemicals,117,50.0,475,SHIP_V_1478,1.34,5937.5,5715.66,Active,Verified,0.0374,0.1570334329280487
SHIP_V_1893,sdv-id-NcdNyr,Ready-made Garments,986,8.5,1118,GHOST_VESSEL_X,115.0,13975.0,0.0,Disconnected,No_Record,1.0,0.866733672058525
SHIP_V_1937,sdv-id-rtSKrX,Solar Panels,844,120.0,1784,SHIP_V_1937,6.033333333333333,22300.0,21345.83,Active,Verified,0.0428,0.2375952327366932
SHIP_V_1239,sdv-id-VxEqJu,Raw Jute,526,5.0,407,GHOST_VESSEL_X,104.2,5087.5,0.0,Disconnected,No_Record,1.0,0.866733672058525
SHIP_V_1979,sdv-id-TrGZkH,Smartphones,1502,300.0,1843,SHIP_V_1979,4.006666666666667,23037.5,22290.15,Active,Verified,0.0324,0.2233706641095938
SHIP_V_1651,sdv-id-KrVDXm,Smartphones,1269,300.0,143,SHIP_V_1651,3.23,1787.5,1748.88,Active,Verified,0.0216,0.1982541149825598
SHIP_V_1701,sdv-id-uFVxEa,Smartphones,482,300.0,1636,SHIP_V_1701,0.6066666666666667,20450.0,19691.86,Active,Verified,0.0371,0.102098625337868
SHIP_V_1209,sdv-id-ydjlxQ,Ready-made Garments,462,8.5,1886,SHIP_V_1209,53.35294117647059,23575.0,22943.11,Active,Verified,0.0268,0.1600612117354188
SHIP_V_1923,sdv-id-TtsKhu,Raw Jute,1187,5.0,811,GHOST_VESSEL_X,236.4,10137.5,0.0,Disconnected,No_Record,1.0,0.866733672058525
SHIP_V_1495,sdv-id-PJdoUS,Solar Panels,1142,120.0,1480,SHIP_V_1495,8.516666666666667,18500.0,17771.83,Active,Verified,0.0394,0.1100124929499905
SHIP_V_1073,sdv-id-vknLil,Industrial Chemicals,2539,50.0,283,SHIP_V_1073,49.78,3537.5,3468.1,Active,Verified,0.0196,0.1449348867055242
SHIP_V_1608,sdv-id-mrAjtm,Industrial Chemicals,1126,50.0,1522,SHIP_V_1608,21.52,19025.0,18786.59,Active,Verified,0.0125,0.1165233165365077
SHIP_V_1978,sdv-id-DgPFgl,Raw Jute,849,5.0,418,GHOST_VESSEL_X,168.8,5225.0,0.0,Disconnected,No_Record,1.0,0.866733672058525
SHIP_V_1525,sdv-id-CveUxN,Raw Jute,120,5.0,510,SHIP_V_1525,23.0,6375.0,6254.16,Active,Verified,0.019,0.2123240216193911
SHIP_V_1975,sdv-id-xXGAna,Smartphones,580,300.0,1923,SHIP_V_1975,0.9333333333333332,24037.5,23090.27,Active,Verified,0.0394,0.1678256164881409
SHIP_V_1575,sdv-id-RLEKfT,Smartphones,261,300.0,671,SHIP_V_1575,-0.13,8387.5,8122.55,Active,Verified,0.0316,0.1862423753120928
SHIP_V_1047,sdv-id-OOdBrs,Smartphones,2002,300.0,1478,SHIP_V_1047,5.673333333333333,18475.0,17746.37,Active,Verified,0.0394,0.2051727134045993
SHIP_V_1200,sdv-id-SzukJe,Raw Jute,550,5.0,1092,GHOST_VESSEL_X,109.0,13650.0,0.0,Disconnected,No_Record,1.0,0.866733672058525
SHIP_V_1447,sdv-id-Zpnftb,Solar Panels,1328,120.0,1962,SHIP_V_1447,10.066666666666666,24525.0,23770.01,Active,Verified,0.0308,0.1888086381754113
SHIP_V_1290,sdv-id-ZuUDka,Raw Jute,387,5.0,103,GHOST_VESSEL_X,76.4,1287.5,0.0,Disconnected,No_Record,1.0,0.866733672058525
SHIP_V_1041,sdv-id-vKHQZK,Industrial Chemicals,2014,50.0,795,SHIP_V_1041,39.28,9937.5,9513.83,Active,Verified,0.0426,0.146731539629715
SHIP_V_1761,sdv-id-dPvEVU,Smartphones,150,300.0,1584,SHIP_V_1761,-0.5,19800.0,19402.62,Active,Verified,0.0201,0.2079259954632438
SHIP_V_1828,sdv-id-KNlujm,Smartphones,1574,300.0,524,SHIP_V_1828,4.246666666666667,6550.0,6445.19,Active,Verified,0.016,0.2234305924715847
SHIP_V_1659,sdv-id-uixsQG,Solar Panels,1191,120.0,113,SHIP_V_1659,8.925,1412.5,1394.13,Active,Verified,0.013,0.1719429128985541
SHIP_V_1486,sdv-id-nuUVRJ,Industrial Chemicals,64,50.0,1087,SHIP_V_1486,0.28,13587.5,13254.65,Active,Verified,0.0245,0.1462803241911556
SHIP_V_1370,sdv-id-QttWaa,Raw Jute,2049,5.0,555,GHOST_VESSEL_X,408.8,6937.5,0.0,Disconnected,No_Record,1.0,0.866733672058525
SHIP_V_1595,sdv-id-dRVIPs,Raw Jute,1112,5.0,341,GHOST_VESSEL_X,221.4,4262.5,0.0,Disconnected,No_Record,1.0,0.866733672058525
SHIP_V_1318,sdv-id-UzuBjB,Solar Panels,863,120.0,267,SHIP_V_1318,6.191666666666666,3337.5,3178.45,Active,Verified,0.0477,0.1342018311108578
SHIP_V_1416,sdv-id-vmrsPS,Raw Jute,182,5.0,137,SHIP_V_1416,35.4,1712.5,1683.98,Active,Verified,0.0167,0.1839358791105185
SHIP_V_1309,sdv-id-gbDVFO,Ready-made Garments,244,8.5,1282,SHIP_V_1309,27.705882352941178,16025.0,15722.08,Active,Verified,0.0189,0.2028805822396448
SHIP_V_1709,sdv-id-PswZqq,Raw Jute,473,5.0,470,GHOST_VESSEL_X,93.6,5875.0,0.0,Disconnected,No_Record,1.0,0.866733672058525
SHIP_V_1657,sdv-id-FIGmgQ,Industrial Chemicals,700,50.0,1697,SHIP_V_1657,13.0,21212.5,20448.83,Active,Verified,0.036,0.170873290989512
SHIP_V_1903,sdv-id-JqwPhl,Smartphones,72,300.0,1728,SHIP_V_1903,-0.76,21600.0,21240.6,Active,Verified,0.0166,0.1026965560263076
SHIP_V_1818,sdv-id-xkOAIb,Smartphones,1994,300.0,395,SHIP_V_1818,5.6466666666666665,4937.5,4725.47,Active,Verified,0.0429,0.2314682642573741
SHIP_V_1412,sdv-id-vtxOjw,Industrial Chemicals,346,50.0,946,SHIP_V_1412,5.92,11825.0,11560.2,Active,Verified,0.0224,0.1648456715748389
SHIP_V_1457,sdv-id-kClBka,Industrial Chemicals,652,50.0,1986,SHIP_V_1457,12.04,24825.0,23812.38,Active,Verified,0.0408,0.2400583478239552
SHIP_V_1230,sdv-id-efqGCI,Industrial Chemicals,44,50.0,1542,SHIP_V_1230,-0.12,19275.0,18637.83,Active,Verified,0.0331,0.1607555563239745
SHIP_V_1634,sdv-id-MDelib,Solar Panels,932,120.0,793,SHIP_V_1634,6.766666666666667,9912.5,9440.6,Active,Verified,0.0476,0.2038213893169321
SHIP_V_1076,sdv-id-sugHbY,Smartphones,227,300.0,1787,SHIP_V_1076,-0.2433333333333333,22337.5,21363.26,Active,Verified,0.0436,0.1423171066247858
SHIP_V_1341,sdv-id-KfBkNe,Smartphones,867,300.0,1576,SHIP_V_1341,1.89,19700.0,19446.46,Active,Verified,0.0129,0.1471594823231143
SHIP_V_1283,sdv-id-vPudCy,Smartphones,376,300.0,1293,SHIP_V_1283,0.2533333333333333,16162.5,15402.89,Active,Verified,0.047,0.1851533534447231
SHIP_V_1871,sdv-id-wcegwT,Ready-made Garments,873,8.5,857,GHOST_VESSEL_X,101.70588235294116,10712.5,0.0,Disconnected,No_Record,1.0,0.866733672058525
SHIP_V_1339,sdv-id-shenya,Solar Panels,765,120.0,983,SHIP_V_1339,5.375,12287.5,11978.69,Active,Verified,0.0251,0.2456047305798118
SHIP_V_1554,sdv-id-lGsHgh,Raw Jute,1693,5.0,1691,GHOST_VESSEL_X,337.6,21137.5,0.0,Disconnected,No_Record,1.0,0.866733672058525
SHIP_V_1940,sdv-id-jOsYAb,Ready-made Garments,901,8.5,1453,GHOST_VESSEL_X,105.0,18162.5,0.0,Disconnected,No_Record,1.0,0.866733672058525
SHIP_V_1318,sdv-id-yfypTK,Smartphones,530,300.0,196,SHIP_V_1318,0.7666666666666667,2450.0,2341.23,Active,Verified,0.0444,0.2304591597581356
SHIP_V_1941,sdv-id-CeFXKO,Solar Panels,70,120.0,1559,SHIP_V_1941,-0.4166666666666667,19487.5,18837.98,Active,Verified,0.0333,0.1046214638830506
SHIP_V_1810,sdv-id-BHDfVy,Industrial Chemicals,1471,50.0,430,SHIP_V_1810,28.42,5375.0,5139.97,Active,Verified,0.0437,0.2306788274005013
SHIP_V_1319,sdv-id-EHtQNC,Smartphones,197,300.0,570,SHIP_V_1319,-0.3433333333333333,7125.0,6872.64,Active,Verified,0.0354,0.1548259070427462
SHIP_V_1648,sdv-id-olddJd,Raw Jute,665,5.0,1532,GHOST_VESSEL_X,132.0,19150.0,0.0,Disconnected,No_Record,1.0,0.866733672058525
SHIP_V_1203,sdv-id-BUwXYO,Smartphones,1088,300.0,241,SHIP_V_1203,2.6266666666666665,3012.5,2975.15,Active,Verified,0.0124,0.2359348635846968
SHIP_V_1663,sdv-id-NmrqAr,Raw Jute,636,5.0,227,GHOST_VESSEL_X,126.2,2837.5,0.0,Disconnected,No_Record,1.0,0.866733672058525
SHIP_V_1926,sdv-id-MsepGS,Ready-made Garments,420,8.5,1878,SHIP_V_1926,48.411764705882355,23475.0,22450.76,Active,Verified,0.0436,0.2473276194187569
SHIP_V_1273,sdv-id-ESSDsl,Industrial Chemicals,757,50.0,1620,SHIP_V_1273,14.14,20250.0,19844.65,Active,Verified,0.02,0.1907637604990717
SHIP_V_1831,sdv-id-QogLCC,Raw Jute,285,5.0,906,GHOST_VESSEL_X,56.0,11325.0,0.0,Disconnected,No_Record,1.0,0.866733672058525
SHIP_V_1197,sdv-id-YEjRrK,Industrial Chemicals,706,50.0,385,SHIP_V_1197,13.12,4812.5,4619.36,Active,Verified,0.0401,0.1455961035343149
SHIP_V_1860,sdv-id-lLAIXB,Smartphones,927,300.0,465,SHIP_V_1860,2.09,5812.5,5707.31,Active,Verified,0.0181,0.108383587717493
SHIP_V_1300,sdv-id-fClUxu,Raw Jute,1282,5.0,1674,GHOST_VESSEL_X,255.4,20925.0,0.0,Disconnected,No_Record,1.0,0.866733672058525
SHIP_V_1064,sdv-id-fNsIcx,Industrial Chemicals,1024,50.0,1626,SHIP_V_1064,19.48,20325.0,19557.9,Active,Verified,0.0377,0.1271632012908023
SHIP_V_1968,sdv-id-ASVWrp,Smartphones,319,300.0,1837,SHIP_V_1968,0.0633333333333333,22962.5,22186.96,Active,Verified,0.0338,0.1064591204860882
SHIP_V_1335,sdv-id-ifnSZl,Industrial Chemicals,399,50.0,1727,SHIP_V_1335,6.98,21587.5,21127.44,Active,Verified,0.0213,0.1600993350094808
SHIP_V_1970,sdv-id-RzPCOT,Smartphones,1911,300.0,933,SHIP_V_1970,5.37,11662.5,11132.58,Active,Verified,0.0454,0.1357219040557461
SHIP_V_1151,sdv-id-JfQwVd,Industrial Chemicals,208,50.0,748,SHIP_V_1151,3.16,9350.0,9102.44,Active,Verified,0.0265,0.1056690854354376
SHIP_V_1467,sdv-id-ZiwFKs,Industrial Chemicals,1543,50.0,588,SHIP_V_1467,29.86,7350.0,7097.07,Active,Verified,0.0344,0.248105846846901
SHIP_V_1896,sdv-id-pMejVd,Industrial Chemicals,2074,50.0,1662,SHIP_V_1896,40.48,20775.0,20309.87,Active,Verified,0.0224,0.1714432073665238
SHIP_V_1823,sdv-id-MijdEg,Ready-made Garments,857,8.5,1718,GHOST_VESSEL_X,99.82352941176472,21475.0,0.0,Disconnected,No_Record,1.0,0.866733672058525
SHIP_V_1258,sdv-id-fpxklS,Raw Jute,296,5.0,1560,GHOST_VESSEL_X,58.2,19500.0,0.0,Disconnected,No_Record,1.0,0.866733672058525
SHIP_V_1862,sdv-id-QrSYyP,Smartphones,389,300.0,1768,SHIP_V_1862,0.2966666666666667,22100.0,21575.66,Active,Verified,0.0237,0.2049169935853527
SHIP_V_1612,sdv-id-Fjamsz,Industrial Chemicals,722,50.0,490,SHIP_V_1612,13.44,6125.0,5871.67,Active,Verified,0.0414,0.1819200484995817
SHIP_V_1886,sdv-id-suxsNT,Industrial Chemicals,596,50.0,860,SHIP_V_1886,10.92,10750.0,10554.5,Active,Verified,0.0182,0.211971771678479
SHIP_V_1346,sdv-id-lqtEIB,Smartphones,446,300.0,457,SHIP_V_1346,0.4866666666666667,5712.5,5445.22,Active,Verified,0.0468,0.2329244381564067
SHIP_V_1289,sdv-id-pZqtTM,Industrial Chemicals,898,50.0,1374,SHIP_V_1289,16.96,17175.0,16811.86,Active,Verified,0.0211,0.1165423224274292
SHIP_V_1685,sdv-id-qnEgVp,Ready-made Garments,543,8.5,843,GHOST_VESSEL_X,62.88235294117647,10537.5,0.0,Disconnected,No_Record,1.0,0.866733672058525
SHIP_V_1085,sdv-id-kWRXRv,Ready-made Garments,767,8.5,1559,GHOST_VESSEL_X,89.23529411764706,19487.5,0.0,Disconnected,No_Record,1.0,0.866733672058525
SHIP_V_1552,sdv-id-xlDvDt,Smartphones,455,300.0,938,SHIP_V_1552,0.5166666666666667,11725.0,11306.98,Active,Verified,0.0357,0.2025714426243383
SHIP_V_1359,sdv-id-xKNtGk,Ready-made Garments,344,8.5,1776,SHIP_V_1359,39.47058823529411,22200.0,21609.0,Active,Verified,0.0266,0.1315722953978179
SHIP_V_1847,sdv-id-uDSsju,Smartphones,638,300.0,325,SHIP_V_1847,1.1266666666666667,4062.5,3944.32,Active,Verified,0.0291,0.1175890716504738
SHIP_V_1001,sdv-id-hZzbfY,Smartphones,699,300.0,216,SHIP_V_1001,1.33,2700.0,2608.21,Active,Verified,0.034,0.1586645036540852
SHIP_V_1297,sdv-id-LxiBzu,Ready-made Garments,199,8.5,1271,SHIP_V_1297,22.41176470588235,15887.5,15278.77,Active,Verified,0.0383,0.2176273860233575
SHIP_V_1773,sdv-id-HXXtwv,Industrial Chemicals,717,50.0,510,SHIP_V_1773,13.34,6375.0,6104.62,Active,Verified,0.0424,0.2204446845711447
SHIP_V_1469,sdv-id-cwDkcw,Smartphones,1091,300.0,1224,SHIP_V_1469,2.6366666666666667,15300.0,15013.84,Active,Verified,0.0187,0.1007948089280108
SHIP_V_1376,sdv-id-mVisKG,Ready-made Garments,368,8.5,1104,SHIP_V_1376,42.294117647058826,13800.0,13519.29,Active,Verified,0.0203,0.1027150243522509
SHIP_V_1331,sdv-id-JXTWMH,Raw Jute,203,5.0,1289,SHIP_V_1331,39.6,16112.5,15856.57,Active,Verified,0.0159,0.1881161214506407
SHIP_V_1472,sdv-id-WpThcS,Smartphones,727,300.0,329,SHIP_V_1472,1.4233333333333331,4112.5,3949.86,Active,Verified,0.0395,0.2294491642794055
SHIP_V_1943,sdv-id-Xekflb,Solar Panels,227,120.0,1492,SHIP_V_1943,0.8916666666666667,18650.0,18341.69,Active,Verified,0.0165,0.188527514791128
SHIP_V_1518,sdv-id-axCuTs,Raw Jute,1105,5.0,1082,GHOST_VESSEL_X,220.0,13525.0,0.0,Disconnected,No_Record,1.0,0.866733672058525
SHIP_V_1588,sdv-id-PDkjVh,Ready-made Garments,119,8.5,1632,SHIP_V_1588,13.0,20400.0,19658.42,Active,Verified,0.0364,0.1963217928448569
SHIP_V_1262,sdv-id-qpQddX,Industrial Chemicals,1295,50.0,347,SHIP_V_1262,24.9,4337.5,4223.74,Active,Verified,0.0262,0.1881114596437586
SHIP_V_1371,sdv-id-QdbxjO,Solar Panels,550,120.0,942,SHIP_V_1371,3.5833333333333335,11775.0,11234.28,Active,Verified,0.0459,0.1739405250208721
SHIP_V_1661,sdv-id-bwRnes,Smartphones,387,300.0,120,SHIP_V_1661,0.29,1500.0,1463.21,Active,Verified,0.0245,0.1975260320717697
SHIP_V_1727,sdv-id-BFBvmR,Industrial Chemicals,1058,50.0,157,SHIP_V_1727,20.16,1962.5,1926.87,Active,Verified,0.0182,0.244704746971153
SHIP_V_1344,sdv-id-qWrnBh,Ready-made Garments,527,8.5,363,GHOST_VESSEL_X,61.0,4537.5,0.0,Disconnected,No_Record,1.0,0.866733672058525
SHIP_V_1821,sdv-id-bmjgox,Industrial Chemicals,100,50.0,1024,SHIP_V_1821,1.0,12800.0,12391.0,Active,Verified,0.032,0.1766209413707235
SHIP_V_1175,sdv-id-iOATyy,Smartphones,280,300.0,1616,SHIP_V_1175,-0.0666666666666666,20200.0,19845.88,Active,Verified,0.0175,0.2026762591870859
SHIP_V_1076,sdv-id-Rxdhbz,Solar Panels,386,120.0,108,SHIP_V_1076,2.216666666666667,1350.0,1326.88,Active,Verified,0.0171,0.1335792198300392
SHIP_V_1518,sdv-id-auSaYY,Industrial Chemicals,902,50.0,581,SHIP_V_1518,17.04,7262.5,7139.52,Active,Verified,0.0169,0.2253153177928459
SHIP_V_1484,sdv-id-Aaicop,Industrial Chemicals,1610,50.0,1947,SHIP_V_1484,31.2,24337.5,23432.13,Active,Verified,0.0372,0.1438299248737481
SHIP_V_1680,sdv-id-CdZnnE,Industrial Chemicals,325,50.0,770,SHIP_V_1680,5.5,9625.0,9288.84,Active,Verified,0.0349,0.1257404585194811
SHIP_V_1491,sdv-id-jiESbC,Ready-made Garments,194,8.5,1181,SHIP_V_1491,21.823529411764707,14762.5,14534.5,Active,Verified,0.0154,0.1998229949155174
SHIP_V_1062,sdv-id-QIhvqp,Raw Jute,510,5.0,1147,GHOST_VESSEL_X,101.0,14337.5,0.0,Disconnected,No_Record,1.0,0.866733672058525
SHIP_V_1893,sdv-id-KBTtUg,Ready-made Garments,159,8.5,1649,SHIP_V_1893,17.705882352941178,20612.5,20162.13,Active,Verified,0.0218,0.2057805882505374
SHIP_V_1803,sdv-id-DfDMsW,Smartphones,585,300.0,1836,SHIP_V_1803,0.95,22950.0,22234.87,Active,Verified,0.0312,0.2020627767263253
SHIP_V_1576,sdv-id-bqYaDP,Ready-made Garments,718,8.5,1249,GHOST_VESSEL_X,83.47058823529412,15612.5,0.0,Disconnected,No_Record,1.0,0.866733672058525
SHIP_V_1893,sdv-id-ibnubo,Industrial Chemicals,729,50.0,1886,SHIP_V_1893,13.58,23575.0,23259.89,Active,Verified,0.0134,0.1676256356555879
SHIP_V_1118,sdv-id-lqulpW,Smartphones,243,300.0,337,SHIP_V_1118,-0.19,4212.5,4021.32,Active,Verified,0.0454,0.2025166874820002
SHIP_V_1403,sdv-id-spzWPh,Industrial Chemicals,474,50.0,1145,SHIP_V_1403,8.48,14312.5,13897.78,Active,Verified,0.029,0.2389544183733646
SHIP_V_1548,sdv-id-OWelkj,Industrial Chemicals,2522,50.0,1635,SHIP_V_1548,49.44,20437.5,19981.51,Active,Verified,0.0223,0.1756940175499512
SHIP_V_1431,sdv-id-eLGjeD,Industrial Chemicals,1326,50.0,774,SHIP_V_1431,25.52,9675.0,9254.04,Active,Verified,0.0435,0.2214445933215046
SHIP_V_1687,sdv-id-MvvHhM,Raw Jute,1743,5.0,943,GHOST_VESSEL_X,347.6,11787.5,0.0,Disconnected,No_Record,1.0,0.866733672058525
SHIP_V_1452,sdv-id-nzIDgH,Solar Panels,692,120.0,179,SHIP_V_1452,4.766666666666667,2237.5,2131.94,Active,Verified,0.0472,0.1730077704689615
SHIP_V_1465,sdv-id-gQBwSq,Raw Jute,413,5.0,1095,GHOST_VESSEL_X,81.6,13687.5,0.0,Disconnected,No_Record,1.0,0.866733672058525
SHIP_V_1482,sdv-id-klsGlv,Smartphones,1566,300.0,315,SHIP_V_1482,4.22,3937.5,3827.6,Active,Verified,0.0279,0.1406045534232225
SHIP_V_1373,sdv-id-qKkiVK,Solar Panels,675,120.0,1502,SHIP_V_1373,4.625,18775.0,18147.92,Active,Verified,0.0334,0.158066896423834
SHIP_V_1983,sdv-id-UbuBZI,Smartphones,198,300.0,1896,SHIP_V_1983,-0.34,23700.0,23328.4,Active,Verified,0.0157,0.2059690385715766
SHIP_V_1385,sdv-id-CSTSEt,Smartphones,989,300.0,1300,SHIP_V_1385,2.296666666666667,16250.0,16075.96,Active,Verified,0.0107,0.1474191263171292
SHIP_V_1618,sdv-id-erMWjw,Industrial Chemicals,1116,50.0,1290,SHIP_V_1618,21.32,16125.0,15944.01,Active,Verified,0.0112,0.105675595984688
SHIP_V_1843,sdv-id-AHQPmB,Raw Jute,1145,5.0,842,GHOST_VESSEL_X,228.0,10525.0,0.0,Disconnected,No_Record,1.0,0.866733672058525
SHIP_V_1582,sdv-id-NNSLOV,Raw Jute,765,5.0,1394,GHOST_VESSEL_X,152.0,17425.0,0.0,Disconnected,No_Record,1.0,0.866733672058525
SHIP_V_1696,sdv-id-xRLxRe,Solar Panels,162,120.0,468,SHIP_V_1696,0.35,5850.0,5577.19,Active,Verified,0.0466,0.2132820439384316
SHIP_V_1805,sdv-id-jhkJEZ,Raw Jute,832,5.0,645,GHOST_VESSEL_X,165.4,8062.5,0.0,Disconnected,No_Record,1.0,0.866733672058525
SHIP_V_1434,sdv-id-nZSfXC,Ready-made Garments,710,8.5,811,GHOST_VESSEL_X,82.52941176470588,10137.5,0.0,Disconnected,No_Record,1.0,0.866733672058525
SHIP_V_1570,sdv-id-dluMEP,Raw Jute,594,5.0,1959,GHOST_VESSEL_X,117.8,24487.5,0.0,Disconnected,No_Record,1.0,0.866733672058525
SHIP_V_1332,sdv-id-CGOzIk,Raw Jute,296,5.0,1475,GHOST_VESSEL_X,58.2,18437.5,0.0,Disconnected,No_Record,1.0,0.866733672058525
SHIP_V_1253,sdv-id-YAscGr,Industrial Chemicals,1593,50.0,1179,SHIP_V_1253,30.86,14737.5,14572.03,Active,Verified,0.0112,0.1848273615503625
SHIP_V_1762,sdv-id-zXLOgx,Ready-made Garments,1416,8.5,652,GHOST_VESSEL_X,165.58823529411765,8150.0,0.0,Disconnected,No_Record,1.0,0.866733672058525
SHIP_V_1676,sdv-id-adWcfS,Solar Panels,1075,120.0,1721,SHIP_V_1676,7.958333333333333,21512.5,21149.65,Active,Verified,0.0169,0.2450022411265172
SHIP_V_1673,sdv-id-rlQMxP,Ready-made Garments,504,8.5,328,GHOST_VESSEL_X,58.294117647058826,4100.0,0.0,Disconnected,No_Record,1.0,0.866733672058525
SHIP_V_1624,sdv-id-YPPwzM,Solar Panels,201,120.0,1305,SHIP_V_1624,0.675,16312.5,15881.48,Active,Verified,0.0264,0.1897645946705616
SHIP_V_1362,sdv-id-tsbaFX,Industrial Chemicals,1199,50.0,503,SHIP_V_1362,22.98,6287.5,6148.91,Active,Verified,0.022,0.1362742241095419
SHIP_V_1353,sdv-id-hiWicR,Solar Panels,328,120.0,1455,SHIP_V_1353,1.7333333333333334,18187.5,17984.77,Active,Verified,0.0111,0.1359965832456031
SHIP_V_1002,sdv-id-MrbVaS,Smartphones,1242,300.0,917,SHIP_V_1002,3.14,11462.5,10902.51,Active,Verified,0.0489,0.1083677238339594
SHIP_V_1795,sdv-id-Guvmtb,Raw Jute,1361,5.0,946,GHOST_VESSEL_X,271.2,11825.0,0.0,Disconnected,No_Record,1.0,0.866733672058525
SHIP_V_1757,sdv-id-DoOqiZ,Raw Jute,733,5.0,1247,GHOST_VESSEL_X,145.6,15587.5,0.0,Disconnected,No_Record,1.0,0.866733672058525
SHIP_V_1833,sdv-id-lzjVaF,Ready-made Garments,1153,8.5,837,GHOST_VESSEL_X,134.64705882352942,10462.5,0.0,Disconnected,No_Record,1.0,0.866733672058525
SHIP_V_1072,sdv-id-phvsDb,Industrial Chemicals,127,50.0,1924,SHIP_V_1072,1.54,24050.0,23626.29,Active,Verified,0.0176,0.1163456229766948
SHIP_V_1917,sdv-id-aUjeyb,Industrial Chemicals,942,50.0,1714,SHIP_V_1917,17.84,21425.0,21127.4,Active,Verified,0.0139,0.105795054600557
SHIP_V_1398,sdv-id-HwYRVy,Ready-made Garments,1059,8.5,353,GHOST_VESSEL_X,123.58823529411764,4412.5,0.0,Disconnected,No_Record,1.0,0.866733672058525
SHIP_V_1512,sdv-id-MQeiAV,Ready-made Garments,718,8.5,1403,GHOST_VESSEL_X,83.47058823529412,17537.5,0.0,Disconnected,No_Record,1.0,0.866733672058525
SHIP_V_1358,sdv-id-gEMvos,Smartphones,1274,300.0,286,SHIP_V_1358,3.2466666666666666,3575.0,3475.77,Active,Verified,0.0278,0.2176447995273656
SHIP_V_1683,sdv-id-UYRMmg,Smartphones,621,300.0,1057,SHIP_V_1683,1.07,13212.5,12717.29,Active,Verified,0.0375,0.1322770827003687
SHIP_V_1414,sdv-id-SGDGEx,Ready-made Garments,296,8.5,1124,SHIP_V_1414,33.8235294117647,14050.0,13670.17,Active,Verified,0.027,0.1015360760594948
SHIP_V_1720,sdv-id-ClKZTH,Smartphones,434,300.0,628,SHIP_V_1720,0.4466666666666666,7850.0,7694.44,Active,Verified,0.0198,0.1367964127249614
SHIP_V_1324,sdv-id-PcAoDD,Ready-made Garments,709,8.5,1199,GHOST_VESSEL_X,82.41176470588235,14987.5,0.0,Disconnected,No_Record,1.0,0.866733672058525
SHIP_V_1313,sdv-id-eaxHHF,Raw Jute,560,5.0,779,GHOST_VESSEL_X,111.0,9737.5,0.0,Disconnected,No_Record,1.0,0.866733672058525
SHIP_V_1467,sdv-id-bRibAV,Industrial Chemicals,347,50.0,1468,SHIP_V_1467,5.94,18350.0,17951.42,Active,Verified,0.0217,0.1404173367590613
SHIP_V_1721,sdv-id-yMiAIS,Ready-made Garments,888,8.5,898,GHOST_VESSEL_X,103.47058823529412,11225.0,0.0,Disconnected,No_Record,1.0,0.866733672058525
SHIP_V_1514,sdv-id-dHhqad,Smartphones,29,300.0,1069,SHIP_V_1514,-0.9033333333333332,13362.5,13076.97,Active,Verified,0.0214,0.1027315386409926
SHIP_V_1795,sdv-id-waIwwh,Smartphones,503,300.0,1273,SHIP_V_1795,0.6766666666666666,15912.5,15704.81,Active,Verified,0.0131,0.2460293008335062
SHIP_V_1307,sdv-id-zCQDSn,Ready-made Garments,1057,8.5,1782,GHOST_VESSEL_X,123.3529411764706,22275.0,0.0,Disconnected,No_Record,1.0,0.866733672058525
SHIP_V_1322,sdv-id-XTFIsi,Ready-made Garments,686,8.5,1429,GHOST_VESSEL_X,79.70588235294117,17862.5,0.0,Disconnected,No_Record,1.0,0.866733672058525
SHIP_V_1763,sdv-id-DsSVoU,Raw Jute,1061,5.0,1161,GHOST_VESSEL_X,211.2,14512.5,0.0,Disconnected,No_Record,1.0,0.866733672058525
SHIP_V_1757,sdv-id-ywhKDb,Industrial Chemicals,631,50.0,211,SHIP_V_1757,11.62,2637.5,2603.7,Active,Verified,0.0128,0.1502783977029051
SHIP_V_1701,sdv-id-iyehwJ,Industrial Chemicals,1315,50.0,146,SHIP_V_1701,25.3,1825.0,1760.87,Active,Verified,0.0351,0.191532154538493
SHIP_V_1339,sdv-id-zmuqpE,Smartphones,1081,300.0,1951,SHIP_V_1339,2.6033333333333335,24387.5,23194.47,Active,Verified,0.0489,0.1679076689372118
SHIP_V_1196,sdv-id-XfmPlg,Smartphones,2095,300.0,1240,SHIP_V_1196,5.983333333333333,15500.0,14952.32,Active,Verified,0.0353,0.1822728408020036
SHIP_V_1758,sdv-id-wZTglT,Industrial Chemicals,816,50.0,250,SHIP_V_1758,15.32,3125.0,2993.52,Active,Verified,0.0421,0.1170291481024693
SHIP_V_1241,sdv-id-kfbLHA,Ready-made Garments,755,8.5,1501,GHOST_VESSEL_X,87.82352941176471,18762.5,0.0,Disconnected,No_Record,1.0,0.866733672058525
SHIP_V_1104,sdv-id-OlPeSJ,Solar Panels,957,120.0,1602,SHIP_V_1104,6.975,20025.0,19601.52,Active,Verified,0.0211,0.2156433139936605
SHIP_V_1675,sdv-id-JsOfYo,Ready-made Garments,34,8.5,1527,SHIP_V_1675,3.0,19087.5,18310.78,Active,Verified,0.0407,0.110245837576519
SHIP_V_1155,sdv-id-urdqBU,Smartphones,62,300.0,1379,SHIP_V_1155,-0.7933333333333333,17237.5,16923.32,Active,Verified,0.0182,0.112453968764803
SHIP_V_1642,sdv-id-eNZtaR,Ready-made Garments,608,8.5,706,GHOST_VESSEL_X,70.52941176470588,8825.0,0.0,Disconnected,No_Record,1.0,0.866733672058525
SHIP_V_1912,sdv-id-gUaPoa,Smartphones,1043,300.0,310,SHIP_V_1912,2.4766666666666666,3875.0,3718.55,Active,Verified,0.0404,0.2211847572167415
SHIP_V_1043,sdv-id-CNrjWN,Ready-made Garments,758,8.5,1799,GHOST_VESSEL_X,88.17647058823529,22487.5,0.0,Disconnected,No_Record,1.0,0.866733672058525
SHIP_V_1159,sdv-id-QsJsvt,Raw Jute,315,5.0,742,GHOST_VESSEL_X,62.0,9275.0,0.0,Disconnected,No_Record,1.0,0.866733672058525
SHIP_V_1297,sdv-id-eNTDsx,Industrial Chemicals,1599,50.0,746,SHIP_V_1297,30.98,9325.0,8865.94,Active,Verified,0.0492,0.1775164640540848
SHIP_V_1897,sdv-id-EeHlkq,Ready-made Garments,486,8.5,1183,GHOST_VESSEL_X,56.1764705882353,14787.5,0.0,Disconnected,No_Record,1.0,0.866733672058525
SHIP_V_1358,sdv-id-FBVEwC,Industrial Chemicals,437,50.0,234,SHIP_V_1358,7.74,2925.0,2796.95,Active,Verified,0.0438,0.2134321375765588
SHIP_V_1119,sdv-id-qKtgjU,Smartphones,532,300.0,187,SHIP_V_1119,0.7733333333333333,2337.5,2293.79,Active,Verified,0.0187,0.1711610358777022
SHIP_V_1059,sdv-id-WZQDFZ,Smartphones,806,300.0,395,SHIP_V_1059,1.6866666666666668,4937.5,4807.85,Active,Verified,0.0263,0.2266352548901676
SHIP_V_1514,sdv-id-QPTymn,Smartphones,1793,300.0,827,SHIP_V_1514,4.976666666666667,10337.5,9949.38,Active,Verified,0.0375,0.2228479005794889
SHIP_V_1105,sdv-id-GkxYLQ,Industrial Chemicals,76,50.0,1121,SHIP_V_1105,0.52,14012.5,13717.98,Active,Verified,0.021,0.106877995768255
SHIP_V_1591,sdv-id-nnuZxl,Raw Jute,1021,5.0,586,GHOST_VESSEL_X,203.2,7325.0,0.0,Disconnected,No_Record,1.0,0.866733672058525
SHIP_V_1190,sdv-id-UhQQvS,Smartphones,1106,300.0,1174,SHIP_V_1190,2.6866666666666665,14675.0,14195.76,Active,Verified,0.0327,0.1722833123442042
SHIP_V_1345,sdv-id-EjiYzN,Raw Jute,137,5.0,1620,SHIP_V_1345,26.4,20250.0,20042.4,Active,Verified,0.0103,0.2149313025524766
SHIP_V_1020,sdv-id-BwfQFB,Smartphones,963,300.0,1158,SHIP_V_1020,2.21,14475.0,14074.98,Active,Verified,0.0276,0.2439621914212776
SHIP_V_1022,sdv-id-VYorla,Solar Panels,50,120.0,1572,SHIP_V_1022,-0.5833333333333334,19650.0,19421.6,Active,Verified,0.0116,0.1638765459212273
SHIP_V_1563,sdv-id-hmSYnd,Industrial Chemicals,456,50.0,1242,SHIP_V_1563,8.12,15525.0,14839.53,Active,Verified,0.0442,0.2282041280194662
SHIP_V_1191,sdv-id-prcZho,Raw Jute,769,5.0,1927,GHOST_VESSEL_X,152.8,24087.5,0.0,Disconnected,No_Record,1.0,0.866733672058525
SHIP_V_1088,sdv-id-yPGOHe,Industrial Chemicals,293,50.0,1044,SHIP_V_1088,4.86,13050.0,12483.8,Active,Verified,0.0434,0.1526811264070674
SHIP_V_1794,sdv-id-nfiAke,Ready-made Garments,709,8.5,137,GHOST_VESSEL_X,82.41176470588235,1712.5,0.0,Disconnected,No_Record,1.0,0.866733672058525
SHIP_V_1661,sdv-id-ORNhmm,Ready-made Garments,1249,8.5,1583,GHOST_VESSEL_X,145.94117647058823,19787.5,0.0,Disconnected,No_Record,1.0,0.866733672058525
SHIP_V_1118,sdv-id-JiqmtC,Raw Jute,904,5.0,1683,GHOST_VESSEL_X,179.8,21037.5,0.0,Disconnected,No_Record,1.0,0.866733672058525
SHIP_V_1473,sdv-id-qQveIk,Raw Jute,467,5.0,910,GHOST_VESSEL_X,92.4,11375.0,0.0,Disconnected,No_Record,1.0,0.866733672058525
SHIP_V_1918,sdv-id-nmtHuj,Industrial Chemicals,38,50.0,1960,SHIP_V_1918,-0.24,24500.0,23765.11,Active,Verified,0.03,0.177803268736674
SHIP_V_1744,sdv-id-KaXbCA,Industrial Chemicals,574,50.0,1566,SHIP_V_1744,10.48,19575.0,18951.41,Active,Verified,0.0319,0.1830178243883846
SHIP_V_1416,sdv-id-fBsljM,Solar Panels,87,120.0,1617,SHIP_V_1416,-0.275,20212.5,19274.53,Active,Verified,0.0464,0.1944096695143108
SHIP_V_1287,sdv-id-vTuYWz,Raw Jute,46,5.0,1527,SHIP_V_1287,8.2,19087.5,18673.59,Active,Verified,0.0217,0.1178093679731711
SHIP_V_1878,sdv-id-Udhikh,Ready-made Garments,673,8.5,1489,GHOST_VESSEL_X,78.17647058823529,18612.5,0.0,Disconnected,No_Record,1.0,0.866733672058525
SHIP_V_1579,sdv-id-PstKDO,Smartphones,570,300.0,765,SHIP_V_1579,0.9,9562.5,9298.07,Active,Verified,0.0277,0.1873611503047041
SHIP_V_1512,sdv-id-Ifyxez,Smartphones,169,300.0,867,SHIP_V_1512,-0.4366666666666666,10837.5,10441.4,Active,Verified,0.0365,0.1136715459413184
SHIP_V_1586,sdv-id-lTlxFL,Ready-made Garments,376,8.5,1942,SHIP_V_1586,43.23529411764706,24275.0,23825.46,Active,Verified,0.0185,0.1059669019550871
SHIP_V_1349,sdv-id-Jedvcd,Smartphones,379,300.0,1243,SHIP_V_1349,0.2633333333333333,15537.5,15081.88,Active,Verified,0.0293,0.1359996985836049
SHIP_V_1792,sdv-id-EofKdI,Ready-made Garments,824,8.5,1249,GHOST_VESSEL_X,95.94117647058825,15612.5,0.0,Disconnected,No_Record,1.0,0.866733672058525
SHIP_V_1341,sdv-id-zaFoME,Ready-made Garments,1275,8.5,1733,GHOST_VESSEL_X,149.0,21662.5,0.0,Disconnected,No_Record,1.0,0.866733672058525
SHIP_V_1596,sdv-id-eWmeBU,Ready-made Garments,602,8.5,514,GHOST_VESSEL_X,69.82352941176471,6425.0,0.0,Disconnected,No_Record,1.0,0.866733672058525
SHIP_V_1485,sdv-id-bnDLEt,Ready-made Garments,566,8.5,1326,GHOST_VESSEL_X,65.58823529411765,16575.0,0.0,Disconnected,No_Record,1.0,0.866733672058525
SHIP_V_1055,sdv-id-gOZmVr,Smartphones,864,300.0,1388,SHIP_V_1055,1.88,17350.0,16591.51,Active,Verified,0.0437,0.2353080455129687
SHIP_V_1509,sdv-id-lKbFGX,Smartphones,1790,300.0,569,SHIP_V_1509,4.966666666666667,7112.5,6772.08,Active,Verified,0.0479,0.1952582027254876
SHIP_V_1702,sdv-id-yJlpcl,Smartphones,732,300.0,234,SHIP_V_1702,1.44,2925.0,2824.03,Active,Verified,0.0345,0.1058346163311304
SHIP_V_1806,sdv-id-nQEzaJ,Smartphones,498,300.0,142,SHIP_V_1806,0.66,1775.0,1731.99,Active,Verified,0.0242,0.2104744704303663
SHIP_V_1572,sdv-id-aYsXTs,Solar Panels,1900,120.0,421,SHIP_V_1572,14.833333333333334,5262.5,5077.38,Active,Verified,0.0352,0.1367447813135218
SHIP_V_1724,sdv-id-KMUYNE,Raw Jute,981,5.0,1488,GHOST_VESSEL_X,195.2,18600.0,0.0,Disconnected,No_Record,1.0,0.866733672058525
SHIP_V_1242,sdv-id-whLePb,Solar Panels,1193,120.0,1375,SHIP_V_1242,8.941666666666666,17187.5,16419.34,Active,Verified,0.0447,0.2062059811377395
SHIP_V_1152,sdv-id-CPRNUe,Raw Jute,1285,5.0,1597,GHOST_VESSEL_X,256.0,19962.5,0.0,Disconnected,No_Record,1.0,0.866733672058525
SHIP_V_1986,sdv-id-krtnsH,Smartphones,943,300.0,1301,SHIP_V_1986,2.1433333333333335,16262.5,15527.43,Active,Verified,0.0452,0.1110027646320173
SHIP_V_1437,sdv-id-ViABWO,Raw Jute,1115,5.0,1788,GHOST_VESSEL_X,222.0,22350.0,0.0,Disconnected,No_Record,1.0,0.866733672058525
SHIP_V_1952,sdv-id-MAvohc,Smartphones,1349,300.0,1889,SHIP_V_1952,3.4966666666666666,23612.5,22604.39,Active,Verified,0.0427,0.2360126287709664
SHIP_V_1492,sdv-id-ViNfAy,Industrial Chemicals,2393,50.0,1146,SHIP_V_1492,46.86,14325.0,14151.87,Active,Verified,0.0121,0.1879881651175773
SHIP_V_1545,sdv-id-hpRvGU,Raw Jute,1124,5.0,1626,GHOST_VESSEL_X,223.8,20325.0,0.0,Disconnected,No_Record,1.0,0.866733672058525
SHIP_V_1464,sdv-id-WVhWYG,Raw Jute,833,5.0,192,GHOST_VESSEL_X,165.6,2400.0,0.0,Disconnected,No_Record,1.0,0.866733672058525
SHIP_V_1394,sdv-id-iZrhAy,Ready-made Garments,1472,8.5,162,GHOST_VESSEL_X,172.1764705882353,2025.0,0.0,Disconnected,No_Record,1.0,0.866733672058525
SHIP_V_1206,sdv-id-LQkqWT,Ready-made Garments,374,8.5,1381,SHIP_V_1206,43.0,17262.5,16738.16,Active,Verified,0.0304,0.2178658488181503
SHIP_V_1370,sdv-id-qvBrrH,Solar Panels,150,120.0,778,SHIP_V_1370,0.25,9725.0,9546.48,Active,Verified,0.0184,0.2043212836449153
SHIP_V_1655,sdv-id-KwIMmx,Industrial Chemicals,968,50.0,1026,SHIP_V_1655,18.36,12825.0,12336.0,Active,Verified,0.0381,0.1520513474197142
SHIP_V_1976,sdv-id-jMUMQn,Ready-made Garments,127,8.5,1143,SHIP_V_1976,13.941176470588236,14287.5,13734.5,Active,Verified,0.0387,0.1148911481215278
SHIP_V_1088,sdv-id-yEOzGc,Solar Panels,234,120.0,970,SHIP_V_1088,0.95,12125.0,11574.68,Active,Verified,0.0454,0.2153560852435457
SHIP_V_1095,sdv-id-QOXOlV,Smartphones,302,300.0,213,SHIP_V_1095,0.0066666666666666,2662.5,2575.98,Active,Verified,0.0325,0.1298450018136706
SHIP_V_1889,sdv-id-sbRoCk,Raw Jute,598,5.0,384,GHOST_VESSEL_X,118.6,4800.0,0.0,Disconnected,No_Record,1.0,0.866733672058525
SHIP_V_1483,sdv-id-PdPwtC,Smartphones,1100,300.0,856,SHIP_V_1483,2.6666666666666665,10700.0,10585.89,Active,Verified,0.0107,0.1054051385414722
SHIP_V_1946,sdv-id-WUgTKB,Ready-made Garments,96,8.5,1759,SHIP_V_1946,10.294117647058824,21987.5,20919.69,Active,Verified,0.0486,0.1044025926309267
SHIP_V_1077,sdv-id-wDbgAA,Raw Jute,1318,5.0,1225,GHOST_VESSEL_X,262.6,15312.5,0.0,Disconnected,No_Record,1.0,0.866733672058525
SHIP_V_1990,sdv-id-qoEcKL,Raw Jute,1397,5.0,1305,GHOST_VESSEL_X,278.4,16312.5,0.0,Disconnected,No_Record,1.0,0.866733672058525
SHIP_V_1677,sdv-id-VwHHZA,Solar Panels,844,120.0,571,SHIP_V_1677,6.033333333333333,7137.5,7065.32,Active,Verified,0.0101,0.2033584568589957
SHIP_V_1862,sdv-id-oLssuF,Industrial Chemicals,577,50.0,1491,SHIP_V_1862,10.54,18637.5,17742.25,Active,Verified,0.048,0.1029549430982045
SHIP_V_1026,sdv-id-GShlGH,Smartphones,444,300.0,115,SHIP_V_1026,0.48,1437.5,1379.83,Active,Verified,0.0401,0.2255079899995482
SHIP_V_1718,sdv-id-iudyTP,Industrial Chemicals,348,50.0,1460,SHIP_V_1718,5.96,18250.0,17342.7,Active,Verified,0.0497,0.2375846899867624
SHIP_V_1317,sdv-id-TtvDDU,Industrial Chemicals,846,50.0,1684,SHIP_V_1317,15.92,21050.0,20400.09,Active,Verified,0.0309,0.1848958220461563
SHIP_V_1809,sdv-id-xouipT,Solar Panels,103,120.0,1499,SHIP_V_1809,-0.1416666666666666,18737.5,18542.43,Active,Verified,0.0104,0.222722240511844
SHIP_V_1143,sdv-id-lzwVXl,Raw Jute,1316,5.0,854,GHOST_VESSEL_X,262.2,10675.0,0.0,Disconnected,No_Record,1.0,0.866733672058525
SHIP_V_1652,sdv-id-BXPWkO,Ready-made Garments,272,8.5,493,SHIP_V_1652,31.0,6162.5,6086.34,Active,Verified,0.0124,0.2000099537195252
SHIP_V_1536,sdv-id-RRrhTY,Industrial Chemicals,136,50.0,1565,SHIP_V_1536,1.72,19562.5,19011.83,Active,Verified,0.0281,0.2052999582462449
SHIP_V_1541,sdv-id-EErvKz,Solar Panels,323,120.0,1789,SHIP_V_1541,1.6916666666666669,22362.5,21348.37,Active,Verified,0.0453,0.1823390730737187
SHIP_V_1115,sdv-id-EzqloN,Smartphones,1181,300.0,1530,SHIP_V_1115,2.9366666666666665,19125.0,18687.48,Active,Verified,0.0229,0.1322533496398256
SHIP_V_1700,sdv-id-exbqQX,Solar Panels,341,120.0,1460,SHIP_V_1700,1.8416666666666663,18250.0,17593.22,Active,Verified,0.036,0.1061817348278661
SHIP_V_1316,sdv-id-FDzuEN,Ready-made Garments,999,8.5,1467,GHOST_VESSEL_X,116.52941176470588,18337.5,0.0,Disconnected,No_Record,1.0,0.866733672058525
SHIP_V_1833,sdv-id-yWXvYP,Smartphones,560,300.0,841,SHIP_V_1833,0.8666666666666667,10512.5,10056.92,Active,Verified,0.0433,0.1384020021157055
SHIP_V_1043,sdv-id-zHnWOg,Raw Jute,1435,5.0,1205,GHOST_VESSEL_X,286.0,15062.5,0.0,Disconnected,No_Record,1.0,0.866733672058525
SHIP_V_1223,sdv-id-BPfeZq,Industrial Chemicals,203,50.0,1828,SHIP_V_1223,3.06,22850.0,22231.6,Active,Verified,0.0271,0.1206009411515177
SHIP_V_1792,sdv-id-fQfvjm,Smartphones,168,300.0,844,SHIP_V_1792,-0.44,10550.0,10270.05,Active,Verified,0.0265,0.1485814097313546
SHIP_V_1940,sdv-id-HbVZRa,Industrial Chemicals,48,50.0,842,SHIP_V_1940,-0.04,10525.0,10167.28,Active,Verified,0.034,0.1518768886969634
SHIP_V_1295,sdv-id-lNuWMb,Industrial Chemicals,1857,50.0,1771,SHIP_V_1295,36.14,22137.5,21442.58,Active,Verified,0.0314,0.1083981729418065
SHIP_V_1814,sdv-id-htBewM,Smartphones,926,300.0,608,SHIP_V_1814,2.0866666666666664,7600.0,7351.6,Active,Verified,0.0327,0.198819569949718
SHIP_V_1729,sdv-id-dNdHDG,Raw Jute,297,5.0,1914,GHOST_VESSEL_X,58.4,23925.0,0.0,Disconnected,No_Record,1.0,0.866733672058525
SHIP_V_1083,sdv-id-xuiIEk,Ready-made Garments,602,8.5,984,GHOST_VESSEL_X,69.82352941176471,12300.0,0.0,Disconnected,No_Record,1.0,0.866733672058525
SHIP_V_1809,sdv-id-hItuOr,Industrial Chemicals,691,50.0,948,SHIP_V_1809,12.82,11850.0,11400.51,Active,Verified,0.0379,0.1765502964102368
SHIP_V_1842,sdv-id-VsZzUH,Solar Panels,1649,120.0,1310,SHIP_V_1842,12.741666666666667,16375.0,15992.06,Active,Verified,0.0234,0.2012872812101759
SHIP_V_1724,sdv-id-roiOTD,Industrial Chemicals,1829,50.0,599,SHIP_V_1724,35.58,7487.5,7153.31,Active,Verified,0.0446,0.1965853843160591
SHIP_V_1112,sdv-id-XrbegI,Smartphones,65,300.0,1703,SHIP_V_1112,-0.7833333333333333,21287.5,20452.13,Active,Verified,0.0392,0.2305562908620501
SHIP_V_1519,sdv-id-Gsoxci,Ready-made Garments,843,8.5,937,GHOST_VESSEL_X,98.17647058823528,11712.5,0.0,Disconnected,No_Record,1.0,0.866733672058525
SHIP_V_1938,sdv-id-uGjxcl,Industrial Chemicals,1305,50.0,275,SHIP_V_1938,25.1,3437.5,3271.28,Active,Verified,0.0484,0.2232795979952863
SHIP_V_1486,sdv-id-ZPOvhT,Ready-made Garments,540,8.5,1673,GHOST_VESSEL_X,62.52941176470589,20912.5,0.0,Disconnected,No_Record,1.0,0.866733672058525
SHIP_V_1875,sdv-id-WQANJd,Raw Jute,531,5.0,793,GHOST_VESSEL_X,105.2,9912.5,0.0,Disconnected,No_Record,1.0,0.866733672058525
SHIP_V_1571,sdv-id-GbQyRw,Smartphones,904,300.0,1874,SHIP_V_1571,2.013333333333333,23425.0,22353.38,Active,Verified,0.0457,0.2332547960406427
SHIP_V_1411,sdv-id-KoKdCQ,Smartphones,301,300.0,722,SHIP_V_1411,0.0033333333333333,9025.0,8630.52,Active,Verified,0.0437,0.2178826750637133
SHIP_V_1536,sdv-id-MERDmD,Solar Panels,314,120.0,709,SHIP_V_1536,1.6166666666666667,8862.5,8495.93,Active,Verified,0.0414,0.1221551631652226
SHIP_V_1179,sdv-id-ckqPoe,Ready-made Garments,1090,8.5,1005,GHOST_VESSEL_X,127.23529411764706,12562.5,0.0,Disconnected,No_Record,1.0,0.866733672058525
SHIP_V_1580,sdv-id-kNPQbD,Smartphones,130,300.0,1578,SHIP_V_1580,-0.5666666666666667,19725.0,19107.58,Active,Verified,0.0313,0.1623128073097431
SHIP_V_1446,sdv-id-itDqCA,Industrial Chemicals,993,50.0,1542,SHIP_V_1446,18.86,19275.0,18592.68,Active,Verified,0.0354,0.2083988483092337
SHIP_V_1181,sdv-id-ZtxQbW,Smartphones,230,300.0,1234,SHIP_V_1181,-0.2333333333333333,15425.0,14824.32,Active,Verified,0.0389,0.2045613427305036
SHIP_V_1027,sdv-id-mfxVEq,Smartphones,923,300.0,1510,SHIP_V_1027,2.0766666666666667,18875.0,18195.46,Active,Verified,0.036,0.1211550912649074
SHIP_V_1239,sdv-id-VlpbAR,Raw Jute,476,5.0,1503,GHOST_VESSEL_X,94.2,18787.5,0.0,Disconnected,No_Record,1.0,0.866733672058525
SHIP_V_1407,sdv-id-zdjlaB,Industrial Chemicals,2039,50.0,1285,SHIP_V_1407,39.78,16062.5,15631.89,Active,Verified,0.0268,0.2359372664728607
SHIP_V_1046,sdv-id-fEzNsz,Solar Panels,1325,120.0,1932,SHIP_V_1046,10.041666666666666,24150.0,23745.0,Active,Verified,0.0168,0.1189370379175226
SHIP_V_1476,sdv-id-czhvAB,Ready-made Garments,1460,8.5,1373,GHOST_VESSEL_X,170.76470588235293,17162.5,0.0,Disconnected,No_Record,1.0,0.866733672058525
SHIP_V_1251,sdv-id-DfAnOv,Industrial Chemicals,632,50.0,1804,SHIP_V_1251,11.64,22550.0,22319.46,Active,Verified,0.0102,0.1989193901105145
SHIP_V_1609,sdv-id-CIuSYc,Industrial Chemicals,303,50.0,1833,SHIP_V_1609,5.06,22912.5,22258.42,Active,Verified,0.0285,0.2115741640703158
SHIP_V_1583,sdv-id-eOoIaT,Smartphones,976,300.0,531,SHIP_V_1583,2.2533333333333334,6637.5,6551.37,Active,Verified,0.013,0.1275013652826797
SHIP_V_1374,sdv-id-voSkAd,Industrial Chemicals,2288,50.0,1052,SHIP_V_1374,44.76,13150.0,12726.57,Active,Verified,0.0322,0.1496697726842429
SHIP_V_1692,sdv-id-orokEG,Industrial Chemicals,474,50.0,896,SHIP_V_1692,8.48,11200.0,10732.0,Active,Verified,0.0418,0.1118286341321041
SHIP_V_1870,sdv-id-YYyJer,Ready-made Garments,1070,8.5,558,GHOST_VESSEL_X,124.88235294117646,6975.0,0.0,Disconnected,No_Record,1.0,0.866733672058525
SHIP_V_1368,sdv-id-SLZUwt,Industrial Chemicals,684,50.0,913,SHIP_V_1368,12.68,11412.5,10917.57,Active,Verified,0.0434,0.1562736925749814
SHIP_V_1504,sdv-id-kMyGaT,Smartphones,368,300.0,1602,SHIP_V_1504,0.2266666666666666,20025.0,19335.6,Active,Verified,0.0344,0.157518917090578
SHIP_V_1215,sdv-id-whrDRj,Smartphones,632,300.0,445,SHIP_V_1215,1.106666666666667,5562.5,5480.64,Active,Verified,0.0147,0.1074280260450915
SHIP_V_1585,sdv-id-xDikEq,Solar Panels,392,120.0,973,SHIP_V_1585,2.2666666666666666,12162.5,11993.48,Active,Verified,0.0139,0.1472983405921949
SHIP_V_1756,sdv-id-cDhEkM,Industrial Chemicals,1027,50.0,295,SHIP_V_1756,19.54,3687.5,3598.31,Active,Verified,0.0242,0.1454590846472124
SHIP_V_1157,sdv-id-DuMsiV,Raw Jute,165,5.0,1173,SHIP_V_1157,32.0,14662.5,14372.74,Active,Verified,0.0198,0.2061897621643962
SHIP_V_1351,sdv-id-vasAOI,Industrial Chemicals,2694,50.0,768,SHIP_V_1351,52.88,9600.0,9186.31,Active,Verified,0.0431,0.1258629878981839
SHIP_V_1669,sdv-id-SDNNeB,Industrial Chemicals,272,50.0,1551,SHIP_V_1669,4.44,19387.5,18822.94,Active,Verified,0.0291,0.1408895023000831
SHIP_V_1622,sdv-id-fJMmPa,Industrial Chemicals,852,50.0,1068,SHIP_V_1622,16.04,13350.0,13088.59,Active,Verified,0.0196,0.1458559371118502
SHIP_V_1820,sdv-id-NcLmhJ,Solar Panels,575,120.0,1201,SHIP_V_1820,3.7916666666666665,15012.5,14371.55,Active,Verified,0.0427,0.1615549679243706
SHIP_V_1805,sdv-id-cfwvAX,Industrial Chemicals,882,50.0,769,SHIP_V_1805,16.64,9612.5,9266.5,Active,Verified,0.036,0.1137773943210119
SHIP_V_1075,sdv-id-vjKmCn,Solar Panels,841,120.0,607,SHIP_V_1075,6.008333333333334,7587.5,7286.72,Active,Verified,0.0396,0.1036599204739874
SHIP_V_1379,sdv-id-wAZtAo,Industrial Chemicals,1247,50.0,1058,SHIP_V_1379,23.94,13225.0,12736.47,Active,Verified,0.0369,0.1091921188675532
SHIP_V_1177,sdv-id-azgcKF,Smartphones,431,300.0,1296,SHIP_V_1177,0.4366666666666666,16200.0,15919.67,Active,Verified,0.0173,0.1659183330101902
SHIP_V_1097,sdv-id-tvOLpz,Raw Jute,1312,5.0,1088,GHOST_VESSEL_X,261.4,13600.0,0.0,Disconnected,No_Record,1.0,0.866733672058525
SHIP_V_1490,sdv-id-QzlnlN,Solar Panels,417,120.0,1069,SHIP_V_1490,2.475,13362.5,13138.37,Active,Verified,0.0168,0.2358195455025893
SHIP_V_1351,sdv-id-fnyQrW,Smartphones,77,300.0,1430,SHIP_V_1351,-0.7433333333333333,17875.0,17134.58,Active,Verified,0.0414,0.2167364098558613
SHIP_V_1649,sdv-id-bshkLQ,Raw Jute,422,5.0,513,GHOST_VESSEL_X,83.4,6412.5,0.0,Disconnected,No_Record,1.0,0.866733672058525
SHIP_V_1219,sdv-id-sKjWDE,Raw Jute,395,5.0,1721,GHOST_VESSEL_X,78.0,21512.5,0.0,Disconnected,No_Record,1.0,0.866733672058525
SHIP_V_1326,sdv-id-keAycK,Ready-made Garments,1488,8.5,446,GHOST_VESSEL_X,174.05882352941177,5575.0,0.0,Disconnected,No_Record,1.0,0.866733672058525
SHIP_V_1736,sdv-id-ujCUCj,Solar Panels,293,120.0,479,SHIP_V_1736,1.4416666666666669,5987.5,5895.01,Active,Verified,0.0154,0.1418633925547305
SHIP_V_1961,sdv-id-KaapVC,Ready-made Garments,669,8.5,686,GHOST_VESSEL_X,77.70588235294117,8575.0,0.0,Disconnected,No_Record,1.0,0.866733672058525
SHIP_V_1163,sdv-id-VxvnSX,Smartphones,572,300.0,1630,SHIP_V_1163,0.9066666666666666,20375.0,19619.77,Active,Verified,0.0371,0.1988602999284316
SHIP_V_1257,sdv-id-Lrkhsg,Smartphones,699,300.0,360,SHIP_V_1257,1.33,4500.0,4358.93,Active,Verified,0.0313,0.143660728741897
SHIP_V_1989,sdv-id-WshGvF,Raw Jute,651,5.0,608,GHOST_VESSEL_X,129.2,7600.0,0.0,Disconnected,No_Record,1.0,0.866733672058525
SHIP_V_1812,sdv-id-tsnCPj,Raw Jute,661,5.0,555,GHOST_VESSEL_X,131.2,6937.5,0.0,Disconnected,No_Record,1.0,0.866733672058525
SHIP_V_1498,sdv-id-yBwzsf,Smartphones,2315,300.0,945,SHIP_V_1498,6.716666666666667,11812.5,11229.15,Active,Verified,0.0494,0.2210670784927906
SHIP_V_1088,sdv-id-ZsCwhH,Industrial Chemicals,389,50.0,1307,SHIP_V_1088,6.78,16337.5,15719.27,Active,Verified,0.0378,0.134737081478877
SHIP_V_1334,sdv-id-KknKkR,Smartphones,28,300.0,601,SHIP_V_1334,-0.9066666666666666,7512.5,7311.01,Active,Verified,0.0268,0.190298671288087
SHIP_V_1390,sdv-id-uvjXoC,Industrial Chemicals,888,50.0,1002,SHIP_V_1390,16.76,12525.0,11991.47,Active,Verified,0.0426,0.1801277728188253
SHIP_V_1431,sdv-id-pUimoa,Industrial Chemicals,919,50.0,1844,SHIP_V_1431,17.38,23050.0,22315.23,Active,Verified,0.0319,0.1860951078088489
SHIP_V_1072,sdv-id-VdspAq,Industrial Chemicals,522,50.0,1314,SHIP_V_1072,9.44,16425.0,16200.84,Active,Verified,0.0136,0.2328099664743399
SHIP_V_1300,sdv-id-zwjdek,Raw Jute,496,5.0,1321,GHOST_VESSEL_X,98.2,16512.5,0.0,Disconnected,No_Record,1.0,0.866733672058525
SHIP_V_1987,sdv-id-FdKpDe,Raw Jute,1193,5.0,487,GHOST_VESSEL_X,237.6,6087.5,0.0,Disconnected,No_Record,1.0,0.866733672058525
SHIP_V_1447,sdv-id-MPFJpI,Solar Panels,2287,120.0,817,SHIP_V_1447,18.058333333333337,10212.5,10002.13,Active,Verified,0.0206,0.1004488141888442
SHIP_V_1830,sdv-id-WGTvHP,Industrial Chemicals,178,50.0,1861,SHIP_V_1830,2.56,23262.5,22937.76,Active,Verified,0.014,0.1935920411975586
SHIP_V_1152,sdv-id-Vxtosu,Ready-made Garments,99,8.5,1564,SHIP_V_1152,10.647058823529411,19550.0,19057.07,Active,Verified,0.0252,0.202591525852567
SHIP_V_1655,sdv-id-BeyCfr,Smartphones,502,300.0,1735,SHIP_V_1655,0.6733333333333333,21687.5,21082.28,Active,Verified,0.0279,0.1219394034582339
SHIP_V_1309,sdv-id-Qfpdsr,Ready-made Garments,413,8.5,731,SHIP_V_1309,47.588235294117645,9137.5,8864.47,Active,Verified,0.0299,0.1226051325484017
SHIP_V_1135,sdv-id-FBpqBG,Ready-made Garments,1230,8.5,1025,GHOST_VESSEL_X,143.7058823529412,12812.5,0.0,Disconnected,No_Record,1.0,0.866733672058525
SHIP_V_1771,sdv-id-MIqjIA,Smartphones,962,300.0,649,SHIP_V_1771,2.2066666666666666,8112.5,7760.66,Active,Verified,0.0434,0.1373955398543904
SHIP_V_1503,sdv-id-fiuOZi,Industrial Chemicals,237,50.0,1908,SHIP_V_1503,3.74,23850.0,23089.23,Active,Verified,0.0319,0.1460041436209501
SHIP_V_1186,sdv-id-NgapMM,Raw Jute,38,5.0,1064,SHIP_V_1186,6.6,13300.0,12719.62,Active,Verified,0.0436,0.2059820179511347
SHIP_V_1442,sdv-id-ORoJPX,Raw Jute,184,5.0,614,SHIP_V_1442,35.8,7675.0,7551.99,Active,Verified,0.016,0.1826630550887163
SHIP_V_1988,sdv-id-bmrtxr,Solar Panels,174,120.0,973,SHIP_V_1988,0.45,12162.5,11598.22,Active,Verified,0.0464,0.1818367081263514
SHIP_V_1694,sdv-id-LJpwRz,Industrial Chemicals,487,50.0,1074,SHIP_V_1694,8.74,13425.0,13227.25,Active,Verified,0.0147,0.120668050427653
SHIP_V_1712,sdv-id-TiaQyU,Raw Jute,1136,5.0,396,GHOST_VESSEL_X,226.2,4950.0,0.0,Disconnected,No_Record,1.0,0.866733672058525
SHIP_V_1229,sdv-id-SBmDHg,Smartphones,622,300.0,1496,SHIP_V_1229,1.0733333333333333,18700.0,18170.86,Active,Verified,0.0283,0.1500234132429519
SHIP_V_1990,sdv-id-hbIuYL,Smartphones,1084,300.0,586,SHIP_V_1990,2.6133333333333333,7325.0,7178.26,Active,Verified,0.02,0.1168423167997297
SHIP_V_1557,sdv-id-nOxeEs,Smartphones,199,300.0,262,SHIP_V_1557,-0.3366666666666666,3275.0,3204.66,Active,Verified,0.0215,0.142997574690779
SHIP_V_1921,sdv-id-IxtEMZ,Industrial Chemicals,871,50.0,310,SHIP_V_1921,16.42,3875.0,3792.81,Active,Verified,0.0212,0.2276417584582864
SHIP_V_1200,sdv-id-beecuY,Smartphones,539,300.0,171,SHIP_V_1200,0.7966666666666666,2137.5,2092.93,Active,Verified,0.0209,0.2400905913404737
SHIP_V_1136,sdv-id-wFZinF,Raw Jute,908,5.0,150,GHOST_VESSEL_X,180.6,1875.0,0.0,Disconnected,No_Record,1.0,0.866733672058525
SHIP_V_1349,sdv-id-YEDIOX,Industrial Chemicals,62,50.0,681,SHIP_V_1349,0.24,8512.5,8294.91,Active,Verified,0.0256,0.2111173465659989
SHIP_V_1642,sdv-id-fWlrVr,Smartphones,862,300.0,1458,SHIP_V_1642,1.8733333333333333,18225.0,17608.94,Active,Verified,0.0338,0.2046874906599512
SHIP_V_1340,sdv-id-qWLOaz,Ready-made Garments,445,8.5,1754,SHIP_V_1340,51.35294117647059,21925.0,21279.64,Active,Verified,0.0294,0.2408075148402949
SHIP_V_1582,sdv-id-hhyzCC,Industrial Chemicals,393,50.0,1471,SHIP_V_1582,6.86,18387.5,17794.21,Active,Verified,0.0323,0.1981362646242362
SHIP_V_1321,sdv-id-uYvbMs,Ready-made Garments,579,8.5,1548,GHOST_VESSEL_X,67.11764705882354,19350.0,0.0,Disconnected,No_Record,1.0,0.866733672058525
SHIP_V_1633,sdv-id-OoohfZ,Raw Jute,1861,5.0,706,GHOST_VESSEL_X,371.2,8825.0,0.0,Disconnected,No_Record,1.0,0.866733672058525
SHIP_V_1903,sdv-id-lnHHKp,Smartphones,46,300.0,961,SHIP_V_1903,-0.8466666666666667,12012.5,11868.0,Active,Verified,0.012,0.1512551641453157
SHIP_V_1656,sdv-id-sFMVNq,Ready-made Garments,572,8.5,1541,GHOST_VESSEL_X,66.29411764705883,19262.5,0.0,Disconnected,No_Record,1.0,0.866733672058525
SHIP_V_1223,sdv-id-zXsyjw,Raw Jute,1177,5.0,854,GHOST_VESSEL_X,234.4,10675.0,0.0,Disconnected,No_Record,1.0,0.866733672058525
SHIP_V_1664,sdv-id-IlJzqq,Smartphones,32,300.0,704,SHIP_V_1664,-0.8933333333333333,8800.0,8590.2,Active,Verified,0.0238,0.137507288235739
SHIP_V_1874,sdv-id-maNfLH,Solar Panels,911,120.0,1063,SHIP_V_1874,6.591666666666667,13287.5,13032.18,Active,Verified,0.0192,0.173344089882957
SHIP_V_1049,sdv-id-zBaSIQ,Solar Panels,516,120.0,386,SHIP_V_1049,3.3,4825.0,4591.61,Active,Verified,0.0484,0.1430655171711838
SHIP_V_1401,sdv-id-fcFtnJ,Smartphones,1152,300.0,1230,SHIP_V_1401,2.84,15375.0,15153.37,Active,Verified,0.0144,0.146604084122703
SHIP_V_1121,sdv-id-oWIJtu,Smartphones,148,300.0,1925,SHIP_V_1121,-0.5066666666666667,24062.5,23189.37,Active,Verified,0.0363,0.2005384104225415
SHIP_V_1772,sdv-id-AXOkPx,Smartphones,1694,300.0,1237,SHIP_V_1772,4.6466666666666665,15462.5,14909.62,Active,Verified,0.0358,0.1272476204369867
SHIP_V_1711,sdv-id-dVzOSN,Industrial Chemicals,314,50.0,1219,SHIP_V_1711,5.28,15237.5,14848.4,Active,Verified,0.0255,0.129065454775819
SHIP_V_1286,sdv-id-fimGcP,Ready-made Garments,372,8.5,1456,SHIP_V_1286,42.76470588235294,18200.0,17453.23,Active,Verified,0.041,0.234425316781105
SHIP_V_1002,sdv-id-UVjFia,Ready-made Garments,740,8.5,1015,GHOST_VESSEL_X,86.05882352941177,12687.5,0.0,Disconnected,No_Record,1.0,0.866733672058525
SHIP_V_1906,sdv-id-GEDIJI,Raw Jute,1074,5.0,919,GHOST_VESSEL_X,213.8,11487.5,0.0,Disconnected,No_Record,1.0,0.866733672058525
SHIP_V_1497,sdv-id-ZTPSCj,Industrial Chemicals,626,50.0,293,SHIP_V_1497,11.52,3662.5,3556.18,Active,Verified,0.029,0.1273181161920119
SHIP_V_1573,sdv-id-llwPpn,Ready-made Garments,1287,8.5,488,GHOST_VESSEL_X,150.41176470588235,6100.0,0.0,Disconnected,No_Record,1.0,0.866733672058525
SHIP_V_1062,sdv-id-SWiOcN,Ready-made Garments,1030,8.5,1571,GHOST_VESSEL_X,120.17647058823528,19637.5,0.0,Disconnected,No_Record,1.0,0.866733672058525
SHIP_V_1419,sdv-id-cfGKJx,Solar Panels,717,120.0,156,SHIP_V_1419,4.975,1950.0,1893.73,Active,Verified,0.0289,0.1780568683405826
SHIP_V_1833,sdv-id-XTnOrf,Smartphones,631,300.0,1252,SHIP_V_1833,1.1033333333333333,15650.0,15075.35,Active,Verified,0.0367,0.1669517502874572
SHIP_V_1312,sdv-id-pzHzul,Smartphones,229,300.0,1040,SHIP_V_1312,-0.2366666666666666,13000.0,12543.01,Active,Verified,0.0352,0.242733866289489
SHIP_V_1663,sdv-id-JfnIOF,Raw Jute,219,5.0,401,SHIP_V_1663,42.8,5012.5,4867.08,Active,Verified,0.029,0.1793572484900621
SHIP_V_1736,sdv-id-BgckXl,Smartphones,831,300.0,1354,SHIP_V_1736,1.77,16925.0,16320.44,Active,Verified,0.0357,0.2448378807942127
SHIP_V_1590,sdv-id-woVrOB,Industrial Chemicals,1422,50.0,408,SHIP_V_1590,27.44,5100.0,4859.94,Active,Verified,0.0471,0.2378707525147807
SHIP_V_1837,sdv-id-dQVFWo,Solar Panels,408,120.0,1579,SHIP_V_1837,2.4,19737.5,18948.85,Active,Verified,0.04,0.118504212563245
SHIP_V_1879,sdv-id-cRiqLR,Smartphones,654,300.0,1584,SHIP_V_1879,1.18,19800.0,18968.93,Active,Verified,0.042,0.1875229132913197
SHIP_V_1847,sdv-id-DAzUNV,Raw Jute,1143,5.0,328,GHOST_VESSEL_X,227.6,4100.0,0.0,Disconnected,No_Record,1.0,0.866733672058525
SHIP_V_1843,sdv-id-zQHmHh,Smartphones,74,300.0,974,SHIP_V_1843,-0.7533333333333333,12175.0,11893.0,Active,Verified,0.0232,0.1505616778030107
SHIP_V_1995,sdv-id-NCLGxU,Raw Jute,795,5.0,218,GHOST_VESSEL_X,158.0,2725.0,0.0,Disconnected,No_Record,1.0,0.866733672058525
SHIP_V_1707,sdv-id-GTCVdJ,Solar Panels,422,120.0,752,SHIP_V_1707,2.5166666666666666,9400.0,9033.57,Active,Verified,0.039,0.1376202731160908
SHIP_V_1661,sdv-id-JQodEX,Smartphones,2422,300.0,156,SHIP_V_1661,7.073333333333333,1950.0,1928.11,Active,Verified,0.0112,0.17377191271611
SHIP_V_1540,sdv-id-Didsnw,Smartphones,9,300.0,1122,SHIP_V_1540,-0.97,14025.0,13446.9,Active,Verified,0.0412,0.1834557231641509
SHIP_V_1851,sdv-id-nOkOKG,Ready-made Garments,123,8.5,725,SHIP_V_1851,13.470588235294118,9062.5,8682.61,Active,Verified,0.0419,0.2144038973871384
SHIP_V_1680,sdv-id-vnTFhu,Raw Jute,311,5.0,886,GHOST_VESSEL_X,61.2,11075.0,0.0,Disconnected,No_Record,1.0,0.866733672058525
SHIP_V_1003,sdv-id-wCnunl,Raw Jute,755,5.0,1330,GHOST_VESSEL_X,150.0,16625.0,0.0,Disconnected,No_Record,1.0,0.866733672058525
SHIP_V_1946,sdv-id-TqKPyv,Raw Jute,1015,5.0,338,GHOST_VESSEL_X,202.0,4225.0,0.0,Disconnected,No_Record,1.0,0.866733672058525
SHIP_V_1041,sdv-id-oCGQVX,Smartphones,623,300.0,105,SHIP_V_1041,1.0766666666666669,1312.5,1263.14,Active,Verified,0.0376,0.1068228491775658
SHIP_V_1689,sdv-id-keUsTU,Ready-made Garments,1675,8.5,1647,GHOST_VESSEL_X,196.05882352941177,20587.5,0.0,Disconnected,No_Record,1.0,0.866733672058525
SHIP_V_1608,sdv-id-sBuVFU,Industrial Chemicals,2012,50.0,1386,SHIP_V_1608,39.24,17325.0,16731.32,Active,Verified,0.0343,0.1404692744430312
SHIP_V_1437,sdv-id-aiYysb,Industrial Chemicals,360,50.0,1768,SHIP_V_1437,6.2,22100.0,21563.16,Active,Verified,0.0243,0.2006123634308578
SHIP_V_1734,sdv-id-yGjBFg,Industrial Chemicals,221,50.0,1553,SHIP_V_1734,3.42,19412.5,18701.05,Active,Verified,0.0366,0.1953318407412864
SHIP_V_1425,sdv-id-gCPsDm,Solar Panels,891,120.0,685,SHIP_V_1425,6.425,8562.5,8424.93,Active,Verified,0.0161,0.23628566300723
SHIP_V_1952,sdv-id-qCBkNQ,Raw Jute,563,5.0,1175,GHOST_VESSEL_X,111.6,14687.5,0.0,Disconnected,No_Record,1.0,0.866733672058525
SHIP_V_1534,sdv-id-IPAdyb,Ready-made Garments,628,8.5,1494,GHOST_VESSEL_X,72.88235294117646,18675.0,0.0,Disconnected,No_Record,1.0,0.866733672058525
SHIP_V_1159,sdv-id-MAxryF,Smartphones,1945,300.0,568,SHIP_V_1159,5.483333333333333,7100.0,6777.19,Active,Verified,0.0455,0.1093533520915203
SHIP_V_1865,sdv-id-bKOgMp,Smartphones,557,300.0,1870,SHIP_V_1865,0.8566666666666667,23375.0,22511.24,Active,Verified,0.037,0.2068365981749689
SHIP_V_1640,sdv-id-HuWwuI,Smartphones,331,300.0,1346,SHIP_V_1640,0.1033333333333333,16825.0,16465.29,Active,Verified,0.0214,0.2373549741327587
SHIP_V_1750,sdv-id-iqpPdy,Raw Jute,199,5.0,1929,SHIP_V_1750,38.8,24112.5,23511.16,Active,Verified,0.0249,0.1894727031564906
SHIP_V_1282,sdv-id-SgAcyT,Industrial Chemicals,962,50.0,1010,SHIP_V_1282,18.24,12625.0,12010.69,Active,Verified,0.0487,0.1605195909764588
SHIP_V_1216,sdv-id-CmIVft,Industrial Chemicals,925,50.0,204,SHIP_V_1216,17.5,2550.0,2454.08,Active,Verified,0.0376,0.1009118432140216
SHIP_V_1717,sdv-id-pVbDbH,Smartphones,453,300.0,786,SHIP_V_1717,0.51,9825.0,9559.33,Active,Verified,0.027,0.2145184485760218
SHIP_V_1637,sdv-id-bEWoHc,Industrial Chemicals,1940,50.0,827,SHIP_V_1637,37.8,10337.5,9890.89,Active,Verified,0.0432,0.1580364194180228
SHIP_V_1480,sdv-id-vSLTbq,Smartphones,689,300.0,395,SHIP_V_1480,1.2966666666666666,4937.5,4720.35,Active,Verified,0.044,0.1177278124023274
SHIP_V_1852,sdv-id-QYGUja,Raw Jute,1016,5.0,195,GHOST_VESSEL_X,202.2,2437.5,0.0,Disconnected,No_Record,1.0,0.866733672058525
SHIP_V_1053,sdv-id-wqMMQy,Raw Jute,1276,5.0,1235,GHOST_VESSEL_X,254.2,15437.5,0.0,Disconnected,No_Record,1.0,0.866733672058525
SHIP_V_1780,sdv-id-ZbyRMg,Smartphones,293,300.0,567,SHIP_V_1780,-0.0233333333333333,7087.5,6944.24,Active,Verified,0.0202,0.1678721502012095
SHIP_V_1281,sdv-id-hLKFOo,Solar Panels,117,120.0,1415,SHIP_V_1281,-0.025,17687.5,16901.09,Active,Verified,0.0445,0.1678161321141096
SHIP_V_1960,sdv-id-TjTrWW,Industrial Chemicals,779,50.0,300,SHIP_V_1960,14.58,3750.0,3689.76,Active,Verified,0.0161,0.2357586760101629
SHIP_V_1743,sdv-id-sXVgii,Industrial Chemicals,879,50.0,1003,SHIP_V_1743,16.58,12537.5,12064.47,Active,Verified,0.0377,0.2316489472251761
SHIP_V_1079,sdv-id-qSczPV,Ready-made Garments,253,8.5,446,SHIP_V_1079,28.764705882352946,5575.0,5310.85,Active,Verified,0.0474,0.2377647721105194
SHIP_V_1659,sdv-id-FqnpJw,Solar Panels,37,120.0,1130,SHIP_V_1659,-0.6916666666666667,14125.0,13476.14,Active,Verified,0.0459,0.1683872323611062
SHIP_V_1904,sdv-id-ZIauJI,Ready-made Garments,291,8.5,1880,SHIP_V_1904,33.23529411764706,23500.0,23199.83,Active,Verified,0.0128,0.2442757413440691
SHIP_V_1597,sdv-id-vIpDrK,Raw Jute,767,5.0,322,GHOST_VESSEL_X,152.4,4025.0,0.0,Disconnected,No_Record,1.0,0.866733672058525
SHIP_V_1562,sdv-id-MvvUYv,Ready-made Garments,157,8.5,178,SHIP_V_1562,17.470588235294116,2225.0,2201.12,Active,Verified,0.0107,0.244432539871609
SHIP_V_1975,sdv-id-eiYOIC,Industrial Chemicals,956,50.0,1039,SHIP_V_1975,18.12,12987.5,12424.0,Active,Verified,0.0434,0.1563722841367138
SHIP_V_1612,sdv-id-dNblVz,Solar Panels,730,120.0,1851,SHIP_V_1612,5.083333333333333,23137.5,22492.78,Active,Verified,0.0279,0.2471473721363112
SHIP_V_1069,sdv-id-QVPZsM,Ready-made Garments,707,8.5,735,GHOST_VESSEL_X,82.17647058823529,9187.5,0.0,Disconnected,No_Record,1.0,0.866733672058525
SHIP_V_1915,sdv-id-oqfqkB,Ready-made Garments,460,8.5,983,SHIP_V_1915,53.11764705882353,12287.5,11945.41,Active,Verified,0.0278,0.1222443130603203
SHIP_V_1810,sdv-id-kLdsZs,Industrial Chemicals,1732,50.0,436,SHIP_V_1810,33.64,5450.0,5336.38,Active,Verified,0.0208,0.1890933588013357
SHIP_V_1363,sdv-id-ruldxI,Industrial Chemicals,1404,50.0,945,SHIP_V_1363,27.08,11812.5,11368.39,Active,Verified,0.0376,0.1667631726835479
SHIP_V_1938,sdv-id-wPCAPK,Ready-made Garments,1308,8.5,1309,GHOST_VESSEL_X,152.88235294117646,16362.5,0.0,Disconnected,No_Record,1.0,0.866733672058525
SHIP_V_1951,sdv-id-daBvMF,Raw Jute,485,5.0,1106,GHOST_VESSEL_X,96.0,13825.0,0.0,Disconnected,No_Record,1.0,0.866733672058525
SHIP_V_1224,sdv-id-SaPWtU,Solar Panels,19,120.0,1778,SHIP_V_1224,-0.8416666666666667,22225.0,21619.68,Active,Verified,0.0272,0.1504496665427832
SHIP_V_1909,sdv-id-GjDuPk,Smartphones,1517,300.0,297,SHIP_V_1909,4.056666666666667,3712.5,3551.81,Active,Verified,0.0433,0.1587480761459304
SHIP_V_1679,sdv-id-NFyYVB,Ready-made Garments,469,8.5,180,SHIP_V_1679,54.1764705882353,2250.0,2141.68,Active,Verified,0.0481,0.1847438063195541
SHIP_V_1490,sdv-id-nIQuDf,Raw Jute,678,5.0,283,GHOST_VESSEL_X,134.6,3537.5,0.0,Disconnected,No_Record,1.0,0.866733672058525
SHIP_V_1211,sdv-id-RHEgiP,Industrial Chemicals,908,50.0,1071,SHIP_V_1211,17.16,13387.5,12893.25,Active,Verified,0.0369,0.2194143653520257
SHIP_V_1209,sdv-id-hPNxAC,Raw Jute,118,5.0,1328,SHIP_V_1209,22.6,16600.0,15919.5,Active,Verified,0.041,0.1376483696706929
SHIP_V_1314,sdv-id-WWKQhh,Smartphones,804,300.0,958,SHIP_V_1314,1.68,11975.0,11687.38,Active,Verified,0.024,0.2195470853260506
SHIP_V_1967,sdv-id-dlEjvS,Smartphones,1230,300.0,1598,SHIP_V_1967,3.1,19975.0,19525.54,Active,Verified,0.0225,0.2193854193650003
SHIP_V_1077,sdv-id-cPJMxg,Solar Panels,269,120.0,577,SHIP_V_1077,1.2416666666666667,7212.5,6904.44,Active,Verified,0.0427,0.1555415942762581
SHIP_V_1125,sdv-id-pRWjXf,Ready-made Garments,906,8.5,1379,GHOST_VESSEL_X,105.58823529411764,17237.5,0.0,Disconnected,No_Record,1.0,0.866733672058525
SHIP_V_1172,sdv-id-UpguKL,Ready-made Garments,1054,8.5,1229,GHOST_VESSEL_X,123.0,15362.5,0.0,Disconnected,No_Record,1.0,0.866733672058525
SHIP_V_1012,sdv-id-GyNsep,Smartphones,154,300.0,1612,SHIP_V_1012,-0.4866666666666667,20150.0,19530.8,Active,Verified,0.0307,0.2048696312325234
SHIP_V_1758,sdv-id-ASLyOw,Ready-made Garments,521,8.5,425,GHOST_VESSEL_X,60.294117647058826,5312.5,0.0,Disconnected,No_Record,1.0,0.866733672058525
SHIP_V_1753,sdv-id-pCGGEI,Solar Panels,360,120.0,1328,SHIP_V_1753,2.0,16600.0,16018.89,Active,Verified,0.035,0.2298141412194612
SHIP_V_1107,sdv-id-jSbxqX,Ready-made Garments,1161,8.5,1660,GHOST_VESSEL_X,135.58823529411765,20750.0,0.0,Disconnected,No_Record,1.0,0.866733672058525
SHIP_V_1569,sdv-id-SKMNbi,Raw Jute,631,5.0,664,GHOST_VESSEL_X,125.2,8300.0,0.0,Disconnected,No_Record,1.0,0.866733672058525
SHIP_V_1348,sdv-id-gaaDJl,Raw Jute,807,5.0,1363,GHOST_VESSEL_X,160.4,17037.5,0.0,Disconnected,No_Record,1.0,0.866733672058525
SHIP_V_1692,sdv-id-IVHRTe,Solar Panels,139,120.0,567,SHIP_V_1692,0.1583333333333333,7087.5,6975.03,Active,Verified,0.0159,0.2482241121431505
SHIP_V_1825,sdv-id-gdeeHZ,Industrial Chemicals,837,50.0,1193,SHIP_V_1825,15.74,14912.5,14483.2,Active,Verified,0.0288,0.1003620097656539
SHIP_V_1639,sdv-id-yZyVZn,Industrial Chemicals,2162,50.0,383,SHIP_V_1639,42.24,4787.5,4593.67,Active,Verified,0.0405,0.2424690122768136
SHIP_V_1122,sdv-id-yqtbPb,Smartphones,1576,300.0,380,SHIP_V_1122,4.253333333333333,4750.0,4677.18,Active,Verified,0.0153,0.1801827096550097
SHIP_V_1217,sdv-id-Hphske,Industrial Chemicals,342,50.0,1948,SHIP_V_1217,5.84,24350.0,23877.54,Active,Verified,0.0194,0.1043763842962084
SHIP_V_1178,sdv-id-SzyhnJ,Industrial Chemicals,257,50.0,1371,SHIP_V_1178,4.14,17137.5,16755.71,Active,Verified,0.0223,0.1342956466958028
SHIP_V_1583,sdv-id-ypDfdv,Raw Jute,964,5.0,817,GHOST_VESSEL_X,191.8,10212.5,0.0,Disconnected,No_Record,1.0,0.866733672058525
SHIP_V_1240,sdv-id-UlIjVc,Ready-made Garments,104,8.5,1634,SHIP_V_1240,11.235294117647058,20425.0,19431.64,Active,Verified,0.0486,0.1932457865517471
SHIP_V_1075,sdv-id-lOoobu,Raw Jute,863,5.0,780,GHOST_VESSEL_X,171.6,9750.0,0.0,Disconnected,No_Record,1.0,0.866733672058525
SHIP_V_1919,sdv-id-kJkUcI,Raw Jute,731,5.0,283,GHOST_VESSEL_X,145.2,3537.5,0.0,Disconnected,No_Record,1.0,0.866733672058525
SHIP_V_1724,sdv-id-XlPjKr,Smartphones,1031,300.0,1880,SHIP_V_1724,2.4366666666666665,23500.0,22998.89,Active,Verified,0.0213,0.2425245914100245
SHIP_V_1474,sdv-id-hgoEth,Solar Panels,200,120.0,1238,SHIP_V_1474,0.6666666666666666,15475.0,15129.42,Active,Verified,0.0223,0.1093249252863907
SHIP_V_1725,sdv-id-zWNciz,Ready-made Garments,787,8.5,1997,GHOST_VESSEL_X,91.58823529411764,24962.5,0.0,Disconnected,No_Record,1.0,0.866733672058525
SHIP_V_1756,sdv-id-rTqgEO,Raw Jute,860,5.0,1431,GHOST_VESSEL_X,171.0,17887.5,0.0,Disconnected,No_Record,1.0,0.866733672058525
SHIP_V_1302,sdv-id-odzZuj,Smartphones,651,300.0,1603,SHIP_V_1302,1.17,20037.5,19692.12,Active,Verified,0.0172,0.1488231061688905
SHIP_V_1551,sdv-id-eRpkVj,Smartphones,860,300.0,513,SHIP_V_1551,1.8666666666666667,6412.5,6331.01,Active,Verified,0.0127,0.1339472146773258
SHIP_V_1916,sdv-id-jgAgCH,Industrial Chemicals,127,50.0,684,SHIP_V_1916,1.54,8550.0,8312.21,Active,Verified,0.0278,0.1238952748919149
SHIP_V_1952,sdv-id-oNapRo,Smartphones,1286,300.0,1933,SHIP_V_1952,3.286666666666666,24162.5,23689.66,Active,Verified,0.0196,0.1389761021860375
SHIP_V_1057,sdv-id-tksfGm,Industrial Chemicals,625,50.0,152,SHIP_V_1057,11.5,1900.0,1818.25,Active,Verified,0.043,0.2033062447437487
SHIP_V_1802,sdv-id-PhjaET,Raw Jute,2440,5.0,495,GHOST_VESSEL_X,487.0,6187.5,0.0,Disconnected,No_Record,1.0,0.866733672058525
SHIP_V_1819,sdv-id-TWHdLz,Ready-made Garments,2324,8.5,442,GHOST_VESSEL_X,272.4117647058824,5525.0,0.0,Disconnected,No_Record,1.0,0.866733672058525
SHIP_V_1718,sdv-id-kgTSPA,Solar Panels,382,120.0,1903,SHIP_V_1718,2.183333333333333,23787.5,23422.76,Active,Verified,0.0153,0.2081630537407253
SHIP_V_1333,sdv-id-oijAfA,Raw Jute,1741,5.0,771,GHOST_VESSEL_X,347.2,9637.5,0.0,Disconnected,No_Record,1.0,0.866733672058525
SHIP_V_1304,sdv-id-UiPbkZ,Solar Panels,67,120.0,1977,SHIP_V_1304,-0.4416666666666666,24712.5,23774.75,Active,Verified,0.0379,0.1925898971389018
SHIP_V_1866,sdv-id-SNIVWV,Industrial Chemicals,1173,50.0,529,SHIP_V_1866,22.46,6612.5,6290.85,Active,Verified,0.0486,0.1520535756083882
SHIP_V_1475,sdv-id-ZYsUzU,Smartphones,1790,300.0,112,SHIP_V_1475,4.966666666666667,1400.0,1384.53,Active,Verified,0.011,0.1701883810441125
SHIP_V_1019,sdv-id-btyyKl,Solar Panels,910,120.0,293,SHIP_V_1019,6.583333333333333,3662.5,3625.15,Active,Verified,0.0102,0.1001906216240548
SHIP_V_1246,sdv-id-DOmJzC,Ready-made Garments,535,8.5,1368,GHOST_VESSEL_X,61.94117647058823,17100.0,0.0,Disconnected,No_Record,1.0,0.866733672058525
SHIP_V_1970,sdv-id-vhZbZp,Industrial Chemicals,414,50.0,1868,SHIP_V_1970,7.28,23350.0,22358.22,Active,Verified,0.0425,0.147183263642276
SHIP_V_1570,sdv-id-nFMVzJ,Ready-made Garments,178,8.5,582,SHIP_V_1570,19.941176470588236,7275.0,7133.75,Active,Verified,0.0194,0.1174394247588307
SHIP_V_1529,sdv-id-uGEPFH,Solar Panels,72,120.0,590,SHIP_V_1529,-0.4,7375.0,7121.14,Active,Verified,0.0344,0.2244942517164458
SHIP_V_1208,sdv-id-tKPLlX,Ready-made Garments,2445,8.5,1414,GHOST_VESSEL_X,286.6470588235294,17675.0,0.0,Disconnected,No_Record,1.0,0.866733672058525
SHIP_V_1024,sdv-id-RFnqwL,Ready-made Garments,593,8.5,1166,GHOST_VESSEL_X,68.76470588235294,14575.0,0.0,Disconnected,No_Record,1.0,0.866733672058525
SHIP_V_1932,sdv-id-xdpfum,Smartphones,1447,300.0,1262,SHIP_V_1932,3.8233333333333337,15775.0,15159.5,Active,Verified,0.039,0.1538912827455323
SHIP_V_1626,sdv-id-aVIEEm,Smartphones,2112,300.0,950,SHIP_V_1626,6.04,11875.0,11737.56,Active,Verified,0.0116,0.1306509872535483
SHIP_V_1034,sdv-id-waTiqC,Smartphones,780,300.0,441,SHIP_V_1034,1.6,5512.5,5313.82,Active,Verified,0.036,0.2091654637812256
SHIP_V_1998,sdv-id-CpYPIo,Ready-made Garments,442,8.5,869,SHIP_V_1998,51.0,10862.5,10611.64,Active,Verified,0.0231,0.2239520040225638
SHIP_V_1856,sdv-id-yRyIUT,Industrial Chemicals,659,50.0,1177,SHIP_V_1856,12.18,14712.5,14431.81,Active,Verified,0.0191,0.1476356838691752
SHIP_V_1725,sdv-id-ZZKqEN,Smartphones,689,300.0,356,SHIP_V_1725,1.2966666666666666,4450.0,4311.04,Active,Verified,0.0312,0.1499070198123559
SHIP_V_1579,sdv-id-MaKsPl,Raw Jute,566,5.0,287,GHOST_VESSEL_X,112.2,3587.5,0.0,Disconnected,No_Record,1.0,0.866733672058525
SHIP_V_1924,sdv-id-BXlnQt,Raw Jute,1421,5.0,391,GHOST_VESSEL_X,283.2,4887.5,0.0,Disconnected,No_Record,1.0,0.866733672058525
SHIP_V_1596,sdv-id-pHnTsG,Ready-made Garments,471,8.5,680,SHIP_V_1596,54.411764705882355,8500.0,8324.65,Active,Verified,0.0206,0.2010144942422154
SHIP_V_1570,sdv-id-Haiwvt,Industrial Chemicals,1396,50.0,865,SHIP_V_1570,26.92,10812.5,10369.54,Active,Verified,0.041,0.1614792161844119
SHIP_V_1903,sdv-id-nMOEvM,Smartphones,256,300.0,268,SHIP_V_1903,-0.1466666666666666,3350.0,3305.45,Active,Verified,0.0133,0.2036622677374355
SHIP_V_1019,sdv-id-BFekXh,Solar Panels,235,120.0,1789,SHIP_V_1019,0.9583333333333334,22362.5,21564.13,Active,Verified,0.0357,0.1782828668842103
SHIP_V_1510,sdv-id-PDoqVy,Smartphones,19,300.0,1812,SHIP_V_1510,-0.9366666666666666,22650.0,21560.24,Active,Verified,0.0481,0.2237886185156148
SHIP_V_1828,sdv-id-GWThaK,Smartphones,1183,300.0,1126,SHIP_V_1828,2.943333333333334,14075.0,13590.24,Active,Verified,0.0344,0.1144857860604378
SHIP_V_1669,sdv-id-lcZfxE,Raw Jute,258,5.0,393,SHIP_V_1669,50.6,4912.5,4777.93,Active,Verified,0.0274,0.2229209290165388
SHIP_V_1257,sdv-id-UoeXRF,Solar Panels,22,120.0,606,SHIP_V_1257,-0.8166666666666667,7575.0,7227.37,Active,Verified,0.0459,0.1749424573881642
SHIP_V_1861,sdv-id-vsqDNt,Industrial Chemicals,583,50.0,896,SHIP_V_1861,10.66,11200.0,11032.51,Active,Verified,0.015,0.113009536513106
SHIP_V_1467,sdv-id-eGdrCM,Smartphones,105,300.0,1965,SHIP_V_1467,-0.65,24562.5,23619.93,Active,Verified,0.0384,0.1257709122996097
SHIP_V_1235,sdv-id-MXzyTb,Smartphones,289,300.0,662,SHIP_V_1235,-0.0366666666666666,8275.0,8184.5,Active,Verified,0.0109,0.23417684045032
SHIP_V_1533,sdv-id-PpdlDo,Industrial Chemicals,617,50.0,240,SHIP_V_1533,11.34,3000.0,2945.33,Active,Verified,0.0182,0.2388655025476607
SHIP_V_1569,sdv-id-ecixGl,Solar Panels,2074,120.0,1150,SHIP_V_1569,16.283333333333335,14375.0,14128.28,Active,Verified,0.0172,0.177393423123764
SHIP_V_1944,sdv-id-GbXzRv,Solar Panels,72,120.0,1955,SHIP_V_1944,-0.4,24437.5,24013.32,Active,Verified,0.0174,0.1881972890972922
SHIP_V_1271,sdv-id-umgQaV,Solar Panels,509,120.0,1125,SHIP_V_1271,3.2416666666666667,14062.5,13534.68,Active,Verified,0.0375,0.1741334884772881
SHIP_V_1408,sdv-id-UzYIBx,Ready-made Garments,632,8.5,1800,GHOST_VESSEL_X,73.3529411764706,22500.0,0.0,Disconnected,No_Record,1.0,0.866733672058525
SHIP_V_1793,sdv-id-pKEhCH,Smartphones,244,300.0,525,SHIP_V_1793,-0.1866666666666666,6562.5,6439.59,Active,Verified,0.0187,0.1786129322956557
SHIP_V_1816,sdv-id-ADBMjK,Industrial Chemicals,1268,50.0,648,SHIP_V_1816,24.36,8100.0,7785.17,Active,Verified,0.0389,0.2344984801111621
SHIP_V_1876,sdv-id-bAgHCR,Ready-made Garments,1066,8.5,450,GHOST_VESSEL_X,124.41176470588236,5625.0,0.0,Disconnected,No_Record,1.0,0.866733672058525
SHIP_V_1130,sdv-id-PSwUYk,Raw Jute,720,5.0,1103,GHOST_VESSEL_X,143.0,13787.5,0.0,Disconnected,No_Record,1.0,0.866733672058525
SHIP_V_1062,sdv-id-ydoiDB,Raw Jute,238,5.0,928,SHIP_V_1062,46.6,11600.0,11309.34,Active,Verified,0.0251,0.1465446357684754
SHIP_V_1122,sdv-id-ozOyzx,Smartphones,60,300.0,1513,SHIP_V_1122,-0.8,18912.5,18026.16,Active,Verified,0.0469,0.1024079078179271
SHIP_V_1056,sdv-id-vUbPeT,Ready-made Garments,566,8.5,1888,GHOST_VESSEL_X,65.58823529411765,23600.0,0.0,Disconnected,No_Record,1.0,0.866733672058525
SHIP_V_1088,sdv-id-AsGsLy,Smartphones,1399,300.0,131,SHIP_V_1088,3.6633333333333336,1637.5,1590.75,Active,Verified,0.0285,0.2049306124338297
SHIP_V_1708,sdv-id-KvNYfG,Industrial Chemicals,713,50.0,1534,SHIP_V_1708,13.26,19175.0,18842.89,Active,Verified,0.0173,0.143768866831257
SHIP_V_1955,sdv-id-FDzfmJ,Industrial Chemicals,455,50.0,1600,SHIP_V_1955,8.1,20000.0,19016.27,Active,Verified,0.0492,0.1899268187720029
SHIP_V_1397,sdv-id-AQTstJ,Raw Jute,682,5.0,1797,GHOST_VESSEL_X,135.4,22462.5,0.0,Disconnected,No_Record,1.0,0.866733672058525
SHIP_V_1909,sdv-id-KpogCx,Solar Panels,369,120.0,1802,SHIP_V_1909,2.075,22525.0,21444.47,Active,Verified,0.048,0.1442670731096625
SHIP_V_1075,sdv-id-lahVcZ,Raw Jute,492,5.0,1984,GHOST_VESSEL_X,97.4,24800.0,0.0,Disconnected,No_Record,1.0,0.866733672058525
SHIP_V_1567,sdv-id-mHPdvM,Industrial Chemicals,608,50.0,296,SHIP_V_1567,11.16,3700.0,3608.62,Active,Verified,0.0247,0.201131982233429
SHIP_V_1271,sdv-id-EpYjww,Ready-made Garments,819,8.5,700,GHOST_VESSEL_X,95.3529411764706,8750.0,0.0,Disconnected,No_Record,1.0,0.866733672058525
SHIP_V_1820,sdv-id-OryZCv,Industrial Chemicals,144,50.0,676,SHIP_V_1820,1.88,8450.0,8159.96,Active,Verified,0.0343,0.2191805143174965
SHIP_V_1976,sdv-id-rpkLUO,Smartphones,1209,300.0,1627,SHIP_V_1976,3.03,20337.5,19655.79,Active,Verified,0.0335,0.2047154739535726
SHIP_V_1162,sdv-id-EJOSem,Raw Jute,1680,5.0,466,GHOST_VESSEL_X,335.0,5825.0,0.0,Disconnected,No_Record,1.0,0.866733672058525
SHIP_V_1301,sdv-id-VaMzvO,Solar Panels,605,120.0,674,SHIP_V_1301,4.041666666666667,8425.0,8264.97,Active,Verified,0.019,0.1567356188137419
SHIP_V_1358,sdv-id-uFKJMh,Solar Panels,342,120.0,1764,SHIP_V_1358,1.85,22050.0,21275.06,Active,Verified,0.0351,0.1361166230550107
SHIP_V_1500,sdv-id-nVIUcj,Raw Jute,1044,5.0,805,GHOST_VESSEL_X,207.8,10062.5,0.0,Disconnected,No_Record,1.0,0.866733672058525
SHIP_V_1628,sdv-id-rfOdxS,Ready-made Garments,2401,8.5,1245,GHOST_VESSEL_X,281.47058823529414,15562.5,0.0,Disconnected,No_Record,1.0,0.866733672058525
SHIP_V_1326,sdv-id-KtQesV,Ready-made Garments,2464,8.5,498,GHOST_VESSEL_X,288.88235294117646,6225.0,0.0,Disconnected,No_Record,1.0,0.866733672058525
SHIP_V_1072,sdv-id-FDiikV,Smartphones,944,300.0,350,SHIP_V_1072,2.1466666666666665,4375.0,4200.78,Active,Verified,0.0398,0.2162432501784515
SHIP_V_1948,sdv-id-NQcJNE,Solar Panels,519,120.0,565,SHIP_V_1948,3.325,7062.5,6981.89,Active,Verified,0.0114,0.2147241013452716
SHIP_V_1106,sdv-id-zNaHCD,Raw Jute,430,5.0,444,GHOST_VESSEL_X,85.0,5550.0,0.0,Disconnected,No_Record,1.0,0.866733672058525
SHIP_V_1125,sdv-id-fEysiP,Ready-made Garments,685,8.5,814,GHOST_VESSEL_X,79.58823529411765,10175.0,0.0,Disconnected,No_Record,1.0,0.866733672058525
SHIP_V_1800,sdv-id-MWWgYy,Ready-made Garments,846,8.5,673,GHOST_VESSEL_X,98.52941176470588,8412.5,0.0,Disconnected,No_Record,1.0,0.866733672058525
SHIP_V_1167,sdv-id-hxQPnt,Industrial Chemicals,98,50.0,423,SHIP_V_1167,0.96,5287.5,5233.34,Active,Verified,0.0102,0.1399589214565985
SHIP_V_1583,sdv-id-mCoIuO,Smartphones,1090,300.0,1693,SHIP_V_1583,2.6333333333333333,21162.5,20808.52,Active,Verified,0.0167,0.2064038811448819
SHIP_V_1314,sdv-id-nqEKjQ,Smartphones,1166,300.0,1208,SHIP_V_1314,2.8866666666666667,15100.0,14787.55,Active,Verified,0.0207,0.1331571523839603
SHIP_V_1594,sdv-id-tzcQWT,Industrial Chemicals,1073,50.0,999,SHIP_V_1594,20.46,12487.5,12000.09,Active,Verified,0.039,0.1132944486284424
SHIP_V_1548,sdv-id-HqGpca,Raw Jute,1433,5.0,1829,GHOST_VESSEL_X,285.6,22862.5,0.0,Disconnected,No_Record,1.0,0.866733672058525
SHIP_V_1180,sdv-id-ykRxzC,Raw Jute,2316,5.0,943,GHOST_VESSEL_X,462.2,11787.5,0.0,Disconnected,No_Record,1.0,0.866733672058525
SHIP_V_1531,sdv-id-yrNOSi,Ready-made Garments,1794,8.5,856,GHOST_VESSEL_X,210.05882352941177,10700.0,0.0,Disconnected,No_Record,1.0,0.866733672058525
SHIP_V_1595,sdv-id-FFmSUi,Solar Panels,94,120.0,726,SHIP_V_1595,-0.2166666666666666,9075.0,8837.85,Active,Verified,0.0261,0.1699285945666018
SHIP_V_1033,sdv-id-Tnwris,Solar Panels,310,120.0,1285,SHIP_V_1033,1.5833333333333333,16062.5,15459.62,Active,Verified,0.0375,0.1777447033647942
SHIP_V_1003,sdv-id-wpzRbZ,Raw Jute,1014,5.0,202,GHOST_VESSEL_X,201.8,2525.0,0.0,Disconnected,No_Record,1.0,0.866733672058525
SHIP_V_1219,sdv-id-cLmnRi,Smartphones,1259,300.0,1673,SHIP_V_1219,3.1966666666666668,20912.5,20504.36,Active,Verified,0.0195,0.219128334636348
SHIP_V_1752,sdv-id-dRdgnb,Raw Jute,57,5.0,1692,SHIP_V_1752,10.4,21150.0,20773.68,Active,Verified,0.0178,0.2366480361720477
SHIP_V_1156,sdv-id-jfvKLh,Solar Panels,22,120.0,531,SHIP_V_1156,-0.8166666666666667,6637.5,6341.26,Active,Verified,0.0446,0.1518998765928192
SHIP_V_1042,sdv-id-KUKIwa,Smartphones,180,300.0,1758,SHIP_V_1042,-0.4,21975.0,21736.79,Active,Verified,0.0108,0.1242677535090402
SHIP_V_1378,sdv-id-mjQbic,Smartphones,220,300.0,637,SHIP_V_1378,-0.2666666666666666,7962.5,7849.56,Active,Verified,0.0142,0.2061407120706752
SHIP_V_1184,sdv-id-ypOOsI,Raw Jute,1071,5.0,1154,GHOST_VESSEL_X,213.2,14425.0,0.0,Disconnected,No_Record,1.0,0.866733672058525
SHIP_V_1008,sdv-id-fsICVr,Ready-made Garments,1172,8.5,401,GHOST_VESSEL_X,136.88235294117646,5012.5,0.0,Disconnected,No_Record,1.0,0.866733672058525
SHIP_V_1332,sdv-id-xUndvf,Ready-made Garments,722,8.5,1116,GHOST_VESSEL_X,83.94117647058823,13950.0,0.0,Disconnected,No_Record,1.0,0.866733672058525
SHIP_V_1540,sdv-id-knQHbG,Solar Panels,837,120.0,347,SHIP_V_1540,5.975,4337.5,4226.66,Active,Verified,0.0256,0.1879521178586976
SHIP_V_1327,sdv-id-QOvYDx,Solar Panels,142,120.0,853,SHIP_V_1327,0.1833333333333333,10662.5,10459.88,Active,Verified,0.019,0.1845472316357402
SHIP_V_1499,sdv-id-VcqCgV,Ready-made Garments,168,8.5,458,SHIP_V_1499,18.764705882352946,5725.0,5586.33,Active,Verified,0.0242,0.1816239135240258
SHIP_V_1773,sdv-id-IalwYZ,Ready-made Garments,743,8.5,225,GHOST_VESSEL_X,86.41176470588235,2812.5,0.0,Disconnected,No_Record,1.0,0.866733672058525
SHIP_V_1292,sdv-id-UbNAmM,Solar Panels,93,120.0,601,SHIP_V_1292,-0.225,7512.5,7301.34,Active,Verified,0.0281,0.2417508527678415
SHIP_V_1413,sdv-id-TqRKUr,Ready-made Garments,1337,8.5,176,GHOST_VESSEL_X,156.2941176470588,2200.0,0.0,Disconnected,No_Record,1.0,0.866733672058525
SHIP_V_1306,sdv-id-dTufCH,Industrial Chemicals,400,50.0,1937,SHIP_V_1306,7.0,24212.5,23839.7,Active,Verified,0.0154,0.1290573178417156
SHIP_V_1244,sdv-id-MgTjIR,Raw Jute,2290,5.0,753,GHOST_VESSEL_X,457.0,9412.5,0.0,Disconnected,No_Record,1.0,0.866733672058525
SHIP_V_1895,sdv-id-KdhMtU,Smartphones,466,300.0,334,SHIP_V_1895,0.5533333333333333,4175.0,4051.57,Active,Verified,0.0296,0.1046586882009351
SHIP_V_1489,sdv-id-sEJJdZ,Industrial Chemicals,921,50.0,749,SHIP_V_1489,17.42,9362.5,8936.0,Active,Verified,0.0456,0.1402492424259107
SHIP_V_1615,sdv-id-BtVicO,Solar Panels,46,120.0,1150,SHIP_V_1615,-0.6166666666666667,14375.0,13876.84,Active,Verified,0.0347,0.176139995949367
SHIP_V_1861,sdv-id-jQMWtW,Smartphones,1160,300.0,1677,SHIP_V_1861,2.8666666666666667,20962.5,19943.24,Active,Verified,0.0486,0.2224991066622352
SHIP_V_1352,sdv-id-YurLqk,Ready-made Garments,269,8.5,1962,SHIP_V_1352,30.647058823529413,24525.0,23745.54,Active,Verified,0.0318,0.1266523795403769
SHIP_V_1405,sdv-id-YjMmCy,Solar Panels,460,120.0,864,SHIP_V_1405,2.8333333333333335,10800.0,10578.38,Active,Verified,0.0205,0.2373350943699509
SHIP_V_1683,sdv-id-ZahnWC,Raw Jute,1864,5.0,1054,GHOST_VESSEL_X,371.8,13175.0,0.0,Disconnected,No_Record,1.0,0.866733672058525
SHIP_V_1903,sdv-id-DUPaFR,Smartphones,496,300.0,1735,SHIP_V_1903,0.6533333333333333,21687.5,21438.89,Active,Verified,0.0115,0.1160962976105285
SHIP_V_1433,sdv-id-jbhaSs,Ready-made Garments,1292,8.5,1616,GHOST_VESSEL_X,151.0,20200.0,0.0,Disconnected,No_Record,1.0,0.866733672058525
SHIP_V_1315,sdv-id-ulZANr,Ready-made Garments,206,8.5,738,SHIP_V_1315,23.235294117647054,9225.0,9084.77,Active,Verified,0.0152,0.1579110261472554
SHIP_V_1694,sdv-id-YzXZSE,Raw Jute,723,5.0,1705,GHOST_VESSEL_X,143.6,21312.5,0.0,Disconnected,No_Record,1.0,0.866733672058525
SHIP_V_1462,sdv-id-vjjEVk,Smartphones,886,300.0,880,SHIP_V_1462,1.9533333333333336,11000.0,10521.51,Active,Verified,0.0435,0.2361906384419454
SHIP_V_1695,sdv-id-rdAWhY,Industrial Chemicals,459,50.0,204,SHIP_V_1695,8.18,2550.0,2462.83,Active,Verified,0.0342,0.2254520636423085
SHIP_V_1560,sdv-id-hfGTlI,Solar Panels,647,120.0,735,SHIP_V_1560,4.391666666666667,9187.5,8746.22,Active,Verified,0.048,0.2037746106520709
SHIP_V_1387,sdv-id-rNhjYQ,Raw Jute,1310,5.0,172,GHOST_VESSEL_X,261.0,2150.0,0.0,Disconnected,No_Record,1.0,0.866733672058525
SHIP_V_1782,sdv-id-ganBIk,Ready-made Garments,841,8.5,361,GHOST_VESSEL_X,97.94117647058825,4512.5,0.0,Disconnected,No_Record,1.0,0.866733672058525
SHIP_V_1728,sdv-id-nDGlCA,Smartphones,586,300.0,443,SHIP_V_1728,0.9533333333333334,5537.5,5269.73,Active,Verified,0.0484,0.1164936257190082
SHIP_V_1283,sdv-id-kTNriR,Industrial Chemicals,557,50.0,647,SHIP_V_1283,10.14,8087.5,7999.69,Active,Verified,0.0109,0.14106402583585
SHIP_V_1588,sdv-id-gGTPWH,Solar Panels,300,120.0,1834,SHIP_V_1588,1.5,22925.0,21990.52,Active,Verified,0.0408,0.2365919138233072
SHIP_V_1959,sdv-id-OTVrLG,Smartphones,253,300.0,143,SHIP_V_1959,-0.1566666666666666,1787.5,1752.94,Active,Verified,0.0193,0.1754223903032525
SHIP_V_1629,sdv-id-cUShGR,Industrial Chemicals,359,50.0,1575,SHIP_V_1629,6.18,19687.5,19357.72,Active,Verified,0.0168,0.1537832746354921
SHIP_V_1986,sdv-id-QsJHLk,Industrial Chemicals,1502,50.0,480,SHIP_V_1986,29.04,6000.0,5793.27,Active,Verified,0.0345,0.2488595913909362
SHIP_V_1704,sdv-id-pZVZiO,Industrial Chemicals,409,50.0,1344,SHIP_V_1704,7.18,16800.0,15970.11,Active,Verified,0.0494,0.1812785103515513
SHIP_V_1264,sdv-id-kSBAGS,Industrial Chemicals,1295,50.0,1482,SHIP_V_1264,24.9,18525.0,18049.87,Active,Verified,0.0256,0.2360638465415645
SHIP_V_1107,sdv-id-LIgQAo,Smartphones,363,300.0,243,SHIP_V_1107,0.21,3037.5,2968.48,Active,Verified,0.0227,0.225575289051962
SHIP_V_1553,sdv-id-kbxadX,Raw Jute,278,5.0,1251,SHIP_V_1553,54.6,15637.5,15180.01,Active,Verified,0.0293,0.2217383513976873
SHIP_V_1684,sdv-id-QRnzWE,Industrial Chemicals,736,50.0,1583,SHIP_V_1684,13.72,19787.5,18955.54,Active,Verified,0.042,0.2334190477683374
SHIP_V_1826,sdv-id-ndhseL,Solar Panels,695,120.0,1387,SHIP_V_1826,4.791666666666667,17337.5,16579.58,Active,Verified,0.0437,0.1850246630332502
SHIP_V_1757,sdv-id-DoxjTI,Industrial Chemicals,1282,50.0,1071,SHIP_V_1757,24.64,13387.5,12964.21,Active,Verified,0.0316,0.1995698769287048
SHIP_V_1473,sdv-id-wggoan,Smartphones,922,300.0,1907,SHIP_V_1473,2.0733333333333333,23837.5,23176.14,Active,Verified,0.0277,0.2183246459714324
SHIP_V_1701,sdv-id-hkXEVP,Smartphones,1551,300.0,1077,SHIP_V_1701,4.17,13462.5,13025.89,Active,Verified,0.0324,0.196814439310615
SHIP_V_1639,sdv-id-vPuuev,Smartphones,1946,300.0,263,SHIP_V_1639,5.486666666666666,3287.5,3146.86,Active,Verified,0.0428,0.153460747655822
SHIP_V_1719,sdv-id-gTpLPs,Smartphones,259,300.0,828,SHIP_V_1719,-0.1366666666666666,10350.0,9936.86,Active,Verified,0.0399,0.1214981920563938
SHIP_V_1916,sdv-id-KMvvmy,Industrial Chemicals,539,50.0,1316,SHIP_V_1916,9.78,16450.0,15846.28,Active,Verified,0.0367,0.1003129872628819
SHIP_V_1414,sdv-id-fqqiqM,Raw Jute,341,5.0,1226,GHOST_VESSEL_X,67.2,15325.0,0.0,Disconnected,No_Record,1.0,0.866733672058525
SHIP_V_1760,sdv-id-rIvjHJ,Ready-made Garments,27,8.5,1668,SHIP_V_1760,2.176470588235294,20850.0,19892.92,Active,Verified,0.0459,0.1462865643560746
SHIP_V_1155,sdv-id-sqiNoO,Raw Jute,388,5.0,1640,GHOST_VESSEL_X,76.6,20500.0,0.0,Disconnected,No_Record,1.0,0.866733672058525
SHIP_V_1717,sdv-id-akvDnZ,Ready-made Garments,236,8.5,754,SHIP_V_1717,26.764705882352946,9425.0,9011.37,Active,Verified,0.0439,0.1124537876800083
SHIP_V_1338,sdv-id-mqfyKV,Smartphones,2326,300.0,1096,SHIP_V_1338,6.753333333333333,13700.0,13073.41,Active,Verified,0.0457,0.2001004407069223
SHIP_V_1914,sdv-id-glrKEy,Industrial Chemicals,768,50.0,460,SHIP_V_1914,14.36,5750.0,5686.66,Active,Verified,0.011,0.1779911404933496
SHIP_V_1483,sdv-id-usjBvK,Smartphones,132,300.0,1566,SHIP_V_1483,-0.56,19575.0,19121.48,Active,Verified,0.0232,0.1343771714199799
SHIP_V_1358,sdv-id-CpDmXW,Smartphones,1758,300.0,1861,SHIP_V_1358,4.86,23262.5,22913.88,Active,Verified,0.015,0.1544824674950917
SHIP_V_1242,sdv-id-qxeqQY,Raw Jute,751,5.0,880,GHOST_VESSEL_X,149.2,11000.0,0.0,Disconnected,No_Record,1.0,0.866733672058525
SHIP_V_1579,sdv-id-NUbCkt,Raw Jute,661,5.0,820,GHOST_VESSEL_X,131.2,10250.0,0.0,Disconnected,No_Record,1.0,0.866733672058525
SHIP_V_1974,sdv-id-qnjsJt,Ready-made Garments,1715,8.5,294,GHOST_VESSEL_X,200.76470588235293,3675.0,0.0,Disconnected,No_Record,1.0,0.866733672058525
SHIP_V_1227,sdv-id-CrLhIQ,Ready-made Garments,1983,8.5,853,GHOST_VESSEL_X,232.2941176470588,10662.5,0.0,Disconnected,No_Record,1.0,0.866733672058525
SHIP_V_1346,sdv-id-FZquBV,Ready-made Garments,1165,8.5,899,GHOST_VESSEL_X,136.05882352941177,11237.5,0.0,Disconnected,No_Record,1.0,0.866733672058525
SHIP_V_1065,sdv-id-jLLPih,Raw Jute,613,5.0,247,GHOST_VESSEL_X,121.6,3087.5,0.0,Disconnected,No_Record,1.0,0.866733672058525
SHIP_V_1915,sdv-id-MHKiih,Smartphones,782,300.0,1008,SHIP_V_1915,1.606666666666667,12600.0,12418.21,Active,Verified,0.0144,0.240263510185532
SHIP_V_1892,sdv-id-QsGqGO,Solar Panels,981,120.0,705,SHIP_V_1892,7.175,8812.5,8701.71,Active,Verified,0.0126,0.1561547166228741
SHIP_V_1579,sdv-id-BVraDG,Industrial Chemicals,511,50.0,610,SHIP_V_1579,9.22,7625.0,7275.72,Active,Verified,0.0458,0.1739444669183153
SHIP_V_1763,sdv-id-hUhvJD,Solar Panels,14,120.0,1413,SHIP_V_1763,-0.8833333333333333,17662.5,17404.74,Active,Verified,0.0146,0.1176726986350195
SHIP_V_1870,sdv-id-moSRIc,Raw Jute,2156,5.0,329,GHOST_VESSEL_X,430.2,4112.5,0.0,Disconnected,No_Record,1.0,0.866733672058525
SHIP_V_1680,sdv-id-GFbzZL,Industrial Chemicals,1318,50.0,1470,SHIP_V_1680,25.36,18375.0,17980.54,Active,Verified,0.0215,0.1816454184787304
SHIP_V_1480,sdv-id-HfpRjk,Smartphones,1206,300.0,1772,SHIP_V_1480,3.02,22150.0,21093.44,Active,Verified,0.0477,0.1980276057255271
SHIP_V_1688,sdv-id-xLIurQ,Ready-made Garments,51,8.5,883,SHIP_V_1688,5.0,11037.5,10504.56,Active,Verified,0.0483,0.1202505439761151
SHIP_V_1561,sdv-id-VrxNik,Solar Panels,1487,120.0,1234,SHIP_V_1561,11.391666666666667,15425.0,14924.09,Active,Verified,0.0325,0.1439076157830372
SHIP_V_1821,sdv-id-PESuut,Smartphones,2017,300.0,1828,SHIP_V_1821,5.723333333333334,22850.0,22187.41,Active,Verified,0.029,0.1748153868693017
SHIP_V_1821,sdv-id-pXNVpB,Smartphones,968,300.0,289,SHIP_V_1821,2.2266666666666666,3612.5,3525.24,Active,Verified,0.0242,0.2298211334235166
SHIP_V_1905,sdv-id-MKWyOa,Industrial Chemicals,498,50.0,1642,SHIP_V_1905,8.96,20525.0,19706.46,Active,Verified,0.0399,0.1147994604104282
SHIP_V_1030,sdv-id-aRdubk,Smartphones,1391,300.0,224,SHIP_V_1030,3.6366666666666663,2800.0,2726.98,Active,Verified,0.0261,0.1430866950992011
SHIP_V_1964,sdv-id-eafPdB,Raw Jute,623,5.0,827,GHOST_VESSEL_X,123.6,10337.5,0.0,Disconnected,No_Record,1.0,0.866733672058525
SHIP_V_1436,sdv-id-XceEhc,Ready-made Garments,309,8.5,1508,SHIP_V_1436,35.35294117647059,18850.0,17949.76,Active,Verified,0.0478,0.2101571693594962
SHIP_V_1527,sdv-id-RueXJv,Raw Jute,246,5.0,613,SHIP_V_1527,48.2,7662.5,7434.19,Active,Verified,0.0298,0.1404902319998969
SHIP_V_1816,sdv-id-eiHbmP,Industrial Chemicals,321,50.0,1409,SHIP_V_1816,5.42,17612.5,17229.22,Active,Verified,0.0218,0.1035607174092704
SHIP_V_1654,sdv-id-huOiRy,Smartphones,944,300.0,1723,SHIP_V_1654,2.1466666666666665,21537.5,20831.01,Active,Verified,0.0328,0.1232413525293904
SHIP_V_1045,sdv-id-UaapqI,Smartphones,252,300.0,518,SHIP_V_1045,-0.16,6475.0,6404.82,Active,Verified,0.0108,0.1500610456945914
SHIP_V_1333,sdv-id-BmzeTF,Smartphones,631,300.0,995,SHIP_V_1333,1.1033333333333333,12437.5,12129.24,Active,Verified,0.0248,0.2238806882025297
SHIP_V_1837,sdv-id-rwvdcK,Industrial Chemicals,1176,50.0,479,SHIP_V_1837,22.52,5987.5,5744.71,Active,Verified,0.0405,0.2232807526482811
SHIP_V_1478,sdv-id-TIZFWU,Solar Panels,822,120.0,353,SHIP_V_1478,5.85,4412.5,4248.94,Active,Verified,0.0371,0.1816736402478554
SHIP_V_1003,sdv-id-JehOEv,Industrial Chemicals,632,50.0,1736,SHIP_V_1003,11.64,21700.0,20906.13,Active,Verified,0.0366,0.1581573523957477
SHIP_V_1287,sdv-id-bEwGWF,Industrial Chemicals,1618,50.0,1575,SHIP_V_1287,31.36,19687.5,19276.95,Active,Verified,0.0209,0.1078705392873076
SHIP_V_1360,sdv-id-fvlaKy,Ready-made Garments,515,8.5,1641,GHOST_VESSEL_X,59.588235294117645,20512.5,0.0,Disconnected,No_Record,1.0,0.866733672058525
SHIP_V_1633,sdv-id-CcqEJD,Raw Jute,391,5.0,406,GHOST_VESSEL_X,77.2,5075.0,0.0,Disconnected,No_Record,1.0,0.866733672058525
SHIP_V_1098,sdv-id-mQhPoa,Smartphones,319,300.0,777,SHIP_V_1098,0.0633333333333333,9712.5,9372.4,Active,Verified,0.035,0.1551571412172987
SHIP_V_1430,sdv-id-MyKHcq,Smartphones,1830,300.0,1442,SHIP_V_1430,5.1,18025.0,17526.81,Active,Verified,0.0276,0.1666671801288994
SHIP_V_1787,sdv-id-TNrTFB,Smartphones,1725,300.0,898,SHIP_V_1787,4.75,11225.0,10853.71,Active,Verified,0.0331,0.1269359860795723
SHIP_V_1886,sdv-id-impTZF,Industrial Chemicals,600,50.0,381,SHIP_V_1886,11.0,4762.5,4649.13,Active,Verified,0.0238,0.2048153872360901
SHIP_V_1731,sdv-id-bwiVxC,Solar Panels,177,120.0,1559,SHIP_V_1731,0.475,19487.5,18850.88,Active,Verified,0.0327,0.140638819645477
SHIP_V_1836,sdv-id-gFIWPn,Industrial Chemicals,513,50.0,1372,SHIP_V_1836,9.26,17150.0,16941.24,Active,Verified,0.0122,0.2444823672470766
SHIP_V_1364,sdv-id-fQDSdv,Solar Panels,1003,120.0,401,SHIP_V_1364,7.358333333333333,5012.5,4800.26,Active,Verified,0.0423,0.1084939291108639
SHIP_V_1609,sdv-id-xmfFaw,Raw Jute,365,5.0,1893,GHOST_VESSEL_X,72.0,23662.5,0.0,Disconnected,No_Record,1.0,0.866733672058525
SHIP_V_1902,sdv-id-rYjkjq,Ready-made Garments,929,8.5,1506,GHOST_VESSEL_X,108.29411764705884,18825.0,0.0,Disconnected,No_Record,1.0,0.866733672058525
SHIP_V_1663,sdv-id-SFOFjP,Ready-made Garments,1323,8.5,1474,GHOST_VESSEL_X,154.64705882352942,18425.0,0.0,Disconnected,No_Record,1.0,0.866733672058525
SHIP_V_1909,sdv-id-OONogr,Industrial Chemicals,1479,50.0,310,SHIP_V_1909,28.58,3875.0,3693.6,Active,Verified,0.0468,0.1605978006982665
SHIP_V_1333,sdv-id-Bamctx,Ready-made Garments,1484,8.5,1191,GHOST_VESSEL_X,173.58823529411765,14887.5,0.0,Disconnected,No_Record,1.0,0.866733672058525
SHIP_V_1633,sdv-id-JbyJyE,Smartphones,330,300.0,765,SHIP_V_1633,0.1,9562.5,9445.34,Active,Verified,0.0123,0.1163127193674598
SHIP_V_1535,sdv-id-jVBFtJ,Ready-made Garments,55,8.5,1311,SHIP_V_1535,5.470588235294118,16387.5,15893.75,Active,Verified,0.0301,0.2296122418134097
SHIP_V_1702,sdv-id-bUohDO,Raw Jute,1195,5.0,1163,GHOST_VESSEL_X,238.0,14537.5,0.0,Disconnected,No_Record,1.0,0.866733672058525
SHIP_V_1453,sdv-id-BLhMKV,Smartphones,244,300.0,924,SHIP_V_1453,-0.1866666666666666,11550.0,10990.84,Active,Verified,0.0484,0.1867232634360449
SHIP_V_1923,sdv-id-ACPbZe,Ready-made Garments,1000,8.5,224,GHOST_VESSEL_X,116.6470588235294,2800.0,0.0,Disconnected,No_Record,1.0,0.866733672058525
SHIP_V_1762,sdv-id-wOkYSW,Smartphones,548,300.0,1662,SHIP_V_1762,0.8266666666666667,20775.0,19898.25,Active,Verified,0.0422,0.2495035317429196
SHIP_V_1083,sdv-id-pFdJgC,Smartphones,378,300.0,226,SHIP_V_1083,0.26,2825.0,2697.41,Active,Verified,0.0452,0.1904628145216446
SHIP_V_1736,sdv-id-pFWUhn,Industrial Chemicals,301,50.0,1297,SHIP_V_1736,5.02,16212.5,15666.63,Active,Verified,0.0337,0.1305662846119547
SHIP_V_1639,sdv-id-yPnSJh,Ready-made Garments,337,8.5,1191,SHIP_V_1639,38.64705882352941,14887.5,14210.38,Active,Verified,0.0455,0.1631264433517067
SHIP_V_1083,sdv-id-OsvJnS,Smartphones,426,300.0,1253,SHIP_V_1083,0.42,15662.5,15423.61,Active,Verified,0.0153,0.1323814197061208
SHIP_V_1202,sdv-id-rbYXbk,Raw Jute,80,5.0,1912,SHIP_V_1202,15.0,23900.0,23360.14,Active,Verified,0.0226,0.1635407087990091
SHIP_V_1100,sdv-id-psMCdM,Industrial Chemicals,32,50.0,298,SHIP_V_1100,-0.36,3725.0,3594.06,Active,Verified,0.0352,0.2039791745227838
SHIP_V_1460,sdv-id-ujzcXc,Smartphones,686,300.0,277,SHIP_V_1460,1.2866666666666666,3462.5,3328.6,Active,Verified,0.0387,0.1860597400478795
SHIP_V_1223,sdv-id-EuVgiI,Smartphones,344,300.0,1888,SHIP_V_1223,0.1466666666666666,23600.0,22586.87,Active,Verified,0.0429,0.2155074475894367
SHIP_V_1423,sdv-id-aUAnCU,Solar Panels,1292,120.0,125,SHIP_V_1423,9.766666666666667,1562.5,1512.78,Active,Verified,0.0318,0.1046158625431506
SHIP_V_1915,sdv-id-PBAvww,Smartphones,366,300.0,353,SHIP_V_1915,0.22,4412.5,4222.7,Active,Verified,0.043,0.2446415801897612
SHIP_V_1808,sdv-id-deinta,Smartphones,50,300.0,535,SHIP_V_1808,-0.8333333333333334,6687.5,6527.47,Active,Verified,0.0239,0.2384403931317886
SHIP_V_1022,sdv-id-kNGxod,Industrial Chemicals,1227,50.0,917,SHIP_V_1022,23.54,11462.5,10981.16,Active,Verified,0.042,0.16938222633747
SHIP_V_1925,sdv-id-VYfvuQ,Industrial Chemicals,734,50.0,181,SHIP_V_1925,13.68,2262.5,2236.06,Active,Verified,0.0117,0.2392650647615873
SHIP_V_1373,sdv-id-OTCRWg,Raw Jute,570,5.0,703,GHOST_VESSEL_X,113.0,8787.5,0.0,Disconnected,No_Record,1.0,0.866733672058525
SHIP_V_1779,sdv-id-gpQJLv,Industrial Chemicals,109,50.0,560,SHIP_V_1779,1.18,7000.0,6680.69,Active,Verified,0.0456,0.1031373939663893
SHIP_V_1181,sdv-id-woFLki,Raw Jute,105,5.0,1271,SHIP_V_1181,20.0,15887.5,15551.07,Active,Verified,0.0212,0.2051690290290233
SHIP_V_1646,sdv-id-JYxfDM,Raw Jute,777,5.0,953,GHOST_VESSEL_X,154.4,11912.5,0.0,Disconnected,No_Record,1.0,0.866733672058525
SHIP_V_1863,sdv-id-ypryUw,Smartphones,722,300.0,500,SHIP_V_1863,1.4066666666666667,6250.0,6008.47,Active,Verified,0.0386,0.1327690357822578
SHIP_V_1103,sdv-id-tOujUG,Solar Panels,808,120.0,506,SHIP_V_1103,5.733333333333333,6325.0,6236.45,Active,Verified,0.014,0.1430322126670172
SHIP_V_1538,sdv-id-LSGXnr,Ready-made Garments,963,8.5,1272,GHOST_VESSEL_X,112.29411764705884,15900.0,0.0,Disconnected,No_Record,1.0,0.866733672058525
SHIP_V_1020,sdv-id-CQTrmL,Raw Jute,2104,5.0,313,GHOST_VESSEL_X,419.8,3912.5,0.0,Disconnected,No_Record,1.0,0.866733672058525
SHIP_V_1298,sdv-id-BMJryh,Smartphones,606,300.0,1513,SHIP_V_1298,1.02,18912.5,18258.32,Active,Verified,0.0346,0.2227857512579312
SHIP_V_1415,sdv-id-YEwhZq,Raw Jute,1262,5.0,818,GHOST_VESSEL_X,251.4,10225.0,0.0,Disconnected,No_Record,1.0,0.866733672058525
SHIP_V_1537,sdv-id-FpDtaj,Smartphones,567,300.0,1181,SHIP_V_1537,0.89,14762.5,14350.8,Active,Verified,0.0279,0.1658211191787639
SHIP_V_1833,sdv-id-asCCMm,Solar Panels,447,120.0,459,SHIP_V_1833,2.725,5737.5,5527.75,Active,Verified,0.0366,0.2251795967675532
SHIP_V_1425,sdv-id-TCOMkb,Smartphones,1864,300.0,924,SHIP_V_1425,5.213333333333333,11550.0,11230.39,Active,Verified,0.0277,0.2486064018122647
SHIP_V_1922,sdv-id-MEWnHO,Ready-made Garments,547,8.5,880,GHOST_VESSEL_X,63.35294117647059,11000.0,0.0,Disconnected,No_Record,1.0,0.866733672058525
SHIP_V_1082,sdv-id-JUZWLP,Ready-made Garments,1235,8.5,689,GHOST_VESSEL_X,144.2941176470588,8612.5,0.0,Disconnected,No_Record,1.0,0.866733672058525
SHIP_V_1634,sdv-id-CzWHOv,Ready-made Garments,1277,8.5,228,GHOST_VESSEL_X,149.23529411764707,2850.0,0.0,Disconnected,No_Record,1.0,0.866733672058525
SHIP_V_1990,sdv-id-OztPcP,Raw Jute,336,5.0,270,GHOST_VESSEL_X,66.2,3375.0,0.0,Disconnected,No_Record,1.0,0.866733672058525
SHIP_V_1708,sdv-id-VScAem,Industrial Chemicals,442,50.0,233,SHIP_V_1708,7.84,2912.5,2809.94,Active,Verified,0.0352,0.2057926392326849
SHIP_V_1386,sdv-id-dsDtWF,Solar Panels,739,120.0,237,SHIP_V_1386,5.158333333333333,2962.5,2818.71,Active,Verified,0.0485,0.1111341508118002
SHIP_V_1715,sdv-id-WPIogr,Solar Panels,204,120.0,1390,SHIP_V_1715,0.7,17375.0,16610.87,Active,Verified,0.044,0.1166357479334184
SHIP_V_1864,sdv-id-LNxMVO,Smartphones,372,300.0,1082,SHIP_V_1864,0.24,13525.0,13033.9,Active,Verified,0.0363,0.2353397489931511
SHIP_V_1875,sdv-id-qnBNdV,Smartphones,328,300.0,388,SHIP_V_1875,0.0933333333333333,4850.0,4720.62,Active,Verified,0.0267,0.2361554112894612
SHIP_V_1618,sdv-id-vMZbeN,Ready-made Garments,1461,8.5,525,GHOST_VESSEL_X,170.88235294117646,6562.5,0.0,Disconnected,No_Record,1.0,0.866733672058525
SHIP_V_1563,sdv-id-ercrfB,Ready-made Garments,406,8.5,1329,SHIP_V_1563,46.76470588235294,16612.5,16218.55,Active,Verified,0.0237,0.1927129756791853
SHIP_V_1420,sdv-id-BZlDTH,Industrial Chemicals,1645,50.0,491,SHIP_V_1420,31.9,6137.5,5914.41,Active,Verified,0.0363,0.136065397489744
SHIP_V_1618,sdv-id-uYgwdQ,Industrial Chemicals,568,50.0,829,SHIP_V_1618,10.36,10362.5,9930.98,Active,Verified,0.0416,0.1804105613803218
SHIP_V_1614,sdv-id-qDfkyB,Smartphones,1163,300.0,985,SHIP_V_1614,2.8766666666666665,12312.5,11741.78,Active,Verified,0.0464,0.1067949337371513
SHIP_V_1853,sdv-id-cXfYAJ,Raw Jute,1192,5.0,193,GHOST_VESSEL_X,237.4,2412.5,0.0,Disconnected,No_Record,1.0,0.866733672058525
SHIP_V_1980,sdv-id-JZcJBO,Ready-made Garments,238,8.5,456,SHIP_V_1980,27.0,5700.0,5456.44,Active,Verified,0.0427,0.1875765447098229
SHIP_V_1347,sdv-id-lWDLqA,Solar Panels,121,120.0,1696,SHIP_V_1347,0.0083333333333333,21200.0,20642.12,Active,Verified,0.0263,0.1291068482186192
SHIP_V_1359,sdv-id-lgvVqq,Industrial Chemicals,765,50.0,1308,SHIP_V_1359,14.3,16350.0,15960.27,Active,Verified,0.0238,0.1416781539538271
SHIP_V_1139,sdv-id-EBQfce,Ready-made Garments,457,8.5,1571,SHIP_V_1139,52.76470588235294,19637.5,19245.36,Active,Verified,0.02,0.1618721956605919
SHIP_V_1985,sdv-id-skmAkE,Ready-made Garments,630,8.5,1405,GHOST_VESSEL_X,73.11764705882354,17562.5,0.0,Disconnected,No_Record,1.0,0.866733672058525
SHIP_V_1721,sdv-id-wnresg,Raw Jute,293,5.0,222,GHOST_VESSEL_X,57.6,2775.0,0.0,Disconnected,No_Record,1.0,0.866733672058525
SHIP_V_1665,sdv-id-EdNdJe,Raw Jute,692,5.0,1524,GHOST_VESSEL_X,137.4,19050.0,0.0,Disconnected,No_Record,1.0,0.866733672058525
SHIP_V_1972,sdv-id-DFBioH,Smartphones,441,300.0,618,SHIP_V_1972,0.47,7725.0,7370.01,Active,Verified,0.046,0.1345268028535118
SHIP_V_1286,sdv-id-QCnVTS,Industrial Chemicals,148,50.0,933,SHIP_V_1286,1.96,11662.5,11338.19,Active,Verified,0.0278,0.2173791264369321
SHIP_V_1706,sdv-id-MaolnB,Ready-made Garments,733,8.5,1581,GHOST_VESSEL_X,85.23529411764706,19762.5,0.0,Disconnected,No_Record,1.0,0.866733672058525
SHIP_V_1932,sdv-id-fCHjGv,Raw Jute,78,5.0,1702,SHIP_V_1932,14.6,21275.0,20530.71,Active,Verified,0.035,0.1515988558653374
SHIP_V_1207,sdv-id-ytKgAN,Smartphones,10,300.0,705,SHIP_V_1207,-0.9666666666666668,8812.5,8423.48,Active,Verified,0.0441,0.2255655668246193
SHIP_V_1408,sdv-id-AbSZGm,Raw Jute,749,5.0,1399,GHOST_VESSEL_X,148.8,17487.5,0.0,Disconnected,No_Record,1.0,0.866733672058525
SHIP_V_1033,sdv-id-cMLrba,Ready-made Garments,479,8.5,1325,GHOST_VESSEL_X,55.35294117647059,16562.5,0.0,Disconnected,No_Record,1.0,0.866733672058525
SHIP_V_1129,sdv-id-ApbMdG,Raw Jute,191,5.0,1754,SHIP_V_1129,37.2,21925.0,20838.35,Active,Verified,0.0496,0.1506072494362751
SHIP_V_1202,sdv-id-coFArQ,Ready-made Garments,468,8.5,105,SHIP_V_1202,54.05882352941177,1312.5,1265.34,Active,Verified,0.0359,0.1369401911132569
SHIP_V_1731,sdv-id-LOWSbr,Smartphones,1627,300.0,144,SHIP_V_1731,4.423333333333333,1800.0,1724.13,Active,Verified,0.0421,0.1184242332266937
SHIP_V_1313,sdv-id-pQwtsR,Industrial Chemicals,1247,50.0,1044,SHIP_V_1313,23.94,13050.0,12561.57,Active,Verified,0.0374,0.1820324211348657
SHIP_V_1486,sdv-id-QWluvX,Industrial Chemicals,2911,50.0,450,GHOST_VESSEL_X,57.22,5625.0,0.0,Disconnected,No_Record,1.0,0.866733672058525
SHIP_V_1584,sdv-id-qkzSIv,Solar Panels,768,120.0,684,SHIP_V_1584,5.4,8550.0,8380.34,Active,Verified,0.0198,0.1464931483290934
SHIP_V_1775,sdv-id-fGdpKt,Industrial Chemicals,1168,50.0,609,SHIP_V_1775,22.36,7612.5,7503.28,Active,Verified,0.0143,0.1386056929419399
SHIP_V_1696,sdv-id-eYUXsQ,Ready-made Garments,1441,8.5,1325,GHOST_VESSEL_X,168.52941176470588,16562.5,0.0,Disconnected,No_Record,1.0,0.866733672058525
SHIP_V_1663,sdv-id-CxfkID,Solar Panels,115,120.0,1999,SHIP_V_1663,-0.0416666666666666,24987.5,24491.22,Active,Verified,0.0199,0.2038300819011552
SHIP_V_1447,sdv-id-ytzrII,Smartphones,1297,300.0,1501,SHIP_V_1447,3.3233333333333333,18762.5,18247.21,Active,Verified,0.0275,0.2065342562626495
SHIP_V_1586,sdv-id-aVVCGj,Solar Panels,470,120.0,872,SHIP_V_1586,2.9166666666666665,10900.0,10387.0,Active,Verified,0.0471,0.2463896867226196
SHIP_V_1802,sdv-id-ROuPCB,Smartphones,1337,300.0,138,SHIP_V_1802,3.4566666666666666,1725.0,1644.3,Active,Verified,0.0468,0.1657607633705963
SHIP_V_1306,sdv-id-eHMRsR,Ready-made Garments,680,8.5,563,GHOST_VESSEL_X,79.0,7037.5,0.0,Disconnected,No_Record,1.0,0.866733672058525
SHIP_V_1562,sdv-id-Ypifpi,Industrial Chemicals,590,50.0,825,SHIP_V_1562,10.8,10312.5,9897.24,Active,Verified,0.0403,0.217904673982
SHIP_V_1467,sdv-id-knqeql,Smartphones,1835,300.0,1801,SHIP_V_1467,5.116666666666666,22512.5,21428.49,Active,Verified,0.0482,0.1406009653412113
SHIP_V_1679,sdv-id-HgQSwn,Industrial Chemicals,77,50.0,1886,SHIP_V_1679,0.54,23575.0,23150.22,Active,Verified,0.018,0.1949908995361306
SHIP_V_1288,sdv-id-jxMjqN,Solar Panels,707,120.0,1215,SHIP_V_1288,4.891666666666667,15187.5,14610.35,Active,Verified,0.038,0.2002891819791915
SHIP_V_1837,sdv-id-mdlSaR,Smartphones,425,300.0,272,SHIP_V_1837,0.4166666666666667,3400.0,3260.71,Active,Verified,0.041,0.1880983002887177
SHIP_V_1193,sdv-id-hrpEpB,Smartphones,274,300.0,1647,SHIP_V_1193,-0.0866666666666666,20587.5,20119.58,Active,Verified,0.0227,0.241247051106675
SHIP_V_1824,sdv-id-fgKhsd,Smartphones,648,300.0,816,SHIP_V_1824,1.16,10200.0,9738.87,Active,Verified,0.0452,0.248335783759726
SHIP_V_1005,sdv-id-nmkSKa,Solar Panels,2027,120.0,191,SHIP_V_1005,15.891666666666667,2387.5,2341.49,Active,Verified,0.0193,0.1906740188607074
SHIP_V_1089,sdv-id-NQuxTu,Raw Jute,480,5.0,589,GHOST_VESSEL_X,95.0,7362.5,0.0,Disconnected,No_Record,1.0,0.866733672058525
SHIP_V_1576,sdv-id-GqkkVh,Raw Jute,524,5.0,1387,GHOST_VESSEL_X,103.8,17337.5,0.0,Disconnected,No_Record,1.0,0.866733672058525
SHIP_V_1442,sdv-id-YhHrRL,Solar Panels,162,120.0,1635,SHIP_V_1442,0.35,20437.5,19763.93,Active,Verified,0.033,0.154868290850163
SHIP_V_1846,sdv-id-hmigQH,Industrial Chemicals,369,50.0,849,SHIP_V_1846,6.38,10612.5,10197.4,Active,Verified,0.0391,0.1813498126126957
SHIP_V_1494,sdv-id-UDLtph,Smartphones,980,300.0,785,SHIP_V_1494,2.2666666666666666,9812.5,9404.54,Active,Verified,0.0416,0.1387761624291001
SHIP_V_1341,sdv-id-UkekNW,Smartphones,225,300.0,665,SHIP_V_1341,-0.25,8312.5,7964.58,Active,Verified,0.0419,0.2118703492542826
SHIP_V_1987,sdv-id-qTfUlX,Ready-made Garments,954,8.5,961,GHOST_VESSEL_X,111.23529411764706,12012.5,0.0,Disconnected,No_Record,1.0,0.866733672058525
SHIP_V_1851,sdv-id-yvMgBa,Raw Jute,847,5.0,553,GHOST_VESSEL_X,168.4,6912.5,0.0,Disconnected,No_Record,1.0,0.866733672058525
SHIP_V_1797,sdv-id-SbNpDv,Smartphones,1156,300.0,649,SHIP_V_1797,2.8533333333333335,8112.5,7944.84,Active,Verified,0.0207,0.2228081173270354
SHIP_V_1232,sdv-id-arSwBf,Solar Panels,5,120.0,347,SHIP_V_1232,-0.9583333333333334,4337.5,4281.1,Active,Verified,0.013,0.1310282144970599
SHIP_V_1834,sdv-id-fvWGRC,Industrial Chemicals,594,50.0,940,SHIP_V_1834,10.88,11750.0,11428.83,Active,Verified,0.0273,0.2399206445969537
SHIP_V_1706,sdv-id-YdvaTo,Industrial Chemicals,1458,50.0,1435,SHIP_V_1706,28.16,17937.5,17265.68,Active,Verified,0.0375,0.1984213638856019
SHIP_V_1645,sdv-id-dlpxti,Smartphones,418,300.0,1637,SHIP_V_1645,0.3933333333333333,20462.5,19672.78,Active,Verified,0.0386,0.1537136306979593
SHIP_V_1497,sdv-id-LZQVfZ,Industrial Chemicals,228,50.0,882,SHIP_V_1497,3.56,11025.0,10586.53,Active,Verified,0.0398,0.243469182868356
SHIP_V_1499,sdv-id-BIrKDo,Raw Jute,991,5.0,1354,GHOST_VESSEL_X,197.2,16925.0,0.0,Disconnected,No_Record,1.0,0.866733672058525
SHIP_V_1564,sdv-id-DWMgoy,Solar Panels,611,120.0,1927,SHIP_V_1564,4.091666666666667,24087.5,23033.33,Active,Verified,0.0438,0.2434960861470484
SHIP_V_1071,sdv-id-hGfwdM,Ready-made Garments,690,8.5,255,GHOST_VESSEL_X,80.17647058823529,3187.5,0.0,Disconnected,No_Record,1.0,0.866733672058525
SHIP_V_1375,sdv-id-LtRKiF,Ready-made Garments,1559,8.5,798,GHOST_VESSEL_X,182.41176470588235,9975.0,0.0,Disconnected,No_Record,1.0,0.866733672058525
SHIP_V_1504,sdv-id-LDvleU,Solar Panels,264,120.0,431,SHIP_V_1504,1.2,5387.5,5163.6,Active,Verified,0.0416,0.1632191557837528
SHIP_V_1822,sdv-id-lQwCAs,Raw Jute,480,5.0,1612,GHOST_VESSEL_X,95.0,20150.0,0.0,Disconnected,No_Record,1.0,0.866733672058525
SHIP_V_1798,sdv-id-ZJwaZW,Smartphones,287,300.0,1841,SHIP_V_1798,-0.0433333333333333,23012.5,22075.43,Active,Verified,0.0407,0.128263898542725
SHIP_V_1113,sdv-id-ogRxWd,Raw Jute,1341,5.0,555,GHOST_VESSEL_X,267.2,6937.5,0.0,Disconnected,No_Record,1.0,0.866733672058525
SHIP_V_1605,sdv-id-YsKCYb,Industrial Chemicals,502,50.0,787,SHIP_V_1605,9.04,9837.5,9700.74,Active,Verified,0.0139,0.240147209326633
SHIP_V_1442,sdv-id-qVbaYJ,Raw Jute,864,5.0,1010,GHOST_VESSEL_X,171.8,12625.0,0.0,Disconnected,No_Record,1.0,0.866733672058525
SHIP_V_1517,sdv-id-jhyIFy,Ready-made Garments,116,8.5,1781,SHIP_V_1517,12.647058823529411,22262.5,21357.24,Active,Verified,0.0407,0.2431851438254215
SHIP_V_1839,sdv-id-nBNQcC,Solar Panels,442,120.0,1389,SHIP_V_1839,2.683333333333333,17362.5,16845.28,Active,Verified,0.0298,0.1628359106336799
SHIP_V_1221,sdv-id-TgQKcW,Raw Jute,370,5.0,200,GHOST_VESSEL_X,73.0,2500.0,0.0,Disconnected,No_Record,1.0,0.866733672058525
SHIP_V_1695,sdv-id-pCEvoK,Ready-made Garments,1227,8.5,1203,GHOST_VESSEL_X,143.35294117647058,15037.5,0.0,Disconnected,No_Record,1.0,0.866733672058525
SHIP_V_1377,sdv-id-ZoaUdJ,Raw Jute,1084,5.0,1459,GHOST_VESSEL_X,215.8,18237.5,0.0,Disconnected,No_Record,1.0,0.866733672058525
SHIP_V_1744,sdv-id-zwwPBg,Industrial Chemicals,2223,50.0,334,SHIP_V_1744,43.46,4175.0,4119.34,Active,Verified,0.0133,0.1219696089219875
SHIP_V_1233,sdv-id-ylHTsG,Industrial Chemicals,19,50.0,1415,SHIP_V_1233,-0.62,17687.5,17363.45,Active,Verified,0.0183,0.2468483586063795
SHIP_V_1921,sdv-id-OibFlO,Industrial Chemicals,391,50.0,1036,SHIP_V_1921,6.82,12950.0,12429.9,Active,Verified,0.0402,0.1133069678588254
SHIP_V_1204,sdv-id-TYchEA,Industrial Chemicals,728,50.0,1939,SHIP_V_1204,13.56,24237.5,23355.5,Active,Verified,0.0364,0.2416986984156924
SHIP_V_1503,sdv-id-wITmve,Industrial Chemicals,1486,50.0,1087,SHIP_V_1503,28.72,13587.5,12958.18,Active,Verified,0.0463,0.1205433038807223
SHIP_V_1804,sdv-id-uoVCDG,Smartphones,121,300.0,244,SHIP_V_1804,-0.5966666666666667,3050.0,2949.93,Active,Verified,0.0328,0.1950443646082828
SHIP_V_1392,sdv-id-ghslGK,Ready-made Garments,1434,8.5,887,GHOST_VESSEL_X,167.7058823529412,11087.5,0.0,Disconnected,No_Record,1.0,0.866733672058525
SHIP_V_1324,sdv-id-FwotEB,Industrial Chemicals,1676,50.0,473,SHIP_V_1324,32.52,5912.5,5691.76,Active,Verified,0.0373,0.2214349259295489
SHIP_V_1946,sdv-id-lkMiss,Smartphones,624,300.0,1720,SHIP_V_1946,1.08,21500.0,20425.83,Active,Verified,0.05,0.1164293338420912
SHIP_V_1996,sdv-id-UomuJE,Smartphones,2030,300.0,1356,SHIP_V_1996,5.766666666666667,16950.0,16261.68,Active,Verified,0.0406,0.1803487417259252
SHIP_V_1150,sdv-id-xeRzIn,Industrial Chemicals,571,50.0,1029,SHIP_V_1150,10.42,12862.5,12440.73,Active,Verified,0.0328,0.1464805766286322
SHIP_V_1326,sdv-id-qRjubz,Industrial Chemicals,11,50.0,975,SHIP_V_1326,-0.78,12187.5,11675.38,Active,Verified,0.042,0.1086824108622057
SHIP_V_1825,sdv-id-HMFZxF,Ready-made Garments,1145,8.5,1456,GHOST_VESSEL_X,133.7058823529412,18200.0,0.0,Disconnected,No_Record,1.0,0.866733672058525
SHIP_V_1853,sdv-id-zOTyfw,Ready-made Garments,263,8.5,1253,SHIP_V_1853,29.941176470588236,15662.5,15459.89,Active,Verified,0.0129,0.1286941431948266
SHIP_V_1701,sdv-id-ePSSNs,Industrial Chemicals,2073,50.0,1866,SHIP_V_1701,40.46,23325.0,23010.05,Active,Verified,0.0135,0.1177491441648367
SHIP_V_1231,sdv-id-uDzCFi,Raw Jute,119,5.0,1323,SHIP_V_1231,22.8,16537.5,15953.66,Active,Verified,0.0353,0.1973782914621681
SHIP_V_1138,sdv-id-nHoojQ,Solar Panels,230,120.0,476,SHIP_V_1138,0.9166666666666666,5950.0,5761.37,Active,Verified,0.0317,0.2103184828961852
SHIP_V_1861,sdv-id-ZVmGXs,Solar Panels,738,120.0,1292,SHIP_V_1861,5.15,16150.0,15695.47,Active,Verified,0.0281,0.1337670933192538
SHIP_V_1759,sdv-id-uehKqs,Raw Jute,1819,5.0,127,GHOST_VESSEL_X,362.8,1587.5,0.0,Disconnected,No_Record,1.0,0.866733672058525
SHIP_V_1235,sdv-id-IWVLQB,Raw Jute,1373,5.0,1889,GHOST_VESSEL_X,273.6,23612.5,0.0,Disconnected,No_Record,1.0,0.866733672058525
SHIP_V_1676,sdv-id-tFjbCs,Smartphones,775,300.0,1354,SHIP_V_1676,1.5833333333333333,16925.0,16090.76,Active,Verified,0.0493,0.1043046463775556
SHIP_V_1769,sdv-id-bGmrtF,Ready-made Garments,1014,8.5,164,GHOST_VESSEL_X,118.29411764705884,2050.0,0.0,Disconnected,No_Record,1.0,0.866733672058525
SHIP_V_1782,sdv-id-KSQKId,Raw Jute,1137,5.0,345,GHOST_VESSEL_X,226.4,4312.5,0.0,Disconnected,No_Record,1.0,0.866733672058525
SHIP_V_1840,sdv-id-jOpKSt,Industrial Chemicals,1559,50.0,1831,SHIP_V_1840,30.18,22887.5,22630.92,Active,Verified,0.0112,0.113833712860858
SHIP_V_1299,sdv-id-FSimAy,Industrial Chemicals,180,50.0,1938,SHIP_V_1299,2.6,24225.0,23854.36,Active,Verified,0.0153,0.1960984074116309
SHIP_V_1452,sdv-id-hMyfoj,Smartphones,834,300.0,894,SHIP_V_1452,1.78,11175.0,10860.58,Active,Verified,0.0281,0.1297895124313329
SHIP_V_1161,sdv-id-iopOph,Smartphones,853,300.0,1118,SHIP_V_1161,1.8433333333333333,13975.0,13702.38,Active,Verified,0.0195,0.1147118972979298
SHIP_V_1498,sdv-id-PIElCI,Ready-made Garments,187,8.5,1114,SHIP_V_1498,21.0,13925.0,13397.87,Active,Verified,0.0379,0.1619914529445605
SHIP_V_1185,sdv-id-DHlvKD,Industrial Chemicals,1124,50.0,1872,SHIP_V_1185,21.48,23400.0,22658.98,Active,Verified,0.0317,0.2496073782631794
SHIP_V_1702,sdv-id-DzVbYR,Raw Jute,1920,5.0,291,GHOST_VESSEL_X,383.0,3637.5,0.0,Disconnected,No_Record,1.0,0.866733672058525
SHIP_V_1255,sdv-id-diGFaq,Ready-made Garments,72,8.5,1203,SHIP_V_1255,7.470588235294118,15037.5,14517.34,Active,Verified,0.0346,0.1685111171057797
SHIP_V_1959,sdv-id-aPGJEs,Industrial Chemicals,1642,50.0,425,SHIP_V_1959,31.84,5312.5,5138.53,Active,Verified,0.0327,0.1634431925713612
SHIP_V_1694,sdv-id-jehuYX,Industrial Chemicals,762,50.0,1732,SHIP_V_1694,14.24,21650.0,20738.13,Active,Verified,0.0421,0.1289447899832183
SHIP_V_1806,sdv-id-xnnxeu,Raw Jute,1689,5.0,1195,GHOST_VESSEL_X,336.8,14937.5,0.0,Disconnected,No_Record,1.0,0.866733672058525
SHIP_V_1500,sdv-id-NhMNlR,Industrial Chemicals,951,50.0,426,SHIP_V_1500,18.02,5325.0,5206.88,Active,Verified,0.0222,0.1340276124173299
SHIP_V_1263,sdv-id-dIjZeZ,Smartphones,1146,300.0,512,SHIP_V_1263,2.82,6400.0,6278.46,Active,Verified,0.019,0.1827382098090534
SHIP_V_1243,sdv-id-ZQgIfq,Smartphones,353,300.0,480,SHIP_V_1243,0.1766666666666666,6000.0,5839.84,Active,Verified,0.0267,0.2457585945072999
SHIP_V_1312,sdv-id-YbtvMD,Raw Jute,755,5.0,1498,GHOST_VESSEL_X,150.0,18725.0,0.0,Disconnected,No_Record,1.0,0.866733672058525
SHIP_V_1900,sdv-id-AlQTFx,Raw Jute,157,5.0,446,SHIP_V_1900,30.4,5575.0,5391.26,Active,Verified,0.033,0.1211958419454603
SHIP_V_1504,sdv-id-maiVfq,Industrial Chemicals,1112,50.0,544,SHIP_V_1504,21.24,6800.0,6721.04,Active,Verified,0.0116,0.1327127452168962
SHIP_V_1859,sdv-id-WGJOpL,Industrial Chemicals,125,50.0,257,SHIP_V_1859,1.5,3212.5,3137.73,Active,Verified,0.0233,0.2122371441968893
SHIP_V_1906,sdv-id-yDJSgR,Raw Jute,629,5.0,462,GHOST_VESSEL_X,124.8,5775.0,0.0,Disconnected,No_Record,1.0,0.866733672058525
SHIP_V_1100,sdv-id-ofPSAW,Industrial Chemicals,710,50.0,1735,SHIP_V_1100,13.2,21687.5,20710.37,Active,Verified,0.0451,0.1253710060402811
SHIP_V_1513,sdv-id-gqATmA,Ready-made Garments,958,8.5,1348,GHOST_VESSEL_X,111.70588235294116,16850.0,0.0,Disconnected,No_Record,1.0,0.866733672058525
SHIP_V_1414,sdv-id-oBGgDR,Solar Panels,1544,120.0,1508,SHIP_V_1414,11.866666666666667,18850.0,18307.9,Active,Verified,0.0288,0.2111483403478505
SHIP_V_1206,sdv-id-dHzlwB,Industrial Chemicals,534,50.0,1198,SHIP_V_1206,9.68,14975.0,14601.63,Active,Verified,0.0249,0.1196882939009034
SHIP_V_1459,sdv-id-fllEaz,Ready-made Garments,678,8.5,1283,GHOST_VESSEL_X,78.76470588235294,16037.5,0.0,Disconnected,No_Record,1.0,0.866733672058525
SHIP_V_1715,sdv-id-nEYqlX,Industrial Chemicals,836,50.0,541,SHIP_V_1715,15.72,6762.5,6472.83,Active,Verified,0.0428,0.1549314712661421
SHIP_V_1727,sdv-id-RJYnkp,Solar Panels,1170,120.0,273,SHIP_V_1727,8.75,3412.5,3373.77,Active,Verified,0.0113,0.1197703533330609
SHIP_V_1085,sdv-id-GWeMRt,Ready-made Garments,312,8.5,922,SHIP_V_1085,35.705882352941174,11525.0,10989.49,Active,Verified,0.0465,0.2006549266676224
SHIP_V_1748,sdv-id-axwmNN,Raw Jute,2325,5.0,450,GHOST_VESSEL_X,464.0,5625.0,0.0,Disconnected,No_Record,1.0,0.866733672058525
SHIP_V_1875,sdv-id-wpCiOP,Industrial Chemicals,187,50.0,1019,SHIP_V_1875,2.74,12737.5,12162.67,Active,Verified,0.0451,0.1059619510676772
SHIP_V_1586,sdv-id-kdPluK,Industrial Chemicals,1799,50.0,927,SHIP_V_1586,34.98,11587.5,11433.54,Active,Verified,0.0133,0.1599114598227423
SHIP_V_1229,sdv-id-gWcwer,Raw Jute,554,5.0,461,GHOST_VESSEL_X,109.8,5762.5,0.0,Disconnected,No_Record,1.0,0.866733672058525
SHIP_V_1101,sdv-id-egixot,Raw Jute,452,5.0,1947,GHOST_VESSEL_X,89.4,24337.5,0.0,Disconnected,No_Record,1.0,0.866733672058525
SHIP_V_1184,sdv-id-HelOUe,Solar Panels,786,120.0,966,SHIP_V_1184,5.55,12075.0,11603.65,Active,Verified,0.039,0.2054211679582782
SHIP_V_1145,sdv-id-mdwcSq,Smartphones,407,300.0,1739,SHIP_V_1145,0.3566666666666667,21737.5,21177.29,Active,Verified,0.0258,0.2247016827083926
SHIP_V_1694,sdv-id-tdqDgg,Industrial Chemicals,401,50.0,696,SHIP_V_1694,7.02,8700.0,8586.29,Active,Verified,0.0131,0.1329851360611308
SHIP_V_1988,sdv-id-SXvdoF,Ready-made Garments,1208,8.5,1584,GHOST_VESSEL_X,141.11764705882354,19800.0,0.0,Disconnected,No_Record,1.0,0.866733672058525
SHIP_V_1998,sdv-id-KJHpTL,Ready-made Garments,319,8.5,1163,SHIP_V_1998,36.52941176470589,14537.5,14047.78,Active,Verified,0.0337,0.1840742115730363
SHIP_V_1059,sdv-id-jyjSSa,Industrial Chemicals,1984,50.0,1059,SHIP_V_1059,38.68,13237.5,12705.89,Active,Verified,0.0402,0.2011785344696417
SHIP_V_1203,sdv-id-zBnEJw,Solar Panels,766,120.0,920,SHIP_V_1203,5.383333333333334,11500.0,11202.85,Active,Verified,0.0258,0.1877866707849204
SHIP_V_1451,sdv-id-qROWPS,Ready-made Garments,894,8.5,1472,GHOST_VESSEL_X,104.17647058823528,18400.0,0.0,Disconnected,No_Record,1.0,0.866733672058525
SHIP_V_1690,sdv-id-AgiqCL,Ready-made Garments,596,8.5,118,GHOST_VESSEL_X,69.11764705882354,1475.0,0.0,Disconnected,No_Record,1.0,0.866733672058525
SHIP_V_1953,sdv-id-oFeRaa,Solar Panels,166,120.0,258,SHIP_V_1953,0.3833333333333333,3225.0,3152.98,Active,Verified,0.0223,0.1150310513384287
SHIP_V_1964,sdv-id-yBTBbd,Ready-made Garments,1080,8.5,646,GHOST_VESSEL_X,126.05882352941175,8075.0,0.0,Disconnected,No_Record,1.0,0.866733672058525
SHIP_V_1599,sdv-id-oVrcyC,Raw Jute,295,5.0,1948,GHOST_VESSEL_X,58.0,24350.0,0.0,Disconnected,No_Record,1.0,0.866733672058525
SHIP_V_1168,sdv-id-UtgITZ,Smartphones,1084,300.0,467,SHIP_V_1168,2.6133333333333333,5837.5,5694.07,Active,Verified,0.0246,0.1341013836807214
SHIP_V_1753,sdv-id-nDANLa,Smartphones,1047,300.0,1827,SHIP_V_1753,2.49,22837.5,22249.89,Active,Verified,0.0257,0.2288881878232555
SHIP_V_1831,sdv-id-WxHNBc,Industrial Chemicals,220,50.0,624,SHIP_V_1831,3.4,7800.0,7694.72,Active,Verified,0.0135,0.1310201846231218
SHIP_V_1197,sdv-id-pFJLOI,Raw Jute,258,5.0,1034,SHIP_V_1197,50.6,12925.0,12592.83,Active,Verified,0.0257,0.1088935684682631
SHIP_V_1044,sdv-id-yHstkJ,Raw Jute,533,5.0,382,GHOST_VESSEL_X,105.6,4775.0,0.0,Disconnected,No_Record,1.0,0.866733672058525
SHIP_V_1838,sdv-id-PEcgaB,Solar Panels,1272,120.0,1759,SHIP_V_1838,9.6,21987.5,21399.5,Active,Verified,0.0267,0.1125714803820876
SHIP_V_1262,sdv-id-GidcpT,Solar Panels,500,120.0,947,SHIP_V_1262,3.1666666666666665,11837.5,11271.84,Active,Verified,0.0478,0.209991446295487
SHIP_V_1493,sdv-id-gXSzQD,Smartphones,815,300.0,812,SHIP_V_1493,1.7166666666666666,10150.0,9765.95,Active,Verified,0.0378,0.237181610843531
SHIP_V_1840,sdv-id-XFXOzV,Industrial Chemicals,1480,50.0,851,SHIP_V_1840,28.6,10637.5,10278.79,Active,Verified,0.0337,0.2077702983934133
SHIP_V_1203,sdv-id-PuPZeY,Industrial Chemicals,464,50.0,1986,SHIP_V_1203,8.28,24825.0,23643.25,Active,Verified,0.0476,0.138417056624379
SHIP_V_1322,sdv-id-HIIRNy,Industrial Chemicals,361,50.0,109,SHIP_V_1322,6.22,1362.5,1308.46,Active,Verified,0.0397,0.2129373749519093
SHIP_V_1608,sdv-id-uyZsVD,Raw Jute,2339,5.0,773,GHOST_VESSEL_X,466.8,9662.5,0.0,Disconnected,No_Record,1.0,0.866733672058525
SHIP_V_1109,sdv-id-XOEGrd,Industrial Chemicals,220,50.0,1092,SHIP_V_1109,3.4,13650.0,13019.26,Active,Verified,0.0462,0.1849467191527524
SHIP_V_1072,sdv-id-nSpiAa,Ready-made Garments,461,8.5,1145,SHIP_V_1072,53.23529411764706,14312.5,13863.85,Active,Verified,0.0313,0.2190981188985077
SHIP_V_1123,sdv-id-lfoCAN,Smartphones,1236,300.0,671,SHIP_V_1123,3.12,8387.5,8132.87,Active,Verified,0.0304,0.115968983130796
SHIP_V_1300,sdv-id-VtdRuz,Industrial Chemicals,274,50.0,1972,SHIP_V_1300,4.48,24650.0,23424.7,Active,Verified,0.0497,0.188282265899615
SHIP_V_1260,sdv-id-WYszRD,Ready-made Garments,897,8.5,483,GHOST_VESSEL_X,104.52941176470588,6037.5,0.0,Disconnected,No_Record,1.0,0.866733672058525
SHIP_V_1822,sdv-id-mblUtw,Raw Jute,174,5.0,1269,SHIP_V_1822,33.8,15862.5,15550.35,Active,Verified,0.0197,0.2269338317405385
SHIP_V_1976,sdv-id-YwROqC,Industrial Chemicals,1179,50.0,1799,SHIP_V_1976,22.58,22487.5,21527.43,Active,Verified,0.0427,0.1849064046257897
SHIP_V_1538,sdv-id-JlfWxb,Raw Jute,1191,5.0,1748,GHOST_VESSEL_X,237.2,21850.0,0.0,Disconnected,No_Record,1.0,0.866733672058525
SHIP_V_1140,sdv-id-kfSqbR,Ready-made Garments,322,8.5,275,SHIP_V_1140,36.88235294117647,3437.5,3291.88,Active,Verified,0.0424,0.170147997350727
SHIP_V_1932,sdv-id-pIOKKu,Industrial Chemicals,1239,50.0,1916,SHIP_V_1932,23.78,23950.0,23008.26,Active,Verified,0.0393,0.2171775477638544
SHIP_V_1270,sdv-id-ZUWpwG,Solar Panels,761,120.0,642,SHIP_V_1270,5.341666666666667,8025.0,7804.46,Active,Verified,0.0275,0.1501468924845512
SHIP_V_1210,sdv-id-EsbsDr,Smartphones,2326,300.0,526,SHIP_V_1210,6.753333333333333,6575.0,6437.26,Active,Verified,0.0209,0.2443062557560991
SHIP_V_1580,sdv-id-MGbNeS,Industrial Chemicals,650,50.0,441,SHIP_V_1580,12.0,5512.5,5255.73,Active,Verified,0.0466,0.2397010471461211
SHIP_V_1071,sdv-id-wCAXRi,Smartphones,673,300.0,1419,SHIP_V_1071,1.2433333333333334,17737.5,17449.0,Active,Verified,0.0163,0.2135907014768096
SHIP_V_1418,sdv-id-yFcFUi,Raw Jute,745,5.0,1852,GHOST_VESSEL_X,148.0,23150.0,0.0,Disconnected,No_Record,1.0,0.866733672058525
SHIP_V_1239,sdv-id-SPZDSq,Smartphones,2412,300.0,440,SHIP_V_1239,7.04,5500.0,5427.89,Active,Verified,0.0131,0.1515604919595201
SHIP_V_1419,sdv-id-oItvEi,Smartphones,273,300.0,522,SHIP_V_1419,-0.09,6525.0,6293.65,Active,Verified,0.0355,0.2484184712249365
SHIP_V_1492,sdv-id-QHkmKH,Ready-made Garments,1691,8.5,282,GHOST_VESSEL_X,197.94117647058823,3525.0,0.0,Disconnected,No_Record,1.0,0.866733672058525
SHIP_V_1758,sdv-id-ZekOsE,Solar Panels,11,120.0,1538,SHIP_V_1758,-0.9083333333333332,19225.0,18367.76,Active,Verified,0.0446,0.1736678496520234
SHIP_V_1645,sdv-id-ehNbtM,Industrial Chemicals,236,50.0,605,SHIP_V_1645,3.72,7562.5,7365.88,Active,Verified,0.026,0.2147652699056439
SHIP_V_1521,sdv-id-nJwCut,Raw Jute,2091,5.0,436,GHOST_VESSEL_X,417.2,5450.0,0.0,Disconnected,No_Record,1.0,0.866733672058525
SHIP_V_1673,sdv-id-aifsDB,Smartphones,131,300.0,447,SHIP_V_1673,-0.5633333333333334,5587.5,5333.33,Active,Verified,0.0455,0.2399430912393439
SHIP_V_1475,sdv-id-LRpRdG,Industrial Chemicals,381,50.0,380,SHIP_V_1475,6.62,4750.0,4616.76,Active,Verified,0.0281,0.2490955350322385
SHIP_V_1957,sdv-id-lfNMyY,Ready-made Garments,386,8.5,1839,SHIP_V_1957,44.411764705882355,22987.5,22389.53,Active,Verified,0.026,0.1556934015365896
SHIP_V_1322,sdv-id-ufyjZy,Raw Jute,1143,5.0,433,GHOST_VESSEL_X,227.6,5412.5,0.0,Disconnected,No_Record,1.0,0.866733672058525
SHIP_V_1319,sdv-id-cgzgcF,Ready-made Garments,937,8.5,991,GHOST_VESSEL_X,109.23529411764706,12387.5,0.0,Disconnected,No_Record,1.0,0.866733672058525
SHIP_V_1247,sdv-id-wcrKiO,Ready-made Garments,2771,8.5,582,GHOST_VESSEL_X,325.0,7275.0,0.0,Disconnected,No_Record,1.0,0.866733672058525
SHIP_V_1927,sdv-id-WLYxnG,Smartphones,290,300.0,566,SHIP_V_1927,-0.0333333333333333,7075.0,6770.69,Active,Verified,0.043,0.1230240829587292
SHIP_V_1202,sdv-id-VgSUNI,Industrial Chemicals,336,50.0,1586,SHIP_V_1202,5.72,19825.0,19438.9,Active,Verified,0.0195,0.1165700761803964
SHIP_V_1412,sdv-id-ldrloJ,Smartphones,296,300.0,1252,SHIP_V_1412,-0.0133333333333333,15650.0,15252.59,Active,Verified,0.0254,0.1633314743161155
SHIP_V_1486,sdv-id-iIeKgk,Ready-made Garments,760,8.5,1451,GHOST_VESSEL_X,88.41176470588235,18137.5,0.0,Disconnected,No_Record,1.0,0.866733672058525
SHIP_V_1708,sdv-id-rLXwCy,Solar Panels,277,120.0,1258,SHIP_V_1708,1.3083333333333331,15725.0,15026.29,Active,Verified,0.0444,0.1981696862842749
SHIP_V_1403,sdv-id-kTAjhn,Raw Jute,1888,5.0,1438,GHOST_VESSEL_X,376.6,17975.0,0.0,Disconnected,No_Record,1.0,0.866733672058525
SHIP_V_1653,sdv-id-vRBkgq,Raw Jute,338,5.0,1896,GHOST_VESSEL_X,66.6,23700.0,0.0,Disconnected,No_Record,1.0,0.866733672058525
SHIP_V_1203,sdv-id-ngvlys,Smartphones,522,300.0,129,SHIP_V_1203,0.74,1612.5,1533.18,Active,Verified,0.0492,0.1647064165185697
SHIP_V_1328,sdv-id-xeQKJz,Industrial Chemicals,666,50.0,1701,SHIP_V_1328,12.32,21262.5,20297.34,Active,Verified,0.0454,0.2213543780268438
SHIP_V_1011,sdv-id-vphVLA,Solar Panels,173,120.0,380,SHIP_V_1011,0.4416666666666666,4750.0,4562.27,Active,Verified,0.0395,0.2139509220596716
SHIP_V_1402,sdv-id-EFUgfw,Ready-made Garments,383,8.5,1616,SHIP_V_1402,44.05882352941177,20200.0,19458.13,Active,Verified,0.0367,0.179415445309652
SHIP_V_1707,sdv-id-TdGhDd,Industrial Chemicals,73,50.0,1699,SHIP_V_1707,0.46,21237.5,20990.42,Active,Verified,0.0116,0.2134671510966718
SHIP_V_1454,sdv-id-yIzJPL,Ready-made Garments,832,8.5,1776,GHOST_VESSEL_X,96.88235294117646,22200.0,0.0,Disconnected,No_Record,1.0,0.866733672058525
SHIP_V_1451,sdv-id-Kqbkkw,Industrial Chemicals,1186,50.0,806,SHIP_V_1451,22.72,10075.0,9952.79,Active,Verified,0.0121,0.1142038188535789
SHIP_V_1903,sdv-id-klQeiG,Raw Jute,183,5.0,1104,SHIP_V_1903,35.6,13800.0,13144.13,Active,Verified,0.0475,0.170723793672513
SHIP_V_1382,sdv-id-WZbsIN,Solar Panels,223,120.0,127,SHIP_V_1382,0.8583333333333333,1587.5,1564.07,Active,Verified,0.0148,0.20701874009593
SHIP_V_1548,sdv-id-QQhOLy,Solar Panels,27,120.0,1770,SHIP_V_1548,-0.775,22125.0,21788.89,Active,Verified,0.0152,0.216731700522408
SHIP_V_1227,sdv-id-ZcloZp,Ready-made Garments,770,8.5,1634,GHOST_VESSEL_X,89.58823529411765,20425.0,0.0,Disconnected,No_Record,1.0,0.866733672058525
SHIP_V_1695,sdv-id-Bxjsht,Industrial Chemicals,1220,50.0,406,SHIP_V_1695,23.4,5075.0,4947.68,Active,Verified,0.0251,0.212226710170353
SHIP_V_1691,sdv-id-JJkQWB,Industrial Chemicals,1029,50.0,571,SHIP_V_1691,19.58,7137.5,6896.91,Active,Verified,0.0337,0.2423231050128164
SHIP_V_1665,sdv-id-iiDKiL,Ready-made Garments,98,8.5,901,SHIP_V_1665,10.529411764705882,11262.5,10982.71,Active,Verified,0.0248,0.1301358131947703
SHIP_V_1947,sdv-id-vluDzW,Ready-made Garments,390,8.5,1265,SHIP_V_1947,44.88235294117647,15812.5,15090.66,Active,Verified,0.0456,0.2031244801594365
SHIP_V_1079,sdv-id-kKmwjp,Smartphones,298,300.0,1960,SHIP_V_1079,-0.0066666666666666,24500.0,23472.68,Active,Verified,0.0419,0.1228188849381287
SHIP_V_1868,sdv-id-fxGXha,Raw Jute,1633,5.0,1264,GHOST_VESSEL_X,325.6,15800.0,0.0,Disconnected,No_Record,1.0,0.866733672058525
SHIP_V_1636,sdv-id-FVewuT,Smartphones,1500,300.0,1709,SHIP_V_1636,4.0,21362.5,20584.89,Active,Verified,0.0364,0.1847643212090354
SHIP_V_1408,sdv-id-JrBSIT,Ready-made Garments,398,8.5,852,SHIP_V_1408,45.8235294117647,10650.0,10208.06,Active,Verified,0.0415,0.2428364354904482
SHIP_V_1605,sdv-id-rZykec,Raw Jute,1468,5.0,308,GHOST_VESSEL_X,292.6,3850.0,0.0,Disconnected,No_Record,1.0,0.866733672058525
SHIP_V_1576,sdv-id-ueJBQc,Raw Jute,642,5.0,513,GHOST_VESSEL_X,127.4,6412.5,0.0,Disconnected,No_Record,1.0,0.866733672058525
SHIP_V_1125,sdv-id-yVrFRj,Raw Jute,222,5.0,1765,SHIP_V_1125,43.4,22062.5,21442.87,Active,Verified,0.0281,0.2265631057292887
SHIP_V_1438,sdv-id-nvOyOI,Ready-made Garments,67,8.5,1780,SHIP_V_1438,6.882352941176471,22250.0,21508.34,Active,Verified,0.0333,0.1660747853660558
SHIP_V_1074,sdv-id-OODEVO,Smartphones,791,300.0,425,SHIP_V_1074,1.6366666666666667,5312.5,5133.66,Active,Verified,0.0337,0.222095282115528
SHIP_V_1301,sdv-id-yiIuWH,Solar Panels,448,120.0,859,SHIP_V_1301,2.7333333333333334,10737.5,10608.58,Active,Verified,0.012,0.2398353416341066
SHIP_V_1173,sdv-id-tqPoJg,Ready-made Garments,79,8.5,435,SHIP_V_1173,8.294117647058824,5437.5,5209.98,Active,Verified,0.0418,0.1005784186084408
SHIP_V_1619,sdv-id-mFBGYr,Industrial Chemicals,1158,50.0,1278,SHIP_V_1619,22.16,15975.0,15782.7,Active,Verified,0.012,0.2159003659527585
SHIP_V_1257,sdv-id-yRnQNL,Smartphones,401,300.0,1905,SHIP_V_1257,0.3366666666666666,23812.5,22795.61,Active,Verified,0.0427,0.2304577176611614
SHIP_V_1829,sdv-id-NMiILH,Ready-made Garments,553,8.5,409,GHOST_VESSEL_X,64.05882352941177,5112.5,0.0,Disconnected,No_Record,1.0,0.866733672058525
SHIP_V_1962,sdv-id-coNSLD,Solar Panels,463,120.0,808,SHIP_V_1962,2.8583333333333334,10100.0,9659.01,Active,Verified,0.0437,0.1078884534189146
SHIP_V_1797,sdv-id-efHjhU,Industrial Chemicals,401,50.0,1619,SHIP_V_1797,7.02,20237.5,19963.72,Active,Verified,0.0135,0.130984438878031
SHIP_V_1029,sdv-id-HuVwIu,Smartphones,731,300.0,1661,SHIP_V_1029,1.4366666666666668,20762.5,20264.66,Active,Verified,0.024,0.1201534010493324
SHIP_V_1495,sdv-id-OAASxe,Raw Jute,1260,5.0,1706,GHOST_VESSEL_X,251.0,21325.0,0.0,Disconnected,No_Record,1.0,0.866733672058525
SHIP_V_1579,sdv-id-yLGzlK,Smartphones,171,300.0,760,SHIP_V_1579,-0.43,9500.0,9340.11,Active,Verified,0.0168,0.1671976878026774
SHIP_V_1504,sdv-id-ddGdsl,Ready-made Garments,342,8.5,1680,SHIP_V_1504,39.23529411764706,21000.0,20672.43,Active,Verified,0.0156,0.2424869807437142
SHIP_V_1619,sdv-id-plaCVm,Ready-made Garments,422,8.5,1084,SHIP_V_1619,48.64705882352941,13550.0,13400.75,Active,Verified,0.011,0.1643518508884109
SHIP_V_1760,sdv-id-WpRkHS,Raw Jute,996,5.0,1255,GHOST_VESSEL_X,198.2,15687.5,0.0,Disconnected,No_Record,1.0,0.866733672058525
SHIP_V_1504,sdv-id-IezuGH,Ready-made Garments,1499,8.5,626,GHOST_VESSEL_X,175.35294117647058,7825.0,0.0,Disconnected,No_Record,1.0,0.866733672058525
SHIP_V_1077,sdv-id-FZMqYu,Smartphones,1770,300.0,833,SHIP_V_1077,4.9,10412.5,10292.8,Active,Verified,0.0115,0.157881148867916
SHIP_V_1764,sdv-id-Qrkmvl,Smartphones,1319,300.0,1996,SHIP_V_1764,3.3966666666666665,24950.0,24526.73,Active,Verified,0.017,0.2013521860773243
SHIP_V_1988,sdv-id-ybCIZw,Ready-made Garments,22,8.5,1646,SHIP_V_1988,1.588235294117647,20575.0,20171.47,Active,Verified,0.0196,0.2016214657873551
SHIP_V_1561,sdv-id-pUDNXG,Solar Panels,25,120.0,971,SHIP_V_1561,-0.7916666666666666,12137.5,11835.99,Active,Verified,0.0248,0.2085839144258765
SHIP_V_1971,sdv-id-RqLgGK,Solar Panels,1046,120.0,761,SHIP_V_1971,7.716666666666667,9512.5,9058.52,Active,Verified,0.0477,0.1050274493127961
SHIP_V_1428,sdv-id-SyaQrk,Ready-made Garments,1399,8.5,822,GHOST_VESSEL_X,163.58823529411765,10275.0,0.0,Disconnected,No_Record,1.0,0.866733672058525
SHIP_V_1733,sdv-id-FllTRI,Ready-made Garments,560,8.5,232,GHOST_VESSEL_X,64.88235294117646,2900.0,0.0,Disconnected,No_Record,1.0,0.866733672058525
SHIP_V_1203,sdv-id-CqyabJ,Smartphones,695,300.0,1701,SHIP_V_1203,1.3166666666666669,21262.5,20480.47,Active,Verified,0.0368,0.2274586747417856
SHIP_V_1367,sdv-id-oVpYsQ,Raw Jute,57,5.0,1197,SHIP_V_1367,10.4,14962.5,14534.3,Active,Verified,0.0286,0.1939337508718249
SHIP_V_1668,sdv-id-PSURlb,Ready-made Garments,904,8.5,1728,GHOST_VESSEL_X,105.3529411764706,21600.0,0.0,Disconnected,No_Record,1.0,0.866733672058525
SHIP_V_1113,sdv-id-vsjmLb,Raw Jute,1119,5.0,544,GHOST_VESSEL_X,222.8,6800.0,0.0,Disconnected,No_Record,1.0,0.866733672058525
SHIP_V_1055,sdv-id-uLPZJF,Raw Jute,349,5.0,1204,GHOST_VESSEL_X,68.8,15050.0,0.0,Disconnected,No_Record,1.0,0.866733672058525
SHIP_V_1694,sdv-id-AlKBHO,Solar Panels,472,120.0,1228,SHIP_V_1694,2.933333333333333,15350.0,14814.16,Active,Verified,0.0349,0.1251840113968946
SHIP_V_1176,sdv-id-iVZkqK,Industrial Chemicals,649,50.0,964,SHIP_V_1176,11.98,12050.0,11563.68,Active,Verified,0.0404,0.2157057703803312
SHIP_V_1103,sdv-id-xBOmCZ,Smartphones,972,300.0,1725,SHIP_V_1103,2.24,21562.5,20906.44,Active,Verified,0.0304,0.2136483273973589
SHIP_V_1538,sdv-id-KKxXjT,Industrial Chemicals,1054,50.0,677,SHIP_V_1538,20.08,8462.5,8301.36,Active,Verified,0.019,0.1501945393446304
SHIP_V_1791,sdv-id-xLFIJr,Smartphones,811,300.0,1472,SHIP_V_1791,1.7033333333333334,18400.0,17652.97,Active,Verified,0.0406,0.2240989678897847
SHIP_V_1517,sdv-id-tdGywT,Industrial Chemicals,540,50.0,860,SHIP_V_1517,9.8,10750.0,10355.12,Active,Verified,0.0367,0.2184692434753772
SHIP_V_1769,sdv-id-nyeqRo,Ready-made Garments,1091,8.5,1054,GHOST_VESSEL_X,127.3529411764706,13175.0,0.0,Disconnected,No_Record,1.0,0.866733672058525
SHIP_V_1167,sdv-id-CVDYOc,Industrial Chemicals,133,50.0,1194,SHIP_V_1167,1.66,14925.0,14459.27,Active,Verified,0.0312,0.2201893688977981
SHIP_V_1308,sdv-id-vsLpUI,Raw Jute,654,5.0,981,GHOST_VESSEL_X,129.8,12262.5,0.0,Disconnected,No_Record,1.0,0.866733672058525
SHIP_V_1403,sdv-id-GaYfxH,Raw Jute,990,5.0,1484,GHOST_VESSEL_X,197.0,18550.0,0.0,Disconnected,No_Record,1.0,0.866733672058525
SHIP_V_1400,sdv-id-JWwMuq,Smartphones,1177,300.0,498,SHIP_V_1400,2.9233333333333333,6225.0,6131.74,Active,Verified,0.015,0.1721638859022124
SHIP_V_1027,sdv-id-cUhxvm,Ready-made Garments,107,8.5,706,SHIP_V_1027,11.588235294117649,8825.0,8520.92,Active,Verified,0.0345,0.1255725336162761
SHIP_V_1254,sdv-id-bkQWyg,Industrial Chemicals,533,50.0,1138,SHIP_V_1254,9.66,14225.0,13732.09,Active,Verified,0.0347,0.1128727232173649
SHIP_V_1459,sdv-id-MMGxuL,Industrial Chemicals,386,50.0,1158,SHIP_V_1459,6.72,14475.0,13841.32,Active,Verified,0.0438,0.1701829709016357
SHIP_V_1632,sdv-id-yDZJUG,Smartphones,480,300.0,1638,SHIP_V_1632,0.6,20475.0,19954.24,Active,Verified,0.0254,0.178933714644961
SHIP_V_1587,sdv-id-RUfeae,Smartphones,545,300.0,260,SHIP_V_1587,0.8166666666666667,3250.0,3142.36,Active,Verified,0.0331,0.1949572586353999
SHIP_V_1115,sdv-id-jCQLAM,Industrial Chemicals,356,50.0,830,SHIP_V_1115,6.12,10375.0,10227.39,Active,Verified,0.0142,0.1605785500457576
SHIP_V_1955,sdv-id-TTFbTC,Smartphones,481,300.0,1074,SHIP_V_1955,0.6033333333333334,13425.0,13124.12,Active,Verified,0.0224,0.1393812880481072
SHIP_V_1983,sdv-id-zKywPu,Raw Jute,354,5.0,888,GHOST_VESSEL_X,69.8,11100.0,0.0,Disconnected,No_Record,1.0,0.866733672058525
SHIP_V_1893,sdv-id-IYyjIA,Smartphones,575,300.0,1861,SHIP_V_1893,0.9166666666666666,23262.5,22540.46,Active,Verified,0.031,0.1478917130928793
SHIP_V_1021,sdv-id-XeHNzK,Smartphones,1701,300.0,127,SHIP_V_1021,4.67,1587.5,1512.14,Active,Verified,0.0475,0.1063723948660681
SHIP_V_1063,sdv-id-vnnFhQ,Industrial Chemicals,212,50.0,351,SHIP_V_1063,3.24,4387.5,4205.05,Active,Verified,0.0416,0.1921300627674433
SHIP_V_1687,sdv-id-lnxBMZ,Industrial Chemicals,1336,50.0,213,SHIP_V_1687,25.72,2662.5,2624.35,Active,Verified,0.0143,0.222807036648355
SHIP_V_1645,sdv-id-rzctZk,Ready-made Garments,162,8.5,541,SHIP_V_1645,18.058823529411764,6762.5,6645.3,Active,Verified,0.0173,0.1999307083509585
SHIP_V_1932,sdv-id-cFSLPc,Smartphones,406,300.0,515,SHIP_V_1932,0.3533333333333333,6437.5,6150.79,Active,Verified,0.0445,0.1931862775132186
SHIP_V_1365,sdv-id-gknMTR,Raw Jute,52,5.0,711,SHIP_V_1365,9.4,8887.5,8671.21,Active,Verified,0.0243,0.205945391474362
SHIP_V_1695,sdv-id-JSfNGH,Raw Jute,173,5.0,186,SHIP_V_1695,33.6,2325.0,2216.88,Active,Verified,0.0465,0.1598871187908124
SHIP_V_1416,sdv-id-kxZdsW,Solar Panels,993,120.0,1050,SHIP_V_1416,7.275,13125.0,12703.49,Active,Verified,0.0321,0.1610492561459461
SHIP_V_1102,sdv-id-wzuXed,Smartphones,1040,300.0,1450,SHIP_V_1102,2.466666666666667,18125.0,17226.11,Active,Verified,0.0496,0.1525448156173592
SHIP_V_1587,sdv-id-bLyYja,Solar Panels,1094,120.0,258,SHIP_V_1587,8.116666666666667,3225.0,3125.14,Active,Verified,0.031,0.1563655062263365
SHIP_V_1540,sdv-id-vjhmhR,Solar Panels,594,120.0,252,SHIP_V_1540,3.95,3150.0,3058.6,Active,Verified,0.029,0.1374346538739245
SHIP_V_1616,sdv-id-lHMixH,Industrial Chemicals,767,50.0,656,SHIP_V_1616,14.34,8200.0,8024.26,Active,Verified,0.0214,0.2261282830159173
SHIP_V_1379,sdv-id-uYfaxK,Smartphones,476,300.0,932,SHIP_V_1379,0.5866666666666667,11650.0,11148.12,Active,Verified,0.0431,0.1997451436268221
SHIP_V_1901,sdv-id-OXREbB,Smartphones,1251,300.0,1097,SHIP_V_1901,3.17,13712.5,13147.66,Active,Verified,0.0412,0.1278083361033343
SHIP_V_1264,sdv-id-yHiele,Smartphones,895,300.0,1418,SHIP_V_1264,1.9833333333333336,17725.0,16962.21,Active,Verified,0.043,0.1339452377160115
SHIP_V_1489,sdv-id-XMDWga,Solar Panels,187,120.0,1664,SHIP_V_1489,0.5583333333333333,20800.0,20406.55,Active,Verified,0.0189,0.2320765714838029
SHIP_V_1805,sdv-id-LZtVRe,Ready-made Garments,726,8.5,1378,GHOST_VESSEL_X,84.41176470588235,17225.0,0.0,Disconnected,No_Record,1.0,0.866733672058525
SHIP_V_1026,sdv-id-SysFUP,Solar Panels,451,120.0,1250,SHIP_V_1026,2.7583333333333333,15625.0,15115.58,Active,Verified,0.0326,0.1339103433605711
SHIP_V_1382,sdv-id-EuAPpG,Ready-made Garments,340,8.5,887,SHIP_V_1382,39.0,11087.5,10579.54,Active,Verified,0.0458,0.2106593202740546
SHIP_V_1444,sdv-id-DuigTp,Solar Panels,1736,120.0,640,SHIP_V_1444,13.466666666666669,8000.0,7818.04,Active,Verified,0.0227,0.1344483197949459
SHIP_V_1244,sdv-id-LfzUSH,Smartphones,1256,300.0,885,SHIP_V_1244,3.1866666666666665,11062.5,10644.43,Active,Verified,0.0378,0.1881033577900609
SHIP_V_1243,sdv-id-tNnKlT,Ready-made Garments,738,8.5,1724,GHOST_VESSEL_X,85.82352941176471,21550.0,0.0,Disconnected,No_Record,1.0,0.866733672058525
SHIP_V_1743,sdv-id-NEKnXk,Ready-made Garments,211,8.5,1233,SHIP_V_1743,23.823529411764707,15412.5,14857.7,Active,Verified,0.036,0.142097221504174
SHIP_V_1304,sdv-id-UWOVBP,Industrial Chemicals,1532,50.0,105,SHIP_V_1304,29.64,1312.5,1264.69,Active,Verified,0.0364,0.2372247211267391
SHIP_V_1913,sdv-id-gPAwFp,Smartphones,29,300.0,1225,SHIP_V_1913,-0.9033333333333332,15312.5,15079.86,Active,Verified,0.0152,0.1416770677566187
SHIP_V_1851,sdv-id-fAdWhT,Solar Panels,284,120.0,699,SHIP_V_1851,1.3666666666666667,8737.5,8345.42,Active,Verified,0.0449,0.2279499839281747
SHIP_V_1100,sdv-id-pdvRyR,Smartphones,90,300.0,1758,SHIP_V_1100,-0.7,21975.0,21274.42,Active,Verified,0.0319,0.2195295312736329
SHIP_V_1890,sdv-id-GkOKMw,Smartphones,1001,300.0,1172,SHIP_V_1890,2.3366666666666664,14650.0,13928.34,Active,Verified,0.0493,0.2190256492173403
SHIP_V_1563,sdv-id-wpGUEf,Raw Jute,1280,5.0,155,GHOST_VESSEL_X,255.0,1937.5,0.0,Disconnected,No_Record,1.0,0.866733672058525
SHIP_V_1734,sdv-id-lTuZlv,Industrial Chemicals,131,50.0,498,SHIP_V_1734,1.62,6225.0,6155.65,Active,Verified,0.0111,0.2011649076711013
SHIP_V_1169,sdv-id-FnAVSU,Raw Jute,799,5.0,1490,GHOST_VESSEL_X,158.8,18625.0,0.0,Disconnected,No_Record,1.0,0.866733672058525
SHIP_V_1407,sdv-id-QElUOD,Ready-made Garments,1123,8.5,1795,GHOST_VESSEL_X,131.11764705882354,22437.5,0.0,Disconnected,No_Record,1.0,0.866733672058525
SHIP_V_1564,sdv-id-zPLPaB,Smartphones,776,300.0,1729,SHIP_V_1564,1.586666666666667,21612.5,21131.42,Active,Verified,0.0223,0.2056014014517285
SHIP_V_1034,sdv-id-FxbOzC,Ready-made Garments,266,8.5,1179,SHIP_V_1034,30.294117647058822,14737.5,14068.04,Active,Verified,0.0454,0.2245655918880881
SHIP_V_1521,sdv-id-FtcJAD,Industrial Chemicals,987,50.0,969,SHIP_V_1521,18.74,12112.5,11983.51,Active,Verified,0.0106,0.1250007107813188
SHIP_V_1258,sdv-id-JmTqbR,Solar Panels,154,120.0,1097,SHIP_V_1258,0.2833333333333333,13712.5,13301.75,Active,Verified,0.03,0.1274081636474237
SHIP_V_1467,sdv-id-qtIxLm,Smartphones,115,300.0,885,SHIP_V_1467,-0.6166666666666667,11062.5,10778.27,Active,Verified,0.0257,0.1464121364957985
SHIP_V_1473,sdv-id-TTRuLT,Ready-made Garments,449,8.5,330,SHIP_V_1473,51.8235294117647,4125.0,4075.28,Active,Verified,0.0121,0.2251965653775562
SHIP_V_1778,sdv-id-PZlACO,Solar Panels,745,120.0,513,SHIP_V_1778,5.208333333333333,6412.5,6192.85,Active,Verified,0.0343,0.2115377230702676
SHIP_V_1437,sdv-id-UdeiPj,Raw Jute,1111,5.0,1190,GHOST_VESSEL_X,221.2,14875.0,0.0,Disconnected,No_Record,1.0,0.866733672058525
SHIP_V_1992,sdv-id-FHeopV,Smartphones,385,300.0,993,SHIP_V_1992,0.2833333333333333,12412.5,12216.72,Active,Verified,0.0158,0.1454457117188988
SHIP_V_1780,sdv-id-iNaTqH,Smartphones,890,300.0,1470,SHIP_V_1780,1.9666666666666663,18375.0,17614.12,Active,Verified,0.0414,0.1436967982455628
SHIP_V_1334,sdv-id-ELSKhK,Ready-made Garments,608,8.5,1017,GHOST_VESSEL_X,70.52941176470588,12712.5,0.0,Disconnected,No_Record,1.0,0.866733672058525
SHIP_V_1527,sdv-id-TEYLPl,Solar Panels,571,120.0,1806,SHIP_V_1527,3.7583333333333337,22575.0,21999.86,Active,Verified,0.0255,0.2180622395408493
SHIP_V_1114,sdv-id-xGKsSW,Ready-made Garments,220,8.5,1992,SHIP_V_1114,24.88235294117647,24900.0,23963.33,Active,Verified,0.0376,0.1594127764995127
SHIP_V_1283,sdv-id-FqkYAQ,Smartphones,1202,300.0,1167,SHIP_V_1283,3.006666666666667,14587.5,14251.61,Active,Verified,0.023,0.1527098071272444
SHIP_V_1433,sdv-id-UnqbiM,Smartphones,596,300.0,872,SHIP_V_1433,0.9866666666666668,10900.0,10639.1,Active,Verified,0.0239,0.1361798738113989
SHIP_V_1378,sdv-id-BPelMP,Smartphones,525,300.0,1228,SHIP_V_1378,0.75,15350.0,14785.36,Active,Verified,0.0368,0.1353763048283834
SHIP_V_1823,sdv-id-oLOvWc,Solar Panels,708,120.0,1109,SHIP_V_1823,4.9,13862.5,13282.22,Active,Verified,0.0419,0.1704460298153267
SHIP_V_1544,sdv-id-TeRaye,Raw Jute,848,5.0,1341,GHOST_VESSEL_X,168.6,16762.5,0.0,Disconnected,No_Record,1.0,0.866733672058525
SHIP_V_1275,sdv-id-iFRMOp,Industrial Chemicals,196,50.0,535,SHIP_V_1275,2.92,6687.5,6521.04,Active,Verified,0.0249,0.1985574906259692
SHIP_V_1632,sdv-id-kPAAhX,Smartphones,1869,300.0,993,SHIP_V_1632,5.23,12412.5,12277.47,Active,Verified,0.0109,0.1430542255461998
SHIP_V_1816,sdv-id-BkMXuz,Industrial Chemicals,475,50.0,1259,SHIP_V_1816,8.5,15737.5,15389.87,Active,Verified,0.0221,0.1309366423898253
SHIP_V_1607,sdv-id-FlOxyu,Smartphones,400,300.0,1928,SHIP_V_1607,0.3333333333333333,24100.0,22952.32,Active,Verified,0.0476,0.1882632111282643
SHIP_V_1721,sdv-id-itjtwg,Industrial Chemicals,989,50.0,1206,SHIP_V_1721,18.78,15075.0,14656.84,Active,Verified,0.0277,0.2492199187518846
SHIP_V_1638,sdv-id-VSErWM,Ready-made Garments,664,8.5,1140,GHOST_VESSEL_X,77.11764705882354,14250.0,0.0,Disconnected,No_Record,1.0,0.866733672058525
SHIP_V_1035,sdv-id-EwCDEt,Solar Panels,21,120.0,1953,SHIP_V_1035,-0.825,24412.5,23563.68,Active,Verified,0.0348,0.2426926817648962
SHIP_V_1834,sdv-id-kzwXRT,Solar Panels,369,120.0,514,SHIP_V_1834,2.075,6425.0,6114.37,Active,Verified,0.0483,0.1196653836497311
SHIP_V_1492,sdv-id-CdGDGJ,Solar Panels,1016,120.0,1208,SHIP_V_1492,7.466666666666667,15100.0,14410.36,Active,Verified,0.0457,0.235801542473196
SHIP_V_1075,sdv-id-QOqJJV,Industrial Chemicals,1667,50.0,246,SHIP_V_1075,32.34,3075.0,2948.07,Active,Verified,0.0413,0.2345977713346131
SHIP_V_1449,sdv-id-szdVPa,Smartphones,942,300.0,897,SHIP_V_1449,2.14,11212.5,10940.13,Active,Verified,0.0243,0.2387694509857284
SHIP_V_1358,sdv-id-bWBVKV,Ready-made Garments,755,8.5,687,GHOST_VESSEL_X,87.82352941176471,8587.5,0.0,Disconnected,No_Record,1.0,0.866733672058525
SHIP_V_1574,sdv-id-NxjcRM,Raw Jute,1486,5.0,1472,GHOST_VESSEL_X,296.2,18400.0,0.0,Disconnected,No_Record,1.0,0.866733672058525
SHIP_V_1603,sdv-id-hQweTJ,Raw Jute,1189,5.0,1025,GHOST_VESSEL_X,236.8,12812.5,0.0,Disconnected,No_Record,1.0,0.866733672058525
SHIP_V_1659,sdv-id-AdDbtx,Ready-made Garments,312,8.5,242,SHIP_V_1659,35.705882352941174,3025.0,2912.84,Active,Verified,0.0371,0.1568863696094625
SHIP_V_1319,sdv-id-MskpVA,Raw Jute,450,5.0,1156,GHOST_VESSEL_X,89.0,14450.0,0.0,Disconnected,No_Record,1.0,0.866733672058525
SHIP_V_1705,sdv-id-vIaxXS,Solar Panels,1012,120.0,1746,SHIP_V_1705,7.433333333333334,21825.0,21534.1,Active,Verified,0.0133,0.2100541098343589
SHIP_V_1800,sdv-id-HlsCoZ,Smartphones,1235,300.0,1156,SHIP_V_1800,3.1166666666666667,14450.0,14135.59,Active,Verified,0.0218,0.2114071459437051
SHIP_V_1741,sdv-id-rVpGXf,Solar Panels,493,120.0,439,SHIP_V_1741,3.1083333333333334,5487.5,5216.2,Active,Verified,0.0494,0.1592030381383934
SHIP_V_1938,sdv-id-MfEGcr,Raw Jute,629,5.0,376,GHOST_VESSEL_X,124.8,4700.0,0.0,Disconnected,No_Record,1.0,0.866733672058525
SHIP_V_1824,sdv-id-AzzKmD,Raw Jute,276,5.0,484,SHIP_V_1824,54.2,6050.0,5757.93,Active,Verified,0.0483,0.2030395421265218
SHIP_V_1718,sdv-id-lcROeI,Industrial Chemicals,1493,50.0,136,SHIP_V_1718,28.86,1700.0,1643.49,Active,Verified,0.0332,0.1549212026780177
SHIP_V_1419,sdv-id-PyEUEr,Smartphones,14,300.0,1166,SHIP_V_1419,-0.9533333333333334,14575.0,14234.2,Active,Verified,0.0234,0.1769331430288051
SHIP_V_1031,sdv-id-bUnNsH,Smartphones,255,300.0,1508,SHIP_V_1031,-0.15,18850.0,18056.24,Active,Verified,0.0421,0.123894966674692
SHIP_V_1637,sdv-id-gurXdG,Solar Panels,282,120.0,337,SHIP_V_1637,1.35,4212.5,4130.59,Active,Verified,0.0194,0.219134771032755
SHIP_V_1959,sdv-id-dVRHCN,Solar Panels,159,120.0,1423,SHIP_V_1959,0.325,17787.5,17338.67,Active,Verified,0.0252,0.1116441289631712
SHIP_V_1717,sdv-id-DRTkxE,Industrial Chemicals,1382,50.0,344,SHIP_V_1717,26.64,4300.0,4135.3,Active,Verified,0.0383,0.1843533494571605
SHIP_V_1787,sdv-id-odLvfm,Raw Jute,580,5.0,1056,GHOST_VESSEL_X,115.0,13200.0,0.0,Disconnected,No_Record,1.0,0.866733672058525
SHIP_V_1176,sdv-id-ueNigB,Ready-made Garments,350,8.5,1172,SHIP_V_1176,40.1764705882353,14650.0,14063.43,Active,Verified,0.04,0.1258822097941792
SHIP_V_1801,sdv-id-FnkRUO,Ready-made Garments,190,8.5,1791,SHIP_V_1801,21.352941176470587,22387.5,21745.35,Active,Verified,0.0287,0.146769541386294
SHIP_V_1853,sdv-id-HANMdt,Raw Jute,191,5.0,1644,SHIP_V_1853,37.2,20550.0,19714.79,Active,Verified,0.0406,0.1912669831407254
SHIP_V_1918,sdv-id-phHxjO,Industrial Chemicals,948,50.0,603,SHIP_V_1918,17.96,7537.5,7282.75,Active,Verified,0.0338,0.2134066290368215
SHIP_V_1629,sdv-id-aywWIF,Raw Jute,294,5.0,850,GHOST_VESSEL_X,57.8,10625.0,0.0,Disconnected,No_Record,1.0,0.866733672058525
SHIP_V_1859,sdv-id-QwxkAa,Industrial Chemicals,1876,50.0,756,SHIP_V_1859,36.52,9450.0,9059.14,Active,Verified,0.0414,0.1979530542147007
SHIP_V_1939,sdv-id-RUUFMK,Ready-made Garments,585,8.5,971,GHOST_VESSEL_X,67.82352941176471,12137.5,0.0,Disconnected,No_Record,1.0,0.866733672058525
SHIP_V_1930,sdv-id-uYhWVO,Smartphones,823,300.0,316,SHIP_V_1930,1.7433333333333334,3950.0,3863.82,Active,Verified,0.0218,0.1337429150628746
SHIP_V_1022,sdv-id-wtUlxV,Smartphones,159,300.0,403,SHIP_V_1022,-0.47,5037.5,4948.8,Active,Verified,0.0176,0.1155541469880911
SHIP_V_1383,sdv-id-qRXjHm,Ready-made Garments,1023,8.5,376,GHOST_VESSEL_X,119.3529411764706,4700.0,0.0,Disconnected,No_Record,1.0,0.866733672058525
SHIP_V_1588,sdv-id-RPYeCh,Industrial Chemicals,992,50.0,1362,SHIP_V_1588,18.84,17025.0,16654.41,Active,Verified,0.0218,0.1519468248624391
SHIP_V_1499,sdv-id-tbzDhl,Industrial Chemicals,2038,50.0,670,SHIP_V_1499,39.76,8375.0,8114.58,Active,Verified,0.0311,0.2170417938318269
SHIP_V_1682,sdv-id-ftFwht,Raw Jute,868,5.0,1706,GHOST_VESSEL_X,172.6,21325.0,0.0,Disconnected,No_Record,1.0,0.866733672058525
SHIP_V_1069,sdv-id-ReBTsY,Smartphones,350,300.0,1775,SHIP_V_1069,0.1666666666666666,22187.5,21249.73,Active,Verified,0.0423,0.2445035335988737
SHIP_V_1617,sdv-id-DsgINU,Ready-made Garments,1568,8.5,1125,GHOST_VESSEL_X,183.47058823529412,14062.5,0.0,Disconnected,No_Record,1.0,0.866733672058525
SHIP_V_1821,sdv-id-CEUnfB,Ready-made Garments,137,8.5,620,SHIP_V_1821,15.117647058823527,7750.0,7621.12,Active,Verified,0.0166,0.1627806479471898
SHIP_V_1955,sdv-id-oHyRSq,Industrial Chemicals,1057,50.0,659,SHIP_V_1955,20.14,8237.5,8097.25,Active,Verified,0.017,0.1737998281219405
SHIP_V_1326,sdv-id-RPbzNO,Smartphones,478,300.0,1780,SHIP_V_1326,0.5933333333333334,22250.0,21890.39,Active,Verified,0.0162,0.1604227953570014
SHIP_V_1018,sdv-id-bpTkPc,Smartphones,148,300.0,419,SHIP_V_1018,-0.5066666666666667,5237.5,4984.86,Active,Verified,0.0482,0.2351260911252853
SHIP_V_1246,sdv-id-rMxZPC,Smartphones,135,300.0,1806,SHIP_V_1246,-0.55,22575.0,21745.32,Active,Verified,0.0368,0.2053038796633296
SHIP_V_1492,sdv-id-ZbcLBH,Solar Panels,1114,120.0,1113,SHIP_V_1492,8.283333333333333,13912.5,13231.76,Active,Verified,0.0489,0.2223225468026833
SHIP_V_1871,sdv-id-fZFTfq,Ready-made Garments,1249,8.5,1772,GHOST_VESSEL_X,145.94117647058823,22150.0,0.0,Disconnected,No_Record,1.0,0.866733672058525
SHIP_V_1650,sdv-id-YebDUM,Smartphones,929,300.0,699,SHIP_V_1650,2.0966666666666667,8737.5,8400.77,Active,Verified,0.0385,0.1970031804025591
SHIP_V_1795,sdv-id-dSQdsm,Solar Panels,13,120.0,1342,SHIP_V_1795,-0.8916666666666667,16775.0,16024.08,Active,Verified,0.0448,0.2133247414389721
SHIP_V_1170,sdv-id-lKkqfI,Industrial Chemicals,1917,50.0,1748,SHIP_V_1170,37.34,21850.0,21573.48,Active,Verified,0.0127,0.1152951049682289
SHIP_V_1174,sdv-id-KMarqF,Smartphones,927,300.0,1804,SHIP_V_1174,2.09,22550.0,21942.35,Active,Verified,0.0269,0.1384316823640216
SHIP_V_1319,sdv-id-Unkbxm,Smartphones,136,300.0,503,SHIP_V_1319,-0.5466666666666666,6287.5,6177.61,Active,Verified,0.0175,0.1772895694986001
SHIP_V_1355,sdv-id-lDGlxo,Raw Jute,858,5.0,313,GHOST_VESSEL_X,170.6,3912.5,0.0,Disconnected,No_Record,1.0,0.866733672058525
SHIP_V_1799,sdv-id-TMXXHv,Raw Jute,2158,5.0,1697,GHOST_VESSEL_X,430.6,21212.5,0.0,Disconnected,No_Record,1.0,0.866733672058525
SHIP_V_1337,sdv-id-HIQSLk,Smartphones,2050,300.0,350,SHIP_V_1337,5.833333333333333,4375.0,4158.8,Active,Verified,0.0494,0.1475712864230787
SHIP_V_1132,sdv-id-aFfBav,Industrial Chemicals,1250,50.0,257,SHIP_V_1132,24.0,3212.5,3154.61,Active,Verified,0.018,0.1618115254086673
SHIP_V_1109,sdv-id-tzHjKx,Solar Panels,651,120.0,581,SHIP_V_1109,4.425,7262.5,7119.17,Active,Verified,0.0197,0.1542125523530188
SHIP_V_1991,sdv-id-SgLsak,Ready-made Garments,655,8.5,1322,GHOST_VESSEL_X,76.05882352941177,16525.0,0.0,Disconnected,No_Record,1.0,0.866733672058525
SHIP_V_1325,sdv-id-vLnPBW,Raw Jute,55,5.0,1654,SHIP_V_1325,10.0,20675.0,19859.07,Active,Verified,0.0395,0.1824441400494658
SHIP_V_1847,sdv-id-PqBTAS,Solar Panels,627,120.0,1241,SHIP_V_1847,4.225,15512.5,15258.06,Active,Verified,0.0164,0.1708570201807928
SHIP_V_1688,sdv-id-GCqPSh,Smartphones,120,300.0,1251,SHIP_V_1688,-0.6,15637.5,15034.73,Active,Verified,0.0385,0.1760845369741829
SHIP_V_1508,sdv-id-bsXdUJ,Smartphones,880,300.0,1563,SHIP_V_1508,1.9333333333333331,19537.5,19182.09,Active,Verified,0.0182,0.1163181650815434
SHIP_V_1831,sdv-id-IcTAwW,Smartphones,1214,300.0,1157,SHIP_V_1831,3.046666666666667,14462.5,14189.29,Active,Verified,0.0189,0.248847801054359
SHIP_V_1290,sdv-id-NQlAQh,Solar Panels,241,120.0,1207,SHIP_V_1290,1.0083333333333333,15087.5,14563.3,Active,Verified,0.0347,0.1370302958052472
SHIP_V_1574,sdv-id-XhdiiU,Ready-made Garments,978,8.5,661,GHOST_VESSEL_X,114.05882352941175,8262.5,0.0,Disconnected,No_Record,1.0,0.866733672058525
SHIP_V_1828,sdv-id-TwWKSx,Solar Panels,1356,120.0,230,SHIP_V_1828,10.3,2875.0,2774.37,Active,Verified,0.035,0.1185361904732613
SHIP_V_1043,sdv-id-fhussf,Ready-made Garments,838,8.5,1341,GHOST_VESSEL_X,97.58823529411764,16762.5,0.0,Disconnected,No_Record,1.0,0.866733672058525
SHIP_V_1788,sdv-id-ysFsHE,Raw Jute,712,5.0,906,GHOST_VESSEL_X,141.4,11325.0,0.0,Disconnected,No_Record,1.0,0.866733672058525
SHIP_V_1541,sdv-id-NCQnSX,Raw Jute,588,5.0,1936,GHOST_VESSEL_X,116.6,24200.0,0.0,Disconnected,No_Record,1.0,0.866733672058525
SHIP_V_1159,sdv-id-SxmQLa,Industrial Chemicals,1048,50.0,1055,SHIP_V_1159,19.96,13187.5,12908.28,Active,Verified,0.0212,0.1991146908618867
SHIP_V_1476,sdv-id-evQeEb,Smartphones,1364,300.0,1222,SHIP_V_1476,3.546666666666667,15275.0,14700.26,Active,Verified,0.0376,0.1583722343180175
SHIP_V_1928,sdv-id-gUoBwh,Ready-made Garments,1008,8.5,389,GHOST_VESSEL_X,117.58823529411764,4862.5,0.0,Disconnected,No_Record,1.0,0.866733672058525
SHIP_V_1374,sdv-id-lsOOJh,Solar Panels,1052,120.0,1484,SHIP_V_1374,7.766666666666667,18550.0,17774.47,Active,Verified,0.0418,0.2296091950868906
SHIP_V_1962,sdv-id-nzpZgN,Ready-made Garments,2096,8.5,339,GHOST_VESSEL_X,245.58823529411765,4237.5,0.0,Disconnected,No_Record,1.0,0.866733672058525
SHIP_V_1068,sdv-id-tJoppK,Smartphones,125,300.0,1211,SHIP_V_1068,-0.5833333333333334,15137.5,14527.57,Active,Verified,0.0403,0.2352234601428688
SHIP_V_1277,sdv-id-rmjqeR,Solar Panels,405,120.0,735,SHIP_V_1277,2.375,9187.5,8787.6,Active,Verified,0.0435,0.1142175317975077
SHIP_V_1582,sdv-id-WFqckg,Raw Jute,8,5.0,572,SHIP_V_1582,0.6,7150.0,6823.64,Active,Verified,0.0456,0.1098935284147229
SHIP_V_1966,sdv-id-niyyDp,Ready-made Garments,1494,8.5,542,GHOST_VESSEL_X,174.76470588235293,6775.0,0.0,Disconnected,No_Record,1.0,0.866733672058525
SHIP_V_1908,sdv-id-XrCCqD,Smartphones,143,300.0,1750,SHIP_V_1908,-0.5233333333333333,21875.0,21237.48,Active,Verified,0.0291,0.1274099800185282
SHIP_V_1746,sdv-id-MjqttM,Industrial Chemicals,601,50.0,1513,SHIP_V_1746,11.02,18912.5,18656.49,Active,Verified,0.0135,0.1058302853462979
SHIP_V_1624,sdv-id-PJRDpf,Ready-made Garments,27,8.5,1533,SHIP_V_1624,2.176470588235294,19162.5,18819.04,Active,Verified,0.0179,0.1013687794905508
SHIP_V_1924,sdv-id-ZLPXMF,Ready-made Garments,573,8.5,1833,GHOST_VESSEL_X,66.41176470588235,22912.5,0.0,Disconnected,No_Record,1.0,0.866733672058525
SHIP_V_1063,sdv-id-dSXjcA,Raw Jute,1507,5.0,454,GHOST_VESSEL_X,300.4,5675.0,0.0,Disconnected,No_Record,1.0,0.866733672058525
SHIP_V_1130,sdv-id-MgjGOT,Ready-made Garments,86,8.5,1552,SHIP_V_1130,9.117647058823527,19400.0,19191.7,Active,Verified,0.0107,0.2180967378618618
SHIP_V_1592,sdv-id-oWIEHA,Industrial Chemicals,1597,50.0,526,SHIP_V_1592,30.94,6575.0,6478.48,Active,Verified,0.0147,0.1338901880446829
SHIP_V_1092,sdv-id-gvWHbv,Ready-made Garments,107,8.5,1703,SHIP_V_1092,11.588235294117649,21287.5,20788.44,Active,Verified,0.0234,0.1366936669643474
SHIP_V_1939,sdv-id-kpaEha,Smartphones,203,300.0,737,SHIP_V_1939,-0.3233333333333333,9212.5,8763.89,Active,Verified,0.0487,0.1367241705566311
SHIP_V_1685,sdv-id-UmRusB,Smartphones,526,300.0,1317,SHIP_V_1685,0.7533333333333333,16462.5,15749.76,Active,Verified,0.0433,0.1486798373548326
SHIP_V_1440,sdv-id-fAIYpE,Ready-made Garments,743,8.5,486,GHOST_VESSEL_X,86.41176470588235,6075.0,0.0,Disconnected,No_Record,1.0,0.866733672058525
SHIP_V_1515,sdv-id-hbBSBn,Smartphones,854,300.0,961,SHIP_V_1515,1.846666666666667,12012.5,11772.83,Active,Verified,0.02,0.2298326832759975
SHIP_V_1389,sdv-id-IwZDzZ,Smartphones,533,300.0,603,SHIP_V_1389,0.7766666666666666,7537.5,7461.63,Active,Verified,0.0101,0.1418435582849835
SHIP_V_1299,sdv-id-kDuuFZ,Raw Jute,721,5.0,1285,GHOST_VESSEL_X,143.2,16062.5,0.0,Disconnected,No_Record,1.0,0.866733672058525
SHIP_V_1081,sdv-id-gouldx,Raw Jute,988,5.0,659,GHOST_VESSEL_X,196.6,8237.5,0.0,Disconnected,No_Record,1.0,0.866733672058525
SHIP_V_1041,sdv-id-FKydmo,Raw Jute,102,5.0,1016,SHIP_V_1041,19.4,12700.0,12407.32,Active,Verified,0.023,0.2033255998329961
SHIP_V_1525,sdv-id-TslJNv,Raw Jute,447,5.0,1338,GHOST_VESSEL_X,88.4,16725.0,0.0,Disconnected,No_Record,1.0,0.866733672058525
SHIP_V_1149,sdv-id-pBTmEL,Industrial Chemicals,1025,50.0,1843,SHIP_V_1149,19.5,23037.5,22495.04,Active,Verified,0.0235,0.1147279411209766
SHIP_V_1743,sdv-id-USejrw,Smartphones,399,300.0,305,SHIP_V_1743,0.33,3812.5,3629.85,Active,Verified,0.0479,0.1206377560724747
SHIP_V_1039,sdv-id-TbfEFS,Raw Jute,374,5.0,502,GHOST_VESSEL_X,73.8,6275.0,0.0,Disconnected,No_Record,1.0,0.866733672058525
SHIP_V_1522,sdv-id-MzWRDG,Industrial Chemicals,975,50.0,524,SHIP_V_1522,18.5,6550.0,6270.01,Active,Verified,0.0427,0.2295111290906979
SHIP_V_1966,sdv-id-uQAmrv,Smartphones,172,300.0,277,SHIP_V_1966,-0.4266666666666667,3462.5,3363.59,Active,Verified,0.0286,0.1225052750881172
SHIP_V_1189,sdv-id-PbsXhS,Ready-made Garments,125,8.5,1907,SHIP_V_1189,13.705882352941176,23837.5,23362.28,Active,Verified,0.0199,0.2069979754766526
SHIP_V_1850,sdv-id-qmwOjR,Raw Jute,480,5.0,1718,GHOST_VESSEL_X,95.0,21475.0,0.0,Disconnected,No_Record,1.0,0.866733672058525
SHIP_V_1364,sdv-id-SYzVkk,Industrial Chemicals,295,50.0,761,SHIP_V_1364,4.9,9512.5,9160.7,Active,Verified,0.037,0.2070216954034461
SHIP_V_1944,sdv-id-GKaLXH,Raw Jute,1398,5.0,1072,GHOST_VESSEL_X,278.6,13400.0,0.0,Disconnected,No_Record,1.0,0.866733672058525
SHIP_V_1045,sdv-id-SxvloZ,Industrial Chemicals,1508,50.0,569,SHIP_V_1045,29.16,7112.5,6900.75,Active,Verified,0.0298,0.2277954211748243
SHIP_V_1918,sdv-id-ZeqIYK,Ready-made Garments,1173,8.5,1297,GHOST_VESSEL_X,137.0,16212.5,0.0,Disconnected,No_Record,1.0,0.866733672058525
SHIP_V_1485,sdv-id-daHctd,Smartphones,212,300.0,1763,SHIP_V_1485,-0.2933333333333333,22037.5,21452.33,Active,Verified,0.0266,0.1237859525376159
SHIP_V_1916,sdv-id-BYcgQS,Smartphones,1206,300.0,177,SHIP_V_1916,3.02,2212.5,2167.13,Active,Verified,0.0205,0.2101373898137409
SHIP_V_1481,sdv-id-dcXxqO,Ready-made Garments,204,8.5,941,SHIP_V_1481,23.0,11762.5,11595.07,Active,Verified,0.0142,0.1792698340373293
SHIP_V_1155,sdv-id-VeVWIi,Ready-made Garments,703,8.5,777,GHOST_VESSEL_X,81.70588235294117,9712.5,0.0,Disconnected,No_Record,1.0,0.866733672058525
SHIP_V_1820,sdv-id-zYtxuO,Smartphones,862,300.0,1644,SHIP_V_1820,1.8733333333333333,20550.0,19741.19,Active,Verified,0.0394,0.2078862743351044
SHIP_V_1527,sdv-id-ktXogN,Smartphones,436,300.0,1573,SHIP_V_1527,0.4533333333333333,19662.5,18835.97,Active,Verified,0.042,0.1914425139395601
SHIP_V_1248,sdv-id-tYOZvg,Industrial Chemicals,168,50.0,860,SHIP_V_1248,2.36,10750.0,10242.0,Active,Verified,0.0473,0.1463573687735507
SHIP_V_1677,sdv-id-XCquvH,Industrial Chemicals,1738,50.0,1000,SHIP_V_1677,33.76,12500.0,12062.56,Active,Verified,0.035,0.1876208791279043
SHIP_V_1025,sdv-id-wDEQJh,Solar Panels,1076,120.0,193,SHIP_V_1025,7.966666666666667,2412.5,2345.57,Active,Verified,0.0277,0.2322638906681791
SHIP_V_1706,sdv-id-yilRJP,Solar Panels,451,120.0,1816,SHIP_V_1706,2.7583333333333333,22700.0,21645.88,Active,Verified,0.0464,0.1754836695024031
SHIP_V_1287,sdv-id-HkLhkm,Industrial Chemicals,426,50.0,1900,SHIP_V_1287,7.52,23750.0,22599.58,Active,Verified,0.0484,0.1753048630049514
SHIP_V_1509,sdv-id-JeJhKo,Raw Jute,1310,5.0,201,GHOST_VESSEL_X,261.0,2512.5,0.0,Disconnected,No_Record,1.0,0.866733672058525
SHIP_V_1182,sdv-id-PIznHE,Smartphones,614,300.0,706,SHIP_V_1182,1.0466666666666666,8825.0,8645.12,Active,Verified,0.0204,0.2024401182719267
SHIP_V_1310,sdv-id-QQZxex,Industrial Chemicals,969,50.0,890,SHIP_V_1310,18.38,11125.0,10645.59,Active,Verified,0.0431,0.1785997781046684
SHIP_V_1654,sdv-id-YlzdgK,Ready-made Garments,930,8.5,1327,GHOST_VESSEL_X,108.41176470588236,16587.5,0.0,Disconnected,No_Record,1.0,0.866733672058525
SHIP_V_1517,sdv-id-ZdngFb,Solar Panels,17,120.0,851,SHIP_V_1517,-0.8583333333333333,10637.5,10148.53,Active,Verified,0.046,0.1910691219671462
SHIP_V_1214,sdv-id-BhctGw,Industrial Chemicals,84,50.0,1986,SHIP_V_1214,0.68,24825.0,23756.08,Active,Verified,0.0431,0.1322997786296274
SHIP_V_1864,sdv-id-sHnFJI,Industrial Chemicals,2105,50.0,517,SHIP_V_1864,41.1,6462.5,6172.34,Active,Verified,0.0449,0.150006731436839
SHIP_V_1410,sdv-id-qoeUar,Solar Panels,1003,120.0,1146,SHIP_V_1410,7.358333333333333,14325.0,13732.42,Active,Verified,0.0414,0.2447908179211738
SHIP_V_1145,sdv-id-PdYEhn,Smartphones,381,300.0,150,SHIP_V_1145,0.27,1875.0,1822.62,Active,Verified,0.0279,0.1929646932410862
SHIP_V_1841,sdv-id-dyItYi,Raw Jute,340,5.0,1262,GHOST_VESSEL_X,67.0,15775.0,0.0,Disconnected,No_Record,1.0,0.866733672058525
SHIP_V_1469,sdv-id-pYEcMN,Industrial Chemicals,370,50.0,1845,SHIP_V_1469,6.4,23062.5,22149.82,Active,Verified,0.0396,0.2329891480750009
SHIP_V_1772,sdv-id-PekGdX,Smartphones,187,300.0,1638,SHIP_V_1772,-0.3766666666666666,20475.0,20112.26,Active,Verified,0.0177,0.1343714730093955
SHIP_V_1906,sdv-id-kvuDWJ,Smartphones,994,300.0,1298,SHIP_V_1906,2.3133333333333335,16225.0,15738.51,Active,Verified,0.03,0.2123375846405266
SHIP_V_1948,sdv-id-cSKFix,Smartphones,561,300.0,1666,SHIP_V_1948,0.87,20825.0,19956.01,Active,Verified,0.0417,0.1757206565001031
SHIP_V_1649,sdv-id-bzNmeu,Smartphones,1079,300.0,380,SHIP_V_1649,2.5966666666666667,4750.0,4594.8,Active,Verified,0.0327,0.2256104186643823
SHIP_V_1686,sdv-id-FuppcF,Solar Panels,286,120.0,1954,SHIP_V_1686,1.3833333333333333,24425.0,24173.43,Active,Verified,0.0103,0.2146776094624156
SHIP_V_1432,sdv-id-HIwpra,Smartphones,866,300.0,593,SHIP_V_1432,1.8866666666666667,7412.5,7059.35,Active,Verified,0.0476,0.1489599263013708
SHIP_V_1393,sdv-id-uSunSR,Raw Jute,103,5.0,1911,SHIP_V_1393,19.6,23887.5,23357.34,Active,Verified,0.0222,0.1984041656959499
SHIP_V_1598,sdv-id-TFiAun,Smartphones,1017,300.0,1432,SHIP_V_1598,2.39,17900.0,17129.06,Active,Verified,0.0431,0.1687140128005692
SHIP_V_1505,sdv-id-gkVZVr,Smartphones,908,300.0,1400,SHIP_V_1505,2.026666666666667,17500.0,17119.83,Active,Verified,0.0217,0.2174561228738198
SHIP_V_1408,sdv-id-FdOKHy,Smartphones,848,300.0,1665,SHIP_V_1408,1.8266666666666669,20812.5,19805.64,Active,Verified,0.0484,0.1478251359524483
SHIP_V_1247,sdv-id-BVSBZQ,Raw Jute,270,5.0,1091,SHIP_V_1247,53.0,13637.5,13274.8,Active,Verified,0.0266,0.1543191181334693
SHIP_V_1096,sdv-id-ZmTNXE,Solar Panels,672,120.0,1199,SHIP_V_1096,4.6,14987.5,14391.14,Active,Verified,0.0398,0.2161582979216769
SHIP_V_1650,sdv-id-GsjItZ,Raw Jute,1355,5.0,1305,GHOST_VESSEL_X,270.0,16312.5,0.0,Disconnected,No_Record,1.0,0.866733672058525
SHIP_V_1708,sdv-id-KUionF,Ready-made Garments,49,8.5,1768,SHIP_V_1708,4.764705882352941,22100.0,21698.14,Active,Verified,0.0182,0.2244712444351513
SHIP_V_1665,sdv-id-dxKaSB,Industrial Chemicals,447,50.0,1724,SHIP_V_1665,7.94,21550.0,20489.83,Active,Verified,0.0492,0.1784390168904673
SHIP_V_1650,sdv-id-OmIxNW,Raw Jute,757,5.0,553,GHOST_VESSEL_X,150.4,6912.5,0.0,Disconnected,No_Record,1.0,0.866733672058525
SHIP_V_1740,sdv-id-zpKWWV,Industrial Chemicals,1382,50.0,1024,SHIP_V_1740,26.64,12800.0,12204.92,Active,Verified,0.0465,0.1044451075524046
SHIP_V_1660,sdv-id-UeMsJy,Smartphones,461,300.0,1036,SHIP_V_1660,0.5366666666666666,12950.0,12340.1,Active,Verified,0.0471,0.1945600857084713
SHIP_V_1633,sdv-id-SpJObg,Ready-made Garments,826,8.5,1388,GHOST_VESSEL_X,96.17647058823528,17350.0,0.0,Disconnected,No_Record,1.0,0.866733672058525
SHIP_V_1929,sdv-id-bwwhZM,Ready-made Garments,703,8.5,1974,GHOST_VESSEL_X,81.70588235294117,24675.0,0.0,Disconnected,No_Record,1.0,0.866733672058525
SHIP_V_1933,sdv-id-TsckiS,Raw Jute,2238,5.0,248,GHOST_VESSEL_X,446.6,3100.0,0.0,Disconnected,No_Record,1.0,0.866733672058525
SHIP_V_1336,sdv-id-XWfPMA,Raw Jute,1128,5.0,336,GHOST_VESSEL_X,224.6,4200.0,0.0,Disconnected,No_Record,1.0,0.866733672058525
SHIP_V_1375,sdv-id-PUUGIp,Solar Panels,254,120.0,336,SHIP_V_1375,1.1166666666666667,4200.0,4011.4,Active,Verified,0.0449,0.2074039092964977
SHIP_V_1525,sdv-id-YefHxG,Solar Panels,90,120.0,1962,SHIP_V_1525,-0.25,24525.0,23458.76,Active,Verified,0.0435,0.2228768501008197
SHIP_V_1175,sdv-id-LRXPZe,Raw Jute,563,5.0,1650,GHOST_VESSEL_X,111.6,20625.0,0.0,Disconnected,No_Record,1.0,0.866733672058525
SHIP_V_1719,sdv-id-zWnwcj,Ready-made Garments,919,8.5,367,GHOST_VESSEL_X,107.11764705882354,4587.5,0.0,Disconnected,No_Record,1.0,0.866733672058525
SHIP_V_1048,sdv-id-pCSUmU,Ready-made Garments,214,8.5,1377,SHIP_V_1048,24.176470588235293,17212.5,16978.19,Active,Verified,0.0136,0.1658981270612644
SHIP_V_1771,sdv-id-beAIRp,Solar Panels,13,120.0,935,SHIP_V_1771,-0.8916666666666667,11687.5,11111.56,Active,Verified,0.0493,0.1578031199392516
SHIP_V_1383,sdv-id-gorrAr,Solar Panels,484,120.0,1462,SHIP_V_1383,3.033333333333333,18275.0,18031.41,Active,Verified,0.0133,0.2418754703439199
SHIP_V_1078,sdv-id-zcJnbB,Industrial Chemicals,898,50.0,1056,SHIP_V_1078,16.96,13200.0,13049.14,Active,Verified,0.0114,0.2052782849847981
SHIP_V_1695,sdv-id-MggqNS,Raw Jute,658,5.0,385,GHOST_VESSEL_X,130.6,4812.5,0.0,Disconnected,No_Record,1.0,0.866733672058525
SHIP_V_1562,sdv-id-KVYNOJ,Smartphones,36,300.0,960,SHIP_V_1562,-0.88,12000.0,11675.31,Active,Verified,0.0271,0.2468331167709729
SHIP_V_1494,sdv-id-LkiLKK,Smartphones,431,300.0,648,SHIP_V_1494,0.4366666666666666,8100.0,7979.98,Active,Verified,0.0148,0.2180023072251936
SHIP_V_1772,sdv-id-BtUfTk,Industrial Chemicals,1530,50.0,344,SHIP_V_1772,29.6,4300.0,4120.3,Active,Verified,0.0418,0.144620518632171
SHIP_V_1656,sdv-id-hYPjpc,Raw Jute,285,5.0,935,GHOST_VESSEL_X,56.0,11687.5,0.0,Disconnected,No_Record,1.0,0.866733672058525
SHIP_V_1949,sdv-id-vXhNoc,Smartphones,691,300.0,167,SHIP_V_1949,1.3033333333333332,2087.5,2029.73,Active,Verified,0.0277,0.223970216874335
SHIP_V_1578,sdv-id-SyFBYq,Solar Panels,93,120.0,1792,SHIP_V_1578,-0.225,22400.0,21995.7,Active,Verified,0.018,0.2341781582301758
SHIP_V_1029,sdv-id-exqfcE,Industrial Chemicals,1042,50.0,1007,SHIP_V_1029,19.84,12587.5,12336.11,Active,Verified,0.02,0.2146464498740818
SHIP_V_1863,sdv-id-LsSfRc,Industrial Chemicals,618,50.0,1081,SHIP_V_1863,11.36,13512.5,13000.98,Active,Verified,0.0379,0.1690080442677455
SHIP_V_1881,sdv-id-LXmqIf,Solar Panels,146,120.0,1408,SHIP_V_1881,0.2166666666666666,17600.0,17043.62,Active,Verified,0.0316,0.2215513037237379
SHIP_V_1553,sdv-id-udxtEv,Solar Panels,463,120.0,546,SHIP_V_1553,2.8583333333333334,6825.0,6588.27,Active,Verified,0.0347,0.1378706329456051
SHIP_V_1214,sdv-id-eoPaAd,Ready-made Garments,751,8.5,1656,GHOST_VESSEL_X,87.3529411764706,20700.0,0.0,Disconnected,No_Record,1.0,0.866733672058525
SHIP_V_1518,sdv-id-zXEMNl,Industrial Chemicals,80,50.0,1589,SHIP_V_1518,0.6,19862.5,19037.06,Active,Verified,0.0416,0.2135227287209124
SHIP_V_1073,sdv-id-OITwlf,Raw Jute,2725,5.0,919,GHOST_VESSEL_X,544.0,11487.5,0.0,Disconnected,No_Record,1.0,0.866733672058525
SHIP_V_1993,sdv-id-wZqTXC,Smartphones,453,300.0,389,SHIP_V_1993,0.51,4862.5,4644.32,Active,Verified,0.0449,0.1908949248391738
SHIP_V_1156,sdv-id-JYeZyT,Raw Jute,29,5.0,1265,SHIP_V_1156,4.8,15812.5,15250.14,Active,Verified,0.0356,0.1302543854441936
SHIP_V_1765,sdv-id-QLnAfU,Ready-made Garments,1764,8.5,705,GHOST_VESSEL_X,206.52941176470588,8812.5,0.0,Disconnected,No_Record,1.0,0.866733672058525
SHIP_V_1303,sdv-id-lsXgwj,Ready-made Garments,2419,8.5,300,GHOST_VESSEL_X,283.5882352941176,3750.0,0.0,Disconnected,No_Record,1.0,0.866733672058525
SHIP_V_1415,sdv-id-WoFIxS,Ready-made Garments,310,8.5,1493,SHIP_V_1415,35.470588235294116,18662.5,18392.93,Active,Verified,0.0144,0.151862431800327
SHIP_V_1243,sdv-id-syebyS,Ready-made Garments,1197,8.5,616,GHOST_VESSEL_X,139.8235294117647,7700.0,0.0,Disconnected,No_Record,1.0,0.866733672058525
SHIP_V_1568,sdv-id-qnHTsX,Smartphones,157,300.0,1263,SHIP_V_1568,-0.4766666666666667,15787.5,15413.58,Active,Verified,0.0237,0.1869637616782128
SHIP_V_1198,sdv-id-aNYxtU,Solar Panels,56,120.0,331,SHIP_V_1198,-0.5333333333333333,4137.5,4040.2,Active,Verified,0.0235,0.1896125730126699
SHIP_V_1527,sdv-id-CTIPlt,Raw Jute,698,5.0,1925,GHOST_VESSEL_X,138.6,24062.5,0.0,Disconnected,No_Record,1.0,0.866733672058525
SHIP_V_1486,sdv-id-AKrRVr,Smartphones,266,300.0,281,SHIP_V_1486,-0.1133333333333333,3512.5,3411.43,Active,Verified,0.0288,0.2027752723219831
SHIP_V_1592,sdv-id-jEUQrs,Smartphones,1089,300.0,360,SHIP_V_1592,2.63,4500.0,4350.53,Active,Verified,0.0332,0.1498030249293142
SHIP_V_1808,sdv-id-RvnCIc,Industrial Chemicals,616,50.0,756,SHIP_V_1808,11.32,9450.0,9354.06,Active,Verified,0.0102,0.124687115779829
SHIP_V_1656,sdv-id-ENDcvu,Ready-made Garments,623,8.5,1053,GHOST_VESSEL_X,72.29411764705883,13162.5,0.0,Disconnected,No_Record,1.0,0.866733672058525
SHIP_V_1754,sdv-id-nDsmQk,Ready-made Garments,974,8.5,179,GHOST_VESSEL_X,113.58823529411764,2237.5,0.0,Disconnected,No_Record,1.0,0.866733672058525
SHIP_V_1342,sdv-id-FsOWql,Ready-made Garments,34,8.5,1628,SHIP_V_1342,3.0,20350.0,19678.14,Active,Verified,0.033,0.1806521722829939
SHIP_V_1595,sdv-id-dIAjLy,Raw Jute,567,5.0,106,GHOST_VESSEL_X,112.4,1325.0,0.0,Disconnected,No_Record,1.0,0.866733672058525
SHIP_V_1705,sdv-id-JxQNRj,Ready-made Garments,683,8.5,564,GHOST_VESSEL_X,79.3529411764706,7050.0,0.0,Disconnected,No_Record,1.0,0.866733672058525
SHIP_V_1173,sdv-id-ksqdrS,Ready-made Garments,16,8.5,391,SHIP_V_1173,0.8823529411764706,4887.5,4677.81,Active,Verified,0.0429,0.2418223762023624
SHIP_V_1567,sdv-id-TrvjvO,Industrial Chemicals,619,50.0,1257,SHIP_V_1567,11.38,15712.5,15154.62,Active,Verified,0.0355,0.2234848146329047
SHIP_V_1987,sdv-id-dTDGJN,Ready-made Garments,82,8.5,1132,SHIP_V_1987,8.647058823529411,14150.0,13743.94,Active,Verified,0.0287,0.182608687626693
SHIP_V_1118,sdv-id-azBZhe,Smartphones,505,300.0,1703,SHIP_V_1118,0.6833333333333333,21287.5,20815.22,Active,Verified,0.0222,0.2166256304826959
SHIP_V_1201,sdv-id-dyfkKH,Ready-made Garments,28,8.5,1785,SHIP_V_1201,2.2941176470588234,22312.5,21408.2,Active,Verified,0.0405,0.1261739313403414
SHIP_V_1204,sdv-id-FpziGl,Ready-made Garments,422,8.5,909,SHIP_V_1204,48.64705882352941,11362.5,11225.68,Active,Verified,0.012,0.1808245336297564
SHIP_V_1654,sdv-id-cPYYYZ,Raw Jute,2003,5.0,707,GHOST_VESSEL_X,399.6,8837.5,0.0,Disconnected,No_Record,1.0,0.866733672058525
SHIP_V_1721,sdv-id-PERpka,Raw Jute,2881,5.0,917,GHOST_VESSEL_X,575.2,11462.5,0.0,Disconnected,No_Record,1.0,0.866733672058525
SHIP_V_1827,sdv-id-gJTZsZ,Ready-made Garments,1010,8.5,642,GHOST_VESSEL_X,117.82352941176472,8025.0,0.0,Disconnected,No_Record,1.0,0.866733672058525
SHIP_V_1182,sdv-id-LLUKdF,Industrial Chemicals,994,50.0,1670,SHIP_V_1182,18.88,20875.0,20506.96,Active,Verified,0.0176,0.2010163325097517
SHIP_V_1128,sdv-id-UEoIxv,Smartphones,32,300.0,968,SHIP_V_1128,-0.8933333333333333,12100.0,11601.68,Active,Verified,0.0412,0.123881854926021
SHIP_V_1105,sdv-id-zHgnzL,Raw Jute,1038,5.0,599,GHOST_VESSEL_X,206.6,7487.5,0.0,Disconnected,No_Record,1.0,0.866733672058525
SHIP_V_1148,sdv-id-QHCGfp,Smartphones,2198,300.0,820,SHIP_V_1148,6.326666666666667,10250.0,9910.49,Active,Verified,0.0331,0.1233717571482891
SHIP_V_1986,sdv-id-tNtidb,Industrial Chemicals,764,50.0,1662,SHIP_V_1986,14.28,20775.0,20344.94,Active,Verified,0.0207,0.1425923724772058
SHIP_V_1440,sdv-id-MIKiGz,Smartphones,1646,300.0,1121,SHIP_V_1440,4.486666666666666,14012.5,13778.55,Active,Verified,0.0167,0.1280308286534748
SHIP_V_1312,sdv-id-HBtKwB,Industrial Chemicals,939,50.0,1050,SHIP_V_1312,17.78,13125.0,12666.2,Active,Verified,0.035,0.1748519160214656
SHIP_V_1580,sdv-id-eEuCDF,Smartphones,335,300.0,1486,SHIP_V_1580,0.1166666666666666,18575.0,17897.19,Active,Verified,0.0365,0.2215152876345604
SHIP_V_1481,sdv-id-AozCAi,Smartphones,656,300.0,798,SHIP_V_1481,1.1866666666666668,9975.0,9821.05,Active,Verified,0.0154,0.2209399765229448
SHIP_V_1735,sdv-id-GzOshJ,Ready-made Garments,150,8.5,657,SHIP_V_1735,16.647058823529413,8212.5,8008.45,Active,Verified,0.0248,0.2333409925598933
SHIP_V_1268,sdv-id-gciPbd,Industrial Chemicals,1438,50.0,792,SHIP_V_1268,27.76,9900.0,9529.1,Active,Verified,0.0375,0.2437204704635141
SHIP_V_1906,sdv-id-SXdZEO,Smartphones,105,300.0,653,SHIP_V_1906,-0.65,8162.5,7984.94,Active,Verified,0.0218,0.2432406512599362
SHIP_V_1655,sdv-id-qYuwPH,Industrial Chemicals,859,50.0,983,SHIP_V_1655,16.18,12287.5,11766.63,Active,Verified,0.0424,0.1707966508724169
SHIP_V_1150,sdv-id-BgalzE,Raw Jute,402,5.0,1863,GHOST_VESSEL_X,79.4,23287.5,0.0,Disconnected,No_Record,1.0,0.866733672058525
SHIP_V_1268,sdv-id-cnrPVH,Solar Panels,1400,120.0,1305,SHIP_V_1268,10.666666666666666,16312.5,15501.04,Active,Verified,0.0497,0.1236439700812835
SHIP_V_1358,sdv-id-eDwjFf,Ready-made Garments,76,8.5,1849,SHIP_V_1358,7.9411764705882355,23112.5,22435.56,Active,Verified,0.0293,0.2141112404363488
SHIP_V_1416,sdv-id-AcwulV,Smartphones,31,300.0,1615,SHIP_V_1416,-0.8966666666666666,20187.5,19549.52,Active,Verified,0.0316,0.1195943188155758
SHIP_V_1241,sdv-id-VLohRK,Smartphones,277,300.0,1359,SHIP_V_1241,-0.0766666666666666,16987.5,16749.72,Active,Verified,0.014,0.2146248564463769
SHIP_V_1144,sdv-id-XEHwun,Industrial Chemicals,924,50.0,754,SHIP_V_1144,17.48,9425.0,8972.06,Active,Verified,0.0481,0.1861074792879624
SHIP_V_1723,sdv-id-IIoXoB,Smartphones,47,300.0,1645,SHIP_V_1723,-0.8433333333333334,20562.5,20096.04,Active,Verified,0.0227,0.1550629733521103
SHIP_V_1310,sdv-id-hLxqNC,Smartphones,204,300.0,694,SHIP_V_1310,-0.32,8675.0,8545.53,Active,Verified,0.0149,0.2354815505306191
SHIP_V_1813,sdv-id-pASfGI,Raw Jute,1033,5.0,280,GHOST_VESSEL_X,205.6,3500.0,0.0,Disconnected,No_Record,1.0,0.866733672058525
SHIP_V_1191,sdv-id-idqMPP,Smartphones,120,300.0,1426,SHIP_V_1191,-0.6,17825.0,17235.17,Active,Verified,0.0331,0.2371200573406364
SHIP_V_1565,sdv-id-UvLXOj,Solar Panels,901,120.0,369,SHIP_V_1565,6.508333333333334,4612.5,4516.16,Active,Verified,0.0209,0.1287823051391463
SHIP_V_1448,sdv-id-viWoVa,Ready-made Garments,80,8.5,1493,SHIP_V_1448,8.411764705882353,18662.5,18169.78,Active,Verified,0.0264,0.1580003540963925
SHIP_V_1833,sdv-id-QIAqsc,Ready-made Garments,224,8.5,853,SHIP_V_1833,25.352941176470587,10662.5,10270.6,Active,Verified,0.0368,0.108346606637172
SHIP_V_1201,sdv-id-PeSaNl,Raw Jute,1156,5.0,207,GHOST_VESSEL_X,230.2,2587.5,0.0,Disconnected,No_Record,1.0,0.866733672058525
SHIP_V_1571,sdv-id-dnjiHz,Solar Panels,480,120.0,1106,SHIP_V_1571,3.0,13825.0,13358.17,Active,Verified,0.0338,0.231644759994704
SHIP_V_1881,sdv-id-YDfGfs,Raw Jute,505,5.0,1230,GHOST_VESSEL_X,100.0,15375.0,0.0,Disconnected,No_Record,1.0,0.866733672058525
SHIP_V_1002,sdv-id-ESMfPZ,Smartphones,1320,300.0,1013,SHIP_V_1002,3.4,12662.5,12033.42,Active,Verified,0.0497,0.157963739232382
SHIP_V_1628,sdv-id-HECPog,Industrial Chemicals,1337,50.0,574,SHIP_V_1628,25.74,7175.0,6977.51,Active,Verified,0.0275,0.2150133922291814
SHIP_V_1441,sdv-id-HNkbxD,Raw Jute,1146,5.0,1288,GHOST_VESSEL_X,228.2,16100.0,0.0,Disconnected,No_Record,1.0,0.866733672058525
SHIP_V_1561,sdv-id-SkXuxu,Smartphones,178,300.0,1973,SHIP_V_1561,-0.4066666666666667,24662.5,23925.65,Active,Verified,0.0299,0.1429238011191452
SHIP_V_1497,sdv-id-yRryAM,Solar Panels,280,120.0,1191,SHIP_V_1497,1.3333333333333333,14887.5,14190.98,Active,Verified,0.0468,0.1158008623001969
SHIP_V_1411,sdv-id-eVsWWQ,Solar Panels,1121,120.0,1701,SHIP_V_1411,8.341666666666667,21262.5,20668.12,Active,Verified,0.028,0.1075469181519247
SHIP_V_1258,sdv-id-ElmlKW,Raw Jute,464,5.0,1584,GHOST_VESSEL_X,91.8,19800.0,0.0,Disconnected,No_Record,1.0,0.866733672058525
SHIP_V_1570,sdv-id-oTaGgn,Solar Panels,544,120.0,1418,SHIP_V_1570,3.533333333333333,17725.0,17519.78,Active,Verified,0.0116,0.2369299651354947
SHIP_V_1537,sdv-id-emKZgB,Raw Jute,1089,5.0,150,GHOST_VESSEL_X,216.8,1875.0,0.0,Disconnected,No_Record,1.0,0.866733672058525
SHIP_V_1875,sdv-id-SPwFhD,Raw Jute,611,5.0,1175,GHOST_VESSEL_X,121.2,14687.5,0.0,Disconnected,No_Record,1.0,0.866733672058525
SHIP_V_1186,sdv-id-uEgVff,Smartphones,166,300.0,1185,SHIP_V_1186,-0.4466666666666666,14812.5,14500.91,Active,Verified,0.021,0.1252983146839587
SHIP_V_1834,sdv-id-VyLVPj,Ready-made Garments,171,8.5,1133,SHIP_V_1834,19.11764705882353,14162.5,13663.67,Active,Verified,0.0352,0.1653229021700981
SHIP_V_1158,sdv-id-Reldqu,Industrial Chemicals,638,50.0,1320,SHIP_V_1158,11.76,16500.0,15960.41,Active,Verified,0.0327,0.1941858405545588
SHIP_V_1179,sdv-id-kBbVFn,Ready-made Garments,242,8.5,1470,SHIP_V_1179,27.470588235294116,18375.0,17573.3,Active,Verified,0.0436,0.1359678754324011
SHIP_V_1546,sdv-id-gtnaUZ,Ready-made Garments,494,8.5,836,GHOST_VESSEL_X,57.11764705882353,10450.0,0.0,Disconnected,No_Record,1.0,0.866733672058525
SHIP_V_1276,sdv-id-FZxFnS,Raw Jute,220,5.0,594,SHIP_V_1276,43.0,7425.0,7328.21,Active,Verified,0.013,0.1021323838783434
SHIP_V_1316,sdv-id-EZciXN,Ready-made Garments,309,8.5,1972,SHIP_V_1316,35.35294117647059,24650.0,23729.38,Active,Verified,0.0373,0.1817679365016616
SHIP_V_1639,sdv-id-DAGewn,Ready-made Garments,649,8.5,817,GHOST_VESSEL_X,75.3529411764706,10212.5,0.0,Disconnected,No_Record,1.0,0.866733672058525
SHIP_V_1673,sdv-id-OHZLRe,Industrial Chemicals,1719,50.0,688,SHIP_V_1673,33.38,8600.0,8171.34,Active,Verified,0.0498,0.2369759866111337
SHIP_V_1259,sdv-id-hvrtHt,Smartphones,1722,300.0,530,SHIP_V_1259,4.74,6625.0,6369.15,Active,Verified,0.0386,0.1131877957791819
SHIP_V_1178,sdv-id-QZBTSi,Raw Jute,450,5.0,1023,GHOST_VESSEL_X,89.0,12787.5,0.0,Disconnected,No_Record,1.0,0.866733672058525
SHIP_V_1096,sdv-id-pYduTL,Ready-made Garments,338,8.5,782,SHIP_V_1096,38.76470588235294,9775.0,9658.3,Active,Verified,0.0119,0.2041014939037724
SHIP_V_1860,sdv-id-EWCNMF,Industrial Chemicals,872,50.0,1030,SHIP_V_1860,16.44,12875.0,12395.01,Active,Verified,0.0373,0.1254991600904463
SHIP_V_1927,sdv-id-rnuMYk,Solar Panels,986,120.0,664,SHIP_V_1927,7.216666666666667,8300.0,8003.34,Active,Verified,0.0357,0.2206102921929441
SHIP_V_1885,sdv-id-jWLVFt,Raw Jute,14,5.0,1041,SHIP_V_1885,1.8,13012.5,12420.74,Active,Verified,0.0455,0.1495289031607408
SHIP_V_1895,sdv-id-yTUSmW,Industrial Chemicals,26,50.0,606,SHIP_V_1895,-0.48,7575.0,7359.5,Active,Verified,0.0284,0.1968518527400001
SHIP_V_1024,sdv-id-BeQnIH,Smartphones,761,300.0,1426,SHIP_V_1024,1.5366666666666666,17825.0,17258.01,Active,Verified,0.0318,0.1833136392223056
SHIP_V_1086,sdv-id-ZegeDb,Industrial Chemicals,289,50.0,1967,SHIP_V_1086,4.78,24587.5,24023.25,Active,Verified,0.0229,0.2447840645643333
SHIP_V_1681,sdv-id-CWUKch,Industrial Chemicals,1910,50.0,225,SHIP_V_1681,37.2,2812.5,2706.38,Active,Verified,0.0377,0.2216583619460309
SHIP_V_1467,sdv-id-VxRpIm,Ready-made Garments,29,8.5,1552,SHIP_V_1467,2.411764705882353,19400.0,18911.13,Active,Verified,0.0252,0.1654157508792184
SHIP_V_1010,sdv-id-nEqBZL,Industrial Chemicals,160,50.0,244,SHIP_V_1010,2.2,3050.0,2934.56,Active,Verified,0.0378,0.1510582863582444
SHIP_V_1875,sdv-id-oYmMKr,Ready-made Garments,625,8.5,1833,GHOST_VESSEL_X,72.52941176470588,22912.5,0.0,Disconnected,No_Record,1.0,0.866733672058525
SHIP_V_1616,sdv-id-kjSJFd,Ready-made Garments,697,8.5,1216,GHOST_VESSEL_X,81.0,15200.0,0.0,Disconnected,No_Record,1.0,0.866733672058525
SHIP_V_1831,sdv-id-oIHiLA,Raw Jute,519,5.0,1268,GHOST_VESSEL_X,102.8,15850.0,0.0,Disconnected,No_Record,1.0,0.866733672058525
SHIP_V_1044,sdv-id-avXxuf,Ready-made Garments,704,8.5,1475,GHOST_VESSEL_X,81.82352941176471,18437.5,0.0,Disconnected,No_Record,1.0,0.866733672058525
SHIP_V_1286,sdv-id-dCrcUU,Ready-made Garments,238,8.5,1830,SHIP_V_1286,27.0,22875.0,22556.86,Active,Verified,0.0139,0.2467105291200128
SHIP_V_1212,sdv-id-NtPgzS,Industrial Chemicals,414,50.0,611,SHIP_V_1212,7.28,7637.5,7469.92,Active,Verified,0.0219,0.1020201992670299
SHIP_V_1319,sdv-id-gDowQa,Smartphones,1511,300.0,196,SHIP_V_1319,4.036666666666667,2450.0,2331.0,Active,Verified,0.0486,0.1182803940313251
SHIP_V_1604,sdv-id-hBeuIe,Smartphones,1278,300.0,179,SHIP_V_1604,3.26,2237.5,2145.47,Active,Verified,0.0411,0.1100472179461128
SHIP_V_1590,sdv-id-pCpUNC,Solar Panels,1674,120.0,1431,SHIP_V_1590,12.95,17887.5,17469.0,Active,Verified,0.0234,0.12365312416545
SHIP_V_1526,sdv-id-EyHelG,Ready-made Garments,896,8.5,755,GHOST_VESSEL_X,104.41176470588236,9437.5,0.0,Disconnected,No_Record,1.0,0.866733672058525
SHIP_V_1110,sdv-id-ECifdB,Industrial Chemicals,1328,50.0,1445,SHIP_V_1110,25.56,18062.5,17629.91,Active,Verified,0.0239,0.2347789957329683
SHIP_V_1905,sdv-id-wuIaho,Raw Jute,1124,5.0,346,GHOST_VESSEL_X,223.8,4325.0,0.0,Disconnected,No_Record,1.0,0.866733672058525
SHIP_V_1110,sdv-id-HmEMqm,Industrial Chemicals,241,50.0,853,SHIP_V_1110,3.82,10662.5,10231.51,Active,Verified,0.0404,0.2248773538325733
SHIP_V_1296,sdv-id-kZbNIT,Raw Jute,833,5.0,1388,GHOST_VESSEL_X,165.6,17350.0,0.0,Disconnected,No_Record,1.0,0.866733672058525
SHIP_V_1753,sdv-id-HUgVmP,Raw Jute,506,5.0,883,GHOST_VESSEL_X,100.2,11037.5,0.0,Disconnected,No_Record,1.0,0.866733672058525
SHIP_V_1996,sdv-id-jeqdfS,Smartphones,857,300.0,1348,SHIP_V_1996,1.856666666666667,16850.0,16593.61,Active,Verified,0.0152,0.1559530647516945
SHIP_V_1289,sdv-id-wjBEze,Ready-made Garments,85,8.5,810,SHIP_V_1289,9.0,10125.0,9732.71,Active,Verified,0.0387,0.2174311022827649
SHIP_V_1687,sdv-id-NvpCTT,Ready-made Garments,82,8.5,1170,SHIP_V_1687,8.647058823529411,14625.0,14041.88,Active,Verified,0.0399,0.1354665513532326
SHIP_V_1312,sdv-id-RClfZQ,Raw Jute,1290,5.0,885,GHOST_VESSEL_X,257.0,11062.5,0.0,Disconnected,No_Record,1.0,0.866733672058525
SHIP_V_1867,sdv-id-DaZXJz,Raw Jute,169,5.0,1674,SHIP_V_1867,32.8,20925.0,20014.52,Active,Verified,0.0435,0.2265715889412555
SHIP_V_1996,sdv-id-GvQNSx,Smartphones,352,300.0,918,SHIP_V_1996,0.1733333333333333,11475.0,10943.08,Active,Verified,0.0464,0.1225649642927698
SHIP_V_1163,sdv-id-meWcxk,Raw Jute,553,5.0,287,GHOST_VESSEL_X,109.6,3587.5,0.0,Disconnected,No_Record,1.0,0.866733672058525
SHIP_V_1925,sdv-id-jgQqoM,Smartphones,620,300.0,240,SHIP_V_1925,1.0666666666666669,3000.0,2853.31,Active,Verified,0.0489,0.14807378306684
SHIP_V_1005,sdv-id-dTboxU,Smartphones,1044,300.0,1328,SHIP_V_1005,2.48,16600.0,16173.12,Active,Verified,0.0257,0.1569909936755573
SHIP_V_1450,sdv-id-RsXzaY,Industrial Chemicals,410,50.0,928,SHIP_V_1450,7.2,11600.0,11102.52,Active,Verified,0.0429,0.1614323339404416
SHIP_V_1016,sdv-id-VsEkRy,Smartphones,317,300.0,1046,SHIP_V_1016,0.0566666666666666,13075.0,12632.51,Active,Verified,0.0338,0.1008244833958352
SHIP_V_1363,sdv-id-UqdaVi,Smartphones,249,300.0,1607,SHIP_V_1363,-0.17,20087.5,19207.78,Active,Verified,0.0438,0.2231915867841906
SHIP_V_1244,sdv-id-MPcLem,Raw Jute,467,5.0,641,GHOST_VESSEL_X,92.4,8012.5,0.0,Disconnected,No_Record,1.0,0.866733672058525
SHIP_V_1273,sdv-id-WfEPsN,Ready-made Garments,1194,8.5,1020,GHOST_VESSEL_X,139.47058823529412,12750.0,0.0,Disconnected,No_Record,1.0,0.866733672058525
SHIP_V_1497,sdv-id-HrlBjV,Solar Panels,99,120.0,1154,SHIP_V_1497,-0.175,14425.0,13839.25,Active,Verified,0.0406,0.1552712875515254
SHIP_V_1460,sdv-id-LWGYlM,Smartphones,618,300.0,1790,SHIP_V_1460,1.06,22375.0,21686.39,Active,Verified,0.0308,0.2484378300947594
SHIP_V_1371,sdv-id-KTRYZm,Ready-made Garments,75,8.5,1860,SHIP_V_1371,7.823529411764706,23250.0,22148.6,Active,Verified,0.0474,0.172164260120523
SHIP_V_1063,sdv-id-lnLKHq,Raw Jute,1005,5.0,1963,GHOST_VESSEL_X,200.0,24537.5,0.0,Disconnected,No_Record,1.0,0.866733672058525
SHIP_V_1331,sdv-id-Dwiope,Smartphones,709,300.0,1923,SHIP_V_1331,1.3633333333333333,24037.5,23597.89,Active,Verified,0.0183,0.2258680016431033
SHIP_V_1988,sdv-id-lMTLIR,Smartphones,1329,300.0,355,SHIP_V_1988,3.43,4437.5,4240.26,Active,Verified,0.0444,0.1658572608461593
SHIP_V_1469,sdv-id-InDCbM,Solar Panels,131,120.0,1306,SHIP_V_1469,0.0916666666666666,16325.0,15535.57,Active,Verified,0.0484,0.170832546152574
SHIP_V_1835,sdv-id-JBuazH,Solar Panels,116,120.0,1681,SHIP_V_1835,-0.0333333333333333,21012.5,20208.54,Active,Verified,0.0383,0.1115790476282774
SHIP_V_1720,sdv-id-jCokFv,Smartphones,605,300.0,1134,SHIP_V_1720,1.0166666666666666,14175.0,13633.03,Active,Verified,0.0382,0.2356188445816143
SHIP_V_1678,sdv-id-BVxNYA,Smartphones,1636,300.0,876,SHIP_V_1678,4.453333333333333,10950.0,10648.78,Active,Verified,0.0275,0.1398998961884374
SHIP_V_1943,sdv-id-aelPnc,Industrial Chemicals,675,50.0,1319,SHIP_V_1943,12.5,16487.5,15804.5,Active,Verified,0.0414,0.2339956969114533
SHIP_V_1784,sdv-id-CYhAHV,Industrial Chemicals,648,50.0,568,SHIP_V_1784,11.96,7100.0,6972.77,Active,Verified,0.0179,0.2152225589176387
SHIP_V_1839,sdv-id-BdmUgt,Ready-made Garments,1545,8.5,638,GHOST_VESSEL_X,180.76470588235293,7975.0,0.0,Disconnected,No_Record,1.0,0.866733672058525
SHIP_V_1181,sdv-id-uRcqsE,Smartphones,366,300.0,1903,SHIP_V_1181,0.22,23787.5,23500.38,Active,Verified,0.0121,0.1096593748782749
SHIP_V_1911,sdv-id-kZUHXP,Raw Jute,1324,5.0,837,GHOST_VESSEL_X,263.8,10462.5,0.0,Disconnected,No_Record,1.0,0.866733672058525
SHIP_V_1565,sdv-id-Jnjxea,Solar Panels,1980,120.0,553,SHIP_V_1565,15.5,6912.5,6584.04,Active,Verified,0.0475,0.1847299397928582
SHIP_V_1484,sdv-id-MpTxAw,Solar Panels,579,120.0,275,SHIP_V_1484,3.825,3437.5,3356.98,Active,Verified,0.0234,0.1950769687706356
SHIP_V_1668,sdv-id-bLgYbS,Solar Panels,40,120.0,1668,SHIP_V_1668,-0.6666666666666666,20850.0,20376.11,Active,Verified,0.0227,0.1869476960739124
SHIP_V_1106,sdv-id-gAMlFG,Solar Panels,432,120.0,1967,SHIP_V_1106,2.6,24587.5,23775.34,Active,Verified,0.033,0.1809041032892176
SHIP_V_1005,sdv-id-eezYzL,Solar Panels,155,120.0,1119,SHIP_V_1005,0.2916666666666667,13987.5,13546.56,Active,Verified,0.0315,0.1748464176851614
SHIP_V_1439,sdv-id-CALqBR,Solar Panels,158,120.0,272,SHIP_V_1439,0.3166666666666666,3400.0,3258.79,Active,Verified,0.0415,0.2427012821185296
SHIP_V_1479,sdv-id-Ycozfj,Solar Panels,1095,120.0,461,SHIP_V_1479,8.125,5762.5,5701.0,Active,Verified,0.0107,0.1546793950946355
SHIP_V_1695,sdv-id-KpnXOI,Raw Jute,2086,5.0,1883,GHOST_VESSEL_X,416.2,23537.5,0.0,Disconnected,No_Record,1.0,0.866733672058525
SHIP_V_1306,sdv-id-dqEWFF,Ready-made Garments,1984,8.5,414,GHOST_VESSEL_X,232.41176470588235,5175.0,0.0,Disconnected,No_Record,1.0,0.866733672058525
SHIP_V_1451,sdv-id-wooUJb,Smartphones,531,300.0,997,SHIP_V_1451,0.77,12462.5,11946.8,Active,Verified,0.0414,0.1040497999738292
SHIP_V_1797,sdv-id-bWReSc,Raw Jute,596,5.0,1549,GHOST_VESSEL_X,118.2,19362.5,0.0,Disconnected,No_Record,1.0,0.866733672058525
SHIP_V_1216,sdv-id-rKtQjM,Smartphones,419,300.0,386,SHIP_V_1216,0.3966666666666666,4825.0,4741.65,Active,Verified,0.0173,0.2498675344912778
SHIP_V_1355,sdv-id-kJHZtg,Industrial Chemicals,1313,50.0,1735,SHIP_V_1355,25.26,21687.5,20984.57,Active,Verified,0.0324,0.1028434850469669
SHIP_V_1881,sdv-id-lwAuxo,Raw Jute,784,5.0,881,GHOST_VESSEL_X,155.8,11012.5,0.0,Disconnected,No_Record,1.0,0.866733672058525
SHIP_V_1913,sdv-id-UiJPjo,Raw Jute,660,5.0,673,GHOST_VESSEL_X,131.0,8412.5,0.0,Disconnected,No_Record,1.0,0.866733672058525
SHIP_V_1706,sdv-id-hUeMdP,Smartphones,568,300.0,619,SHIP_V_1706,0.8933333333333333,7737.5,7471.59,Active,Verified,0.0344,0.1262068284523573
SHIP_V_1414,sdv-id-VDhcfN,Smartphones,685,300.0,126,SHIP_V_1414,1.2833333333333334,1575.0,1516.31,Active,Verified,0.0373,0.1494516762223113
SHIP_V_1420,sdv-id-qXitJD,Raw Jute,1263,5.0,646,GHOST_VESSEL_X,251.6,8075.0,0.0,Disconnected,No_Record,1.0,0.866733672058525
SHIP_V_1248,sdv-id-XStURN,Industrial Chemicals,1853,50.0,388,SHIP_V_1248,36.06,4850.0,4694.33,Active,Verified,0.0321,0.1645593792029049
SHIP_V_1498,sdv-id-kCudob,Ready-made Garments,670,8.5,566,GHOST_VESSEL_X,77.82352941176471,7075.0,0.0,Disconnected,No_Record,1.0,0.866733672058525
SHIP_V_1909,sdv-id-THjGgd,Raw Jute,768,5.0,669,GHOST_VESSEL_X,152.6,8362.5,0.0,Disconnected,No_Record,1.0,0.866733672058525
SHIP_V_1332,sdv-id-nTAdxt,Raw Jute,545,5.0,988,GHOST_VESSEL_X,108.0,12350.0,0.0,Disconnected,No_Record,1.0,0.866733672058525
SHIP_V_1604,sdv-id-lzGVYO,Ready-made Garments,73,8.5,1236,SHIP_V_1604,7.588235294117647,15450.0,15187.93,Active,Verified,0.017,0.2062823240938416
SHIP_V_1526,sdv-id-cqzRCT,Raw Jute,1091,5.0,769,GHOST_VESSEL_X,217.2,9612.5,0.0,Disconnected,No_Record,1.0,0.866733672058525
SHIP_V_1819,sdv-id-bgNnnK,Ready-made Garments,767,8.5,176,GHOST_VESSEL_X,89.23529411764706,2200.0,0.0,Disconnected,No_Record,1.0,0.866733672058525
SHIP_V_1193,sdv-id-XdAlhu,Industrial Chemicals,299,50.0,704,SHIP_V_1193,4.98,8800.0,8455.81,Active,Verified,0.0391,0.2194269542997936
SHIP_V_1227,sdv-id-FiJTeZ,Raw Jute,565,5.0,1003,GHOST_VESSEL_X,112.0,12537.5,0.0,Disconnected,No_Record,1.0,0.866733672058525
SHIP_V_1426,sdv-id-MhkXso,Ready-made Garments,904,8.5,1474,GHOST_VESSEL_X,105.3529411764706,18425.0,0.0,Disconnected,No_Record,1.0,0.866733672058525
SHIP_V_1811,sdv-id-aqNDTb,Industrial Chemicals,214,50.0,1742,SHIP_V_1811,3.28,21775.0,21483.2,Active,Verified,0.0134,0.2155993608755837
SHIP_V_1923,sdv-id-pGpqMG,Ready-made Garments,575,8.5,1389,GHOST_VESSEL_X,66.6470588235294,17362.5,0.0,Disconnected,No_Record,1.0,0.866733672058525
SHIP_V_1349,sdv-id-UsKOsz,Industrial Chemicals,1072,50.0,462,SHIP_V_1349,20.44,5775.0,5557.62,Active,Verified,0.0376,0.1068826287692495
SHIP_V_1124,sdv-id-isTEmf,Industrial Chemicals,131,50.0,856,SHIP_V_1124,1.62,10700.0,10572.86,Active,Verified,0.0119,0.1287121556039921
SHIP_V_1336,sdv-id-TlEdqE,Raw Jute,631,5.0,1366,GHOST_VESSEL_X,125.2,17075.0,0.0,Disconnected,No_Record,1.0,0.866733672058525
SHIP_V_1306,sdv-id-VgVtQs,Solar Panels,48,120.0,437,SHIP_V_1306,-0.6,5462.5,5338.57,Active,Verified,0.0227,0.22505654066249
SHIP_V_1568,sdv-id-RikmQa,Smartphones,896,300.0,1791,SHIP_V_1568,1.9866666666666664,22387.5,21943.95,Active,Verified,0.0198,0.1564680465581353
SHIP_V_1912,sdv-id-sJVxHo,Industrial Chemicals,439,50.0,830,SHIP_V_1912,7.78,10375.0,9963.49,Active,Verified,0.0397,0.1383662880290152
SHIP_V_1023,sdv-id-GDvcWg,Ready-made Garments,973,8.5,1429,GHOST_VESSEL_X,113.47058823529412,17862.5,0.0,Disconnected,No_Record,1.0,0.866733672058525
SHIP_V_1972,sdv-id-IxKwox,Solar Panels,290,120.0,303,SHIP_V_1972,1.4166666666666667,3787.5,3656.0,Active,Verified,0.0347,0.1300658574367779
SHIP_V_1439,sdv-id-RmLxtv,Raw Jute,16,5.0,1000,SHIP_V_1439,2.2,12500.0,12032.68,Active,Verified,0.0374,0.1716896364627879
SHIP_V_1151,sdv-id-bFjjXs,Ready-made Garments,23,8.5,1036,SHIP_V_1151,1.7058823529411764,12950.0,12600.71,Active,Verified,0.027,0.1757685095875723
SHIP_V_1998,sdv-id-DXIPem,Industrial Chemicals,2129,50.0,1176,SHIP_V_1998,41.58,14700.0,14219.37,Active,Verified,0.0327,0.1428058897957054
SHIP_V_1052,sdv-id-OCsFTI,Solar Panels,999,120.0,887,SHIP_V_1052,7.325,11087.5,10645.58,Active,Verified,0.0399,0.127667375446786
SHIP_V_1942,sdv-id-jRAtrB,Ready-made Garments,254,8.5,1986,SHIP_V_1942,28.88235294117647,24825.0,24158.55,Active,Verified,0.0268,0.2424044303355161
SHIP_V_1468,sdv-id-sIzjeR,Ready-made Garments,301,8.5,234,SHIP_V_1468,34.411764705882355,2925.0,2870.59,Active,Verified,0.0186,0.1940157060934099
