doc_id,swift_msg_id,commodity,unit_price,market_avg,qty,vessel_id,price_deviation
SHIP_V_1959,sdv-id-KXflHB,Smartphones,200,300.0,430,SHIP_V_1959,-0.3333333333333333
SHIP_V_1790,sdv-id-LPnayA,Raw Jute,244,5.0,239,SHIP_V_1790,47.8
SHIP_V_1456,sdv-id-vkCnEy,Ready-made Garments,778,8.5,240,SHIP_V_1456,90.52941176470588
SHIP_V_1465,sdv-id-McJTYT,Smartphones,167,300.0,760,SHIP_V_1465,-0.4433333333333333
SHIP_V_1354,sdv-id-eQNtcD,Solar Panels,1187,120.0,1499,SHIP_V_1354,8.891666666666667
SHIP_V_1201,sdv-id-rQAkkY,Raw Jute,1177,5.0,1719,SHIP_V_1201,234.4
SHIP_V_1737,sdv-id-rTRGvq,Smartphones,422,300.0,1125,SHIP_V_1737,0.4066666666666667
SHIP_V_1187,sdv-id-SseGwh,Smartphones,290,300.0,1712,SHIP_V_1187,-0.0333333333333333
SHIP_V_1097,sdv-id-InBqfh,Smartphones,1746,300.0,331,SHIP_V_1097,4.82
SHIP_V_1031,sdv-id-aObYgo,Raw Jute,845,5.0,1641,SHIP_V_1031,168.0
SHIP_V_1111,sdv-id-mCQaoC,Smartphones,1389,300.0,510,SHIP_V_1111,3.63
SHIP_V_1680,sdv-id-JFDLhg,Ready-made Garments,459,8.5,1054,SHIP_V_1680,53.0
SHIP_V_1125,sdv-id-VHdBHo,Ready-made Garments,795,8.5,164,SHIP_V_1125,92.52941176470588
SHIP_V_1357,sdv-id-mIXKLO,Industrial Chemicals,251,50.0,1709,SHIP_V_1357,4.02
SHIP_V_1137,sdv-id-ANqLkR,Smartphones,554,300.0,110,SHIP_V_1137,0.8466666666666667
SHIP_V_1973,sdv-id-fiIpgE,Industrial Chemicals,1117,50.0,136,SHIP_V_1973,21.34
SHIP_V_1567,sdv-id-AAWqRk,Solar Panels,385,120.0,324,SHIP_V_1567,2.2083333333333335
SHIP_V_1406,sdv-id-qGerPJ,Ready-made Garments,3270,8.5,317,SHIP_V_1406,383.7058823529411
SHIP_V_1398,sdv-id-tvWwDr,Solar Panels,66,120.0,1862,SHIP_V_1398,-0.45
SHIP_V_1362,sdv-id-bSzXvd,Solar Panels,811,120.0,1822,SHIP_V_1362,5.758333333333334
SHIP_V_1229,sdv-id-SIwLtu,Solar Panels,235,120.0,1432,SHIP_V_1229,0.9583333333333334
SHIP_V_1796,sdv-id-wMvuxa,Industrial Chemicals,560,50.0,889,SHIP_V_1796,10.2
SHIP_V_1444,sdv-id-GHSYjL,Raw Jute,104,5.0,1351,SHIP_V_1444,19.8
SHIP_V_1572,sdv-id-RHYsNY,Smartphones,1905,300.0,1833,SHIP_V_1572,5.35
SHIP_V_1512,sdv-id-ERnigt,Industrial Chemicals,1576,50.0,110,SHIP_V_1512,30.52
SHIP_V_1342,sdv-id-bgcHHZ,Industrial Chemicals,929,50.0,158,SHIP_V_1342,17.58
SHIP_V_1794,sdv-id-LGBAvM,Solar Panels,25,120.0,1751,SHIP_V_1794,-0.7916666666666666
SHIP_V_1242,sdv-id-DMIKJF,Raw Jute,879,5.0,171,SHIP_V_1242,174.8
SHIP_V_1937,sdv-id-ZaTCVl,Smartphones,1857,300.0,900,SHIP_V_1937,5.19
SHIP_V_1456,sdv-id-ptKuoS,Industrial Chemicals,989,50.0,258,SHIP_V_1456,18.78
SHIP_V_1894,sdv-id-isoLaP,Ready-made Garments,332,8.5,1090,SHIP_V_1894,38.05882352941177
SHIP_V_1620,sdv-id-HgkSjW,Raw Jute,198,5.0,174,SHIP_V_1620,38.6
SHIP_V_1045,sdv-id-iAheaj,Smartphones,2236,300.0,1562,SHIP_V_1045,6.453333333333333
SHIP_V_1528,sdv-id-jgriey,Solar Panels,1277,120.0,618,SHIP_V_1528,9.641666666666667
SHIP_V_1346,sdv-id-JDBMHE,Smartphones,1544,300.0,1076,SHIP_V_1346,4.1466666666666665
SHIP_V_1584,sdv-id-QJpQeb,Ready-made Garments,481,8.5,367,SHIP_V_1584,55.588235294117645
SHIP_V_1258,sdv-id-QlqiIe,Smartphones,247,300.0,1571,SHIP_V_1258,-0.1766666666666666
SHIP_V_1916,sdv-id-xcSrJL,Raw Jute,896,5.0,755,SHIP_V_1916,178.2
SHIP_V_1694,sdv-id-wflWqO,Industrial Chemicals,1484,50.0,1681,SHIP_V_1694,28.68
SHIP_V_1524,sdv-id-vCRNKe,Solar Panels,701,120.0,1257,SHIP_V_1524,4.841666666666667
SHIP_V_1479,sdv-id-YIzOxh,Smartphones,681,300.0,1836,SHIP_V_1479,1.27
SHIP_V_1902,sdv-id-HcZyQf,Smartphones,247,300.0,1155,SHIP_V_1902,-0.1766666666666666
SHIP_V_1261,sdv-id-bHgrBl,Smartphones,524,300.0,1846,SHIP_V_1261,0.7466666666666667
SHIP_V_1445,sdv-id-HnkMea,Industrial Chemicals,866,50.0,1991,SHIP_V_1445,16.32
SHIP_V_1960,sdv-id-rcLbvH,Smartphones,670,300.0,1395,SHIP_V_1960,1.2333333333333334
SHIP_V_1580,sdv-id-bFYqtz,Ready-made Garments,83,8.5,1827,SHIP_V_1580,8.764705882352942
SHIP_V_1255,sdv-id-zsDZzF,Smartphones,1352,300.0,1478,SHIP_V_1255,3.506666666666667
SHIP_V_1985,sdv-id-zHpLrv,Raw Jute,563,5.0,1802,SHIP_V_1985,111.6
SHIP_V_1735,sdv-id-qEdAsK,Raw Jute,384,5.0,294,SHIP_V_1735,75.8
SHIP_V_1266,sdv-id-NKPoTP,Industrial Chemicals,316,50.0,1561,SHIP_V_1266,5.32
SHIP_V_1969,sdv-id-rfLDlp,Smartphones,1061,300.0,1593,SHIP_V_1969,2.536666666666666
SHIP_V_1470,sdv-id-VDuTIj,Solar Panels,408,120.0,1860,SHIP_V_1470,2.4
SHIP_V_1695,sdv-id-jmHrWu,Smartphones,1163,300.0,1642,SHIP_V_1695,2.8766666666666665
SHIP_V_1607,sdv-id-kyvZSh,Ready-made Garments,627,8.5,605,SHIP_V_1607,72.76470588235294
SHIP_V_1537,sdv-id-quvNTo,Industrial Chemicals,997,50.0,1877,SHIP_V_1537,18.94
SHIP_V_1460,sdv-id-xhNNgb,Raw Jute,986,5.0,634,SHIP_V_1460,196.2
SHIP_V_1590,sdv-id-lelKfQ,Solar Panels,292,120.0,1939,SHIP_V_1590,1.4333333333333331
SHIP_V_1650,sdv-id-PpziYJ,Ready-made Garments,858,8.5,1112,SHIP_V_1650,99.94117647058825
SHIP_V_1998,sdv-id-sGaOjG,Raw Jute,881,5.0,298,SHIP_V_1998,175.2
SHIP_V_1697,sdv-id-ODkETf,Smartphones,1754,300.0,466,SHIP_V_1697,4.846666666666667
SHIP_V_1142,sdv-id-SZZBmc,Raw Jute,450,5.0,253,SHIP_V_1142,89.0
SHIP_V_1072,sdv-id-UJeuOi,Ready-made Garments,368,8.5,1977,SHIP_V_1072,42.294117647058826
SHIP_V_1855,sdv-id-RLAswq,Ready-made Garments,548,8.5,1012,SHIP_V_1855,63.47058823529411
SHIP_V_1328,sdv-id-dJwooA,Raw Jute,1015,5.0,778,SHIP_V_1328,202.0
SHIP_V_1417,sdv-id-uzwRuG,Ready-made Garments,762,8.5,249,SHIP_V_1417,88.6470588235294
SHIP_V_1466,sdv-id-ahUILm,Smartphones,737,300.0,1656,SHIP_V_1466,1.4566666666666668
SHIP_V_1897,sdv-id-rsvuYw,Smartphones,1772,300.0,800,SHIP_V_1897,4.906666666666666
SHIP_V_1580,sdv-id-ASOjaa,Ready-made Garments,856,8.5,1696,SHIP_V_1580,99.70588235294116
SHIP_V_1170,sdv-id-arnbcZ,Ready-made Garments,179,8.5,491,SHIP_V_1170,20.058823529411764
SHIP_V_1147,sdv-id-RSOkVG,Industrial Chemicals,581,50.0,438,SHIP_V_1147,10.62
SHIP_V_1119,sdv-id-teiLNC,Smartphones,921,300.0,1206,SHIP_V_1119,2.07
SHIP_V_1326,sdv-id-PBLiRX,Industrial Chemicals,748,50.0,1279,SHIP_V_1326,13.96
SHIP_V_1823,sdv-id-mOEXAG,Solar Panels,282,120.0,1912,SHIP_V_1823,1.35
SHIP_V_1975,sdv-id-iECpPc,Smartphones,347,300.0,1712,SHIP_V_1975,0.1566666666666666
SHIP_V_1130,sdv-id-reHVij,Smartphones,205,300.0,1548,SHIP_V_1130,-0.3166666666666666
SHIP_V_1295,sdv-id-EduxQB,Ready-made Garments,667,8.5,1564,SHIP_V_1295,77.47058823529412
SHIP_V_1835,sdv-id-HCnOhT,Industrial Chemicals,1175,50.0,1339,SHIP_V_1835,22.5
SHIP_V_1517,sdv-id-lTYuaP,Smartphones,994,300.0,1943,SHIP_V_1517,2.3133333333333335
SHIP_V_1885,sdv-id-tLuwGT,Ready-made Garments,392,8.5,1584,SHIP_V_1885,45.11764705882353
SHIP_V_1640,sdv-id-nuDxuD,Smartphones,37,300.0,500,SHIP_V_1640,-0.8766666666666667
SHIP_V_1368,sdv-id-fwjddh,Ready-made Garments,162,8.5,1667,SHIP_V_1368,18.058823529411764
SHIP_V_1232,sdv-id-KzCFVN,Solar Panels,185,120.0,1423,SHIP_V_1232,0.5416666666666666
SHIP_V_1538,sdv-id-tXFgVl,Ready-made Garments,193,8.5,1289,SHIP_V_1538,21.705882352941178
SHIP_V_1947,sdv-id-BmwUNA,Solar Panels,414,120.0,1941,SHIP_V_1947,2.45
SHIP_V_1194,sdv-id-InmWQA,Ready-made Garments,1721,8.5,915,SHIP_V_1194,201.47058823529412
SHIP_V_1845,sdv-id-AwtSXZ,Industrial Chemicals,1144,50.0,1241,SHIP_V_1845,21.88
SHIP_V_1025,sdv-id-LQrFOB,Ready-made Garments,282,8.5,1537,SHIP_V_1025,32.1764705882353
SHIP_V_1713,sdv-id-gpxoUB,Industrial Chemicals,230,50.0,136,SHIP_V_1713,3.6
SHIP_V_1010,sdv-id-LXjZxC,Ready-made Garments,161,8.5,1217,SHIP_V_1010,17.941176470588236
SHIP_V_1211,sdv-id-ihWjmS,Smartphones,530,300.0,1952,SHIP_V_1211,0.7666666666666667
SHIP_V_1187,sdv-id-brjjab,Ready-made Garments,1249,8.5,1478,SHIP_V_1187,145.94117647058823
SHIP_V_1978,sdv-id-nScJrP,Solar Panels,155,120.0,846,SHIP_V_1978,0.2916666666666667
SHIP_V_1850,sdv-id-ugysjG,Ready-made Garments,554,8.5,1885,SHIP_V_1850,64.17647058823529
SHIP_V_1997,sdv-id-VECNnx,Solar Panels,2435,120.0,1172,SHIP_V_1997,19.291666666666668
SHIP_V_1526,sdv-id-TGSZmc,Industrial Chemicals,1535,50.0,955,SHIP_V_1526,29.7
SHIP_V_1205,sdv-id-fyQnVN,Smartphones,434,300.0,285,SHIP_V_1205,0.4466666666666666
SHIP_V_1791,sdv-id-QUyrMF,Raw Jute,1144,5.0,485,SHIP_V_1791,227.8
SHIP_V_1636,sdv-id-eEtDqj,Solar Panels,324,120.0,1713,SHIP_V_1636,1.7
SHIP_V_1114,sdv-id-AsKpaE,Raw Jute,73,5.0,1684,SHIP_V_1114,13.6
SHIP_V_1228,sdv-id-GOwsNV,Smartphones,259,300.0,189,SHIP_V_1228,-0.1366666666666666
SHIP_V_1652,sdv-id-QXjKcE,Solar Panels,146,120.0,895,SHIP_V_1652,0.2166666666666666
SHIP_V_1428,sdv-id-mGngQP,Industrial Chemicals,1381,50.0,896,SHIP_V_1428,26.62
SHIP_V_1622,sdv-id-bBKEKe,Industrial Chemicals,1004,50.0,974,SHIP_V_1622,19.08
SHIP_V_1458,sdv-id-qZwYMp,Industrial Chemicals,1158,50.0,1829,SHIP_V_1458,22.16
SHIP_V_1692,sdv-id-ZNiszx,Raw Jute,2233,5.0,1285,SHIP_V_1692,445.6
SHIP_V_1814,sdv-id-ovvCis,Smartphones,2278,300.0,604,SHIP_V_1814,6.593333333333334
SHIP_V_1498,sdv-id-RabGOG,Smartphones,1686,300.0,261,SHIP_V_1498,4.62
SHIP_V_1118,sdv-id-KnsggH,Smartphones,1087,300.0,131,SHIP_V_1118,2.6233333333333335
SHIP_V_1433,sdv-id-zaCthu,Raw Jute,157,5.0,780,SHIP_V_1433,30.4
SHIP_V_1335,sdv-id-XWHvxX,Raw Jute,316,5.0,1706,SHIP_V_1335,62.2
SHIP_V_1879,sdv-id-IUnSLC,Ready-made Garments,106,8.5,411,SHIP_V_1879,11.470588235294118
SHIP_V_1275,sdv-id-dpKSFA,Raw Jute,60,5.0,1045,SHIP_V_1275,11.0
SHIP_V_1561,sdv-id-xOaHig,Smartphones,361,300.0,859,SHIP_V_1561,0.2033333333333333
SHIP_V_1594,sdv-id-QYtaSC,Smartphones,247,300.0,1228,SHIP_V_1594,-0.1766666666666666
SHIP_V_1969,sdv-id-jwwjYI,Smartphones,298,300.0,211,SHIP_V_1969,-0.0066666666666666
SHIP_V_1012,sdv-id-ZvHcgC,Solar Panels,556,120.0,1314,SHIP_V_1012,3.6333333333333337
SHIP_V_1459,sdv-id-StToqy,Solar Panels,632,120.0,115,SHIP_V_1459,4.266666666666667
SHIP_V_1230,sdv-id-ATeuDA,Smartphones,824,300.0,561,SHIP_V_1230,1.7466666666666666
SHIP_V_1655,sdv-id-TyaeFn,Smartphones,673,300.0,1339,SHIP_V_1655,1.2433333333333334
SHIP_V_1927,sdv-id-LRCBWF,Solar Panels,339,120.0,638,SHIP_V_1927,1.825
SHIP_V_1549,sdv-id-lTpOWO,Industrial Chemicals,546,50.0,549,SHIP_V_1549,9.92
SHIP_V_1891,sdv-id-LttFDN,Smartphones,17,300.0,1291,SHIP_V_1891,-0.9433333333333334
SHIP_V_1808,sdv-id-aMaiYM,Industrial Chemicals,1618,50.0,191,SHIP_V_1808,31.36
SHIP_V_1693,sdv-id-rywoRb,Solar Panels,147,120.0,1456,SHIP_V_1693,0.225
SHIP_V_1691,sdv-id-WaJCSd,Smartphones,466,300.0,944,SHIP_V_1691,0.5533333333333333
SHIP_V_1517,sdv-id-dRHhfW,Raw Jute,1215,5.0,1695,SHIP_V_1517,242.0
SHIP_V_1471,sdv-id-dZOIaA,Industrial Chemicals,1886,50.0,1126,SHIP_V_1471,36.72
SHIP_V_1415,sdv-id-qpIwbh,Industrial Chemicals,539,50.0,818,SHIP_V_1415,9.78
SHIP_V_1416,sdv-id-tZdnVh,Smartphones,1466,300.0,534,SHIP_V_1416,3.8866666666666663
SHIP_V_1219,sdv-id-mNjQyn,Industrial Chemicals,100,50.0,1872,SHIP_V_1219,1.0
SHIP_V_1859,sdv-id-DiDjJH,Smartphones,805,300.0,630,SHIP_V_1859,1.6833333333333331
SHIP_V_1630,sdv-id-Qtaqbg,Solar Panels,889,120.0,893,SHIP_V_1630,6.408333333333333
SHIP_V_1504,sdv-id-CyMuiG,Smartphones,796,300.0,783,SHIP_V_1504,1.653333333333333
SHIP_V_1166,sdv-id-ywbaLY,Raw Jute,309,5.0,1751,SHIP_V_1166,60.8
SHIP_V_1050,sdv-id-YmgPMS,Ready-made Garments,126,8.5,953,SHIP_V_1050,13.823529411764708
SHIP_V_1530,sdv-id-HfFtHg,Smartphones,1278,300.0,1286,SHIP_V_1530,3.26
SHIP_V_1863,sdv-id-aUtLxL,Smartphones,457,300.0,1106,SHIP_V_1863,0.5233333333333333
SHIP_V_1212,sdv-id-sHKxhd,Smartphones,857,300.0,290,SHIP_V_1212,1.856666666666667
SHIP_V_1198,sdv-id-aJMeij,Smartphones,837,300.0,1205,SHIP_V_1198,1.79
SHIP_V_1215,sdv-id-mFxLli,Industrial Chemicals,1447,50.0,601,SHIP_V_1215,27.94
SHIP_V_1128,sdv-id-bbfWNy,Industrial Chemicals,919,50.0,359,SHIP_V_1128,17.38
SHIP_V_1005,sdv-id-HMqmDN,Raw Jute,354,5.0,1197,SHIP_V_1005,69.8
SHIP_V_1507,sdv-id-yBctAh,Solar Panels,335,120.0,1149,SHIP_V_1507,1.7916666666666667
SHIP_V_1231,sdv-id-TKqeLm,Smartphones,53,300.0,1383,SHIP_V_1231,-0.8233333333333334
SHIP_V_1477,sdv-id-NEOOka,Ready-made Garments,1277,8.5,847,SHIP_V_1477,149.23529411764707
SHIP_V_1681,sdv-id-RknAlU,Industrial Chemicals,591,50.0,1065,SHIP_V_1681,10.82
SHIP_V_1456,sdv-id-PIfMVp,Ready-made Garments,480,8.5,1827,SHIP_V_1456,55.47058823529411
SHIP_V_1917,sdv-id-EmXIwk,Smartphones,662,300.0,1322,SHIP_V_1917,1.2066666666666668
SHIP_V_1270,sdv-id-sCnbnh,Ready-made Garments,1563,8.5,360,SHIP_V_1270,182.8823529411765
SHIP_V_1285,sdv-id-agstDl,Raw Jute,196,5.0,1223,SHIP_V_1285,38.2
SHIP_V_1219,sdv-id-bJzLbu,Ready-made Garments,816,8.5,1439,SHIP_V_1219,95.0
SHIP_V_1609,sdv-id-ZGDGOA,Solar Panels,887,120.0,1302,SHIP_V_1609,6.391666666666667
SHIP_V_1416,sdv-id-WuxJKx,Smartphones,43,300.0,299,SHIP_V_1416,-0.8566666666666667
SHIP_V_1271,sdv-id-YvRwxj,Ready-made Garments,351,8.5,391,SHIP_V_1271,40.294117647058826
SHIP_V_1172,sdv-id-UKACFs,Industrial Chemicals,1048,50.0,1187,SHIP_V_1172,19.96
SHIP_V_1453,sdv-id-JbKfQi,Smartphones,1107,300.0,497,SHIP_V_1453,2.69
SHIP_V_1325,sdv-id-RqUUqM,Ready-made Garments,2240,8.5,175,SHIP_V_1325,262.52941176470586
SHIP_V_1054,sdv-id-xNrXDK,Industrial Chemicals,451,50.0,696,SHIP_V_1054,8.02
SHIP_V_1399,sdv-id-aEcxzb,Raw Jute,1251,5.0,1750,SHIP_V_1399,249.2
SHIP_V_1186,sdv-id-UtaJmU,Smartphones,751,300.0,1138,SHIP_V_1186,1.5033333333333334
SHIP_V_1489,sdv-id-hwcgtL,Industrial Chemicals,1993,50.0,377,SHIP_V_1489,38.86
SHIP_V_1545,sdv-id-SsqnIf,Smartphones,139,300.0,1661,SHIP_V_1545,-0.5366666666666666
SHIP_V_1547,sdv-id-inqxsq,Raw Jute,326,5.0,1891,SHIP_V_1547,64.2
SHIP_V_1349,sdv-id-XSviyE,Solar Panels,139,120.0,1791,SHIP_V_1349,0.1583333333333333
SHIP_V_1521,sdv-id-gRtzqb,Smartphones,127,300.0,1258,SHIP_V_1521,-0.5766666666666667
SHIP_V_1635,sdv-id-BXsaXP,Raw Jute,608,5.0,914,SHIP_V_1635,120.6
SHIP_V_1610,sdv-id-SnUfKo,Raw Jute,755,5.0,1963,SHIP_V_1610,150.0
SHIP_V_1965,sdv-id-yOKdeI,Industrial Chemicals,316,50.0,685,SHIP_V_1965,5.32
SHIP_V_1897,sdv-id-fDExOr,Ready-made Garments,1924,8.5,246,SHIP_V_1897,225.35294117647055
SHIP_V_1854,sdv-id-yMGoZF,Smartphones,1464,300.0,266,SHIP_V_1854,3.88
SHIP_V_1088,sdv-id-isIFmd,Smartphones,161,300.0,799,SHIP_V_1088,-0.4633333333333333
SHIP_V_1446,sdv-id-FMrZJS,Smartphones,63,300.0,1261,SHIP_V_1446,-0.79
SHIP_V_1532,sdv-id-LORXQz,Industrial Chemicals,2158,50.0,1238,SHIP_V_1532,42.16
SHIP_V_1077,sdv-id-OVtSbV,Industrial Chemicals,393,50.0,421,SHIP_V_1077,6.86
SHIP_V_1819,sdv-id-jUJRIn,Industrial Chemicals,2221,50.0,301,SHIP_V_1819,43.42
SHIP_V_1265,sdv-id-WIiZDL,Ready-made Garments,448,8.5,1820,SHIP_V_1265,51.705882352941174
SHIP_V_1082,sdv-id-ilqnHr,Ready-made Garments,527,8.5,890,SHIP_V_1082,61.0
SHIP_V_1233,sdv-id-auBVBR,Industrial Chemicals,924,50.0,797,SHIP_V_1233,17.48
SHIP_V_1840,sdv-id-SwQMjG,Solar Panels,845,120.0,521,SHIP_V_1840,6.041666666666667
SHIP_V_1391,sdv-id-RCkxRg,Smartphones,194,300.0,176,SHIP_V_1391,-0.3533333333333333
SHIP_V_1338,sdv-id-svYOJr,Ready-made Garments,401,8.5,1107,SHIP_V_1338,46.1764705882353
SHIP_V_1265,sdv-id-ivygQg,Ready-made Garments,1862,8.5,1031,SHIP_V_1265,218.05882352941177
SHIP_V_1116,sdv-id-RvvHzz,Smartphones,683,300.0,1918,SHIP_V_1116,1.2766666666666666
SHIP_V_1839,sdv-id-WJkBxE,Solar Panels,62,120.0,1142,SHIP_V_1839,-0.4833333333333333
SHIP_V_1798,sdv-id-FMIlHE,Smartphones,484,300.0,1046,SHIP_V_1798,0.6133333333333333
SHIP_V_1319,sdv-id-xNQZFS,Smartphones,101,300.0,517,SHIP_V_1319,-0.6633333333333333
SHIP_V_1943,sdv-id-UKKpVe,Raw Jute,798,5.0,159,SHIP_V_1943,158.6
SHIP_V_1349,sdv-id-AgAQHG,Solar Panels,139,120.0,1844,SHIP_V_1349,0.1583333333333333
SHIP_V_1132,sdv-id-DZCQbD,Solar Panels,1269,120.0,658,SHIP_V_1132,9.575
SHIP_V_1284,sdv-id-IZqYJI,Smartphones,608,300.0,655,SHIP_V_1284,1.0266666666666666
SHIP_V_1308,sdv-id-ovglxJ,Ready-made Garments,931,8.5,1706,SHIP_V_1308,108.52941176470588
SHIP_V_1508,sdv-id-YrGfwt,Industrial Chemicals,1537,50.0,668,SHIP_V_1508,29.74
SHIP_V_1031,sdv-id-kdNDMg,Raw Jute,435,5.0,1611,SHIP_V_1031,86.0
SHIP_V_1306,sdv-id-ZewfMJ,Solar Panels,1430,120.0,939,SHIP_V_1306,10.916666666666666
SHIP_V_1307,sdv-id-JfAquu,Ready-made Garments,1545,8.5,807,SHIP_V_1307,180.76470588235293
SHIP_V_1173,sdv-id-BdcvyO,Smartphones,498,300.0,160,SHIP_V_1173,0.66
SHIP_V_1073,sdv-id-LoQfRw,Smartphones,2031,300.0,1529,SHIP_V_1073,5.77
SHIP_V_1871,sdv-id-IsGskT,Industrial Chemicals,957,50.0,188,SHIP_V_1871,18.14
SHIP_V_1951,sdv-id-BCmuUP,Industrial Chemicals,401,50.0,1839,SHIP_V_1951,7.02
SHIP_V_1574,sdv-id-WeNnpC,Solar Panels,1219,120.0,1109,SHIP_V_1574,9.158333333333331
SHIP_V_1289,sdv-id-EdRRmQ,Smartphones,1327,300.0,628,SHIP_V_1289,3.4233333333333333
SHIP_V_1725,sdv-id-oKTFSL,Smartphones,633,300.0,655,SHIP_V_1725,1.11
SHIP_V_1039,sdv-id-sNepGL,Industrial Chemicals,1522,50.0,950,SHIP_V_1039,29.44
SHIP_V_1868,sdv-id-fJuLrJ,Industrial Chemicals,794,50.0,1669,SHIP_V_1868,14.88
SHIP_V_1625,sdv-id-RRZjEg,Solar Panels,252,120.0,840,SHIP_V_1625,1.1
SHIP_V_1285,sdv-id-lOYkup,Solar Panels,1530,120.0,850,SHIP_V_1285,11.75
SHIP_V_1761,sdv-id-oAKtFS,Solar Panels,993,120.0,387,SHIP_V_1761,7.275
SHIP_V_1790,sdv-id-qMOftk,Ready-made Garments,95,8.5,1695,SHIP_V_1790,10.176470588235292
SHIP_V_1993,sdv-id-tPQSHK,Industrial Chemicals,1376,50.0,272,SHIP_V_1993,26.52
SHIP_V_1105,sdv-id-TEMmFR,Industrial Chemicals,613,50.0,1300,SHIP_V_1105,11.26
SHIP_V_1069,sdv-id-KIieHl,Smartphones,800,300.0,1100,SHIP_V_1069,1.6666666666666667
SHIP_V_1619,sdv-id-FIjhbH,Solar Panels,1039,120.0,1296,SHIP_V_1619,7.658333333333333
SHIP_V_1460,sdv-id-UceQUV,Solar Panels,2283,120.0,328,SHIP_V_1460,18.025
SHIP_V_1778,sdv-id-BVSAFo,Industrial Chemicals,1334,50.0,257,SHIP_V_1778,25.68
SHIP_V_1279,sdv-id-gggOri,Smartphones,284,300.0,822,SHIP_V_1279,-0.0533333333333333
SHIP_V_1690,sdv-id-vwogBA,Industrial Chemicals,759,50.0,1818,SHIP_V_1690,14.18
SHIP_V_1443,sdv-id-eYzfbR,Ready-made Garments,1067,8.5,769,SHIP_V_1443,124.52941176470588
SHIP_V_1228,sdv-id-WNMpSG,Solar Panels,822,120.0,447,SHIP_V_1228,5.85
SHIP_V_1646,sdv-id-FfyByo,Raw Jute,1024,5.0,1896,SHIP_V_1646,203.8
SHIP_V_1032,sdv-id-SbLUNd,Raw Jute,47,5.0,406,SHIP_V_1032,8.4
SHIP_V_1583,sdv-id-wUjtlL,Raw Jute,593,5.0,1984,SHIP_V_1583,117.6
SHIP_V_1123,sdv-id-hQeUTZ,Industrial Chemicals,556,50.0,1334,SHIP_V_1123,10.12
SHIP_V_1603,sdv-id-UlIXNB,Industrial Chemicals,848,50.0,681,SHIP_V_1603,15.96
SHIP_V_1388,sdv-id-BTLArD,Industrial Chemicals,1002,50.0,792,SHIP_V_1388,19.04
SHIP_V_1199,sdv-id-Zkadza,Solar Panels,566,120.0,1457,SHIP_V_1199,3.716666666666667
SHIP_V_1129,sdv-id-EccnPu,Ready-made Garments,2140,8.5,1156,SHIP_V_1129,250.76470588235293
SHIP_V_1872,sdv-id-HTctnQ,Solar Panels,183,120.0,1380,SHIP_V_1872,0.525
SHIP_V_1185,sdv-id-YLAMjE,Ready-made Garments,306,8.5,122,SHIP_V_1185,35.0
SHIP_V_1096,sdv-id-gzpdkV,Smartphones,1312,300.0,402,SHIP_V_1096,3.3733333333333335
SHIP_V_1279,sdv-id-fcGaMq,Ready-made Garments,1405,8.5,1307,SHIP_V_1279,164.2941176470588
SHIP_V_1517,sdv-id-ERadia,Raw Jute,1485,5.0,1479,SHIP_V_1517,296.0
SHIP_V_1827,sdv-id-PoZHJR,Industrial Chemicals,735,50.0,1139,SHIP_V_1827,13.7
SHIP_V_1562,sdv-id-KPEuTl,Smartphones,781,300.0,407,SHIP_V_1562,1.6033333333333333
SHIP_V_1733,sdv-id-qYsROB,Ready-made Garments,931,8.5,1118,SHIP_V_1733,108.52941176470588
SHIP_V_1541,sdv-id-snGkcu,Solar Panels,379,120.0,1131,SHIP_V_1541,2.158333333333333
SHIP_V_1150,sdv-id-FPmYsN,Industrial Chemicals,809,50.0,405,SHIP_V_1150,15.18
SHIP_V_1123,sdv-id-ACVWuH,Ready-made Garments,1251,8.5,755,SHIP_V_1123,146.1764705882353
SHIP_V_1920,sdv-id-uwjfTF,Industrial Chemicals,1168,50.0,610,SHIP_V_1920,22.36
SHIP_V_1909,sdv-id-FrqPvH,Industrial Chemicals,196,50.0,393,SHIP_V_1909,2.92
SHIP_V_1013,sdv-id-URCLvn,Ready-made Garments,290,8.5,1778,SHIP_V_1013,33.11764705882353
SHIP_V_1710,sdv-id-QaiyOg,Smartphones,2034,300.0,867,SHIP_V_1710,5.78
SHIP_V_1347,sdv-id-MYUTdo,Ready-made Garments,57,8.5,902,SHIP_V_1347,5.705882352941177
SHIP_V_1629,sdv-id-GrmHqE,Raw Jute,1686,5.0,219,SHIP_V_1629,336.2
SHIP_V_1673,sdv-id-RpBjam,Solar Panels,670,120.0,1097,SHIP_V_1673,4.583333333333333
SHIP_V_1278,sdv-id-IPXcrz,Smartphones,456,300.0,479,SHIP_V_1278,0.52
SHIP_V_1869,sdv-id-UPlndN,Industrial Chemicals,983,50.0,507,SHIP_V_1869,18.66
SHIP_V_1997,sdv-id-LnRbIQ,Industrial Chemicals,1126,50.0,1073,SHIP_V_1997,21.52
SHIP_V_1262,sdv-id-xQPpge,Raw Jute,1943,5.0,834,SHIP_V_1262,387.6
SHIP_V_1228,sdv-id-SABCSE,Industrial Chemicals,2570,50.0,1184,SHIP_V_1228,50.4
SHIP_V_1314,sdv-id-IXzHBC,Solar Panels,48,120.0,920,SHIP_V_1314,-0.6
SHIP_V_1019,sdv-id-tGSPQP,Raw Jute,370,5.0,1342,SHIP_V_1019,73.0
SHIP_V_1868,sdv-id-NvRqRz,Smartphones,611,300.0,661,SHIP_V_1868,1.0366666666666666
SHIP_V_1322,sdv-id-rRugvj,Industrial Chemicals,396,50.0,1306,SHIP_V_1322,6.92
SHIP_V_1086,sdv-id-NtfCUo,Smartphones,1337,300.0,401,SHIP_V_1086,3.4566666666666666
SHIP_V_1843,sdv-id-nIBQAM,Solar Panels,1064,120.0,524,SHIP_V_1843,7.866666666666666
SHIP_V_1892,sdv-id-IAAzrU,Industrial Chemicals,87,50.0,1067,SHIP_V_1892,0.74
SHIP_V_1986,sdv-id-Iwwwfz,Smartphones,498,300.0,1137,SHIP_V_1986,0.66
SHIP_V_1626,sdv-id-mcsdCv,Smartphones,1761,300.0,422,SHIP_V_1626,4.87
SHIP_V_1421,sdv-id-NHKAKX,Solar Panels,219,120.0,1639,SHIP_V_1421,0.825
SHIP_V_1324,sdv-id-YnzoeO,Smartphones,140,300.0,753,SHIP_V_1324,-0.5333333333333333
SHIP_V_1875,sdv-id-JWFVgZ,Ready-made Garments,743,8.5,910,SHIP_V_1875,86.41176470588235
SHIP_V_1868,sdv-id-BkaqgO,Solar Panels,1015,120.0,501,SHIP_V_1868,7.458333333333333
SHIP_V_1473,sdv-id-SysOsH,Ready-made Garments,1936,8.5,781,SHIP_V_1473,226.76470588235293
SHIP_V_1950,sdv-id-CFSBMU,Industrial Chemicals,1022,50.0,1689,SHIP_V_1950,19.44
SHIP_V_1448,sdv-id-JnadmU,Ready-made Garments,638,8.5,1232,SHIP_V_1448,74.05882352941177
SHIP_V_1803,sdv-id-juqQLs,Industrial Chemicals,1591,50.0,1103,SHIP_V_1803,30.82
SHIP_V_1991,sdv-id-hxqhPW,Industrial Chemicals,659,50.0,217,SHIP_V_1991,12.18
SHIP_V_1440,sdv-id-kcrVrj,Ready-made Garments,270,8.5,171,SHIP_V_1440,30.764705882352946
SHIP_V_1362,sdv-id-NHxMZF,Industrial Chemicals,1584,50.0,1069,SHIP_V_1362,30.68
SHIP_V_1870,sdv-id-IyBWlh,Industrial Chemicals,470,50.0,1848,SHIP_V_1870,8.4
SHIP_V_1608,sdv-id-DiXcmR,Ready-made Garments,794,8.5,616,SHIP_V_1608,92.41176470588236
SHIP_V_1190,sdv-id-IQoBVP,Smartphones,224,300.0,547,SHIP_V_1190,-0.2533333333333333
SHIP_V_1656,sdv-id-zepoRy,Smartphones,39,300.0,1580,SHIP_V_1656,-0.87
SHIP_V_1522,sdv-id-lkXhwA,Smartphones,558,300.0,203,SHIP_V_1522,0.86
SHIP_V_1656,sdv-id-caHiaB,Smartphones,1126,300.0,202,SHIP_V_1656,2.7533333333333334
SHIP_V_1442,sdv-id-DMcAeL,Solar Panels,907,120.0,191,SHIP_V_1442,6.558333333333334
SHIP_V_1870,sdv-id-XXflXo,Industrial Chemicals,733,50.0,275,SHIP_V_1870,13.66
SHIP_V_1216,sdv-id-rSWEIq,Industrial Chemicals,970,50.0,688,SHIP_V_1216,18.4
SHIP_V_1324,sdv-id-wqNdna,Ready-made Garments,633,8.5,109,SHIP_V_1324,73.47058823529412
SHIP_V_1699,sdv-id-KUQMPi,Ready-made Garments,1235,8.5,746,SHIP_V_1699,144.2941176470588
SHIP_V_1500,sdv-id-uokJND,Ready-made Garments,676,8.5,1496,SHIP_V_1500,78.52941176470588
SHIP_V_1382,sdv-id-HcNejr,Industrial Chemicals,749,50.0,144,SHIP_V_1382,13.98
SHIP_V_1980,sdv-id-mFNSUb,Raw Jute,2170,5.0,506,SHIP_V_1980,433.0
SHIP_V_1150,sdv-id-cWCioI,Smartphones,902,300.0,1462,SHIP_V_1150,2.006666666666667
SHIP_V_1234,sdv-id-zDTtFF,Smartphones,411,300.0,1976,SHIP_V_1234,0.37
SHIP_V_1114,sdv-id-QzZTyG,Solar Panels,1274,120.0,1962,SHIP_V_1114,9.616666666666667
SHIP_V_1985,sdv-id-Etvtns,Industrial Chemicals,1576,50.0,1345,SHIP_V_1985,30.52
SHIP_V_1746,sdv-id-hkyNMp,Smartphones,314,300.0,1833,SHIP_V_1746,0.0466666666666666
SHIP_V_1218,sdv-id-mDOGXH,Solar Panels,394,120.0,117,SHIP_V_1218,2.283333333333333
SHIP_V_1582,sdv-id-Tknjkf,Smartphones,143,300.0,982,SHIP_V_1582,-0.5233333333333333
SHIP_V_1517,sdv-id-yuYYeG,Ready-made Garments,2202,8.5,1282,SHIP_V_1517,258.05882352941177
SHIP_V_1854,sdv-id-GaGCOD,Raw Jute,290,5.0,1771,SHIP_V_1854,57.0
SHIP_V_1573,sdv-id-ZiQZxm,Smartphones,1741,300.0,1230,SHIP_V_1573,4.803333333333334
SHIP_V_1217,sdv-id-LzHstH,Solar Panels,1269,120.0,780,SHIP_V_1217,9.575
SHIP_V_1348,sdv-id-KUNVIO,Smartphones,1197,300.0,329,SHIP_V_1348,2.99
SHIP_V_1929,sdv-id-cyqLof,Industrial Chemicals,262,50.0,1668,SHIP_V_1929,4.24
SHIP_V_1424,sdv-id-rCOrkB,Ready-made Garments,135,8.5,1772,SHIP_V_1424,14.882352941176473
SHIP_V_1344,sdv-id-WqlRzN,Industrial Chemicals,2273,50.0,950,SHIP_V_1344,44.46
SHIP_V_1661,sdv-id-WKOObp,Ready-made Garments,1194,8.5,209,SHIP_V_1661,139.47058823529412
SHIP_V_1666,sdv-id-GZkTcY,Ready-made Garments,359,8.5,226,SHIP_V_1666,41.23529411764706
SHIP_V_1827,sdv-id-gIbYMS,Smartphones,159,300.0,1067,SHIP_V_1827,-0.47
SHIP_V_1460,sdv-id-TupatC,Smartphones,423,300.0,527,SHIP_V_1460,0.41
SHIP_V_1675,sdv-id-DlqDLp,Solar Panels,757,120.0,1401,SHIP_V_1675,5.308333333333334
SHIP_V_1804,sdv-id-zsKWPk,Solar Panels,404,120.0,1900,SHIP_V_1804,2.3666666666666667
SHIP_V_1127,sdv-id-wbcGPt,Solar Panels,66,120.0,1654,SHIP_V_1127,-0.45
SHIP_V_1121,sdv-id-WPlOQY,Solar Panels,328,120.0,500,SHIP_V_1121,1.7333333333333334
SHIP_V_1181,sdv-id-ifaveg,Smartphones,753,300.0,1518,SHIP_V_1181,1.51
SHIP_V_1720,sdv-id-MDPSLE,Raw Jute,126,5.0,194,SHIP_V_1720,24.2
SHIP_V_1108,sdv-id-NTxEUG,Raw Jute,556,5.0,602,SHIP_V_1108,110.2
SHIP_V_1048,sdv-id-fNibYy,Ready-made Garments,91,8.5,1250,SHIP_V_1048,9.705882352941176
SHIP_V_1230,sdv-id-zksIVJ,Smartphones,190,300.0,1092,SHIP_V_1230,-0.3666666666666666
SHIP_V_1151,sdv-id-uQVluE,Solar Panels,99,120.0,1302,SHIP_V_1151,-0.175
SHIP_V_1109,sdv-id-OOaJKZ,Raw Jute,835,5.0,405,SHIP_V_1109,166.0
SHIP_V_1818,sdv-id-KRFMAO,Raw Jute,491,5.0,1576,SHIP_V_1818,97.2
SHIP_V_1220,sdv-id-UvtECl,Solar Panels,31,120.0,811,SHIP_V_1220,-0.7416666666666667
SHIP_V_1519,sdv-id-mhAdgr,Raw Jute,213,5.0,1329,SHIP_V_1519,41.6
SHIP_V_1952,sdv-id-YQHMgH,Ready-made Garments,857,8.5,744,SHIP_V_1952,99.82352941176472
SHIP_V_1522,sdv-id-aQUbDA,Solar Panels,469,120.0,460,SHIP_V_1522,2.908333333333333
SHIP_V_1396,sdv-id-wqoPWl,Smartphones,692,300.0,114,SHIP_V_1396,1.3066666666666666
SHIP_V_1704,sdv-id-gCUhQW,Smartphones,429,300.0,1460,SHIP_V_1704,0.43
SHIP_V_1905,sdv-id-TNClge,Smartphones,222,300.0,1300,SHIP_V_1905,-0.26
SHIP_V_1198,sdv-id-rzwhKD,Raw Jute,1106,5.0,1708,SHIP_V_1198,220.2
SHIP_V_1946,sdv-id-NRQchK,Smartphones,44,300.0,1729,SHIP_V_1946,-0.8533333333333334
SHIP_V_1867,sdv-id-oyVLKl,Industrial Chemicals,925,50.0,612,SHIP_V_1867,17.5
SHIP_V_1926,sdv-id-gJITZq,Solar Panels,391,120.0,905,SHIP_V_1926,2.2583333333333333
SHIP_V_1175,sdv-id-wfkwFU,Smartphones,199,300.0,1649,SHIP_V_1175,-0.3366666666666666
SHIP_V_1071,sdv-id-oNILwu,Smartphones,326,300.0,1618,SHIP_V_1071,0.0866666666666666
SHIP_V_1918,sdv-id-DoeRIz,Industrial Chemicals,542,50.0,1870,SHIP_V_1918,9.84
SHIP_V_1160,sdv-id-wwtoIs,Raw Jute,542,5.0,1157,SHIP_V_1160,107.4
SHIP_V_1158,sdv-id-NBDpaX,Solar Panels,130,120.0,1909,SHIP_V_1158,0.0833333333333333
SHIP_V_1405,sdv-id-bQBxVY,Ready-made Garments,663,8.5,1697,SHIP_V_1405,77.0
SHIP_V_1407,sdv-id-HrgRxf,Solar Panels,375,120.0,1976,SHIP_V_1407,2.125
SHIP_V_1059,sdv-id-ZeqnCi,Industrial Chemicals,491,50.0,1543,SHIP_V_1059,8.82
SHIP_V_1408,sdv-id-muBOLK,Industrial Chemicals,899,50.0,268,SHIP_V_1408,16.98
SHIP_V_1127,sdv-id-djftCd,Industrial Chemicals,1695,50.0,343,SHIP_V_1127,32.9
SHIP_V_1458,sdv-id-NywMdh,Solar Panels,1356,120.0,780,SHIP_V_1458,10.3
SHIP_V_1578,sdv-id-YwUMEo,Industrial Chemicals,210,50.0,1639,SHIP_V_1578,3.2
SHIP_V_1649,sdv-id-zVaBxh,Raw Jute,1858,5.0,366,SHIP_V_1649,370.6
SHIP_V_1695,sdv-id-AoMOhg,Industrial Chemicals,1147,50.0,333,SHIP_V_1695,21.94
SHIP_V_1391,sdv-id-zNhbcf,Solar Panels,635,120.0,1266,SHIP_V_1391,4.291666666666667
SHIP_V_1182,sdv-id-GVfJyH,Smartphones,23,300.0,1000,SHIP_V_1182,-0.9233333333333332
SHIP_V_1508,sdv-id-RxAAuP,Industrial Chemicals,641,50.0,802,SHIP_V_1508,11.82
SHIP_V_1043,sdv-id-Oxqchl,Industrial Chemicals,82,50.0,371,SHIP_V_1043,0.64
SHIP_V_1799,sdv-id-YOvloW,Industrial Chemicals,695,50.0,1704,SHIP_V_1799,12.9
SHIP_V_1496,sdv-id-yRiLJE,Ready-made Garments,572,8.5,380,SHIP_V_1496,66.29411764705883
SHIP_V_1680,sdv-id-DzMouk,Smartphones,515,300.0,1611,SHIP_V_1680,0.7166666666666667
SHIP_V_1063,sdv-id-mKYpUD,Smartphones,197,300.0,1294,SHIP_V_1063,-0.3433333333333333
SHIP_V_1525,sdv-id-bmeJWe,Ready-made Garments,174,8.5,1178,SHIP_V_1525,19.470588235294116
SHIP_V_1704,sdv-id-YXqXRl,Smartphones,393,300.0,1127,SHIP_V_1704,0.31
SHIP_V_1590,sdv-id-nWQhmL,Raw Jute,394,5.0,1099,SHIP_V_1590,77.8
SHIP_V_1852,sdv-id-DtKXTF,Raw Jute,443,5.0,1846,SHIP_V_1852,87.6
SHIP_V_1092,sdv-id-dRtPID,Ready-made Garments,1102,8.5,308,SHIP_V_1092,128.64705882352942
SHIP_V_1416,sdv-id-pqyRKF,Ready-made Garments,1439,8.5,808,SHIP_V_1416,168.2941176470588
SHIP_V_1214,sdv-id-aDPpIV,Ready-made Garments,203,8.5,1185,SHIP_V_1214,22.88235294117647
SHIP_V_1915,sdv-id-nfiUGP,Smartphones,476,300.0,1856,SHIP_V_1915,0.5866666666666667
SHIP_V_1549,sdv-id-PdJJji,Industrial Chemicals,1634,50.0,1627,SHIP_V_1549,31.68
SHIP_V_1711,sdv-id-qfUmtn,Industrial Chemicals,376,50.0,158,SHIP_V_1711,6.52
SHIP_V_1280,sdv-id-KnZDLa,Industrial Chemicals,543,50.0,1359,SHIP_V_1280,9.86
SHIP_V_1720,sdv-id-UWQsUE,Raw Jute,213,5.0,1435,SHIP_V_1720,41.6
SHIP_V_1109,sdv-id-WdomfN,Industrial Chemicals,1360,50.0,820,SHIP_V_1109,26.2
SHIP_V_1453,sdv-id-FEeAzA,Industrial Chemicals,714,50.0,1332,SHIP_V_1453,13.28
SHIP_V_1622,sdv-id-iBUTKk,Smartphones,165,300.0,688,SHIP_V_1622,-0.45
SHIP_V_1554,sdv-id-RlAoKS,Smartphones,219,300.0,369,SHIP_V_1554,-0.27
SHIP_V_1940,sdv-id-VMNKQR,Solar Panels,170,120.0,858,SHIP_V_1940,0.4166666666666667
SHIP_V_1780,sdv-id-cKRMmo,Raw Jute,814,5.0,1941,SHIP_V_1780,161.8
SHIP_V_1883,sdv-id-HRlzeA,Ready-made Garments,1292,8.5,819,SHIP_V_1883,151.0
SHIP_V_1796,sdv-id-GPcOTk,Raw Jute,685,5.0,1714,SHIP_V_1796,136.0
SHIP_V_1621,sdv-id-JIawdp,Raw Jute,1391,5.0,530,SHIP_V_1621,277.2
SHIP_V_1245,sdv-id-ijHAvu,Solar Panels,506,120.0,313,SHIP_V_1245,3.216666666666667
SHIP_V_1760,sdv-id-ifgZJc,Raw Jute,61,5.0,1217,SHIP_V_1760,11.2
SHIP_V_1014,sdv-id-cMOhCb,Industrial Chemicals,172,50.0,1473,SHIP_V_1014,2.44
SHIP_V_1251,sdv-id-dZIipX,Industrial Chemicals,2212,50.0,536,SHIP_V_1251,43.24
SHIP_V_1560,sdv-id-ANSiha,Smartphones,742,300.0,1154,SHIP_V_1560,1.4733333333333334
SHIP_V_1947,sdv-id-nzuNpz,Industrial Chemicals,359,50.0,1477,SHIP_V_1947,6.18
SHIP_V_1095,sdv-id-nWqCxj,Ready-made Garments,1259,8.5,1674,SHIP_V_1095,147.11764705882354
SHIP_V_1162,sdv-id-WlalaO,Ready-made Garments,1912,8.5,237,SHIP_V_1162,223.94117647058823
SHIP_V_1924,sdv-id-QsbfkA,Smartphones,16,300.0,392,SHIP_V_1924,-0.9466666666666668
SHIP_V_1204,sdv-id-jUZQuF,Solar Panels,1054,120.0,1615,SHIP_V_1204,7.783333333333333
SHIP_V_1778,sdv-id-eontWw,Raw Jute,855,5.0,999,SHIP_V_1778,170.0
SHIP_V_1997,sdv-id-IUbYZj,Smartphones,498,300.0,154,SHIP_V_1997,0.66
SHIP_V_1849,sdv-id-pRZRsf,Ready-made Garments,617,8.5,1299,SHIP_V_1849,71.58823529411765
SHIP_V_1258,sdv-id-VopJFa,Smartphones,70,300.0,769,SHIP_V_1258,-0.7666666666666667
SHIP_V_1035,sdv-id-jCGcTc,Smartphones,991,300.0,531,SHIP_V_1035,2.3033333333333332
SHIP_V_1439,sdv-id-FVBVRt,Industrial Chemicals,308,50.0,903,SHIP_V_1439,5.16
SHIP_V_1794,sdv-id-MalbLt,Smartphones,960,300.0,1225,SHIP_V_1794,2.2
SHIP_V_1523,sdv-id-YWWJmt,Ready-made Garments,642,8.5,1261,SHIP_V_1523,74.52941176470588
SHIP_V_1207,sdv-id-BSZmab,Industrial Chemicals,548,50.0,744,SHIP_V_1207,9.96
SHIP_V_1282,sdv-id-SJoaTS,Ready-made Garments,177,8.5,1316,SHIP_V_1282,19.823529411764707
SHIP_V_1794,sdv-id-AGrqNW,Smartphones,1147,300.0,743,SHIP_V_1794,2.8233333333333333
SHIP_V_1474,sdv-id-gnWBvz,Raw Jute,270,5.0,1335,SHIP_V_1474,53.0
SHIP_V_1669,sdv-id-CkEakE,Raw Jute,1913,5.0,408,SHIP_V_1669,381.6
SHIP_V_1644,sdv-id-bFWFRp,Raw Jute,206,5.0,1656,SHIP_V_1644,40.2
SHIP_V_1945,sdv-id-JGnbeK,Raw Jute,192,5.0,123,SHIP_V_1945,37.4
SHIP_V_1576,sdv-id-ibuErx,Smartphones,1120,300.0,701,SHIP_V_1576,2.7333333333333334
SHIP_V_1214,sdv-id-SjpStM,Ready-made Garments,238,8.5,550,SHIP_V_1214,27.0
SHIP_V_1083,sdv-id-raOcso,Raw Jute,211,5.0,1941,SHIP_V_1083,41.2
SHIP_V_1275,sdv-id-bYHuRV,Smartphones,333,300.0,1676,SHIP_V_1275,0.11
SHIP_V_1986,sdv-id-loFiIr,Raw Jute,1282,5.0,1152,SHIP_V_1986,255.4
SHIP_V_1195,sdv-id-mOESBR,Solar Panels,4,120.0,911,SHIP_V_1195,-0.9666666666666668
SHIP_V_1204,sdv-id-ITPeAT,Smartphones,614,300.0,486,SHIP_V_1204,1.0466666666666666
SHIP_V_1696,sdv-id-pSEQPj,Solar Panels,142,120.0,1447,SHIP_V_1696,0.1833333333333333
SHIP_V_1462,sdv-id-QLSEXj,Smartphones,1430,300.0,428,SHIP_V_1462,3.7666666666666666
SHIP_V_1283,sdv-id-qLTUTl,Solar Panels,243,120.0,439,SHIP_V_1283,1.025
SHIP_V_1564,sdv-id-eKtjOm,Industrial Chemicals,288,50.0,911,SHIP_V_1564,4.76
SHIP_V_1448,sdv-id-mfmAlj,Smartphones,971,300.0,1365,SHIP_V_1448,2.236666666666667
SHIP_V_1844,sdv-id-vwTtQB,Industrial Chemicals,38,50.0,1995,SHIP_V_1844,-0.24
SHIP_V_1955,sdv-id-HvXoXZ,Smartphones,583,300.0,166,SHIP_V_1955,0.9433333333333334
SHIP_V_1413,sdv-id-HDCOcN,Solar Panels,800,120.0,938,SHIP_V_1413,5.666666666666667
SHIP_V_1006,sdv-id-kvdbVZ,Ready-made Garments,992,8.5,1117,SHIP_V_1006,115.70588235294116
SHIP_V_1617,sdv-id-oiVGmW,Ready-made Garments,692,8.5,1299,SHIP_V_1617,80.41176470588235
SHIP_V_1663,sdv-id-zuDfpP,Solar Panels,47,120.0,1727,SHIP_V_1663,-0.6083333333333333
SHIP_V_1025,sdv-id-UHZmaz,Smartphones,1039,300.0,795,SHIP_V_1025,2.463333333333334
SHIP_V_1498,sdv-id-QkIOFT,Ready-made Garments,200,8.5,1898,SHIP_V_1498,22.529411764705884
SHIP_V_1523,sdv-id-hJwyvz,Industrial Chemicals,1692,50.0,705,SHIP_V_1523,32.84
SHIP_V_1535,sdv-id-HxpeIo,Raw Jute,635,5.0,1973,SHIP_V_1535,126.0
SHIP_V_1642,sdv-id-bXpovY,Smartphones,539,300.0,1311,SHIP_V_1642,0.7966666666666666
SHIP_V_1053,sdv-id-hNEjCj,Industrial Chemicals,949,50.0,116,SHIP_V_1053,17.98
SHIP_V_1525,sdv-id-vkpsws,Raw Jute,466,5.0,1091,SHIP_V_1525,92.2
SHIP_V_1894,sdv-id-MVfvPu,Raw Jute,753,5.0,1230,SHIP_V_1894,149.6
SHIP_V_1592,sdv-id-oUEcNY,Raw Jute,190,5.0,1574,SHIP_V_1592,37.0
SHIP_V_1986,sdv-id-ufZMUb,Solar Panels,1171,120.0,454,SHIP_V_1986,8.758333333333333
SHIP_V_1643,sdv-id-WKoALJ,Industrial Chemicals,593,50.0,316,SHIP_V_1643,10.86
SHIP_V_1744,sdv-id-EiarZz,Smartphones,710,300.0,188,SHIP_V_1744,1.3666666666666667
SHIP_V_1015,sdv-id-TBQqhS,Solar Panels,147,120.0,1092,SHIP_V_1015,0.225
SHIP_V_1022,sdv-id-fPpnXV,Smartphones,848,300.0,468,SHIP_V_1022,1.8266666666666669
SHIP_V_1760,sdv-id-Zqbcyo,Industrial Chemicals,1397,50.0,1177,SHIP_V_1760,26.94
SHIP_V_1017,sdv-id-rCcmgH,Raw Jute,1199,5.0,173,SHIP_V_1017,238.8
SHIP_V_1376,sdv-id-IqMRGU,Smartphones,1325,300.0,1859,SHIP_V_1376,3.4166666666666665
SHIP_V_1910,sdv-id-aIhAfx,Smartphones,1759,300.0,423,SHIP_V_1910,4.863333333333333
SHIP_V_1552,sdv-id-WzWMEp,Industrial Chemicals,415,50.0,1154,SHIP_V_1552,7.3
SHIP_V_1129,sdv-id-lfTRCh,Ready-made Garments,575,8.5,170,SHIP_V_1129,66.6470588235294
SHIP_V_1005,sdv-id-AVYgcN,Raw Jute,256,5.0,1403,SHIP_V_1005,50.2
SHIP_V_1869,sdv-id-oWWEXy,Industrial Chemicals,347,50.0,918,SHIP_V_1869,5.94
SHIP_V_1717,sdv-id-pKijfo,Industrial Chemicals,939,50.0,568,SHIP_V_1717,17.78
SHIP_V_1045,sdv-id-PraiGX,Smartphones,133,300.0,257,SHIP_V_1045,-0.5566666666666666
SHIP_V_1038,sdv-id-msmJZp,Smartphones,1845,300.0,450,SHIP_V_1038,5.15
SHIP_V_1339,sdv-id-NVzZCw,Ready-made Garments,159,8.5,1571,SHIP_V_1339,17.705882352941178
SHIP_V_1461,sdv-id-VjcYCu,Raw Jute,70,5.0,1377,SHIP_V_1461,13.0
SHIP_V_1353,sdv-id-AYtPjo,Raw Jute,1562,5.0,1871,SHIP_V_1353,311.4
SHIP_V_1599,sdv-id-KGzbnF,Raw Jute,668,5.0,1114,SHIP_V_1599,132.6
SHIP_V_1747,sdv-id-hFKFrh,Smartphones,1182,300.0,1342,SHIP_V_1747,2.94
SHIP_V_1448,sdv-id-GYjjYd,Industrial Chemicals,412,50.0,1147,SHIP_V_1448,7.24
SHIP_V_1747,sdv-id-HslaNF,Raw Jute,1344,5.0,1253,SHIP_V_1747,267.8
SHIP_V_1717,sdv-id-shmfNA,Solar Panels,394,120.0,1148,SHIP_V_1717,2.283333333333333
SHIP_V_1835,sdv-id-LPgArJ,Industrial Chemicals,1545,50.0,1338,SHIP_V_1835,29.9
SHIP_V_1432,sdv-id-VRtakZ,Raw Jute,1568,5.0,413,SHIP_V_1432,312.6
SHIP_V_1063,sdv-id-iGNxhr,Solar Panels,443,120.0,1143,SHIP_V_1063,2.691666666666667
SHIP_V_1782,sdv-id-tLVsBe,Smartphones,1709,300.0,1737,SHIP_V_1782,4.696666666666666
SHIP_V_1755,sdv-id-DVQnsv,Solar Panels,394,120.0,1616,SHIP_V_1755,2.283333333333333
SHIP_V_1370,sdv-id-lGgjZY,Raw Jute,1039,5.0,882,SHIP_V_1370,206.8
SHIP_V_1711,sdv-id-dlOOrX,Raw Jute,1360,5.0,982,SHIP_V_1711,271.0
SHIP_V_1941,sdv-id-KPRfga,Industrial Chemicals,2485,50.0,1702,SHIP_V_1941,48.7
SHIP_V_1600,sdv-id-MEQloB,Smartphones,823,300.0,184,SHIP_V_1600,1.7433333333333334
SHIP_V_1904,sdv-id-hwSjVW,Solar Panels,1451,120.0,229,SHIP_V_1904,11.091666666666669
SHIP_V_1226,sdv-id-UKBqlF,Smartphones,1139,300.0,779,SHIP_V_1226,2.796666666666667
SHIP_V_1978,sdv-id-dReXSY,Ready-made Garments,24,8.5,1025,SHIP_V_1978,1.8235294117647056
SHIP_V_1290,sdv-id-ITxNEV,Smartphones,837,300.0,494,SHIP_V_1290,1.79
SHIP_V_1252,sdv-id-qUJWZK,Industrial Chemicals,127,50.0,1707,SHIP_V_1252,1.54
SHIP_V_1617,sdv-id-ogAOOi,Ready-made Garments,712,8.5,1555,SHIP_V_1617,82.76470588235294
SHIP_V_1524,sdv-id-GJgkLr,Solar Panels,1261,120.0,1353,SHIP_V_1524,9.508333333333333
SHIP_V_1975,sdv-id-flbaCz,Solar Panels,1583,120.0,579,SHIP_V_1975,12.191666666666666
SHIP_V_1249,sdv-id-AdSprR,Smartphones,57,300.0,1690,SHIP_V_1249,-0.81
SHIP_V_1542,sdv-id-RGnjPO,Industrial Chemicals,970,50.0,1074,SHIP_V_1542,18.4
SHIP_V_1150,sdv-id-MmtscL,Smartphones,1361,300.0,130,SHIP_V_1150,3.536666666666666
SHIP_V_1094,sdv-id-hAqGhr,Solar Panels,12,120.0,1988,SHIP_V_1094,-0.9
SHIP_V_1820,sdv-id-pmsToG,Ready-made Garments,363,8.5,169,SHIP_V_1820,41.705882352941174
SHIP_V_1348,sdv-id-xkBcTZ,Ready-made Garments,200,8.5,385,SHIP_V_1348,22.529411764705884
SHIP_V_1714,sdv-id-BAVCzs,Smartphones,967,300.0,774,SHIP_V_1714,2.223333333333333
SHIP_V_1006,sdv-id-TuoZdS,Smartphones,1607,300.0,1725,SHIP_V_1006,4.3566666666666665
SHIP_V_1031,sdv-id-Risnpl,Ready-made Garments,199,8.5,1184,SHIP_V_1031,22.41176470588235
SHIP_V_1950,sdv-id-Jkpdes,Raw Jute,2530,5.0,832,SHIP_V_1950,505.0
SHIP_V_1447,sdv-id-RikTRX,Ready-made Garments,375,8.5,1414,SHIP_V_1447,43.11764705882353
SHIP_V_1882,sdv-id-cIaAMY,Solar Panels,313,120.0,720,SHIP_V_1882,1.6083333333333334
SHIP_V_1551,sdv-id-HKpHvq,Ready-made Garments,255,8.5,1202,SHIP_V_1551,29.0
SHIP_V_1948,sdv-id-bzLWET,Industrial Chemicals,71,50.0,1471,SHIP_V_1948,0.42
SHIP_V_1046,sdv-id-loXsSO,Smartphones,449,300.0,991,SHIP_V_1046,0.4966666666666666
SHIP_V_1917,sdv-id-liHIQM,Ready-made Garments,509,8.5,1470,SHIP_V_1917,58.88235294117647
SHIP_V_1631,sdv-id-HLDKVb,Solar Panels,269,120.0,549,SHIP_V_1631,1.2416666666666667
SHIP_V_1474,sdv-id-Trbklc,Raw Jute,515,5.0,1216,SHIP_V_1474,102.0
SHIP_V_1033,sdv-id-YZuKtl,Industrial Chemicals,601,50.0,1685,SHIP_V_1033,11.02
SHIP_V_1070,sdv-id-GbcYra,Raw Jute,1057,5.0,1698,SHIP_V_1070,210.4
SHIP_V_1891,sdv-id-anutbR,Smartphones,1782,300.0,1741,SHIP_V_1891,4.94
SHIP_V_1972,sdv-id-fJNvDY,Smartphones,1312,300.0,1903,SHIP_V_1972,3.3733333333333335
SHIP_V_1770,sdv-id-FedtIe,Ready-made Garments,763,8.5,1669,SHIP_V_1770,88.76470588235294
SHIP_V_1860,sdv-id-WayNmM,Ready-made Garments,60,8.5,1743,SHIP_V_1860,6.0588235294117645
SHIP_V_1188,sdv-id-GujFfg,Industrial Chemicals,819,50.0,803,SHIP_V_1188,15.38
SHIP_V_1754,sdv-id-cDKNJp,Raw Jute,1345,5.0,556,SHIP_V_1754,268.0
SHIP_V_1365,sdv-id-nnBAlY,Raw Jute,1594,5.0,1919,SHIP_V_1365,317.8
SHIP_V_1991,sdv-id-WXRZsn,Solar Panels,228,120.0,638,SHIP_V_1991,0.9
SHIP_V_1648,sdv-id-MLZyvO,Smartphones,1774,300.0,385,SHIP_V_1648,4.913333333333333
SHIP_V_1410,sdv-id-bwACNs,Ready-made Garments,78,8.5,1653,SHIP_V_1410,8.176470588235293
SHIP_V_1824,sdv-id-ptOlMi,Smartphones,983,300.0,912,SHIP_V_1824,2.276666666666667
SHIP_V_1988,sdv-id-elMsea,Solar Panels,170,120.0,1880,SHIP_V_1988,0.4166666666666667
SHIP_V_1492,sdv-id-ScreRj,Industrial Chemicals,327,50.0,1312,SHIP_V_1492,5.54
SHIP_V_1545,sdv-id-jMrmAn,Raw Jute,1175,5.0,1198,SHIP_V_1545,234.0
SHIP_V_1810,sdv-id-LnMXTl,Solar Panels,1143,120.0,961,SHIP_V_1810,8.525
SHIP_V_1469,sdv-id-hWjLQZ,Smartphones,560,300.0,1049,SHIP_V_1469,0.8666666666666667
SHIP_V_1390,sdv-id-zKmYHQ,Smartphones,903,300.0,1278,SHIP_V_1390,2.01
SHIP_V_1936,sdv-id-iqgzHw,Industrial Chemicals,1361,50.0,1013,SHIP_V_1936,26.22
SHIP_V_1815,sdv-id-tfexbm,Industrial Chemicals,429,50.0,1456,SHIP_V_1815,7.58
SHIP_V_1294,sdv-id-bBFKjs,Industrial Chemicals,1240,50.0,660,SHIP_V_1294,23.8
SHIP_V_1799,sdv-id-CNjbMW,Smartphones,312,300.0,1711,SHIP_V_1799,0.04
SHIP_V_1114,sdv-id-kXhjxA,Industrial Chemicals,2090,50.0,337,SHIP_V_1114,40.8
SHIP_V_1805,sdv-id-RxCEcl,Raw Jute,66,5.0,910,SHIP_V_1805,12.2
SHIP_V_1923,sdv-id-vfdTUI,Solar Panels,1731,120.0,1049,SHIP_V_1923,13.425
SHIP_V_1303,sdv-id-dvhFRd,Raw Jute,130,5.0,474,SHIP_V_1303,25.0
SHIP_V_1035,sdv-id-PTsRob,Industrial Chemicals,413,50.0,1873,SHIP_V_1035,7.26
SHIP_V_1057,sdv-id-WNcPbb,Ready-made Garments,208,8.5,1928,SHIP_V_1057,23.470588235294116
SHIP_V_1650,sdv-id-WTAEAp,Industrial Chemicals,682,50.0,1211,SHIP_V_1650,12.64
SHIP_V_1202,sdv-id-rcoAWO,Industrial Chemicals,605,50.0,196,SHIP_V_1202,11.1
SHIP_V_1522,sdv-id-UuhIhk,Ready-made Garments,101,8.5,1917,SHIP_V_1522,10.882352941176473
SHIP_V_1507,sdv-id-uAdyfV,Ready-made Garments,681,8.5,1597,SHIP_V_1507,79.11764705882354
SHIP_V_1144,sdv-id-zsFAVZ,Industrial Chemicals,1086,50.0,454,SHIP_V_1144,20.72
SHIP_V_1767,sdv-id-YqbrhS,Solar Panels,648,120.0,1685,SHIP_V_1767,4.4
SHIP_V_1628,sdv-id-TvOAzR,Raw Jute,1564,5.0,1361,SHIP_V_1628,311.8
SHIP_V_1040,sdv-id-aodktG,Solar Panels,885,120.0,1884,SHIP_V_1040,6.375
SHIP_V_1428,sdv-id-PGnTLL,Ready-made Garments,753,8.5,599,SHIP_V_1428,87.58823529411765
SHIP_V_1160,sdv-id-tpcliy,Raw Jute,687,5.0,1774,SHIP_V_1160,136.4
SHIP_V_1288,sdv-id-WjoLyB,Ready-made Garments,186,8.5,422,SHIP_V_1288,20.88235294117647
SHIP_V_1465,sdv-id-oARsHw,Raw Jute,584,5.0,1766,SHIP_V_1465,115.8
SHIP_V_1582,sdv-id-IBDrKg,Ready-made Garments,347,8.5,366,SHIP_V_1582,39.8235294117647
SHIP_V_1780,sdv-id-GlBrMA,Smartphones,1049,300.0,1600,SHIP_V_1780,2.4966666666666666
SHIP_V_1119,sdv-id-mCnktB,Ready-made Garments,275,8.5,1941,SHIP_V_1119,31.352941176470587
SHIP_V_1711,sdv-id-ApfzuC,Industrial Chemicals,977,50.0,584,SHIP_V_1711,18.54
SHIP_V_1765,sdv-id-YqEtzw,Industrial Chemicals,682,50.0,150,SHIP_V_1765,12.64
SHIP_V_1960,sdv-id-EnZcIn,Solar Panels,223,120.0,1170,SHIP_V_1960,0.8583333333333333
SHIP_V_1851,sdv-id-KdrIJH,Ready-made Garments,1362,8.5,350,SHIP_V_1851,159.23529411764707
SHIP_V_1890,sdv-id-mwdMHU,Smartphones,971,300.0,1492,SHIP_V_1890,2.236666666666667
SHIP_V_1989,sdv-id-GmZufD,Industrial Chemicals,1421,50.0,543,SHIP_V_1989,27.42
SHIP_V_1566,sdv-id-ZAYzWu,Smartphones,850,300.0,116,SHIP_V_1566,1.8333333333333333
SHIP_V_1327,sdv-id-XAWBUg,Industrial Chemicals,1863,50.0,256,SHIP_V_1327,36.26
SHIP_V_1922,sdv-id-chdLGF,Solar Panels,1043,120.0,1289,SHIP_V_1922,7.691666666666666
SHIP_V_1309,sdv-id-irovvH,Ready-made Garments,502,8.5,1062,SHIP_V_1309,58.05882352941177
SHIP_V_1155,sdv-id-GqEvPV,Smartphones,793,300.0,276,SHIP_V_1155,1.643333333333333
SHIP_V_1479,sdv-id-SREyTM,Raw Jute,760,5.0,1468,SHIP_V_1479,151.0
SHIP_V_1746,sdv-id-RaTIEo,Raw Jute,85,5.0,1792,SHIP_V_1746,16.0
SHIP_V_1984,sdv-id-asuFPV,Ready-made Garments,1151,8.5,266,SHIP_V_1984,134.41176470588235
SHIP_V_1021,sdv-id-TlxpDj,Smartphones,31,300.0,1921,SHIP_V_1021,-0.8966666666666666
SHIP_V_1483,sdv-id-aozGUy,Industrial Chemicals,96,50.0,1436,SHIP_V_1483,0.92
SHIP_V_1433,sdv-id-nAjSrR,Industrial Chemicals,415,50.0,1827,SHIP_V_1433,7.3
SHIP_V_1529,sdv-id-XVysjC,Smartphones,1069,300.0,1208,SHIP_V_1529,2.5633333333333335
SHIP_V_1499,sdv-id-YtxgdP,Raw Jute,857,5.0,419,SHIP_V_1499,170.4
SHIP_V_1440,sdv-id-TtbWLG,Solar Panels,672,120.0,373,SHIP_V_1440,4.6
SHIP_V_1732,sdv-id-IJpNZW,Raw Jute,555,5.0,1585,SHIP_V_1732,110.0
SHIP_V_1344,sdv-id-mwlWTI,Raw Jute,530,5.0,839,SHIP_V_1344,105.0
SHIP_V_1613,sdv-id-FnpKye,Industrial Chemicals,2935,50.0,702,SHIP_V_1613,57.7
SHIP_V_1729,sdv-id-AEgxRo,Raw Jute,785,5.0,541,SHIP_V_1729,156.0
SHIP_V_1707,sdv-id-tESjHo,Solar Panels,43,120.0,279,SHIP_V_1707,-0.6416666666666667
SHIP_V_1579,sdv-id-UJOFZy,Smartphones,1674,300.0,642,SHIP_V_1579,4.58
SHIP_V_1918,sdv-id-DiIbAC,Raw Jute,279,5.0,1755,SHIP_V_1918,54.8
SHIP_V_1894,sdv-id-nNsnWM,Industrial Chemicals,287,50.0,1008,SHIP_V_1894,4.74
SHIP_V_1592,sdv-id-hbxCkp,Ready-made Garments,256,8.5,1955,SHIP_V_1592,29.11764705882353
SHIP_V_1637,sdv-id-nCPRVT,Smartphones,682,300.0,1297,SHIP_V_1637,1.2733333333333334
SHIP_V_1181,sdv-id-fiQolH,Smartphones,1585,300.0,564,SHIP_V_1181,4.283333333333333
SHIP_V_1931,sdv-id-yocQaA,Smartphones,1074,300.0,1382,SHIP_V_1931,2.58
SHIP_V_1412,sdv-id-WhdxDg,Solar Panels,906,120.0,1932,SHIP_V_1412,6.55
SHIP_V_1170,sdv-id-LMVxcS,Solar Panels,216,120.0,719,SHIP_V_1170,0.8
SHIP_V_1552,sdv-id-ADYtrR,Industrial Chemicals,1369,50.0,153,SHIP_V_1552,26.38
SHIP_V_1838,sdv-id-gYyEwc,Ready-made Garments,891,8.5,283,SHIP_V_1838,103.82352941176472
SHIP_V_1420,sdv-id-dKtmhO,Raw Jute,460,5.0,1063,SHIP_V_1420,91.0
SHIP_V_1278,sdv-id-WOiRDD,Smartphones,1434,300.0,1654,SHIP_V_1278,3.78
SHIP_V_1295,sdv-id-ceSXbi,Solar Panels,1301,120.0,1611,SHIP_V_1295,9.841666666666669
SHIP_V_1080,sdv-id-ihMrVl,Industrial Chemicals,928,50.0,227,SHIP_V_1080,17.56
SHIP_V_1747,sdv-id-ZQsArH,Industrial Chemicals,584,50.0,989,SHIP_V_1747,10.68
SHIP_V_1967,sdv-id-pvQDQx,Ready-made Garments,1240,8.5,1005,SHIP_V_1967,144.88235294117646
SHIP_V_1235,sdv-id-jqjPGJ,Industrial Chemicals,868,50.0,1634,SHIP_V_1235,16.36
SHIP_V_1898,sdv-id-phzYdJ,Industrial Chemicals,1682,50.0,360,SHIP_V_1898,32.64
SHIP_V_1190,sdv-id-AourDL,Industrial Chemicals,1159,50.0,822,SHIP_V_1190,22.18
SHIP_V_1775,sdv-id-qwRHJW,Smartphones,58,300.0,1480,SHIP_V_1775,-0.8066666666666666
SHIP_V_1758,sdv-id-mJNNkq,Industrial Chemicals,852,50.0,885,SHIP_V_1758,16.04
SHIP_V_1748,sdv-id-erHvLo,Solar Panels,1692,120.0,339,SHIP_V_1748,13.1
SHIP_V_1346,sdv-id-nqZvhs,Industrial Chemicals,334,50.0,1319,SHIP_V_1346,5.68
SHIP_V_1536,sdv-id-HDXiHJ,Ready-made Garments,1170,8.5,1639,SHIP_V_1536,136.64705882352942
SHIP_V_1861,sdv-id-hcmXwi,Industrial Chemicals,1233,50.0,1023,SHIP_V_1861,23.66
SHIP_V_1466,sdv-id-bLTFTR,Raw Jute,266,5.0,912,SHIP_V_1466,52.2
SHIP_V_1172,sdv-id-vqEBHx,Ready-made Garments,745,8.5,1456,SHIP_V_1172,86.6470588235294
SHIP_V_1377,sdv-id-MyjJzo,Solar Panels,303,120.0,1619,SHIP_V_1377,1.525
SHIP_V_1981,sdv-id-tlTttb,Industrial Chemicals,1606,50.0,140,SHIP_V_1981,31.12
SHIP_V_1207,sdv-id-gtFqgc,Industrial Chemicals,1060,50.0,831,SHIP_V_1207,20.2
SHIP_V_1230,sdv-id-ZXSzrL,Industrial Chemicals,1122,50.0,1893,SHIP_V_1230,21.44
SHIP_V_1466,sdv-id-owNCcT,Smartphones,325,300.0,1849,SHIP_V_1466,0.0833333333333333
SHIP_V_1601,sdv-id-GNtLCx,Smartphones,100,300.0,1703,SHIP_V_1601,-0.6666666666666666
SHIP_V_1660,sdv-id-LmXAwC,Smartphones,135,300.0,1335,SHIP_V_1660,-0.55
SHIP_V_1121,sdv-id-rMkstS,Ready-made Garments,753,8.5,1535,SHIP_V_1121,87.58823529411765
SHIP_V_1538,sdv-id-Nrxsiu,Industrial Chemicals,2091,50.0,317,SHIP_V_1538,40.82
SHIP_V_1787,sdv-id-ewtWxW,Smartphones,651,300.0,1138,SHIP_V_1787,1.17
SHIP_V_1199,sdv-id-tBliyV,Smartphones,1383,300.0,1098,SHIP_V_1199,3.61
SHIP_V_1167,sdv-id-JUMVNc,Smartphones,626,300.0,1650,SHIP_V_1167,1.086666666666667
SHIP_V_1574,sdv-id-lsIEVQ,Raw Jute,1379,5.0,1566,SHIP_V_1574,274.8
SHIP_V_1633,sdv-id-IWbnSw,Smartphones,951,300.0,1135,SHIP_V_1633,2.17
SHIP_V_1996,sdv-id-NgfYob,Solar Panels,137,120.0,1343,SHIP_V_1996,0.1416666666666666
SHIP_V_1138,sdv-id-kqOyRC,Industrial Chemicals,346,50.0,648,SHIP_V_1138,5.92
SHIP_V_1849,sdv-id-AJbSpt,Ready-made Garments,525,8.5,1592,SHIP_V_1849,60.76470588235294
SHIP_V_1405,sdv-id-czQQdw,Smartphones,1143,300.0,674,SHIP_V_1405,2.81
SHIP_V_1830,sdv-id-olBjrK,Solar Panels,665,120.0,1356,SHIP_V_1830,4.541666666666667
SHIP_V_1540,sdv-id-XYtdNe,Ready-made Garments,865,8.5,265,SHIP_V_1540,100.76470588235294
SHIP_V_1534,sdv-id-LtwdlP,Solar Panels,390,120.0,1321,SHIP_V_1534,2.25
SHIP_V_1329,sdv-id-FCzfXg,Ready-made Garments,318,8.5,168,SHIP_V_1329,36.411764705882355
SHIP_V_1155,sdv-id-ikJYOo,Smartphones,394,300.0,1618,SHIP_V_1155,0.3133333333333333
SHIP_V_1830,sdv-id-qbSbLJ,Raw Jute,622,5.0,457,SHIP_V_1830,123.4
SHIP_V_1684,sdv-id-SiAXAE,Industrial Chemicals,124,50.0,1155,SHIP_V_1684,1.48
SHIP_V_1761,sdv-id-lbqwye,Smartphones,600,300.0,414,SHIP_V_1761,1.0
SHIP_V_1757,sdv-id-MNbBBq,Solar Panels,147,120.0,357,SHIP_V_1757,0.225
SHIP_V_1486,sdv-id-EdZUQl,Ready-made Garments,275,8.5,548,SHIP_V_1486,31.352941176470587
SHIP_V_1584,sdv-id-WSBYzb,Industrial Chemicals,1248,50.0,932,SHIP_V_1584,23.96
SHIP_V_1204,sdv-id-BNodvZ,Smartphones,1339,300.0,1394,SHIP_V_1204,3.463333333333334
SHIP_V_1065,sdv-id-hJXTcc,Industrial Chemicals,1548,50.0,692,SHIP_V_1065,29.96
SHIP_V_1311,sdv-id-LPSvWf,Raw Jute,559,5.0,1918,SHIP_V_1311,110.8
SHIP_V_1546,sdv-id-eJRKWB,Smartphones,1058,300.0,343,SHIP_V_1546,2.526666666666667
SHIP_V_1310,sdv-id-PJsrNi,Ready-made Garments,374,8.5,1876,SHIP_V_1310,43.0
SHIP_V_1897,sdv-id-gaIbXI,Raw Jute,476,5.0,661,SHIP_V_1897,94.2
SHIP_V_1012,sdv-id-dcxecb,Raw Jute,1315,5.0,1639,SHIP_V_1012,262.0
SHIP_V_1304,sdv-id-JirDNJ,Raw Jute,325,5.0,827,SHIP_V_1304,64.0
SHIP_V_1503,sdv-id-roJdnx,Solar Panels,850,120.0,1283,SHIP_V_1503,6.083333333333333
SHIP_V_1303,sdv-id-tKIdOo,Smartphones,273,300.0,1156,SHIP_V_1303,-0.09
SHIP_V_1381,sdv-id-XJvVOM,Ready-made Garments,1220,8.5,581,SHIP_V_1381,142.52941176470588
SHIP_V_1045,sdv-id-dmyiuw,Solar Panels,1046,120.0,110,SHIP_V_1045,7.716666666666667
SHIP_V_1720,sdv-id-tcZpqv,Smartphones,113,300.0,1018,SHIP_V_1720,-0.6233333333333333
SHIP_V_1258,sdv-id-cmqWRX,Smartphones,1113,300.0,870,SHIP_V_1258,2.71
SHIP_V_1939,sdv-id-GrUHDc,Solar Panels,1106,120.0,513,SHIP_V_1939,8.216666666666667
SHIP_V_1779,sdv-id-VBwtVP,Solar Panels,382,120.0,562,SHIP_V_1779,2.183333333333333
SHIP_V_1368,sdv-id-qLXJho,Ready-made Garments,469,8.5,1507,SHIP_V_1368,54.1764705882353
SHIP_V_1840,sdv-id-wJLcrC,Smartphones,720,300.0,1659,SHIP_V_1840,1.4
SHIP_V_1297,sdv-id-gdSfRj,Raw Jute,1635,5.0,836,SHIP_V_1297,326.0
SHIP_V_1192,sdv-id-EJInaI,Raw Jute,1186,5.0,1704,SHIP_V_1192,236.2
SHIP_V_1556,sdv-id-TeibuY,Industrial Chemicals,628,50.0,1461,SHIP_V_1556,11.56
SHIP_V_1186,sdv-id-cyMgnE,Ready-made Garments,694,8.5,1094,SHIP_V_1186,80.6470588235294
SHIP_V_1005,sdv-id-UsjheT,Raw Jute,699,5.0,1629,SHIP_V_1005,138.8
SHIP_V_1447,sdv-id-eiSJGT,Smartphones,265,300.0,938,SHIP_V_1447,-0.1166666666666666
SHIP_V_1063,sdv-id-eOfrvx,Industrial Chemicals,766,50.0,1849,SHIP_V_1063,14.32
SHIP_V_1781,sdv-id-Nizrqo,Industrial Chemicals,2169,50.0,1865,SHIP_V_1781,42.38
SHIP_V_1391,sdv-id-CPyVru,Ready-made Garments,621,8.5,264,SHIP_V_1391,72.05882352941177
SHIP_V_1948,sdv-id-MObvde,Smartphones,479,300.0,401,SHIP_V_1948,0.5966666666666667
SHIP_V_1567,sdv-id-CPBnrl,Ready-made Garments,141,8.5,1194,SHIP_V_1567,15.588235294117649
SHIP_V_1207,sdv-id-kCuQhG,Raw Jute,810,5.0,629,SHIP_V_1207,161.0
SHIP_V_1069,sdv-id-MNQmTo,Raw Jute,1700,5.0,1864,SHIP_V_1069,339.0
SHIP_V_1567,sdv-id-GyKdgo,Solar Panels,193,120.0,1337,SHIP_V_1567,0.6083333333333333
SHIP_V_1470,sdv-id-aLCSgk,Ready-made Garments,360,8.5,529,SHIP_V_1470,41.35294117647059
SHIP_V_1711,sdv-id-olVIpu,Industrial Chemicals,185,50.0,276,SHIP_V_1711,2.7
SHIP_V_1662,sdv-id-FXgWIh,Ready-made Garments,738,8.5,824,SHIP_V_1662,85.82352941176471
SHIP_V_1702,sdv-id-JLbayT,Industrial Chemicals,1941,50.0,195,SHIP_V_1702,37.82
SHIP_V_1945,sdv-id-JtQkKj,Industrial Chemicals,946,50.0,1166,SHIP_V_1945,17.92
SHIP_V_1508,sdv-id-TDePwz,Solar Panels,457,120.0,239,SHIP_V_1508,2.808333333333333
SHIP_V_1558,sdv-id-EsvrDP,Raw Jute,298,5.0,1957,SHIP_V_1558,58.6
SHIP_V_1209,sdv-id-KTfesE,Smartphones,1921,300.0,398,SHIP_V_1209,5.403333333333333
SHIP_V_1519,sdv-id-RAcsci,Smartphones,1724,300.0,728,SHIP_V_1519,4.746666666666667
SHIP_V_1273,sdv-id-OzqDIc,Smartphones,874,300.0,505,SHIP_V_1273,1.913333333333333
SHIP_V_1116,sdv-id-sNQtfy,Smartphones,957,300.0,470,SHIP_V_1116,2.19
SHIP_V_1757,sdv-id-REbGSr,Smartphones,485,300.0,677,SHIP_V_1757,0.6166666666666667
SHIP_V_1229,sdv-id-EcrQug,Industrial Chemicals,150,50.0,1290,SHIP_V_1229,2.0
SHIP_V_1636,sdv-id-zVYHcn,Smartphones,445,300.0,549,SHIP_V_1636,0.4833333333333333
SHIP_V_1916,sdv-id-zGHJtG,Solar Panels,1838,120.0,241,SHIP_V_1916,14.316666666666666
SHIP_V_1196,sdv-id-nnkspX,Ready-made Garments,427,8.5,1279,SHIP_V_1196,49.23529411764706
SHIP_V_1172,sdv-id-lbLiRJ,Industrial Chemicals,744,50.0,1105,SHIP_V_1172,13.88
SHIP_V_1081,sdv-id-miKmlI,Ready-made Garments,481,8.5,335,SHIP_V_1081,55.588235294117645
SHIP_V_1985,sdv-id-slXjDL,Smartphones,606,300.0,531,SHIP_V_1985,1.02
SHIP_V_1688,sdv-id-kKZBju,Ready-made Garments,430,8.5,1766,SHIP_V_1688,49.588235294117645
SHIP_V_1164,sdv-id-KmDCnq,Raw Jute,461,5.0,1108,SHIP_V_1164,91.2
SHIP_V_1492,sdv-id-OdvxlQ,Smartphones,1076,300.0,1049,SHIP_V_1492,2.5866666666666664
SHIP_V_1982,sdv-id-lVmtfF,Industrial Chemicals,1278,50.0,930,SHIP_V_1982,24.56
SHIP_V_1500,sdv-id-zyBQVs,Industrial Chemicals,87,50.0,683,SHIP_V_1500,0.74
SHIP_V_1834,sdv-id-FHWdov,Solar Panels,924,120.0,1995,SHIP_V_1834,6.7
SHIP_V_1469,sdv-id-CqskFS,Raw Jute,1351,5.0,1484,SHIP_V_1469,269.2
SHIP_V_1645,sdv-id-xnDOPr,Smartphones,31,300.0,1213,SHIP_V_1645,-0.8966666666666666
SHIP_V_1943,sdv-id-LjnBTN,Raw Jute,227,5.0,216,SHIP_V_1943,44.4
SHIP_V_1038,sdv-id-ZuUNJa,Smartphones,1675,300.0,185,SHIP_V_1038,4.583333333333333
SHIP_V_1915,sdv-id-JhXPaC,Solar Panels,287,120.0,1983,SHIP_V_1915,1.3916666666666666
SHIP_V_1431,sdv-id-iLCHVd,Smartphones,1732,300.0,297,SHIP_V_1431,4.773333333333333
SHIP_V_1482,sdv-id-prAkFv,Industrial Chemicals,121,50.0,1032,SHIP_V_1482,1.42
SHIP_V_1159,sdv-id-USVzhl,Ready-made Garments,154,8.5,934,SHIP_V_1159,17.11764705882353
SHIP_V_1633,sdv-id-WvxJDX,Smartphones,113,300.0,1645,SHIP_V_1633,-0.6233333333333333
SHIP_V_1886,sdv-id-omCzLN,Industrial Chemicals,1360,50.0,372,SHIP_V_1886,26.2
SHIP_V_1410,sdv-id-qqLzpH,Ready-made Garments,689,8.5,537,SHIP_V_1410,80.05882352941177
SHIP_V_1242,sdv-id-bwQVMe,Smartphones,2286,300.0,1071,SHIP_V_1242,6.62
SHIP_V_1957,sdv-id-WEMQxr,Ready-made Garments,438,8.5,1963,SHIP_V_1957,50.52941176470589
SHIP_V_1958,sdv-id-zlVlJy,Ready-made Garments,586,8.5,158,SHIP_V_1958,67.94117647058823
SHIP_V_1686,sdv-id-KnIoiE,Smartphones,343,300.0,302,SHIP_V_1686,0.1433333333333333
SHIP_V_1760,sdv-id-kSxkki,Raw Jute,174,5.0,1963,SHIP_V_1760,33.8
SHIP_V_1657,sdv-id-iHylbJ,Ready-made Garments,766,8.5,1159,SHIP_V_1657,89.11764705882354
SHIP_V_1074,sdv-id-NgUXRi,Solar Panels,1175,120.0,1478,SHIP_V_1074,8.791666666666666
SHIP_V_1771,sdv-id-aCfdQV,Raw Jute,1104,5.0,525,SHIP_V_1771,219.8
SHIP_V_1465,sdv-id-uMjWsn,Ready-made Garments,27,8.5,1511,SHIP_V_1465,2.176470588235294
SHIP_V_1848,sdv-id-nETtrm,Smartphones,397,300.0,633,SHIP_V_1848,0.3233333333333333
SHIP_V_1230,sdv-id-RJEQFA,Smartphones,1608,300.0,1564,SHIP_V_1230,4.36
SHIP_V_1475,sdv-id-XeGhwR,Industrial Chemicals,1558,50.0,1104,SHIP_V_1475,30.16
SHIP_V_1131,sdv-id-yFlgba,Smartphones,431,300.0,652,SHIP_V_1131,0.4366666666666666
SHIP_V_1424,sdv-id-utetwx,Raw Jute,226,5.0,656,SHIP_V_1424,44.2
SHIP_V_1959,sdv-id-wNxabM,Industrial Chemicals,1389,50.0,710,SHIP_V_1959,26.78
SHIP_V_1119,sdv-id-CbEfGB,Smartphones,932,300.0,299,SHIP_V_1119,2.1066666666666665
SHIP_V_1708,sdv-id-BwkdNW,Smartphones,315,300.0,478,SHIP_V_1708,0.05
SHIP_V_1718,sdv-id-TVpmWP,Ready-made Garments,708,8.5,407,SHIP_V_1718,82.29411764705883
SHIP_V_1792,sdv-id-lZlYCh,Smartphones,643,300.0,823,SHIP_V_1792,1.143333333333333
SHIP_V_1602,sdv-id-PfrxSf,Ready-made Garments,292,8.5,1805,SHIP_V_1602,33.35294117647059
SHIP_V_1759,sdv-id-RhAKYJ,Smartphones,293,300.0,1314,SHIP_V_1759,-0.0233333333333333
SHIP_V_1912,sdv-id-exTdsI,Raw Jute,590,5.0,147,SHIP_V_1912,117.0
SHIP_V_1762,sdv-id-VYTeXe,Solar Panels,614,120.0,868,SHIP_V_1762,4.116666666666666
SHIP_V_1191,sdv-id-AglALH,Smartphones,81,300.0,1617,SHIP_V_1191,-0.73
SHIP_V_1706,sdv-id-cpUPWN,Smartphones,247,300.0,854,SHIP_V_1706,-0.1766666666666666
SHIP_V_1445,sdv-id-eQgKGj,Ready-made Garments,190,8.5,1549,SHIP_V_1445,21.352941176470587
SHIP_V_1767,sdv-id-guOrii,Solar Panels,454,120.0,1031,SHIP_V_1767,2.783333333333333
SHIP_V_1843,sdv-id-KfTwdV,Raw Jute,1298,5.0,1252,SHIP_V_1843,258.6
SHIP_V_1368,sdv-id-IHUokI,Industrial Chemicals,1085,50.0,1915,SHIP_V_1368,20.7
SHIP_V_1890,sdv-id-tJYgRD,Industrial Chemicals,604,50.0,372,SHIP_V_1890,11.08
SHIP_V_1168,sdv-id-XryIzh,Solar Panels,699,120.0,339,SHIP_V_1168,4.825
SHIP_V_1830,sdv-id-ywpMEV,Solar Panels,909,120.0,261,SHIP_V_1830,6.575
SHIP_V_1914,sdv-id-qVVdBD,Raw Jute,1198,5.0,183,SHIP_V_1914,238.6
SHIP_V_1243,sdv-id-RUpxKi,Raw Jute,10,5.0,1466,SHIP_V_1243,1.0
SHIP_V_1841,sdv-id-NZkfXO,Industrial Chemicals,856,50.0,1826,SHIP_V_1841,16.12
SHIP_V_1736,sdv-id-JiiWNb,Smartphones,491,300.0,1352,SHIP_V_1736,0.6366666666666667
SHIP_V_1267,sdv-id-rZHXYf,Solar Panels,360,120.0,503,SHIP_V_1267,2.0
SHIP_V_1749,sdv-id-Fqbdzm,Industrial Chemicals,888,50.0,651,SHIP_V_1749,16.76
SHIP_V_1972,sdv-id-EmhdBK,Solar Panels,1108,120.0,1343,SHIP_V_1972,8.233333333333333
SHIP_V_1911,sdv-id-FQEVoa,Ready-made Garments,1711,8.5,370,SHIP_V_1911,200.2941176470588
SHIP_V_1089,sdv-id-QBTDae,Raw Jute,1007,5.0,1807,SHIP_V_1089,200.4
SHIP_V_1996,sdv-id-QQylgx,Raw Jute,1888,5.0,865,SHIP_V_1996,376.6
SHIP_V_1617,sdv-id-lSnWJT,Ready-made Garments,551,8.5,1293,SHIP_V_1617,63.8235294117647
SHIP_V_1424,sdv-id-bthFQd,Raw Jute,1145,5.0,912,SHIP_V_1424,228.0
SHIP_V_1807,sdv-id-OOnfwS,Industrial Chemicals,443,50.0,1445,SHIP_V_1807,7.86
SHIP_V_1026,sdv-id-YumEog,Ready-made Garments,587,8.5,658,SHIP_V_1026,68.05882352941177
SHIP_V_1193,sdv-id-lkQSYy,Smartphones,549,300.0,649,SHIP_V_1193,0.83
SHIP_V_1241,sdv-id-lLAkqM,Solar Panels,949,120.0,1012,SHIP_V_1241,6.908333333333333
SHIP_V_1595,sdv-id-mBzUBo,Industrial Chemicals,650,50.0,911,SHIP_V_1595,12.0
SHIP_V_1254,sdv-id-IKjUnh,Smartphones,488,300.0,1618,SHIP_V_1254,0.6266666666666667
SHIP_V_1808,sdv-id-TTqgpT,Industrial Chemicals,266,50.0,1819,SHIP_V_1808,4.32
SHIP_V_1464,sdv-id-XyTpFv,Ready-made Garments,2073,8.5,527,SHIP_V_1464,242.8823529411765
SHIP_V_1890,sdv-id-qeDCrH,Raw Jute,692,5.0,398,SHIP_V_1890,137.4
SHIP_V_1060,sdv-id-nRRLhv,Industrial Chemicals,2338,50.0,393,SHIP_V_1060,45.76
SHIP_V_1799,sdv-id-mJcjks,Smartphones,890,300.0,1026,SHIP_V_1799,1.9666666666666663
SHIP_V_1978,sdv-id-KGzdkZ,Solar Panels,428,120.0,548,SHIP_V_1978,2.566666666666667
SHIP_V_1312,sdv-id-JymOpZ,Industrial Chemicals,283,50.0,1001,SHIP_V_1312,4.66
SHIP_V_1938,sdv-id-CTVkdv,Ready-made Garments,305,8.5,226,SHIP_V_1938,34.88235294117647
SHIP_V_1721,sdv-id-TkJILu,Smartphones,2221,300.0,925,SHIP_V_1721,6.403333333333333
SHIP_V_1736,sdv-id-qbSVhP,Smartphones,636,300.0,1810,SHIP_V_1736,1.12
SHIP_V_1861,sdv-id-IWtcsE,Smartphones,285,300.0,1554,SHIP_V_1861,-0.05
SHIP_V_1866,sdv-id-jZyTzY,Solar Panels,1764,120.0,1080,SHIP_V_1866,13.7
SHIP_V_1155,sdv-id-UmOtvg,Smartphones,674,300.0,792,SHIP_V_1155,1.2466666666666666
SHIP_V_1619,sdv-id-cXhHEw,Raw Jute,463,5.0,192,SHIP_V_1619,91.6
SHIP_V_1240,sdv-id-tTVvup,Smartphones,473,300.0,1147,SHIP_V_1240,0.5766666666666667
SHIP_V_1530,sdv-id-Drkpgd,Raw Jute,227,5.0,998,SHIP_V_1530,44.4
SHIP_V_1014,sdv-id-UXSFqK,Industrial Chemicals,663,50.0,402,SHIP_V_1014,12.26
SHIP_V_1627,sdv-id-BsVpjD,Solar Panels,277,120.0,1584,SHIP_V_1627,1.3083333333333331
SHIP_V_1459,sdv-id-mjqxco,Smartphones,14,300.0,1950,SHIP_V_1459,-0.9533333333333334
SHIP_V_1768,sdv-id-VwkOJJ,Industrial Chemicals,201,50.0,890,SHIP_V_1768,3.02
SHIP_V_1855,sdv-id-qtMQfj,Ready-made Garments,324,8.5,274,SHIP_V_1855,37.11764705882353
SHIP_V_1590,sdv-id-rDkMip,Raw Jute,2117,5.0,242,SHIP_V_1590,422.4
SHIP_V_1213,sdv-id-ifNaMQ,Ready-made Garments,14,8.5,1931,SHIP_V_1213,0.6470588235294118
SHIP_V_1572,sdv-id-wOQMpv,Ready-made Garments,443,8.5,200,SHIP_V_1572,51.11764705882353
SHIP_V_1782,sdv-id-QMzWvq,Raw Jute,150,5.0,666,SHIP_V_1782,29.0
SHIP_V_1635,sdv-id-coLOpw,Industrial Chemicals,293,50.0,794,SHIP_V_1635,4.86
SHIP_V_1606,sdv-id-KogqgU,Solar Panels,996,120.0,516,SHIP_V_1606,7.3
SHIP_V_1838,sdv-id-TviQwv,Smartphones,292,300.0,1335,SHIP_V_1838,-0.0266666666666666
SHIP_V_1492,sdv-id-EbIECH,Raw Jute,228,5.0,1367,SHIP_V_1492,44.6
SHIP_V_1841,sdv-id-mcWiph,Industrial Chemicals,1066,50.0,1545,SHIP_V_1841,20.32
SHIP_V_1775,sdv-id-dQAEst,Ready-made Garments,1490,8.5,1403,SHIP_V_1775,174.2941176470588
SHIP_V_1859,sdv-id-GByZpP,Industrial Chemicals,317,50.0,903,SHIP_V_1859,5.34
SHIP_V_1426,sdv-id-lMMHsP,Solar Panels,321,120.0,1064,SHIP_V_1426,1.675
SHIP_V_1210,sdv-id-ZVfCMG,Raw Jute,25,5.0,1639,SHIP_V_1210,4.0
SHIP_V_1577,sdv-id-vAgpAy,Raw Jute,422,5.0,1736,SHIP_V_1577,83.4
SHIP_V_1297,sdv-id-eQLjpS,Solar Panels,77,120.0,1466,SHIP_V_1297,-0.3583333333333333
SHIP_V_1800,sdv-id-boITpy,Raw Jute,94,5.0,574,SHIP_V_1800,17.8
SHIP_V_1539,sdv-id-PwjrnE,Ready-made Garments,92,8.5,841,SHIP_V_1539,9.823529411764708
SHIP_V_1103,sdv-id-ifQesf,Ready-made Garments,977,8.5,117,SHIP_V_1103,113.94117647058825
SHIP_V_1865,sdv-id-OqhHuE,Ready-made Garments,1006,8.5,1315,SHIP_V_1865,117.3529411764706
SHIP_V_1122,sdv-id-ZqaPIv,Smartphones,297,300.0,1839,SHIP_V_1122,-0.01
SHIP_V_1961,sdv-id-KfNYAX,Solar Panels,805,120.0,789,SHIP_V_1961,5.708333333333333
SHIP_V_1790,sdv-id-LnzhTr,Smartphones,652,300.0,1194,SHIP_V_1790,1.1733333333333331
SHIP_V_1782,sdv-id-XncRWa,Solar Panels,192,120.0,1847,SHIP_V_1782,0.6
SHIP_V_1257,sdv-id-VuFJvj,Smartphones,1490,300.0,589,SHIP_V_1257,3.966666666666667
SHIP_V_1133,sdv-id-UKlEKr,Industrial Chemicals,576,50.0,1408,SHIP_V_1133,10.52
SHIP_V_1731,sdv-id-VXBYow,Industrial Chemicals,1608,50.0,1970,SHIP_V_1731,31.16
SHIP_V_1956,sdv-id-rbRvNZ,Raw Jute,1758,5.0,301,SHIP_V_1956,350.6
SHIP_V_1293,sdv-id-FVIGfo,Industrial Chemicals,649,50.0,1456,SHIP_V_1293,11.98
SHIP_V_1542,sdv-id-ymxCxk,Ready-made Garments,4,8.5,1727,SHIP_V_1542,-0.5294117647058824
SHIP_V_1407,sdv-id-JaKwna,Smartphones,1442,300.0,305,SHIP_V_1407,3.806666666666666
SHIP_V_1981,sdv-id-tZJPkA,Smartphones,1033,300.0,521,SHIP_V_1981,2.443333333333334
SHIP_V_1150,sdv-id-VsKoPv,Raw Jute,5,5.0,1496,SHIP_V_1150,0.0
SHIP_V_1336,sdv-id-eoIIGC,Smartphones,921,300.0,434,SHIP_V_1336,2.07
SHIP_V_1610,sdv-id-ioYPTj,Ready-made Garments,919,8.5,1656,SHIP_V_1610,107.11764705882354
SHIP_V_1158,sdv-id-IRqSKz,Smartphones,435,300.0,154,SHIP_V_1158,0.45
SHIP_V_1691,sdv-id-aTDOaV,Solar Panels,100,120.0,190,SHIP_V_1691,-0.1666666666666666
SHIP_V_1778,sdv-id-kghRob,Raw Jute,102,5.0,1495,SHIP_V_1778,19.4
SHIP_V_1289,sdv-id-pPPWBi,Industrial Chemicals,543,50.0,816,SHIP_V_1289,9.86
SHIP_V_1982,sdv-id-HyJToT,Ready-made Garments,488,8.5,1348,SHIP_V_1982,56.411764705882355
SHIP_V_1799,sdv-id-OtpWUg,Industrial Chemicals,1627,50.0,147,SHIP_V_1799,31.54
SHIP_V_1869,sdv-id-DqwRSb,Raw Jute,1877,5.0,1588,SHIP_V_1869,374.4
SHIP_V_1912,sdv-id-JKtQZJ,Smartphones,782,300.0,827,SHIP_V_1912,1.606666666666667
SHIP_V_1501,sdv-id-WYAGVQ,Industrial Chemicals,1307,50.0,926,SHIP_V_1501,25.14
SHIP_V_1865,sdv-id-bvCmBV,Ready-made Garments,617,8.5,1361,SHIP_V_1865,71.58823529411765
SHIP_V_1278,sdv-id-nYUyFe,Smartphones,934,300.0,1837,SHIP_V_1278,2.1133333333333333
SHIP_V_1128,sdv-id-baXsFC,Ready-made Garments,319,8.5,1557,SHIP_V_1128,36.52941176470589
SHIP_V_1663,sdv-id-dWYHfs,Industrial Chemicals,1174,50.0,417,SHIP_V_1663,22.48
SHIP_V_1669,sdv-id-IEhvRR,Industrial Chemicals,1821,50.0,503,SHIP_V_1669,35.42
SHIP_V_1379,sdv-id-NUGxcV,Ready-made Garments,449,8.5,1488,SHIP_V_1379,51.8235294117647
SHIP_V_1860,sdv-id-TmSDhV,Industrial Chemicals,659,50.0,796,SHIP_V_1860,12.18
SHIP_V_1699,sdv-id-qxMZPB,Industrial Chemicals,1024,50.0,176,SHIP_V_1699,19.48
SHIP_V_1576,sdv-id-zuZoru,Raw Jute,1106,5.0,1080,SHIP_V_1576,220.2
SHIP_V_1722,sdv-id-GpCZdb,Smartphones,112,300.0,1355,SHIP_V_1722,-0.6266666666666667
SHIP_V_1501,sdv-id-UuoqoU,Industrial Chemicals,571,50.0,1657,SHIP_V_1501,10.42
SHIP_V_1100,sdv-id-ygaBLr,Smartphones,1838,300.0,1791,SHIP_V_1100,5.126666666666667
SHIP_V_1387,sdv-id-rVOGVe,Raw Jute,1596,5.0,354,SHIP_V_1387,318.2
SHIP_V_1856,sdv-id-ZQwLCq,Ready-made Garments,1553,8.5,1154,SHIP_V_1856,181.7058823529412
SHIP_V_1191,sdv-id-ZKEOaU,Smartphones,101,300.0,986,SHIP_V_1191,-0.6633333333333333
SHIP_V_1462,sdv-id-LdgEiw,Industrial Chemicals,610,50.0,1254,SHIP_V_1462,11.2
SHIP_V_1628,sdv-id-qbjXQM,Ready-made Garments,661,8.5,1100,SHIP_V_1628,76.76470588235294
SHIP_V_1904,sdv-id-aQqYKK,Industrial Chemicals,1154,50.0,1505,SHIP_V_1904,22.08
SHIP_V_1645,sdv-id-EjiBeI,Ready-made Garments,1457,8.5,1339,SHIP_V_1645,170.41176470588235
SHIP_V_1112,sdv-id-DruKpY,Industrial Chemicals,1970,50.0,956,SHIP_V_1112,38.4
SHIP_V_1230,sdv-id-UfkFvG,Smartphones,1533,300.0,1608,SHIP_V_1230,4.11
SHIP_V_1656,sdv-id-Jemuzx,Ready-made Garments,485,8.5,1430,SHIP_V_1656,56.05882352941177
SHIP_V_1700,sdv-id-msRbrE,Industrial Chemicals,39,50.0,1471,SHIP_V_1700,-0.22
SHIP_V_1346,sdv-id-yhHEAV,Ready-made Garments,29,8.5,724,SHIP_V_1346,2.411764705882353
SHIP_V_1984,sdv-id-dMzNbO,Industrial Chemicals,1041,50.0,834,SHIP_V_1984,19.82
SHIP_V_1745,sdv-id-fyjdFT,Smartphones,86,300.0,1566,SHIP_V_1745,-0.7133333333333334
SHIP_V_1307,sdv-id-dbZwbB,Industrial Chemicals,1238,50.0,1855,SHIP_V_1307,23.76
SHIP_V_1203,sdv-id-KsSqMe,Ready-made Garments,320,8.5,346,SHIP_V_1203,36.64705882352941
SHIP_V_1831,sdv-id-AYjCvb,Solar Panels,945,120.0,1638,SHIP_V_1831,6.875
SHIP_V_1427,sdv-id-xpDtDs,Smartphones,852,300.0,185,SHIP_V_1427,1.84
SHIP_V_1741,sdv-id-qTFbyS,Ready-made Garments,105,8.5,584,SHIP_V_1741,11.352941176470589
SHIP_V_1183,sdv-id-khdEKh,Industrial Chemicals,181,50.0,1738,SHIP_V_1183,2.62
SHIP_V_1306,sdv-id-QFJIpm,Smartphones,725,300.0,1111,SHIP_V_1306,1.4166666666666667
SHIP_V_1230,sdv-id-HpZGQB,Solar Panels,1733,120.0,925,SHIP_V_1230,13.441666666666666
SHIP_V_1910,sdv-id-UrAphV,Raw Jute,884,5.0,474,SHIP_V_1910,175.8
SHIP_V_1751,sdv-id-RwIUcP,Raw Jute,873,5.0,483,SHIP_V_1751,173.6
SHIP_V_1644,sdv-id-AMdESG,Ready-made Garments,835,8.5,1677,SHIP_V_1644,97.23529411764706
SHIP_V_1510,sdv-id-tMvDGj,Raw Jute,1584,5.0,799,SHIP_V_1510,315.8
SHIP_V_1671,sdv-id-imCwuF,Smartphones,611,300.0,1937,SHIP_V_1671,1.0366666666666666
SHIP_V_1463,sdv-id-ywoPGa,Raw Jute,1858,5.0,1113,SHIP_V_1463,370.6
SHIP_V_1819,sdv-id-dLbyzz,Ready-made Garments,1206,8.5,938,SHIP_V_1819,140.88235294117646
SHIP_V_1888,sdv-id-TYgAcm,Solar Panels,902,120.0,1350,SHIP_V_1888,6.516666666666667
SHIP_V_1962,sdv-id-aCvXIc,Industrial Chemicals,1403,50.0,916,SHIP_V_1962,27.06
SHIP_V_1617,sdv-id-iXOHyQ,Raw Jute,452,5.0,655,SHIP_V_1617,89.4
SHIP_V_1408,sdv-id-aJLrGo,Ready-made Garments,157,8.5,1220,SHIP_V_1408,17.470588235294116
SHIP_V_1090,sdv-id-yDMfsN,Raw Jute,277,5.0,752,SHIP_V_1090,54.4
SHIP_V_1295,sdv-id-dPDhhl,Ready-made Garments,436,8.5,868,SHIP_V_1295,50.294117647058826
SHIP_V_1845,sdv-id-nGUyiV,Raw Jute,347,5.0,409,SHIP_V_1845,68.4
SHIP_V_1170,sdv-id-edzjmG,Solar Panels,1618,120.0,1204,SHIP_V_1170,12.483333333333333
SHIP_V_1053,sdv-id-JyCtSY,Ready-made Garments,520,8.5,197,SHIP_V_1053,60.1764705882353
SHIP_V_1002,sdv-id-DYyxcJ,Ready-made Garments,998,8.5,190,SHIP_V_1002,116.41176470588236
SHIP_V_1544,sdv-id-pUUMFR,Ready-made Garments,576,8.5,1096,SHIP_V_1544,66.76470588235294
SHIP_V_1959,sdv-id-PRCvGQ,Raw Jute,1041,5.0,1832,SHIP_V_1959,207.2
SHIP_V_1303,sdv-id-AIvvMv,Raw Jute,57,5.0,825,SHIP_V_1303,10.4
SHIP_V_1911,sdv-id-xXmjXP,Ready-made Garments,140,8.5,1527,SHIP_V_1911,15.470588235294118
SHIP_V_1054,sdv-id-RoKeXj,Smartphones,645,300.0,457,SHIP_V_1054,1.15
SHIP_V_1362,sdv-id-IAKeiq,Raw Jute,779,5.0,1428,SHIP_V_1362,154.8
SHIP_V_1282,sdv-id-CqWDFa,Industrial Chemicals,274,50.0,997,SHIP_V_1282,4.48
SHIP_V_1220,sdv-id-RDqMFK,Industrial Chemicals,1982,50.0,1004,SHIP_V_1220,38.64
SHIP_V_1360,sdv-id-HVUNjp,Raw Jute,860,5.0,853,SHIP_V_1360,171.0
SHIP_V_1490,sdv-id-oqpTAY,Solar Panels,137,120.0,618,SHIP_V_1490,0.1416666666666666
SHIP_V_1643,sdv-id-ZHoWnG,Raw Jute,574,5.0,597,SHIP_V_1643,113.8
SHIP_V_1222,sdv-id-ERziPW,Industrial Chemicals,1279,50.0,185,SHIP_V_1222,24.58
SHIP_V_1075,sdv-id-rCXkug,Raw Jute,1155,5.0,1540,SHIP_V_1075,230.0
SHIP_V_1471,sdv-id-UzwloR,Ready-made Garments,1442,8.5,981,SHIP_V_1471,168.64705882352942
SHIP_V_1788,sdv-id-xzqOZS,Solar Panels,685,120.0,402,SHIP_V_1788,4.708333333333333
SHIP_V_1252,sdv-id-zXutbo,Industrial Chemicals,1074,50.0,1036,SHIP_V_1252,20.48
SHIP_V_1989,sdv-id-hRtUbE,Industrial Chemicals,1090,50.0,1448,SHIP_V_1989,20.8
SHIP_V_1331,sdv-id-eoJzzi,Ready-made Garments,1287,8.5,1157,SHIP_V_1331,150.41176470588235
SHIP_V_1774,sdv-id-YYuAfV,Raw Jute,341,5.0,1139,SHIP_V_1774,67.2
SHIP_V_1699,sdv-id-ILAhJS,Ready-made Garments,154,8.5,527,SHIP_V_1699,17.11764705882353
SHIP_V_1677,sdv-id-GWKfsY,Raw Jute,990,5.0,310,SHIP_V_1677,197.0
SHIP_V_1241,sdv-id-QuMOvj,Ready-made Garments,392,8.5,137,SHIP_V_1241,45.11764705882353
SHIP_V_1094,sdv-id-CfIJiL,Raw Jute,377,5.0,1028,SHIP_V_1094,74.4
SHIP_V_1827,sdv-id-YpqkvX,Industrial Chemicals,2307,50.0,150,SHIP_V_1827,45.14
SHIP_V_1759,sdv-id-pHCBzq,Industrial Chemicals,132,50.0,1728,SHIP_V_1759,1.64
SHIP_V_1821,sdv-id-ZuCoPh,Industrial Chemicals,1523,50.0,672,SHIP_V_1821,29.46
SHIP_V_1812,sdv-id-jyAucb,Ready-made Garments,772,8.5,1074,SHIP_V_1812,89.82352941176471
SHIP_V_1055,sdv-id-fUAEQa,Smartphones,214,300.0,1923,SHIP_V_1055,-0.2866666666666667
SHIP_V_1345,sdv-id-gHBkNE,Raw Jute,1343,5.0,199,SHIP_V_1345,267.6
SHIP_V_1852,sdv-id-QakZkc,Solar Panels,187,120.0,1737,SHIP_V_1852,0.5583333333333333
SHIP_V_1451,sdv-id-zqndua,Industrial Chemicals,323,50.0,548,SHIP_V_1451,5.46
SHIP_V_1773,sdv-id-ABYZKJ,Raw Jute,2349,5.0,1532,SHIP_V_1773,468.8
SHIP_V_1916,sdv-id-JIKOHL,Ready-made Garments,1677,8.5,844,SHIP_V_1916,196.2941176470588
SHIP_V_1777,sdv-id-tpUuca,Industrial Chemicals,989,50.0,1054,SHIP_V_1777,18.78
SHIP_V_1061,sdv-id-qGlhvc,Smartphones,261,300.0,1309,SHIP_V_1061,-0.13
SHIP_V_1243,sdv-id-XwaRrB,Ready-made Garments,115,8.5,676,SHIP_V_1243,12.529411764705882
SHIP_V_1746,sdv-id-cPKxez,Ready-made Garments,9,8.5,267,SHIP_V_1746,0.0588235294117647
SHIP_V_1860,sdv-id-nBimqU,Industrial Chemicals,896,50.0,964,SHIP_V_1860,16.92
SHIP_V_1170,sdv-id-dVAQgp,Raw Jute,1769,5.0,361,SHIP_V_1170,352.8
SHIP_V_1396,sdv-id-eDyFFC,Solar Panels,1725,120.0,235,SHIP_V_1396,13.375
SHIP_V_1679,sdv-id-TODbon,Ready-made Garments,642,8.5,1339,SHIP_V_1679,74.52941176470588
SHIP_V_1779,sdv-id-anoxUA,Raw Jute,1150,5.0,272,SHIP_V_1779,229.0
SHIP_V_1003,sdv-id-ltqbzX,Industrial Chemicals,20,50.0,605,SHIP_V_1003,-0.6
SHIP_V_1234,sdv-id-GNMJQC,Industrial Chemicals,827,50.0,1200,SHIP_V_1234,15.54
SHIP_V_1487,sdv-id-WEcFCG,Industrial Chemicals,779,50.0,1207,SHIP_V_1487,14.58
SHIP_V_1008,sdv-id-wwgswK,Smartphones,40,300.0,389,SHIP_V_1008,-0.8666666666666667
SHIP_V_1157,sdv-id-uuRUmy,Smartphones,463,300.0,489,SHIP_V_1157,0.5433333333333333
SHIP_V_1704,sdv-id-DBBgSK,Solar Panels,304,120.0,1874,SHIP_V_1704,1.5333333333333334
SHIP_V_1533,sdv-id-ckwpiZ,Solar Panels,160,120.0,527,SHIP_V_1533,0.3333333333333333
SHIP_V_1405,sdv-id-ywVJHC,Raw Jute,458,5.0,1244,SHIP_V_1405,90.6
SHIP_V_1469,sdv-id-jNhwOA,Smartphones,554,300.0,950,SHIP_V_1469,0.8466666666666667
SHIP_V_1737,sdv-id-wxDkKa,Raw Jute,601,5.0,1042,SHIP_V_1737,119.2
SHIP_V_1507,sdv-id-pbcMdZ,Smartphones,1264,300.0,1632,SHIP_V_1507,3.213333333333334
SHIP_V_1798,sdv-id-JhPZax,Industrial Chemicals,136,50.0,1871,SHIP_V_1798,1.72
SHIP_V_1547,sdv-id-nuwXyP,Ready-made Garments,786,8.5,1183,SHIP_V_1547,91.47058823529412
SHIP_V_1477,sdv-id-TdCIdv,Ready-made Garments,3,8.5,487,SHIP_V_1477,-0.6470588235294118
SHIP_V_1818,sdv-id-fuMGen,Ready-made Garments,14,8.5,1689,SHIP_V_1818,0.6470588235294118
SHIP_V_1403,sdv-id-yPxWVd,Smartphones,764,300.0,1871,SHIP_V_1403,1.5466666666666666
SHIP_V_1346,sdv-id-pVuXPG,Industrial Chemicals,175,50.0,1268,SHIP_V_1346,2.5
SHIP_V_1954,sdv-id-nJWVag,Solar Panels,671,120.0,796,SHIP_V_1954,4.591666666666667
SHIP_V_1288,sdv-id-BawpHs,Smartphones,395,300.0,1536,SHIP_V_1288,0.3166666666666666
SHIP_V_1528,sdv-id-UlSRbE,Smartphones,1026,300.0,260,SHIP_V_1528,2.42
SHIP_V_1844,sdv-id-NpLmUh,Ready-made Garments,429,8.5,791,SHIP_V_1844,49.47058823529411
SHIP_V_1585,sdv-id-RrDIxD,Solar Panels,294,120.0,1366,SHIP_V_1585,1.45
SHIP_V_1062,sdv-id-oQixsM,Industrial Chemicals,1327,50.0,1522,SHIP_V_1062,25.54
SHIP_V_1954,sdv-id-bzQFco,Solar Panels,1176,120.0,396,SHIP_V_1954,8.8
SHIP_V_1439,sdv-id-FnfBuY,Smartphones,155,300.0,244,SHIP_V_1439,-0.4833333333333333
SHIP_V_1513,sdv-id-wCpSck,Raw Jute,2635,5.0,1074,SHIP_V_1513,526.0
SHIP_V_1665,sdv-id-zWlTFM,Industrial Chemicals,36,50.0,547,SHIP_V_1665,-0.28
SHIP_V_1509,sdv-id-rqUjUn,Smartphones,553,300.0,1454,SHIP_V_1509,0.8433333333333334
SHIP_V_1486,sdv-id-lSLSgg,Smartphones,781,300.0,1299,SHIP_V_1486,1.6033333333333333
SHIP_V_1201,sdv-id-QVEJmz,Smartphones,747,300.0,1326,SHIP_V_1201,1.49
SHIP_V_1931,sdv-id-vmtNsE,Solar Panels,1025,120.0,858,SHIP_V_1931,7.541666666666667
SHIP_V_1826,sdv-id-GGYmkI,Industrial Chemicals,807,50.0,1716,SHIP_V_1826,15.14
SHIP_V_1871,sdv-id-MIfBlp,Smartphones,62,300.0,1658,SHIP_V_1871,-0.7933333333333333
SHIP_V_1211,sdv-id-ElIcUg,Smartphones,581,300.0,1760,SHIP_V_1211,0.9366666666666666
SHIP_V_1081,sdv-id-JbNbjX,Smartphones,1928,300.0,1075,SHIP_V_1081,5.426666666666667
SHIP_V_1335,sdv-id-hDPZJC,Solar Panels,771,120.0,1568,SHIP_V_1335,5.425
SHIP_V_1423,sdv-id-IklCKO,Ready-made Garments,635,8.5,642,SHIP_V_1423,73.70588235294117
SHIP_V_1875,sdv-id-pxnESF,Raw Jute,42,5.0,1044,SHIP_V_1875,7.4
SHIP_V_1913,sdv-id-mhGZRt,Raw Jute,1585,5.0,1608,SHIP_V_1913,316.0
SHIP_V_1366,sdv-id-pLjHDv,Solar Panels,142,120.0,753,SHIP_V_1366,0.1833333333333333
SHIP_V_1137,sdv-id-DHGxvM,Raw Jute,1112,5.0,1624,SHIP_V_1137,221.4
SHIP_V_1554,sdv-id-ZdDZmf,Solar Panels,1420,120.0,1336,SHIP_V_1554,10.833333333333334
SHIP_V_1923,sdv-id-mHKpuS,Smartphones,301,300.0,422,SHIP_V_1923,0.0033333333333333
SHIP_V_1859,sdv-id-lSFtDJ,Raw Jute,1122,5.0,270,SHIP_V_1859,223.4
SHIP_V_1463,sdv-id-yrdvnS,Smartphones,1279,300.0,985,SHIP_V_1463,3.263333333333333
SHIP_V_1819,sdv-id-bOeJwC,Smartphones,1094,300.0,1240,SHIP_V_1819,2.6466666666666665
SHIP_V_1716,sdv-id-XCwihJ,Ready-made Garments,3,8.5,1922,SHIP_V_1716,-0.6470588235294118
SHIP_V_1781,sdv-id-ilQoFY,Ready-made Garments,230,8.5,134,SHIP_V_1781,26.058823529411764
SHIP_V_1728,sdv-id-ZJuRAL,Industrial Chemicals,1034,50.0,430,SHIP_V_1728,19.68
SHIP_V_1650,sdv-id-HFhqnf,Raw Jute,1738,5.0,1894,SHIP_V_1650,346.6
SHIP_V_1772,sdv-id-FvHnhg,Solar Panels,111,120.0,606,SHIP_V_1772,-0.075
SHIP_V_1972,sdv-id-BShXEJ,Ready-made Garments,583,8.5,1445,SHIP_V_1972,67.58823529411765
SHIP_V_1043,sdv-id-FOOGkI,Smartphones,408,300.0,1569,SHIP_V_1043,0.36
SHIP_V_1338,sdv-id-WjQhGW,Ready-made Garments,926,8.5,1656,SHIP_V_1338,107.94117647058825
SHIP_V_1355,sdv-id-UeLsEi,Ready-made Garments,1254,8.5,238,SHIP_V_1355,146.52941176470588
SHIP_V_1508,sdv-id-DuylEt,Smartphones,1169,300.0,1225,SHIP_V_1508,2.8966666666666665
SHIP_V_1672,sdv-id-tirFXJ,Smartphones,1131,300.0,352,SHIP_V_1672,2.77
SHIP_V_1410,sdv-id-MRyKma,Smartphones,200,300.0,1898,SHIP_V_1410,-0.3333333333333333
SHIP_V_1864,sdv-id-XgskDm,Raw Jute,659,5.0,1639,SHIP_V_1864,130.8
SHIP_V_1733,sdv-id-shSRHN,Smartphones,411,300.0,1600,SHIP_V_1733,0.37
SHIP_V_1603,sdv-id-fadzyo,Industrial Chemicals,1439,50.0,732,SHIP_V_1603,27.78
SHIP_V_1470,sdv-id-WYIslJ,Ready-made Garments,314,8.5,636,SHIP_V_1470,35.94117647058823
SHIP_V_1803,sdv-id-PIGiIY,Raw Jute,1110,5.0,877,SHIP_V_1803,221.0
SHIP_V_1653,sdv-id-qeUJBb,Smartphones,167,300.0,808,SHIP_V_1653,-0.4433333333333333
SHIP_V_1488,sdv-id-AHsUuF,Raw Jute,731,5.0,559,SHIP_V_1488,145.2
SHIP_V_1892,sdv-id-CtbzDr,Raw Jute,1329,5.0,135,SHIP_V_1892,264.8
SHIP_V_1900,sdv-id-dAHSFD,Smartphones,841,300.0,1137,SHIP_V_1900,1.8033333333333332
SHIP_V_1923,sdv-id-WZArNq,Ready-made Garments,414,8.5,386,SHIP_V_1923,47.705882352941174
SHIP_V_1424,sdv-id-rSLsNy,Raw Jute,1326,5.0,918,SHIP_V_1424,264.2
SHIP_V_1633,sdv-id-rYbPzL,Smartphones,1522,300.0,1237,SHIP_V_1633,4.073333333333333
SHIP_V_1968,sdv-id-AbghPS,Raw Jute,1665,5.0,349,SHIP_V_1968,332.0
SHIP_V_1170,sdv-id-KODUHJ,Raw Jute,531,5.0,288,SHIP_V_1170,105.2
SHIP_V_1100,sdv-id-PIEmWB,Ready-made Garments,406,8.5,1679,SHIP_V_1100,46.76470588235294
SHIP_V_1465,sdv-id-KLZFTx,Solar Panels,2381,120.0,785,SHIP_V_1465,18.841666666666665
SHIP_V_1274,sdv-id-ZZwiUZ,Industrial Chemicals,1338,50.0,182,SHIP_V_1274,25.76
SHIP_V_1730,sdv-id-sDRIKK,Smartphones,556,300.0,935,SHIP_V_1730,0.8533333333333334
SHIP_V_1265,sdv-id-jrbXzf,Industrial Chemicals,507,50.0,390,SHIP_V_1265,9.14
SHIP_V_1374,sdv-id-hliqJn,Solar Panels,138,120.0,683,SHIP_V_1374,0.15
SHIP_V_1529,sdv-id-cRpPTJ,Solar Panels,646,120.0,894,SHIP_V_1529,4.383333333333334
SHIP_V_1105,sdv-id-mKZJAv,Ready-made Garments,68,8.5,1098,SHIP_V_1105,7.0
SHIP_V_1857,sdv-id-Psgxax,Ready-made Garments,110,8.5,201,SHIP_V_1857,11.941176470588236
SHIP_V_1841,sdv-id-bigWpF,Solar Panels,260,120.0,1861,SHIP_V_1841,1.1666666666666667
SHIP_V_1494,sdv-id-jfzQDG,Raw Jute,1384,5.0,1318,SHIP_V_1494,275.8
SHIP_V_1835,sdv-id-bmDbZt,Smartphones,449,300.0,940,SHIP_V_1835,0.4966666666666666
SHIP_V_1391,sdv-id-AZnWfE,Smartphones,400,300.0,717,SHIP_V_1391,0.3333333333333333
SHIP_V_1101,sdv-id-GZABCr,Solar Panels,457,120.0,1685,SHIP_V_1101,2.808333333333333
SHIP_V_1008,sdv-id-vOWFWY,Solar Panels,15,120.0,1517,SHIP_V_1008,-0.875
SHIP_V_1618,sdv-id-DwCwiZ,Solar Panels,183,120.0,1022,SHIP_V_1618,0.525
SHIP_V_1922,sdv-id-IvDobB,Ready-made Garments,1243,8.5,1018,SHIP_V_1922,145.23529411764707
SHIP_V_1116,sdv-id-pNMHGj,Industrial Chemicals,211,50.0,1420,SHIP_V_1116,3.22
SHIP_V_1106,sdv-id-YhAOnK,Ready-made Garments,311,8.5,1241,SHIP_V_1106,35.588235294117645
SHIP_V_1653,sdv-id-SlzPJl,Ready-made Garments,991,8.5,917,SHIP_V_1653,115.58823529411764
SHIP_V_1638,sdv-id-fmPdSI,Raw Jute,382,5.0,1573,SHIP_V_1638,75.4
SHIP_V_1652,sdv-id-btsKwj,Solar Panels,156,120.0,908,SHIP_V_1652,0.3
SHIP_V_1504,sdv-id-SqJYtT,Raw Jute,798,5.0,1934,SHIP_V_1504,158.6
SHIP_V_1231,sdv-id-VpDRxt,Ready-made Garments,508,8.5,1610,SHIP_V_1231,58.76470588235294
SHIP_V_1419,sdv-id-CYnpRP,Ready-made Garments,21,8.5,810,SHIP_V_1419,1.4705882352941178
SHIP_V_1344,sdv-id-Qgexmw,Industrial Chemicals,135,50.0,1608,SHIP_V_1344,1.7
SHIP_V_1470,sdv-id-FZBIsO,Ready-made Garments,572,8.5,1352,SHIP_V_1470,66.29411764705883
SHIP_V_1973,sdv-id-DcuJNF,Solar Panels,1456,120.0,810,SHIP_V_1973,11.133333333333333
SHIP_V_1679,sdv-id-FEAxNK,Industrial Chemicals,2226,50.0,636,SHIP_V_1679,43.52
SHIP_V_1522,sdv-id-GaoIBU,Raw Jute,1867,5.0,1157,SHIP_V_1522,372.4
SHIP_V_1425,sdv-id-wozjwO,Smartphones,954,300.0,1817,SHIP_V_1425,2.18
SHIP_V_1831,sdv-id-CWAGSU,Ready-made Garments,1889,8.5,1115,SHIP_V_1831,221.23529411764707
SHIP_V_1031,sdv-id-ECwrpy,Raw Jute,970,5.0,722,SHIP_V_1031,193.0
SHIP_V_1883,sdv-id-odGhQU,Raw Jute,116,5.0,281,SHIP_V_1883,22.2
SHIP_V_1890,sdv-id-TQDZnj,Raw Jute,606,5.0,1280,SHIP_V_1890,120.2
SHIP_V_1354,sdv-id-cVrHBl,Smartphones,184,300.0,1645,SHIP_V_1354,-0.3866666666666666
SHIP_V_1589,sdv-id-BIIaPW,Ready-made Garments,694,8.5,891,SHIP_V_1589,80.6470588235294
SHIP_V_1562,sdv-id-AkYzlS,Ready-made Garments,1665,8.5,295,SHIP_V_1562,194.8823529411765
SHIP_V_1724,sdv-id-njtZaX,Industrial Chemicals,741,50.0,921,SHIP_V_1724,13.82
SHIP_V_1890,sdv-id-fAQlTm,Smartphones,610,300.0,762,SHIP_V_1890,1.0333333333333334
SHIP_V_1341,sdv-id-RMsmgr,Ready-made Garments,496,8.5,181,SHIP_V_1341,57.35294117647059
SHIP_V_1391,sdv-id-tRIjIN,Raw Jute,1213,5.0,1553,SHIP_V_1391,241.6
SHIP_V_1840,sdv-id-prQxSd,Ready-made Garments,384,8.5,803,SHIP_V_1840,44.1764705882353
SHIP_V_1550,sdv-id-JGAzbO,Industrial Chemicals,396,50.0,1476,SHIP_V_1550,6.92
SHIP_V_1878,sdv-id-kJPRGX,Smartphones,1597,300.0,1156,SHIP_V_1878,4.323333333333333
SHIP_V_1079,sdv-id-OzszYb,Ready-made Garments,214,8.5,702,SHIP_V_1079,24.176470588235293
SHIP_V_1081,sdv-id-wdCfIL,Industrial Chemicals,1366,50.0,857,SHIP_V_1081,26.32
SHIP_V_1128,sdv-id-bBgoYn,Solar Panels,662,120.0,382,SHIP_V_1128,4.516666666666667
SHIP_V_1751,sdv-id-SPInRi,Solar Panels,994,120.0,668,SHIP_V_1751,7.283333333333333
SHIP_V_1258,sdv-id-fhmUwn,Ready-made Garments,1987,8.5,361,SHIP_V_1258,232.76470588235293
SHIP_V_1569,sdv-id-lbczDC,Industrial Chemicals,1355,50.0,759,SHIP_V_1569,26.1
SHIP_V_1497,sdv-id-XsZpFM,Ready-made Garments,1192,8.5,1528,SHIP_V_1497,139.23529411764707
SHIP_V_1291,sdv-id-XJqaGK,Solar Panels,189,120.0,1202,SHIP_V_1291,0.575
SHIP_V_1877,sdv-id-LxyWOo,Industrial Chemicals,600,50.0,119,SHIP_V_1877,11.0
SHIP_V_1525,sdv-id-LjlMvw,Raw Jute,1014,5.0,1409,SHIP_V_1525,201.8
SHIP_V_1030,sdv-id-rPaZio,Raw Jute,494,5.0,342,SHIP_V_1030,97.8
SHIP_V_1989,sdv-id-tCwnou,Smartphones,130,300.0,1725,SHIP_V_1989,-0.5666666666666667
SHIP_V_1545,sdv-id-YZksMP,Raw Jute,1760,5.0,578,SHIP_V_1545,351.0
SHIP_V_1600,sdv-id-Tdswhm,Smartphones,583,300.0,1117,SHIP_V_1600,0.9433333333333334
SHIP_V_1175,sdv-id-wOlkew,Smartphones,1449,300.0,524,SHIP_V_1175,3.83
SHIP_V_1203,sdv-id-TNhRTC,Solar Panels,1591,120.0,1052,SHIP_V_1203,12.258333333333333
SHIP_V_1966,sdv-id-NgodYv,Industrial Chemicals,690,50.0,895,SHIP_V_1966,12.8
SHIP_V_1301,sdv-id-tlPmJz,Industrial Chemicals,240,50.0,1691,SHIP_V_1301,3.8
SHIP_V_1069,sdv-id-AAoOhc,Smartphones,62,300.0,385,SHIP_V_1069,-0.7933333333333333
SHIP_V_1688,sdv-id-JRqykT,Solar Panels,269,120.0,1335,SHIP_V_1688,1.2416666666666667
SHIP_V_1574,sdv-id-KqTjrs,Ready-made Garments,1197,8.5,1493,SHIP_V_1574,139.8235294117647
SHIP_V_1636,sdv-id-ETMlbB,Ready-made Garments,500,8.5,105,SHIP_V_1636,57.8235294117647
SHIP_V_1536,sdv-id-vNPIFy,Raw Jute,1089,5.0,1346,SHIP_V_1536,216.8
SHIP_V_1555,sdv-id-UQRKfo,Solar Panels,1392,120.0,115,SHIP_V_1555,10.6
SHIP_V_1012,sdv-id-BounIE,Raw Jute,230,5.0,1229,SHIP_V_1012,45.0
SHIP_V_1090,sdv-id-lrIxPX,Ready-made Garments,856,8.5,420,SHIP_V_1090,99.70588235294116
SHIP_V_1966,sdv-id-QFaCYl,Ready-made Garments,1060,8.5,1792,SHIP_V_1966,123.70588235294116
SHIP_V_1962,sdv-id-AfGVgY,Raw Jute,1174,5.0,1413,SHIP_V_1962,233.8
SHIP_V_1877,sdv-id-lRTaLu,Smartphones,431,300.0,544,SHIP_V_1877,0.4366666666666666
SHIP_V_1319,sdv-id-pQLObv,Solar Panels,125,120.0,1581,SHIP_V_1319,0.0416666666666666
SHIP_V_1290,sdv-id-WmtZVv,Solar Panels,244,120.0,1175,SHIP_V_1290,1.0333333333333334
SHIP_V_1283,sdv-id-dzaJoV,Raw Jute,840,5.0,107,SHIP_V_1283,167.0
SHIP_V_1890,sdv-id-pxvDeE,Smartphones,401,300.0,1921,SHIP_V_1890,0.3366666666666666
SHIP_V_1126,sdv-id-IUQnKd,Ready-made Garments,109,8.5,589,SHIP_V_1126,11.823529411764708
SHIP_V_1795,sdv-id-MDTqVb,Raw Jute,563,5.0,513,SHIP_V_1795,111.6
SHIP_V_1887,sdv-id-cRcEJi,Smartphones,1,300.0,850,SHIP_V_1887,-0.9966666666666668
SHIP_V_1829,sdv-id-njLccz,Raw Jute,22,5.0,1602,SHIP_V_1829,3.4
SHIP_V_1082,sdv-id-ksqpnO,Solar Panels,5,120.0,1656,SHIP_V_1082,-0.9583333333333334
SHIP_V_1608,sdv-id-gAXYHf,Smartphones,975,300.0,1321,SHIP_V_1608,2.25
SHIP_V_1127,sdv-id-oyNGRr,Ready-made Garments,1312,8.5,443,SHIP_V_1127,153.35294117647058
SHIP_V_1344,sdv-id-mbWvwT,Solar Panels,398,120.0,1881,SHIP_V_1344,2.316666666666667
SHIP_V_1135,sdv-id-TxWyjY,Raw Jute,1280,5.0,1874,SHIP_V_1135,255.0
SHIP_V_1080,sdv-id-SJYPad,Ready-made Garments,1054,8.5,1211,SHIP_V_1080,123.0
SHIP_V_1668,sdv-id-sDKRvb,Raw Jute,515,5.0,1584,SHIP_V_1668,102.0
SHIP_V_1772,sdv-id-iOSuSq,Smartphones,653,300.0,1888,SHIP_V_1772,1.1766666666666667
SHIP_V_1057,sdv-id-LySfPI,Smartphones,540,300.0,775,SHIP_V_1057,0.8
SHIP_V_1422,sdv-id-cXKOyy,Smartphones,160,300.0,228,SHIP_V_1422,-0.4666666666666667
SHIP_V_1014,sdv-id-pBrzAv,Smartphones,312,300.0,1345,SHIP_V_1014,0.04
SHIP_V_1674,sdv-id-AZdQvs,Ready-made Garments,429,8.5,1217,SHIP_V_1674,49.47058823529411
SHIP_V_1634,sdv-id-pxKqFO,Industrial Chemicals,1515,50.0,317,SHIP_V_1634,29.3
SHIP_V_1517,sdv-id-XASNfL,Smartphones,1291,300.0,1385,SHIP_V_1517,3.3033333333333332
SHIP_V_1071,sdv-id-VFXvyt,Ready-made Garments,169,8.5,1620,SHIP_V_1071,18.88235294117647
SHIP_V_1145,sdv-id-WGUqWv,Raw Jute,1819,5.0,680,SHIP_V_1145,362.8
SHIP_V_1226,sdv-id-cOsAxS,Smartphones,91,300.0,1886,SHIP_V_1226,-0.6966666666666667
SHIP_V_1145,sdv-id-dpqsEF,Industrial Chemicals,1195,50.0,1540,SHIP_V_1145,22.9
SHIP_V_1583,sdv-id-ZcZYHb,Ready-made Garments,403,8.5,1638,SHIP_V_1583,46.411764705882355
SHIP_V_1175,sdv-id-FYCsmg,Ready-made Garments,820,8.5,1009,SHIP_V_1175,95.47058823529412
SHIP_V_1578,sdv-id-JAguod,Solar Panels,1164,120.0,1550,SHIP_V_1578,8.7
SHIP_V_1879,sdv-id-sjRicr,Ready-made Garments,82,8.5,1735,SHIP_V_1879,8.647058823529411
SHIP_V_1641,sdv-id-CXfNtv,Raw Jute,676,5.0,858,SHIP_V_1641,134.2
SHIP_V_1750,sdv-id-zZqwEd,Solar Panels,1121,120.0,1064,SHIP_V_1750,8.341666666666667
SHIP_V_1853,sdv-id-eUZQJb,Ready-made Garments,3,8.5,1758,SHIP_V_1853,-0.6470588235294118
SHIP_V_1344,sdv-id-iyTvpV,Industrial Chemicals,1191,50.0,133,SHIP_V_1344,22.82
SHIP_V_1788,sdv-id-WrpgTf,Smartphones,521,300.0,179,SHIP_V_1788,0.7366666666666667
SHIP_V_1723,sdv-id-CyfbRb,Solar Panels,2359,120.0,575,SHIP_V_1723,18.658333333333335
SHIP_V_1459,sdv-id-VlAjgE,Smartphones,505,300.0,878,SHIP_V_1459,0.6833333333333333
SHIP_V_1148,sdv-id-bYfZnR,Ready-made Garments,958,8.5,1182,SHIP_V_1148,111.70588235294116
SHIP_V_1127,sdv-id-UUTJTj,Ready-made Garments,1480,8.5,1721,SHIP_V_1127,173.11764705882354
SHIP_V_1316,sdv-id-Fdjsbj,Raw Jute,281,5.0,941,SHIP_V_1316,55.2
SHIP_V_1325,sdv-id-TYoczt,Smartphones,1033,300.0,328,SHIP_V_1325,2.443333333333334
SHIP_V_1104,sdv-id-ZGlCJv,Ready-made Garments,1090,8.5,625,SHIP_V_1104,127.23529411764706
SHIP_V_1550,sdv-id-akCebk,Solar Panels,1056,120.0,1921,SHIP_V_1550,7.8
SHIP_V_1452,sdv-id-hCMzpm,Ready-made Garments,106,8.5,1669,SHIP_V_1452,11.470588235294118
SHIP_V_1248,sdv-id-SmHnyu,Industrial Chemicals,190,50.0,1049,SHIP_V_1248,2.8
SHIP_V_1450,sdv-id-kvpBDj,Smartphones,99,300.0,1765,SHIP_V_1450,-0.67
SHIP_V_1266,sdv-id-BTsgeg,Industrial Chemicals,916,50.0,398,SHIP_V_1266,17.32
SHIP_V_1094,sdv-id-zHeTdQ,Smartphones,529,300.0,1199,SHIP_V_1094,0.7633333333333333
SHIP_V_1209,sdv-id-JoOwbz,Ready-made Garments,1271,8.5,991,SHIP_V_1209,148.52941176470588
SHIP_V_1979,sdv-id-WWqXFH,Industrial Chemicals,291,50.0,1360,SHIP_V_1979,4.82
SHIP_V_1227,sdv-id-LCzmAb,Solar Panels,958,120.0,1206,SHIP_V_1227,6.983333333333333
SHIP_V_1695,sdv-id-oHOkbo,Raw Jute,1137,5.0,1675,SHIP_V_1695,226.4
SHIP_V_1618,sdv-id-YpeYSt,Smartphones,84,300.0,291,SHIP_V_1618,-0.72
SHIP_V_1288,sdv-id-tvRzMk,Ready-made Garments,431,8.5,1539,SHIP_V_1288,49.705882352941174
SHIP_V_1066,sdv-id-YoIYlG,Ready-made Garments,232,8.5,269,SHIP_V_1066,26.294117647058822
SHIP_V_1588,sdv-id-dzvKKw,Industrial Chemicals,915,50.0,1635,SHIP_V_1588,17.3
SHIP_V_1951,sdv-id-fVdfHF,Raw Jute,835,5.0,1589,SHIP_V_1951,166.0
SHIP_V_1216,sdv-id-ZwQXAd,Raw Jute,905,5.0,393,SHIP_V_1216,180.0
SHIP_V_1264,sdv-id-LKAnIz,Smartphones,610,300.0,1954,SHIP_V_1264,1.0333333333333334
SHIP_V_1559,sdv-id-zppJjV,Raw Jute,408,5.0,457,SHIP_V_1559,80.6
SHIP_V_1464,sdv-id-rcHpJp,Industrial Chemicals,483,50.0,1800,SHIP_V_1464,8.66
SHIP_V_1006,sdv-id-gxThEY,Smartphones,1009,300.0,183,SHIP_V_1006,2.3633333333333333
SHIP_V_1981,sdv-id-SkHinD,Raw Jute,344,5.0,1760,SHIP_V_1981,67.8
SHIP_V_1973,sdv-id-hMjInj,Raw Jute,1717,5.0,1709,SHIP_V_1973,342.4
SHIP_V_1080,sdv-id-KOFIOa,Smartphones,880,300.0,766,SHIP_V_1080,1.9333333333333331
SHIP_V_1653,sdv-id-NHFWnX,Smartphones,185,300.0,309,SHIP_V_1653,-0.3833333333333333
SHIP_V_1416,sdv-id-seuElA,Ready-made Garments,629,8.5,1720,SHIP_V_1416,73.0
SHIP_V_1057,sdv-id-MwRHcs,Smartphones,81,300.0,942,SHIP_V_1057,-0.73
SHIP_V_1562,sdv-id-XpSOYz,Smartphones,76,300.0,404,SHIP_V_1562,-0.7466666666666667
SHIP_V_1231,sdv-id-FbIFgS,Industrial Chemicals,1214,50.0,352,SHIP_V_1231,23.28
SHIP_V_1764,sdv-id-jLQkEA,Raw Jute,883,5.0,587,SHIP_V_1764,175.6
SHIP_V_1352,sdv-id-kTfRsH,Ready-made Garments,392,8.5,1961,SHIP_V_1352,45.11764705882353
SHIP_V_1825,sdv-id-fNNadP,Smartphones,469,300.0,672,SHIP_V_1825,0.5633333333333334
SHIP_V_1120,sdv-id-VWnvMR,Smartphones,253,300.0,346,SHIP_V_1120,-0.1566666666666666
SHIP_V_1326,sdv-id-DJkcBk,Ready-made Garments,824,8.5,903,SHIP_V_1326,95.94117647058825
SHIP_V_1328,sdv-id-NzxiAu,Industrial Chemicals,1836,50.0,239,SHIP_V_1328,35.72
SHIP_V_1321,sdv-id-dGAaps,Ready-made Garments,159,8.5,349,SHIP_V_1321,17.705882352941178
SHIP_V_1284,sdv-id-PEjgto,Ready-made Garments,1917,8.5,1295,SHIP_V_1284,224.52941176470588
SHIP_V_1741,sdv-id-dVyoxI,Raw Jute,472,5.0,797,SHIP_V_1741,93.4
SHIP_V_1446,sdv-id-XsvfOj,Smartphones,330,300.0,688,SHIP_V_1446,0.1
SHIP_V_1349,sdv-id-HcGLqs,Smartphones,38,300.0,670,SHIP_V_1349,-0.8733333333333333
SHIP_V_1316,sdv-id-oZxxyX,Industrial Chemicals,3135,50.0,272,SHIP_V_1316,61.7
SHIP_V_1380,sdv-id-xszizQ,Raw Jute,1033,5.0,1853,SHIP_V_1380,205.6
SHIP_V_1117,sdv-id-IHVmOd,Ready-made Garments,106,8.5,1343,SHIP_V_1117,11.470588235294118
SHIP_V_1331,sdv-id-jNrQYW,Smartphones,446,300.0,1146,SHIP_V_1331,0.4866666666666667
SHIP_V_1547,sdv-id-KqXMke,Solar Panels,941,120.0,1508,SHIP_V_1547,6.841666666666667
SHIP_V_1756,sdv-id-kghrMV,Raw Jute,801,5.0,797,SHIP_V_1756,159.2
SHIP_V_1927,sdv-id-OBxoMU,Industrial Chemicals,699,50.0,698,SHIP_V_1927,12.98
SHIP_V_1109,sdv-id-xHVqFq,Smartphones,465,300.0,312,SHIP_V_1109,0.55
SHIP_V_1297,sdv-id-sfbgal,Industrial Chemicals,42,50.0,1424,SHIP_V_1297,-0.16
SHIP_V_1063,sdv-id-JxxSCD,Ready-made Garments,370,8.5,784,SHIP_V_1063,42.52941176470589
SHIP_V_1547,sdv-id-IJNclG,Smartphones,548,300.0,923,SHIP_V_1547,0.8266666666666667
SHIP_V_1946,sdv-id-dlxLKr,Smartphones,957,300.0,181,SHIP_V_1946,2.19
SHIP_V_1592,sdv-id-EXeqxN,Smartphones,1132,300.0,1518,SHIP_V_1592,2.7733333333333334
SHIP_V_1683,sdv-id-cpebuQ,Ready-made Garments,593,8.5,203,SHIP_V_1683,68.76470588235294
SHIP_V_1396,sdv-id-BowkVF,Ready-made Garments,516,8.5,946,SHIP_V_1396,59.705882352941174
SHIP_V_1326,sdv-id-LmFbco,Industrial Chemicals,888,50.0,1037,SHIP_V_1326,16.76
SHIP_V_1464,sdv-id-WfpGQi,Ready-made Garments,880,8.5,830,SHIP_V_1464,102.52941176470588
SHIP_V_1410,sdv-id-fdmOqz,Solar Panels,361,120.0,1820,SHIP_V_1410,2.0083333333333333
SHIP_V_1928,sdv-id-cnSMwY,Smartphones,845,300.0,1316,SHIP_V_1928,1.8166666666666669
SHIP_V_1456,sdv-id-IcTeLb,Raw Jute,2043,5.0,576,SHIP_V_1456,407.6
SHIP_V_1747,sdv-id-gQBGAS,Smartphones,408,300.0,1999,SHIP_V_1747,0.36
SHIP_V_1918,sdv-id-BoQrRU,Industrial Chemicals,1155,50.0,837,SHIP_V_1918,22.1
SHIP_V_1688,sdv-id-bkYGnp,Solar Panels,446,120.0,1001,SHIP_V_1688,2.716666666666667
SHIP_V_1833,sdv-id-FvDPnZ,Solar Panels,158,120.0,784,SHIP_V_1833,0.3166666666666666
SHIP_V_1994,sdv-id-YFnNWc,Solar Panels,140,120.0,1195,SHIP_V_1994,0.1666666666666666
SHIP_V_1527,sdv-id-QnRqoK,Industrial Chemicals,1615,50.0,973,SHIP_V_1527,31.3
SHIP_V_1413,sdv-id-NJXBuE,Ready-made Garments,89,8.5,1799,SHIP_V_1413,9.470588235294118
SHIP_V_1103,sdv-id-HWmmCo,Smartphones,1113,300.0,1186,SHIP_V_1103,2.71
SHIP_V_1283,sdv-id-yNMCsO,Solar Panels,954,120.0,156,SHIP_V_1283,6.95
SHIP_V_1275,sdv-id-MREAfM,Ready-made Garments,1664,8.5,1851,SHIP_V_1275,194.76470588235293
SHIP_V_1309,sdv-id-flpybn,Industrial Chemicals,63,50.0,1887,SHIP_V_1309,0.26
SHIP_V_1071,sdv-id-tYsMcQ,Ready-made Garments,794,8.5,1591,SHIP_V_1071,92.41176470588236
SHIP_V_1362,sdv-id-LeUQft,Industrial Chemicals,439,50.0,1453,SHIP_V_1362,7.78
SHIP_V_1911,sdv-id-JOBHGe,Ready-made Garments,79,8.5,1268,SHIP_V_1911,8.294117647058824
SHIP_V_1143,sdv-id-XhaklN,Solar Panels,169,120.0,1682,SHIP_V_1143,0.4083333333333333
SHIP_V_1101,sdv-id-wupgVl,Solar Panels,326,120.0,997,SHIP_V_1101,1.7166666666666666
SHIP_V_1640,sdv-id-aAJqaP,Raw Jute,369,5.0,126,SHIP_V_1640,72.8
SHIP_V_1331,sdv-id-NiHpTC,Smartphones,516,300.0,1677,SHIP_V_1331,0.72
SHIP_V_1654,sdv-id-GMZAlo,Smartphones,591,300.0,1294,SHIP_V_1654,0.97
SHIP_V_1963,sdv-id-nQSubo,Smartphones,500,300.0,555,SHIP_V_1963,0.6666666666666666
SHIP_V_1050,sdv-id-pUkENt,Smartphones,225,300.0,1034,SHIP_V_1050,-0.25
SHIP_V_1610,sdv-id-jgQcKf,Ready-made Garments,289,8.5,368,SHIP_V_1610,33.0
SHIP_V_1992,sdv-id-ytbJSi,Ready-made Garments,1044,8.5,1781,SHIP_V_1992,121.82352941176472
SHIP_V_1509,sdv-id-intXnY,Industrial Chemicals,13,50.0,829,SHIP_V_1509,-0.74
SHIP_V_1830,sdv-id-QUMkJS,Solar Panels,252,120.0,170,SHIP_V_1830,1.1
SHIP_V_1273,sdv-id-wBxuvl,Industrial Chemicals,349,50.0,544,SHIP_V_1273,5.98
SHIP_V_1763,sdv-id-rLuNOO,Ready-made Garments,472,8.5,314,SHIP_V_1763,54.52941176470589
SHIP_V_1176,sdv-id-AQMxOk,Ready-made Garments,83,8.5,1408,SHIP_V_1176,8.764705882352942
SHIP_V_1236,sdv-id-FsluEL,Smartphones,1556,300.0,710,SHIP_V_1236,4.1866666666666665
SHIP_V_1875,sdv-id-qqmnTx,Smartphones,896,300.0,1176,SHIP_V_1875,1.9866666666666664
SHIP_V_1737,sdv-id-WMVKyG,Industrial Chemicals,345,50.0,943,SHIP_V_1737,5.9
SHIP_V_1726,sdv-id-yFfEwb,Smartphones,1006,300.0,1797,SHIP_V_1726,2.3533333333333335
SHIP_V_1342,sdv-id-jjZENx,Raw Jute,690,5.0,885,SHIP_V_1342,137.0
SHIP_V_1665,sdv-id-ESeHhu,Ready-made Garments,107,8.5,445,SHIP_V_1665,11.588235294117649
SHIP_V_1148,sdv-id-LheKOc,Smartphones,431,300.0,276,SHIP_V_1148,0.4366666666666666
SHIP_V_1032,sdv-id-QYdDBD,Smartphones,120,300.0,1517,SHIP_V_1032,-0.6
SHIP_V_1250,sdv-id-WKCgvw,Ready-made Garments,212,8.5,317,SHIP_V_1250,23.941176470588236
SHIP_V_1963,sdv-id-sVhiPC,Ready-made Garments,1403,8.5,417,SHIP_V_1963,164.05882352941177
SHIP_V_1578,sdv-id-QDDndI,Raw Jute,745,5.0,360,SHIP_V_1578,148.0
SHIP_V_1607,sdv-id-OlZOSQ,Solar Panels,2568,120.0,754,SHIP_V_1607,20.4
SHIP_V_1311,sdv-id-KLXLqY,Raw Jute,429,5.0,918,SHIP_V_1311,84.8
SHIP_V_1196,sdv-id-VCbwwv,Raw Jute,1044,5.0,429,SHIP_V_1196,207.8
SHIP_V_1407,sdv-id-EVwrgL,Industrial Chemicals,1990,50.0,523,SHIP_V_1407,38.8
SHIP_V_1781,sdv-id-TwzUoF,Solar Panels,702,120.0,1310,SHIP_V_1781,4.85
SHIP_V_1205,sdv-id-ZGhXnC,Smartphones,205,300.0,1483,SHIP_V_1205,-0.3166666666666666
SHIP_V_1704,sdv-id-vbTsiE,Solar Panels,583,120.0,1403,SHIP_V_1704,3.8583333333333334
SHIP_V_1441,sdv-id-lxwRql,Smartphones,1048,300.0,758,SHIP_V_1441,2.493333333333333
SHIP_V_1042,sdv-id-tFhDuj,Raw Jute,354,5.0,818,SHIP_V_1042,69.8
SHIP_V_1530,sdv-id-XBHXse,Ready-made Garments,78,8.5,1087,SHIP_V_1530,8.176470588235293
SHIP_V_1405,sdv-id-mXWoCy,Industrial Chemicals,1225,50.0,547,SHIP_V_1405,23.5
SHIP_V_1112,sdv-id-QGuezn,Industrial Chemicals,1605,50.0,994,SHIP_V_1112,31.1
SHIP_V_1822,sdv-id-CVdVoO,Ready-made Garments,1727,8.5,833,SHIP_V_1822,202.1764705882353
SHIP_V_1297,sdv-id-AHvGkD,Ready-made Garments,1145,8.5,1923,SHIP_V_1297,133.7058823529412
SHIP_V_1734,sdv-id-gsBNhN,Smartphones,578,300.0,1241,SHIP_V_1734,0.9266666666666666
SHIP_V_1803,sdv-id-AfzBJS,Solar Panels,463,120.0,998,SHIP_V_1803,2.8583333333333334
SHIP_V_1901,sdv-id-zMllBE,Raw Jute,614,5.0,1509,SHIP_V_1901,121.8
SHIP_V_1311,sdv-id-HdvHrn,Raw Jute,935,5.0,1569,SHIP_V_1311,186.0
SHIP_V_1392,sdv-id-NPeavN,Ready-made Garments,1298,8.5,564,SHIP_V_1392,151.7058823529412
SHIP_V_1923,sdv-id-HktLNr,Ready-made Garments,276,8.5,424,SHIP_V_1923,31.470588235294116
SHIP_V_1831,sdv-id-esgSax,Smartphones,1535,300.0,1406,SHIP_V_1831,4.116666666666666
SHIP_V_1441,sdv-id-vEZnTI,Raw Jute,208,5.0,105,SHIP_V_1441,40.6
SHIP_V_1888,sdv-id-RwdnUs,Raw Jute,1350,5.0,1863,SHIP_V_1888,269.0
SHIP_V_1512,sdv-id-mDPDpt,Ready-made Garments,896,8.5,1834,SHIP_V_1512,104.41176470588236
SHIP_V_1808,sdv-id-rjIUrG,Smartphones,869,300.0,1011,SHIP_V_1808,1.8966666666666667
SHIP_V_1129,sdv-id-IlATNS,Raw Jute,886,5.0,328,SHIP_V_1129,176.2
SHIP_V_1622,sdv-id-AeOodC,Smartphones,76,300.0,480,SHIP_V_1622,-0.7466666666666667
SHIP_V_1037,sdv-id-isZhJd,Solar Panels,274,120.0,241,SHIP_V_1037,1.2833333333333334
SHIP_V_1753,sdv-id-xOChHr,Smartphones,1013,300.0,726,SHIP_V_1753,2.3766666666666665
SHIP_V_1736,sdv-id-rZrQyj,Ready-made Garments,900,8.5,447,SHIP_V_1736,104.88235294117646
SHIP_V_1234,sdv-id-RWHBxH,Ready-made Garments,225,8.5,1757,SHIP_V_1234,25.470588235294116
SHIP_V_1672,sdv-id-HuVirg,Solar Panels,566,120.0,1193,SHIP_V_1672,3.716666666666667
SHIP_V_1780,sdv-id-XcuoeB,Raw Jute,568,5.0,1621,SHIP_V_1780,112.6
SHIP_V_1071,sdv-id-EeLpaw,Raw Jute,259,5.0,1971,SHIP_V_1071,50.8
SHIP_V_1380,sdv-id-LNNCiA,Smartphones,527,300.0,1034,SHIP_V_1380,0.7566666666666667
SHIP_V_1200,sdv-id-yLAmkJ,Ready-made Garments,1880,8.5,1449,SHIP_V_1200,220.1764705882353
SHIP_V_1963,sdv-id-uWGQGd,Raw Jute,1241,5.0,1082,SHIP_V_1963,247.2
SHIP_V_1217,sdv-id-aFjZZG,Raw Jute,2183,5.0,644,SHIP_V_1217,435.6
SHIP_V_1472,sdv-id-gjiqRK,Smartphones,985,300.0,1323,SHIP_V_1472,2.283333333333333
SHIP_V_1497,sdv-id-PDngXe,Smartphones,1135,300.0,1531,SHIP_V_1497,2.783333333333333
SHIP_V_1458,sdv-id-sXYNGd,Industrial Chemicals,1469,50.0,388,SHIP_V_1458,28.38
SHIP_V_1916,sdv-id-eKGzGg,Solar Panels,109,120.0,1267,SHIP_V_1916,-0.0916666666666666
SHIP_V_1935,sdv-id-wlReKl,Smartphones,1987,300.0,768,SHIP_V_1935,5.623333333333333
SHIP_V_1850,sdv-id-rXnsoT,Ready-made Garments,423,8.5,1280,SHIP_V_1850,48.76470588235294
SHIP_V_1886,sdv-id-gJtXak,Ready-made Garments,228,8.5,139,SHIP_V_1886,25.823529411764707
SHIP_V_1754,sdv-id-Oubhnf,Ready-made Garments,254,8.5,289,SHIP_V_1754,28.88235294117647
SHIP_V_1801,sdv-id-cimMTh,Smartphones,610,300.0,1597,SHIP_V_1801,1.0333333333333334
SHIP_V_1961,sdv-id-gRdSBk,Ready-made Garments,286,8.5,192,SHIP_V_1961,32.64705882352941
SHIP_V_1091,sdv-id-jwBenX,Smartphones,864,300.0,1133,SHIP_V_1091,1.88
SHIP_V_1531,sdv-id-Tuuaqq,Industrial Chemicals,271,50.0,228,SHIP_V_1531,4.42
SHIP_V_1642,sdv-id-QBgAUQ,Solar Panels,13,120.0,451,SHIP_V_1642,-0.8916666666666667
SHIP_V_1941,sdv-id-kTbAIc,Solar Panels,28,120.0,729,SHIP_V_1941,-0.7666666666666667
SHIP_V_1155,sdv-id-cRrIve,Ready-made Garments,247,8.5,1350,SHIP_V_1155,28.058823529411764
SHIP_V_1398,sdv-id-Pzpncn,Solar Panels,289,120.0,1056,SHIP_V_1398,1.4083333333333334
SHIP_V_1489,sdv-id-plfWcV,Solar Panels,81,120.0,1667,SHIP_V_1489,-0.325
SHIP_V_1853,sdv-id-ijBaRw,Smartphones,835,300.0,736,SHIP_V_1853,1.7833333333333334
SHIP_V_1920,sdv-id-DReKwd,Solar Panels,87,120.0,1368,SHIP_V_1920,-0.275
SHIP_V_1189,sdv-id-ReyWsL,Ready-made Garments,39,8.5,1909,SHIP_V_1189,3.588235294117647
SHIP_V_1743,sdv-id-NIjOfS,Solar Panels,577,120.0,1943,SHIP_V_1743,3.808333333333333
SHIP_V_1083,sdv-id-yjxnFX,Solar Panels,910,120.0,1518,SHIP_V_1083,6.583333333333333
SHIP_V_1670,sdv-id-AxnUlS,Smartphones,1633,300.0,183,SHIP_V_1670,4.443333333333333
SHIP_V_1507,sdv-id-xZCDZf,Raw Jute,83,5.0,930,SHIP_V_1507,15.6
SHIP_V_1081,sdv-id-IaFJKT,Industrial Chemicals,1641,50.0,1714,SHIP_V_1081,31.82
SHIP_V_1377,sdv-id-exONFa,Industrial Chemicals,699,50.0,1367,SHIP_V_1377,12.98
SHIP_V_1641,sdv-id-jpSZWC,Smartphones,499,300.0,834,SHIP_V_1641,0.6633333333333333
SHIP_V_1986,sdv-id-EmhKyz,Ready-made Garments,808,8.5,794,SHIP_V_1986,94.05882352941175
SHIP_V_1271,sdv-id-qLhhoZ,Ready-made Garments,9,8.5,437,SHIP_V_1271,0.0588235294117647
SHIP_V_1032,sdv-id-mirCse,Raw Jute,132,5.0,1606,SHIP_V_1032,25.4
SHIP_V_1969,sdv-id-aQTNXZ,Ready-made Garments,327,8.5,1826,SHIP_V_1969,37.47058823529411
SHIP_V_1470,sdv-id-nlwrEq,Raw Jute,345,5.0,719,SHIP_V_1470,68.0
SHIP_V_1648,sdv-id-CTsPUj,Industrial Chemicals,332,50.0,991,SHIP_V_1648,5.64
SHIP_V_1257,sdv-id-opATZT,Smartphones,885,300.0,1939,SHIP_V_1257,1.95
SHIP_V_1722,sdv-id-QiLKnT,Solar Panels,84,120.0,1928,SHIP_V_1722,-0.3
SHIP_V_1842,sdv-id-BzvKMn,Industrial Chemicals,1643,50.0,1608,SHIP_V_1842,31.86
SHIP_V_1837,sdv-id-MPOtuQ,Ready-made Garments,218,8.5,444,SHIP_V_1837,24.647058823529413
SHIP_V_1707,sdv-id-wOwExX,Industrial Chemicals,193,50.0,962,SHIP_V_1707,2.86
SHIP_V_1699,sdv-id-Fxjmpw,Industrial Chemicals,117,50.0,1486,SHIP_V_1699,1.34
SHIP_V_1096,sdv-id-iQYNJc,Industrial Chemicals,1030,50.0,1886,SHIP_V_1096,19.6
SHIP_V_1610,sdv-id-XLprWO,Raw Jute,146,5.0,979,SHIP_V_1610,28.2
SHIP_V_1817,sdv-id-yrjpCQ,Industrial Chemicals,765,50.0,1654,SHIP_V_1817,14.3
SHIP_V_1927,sdv-id-OxLHta,Ready-made Garments,444,8.5,879,SHIP_V_1927,51.23529411764706
SHIP_V_1858,sdv-id-Vngdhe,Smartphones,1383,300.0,1087,SHIP_V_1858,3.61
SHIP_V_1718,sdv-id-ZEKlTW,Ready-made Garments,104,8.5,1860,SHIP_V_1718,11.235294117647058
SHIP_V_1268,sdv-id-AuVqUR,Ready-made Garments,248,8.5,499,SHIP_V_1268,28.176470588235293
SHIP_V_1238,sdv-id-tfouqi,Industrial Chemicals,103,50.0,1738,SHIP_V_1238,1.06
SHIP_V_1949,sdv-id-nmUuoF,Industrial Chemicals,300,50.0,673,SHIP_V_1949,5.0
SHIP_V_1459,sdv-id-StuiKW,Smartphones,269,300.0,1352,SHIP_V_1459,-0.1033333333333333
SHIP_V_1901,sdv-id-MKrFuQ,Solar Panels,1490,120.0,802,SHIP_V_1901,11.416666666666666
SHIP_V_1910,sdv-id-qbKoxL,Raw Jute,124,5.0,879,SHIP_V_1910,23.8
SHIP_V_1385,sdv-id-UeJVkD,Ready-made Garments,1131,8.5,1959,SHIP_V_1385,132.05882352941177
SHIP_V_1400,sdv-id-ksEOPA,Solar Panels,186,120.0,1998,SHIP_V_1400,0.55
SHIP_V_1699,sdv-id-CuFAaE,Solar Panels,749,120.0,1560,SHIP_V_1699,5.241666666666666
SHIP_V_1909,sdv-id-eLJxvs,Ready-made Garments,685,8.5,1472,SHIP_V_1909,79.58823529411765
SHIP_V_1121,sdv-id-SZBOeC,Raw Jute,987,5.0,109,SHIP_V_1121,196.4
SHIP_V_1744,sdv-id-bErMgW,Ready-made Garments,592,8.5,1016,SHIP_V_1744,68.6470588235294
SHIP_V_1748,sdv-id-msWwPZ,Industrial Chemicals,319,50.0,1142,SHIP_V_1748,5.38
SHIP_V_1500,sdv-id-nQKgxu,Industrial Chemicals,225,50.0,738,SHIP_V_1500,3.5
SHIP_V_1541,sdv-id-HCEpzb,Smartphones,43,300.0,1743,SHIP_V_1541,-0.8566666666666667
SHIP_V_1876,sdv-id-nTPVtn,Ready-made Garments,649,8.5,1588,SHIP_V_1876,75.3529411764706
SHIP_V_1459,sdv-id-WEYIsH,Industrial Chemicals,1862,50.0,388,SHIP_V_1459,36.24
SHIP_V_1625,sdv-id-GtUcMF,Solar Panels,45,120.0,195,SHIP_V_1625,-0.625
SHIP_V_1536,sdv-id-wrXspx,Smartphones,1678,300.0,922,SHIP_V_1536,4.593333333333334
SHIP_V_1264,sdv-id-DXHyJv,Solar Panels,533,120.0,1441,SHIP_V_1264,3.441666666666667
SHIP_V_1623,sdv-id-mkYsqd,Ready-made Garments,302,8.5,724,SHIP_V_1623,34.529411764705884
SHIP_V_1255,sdv-id-lsYqoJ,Industrial Chemicals,864,50.0,1714,SHIP_V_1255,16.28
SHIP_V_1499,sdv-id-WAeUPk,Smartphones,914,300.0,913,SHIP_V_1499,2.046666666666667
SHIP_V_1274,sdv-id-BCPWUB,Raw Jute,75,5.0,844,SHIP_V_1274,14.0
SHIP_V_1895,sdv-id-pdNaKJ,Industrial Chemicals,1342,50.0,1660,SHIP_V_1895,25.84
SHIP_V_1652,sdv-id-tdQuzX,Industrial Chemicals,567,50.0,1098,SHIP_V_1652,10.34
SHIP_V_1469,sdv-id-iVNrOV,Raw Jute,306,5.0,1435,SHIP_V_1469,60.2
SHIP_V_1723,sdv-id-lZVdoa,Ready-made Garments,393,8.5,1621,SHIP_V_1723,45.23529411764706
SHIP_V_1361,sdv-id-vfxBLw,Raw Jute,9,5.0,720,SHIP_V_1361,0.8
SHIP_V_1886,sdv-id-gjIZVq,Raw Jute,1776,5.0,1519,SHIP_V_1886,354.2
SHIP_V_1734,sdv-id-yZDiZX,Smartphones,878,300.0,579,SHIP_V_1734,1.9266666666666667
SHIP_V_1077,sdv-id-rpTAlQ,Raw Jute,1077,5.0,859,SHIP_V_1077,214.4
SHIP_V_1990,sdv-id-zjHRZV,Smartphones,1922,300.0,1362,SHIP_V_1990,5.406666666666666
SHIP_V_1530,sdv-id-EdMhKW,Ready-made Garments,1328,8.5,1439,SHIP_V_1530,155.23529411764707
SHIP_V_1660,sdv-id-OLZZkj,Raw Jute,770,5.0,610,SHIP_V_1660,153.0
SHIP_V_1487,sdv-id-cvqZag,Industrial Chemicals,2483,50.0,339,SHIP_V_1487,48.66
SHIP_V_1906,sdv-id-TKakqh,Industrial Chemicals,58,50.0,961,SHIP_V_1906,0.16
SHIP_V_1351,sdv-id-VcEKQj,Raw Jute,836,5.0,794,SHIP_V_1351,166.2
SHIP_V_1717,sdv-id-vgsWhq,Smartphones,605,300.0,563,SHIP_V_1717,1.0166666666666666
SHIP_V_1520,sdv-id-YqIWfO,Ready-made Garments,1230,8.5,1340,SHIP_V_1520,143.7058823529412
SHIP_V_1279,sdv-id-zmkITM,Raw Jute,263,5.0,919,SHIP_V_1279,51.6
SHIP_V_1880,sdv-id-OYCMFY,Raw Jute,1139,5.0,1836,SHIP_V_1880,226.8
SHIP_V_1829,sdv-id-SfQrDe,Solar Panels,521,120.0,1718,SHIP_V_1829,3.341666666666667
SHIP_V_1539,sdv-id-sDaekf,Solar Panels,5,120.0,1279,SHIP_V_1539,-0.9583333333333334
SHIP_V_1463,sdv-id-Sjnxxg,Ready-made Garments,720,8.5,654,SHIP_V_1463,83.70588235294117
SHIP_V_1586,sdv-id-qadhEa,Solar Panels,1025,120.0,337,SHIP_V_1586,7.541666666666667
SHIP_V_1335,sdv-id-eSDZEY,Raw Jute,1732,5.0,1380,SHIP_V_1335,345.4
SHIP_V_1578,sdv-id-kBCWht,Industrial Chemicals,2098,50.0,806,SHIP_V_1578,40.96
SHIP_V_1323,sdv-id-TdDJmy,Smartphones,522,300.0,1641,SHIP_V_1323,0.74
SHIP_V_1977,sdv-id-dJnnsN,Industrial Chemicals,1068,50.0,1096,SHIP_V_1977,20.36
SHIP_V_1529,sdv-id-zGjkkF,Raw Jute,1046,5.0,1327,SHIP_V_1529,208.2
SHIP_V_1522,sdv-id-GPcovu,Raw Jute,779,5.0,1758,SHIP_V_1522,154.8
SHIP_V_1690,sdv-id-GxOxKC,Ready-made Garments,289,8.5,1561,SHIP_V_1690,33.0
SHIP_V_1949,sdv-id-UQGJzL,Industrial Chemicals,203,50.0,1307,SHIP_V_1949,3.06
SHIP_V_1331,sdv-id-QvzFYF,Smartphones,350,300.0,1129,SHIP_V_1331,0.1666666666666666
SHIP_V_1144,sdv-id-YGVROI,Industrial Chemicals,114,50.0,1874,SHIP_V_1144,1.28
SHIP_V_1363,sdv-id-lIfYYj,Raw Jute,1806,5.0,1119,SHIP_V_1363,360.2
SHIP_V_1460,sdv-id-FZctuW,Industrial Chemicals,1196,50.0,650,SHIP_V_1460,22.92
SHIP_V_1962,sdv-id-lVLbQM,Smartphones,60,300.0,1857,SHIP_V_1962,-0.8
SHIP_V_1793,sdv-id-aEyUHo,Smartphones,131,300.0,1445,SHIP_V_1793,-0.5633333333333334
SHIP_V_1869,sdv-id-Ismdww,Raw Jute,364,5.0,982,SHIP_V_1869,71.8
SHIP_V_1726,sdv-id-bYsSxM,Industrial Chemicals,671,50.0,1390,SHIP_V_1726,12.42
SHIP_V_1903,sdv-id-agRZKP,Industrial Chemicals,182,50.0,1580,SHIP_V_1903,2.64
SHIP_V_1658,sdv-id-OjKoWZ,Smartphones,111,300.0,749,SHIP_V_1658,-0.63
SHIP_V_1996,sdv-id-IwSAJO,Smartphones,101,300.0,547,SHIP_V_1996,-0.6633333333333333
SHIP_V_1861,sdv-id-QMJVXv,Smartphones,677,300.0,1643,SHIP_V_1861,1.2566666666666666
SHIP_V_1667,sdv-id-DCdpIk,Raw Jute,1233,5.0,326,SHIP_V_1667,245.6
SHIP_V_1890,sdv-id-AfNIHt,Smartphones,2821,300.0,671,SHIP_V_1890,8.403333333333334
SHIP_V_1471,sdv-id-BCACeJ,Raw Jute,949,5.0,1252,SHIP_V_1471,188.8
SHIP_V_1187,sdv-id-UkIlpa,Raw Jute,466,5.0,1548,SHIP_V_1187,92.2
SHIP_V_1505,sdv-id-bcbAkv,Industrial Chemicals,235,50.0,1127,SHIP_V_1505,3.7
SHIP_V_1113,sdv-id-ISFZpz,Smartphones,432,300.0,594,SHIP_V_1113,0.44
SHIP_V_1332,sdv-id-NSXSVk,Industrial Chemicals,237,50.0,547,SHIP_V_1332,3.74
SHIP_V_1103,sdv-id-aXyjpa,Industrial Chemicals,1402,50.0,415,SHIP_V_1103,27.04
SHIP_V_1897,sdv-id-YrhOfu,Industrial Chemicals,2093,50.0,274,SHIP_V_1897,40.86
SHIP_V_1546,sdv-id-cZnyEZ,Raw Jute,840,5.0,1107,SHIP_V_1546,167.0
SHIP_V_1008,sdv-id-NBPFRC,Raw Jute,1424,5.0,326,SHIP_V_1008,283.8
SHIP_V_1779,sdv-id-BNTWTu,Solar Panels,616,120.0,500,SHIP_V_1779,4.133333333333334
SHIP_V_1530,sdv-id-uZJiBr,Industrial Chemicals,491,50.0,1397,SHIP_V_1530,8.82
SHIP_V_1718,sdv-id-jpzsJs,Raw Jute,847,5.0,1390,SHIP_V_1718,168.4
SHIP_V_1065,sdv-id-WWAzTv,Industrial Chemicals,1233,50.0,833,SHIP_V_1065,23.66
SHIP_V_1333,sdv-id-tjIjWq,Ready-made Garments,1377,8.5,1919,SHIP_V_1333,161.0
SHIP_V_1308,sdv-id-NsElQY,Industrial Chemicals,1249,50.0,951,SHIP_V_1308,23.98
SHIP_V_1842,sdv-id-OiWjWU,Smartphones,1001,300.0,1947,SHIP_V_1842,2.3366666666666664
SHIP_V_1622,sdv-id-LAhoxG,Solar Panels,965,120.0,1778,SHIP_V_1622,7.041666666666667
SHIP_V_1965,sdv-id-NzEfEm,Industrial Chemicals,63,50.0,1471,SHIP_V_1965,0.26
SHIP_V_1365,sdv-id-DbhfQt,Solar Panels,135,120.0,1493,SHIP_V_1365,0.125
SHIP_V_1222,sdv-id-rFlJJv,Industrial Chemicals,749,50.0,811,SHIP_V_1222,13.98
SHIP_V_1532,sdv-id-wkIrXq,Industrial Chemicals,882,50.0,1159,SHIP_V_1532,16.64
SHIP_V_1996,sdv-id-ocOARJ,Raw Jute,782,5.0,1711,SHIP_V_1996,155.4
SHIP_V_1463,sdv-id-KJswTn,Industrial Chemicals,1077,50.0,1644,SHIP_V_1463,20.54
SHIP_V_1481,sdv-id-zZwxQv,Smartphones,88,300.0,485,SHIP_V_1481,-0.7066666666666667
SHIP_V_1709,sdv-id-fxCdPF,Smartphones,677,300.0,1993,SHIP_V_1709,1.2566666666666666
SHIP_V_1293,sdv-id-RPmHIg,Ready-made Garments,618,8.5,835,SHIP_V_1293,71.70588235294117
SHIP_V_1517,sdv-id-cosijU,Industrial Chemicals,922,50.0,1614,SHIP_V_1517,17.44
SHIP_V_1315,sdv-id-dDCtXu,Ready-made Garments,151,8.5,1414,SHIP_V_1315,16.764705882352942
SHIP_V_1552,sdv-id-NbyCNp,Smartphones,140,300.0,755,SHIP_V_1552,-0.5333333333333333
SHIP_V_1855,sdv-id-TDScex,Solar Panels,255,120.0,1486,SHIP_V_1855,1.125
SHIP_V_1847,sdv-id-UUximC,Raw Jute,74,5.0,1508,SHIP_V_1847,13.8
SHIP_V_1410,sdv-id-OclHGs,Solar Panels,232,120.0,1452,SHIP_V_1410,0.9333333333333332
SHIP_V_1990,sdv-id-gwYctK,Smartphones,1821,300.0,772,SHIP_V_1990,5.07
SHIP_V_1510,sdv-id-rvjkiV,Raw Jute,1695,5.0,1395,SHIP_V_1510,338.0
SHIP_V_1836,sdv-id-WTlUyw,Raw Jute,26,5.0,1788,SHIP_V_1836,4.2
SHIP_V_1022,sdv-id-tXBRlg,Solar Panels,1246,120.0,593,SHIP_V_1022,9.383333333333333
SHIP_V_1564,sdv-id-PDlNtl,Solar Panels,836,120.0,236,SHIP_V_1564,5.966666666666667
SHIP_V_1979,sdv-id-mtcZAt,Smartphones,737,300.0,1141,SHIP_V_1979,1.4566666666666668
SHIP_V_1636,sdv-id-VoUAxc,Industrial Chemicals,1723,50.0,725,SHIP_V_1636,33.46
SHIP_V_1345,sdv-id-UrYMWZ,Industrial Chemicals,55,50.0,1053,SHIP_V_1345,0.1
SHIP_V_1502,sdv-id-fimbXe,Ready-made Garments,1383,8.5,633,SHIP_V_1502,161.7058823529412
SHIP_V_1587,sdv-id-japvXH,Raw Jute,167,5.0,1644,SHIP_V_1587,32.4
SHIP_V_1978,sdv-id-RJWqDB,Smartphones,52,300.0,1310,SHIP_V_1978,-0.8266666666666667
SHIP_V_1231,sdv-id-LGSGAM,Industrial Chemicals,125,50.0,1214,SHIP_V_1231,1.5
SHIP_V_1430,sdv-id-YossSa,Ready-made Garments,569,8.5,467,SHIP_V_1430,65.94117647058823
SHIP_V_1880,sdv-id-iQLPXB,Raw Jute,693,5.0,383,SHIP_V_1880,137.6
SHIP_V_1129,sdv-id-dUmemE,Industrial Chemicals,1150,50.0,252,SHIP_V_1129,22.0
SHIP_V_1806,sdv-id-HTqEsu,Raw Jute,77,5.0,1932,SHIP_V_1806,14.4
SHIP_V_1247,sdv-id-HUpeZo,Raw Jute,955,5.0,440,SHIP_V_1247,190.0
SHIP_V_1914,sdv-id-uricTJ,Smartphones,483,300.0,470,SHIP_V_1914,0.61
SHIP_V_1961,sdv-id-nrJzjt,Raw Jute,2868,5.0,1439,SHIP_V_1961,572.6
SHIP_V_1024,sdv-id-yBXaaQ,Smartphones,518,300.0,459,SHIP_V_1024,0.7266666666666667
SHIP_V_1329,sdv-id-FWHDcK,Ready-made Garments,1122,8.5,142,SHIP_V_1329,131.0
SHIP_V_1251,sdv-id-CfVsty,Ready-made Garments,996,8.5,509,SHIP_V_1251,116.17647058823528
SHIP_V_1795,sdv-id-wovqFA,Smartphones,882,300.0,680,SHIP_V_1795,1.94
SHIP_V_1377,sdv-id-ZUjlMc,Raw Jute,481,5.0,1882,SHIP_V_1377,95.2
SHIP_V_1927,sdv-id-HFBCVJ,Raw Jute,229,5.0,1913,SHIP_V_1927,44.8
SHIP_V_1396,sdv-id-SwdALS,Smartphones,1109,300.0,1117,SHIP_V_1396,2.6966666666666668
SHIP_V_1720,sdv-id-TiJUvb,Solar Panels,46,120.0,1603,SHIP_V_1720,-0.6166666666666667
SHIP_V_1353,sdv-id-nzelQg,Raw Jute,777,5.0,164,SHIP_V_1353,154.4
SHIP_V_1745,sdv-id-jTJSOn,Solar Panels,935,120.0,262,SHIP_V_1745,6.791666666666667
SHIP_V_1163,sdv-id-lXoPQc,Ready-made Garments,352,8.5,190,SHIP_V_1163,40.411764705882355
SHIP_V_1983,sdv-id-PiGZOX,Smartphones,1096,300.0,1434,SHIP_V_1983,2.6533333333333333
SHIP_V_1832,sdv-id-rCFWHf,Ready-made Garments,957,8.5,1353,SHIP_V_1832,111.58823529411764
SHIP_V_1553,sdv-id-nOiaGu,Ready-made Garments,45,8.5,1694,SHIP_V_1553,4.294117647058823
SHIP_V_1325,sdv-id-iLXtYC,Smartphones,225,300.0,1228,SHIP_V_1325,-0.25
SHIP_V_1165,sdv-id-yzHieD,Raw Jute,2347,5.0,1460,SHIP_V_1165,468.4
SHIP_V_1406,sdv-id-jIUmyE,Ready-made Garments,384,8.5,155,SHIP_V_1406,44.1764705882353
SHIP_V_1484,sdv-id-ygvxto,Raw Jute,1452,5.0,232,SHIP_V_1484,289.4
SHIP_V_1054,sdv-id-PBEVma,Industrial Chemicals,590,50.0,515,SHIP_V_1054,10.8
SHIP_V_1945,sdv-id-GyXXpf,Industrial Chemicals,291,50.0,1283,SHIP_V_1945,4.82
SHIP_V_1313,sdv-id-VmHZoV,Solar Panels,435,120.0,1888,SHIP_V_1313,2.625
SHIP_V_1618,sdv-id-MFoPMG,Ready-made Garments,1300,8.5,565,SHIP_V_1618,151.94117647058823
SHIP_V_1347,sdv-id-cRmiMh,Ready-made Garments,1032,8.5,1084,SHIP_V_1347,120.41176470588236
SHIP_V_1916,sdv-id-QSsCVF,Solar Panels,32,120.0,1352,SHIP_V_1916,-0.7333333333333333
SHIP_V_1393,sdv-id-nHOTPR,Smartphones,177,300.0,876,SHIP_V_1393,-0.41
SHIP_V_1760,sdv-id-zMFVGs,Raw Jute,321,5.0,1806,SHIP_V_1760,63.2
SHIP_V_1119,sdv-id-dmLbSC,Smartphones,142,300.0,1591,SHIP_V_1119,-0.5266666666666666
SHIP_V_1333,sdv-id-HUvEDh,Raw Jute,388,5.0,754,SHIP_V_1333,76.6
SHIP_V_1723,sdv-id-xeGHrG,Ready-made Garments,1239,8.5,1305,SHIP_V_1723,144.76470588235293
SHIP_V_1063,sdv-id-PYZDkH,Raw Jute,1062,5.0,1322,SHIP_V_1063,211.4
SHIP_V_1839,sdv-id-FArZmU,Industrial Chemicals,1146,50.0,303,SHIP_V_1839,21.92
SHIP_V_1539,sdv-id-SwOZcL,Ready-made Garments,1267,8.5,331,SHIP_V_1539,148.05882352941177
SHIP_V_1533,sdv-id-agGKSc,Solar Panels,15,120.0,383,SHIP_V_1533,-0.875
SHIP_V_1456,sdv-id-HuasMu,Raw Jute,1886,5.0,892,SHIP_V_1456,376.2
SHIP_V_1776,sdv-id-LGmfjw,Smartphones,2017,300.0,1037,SHIP_V_1776,5.723333333333334
SHIP_V_1014,sdv-id-QHEeOQ,Ready-made Garments,553,8.5,178,SHIP_V_1014,64.05882352941177
SHIP_V_1085,sdv-id-aTZtTt,Smartphones,233,300.0,491,SHIP_V_1085,-0.2233333333333333
SHIP_V_1194,sdv-id-CPZJWh,Smartphones,1180,300.0,571,SHIP_V_1194,2.933333333333333
SHIP_V_1272,sdv-id-vCRqBc,Solar Panels,100,120.0,416,SHIP_V_1272,-0.1666666666666666
SHIP_V_1439,sdv-id-ocYPUL,Smartphones,92,300.0,1973,SHIP_V_1439,-0.6933333333333334
SHIP_V_1680,sdv-id-FbpyxL,Smartphones,165,300.0,972,SHIP_V_1680,-0.45
SHIP_V_1365,sdv-id-EjAhdf,Raw Jute,1673,5.0,142,SHIP_V_1365,333.6
SHIP_V_1446,sdv-id-TIRfGa,Smartphones,41,300.0,1499,SHIP_V_1446,-0.8633333333333333
SHIP_V_1460,sdv-id-ckoAae,Ready-made Garments,56,8.5,140,SHIP_V_1460,5.588235294117647
SHIP_V_1362,sdv-id-NdgeLl,Solar Panels,6,120.0,1184,SHIP_V_1362,-0.95
SHIP_V_1648,sdv-id-QiymdA,Raw Jute,878,5.0,333,SHIP_V_1648,174.6
SHIP_V_1277,sdv-id-rGtBOd,Raw Jute,178,5.0,1449,SHIP_V_1277,34.6
SHIP_V_1719,sdv-id-fcGpHE,Ready-made Garments,45,8.5,807,SHIP_V_1719,4.294117647058823
SHIP_V_1644,sdv-id-OUyXNj,Industrial Chemicals,560,50.0,641,SHIP_V_1644,10.2
SHIP_V_1293,sdv-id-yxyGDW,Industrial Chemicals,455,50.0,1954,SHIP_V_1293,8.1
SHIP_V_1269,sdv-id-iZgzDG,Solar Panels,731,120.0,1619,SHIP_V_1269,5.091666666666667
SHIP_V_1486,sdv-id-aoeVYb,Raw Jute,544,5.0,1806,SHIP_V_1486,107.8
SHIP_V_1878,sdv-id-tdtAXQ,Smartphones,1324,300.0,1178,SHIP_V_1878,3.4133333333333336
SHIP_V_1421,sdv-id-aOVlRs,Smartphones,588,300.0,1835,SHIP_V_1421,0.96
SHIP_V_1261,sdv-id-iKRrZP,Solar Panels,242,120.0,221,SHIP_V_1261,1.0166666666666666
SHIP_V_1695,sdv-id-GYNAFD,Industrial Chemicals,66,50.0,605,SHIP_V_1695,0.32
SHIP_V_1039,sdv-id-aQZDYV,Smartphones,137,300.0,1119,SHIP_V_1039,-0.5433333333333333
SHIP_V_1920,sdv-id-eWQilS,Solar Panels,193,120.0,507,SHIP_V_1920,0.6083333333333333
SHIP_V_1926,sdv-id-keyRCE,Ready-made Garments,848,8.5,1157,SHIP_V_1926,98.76470588235294
SHIP_V_1275,sdv-id-iNpvqD,Solar Panels,2377,120.0,1953,SHIP_V_1275,18.808333333333337
SHIP_V_1750,sdv-id-wNuiNc,Solar Panels,6,120.0,495,SHIP_V_1750,-0.95
SHIP_V_1063,sdv-id-ndTBBj,Raw Jute,132,5.0,523,SHIP_V_1063,25.4
SHIP_V_1777,sdv-id-ZtXJuh,Smartphones,42,300.0,1027,SHIP_V_1777,-0.86
SHIP_V_1969,sdv-id-SmhKAX,Smartphones,549,300.0,1405,SHIP_V_1969,0.83
SHIP_V_1608,sdv-id-kMLXaa,Industrial Chemicals,881,50.0,763,SHIP_V_1608,16.62
SHIP_V_1431,sdv-id-RzQRRJ,Industrial Chemicals,1051,50.0,1814,SHIP_V_1431,20.02
SHIP_V_1222,sdv-id-NErHAT,Industrial Chemicals,1285,50.0,1871,SHIP_V_1222,24.7
SHIP_V_1478,sdv-id-LccXnf,Industrial Chemicals,242,50.0,501,SHIP_V_1478,3.84
SHIP_V_1824,sdv-id-zJkgMP,Raw Jute,596,5.0,487,SHIP_V_1824,118.2
SHIP_V_1438,sdv-id-qSsOCr,Solar Panels,204,120.0,1754,SHIP_V_1438,0.7
SHIP_V_1863,sdv-id-wTUkwI,Industrial Chemicals,531,50.0,1818,SHIP_V_1863,9.62
SHIP_V_1990,sdv-id-AwLkHM,Smartphones,440,300.0,1770,SHIP_V_1990,0.4666666666666667
SHIP_V_1918,sdv-id-zOyyzb,Smartphones,696,300.0,1888,SHIP_V_1918,1.32
SHIP_V_1483,sdv-id-KMIiuA,Ready-made Garments,1564,8.5,1041,SHIP_V_1483,183.0
SHIP_V_1356,sdv-id-JatArW,Smartphones,717,300.0,1665,SHIP_V_1356,1.39
SHIP_V_1220,sdv-id-aRvGsa,Industrial Chemicals,666,50.0,199,SHIP_V_1220,12.32
SHIP_V_1685,sdv-id-FxBlfw,Smartphones,349,300.0,1900,SHIP_V_1685,0.1633333333333333
SHIP_V_1097,sdv-id-jxTzYb,Raw Jute,288,5.0,479,SHIP_V_1097,56.6
SHIP_V_1009,sdv-id-XwXpTx,Raw Jute,887,5.0,874,SHIP_V_1009,176.4
SHIP_V_1934,sdv-id-sSiowy,Smartphones,459,300.0,963,SHIP_V_1934,0.53
SHIP_V_1741,sdv-id-Pwunss,Raw Jute,1810,5.0,1678,SHIP_V_1741,361.0
SHIP_V_1430,sdv-id-argqng,Smartphones,1180,300.0,1214,SHIP_V_1430,2.933333333333333
SHIP_V_1263,sdv-id-xJcvSh,Industrial Chemicals,546,50.0,350,SHIP_V_1263,9.92
SHIP_V_1449,sdv-id-bzVXFL,Industrial Chemicals,828,50.0,536,SHIP_V_1449,15.56
SHIP_V_1523,sdv-id-QXzGEF,Smartphones,172,300.0,1181,SHIP_V_1523,-0.4266666666666667
SHIP_V_1246,sdv-id-KnIFsO,Smartphones,693,300.0,1873,SHIP_V_1246,1.31
SHIP_V_1445,sdv-id-bPckgV,Solar Panels,298,120.0,1329,SHIP_V_1445,1.4833333333333334
SHIP_V_1030,sdv-id-vzGrgI,Solar Panels,115,120.0,168,SHIP_V_1030,-0.0416666666666666
SHIP_V_1493,sdv-id-NBPESj,Solar Panels,5,120.0,1347,SHIP_V_1493,-0.9583333333333334
SHIP_V_1402,sdv-id-DxnkPn,Industrial Chemicals,902,50.0,505,SHIP_V_1402,17.04
SHIP_V_1389,sdv-id-zCLHDp,Raw Jute,692,5.0,1729,SHIP_V_1389,137.4
SHIP_V_1525,sdv-id-yfQVqA,Ready-made Garments,1607,8.5,283,SHIP_V_1525,188.05882352941177
SHIP_V_1754,sdv-id-pcudPF,Solar Panels,134,120.0,1556,SHIP_V_1754,0.1166666666666666
SHIP_V_1585,sdv-id-EGcnKO,Raw Jute,76,5.0,836,SHIP_V_1585,14.2
SHIP_V_1498,sdv-id-aNPtUX,Solar Panels,1312,120.0,710,SHIP_V_1498,9.933333333333334
SHIP_V_1120,sdv-id-QgPTne,Industrial Chemicals,700,50.0,1703,SHIP_V_1120,13.0
SHIP_V_1157,sdv-id-mWUvnG,Smartphones,1968,300.0,1885,SHIP_V_1157,5.56
SHIP_V_1366,sdv-id-RKAoFp,Industrial Chemicals,875,50.0,731,SHIP_V_1366,16.5
SHIP_V_1736,sdv-id-JsCsXU,Solar Panels,440,120.0,169,SHIP_V_1736,2.6666666666666665
SHIP_V_1956,sdv-id-lDSOom,Raw Jute,410,5.0,271,SHIP_V_1956,81.0
SHIP_V_1736,sdv-id-xMvGbk,Ready-made Garments,419,8.5,1965,SHIP_V_1736,48.294117647058826
SHIP_V_1330,sdv-id-ZMQuni,Solar Panels,1028,120.0,1195,SHIP_V_1330,7.566666666666666
SHIP_V_1968,sdv-id-SSsaKl,Industrial Chemicals,807,50.0,1988,SHIP_V_1968,15.14
SHIP_V_1025,sdv-id-YjsNoO,Raw Jute,553,5.0,1744,SHIP_V_1025,109.6
SHIP_V_1749,sdv-id-IuEpXB,Solar Panels,304,120.0,737,SHIP_V_1749,1.5333333333333334
SHIP_V_1370,sdv-id-GdHkkx,Industrial Chemicals,920,50.0,595,SHIP_V_1370,17.4
SHIP_V_1839,sdv-id-RBXVIu,Solar Panels,371,120.0,1011,SHIP_V_1839,2.091666666666667
SHIP_V_1715,sdv-id-BaZVkI,Smartphones,1248,300.0,556,SHIP_V_1715,3.16
SHIP_V_1972,sdv-id-uVvnAe,Solar Panels,321,120.0,1735,SHIP_V_1972,1.675
SHIP_V_1912,sdv-id-HahrMh,Industrial Chemicals,502,50.0,1080,SHIP_V_1912,9.04
SHIP_V_1186,sdv-id-QxYMdJ,Raw Jute,1583,5.0,305,SHIP_V_1186,315.6
SHIP_V_1390,sdv-id-dDRMyK,Smartphones,388,300.0,1361,SHIP_V_1390,0.2933333333333333
SHIP_V_1215,sdv-id-zDbRBF,Solar Panels,240,120.0,1071,SHIP_V_1215,1.0
SHIP_V_1512,sdv-id-BILHHo,Solar Panels,78,120.0,1389,SHIP_V_1512,-0.35
SHIP_V_1402,sdv-id-KnDleD,Industrial Chemicals,644,50.0,570,SHIP_V_1402,11.88
SHIP_V_1559,sdv-id-JgwJXU,Smartphones,64,300.0,1630,SHIP_V_1559,-0.7866666666666666
SHIP_V_1514,sdv-id-obOgST,Industrial Chemicals,1183,50.0,1928,SHIP_V_1514,22.66
SHIP_V_1980,sdv-id-AbvjJQ,Raw Jute,1661,5.0,1953,SHIP_V_1980,331.2
SHIP_V_1715,sdv-id-LSuAnh,Ready-made Garments,761,8.5,1851,SHIP_V_1715,88.52941176470588
SHIP_V_1800,sdv-id-SaQDcV,Ready-made Garments,693,8.5,1444,SHIP_V_1800,80.52941176470588
SHIP_V_1787,sdv-id-offJWl,Raw Jute,801,5.0,510,SHIP_V_1787,159.2
SHIP_V_1610,sdv-id-LUmqZM,Raw Jute,1159,5.0,1347,SHIP_V_1610,230.8
SHIP_V_1612,sdv-id-bUFscp,Industrial Chemicals,735,50.0,1043,SHIP_V_1612,13.7
SHIP_V_1726,sdv-id-rRXMqP,Smartphones,476,300.0,523,SHIP_V_1726,0.5866666666666667
SHIP_V_1782,sdv-id-wUGUKb,Raw Jute,1366,5.0,127,SHIP_V_1782,272.2
SHIP_V_1241,sdv-id-VYCbie,Smartphones,121,300.0,247,SHIP_V_1241,-0.5966666666666667
SHIP_V_1428,sdv-id-zovCot,Ready-made Garments,783,8.5,709,SHIP_V_1428,91.11764705882354
SHIP_V_1939,sdv-id-YOEKxP,Raw Jute,603,5.0,1230,SHIP_V_1939,119.6
SHIP_V_1279,sdv-id-BcloWe,Industrial Chemicals,491,50.0,526,SHIP_V_1279,8.82
SHIP_V_1811,sdv-id-NZJOnJ,Smartphones,1153,300.0,1268,SHIP_V_1811,2.8433333333333333
SHIP_V_1756,sdv-id-iLKFxl,Raw Jute,1664,5.0,1871,SHIP_V_1756,331.8
SHIP_V_1460,sdv-id-JXNacg,Ready-made Garments,264,8.5,652,SHIP_V_1460,30.058823529411764
SHIP_V_1949,sdv-id-iAlaMW,Ready-made Garments,10,8.5,1266,SHIP_V_1949,0.1764705882352941
SHIP_V_1023,sdv-id-qQewLa,Ready-made Garments,767,8.5,1794,SHIP_V_1023,89.23529411764706
SHIP_V_1655,sdv-id-ytarND,Solar Panels,314,120.0,1902,SHIP_V_1655,1.6166666666666667
SHIP_V_1675,sdv-id-QuGzmI,Solar Panels,25,120.0,1350,SHIP_V_1675,-0.7916666666666666
SHIP_V_1684,sdv-id-qfDBFZ,Raw Jute,266,5.0,431,SHIP_V_1684,52.2
SHIP_V_1847,sdv-id-BFiWCP,Raw Jute,873,5.0,395,SHIP_V_1847,173.6
SHIP_V_1163,sdv-id-ncGSiq,Industrial Chemicals,2239,50.0,851,SHIP_V_1163,43.78
SHIP_V_1855,sdv-id-saUbUh,Smartphones,810,300.0,1544,SHIP_V_1855,1.7
SHIP_V_1133,sdv-id-yNdnje,Solar Panels,814,120.0,592,SHIP_V_1133,5.783333333333333
SHIP_V_1324,sdv-id-MGgJnM,Ready-made Garments,19,8.5,1022,SHIP_V_1324,1.2352941176470589
SHIP_V_1958,sdv-id-vtkZIT,Raw Jute,823,5.0,1008,SHIP_V_1958,163.6
SHIP_V_1617,sdv-id-PbSNoI,Ready-made Garments,839,8.5,1637,SHIP_V_1617,97.70588235294116
SHIP_V_1399,sdv-id-VQOXEa,Solar Panels,1727,120.0,1554,SHIP_V_1399,13.391666666666667
SHIP_V_1504,sdv-id-LvEdLh,Raw Jute,909,5.0,134,SHIP_V_1504,180.8
SHIP_V_1112,sdv-id-gzsNvP,Industrial Chemicals,210,50.0,1984,SHIP_V_1112,3.2
SHIP_V_1442,sdv-id-qBYHgH,Solar Panels,646,120.0,1142,SHIP_V_1442,4.383333333333334
SHIP_V_1646,sdv-id-qQxZIC,Ready-made Garments,860,8.5,836,SHIP_V_1646,100.17647058823528
SHIP_V_1670,sdv-id-jRSrpe,Ready-made Garments,1639,8.5,1660,SHIP_V_1670,191.8235294117647
SHIP_V_1680,sdv-id-wmmDyF,Ready-made Garments,983,8.5,1533,SHIP_V_1680,114.6470588235294
SHIP_V_1835,sdv-id-dbuVOk,Raw Jute,1392,5.0,863,SHIP_V_1835,277.4
SHIP_V_1553,sdv-id-RZLtlo,Solar Panels,1021,120.0,1276,SHIP_V_1553,7.508333333333334
SHIP_V_1647,sdv-id-lqOWUQ,Industrial Chemicals,404,50.0,1633,SHIP_V_1647,7.08
SHIP_V_1592,sdv-id-fvWuYd,Industrial Chemicals,1415,50.0,1239,SHIP_V_1592,27.3
SHIP_V_1685,sdv-id-RkYVKH,Ready-made Garments,5,8.5,1938,SHIP_V_1685,-0.4117647058823529
SHIP_V_1469,sdv-id-UUuORp,Industrial Chemicals,811,50.0,556,SHIP_V_1469,15.22
SHIP_V_1116,sdv-id-MuCAVG,Ready-made Garments,378,8.5,1022,SHIP_V_1116,43.47058823529411
SHIP_V_1566,sdv-id-IuptXK,Industrial Chemicals,979,50.0,901,SHIP_V_1566,18.58
SHIP_V_1452,sdv-id-tIymVh,Ready-made Garments,275,8.5,1673,SHIP_V_1452,31.352941176470587
SHIP_V_1275,sdv-id-oUgmTN,Ready-made Garments,2092,8.5,146,SHIP_V_1275,245.1176470588235
SHIP_V_1459,sdv-id-KTZVMK,Raw Jute,828,5.0,937,SHIP_V_1459,164.6
SHIP_V_1495,sdv-id-dloZAr,Raw Jute,141,5.0,744,SHIP_V_1495,27.2
SHIP_V_1056,sdv-id-PcItLp,Smartphones,488,300.0,237,SHIP_V_1056,0.6266666666666667
SHIP_V_1553,sdv-id-QIyRJk,Smartphones,172,300.0,1990,SHIP_V_1553,-0.4266666666666667
SHIP_V_1956,sdv-id-sSWtsO,Ready-made Garments,938,8.5,1716,SHIP_V_1956,109.3529411764706
SHIP_V_1498,sdv-id-oWpbhm,Smartphones,1174,300.0,1294,SHIP_V_1498,2.9133333333333336
SHIP_V_1357,sdv-id-rtPfZU,Raw Jute,1544,5.0,1366,SHIP_V_1357,307.8
SHIP_V_1878,sdv-id-DAVHWn,Smartphones,181,300.0,1837,SHIP_V_1878,-0.3966666666666666
SHIP_V_1724,sdv-id-SHzmIj,Raw Jute,788,5.0,678,SHIP_V_1724,156.6
SHIP_V_1899,sdv-id-MyPdxP,Smartphones,51,300.0,595,SHIP_V_1899,-0.83
SHIP_V_1695,sdv-id-xqHnbp,Ready-made Garments,104,8.5,191,SHIP_V_1695,11.235294117647058
SHIP_V_1764,sdv-id-BLfqbq,Solar Panels,1415,120.0,1608,SHIP_V_1764,10.791666666666666
SHIP_V_1816,sdv-id-qJIGVZ,Industrial Chemicals,953,50.0,210,SHIP_V_1816,18.06
SHIP_V_1800,sdv-id-yLhWUE,Solar Panels,502,120.0,820,SHIP_V_1800,3.183333333333333
SHIP_V_1540,sdv-id-wCqfVc,Ready-made Garments,81,8.5,653,SHIP_V_1540,8.529411764705882
SHIP_V_1982,sdv-id-CkQThN,Ready-made Garments,609,8.5,1296,SHIP_V_1982,70.6470588235294
SHIP_V_1880,sdv-id-eRqeJk,Raw Jute,1031,5.0,837,SHIP_V_1880,205.2
SHIP_V_1619,sdv-id-HfSjYf,Smartphones,919,300.0,242,SHIP_V_1619,2.0633333333333335
SHIP_V_1390,sdv-id-ysupNR,Ready-made Garments,339,8.5,1608,SHIP_V_1390,38.88235294117647
SHIP_V_1361,sdv-id-jTPGfw,Raw Jute,1778,5.0,598,SHIP_V_1361,354.6
SHIP_V_1676,sdv-id-ydZSed,Ready-made Garments,1234,8.5,176,SHIP_V_1676,144.1764705882353
SHIP_V_1609,sdv-id-JMsOKk,Raw Jute,2,5.0,1557,SHIP_V_1609,-0.6
SHIP_V_1332,sdv-id-FjMuuG,Raw Jute,1375,5.0,1110,SHIP_V_1332,274.0
SHIP_V_1841,sdv-id-dTwkFU,Ready-made Garments,125,8.5,757,SHIP_V_1841,13.705882352941176
SHIP_V_1962,sdv-id-xawPgg,Industrial Chemicals,2034,50.0,870,SHIP_V_1962,39.68
SHIP_V_1091,sdv-id-ZQlrRw,Solar Panels,472,120.0,279,SHIP_V_1091,2.933333333333333
SHIP_V_1976,sdv-id-GoJNCx,Ready-made Garments,314,8.5,1047,SHIP_V_1976,35.94117647058823
SHIP_V_1201,sdv-id-BCKLXm,Ready-made Garments,503,8.5,523,SHIP_V_1201,58.1764705882353
SHIP_V_1023,sdv-id-apwdGA,Ready-made Garments,870,8.5,972,SHIP_V_1023,101.3529411764706
SHIP_V_1446,sdv-id-aJpmJM,Industrial Chemicals,1143,50.0,433,SHIP_V_1446,21.86
SHIP_V_1172,sdv-id-wYCksN,Industrial Chemicals,881,50.0,779,SHIP_V_1172,16.62
SHIP_V_1893,sdv-id-cWECVx,Solar Panels,1361,120.0,1859,SHIP_V_1893,10.341666666666669
SHIP_V_1698,sdv-id-NTljnc,Raw Jute,700,5.0,323,SHIP_V_1698,139.0
SHIP_V_1415,sdv-id-BIwyIQ,Ready-made Garments,918,8.5,152,SHIP_V_1415,107.0
SHIP_V_1436,sdv-id-bFIYAG,Ready-made Garments,1596,8.5,1319,SHIP_V_1436,186.76470588235293
SHIP_V_1179,sdv-id-xJHgVc,Smartphones,466,300.0,1086,SHIP_V_1179,0.5533333333333333
SHIP_V_1571,sdv-id-nXXBex,Raw Jute,869,5.0,289,SHIP_V_1571,172.8
SHIP_V_1149,sdv-id-CYTXCB,Industrial Chemicals,1135,50.0,1500,SHIP_V_1149,21.7
SHIP_V_1781,sdv-id-awhUPk,Smartphones,1766,300.0,161,SHIP_V_1781,4.886666666666667
SHIP_V_1098,sdv-id-OOdTXj,Industrial Chemicals,426,50.0,1408,SHIP_V_1098,7.52
SHIP_V_1528,sdv-id-IVNzNT,Industrial Chemicals,909,50.0,1381,SHIP_V_1528,17.18
SHIP_V_1750,sdv-id-vpMzmS,Solar Panels,912,120.0,817,SHIP_V_1750,6.6
SHIP_V_1481,sdv-id-JrNUbF,Solar Panels,356,120.0,1003,SHIP_V_1481,1.9666666666666663
SHIP_V_1264,sdv-id-nspFFT,Industrial Chemicals,107,50.0,215,SHIP_V_1264,1.14
SHIP_V_1894,sdv-id-HdOSbj,Smartphones,787,300.0,127,SHIP_V_1894,1.6233333333333333
SHIP_V_1945,sdv-id-IabaXQ,Solar Panels,1430,120.0,1312,SHIP_V_1945,10.916666666666666
SHIP_V_1760,sdv-id-uBPHgY,Solar Panels,5,120.0,1949,SHIP_V_1760,-0.9583333333333334
SHIP_V_1885,sdv-id-ORgvjd,Industrial Chemicals,523,50.0,1783,SHIP_V_1885,9.46
SHIP_V_1751,sdv-id-iCaegW,Industrial Chemicals,126,50.0,1141,SHIP_V_1751,1.52
SHIP_V_1697,sdv-id-FCpwPS,Solar Panels,783,120.0,757,SHIP_V_1697,5.525
SHIP_V_1572,sdv-id-arNhJC,Smartphones,837,300.0,585,SHIP_V_1572,1.79
SHIP_V_1586,sdv-id-RLzLzz,Ready-made Garments,752,8.5,1319,SHIP_V_1586,87.47058823529412
SHIP_V_1627,sdv-id-JdATcM,Ready-made Garments,24,8.5,1163,SHIP_V_1627,1.8235294117647056
SHIP_V_1327,sdv-id-PSlUxi,Smartphones,33,300.0,279,SHIP_V_1327,-0.89
SHIP_V_1896,sdv-id-qIRrJb,Industrial Chemicals,42,50.0,1595,SHIP_V_1896,-0.16
SHIP_V_1310,sdv-id-CxZIzP,Smartphones,54,300.0,382,SHIP_V_1310,-0.82
SHIP_V_1837,sdv-id-PwEhKn,Raw Jute,259,5.0,1468,SHIP_V_1837,50.8
SHIP_V_1909,sdv-id-LfcqAf,Ready-made Garments,235,8.5,1212,SHIP_V_1909,26.647058823529413
SHIP_V_1585,sdv-id-ryrTAu,Raw Jute,996,5.0,1078,SHIP_V_1585,198.2
SHIP_V_1920,sdv-id-lPynse,Smartphones,760,300.0,919,SHIP_V_1920,1.5333333333333334
SHIP_V_1146,sdv-id-DWRxjG,Ready-made Garments,364,8.5,1397,SHIP_V_1146,41.8235294117647
SHIP_V_1182,sdv-id-PSsTpX,Raw Jute,218,5.0,1653,SHIP_V_1182,42.6
SHIP_V_1730,sdv-id-NKCMwO,Solar Panels,30,120.0,229,SHIP_V_1730,-0.75
SHIP_V_1551,sdv-id-vuBbAQ,Smartphones,400,300.0,1369,SHIP_V_1551,0.3333333333333333
SHIP_V_1787,sdv-id-iUFnWB,Ready-made Garments,19,8.5,1290,SHIP_V_1787,1.2352941176470589
SHIP_V_1539,sdv-id-dRVynW,Industrial Chemicals,731,50.0,746,SHIP_V_1539,13.62
SHIP_V_1256,sdv-id-WxTjnW,Industrial Chemicals,1644,50.0,367,SHIP_V_1256,31.88
SHIP_V_1210,sdv-id-LcLJnM,Ready-made Garments,212,8.5,527,SHIP_V_1210,23.941176470588236
SHIP_V_1864,sdv-id-nvanUG,Raw Jute,655,5.0,1430,SHIP_V_1864,130.0
SHIP_V_1752,sdv-id-ZldmFK,Raw Jute,700,5.0,1666,SHIP_V_1752,139.0
SHIP_V_1480,sdv-id-LnIbaz,Solar Panels,707,120.0,1189,SHIP_V_1480,4.891666666666667
SHIP_V_1745,sdv-id-AbWozq,Solar Panels,590,120.0,820,SHIP_V_1745,3.9166666666666665
SHIP_V_1395,sdv-id-tdfRyn,Smartphones,764,300.0,1342,SHIP_V_1395,1.5466666666666666
SHIP_V_1683,sdv-id-oykLBZ,Solar Panels,185,120.0,1742,SHIP_V_1683,0.5416666666666666
SHIP_V_1265,sdv-id-rWnQeI,Raw Jute,1536,5.0,828,SHIP_V_1265,306.2
SHIP_V_1899,sdv-id-QAyUdF,Raw Jute,252,5.0,1159,SHIP_V_1899,49.4
SHIP_V_1712,sdv-id-LazBkU,Smartphones,117,300.0,816,SHIP_V_1712,-0.61
SHIP_V_1388,sdv-id-sNnQCm,Solar Panels,113,120.0,293,SHIP_V_1388,-0.0583333333333333
SHIP_V_1490,sdv-id-RYqYFI,Ready-made Garments,217,8.5,477,SHIP_V_1490,24.529411764705884
SHIP_V_1923,sdv-id-zSHPxX,Ready-made Garments,121,8.5,1152,SHIP_V_1923,13.235294117647058
SHIP_V_1374,sdv-id-aMGKQU,Solar Panels,202,120.0,939,SHIP_V_1374,0.6833333333333333
SHIP_V_1791,sdv-id-CUMXfL,Industrial Chemicals,1091,50.0,899,SHIP_V_1791,20.82
SHIP_V_1055,sdv-id-SxSFgP,Ready-made Garments,276,8.5,1250,SHIP_V_1055,31.470588235294116
SHIP_V_1838,sdv-id-FoTiJB,Ready-made Garments,1239,8.5,784,SHIP_V_1838,144.76470588235293
SHIP_V_1591,sdv-id-hKCPUQ,Ready-made Garments,1478,8.5,1216,SHIP_V_1591,172.88235294117646
SHIP_V_1580,sdv-id-enGGIM,Raw Jute,1446,5.0,1474,SHIP_V_1580,288.2
SHIP_V_1111,sdv-id-sitXpl,Solar Panels,774,120.0,1425,SHIP_V_1111,5.45
SHIP_V_1074,sdv-id-MksZux,Smartphones,280,300.0,1349,SHIP_V_1074,-0.0666666666666666
SHIP_V_1186,sdv-id-IWgtWw,Industrial Chemicals,268,50.0,1430,SHIP_V_1186,4.36
SHIP_V_1761,sdv-id-MCDjcu,Smartphones,784,300.0,1104,SHIP_V_1761,1.6133333333333333
SHIP_V_1433,sdv-id-OvUaGE,Industrial Chemicals,1151,50.0,1384,SHIP_V_1433,22.02
SHIP_V_1019,sdv-id-XdkxDs,Solar Panels,1161,120.0,920,SHIP_V_1019,8.675
SHIP_V_1947,sdv-id-wAROPc,Solar Panels,1219,120.0,421,SHIP_V_1947,9.158333333333331
SHIP_V_1689,sdv-id-aYmaUQ,Solar Panels,566,120.0,1979,SHIP_V_1689,3.716666666666667
SHIP_V_1189,sdv-id-QxdFMd,Industrial Chemicals,791,50.0,572,SHIP_V_1189,14.82
SHIP_V_1869,sdv-id-yyfnnJ,Smartphones,1164,300.0,1702,SHIP_V_1869,2.88
SHIP_V_1969,sdv-id-XoAyzZ,Smartphones,1399,300.0,1925,SHIP_V_1969,3.6633333333333336
SHIP_V_1190,sdv-id-RpscUp,Raw Jute,730,5.0,1806,SHIP_V_1190,145.0
SHIP_V_1373,sdv-id-TKkxmz,Raw Jute,310,5.0,1840,SHIP_V_1373,61.0
SHIP_V_1743,sdv-id-fxlrBM,Ready-made Garments,28,8.5,1171,SHIP_V_1743,2.2941176470588234
SHIP_V_1375,sdv-id-dFuiYw,Ready-made Garments,255,8.5,501,SHIP_V_1375,29.0
SHIP_V_1482,sdv-id-QeCWhc,Smartphones,708,300.0,391,SHIP_V_1482,1.36
SHIP_V_1615,sdv-id-SccDrW,Ready-made Garments,18,8.5,1741,SHIP_V_1615,1.1176470588235294
SHIP_V_1329,sdv-id-fYXCuP,Raw Jute,155,5.0,1633,SHIP_V_1329,30.0
SHIP_V_1104,sdv-id-IPosuY,Industrial Chemicals,2047,50.0,1183,SHIP_V_1104,39.94
SHIP_V_1937,sdv-id-nRHORw,Smartphones,200,300.0,286,SHIP_V_1937,-0.3333333333333333
SHIP_V_1481,sdv-id-ITiiWy,Industrial Chemicals,136,50.0,1199,SHIP_V_1481,1.72
SHIP_V_1014,sdv-id-rdtSFl,Smartphones,22,300.0,361,SHIP_V_1014,-0.9266666666666666
SHIP_V_1433,sdv-id-RApXTL,Industrial Chemicals,756,50.0,302,SHIP_V_1433,14.12
SHIP_V_1134,sdv-id-pNykOX,Ready-made Garments,1177,8.5,874,SHIP_V_1134,137.47058823529412
SHIP_V_1821,sdv-id-nJpgcS,Industrial Chemicals,379,50.0,221,SHIP_V_1821,6.58
SHIP_V_1504,sdv-id-mDqUww,Smartphones,107,300.0,1510,SHIP_V_1504,-0.6433333333333333
SHIP_V_1486,sdv-id-sEaMqY,Smartphones,824,300.0,1190,SHIP_V_1486,1.7466666666666666
SHIP_V_1801,sdv-id-fWLjaR,Industrial Chemicals,8,50.0,187,SHIP_V_1801,-0.84
SHIP_V_1575,sdv-id-kgJMUt,Raw Jute,39,5.0,257,SHIP_V_1575,6.8
SHIP_V_1995,sdv-id-BbwRBA,Smartphones,1405,300.0,271,SHIP_V_1995,3.683333333333333
SHIP_V_1714,sdv-id-rDEBLw,Smartphones,1144,300.0,817,SHIP_V_1714,2.8133333333333335
SHIP_V_1979,sdv-id-BIuxkk,Raw Jute,530,5.0,377,SHIP_V_1979,105.0
SHIP_V_1141,sdv-id-XMTuzz,Industrial Chemicals,583,50.0,1504,SHIP_V_1141,10.66
SHIP_V_1847,sdv-id-HerbNZ,Ready-made Garments,1413,8.5,777,SHIP_V_1847,165.23529411764707
SHIP_V_1010,sdv-id-HXRNUs,Industrial Chemicals,120,50.0,605,SHIP_V_1010,1.4
SHIP_V_1754,sdv-id-AUgdzn,Raw Jute,89,5.0,853,SHIP_V_1754,16.8
SHIP_V_1518,sdv-id-KuqKcz,Raw Jute,1097,5.0,342,SHIP_V_1518,218.4
SHIP_V_1490,sdv-id-KxzGeI,Solar Panels,385,120.0,545,SHIP_V_1490,2.2083333333333335
SHIP_V_1917,sdv-id-WhGZQz,Solar Panels,400,120.0,1627,SHIP_V_1917,2.3333333333333335
SHIP_V_1836,sdv-id-vyLsEQ,Smartphones,1164,300.0,1504,SHIP_V_1836,2.88
SHIP_V_1978,sdv-id-eoFIXt,Ready-made Garments,943,8.5,386,SHIP_V_1978,109.94117647058825
SHIP_V_1547,sdv-id-amRjPk,Solar Panels,555,120.0,1289,SHIP_V_1547,3.625
SHIP_V_1473,sdv-id-xAhMXG,Raw Jute,679,5.0,961,SHIP_V_1473,134.8
SHIP_V_1716,sdv-id-kPcBha,Solar Panels,342,120.0,1308,SHIP_V_1716,1.85
SHIP_V_1205,sdv-id-JzUxjj,Smartphones,1881,300.0,167,SHIP_V_1205,5.27
SHIP_V_1922,sdv-id-DmnuMc,Industrial Chemicals,627,50.0,442,SHIP_V_1922,11.54
SHIP_V_1857,sdv-id-xwqXGQ,Raw Jute,521,5.0,1688,SHIP_V_1857,103.2
SHIP_V_1905,sdv-id-SJCPeP,Industrial Chemicals,660,50.0,1652,SHIP_V_1905,12.2
SHIP_V_1895,sdv-id-oWwOeW,Smartphones,854,300.0,1686,SHIP_V_1895,1.846666666666667
SHIP_V_1245,sdv-id-cyCsfB,Industrial Chemicals,1244,50.0,1373,SHIP_V_1245,23.88
SHIP_V_1944,sdv-id-fIiBwU,Ready-made Garments,353,8.5,105,SHIP_V_1944,40.52941176470589
SHIP_V_1260,sdv-id-hGwhHI,Industrial Chemicals,333,50.0,267,SHIP_V_1260,5.66
SHIP_V_1340,sdv-id-CYRvpg,Ready-made Garments,476,8.5,1741,SHIP_V_1340,55.0
SHIP_V_1814,sdv-id-vebDdl,Industrial Chemicals,1271,50.0,956,SHIP_V_1814,24.42
SHIP_V_1583,sdv-id-lvQVvI,Solar Panels,1044,120.0,207,SHIP_V_1583,7.7
SHIP_V_1725,sdv-id-aUMGtb,Ready-made Garments,706,8.5,1579,SHIP_V_1725,82.05882352941177
SHIP_V_1415,sdv-id-SioPMR,Industrial Chemicals,1235,50.0,560,SHIP_V_1415,23.7
SHIP_V_1720,sdv-id-yQGigo,Smartphones,1169,300.0,195,SHIP_V_1720,2.8966666666666665
SHIP_V_1875,sdv-id-GTxlef,Solar Panels,274,120.0,387,SHIP_V_1875,1.2833333333333334
SHIP_V_1540,sdv-id-jxzbIS,Smartphones,548,300.0,1407,SHIP_V_1540,0.8266666666666667
SHIP_V_1528,sdv-id-fQBBpm,Ready-made Garments,675,8.5,559,SHIP_V_1528,78.41176470588235
SHIP_V_1305,sdv-id-IjUkUz,Industrial Chemicals,120,50.0,1111,SHIP_V_1305,1.4
SHIP_V_1898,sdv-id-eWniXn,Industrial Chemicals,653,50.0,1728,SHIP_V_1898,12.06
SHIP_V_1780,sdv-id-oTAedN,Smartphones,295,300.0,410,SHIP_V_1780,-0.0166666666666666
SHIP_V_1313,sdv-id-ceRyBY,Smartphones,1408,300.0,1106,SHIP_V_1313,3.693333333333334
SHIP_V_1279,sdv-id-tFjPpI,Raw Jute,349,5.0,1748,SHIP_V_1279,68.8
SHIP_V_1171,sdv-id-iRZJoE,Smartphones,836,300.0,1397,SHIP_V_1171,1.7866666666666666
SHIP_V_1524,sdv-id-mIuhQL,Solar Panels,224,120.0,907,SHIP_V_1524,0.8666666666666667
SHIP_V_1305,sdv-id-cZecVv,Solar Panels,425,120.0,1620,SHIP_V_1305,2.5416666666666665
SHIP_V_1811,sdv-id-lmQFqf,Smartphones,134,300.0,1652,SHIP_V_1811,-0.5533333333333333
SHIP_V_1739,sdv-id-UDQFQP,Industrial Chemicals,1324,50.0,1901,SHIP_V_1739,25.48
SHIP_V_1012,sdv-id-QiYdwK,Industrial Chemicals,492,50.0,277,SHIP_V_1012,8.84
SHIP_V_1539,sdv-id-Hfavwa,Smartphones,28,300.0,1148,SHIP_V_1539,-0.9066666666666666
SHIP_V_1717,sdv-id-oxbwue,Solar Panels,1687,120.0,187,SHIP_V_1717,13.058333333333334
SHIP_V_1826,sdv-id-TlcIKl,Industrial Chemicals,1655,50.0,1627,SHIP_V_1826,32.1
SHIP_V_1518,sdv-id-VSkKiq,Industrial Chemicals,35,50.0,1860,SHIP_V_1518,-0.3
SHIP_V_1743,sdv-id-OymKYi,Raw Jute,343,5.0,526,SHIP_V_1743,67.6
SHIP_V_1477,sdv-id-jCxGKU,Ready-made Garments,120,8.5,807,SHIP_V_1477,13.117647058823527
SHIP_V_1757,sdv-id-LSnmUm,Raw Jute,181,5.0,1168,SHIP_V_1757,35.2
SHIP_V_1226,sdv-id-cupfOt,Solar Panels,396,120.0,1122,SHIP_V_1226,2.3
SHIP_V_1649,sdv-id-hbeFbP,Industrial Chemicals,1478,50.0,1299,SHIP_V_1649,28.56
SHIP_V_1741,sdv-id-VIWqlA,Ready-made Garments,640,8.5,1914,SHIP_V_1741,74.29411764705883
SHIP_V_1127,sdv-id-VBGukm,Industrial Chemicals,122,50.0,1024,SHIP_V_1127,1.44
SHIP_V_1846,sdv-id-nfprLN,Industrial Chemicals,638,50.0,506,SHIP_V_1846,11.76
SHIP_V_1973,sdv-id-kAoqgH,Raw Jute,326,5.0,1367,SHIP_V_1973,64.2
SHIP_V_1707,sdv-id-lWgzjA,Solar Panels,438,120.0,1846,SHIP_V_1707,2.65
SHIP_V_1906,sdv-id-uyeRvu,Ready-made Garments,145,8.5,617,SHIP_V_1906,16.058823529411764
SHIP_V_1615,sdv-id-IEqpdH,Raw Jute,482,5.0,1839,SHIP_V_1615,95.4
SHIP_V_1707,sdv-id-YPVyop,Solar Panels,831,120.0,1106,SHIP_V_1707,5.925
SHIP_V_1616,sdv-id-iNFLiZ,Smartphones,858,300.0,765,SHIP_V_1616,1.86
SHIP_V_1319,sdv-id-TTROLn,Solar Panels,857,120.0,1455,SHIP_V_1319,6.141666666666667
SHIP_V_1734,sdv-id-EfvJsp,Smartphones,1257,300.0,1897,SHIP_V_1734,3.19
SHIP_V_1180,sdv-id-TOtEtb,Ready-made Garments,606,8.5,421,SHIP_V_1180,70.29411764705883
SHIP_V_1745,sdv-id-iLADVt,Ready-made Garments,939,8.5,1333,SHIP_V_1745,109.47058823529412
SHIP_V_1304,sdv-id-pTZoBY,Solar Panels,655,120.0,563,SHIP_V_1304,4.458333333333333
SHIP_V_1531,sdv-id-qBcRyl,Smartphones,1025,300.0,679,SHIP_V_1531,2.4166666666666665
SHIP_V_1949,sdv-id-mKXcqL,Industrial Chemicals,222,50.0,1402,SHIP_V_1949,3.44
SHIP_V_1473,sdv-id-cgoEmD,Ready-made Garments,1336,8.5,1296,SHIP_V_1473,156.1764705882353
SHIP_V_1498,sdv-id-iwdSlp,Raw Jute,1469,5.0,192,SHIP_V_1498,292.8
SHIP_V_1798,sdv-id-nZiIDo,Smartphones,474,300.0,1456,SHIP_V_1798,0.58
SHIP_V_1359,sdv-id-WEhECx,Industrial Chemicals,1611,50.0,953,SHIP_V_1359,31.22
SHIP_V_1450,sdv-id-XpfUsV,Solar Panels,293,120.0,1449,SHIP_V_1450,1.4416666666666669
SHIP_V_1317,sdv-id-LolhOb,Industrial Chemicals,1962,50.0,232,SHIP_V_1317,38.24
SHIP_V_1590,sdv-id-DaDHrV,Ready-made Garments,395,8.5,1111,SHIP_V_1590,45.47058823529411
SHIP_V_1610,sdv-id-wpGLeY,Smartphones,1098,300.0,1345,SHIP_V_1610,2.66
SHIP_V_1469,sdv-id-QdJzLU,Solar Panels,2620,120.0,1063,SHIP_V_1469,20.833333333333332
SHIP_V_1342,sdv-id-aUEKBO,Raw Jute,573,5.0,1720,SHIP_V_1342,113.6
SHIP_V_1372,sdv-id-KCHFcW,Smartphones,45,300.0,1841,SHIP_V_1372,-0.85
SHIP_V_1670,sdv-id-eTYalc,Ready-made Garments,1201,8.5,950,SHIP_V_1670,140.2941176470588
SHIP_V_1268,sdv-id-otCtFv,Smartphones,98,300.0,999,SHIP_V_1268,-0.6733333333333333
SHIP_V_1505,sdv-id-LFCnxi,Industrial Chemicals,659,50.0,1639,SHIP_V_1505,12.18
SHIP_V_1961,sdv-id-EWTkJU,Industrial Chemicals,1008,50.0,1078,SHIP_V_1961,19.16
SHIP_V_1138,sdv-id-fDhJUf,Raw Jute,818,5.0,1335,SHIP_V_1138,162.6
SHIP_V_1960,sdv-id-pxGTVG,Smartphones,1002,300.0,923,SHIP_V_1960,2.34
SHIP_V_1874,sdv-id-OFSgaC,Solar Panels,266,120.0,798,SHIP_V_1874,1.2166666666666666
SHIP_V_1823,sdv-id-EqInMW,Smartphones,289,300.0,1453,SHIP_V_1823,-0.0366666666666666
SHIP_V_1255,sdv-id-GqWHiG,Ready-made Garments,745,8.5,1985,SHIP_V_1255,86.6470588235294
SHIP_V_1418,sdv-id-AvitRy,Raw Jute,518,5.0,890,SHIP_V_1418,102.6
SHIP_V_1527,sdv-id-mMVcsB,Solar Panels,495,120.0,1084,SHIP_V_1527,3.125
SHIP_V_1469,sdv-id-dedhAh,Ready-made Garments,314,8.5,1019,SHIP_V_1469,35.94117647058823
SHIP_V_1301,sdv-id-wDwdZW,Raw Jute,899,5.0,605,SHIP_V_1301,178.8
SHIP_V_1177,sdv-id-PAoVhb,Raw Jute,106,5.0,570,SHIP_V_1177,20.2
SHIP_V_1634,sdv-id-HCstQS,Smartphones,37,300.0,717,SHIP_V_1634,-0.8766666666666667
SHIP_V_1367,sdv-id-YKNtvJ,Solar Panels,308,120.0,328,SHIP_V_1367,1.5666666666666669
SHIP_V_1074,sdv-id-WNWGaa,Smartphones,1404,300.0,644,SHIP_V_1074,3.68
SHIP_V_1344,sdv-id-EoMghy,Industrial Chemicals,1380,50.0,665,SHIP_V_1344,26.6
SHIP_V_1641,sdv-id-UkeYkm,Smartphones,1205,300.0,183,SHIP_V_1641,3.0166666666666666
SHIP_V_1967,sdv-id-wgodUt,Smartphones,1615,300.0,500,SHIP_V_1967,4.383333333333334
SHIP_V_1747,sdv-id-yGLgIN,Smartphones,69,300.0,1339,SHIP_V_1747,-0.77
SHIP_V_1882,sdv-id-NvlnLK,Industrial Chemicals,381,50.0,1546,SHIP_V_1882,6.62
SHIP_V_1921,sdv-id-nqnxPg,Ready-made Garments,597,8.5,1716,SHIP_V_1921,69.23529411764706
SHIP_V_1608,sdv-id-cTdNyL,Smartphones,235,300.0,588,SHIP_V_1608,-0.2166666666666666
SHIP_V_1191,sdv-id-OpeDzz,Ready-made Garments,1897,8.5,781,SHIP_V_1191,222.1764705882353
SHIP_V_1001,sdv-id-joLmir,Smartphones,165,300.0,1465,SHIP_V_1001,-0.45
SHIP_V_1295,sdv-id-IFCilW,Solar Panels,767,120.0,903,SHIP_V_1295,5.391666666666667
SHIP_V_1564,sdv-id-XdzEfT,Industrial Chemicals,1671,50.0,1953,SHIP_V_1564,32.42
SHIP_V_1898,sdv-id-RPnYNy,Smartphones,818,300.0,1185,SHIP_V_1898,1.7266666666666666
SHIP_V_1331,sdv-id-zkeRWo,Solar Panels,122,120.0,1235,SHIP_V_1331,0.0166666666666666
SHIP_V_1873,sdv-id-gViuZl,Ready-made Garments,28,8.5,121,SHIP_V_1873,2.2941176470588234
SHIP_V_1252,sdv-id-raghbk,Ready-made Garments,507,8.5,1355,SHIP_V_1252,58.64705882352941
SHIP_V_1473,sdv-id-QBcTpI,Smartphones,1160,300.0,584,SHIP_V_1473,2.8666666666666667
SHIP_V_1673,sdv-id-McqVDb,Raw Jute,1101,5.0,317,SHIP_V_1673,219.2
SHIP_V_1392,sdv-id-nJjNkX,Industrial Chemicals,1659,50.0,608,SHIP_V_1392,32.18
SHIP_V_1938,sdv-id-POjuga,Raw Jute,625,5.0,595,SHIP_V_1938,124.0
SHIP_V_1084,sdv-id-MfPaFh,Raw Jute,1254,5.0,746,SHIP_V_1084,249.8
SHIP_V_1436,sdv-id-JYYNSA,Industrial Chemicals,1126,50.0,1769,SHIP_V_1436,21.52
SHIP_V_1227,sdv-id-mWdUBs,Smartphones,140,300.0,389,SHIP_V_1227,-0.5333333333333333
SHIP_V_1995,sdv-id-RfFcYv,Solar Panels,1143,120.0,1991,SHIP_V_1995,8.525
SHIP_V_1520,sdv-id-hpwCMh,Smartphones,525,300.0,967,SHIP_V_1520,0.75
SHIP_V_1555,sdv-id-kBGPNR,Solar Panels,157,120.0,1003,SHIP_V_1555,0.3083333333333333
SHIP_V_1887,sdv-id-EMfWtQ,Solar Panels,1858,120.0,1905,SHIP_V_1887,14.483333333333333
SHIP_V_1882,sdv-id-HzPmNV,Raw Jute,577,5.0,916,SHIP_V_1882,114.4
SHIP_V_1442,sdv-id-cqpJjg,Smartphones,312,300.0,1905,SHIP_V_1442,0.04
SHIP_V_1029,sdv-id-JaTrPJ,Ready-made Garments,429,8.5,1711,SHIP_V_1029,49.47058823529411
SHIP_V_1939,sdv-id-ZzPZTH,Solar Panels,751,120.0,483,SHIP_V_1939,5.258333333333334
SHIP_V_1246,sdv-id-LjADIx,Raw Jute,284,5.0,1932,SHIP_V_1246,55.8
SHIP_V_1057,sdv-id-yVyPoP,Raw Jute,604,5.0,248,SHIP_V_1057,119.8
SHIP_V_1721,sdv-id-UqwyRO,Ready-made Garments,554,8.5,1804,SHIP_V_1721,64.17647058823529
SHIP_V_1203,sdv-id-XxgOxe,Smartphones,40,300.0,1970,SHIP_V_1203,-0.8666666666666667
SHIP_V_1578,sdv-id-bkxQGy,Solar Panels,680,120.0,871,SHIP_V_1578,4.666666666666667
SHIP_V_1580,sdv-id-zTZfqT,Smartphones,784,300.0,256,SHIP_V_1580,1.6133333333333333
SHIP_V_1462,sdv-id-Cqfqmf,Industrial Chemicals,1073,50.0,1584,SHIP_V_1462,20.46
SHIP_V_1704,sdv-id-KLenjE,Smartphones,493,300.0,243,SHIP_V_1704,0.6433333333333333
SHIP_V_1163,sdv-id-xHwLMj,Smartphones,455,300.0,560,SHIP_V_1163,0.5166666666666667
SHIP_V_1242,sdv-id-vfWysO,Ready-made Garments,11,8.5,1190,SHIP_V_1242,0.2941176470588235
SHIP_V_1027,sdv-id-xkIbvw,Industrial Chemicals,374,50.0,159,SHIP_V_1027,6.48
SHIP_V_1595,sdv-id-AmSIrB,Smartphones,2306,300.0,687,SHIP_V_1595,6.6866666666666665
SHIP_V_1830,sdv-id-aKlfLa,Raw Jute,1040,5.0,663,SHIP_V_1830,207.0
SHIP_V_1819,sdv-id-UxHxNJ,Raw Jute,146,5.0,350,SHIP_V_1819,28.2
SHIP_V_1577,sdv-id-HKyYIM,Ready-made Garments,107,8.5,546,SHIP_V_1577,11.588235294117649
SHIP_V_1837,sdv-id-bZJGZY,Ready-made Garments,60,8.5,1940,SHIP_V_1837,6.0588235294117645
SHIP_V_1331,sdv-id-VLlMDK,Smartphones,54,300.0,236,SHIP_V_1331,-0.82
SHIP_V_1761,sdv-id-NvyIgQ,Industrial Chemicals,183,50.0,1429,SHIP_V_1761,2.66
SHIP_V_1760,sdv-id-UkAAFL,Ready-made Garments,596,8.5,561,SHIP_V_1760,69.11764705882354
SHIP_V_1231,sdv-id-OIRfjO,Ready-made Garments,94,8.5,1803,SHIP_V_1231,10.058823529411764
SHIP_V_1337,sdv-id-LXVHFf,Ready-made Garments,157,8.5,1977,SHIP_V_1337,17.470588235294116
SHIP_V_1771,sdv-id-mBHiWX,Smartphones,857,300.0,932,SHIP_V_1771,1.856666666666667
SHIP_V_1259,sdv-id-Nxcnbl,Smartphones,1510,300.0,1540,SHIP_V_1259,4.033333333333333
SHIP_V_1599,sdv-id-UOofLT,Industrial Chemicals,805,50.0,1266,SHIP_V_1599,15.1
SHIP_V_1931,sdv-id-gWeWjS,Smartphones,1129,300.0,1160,SHIP_V_1931,2.763333333333333
SHIP_V_1320,sdv-id-wiqFrF,Industrial Chemicals,553,50.0,511,SHIP_V_1320,10.06
SHIP_V_1228,sdv-id-uMtZyT,Industrial Chemicals,1556,50.0,1315,SHIP_V_1228,30.12
SHIP_V_1806,sdv-id-pzkKgl,Smartphones,314,300.0,1132,SHIP_V_1806,0.0466666666666666
SHIP_V_1045,sdv-id-awkmwK,Ready-made Garments,879,8.5,1444,SHIP_V_1045,102.41176470588236
SHIP_V_1892,sdv-id-XQYtAa,Solar Panels,65,120.0,1787,SHIP_V_1892,-0.4583333333333333
SHIP_V_1664,sdv-id-haDlmJ,Ready-made Garments,2,8.5,1516,SHIP_V_1664,-0.7647058823529411
SHIP_V_1008,sdv-id-OrtNlC,Raw Jute,795,5.0,1512,SHIP_V_1008,158.0
SHIP_V_1115,sdv-id-qgCXQT,Raw Jute,350,5.0,1134,SHIP_V_1115,69.0
SHIP_V_1307,sdv-id-QfBBRy,Ready-made Garments,511,8.5,618,SHIP_V_1307,59.11764705882353
SHIP_V_1129,sdv-id-OkhNIl,Ready-made Garments,307,8.5,1278,SHIP_V_1129,35.11764705882353
SHIP_V_1126,sdv-id-JimWfN,Solar Panels,287,120.0,1175,SHIP_V_1126,1.3916666666666666
SHIP_V_1436,sdv-id-CzwFLi,Industrial Chemicals,615,50.0,703,SHIP_V_1436,11.3
SHIP_V_1635,sdv-id-EyZoUd,Ready-made Garments,858,8.5,1200,SHIP_V_1635,99.94117647058825
SHIP_V_1066,sdv-id-RmZyFF,Smartphones,736,300.0,914,SHIP_V_1066,1.4533333333333334
SHIP_V_1437,sdv-id-qdfuWo,Ready-made Garments,644,8.5,1302,SHIP_V_1437,74.76470588235294
SHIP_V_1127,sdv-id-Kwigvm,Ready-made Garments,861,8.5,1325,SHIP_V_1127,100.29411764705884
SHIP_V_1097,sdv-id-vyBBiL,Smartphones,83,300.0,687,SHIP_V_1097,-0.7233333333333334
SHIP_V_1238,sdv-id-WXaAqf,Ready-made Garments,810,8.5,1977,SHIP_V_1238,94.29411764705884
SHIP_V_1208,sdv-id-tkUcCp,Solar Panels,452,120.0,1365,SHIP_V_1208,2.7666666666666666
SHIP_V_1378,sdv-id-uAvNhx,Solar Panels,235,120.0,1367,SHIP_V_1378,0.9583333333333334
SHIP_V_1788,sdv-id-RtmBNC,Ready-made Garments,376,8.5,1576,SHIP_V_1788,43.23529411764706
SHIP_V_1432,sdv-id-IMKGhM,Raw Jute,814,5.0,1700,SHIP_V_1432,161.8
SHIP_V_1734,sdv-id-UvLZdK,Raw Jute,2045,5.0,479,SHIP_V_1734,408.0
SHIP_V_1418,sdv-id-lRqhfY,Industrial Chemicals,30,50.0,377,SHIP_V_1418,-0.4
SHIP_V_1483,sdv-id-CcHyvL,Raw Jute,1672,5.0,603,SHIP_V_1483,333.4
SHIP_V_1909,sdv-id-vgRnPj,Smartphones,397,300.0,497,SHIP_V_1909,0.3233333333333333
SHIP_V_1331,sdv-id-FhiRDB,Smartphones,180,300.0,122,SHIP_V_1331,-0.4
SHIP_V_1957,sdv-id-SIhOHE,Solar Panels,240,120.0,1349,SHIP_V_1957,1.0
SHIP_V_1990,sdv-id-LKUdrS,Industrial Chemicals,481,50.0,1995,SHIP_V_1990,8.62
SHIP_V_1788,sdv-id-zvIKWz,Smartphones,181,300.0,103,SHIP_V_1788,-0.3966666666666666
SHIP_V_1731,sdv-id-FBsByg,Raw Jute,1348,5.0,518,SHIP_V_1731,268.6
SHIP_V_1414,sdv-id-OpNowj,Raw Jute,1041,5.0,317,SHIP_V_1414,207.2
SHIP_V_1590,sdv-id-JMvThc,Industrial Chemicals,999,50.0,952,SHIP_V_1590,18.98
SHIP_V_1565,sdv-id-BNCksV,Ready-made Garments,154,8.5,1152,SHIP_V_1565,17.11764705882353
SHIP_V_1586,sdv-id-SDbKih,Industrial Chemicals,731,50.0,1888,SHIP_V_1586,13.62
SHIP_V_1885,sdv-id-LYtrsU,Ready-made Garments,238,8.5,1349,SHIP_V_1885,27.0
SHIP_V_1533,sdv-id-mHKfaC,Smartphones,375,300.0,1244,SHIP_V_1533,0.25
SHIP_V_1096,sdv-id-LQASgH,Smartphones,1330,300.0,1422,SHIP_V_1096,3.433333333333333
SHIP_V_1635,sdv-id-DkkODO,Raw Jute,36,5.0,1422,SHIP_V_1635,6.2
SHIP_V_1362,sdv-id-cHtift,Raw Jute,326,5.0,849,SHIP_V_1362,64.2
SHIP_V_1827,sdv-id-SObHpi,Ready-made Garments,504,8.5,594,SHIP_V_1827,58.294117647058826
SHIP_V_1172,sdv-id-LTJWwP,Ready-made Garments,542,8.5,393,SHIP_V_1172,62.76470588235294
SHIP_V_1565,sdv-id-qYFREb,Raw Jute,1241,5.0,672,SHIP_V_1565,247.2
SHIP_V_1250,sdv-id-FVFHAY,Raw Jute,1829,5.0,1458,SHIP_V_1250,364.8
SHIP_V_1906,sdv-id-bLKbbv,Raw Jute,1684,5.0,1136,SHIP_V_1906,335.8
SHIP_V_1401,sdv-id-jDNmzz,Ready-made Garments,1211,8.5,1318,SHIP_V_1401,141.47058823529412
SHIP_V_1155,sdv-id-yQUKRq,Industrial Chemicals,164,50.0,492,SHIP_V_1155,2.28
SHIP_V_1051,sdv-id-oXycer,Raw Jute,1214,5.0,310,SHIP_V_1051,241.8
SHIP_V_1621,sdv-id-NJtISw,Solar Panels,859,120.0,199,SHIP_V_1621,6.158333333333333
SHIP_V_1777,sdv-id-iWBcoc,Raw Jute,1303,5.0,297,SHIP_V_1777,259.6
SHIP_V_1133,sdv-id-xhYWKZ,Industrial Chemicals,873,50.0,1666,SHIP_V_1133,16.46
SHIP_V_1558,sdv-id-jBPsXp,Ready-made Garments,263,8.5,773,SHIP_V_1558,29.941176470588236
SHIP_V_1767,sdv-id-kGcBik,Raw Jute,1103,5.0,689,SHIP_V_1767,219.6
SHIP_V_1244,sdv-id-RhQIdl,Industrial Chemicals,508,50.0,1010,SHIP_V_1244,9.16
SHIP_V_1422,sdv-id-VVXLvk,Raw Jute,700,5.0,1504,SHIP_V_1422,139.0
SHIP_V_1995,sdv-id-pTPOGf,Industrial Chemicals,250,50.0,1966,SHIP_V_1995,4.0
SHIP_V_1714,sdv-id-BbCpit,Industrial Chemicals,220,50.0,971,SHIP_V_1714,3.4
SHIP_V_1583,sdv-id-hovtMi,Ready-made Garments,1615,8.5,1298,SHIP_V_1583,189.0
SHIP_V_1411,sdv-id-xSkBkp,Industrial Chemicals,707,50.0,1606,SHIP_V_1411,13.14
SHIP_V_1919,sdv-id-FhseUU,Ready-made Garments,229,8.5,247,SHIP_V_1919,25.941176470588236
SHIP_V_1120,sdv-id-qraOFK,Ready-made Garments,276,8.5,854,SHIP_V_1120,31.470588235294116
SHIP_V_1761,sdv-id-XqLsbJ,Smartphones,35,300.0,366,SHIP_V_1761,-0.8833333333333333
SHIP_V_1648,sdv-id-gWvSSg,Industrial Chemicals,385,50.0,184,SHIP_V_1648,6.7
SHIP_V_1094,sdv-id-FkjknH,Industrial Chemicals,1114,50.0,1855,SHIP_V_1094,21.28
SHIP_V_1909,sdv-id-hdxSFf,Ready-made Garments,232,8.5,771,SHIP_V_1909,26.294117647058822
SHIP_V_1368,sdv-id-lWHFNS,Industrial Chemicals,1342,50.0,457,SHIP_V_1368,25.84
SHIP_V_1913,sdv-id-SHYovg,Raw Jute,840,5.0,1449,SHIP_V_1913,167.0
SHIP_V_1870,sdv-id-hAUYlc,Solar Panels,1186,120.0,1057,SHIP_V_1870,8.883333333333333
SHIP_V_1531,sdv-id-mMiczZ,Ready-made Garments,55,8.5,1538,SHIP_V_1531,5.470588235294118
SHIP_V_1002,sdv-id-XyUgri,Ready-made Garments,4,8.5,276,SHIP_V_1002,-0.5294117647058824
SHIP_V_1443,sdv-id-ToyWPO,Industrial Chemicals,477,50.0,389,SHIP_V_1443,8.54
SHIP_V_1939,sdv-id-fjzWqP,Solar Panels,1707,120.0,228,SHIP_V_1939,13.225
SHIP_V_1180,sdv-id-oJZpGl,Ready-made Garments,53,8.5,944,SHIP_V_1180,5.235294117647059
SHIP_V_1125,sdv-id-ShLpwF,Smartphones,2154,300.0,1419,SHIP_V_1125,6.18
SHIP_V_1650,sdv-id-rBuGcN,Raw Jute,351,5.0,173,SHIP_V_1650,69.2
SHIP_V_1731,sdv-id-iiRHrc,Solar Panels,384,120.0,1883,SHIP_V_1731,2.2
SHIP_V_1555,sdv-id-Drwkkv,Smartphones,726,300.0,701,SHIP_V_1555,1.42
SHIP_V_1254,sdv-id-LZqMRT,Solar Panels,236,120.0,1832,SHIP_V_1254,0.9666666666666668
SHIP_V_1612,sdv-id-qfmfTH,Smartphones,1283,300.0,500,SHIP_V_1612,3.276666666666667
SHIP_V_1915,sdv-id-LIGtTc,Smartphones,404,300.0,1680,SHIP_V_1915,0.3466666666666667
SHIP_V_1297,sdv-id-XkAhgj,Raw Jute,1018,5.0,227,SHIP_V_1297,202.6
SHIP_V_1895,sdv-id-CXrlZL,Industrial Chemicals,1501,50.0,764,SHIP_V_1895,29.02
SHIP_V_1273,sdv-id-koMXtC,Ready-made Garments,709,8.5,1286,SHIP_V_1273,82.41176470588235
SHIP_V_1089,sdv-id-wajqbp,Raw Jute,1595,5.0,1633,SHIP_V_1089,318.0
SHIP_V_1456,sdv-id-lShzMm,Smartphones,772,300.0,1043,SHIP_V_1456,1.5733333333333333
SHIP_V_1349,sdv-id-ggKxFA,Ready-made Garments,288,8.5,1610,SHIP_V_1349,32.88235294117647
SHIP_V_1141,sdv-id-XFmFuu,Raw Jute,222,5.0,1397,SHIP_V_1141,43.4
SHIP_V_1889,sdv-id-NpteKD,Raw Jute,602,5.0,1252,SHIP_V_1889,119.4
SHIP_V_1670,sdv-id-vRMpjU,Smartphones,1363,300.0,1946,SHIP_V_1670,3.5433333333333334
SHIP_V_1906,sdv-id-Pqrdmb,Smartphones,817,300.0,718,SHIP_V_1906,1.7233333333333334
SHIP_V_1376,sdv-id-dhKgjE,Ready-made Garments,1425,8.5,1339,SHIP_V_1376,166.64705882352942
SHIP_V_1393,sdv-id-jLAXJG,Smartphones,62,300.0,1640,SHIP_V_1393,-0.7933333333333333
SHIP_V_1032,sdv-id-edkosk,Raw Jute,1483,5.0,642,SHIP_V_1032,295.6
SHIP_V_1487,sdv-id-uUjail,Raw Jute,136,5.0,1510,SHIP_V_1487,26.2
SHIP_V_1066,sdv-id-jViykT,Smartphones,591,300.0,1754,SHIP_V_1066,0.97
SHIP_V_1663,sdv-id-URZDMO,Ready-made Garments,944,8.5,116,SHIP_V_1663,110.05882352941175
SHIP_V_1634,sdv-id-tUhpWb,Ready-made Garments,243,8.5,1789,SHIP_V_1634,27.58823529411765
SHIP_V_1283,sdv-id-HkDCca,Solar Panels,5,120.0,1900,SHIP_V_1283,-0.9583333333333334
SHIP_V_1406,sdv-id-JqeNcA,Raw Jute,882,5.0,951,SHIP_V_1406,175.4
SHIP_V_1314,sdv-id-fRYvCx,Industrial Chemicals,361,50.0,543,SHIP_V_1314,6.22
SHIP_V_1582,sdv-id-bHaCcQ,Solar Panels,879,120.0,475,SHIP_V_1582,6.325
SHIP_V_1331,sdv-id-vVuwNh,Smartphones,82,300.0,1498,SHIP_V_1331,-0.7266666666666667
SHIP_V_1613,sdv-id-JbjDWN,Smartphones,1026,300.0,1394,SHIP_V_1613,2.42
SHIP_V_1312,sdv-id-RIzlWx,Industrial Chemicals,349,50.0,1893,SHIP_V_1312,5.98
SHIP_V_1765,sdv-id-QHTapB,Smartphones,372,300.0,1487,SHIP_V_1765,0.24
SHIP_V_1989,sdv-id-EfuBGa,Raw Jute,528,5.0,1368,SHIP_V_1989,104.6
SHIP_V_1934,sdv-id-uFedAS,Ready-made Garments,1782,8.5,482,SHIP_V_1934,208.64705882352945
SHIP_V_1126,sdv-id-AoUQZc,Smartphones,136,300.0,825,SHIP_V_1126,-0.5466666666666666
SHIP_V_1594,sdv-id-QYmtNs,Solar Panels,212,120.0,829,SHIP_V_1594,0.7666666666666667
SHIP_V_1090,sdv-id-FOPUYE,Smartphones,1183,300.0,495,SHIP_V_1090,2.943333333333334
SHIP_V_1992,sdv-id-sVZnLF,Solar Panels,1446,120.0,232,SHIP_V_1992,11.05
SHIP_V_1974,sdv-id-dvOGCl,Industrial Chemicals,973,50.0,1721,SHIP_V_1974,18.46
SHIP_V_1637,sdv-id-QFLtwm,Smartphones,1307,300.0,1013,SHIP_V_1637,3.3566666666666665
SHIP_V_1639,sdv-id-XbRzAV,Smartphones,166,300.0,1668,SHIP_V_1639,-0.4466666666666666
SHIP_V_1890,sdv-id-BxAffO,Ready-made Garments,523,8.5,1859,SHIP_V_1890,60.52941176470589
SHIP_V_1534,sdv-id-QrsdeG,Solar Panels,2,120.0,1431,SHIP_V_1534,-0.9833333333333332
SHIP_V_1743,sdv-id-LiiSFZ,Smartphones,382,300.0,818,SHIP_V_1743,0.2733333333333333
SHIP_V_1150,sdv-id-IJdpYk,Ready-made Garments,1839,8.5,365,SHIP_V_1150,215.35294117647055
SHIP_V_1018,sdv-id-sRxXlp,Ready-made Garments,105,8.5,937,SHIP_V_1018,11.352941176470589
SHIP_V_1684,sdv-id-TiLyuq,Ready-made Garments,1708,8.5,1670,SHIP_V_1684,199.94117647058823
SHIP_V_1194,sdv-id-QqPVGw,Raw Jute,677,5.0,691,SHIP_V_1194,134.4
SHIP_V_1434,sdv-id-hBcVKW,Solar Panels,693,120.0,414,SHIP_V_1434,4.775
SHIP_V_1690,sdv-id-LaGGet,Smartphones,563,300.0,297,SHIP_V_1690,0.8766666666666667
SHIP_V_1979,sdv-id-TWxgJQ,Smartphones,2202,300.0,401,SHIP_V_1979,6.34
SHIP_V_1943,sdv-id-YugONJ,Industrial Chemicals,2099,50.0,446,SHIP_V_1943,40.98
SHIP_V_1636,sdv-id-neEdJj,Solar Panels,454,120.0,837,SHIP_V_1636,2.783333333333333
SHIP_V_1458,sdv-id-RcaQjc,Raw Jute,607,5.0,445,SHIP_V_1458,120.4
SHIP_V_1699,sdv-id-fcTAwQ,Solar Panels,1843,120.0,388,SHIP_V_1699,14.358333333333333
SHIP_V_1519,sdv-id-qRkLrQ,Smartphones,1532,300.0,1435,SHIP_V_1519,4.1066666666666665
SHIP_V_1769,sdv-id-kbZUzq,Solar Panels,366,120.0,1991,SHIP_V_1769,2.05
SHIP_V_1491,sdv-id-vbEkrF,Smartphones,519,300.0,148,SHIP_V_1491,0.73
SHIP_V_1770,sdv-id-Heqsvn,Smartphones,1825,300.0,726,SHIP_V_1770,5.083333333333333
SHIP_V_1963,sdv-id-ziWBBu,Ready-made Garments,282,8.5,1723,SHIP_V_1963,32.1764705882353
SHIP_V_1115,sdv-id-MNaFCr,Ready-made Garments,905,8.5,1248,SHIP_V_1115,105.47058823529412
SHIP_V_1837,sdv-id-tCoNgo,Raw Jute,970,5.0,882,SHIP_V_1837,193.0
SHIP_V_1334,sdv-id-ZVZxFb,Raw Jute,1165,5.0,1027,SHIP_V_1334,232.0
SHIP_V_1166,sdv-id-trJfcY,Raw Jute,804,5.0,1226,SHIP_V_1166,159.8
SHIP_V_1707,sdv-id-oFACld,Raw Jute,614,5.0,1131,SHIP_V_1707,121.8
SHIP_V_1624,sdv-id-GUALLD,Solar Panels,581,120.0,427,SHIP_V_1624,3.841666666666667
SHIP_V_1769,sdv-id-wAVyah,Solar Panels,1117,120.0,542,SHIP_V_1769,8.308333333333334
SHIP_V_1960,sdv-id-Pctyrf,Ready-made Garments,189,8.5,1020,SHIP_V_1960,21.235294117647054
SHIP_V_1065,sdv-id-IALjVy,Raw Jute,1889,5.0,205,SHIP_V_1065,376.8
SHIP_V_1920,sdv-id-TFHdBa,Solar Panels,1170,120.0,637,SHIP_V_1920,8.75
SHIP_V_1769,sdv-id-MMOvmf,Ready-made Garments,362,8.5,767,SHIP_V_1769,41.588235294117645
SHIP_V_1656,sdv-id-LCsApV,Raw Jute,907,5.0,701,SHIP_V_1656,180.4
SHIP_V_1604,sdv-id-JiXMgQ,Smartphones,1673,300.0,901,SHIP_V_1604,4.576666666666667
SHIP_V_1766,sdv-id-NTcUfw,Smartphones,1036,300.0,198,SHIP_V_1766,2.453333333333333
SHIP_V_1755,sdv-id-UxoLeN,Raw Jute,153,5.0,1021,SHIP_V_1755,29.6
SHIP_V_1760,sdv-id-JyeFlu,Solar Panels,272,120.0,1480,SHIP_V_1760,1.2666666666666666
SHIP_V_1791,sdv-id-ioSKKr,Solar Panels,435,120.0,678,SHIP_V_1791,2.625
SHIP_V_1305,sdv-id-intNwg,Raw Jute,135,5.0,1737,SHIP_V_1305,26.0
SHIP_V_1593,sdv-id-RYAqBH,Solar Panels,338,120.0,1301,SHIP_V_1593,1.8166666666666669
SHIP_V_1460,sdv-id-VkgUhW,Solar Panels,668,120.0,1469,SHIP_V_1460,4.566666666666666
SHIP_V_1465,sdv-id-cRWhnh,Ready-made Garments,846,8.5,1061,SHIP_V_1465,98.52941176470588
SHIP_V_1386,sdv-id-qrTCGd,Raw Jute,620,5.0,1179,SHIP_V_1386,123.0
SHIP_V_1466,sdv-id-WFssvC,Smartphones,762,300.0,775,SHIP_V_1466,1.54
SHIP_V_1296,sdv-id-sESPQl,Industrial Chemicals,2076,50.0,253,SHIP_V_1296,40.52
SHIP_V_1867,sdv-id-EULyJn,Raw Jute,1458,5.0,942,SHIP_V_1867,290.6
SHIP_V_1953,sdv-id-QWMFsj,Smartphones,204,300.0,288,SHIP_V_1953,-0.32
SHIP_V_1217,sdv-id-AnkopN,Smartphones,683,300.0,1142,SHIP_V_1217,1.2766666666666666
SHIP_V_1272,sdv-id-pMIbRD,Smartphones,531,300.0,1884,SHIP_V_1272,0.77
SHIP_V_1424,sdv-id-wcmyiu,Smartphones,107,300.0,1198,SHIP_V_1424,-0.6433333333333333
SHIP_V_1402,sdv-id-FXCjuh,Industrial Chemicals,588,50.0,298,SHIP_V_1402,10.76
SHIP_V_1562,sdv-id-aJNjcr,Smartphones,932,300.0,1191,SHIP_V_1562,2.1066666666666665
SHIP_V_1357,sdv-id-TXnUbP,Raw Jute,2181,5.0,1045,SHIP_V_1357,435.2
SHIP_V_1183,sdv-id-kvDoSx,Ready-made Garments,1170,8.5,1782,SHIP_V_1183,136.64705882352942
SHIP_V_1810,sdv-id-BqXZlf,Ready-made Garments,333,8.5,387,SHIP_V_1810,38.1764705882353
SHIP_V_1339,sdv-id-MORJeI,Solar Panels,707,120.0,462,SHIP_V_1339,4.891666666666667
SHIP_V_1843,sdv-id-zZzDSU,Raw Jute,644,5.0,812,SHIP_V_1843,127.8
SHIP_V_1227,sdv-id-ldSJfW,Industrial Chemicals,765,50.0,939,SHIP_V_1227,14.3
SHIP_V_1182,sdv-id-VKxdGV,Industrial Chemicals,442,50.0,247,SHIP_V_1182,7.84
SHIP_V_1055,sdv-id-MKHYcs,Smartphones,374,300.0,486,SHIP_V_1055,0.2466666666666666
SHIP_V_1612,sdv-id-iHSHqT,Industrial Chemicals,1311,50.0,854,SHIP_V_1612,25.22
SHIP_V_1464,sdv-id-QVVjvG,Smartphones,849,300.0,1391,SHIP_V_1464,1.83
SHIP_V_1588,sdv-id-NNztCi,Ready-made Garments,69,8.5,1919,SHIP_V_1588,7.117647058823529
SHIP_V_1550,sdv-id-qoqKiT,Smartphones,15,300.0,1571,SHIP_V_1550,-0.95
SHIP_V_1153,sdv-id-riAoWf,Raw Jute,1247,5.0,1055,SHIP_V_1153,248.4
SHIP_V_1776,sdv-id-GDnyCG,Industrial Chemicals,55,50.0,530,SHIP_V_1776,0.1
SHIP_V_1510,sdv-id-isiUHK,Ready-made Garments,232,8.5,1752,SHIP_V_1510,26.294117647058822
SHIP_V_1671,sdv-id-BygsSB,Smartphones,433,300.0,103,SHIP_V_1671,0.4433333333333333
SHIP_V_1947,sdv-id-ftUkxt,Industrial Chemicals,1000,50.0,648,SHIP_V_1947,19.0
SHIP_V_1826,sdv-id-oakXSD,Smartphones,350,300.0,1406,SHIP_V_1826,0.1666666666666666
SHIP_V_1470,sdv-id-EePuMF,Industrial Chemicals,544,50.0,1275,SHIP_V_1470,9.88
SHIP_V_1844,sdv-id-CnQXXw,Smartphones,1045,300.0,1499,SHIP_V_1844,2.4833333333333334
SHIP_V_1497,sdv-id-RkxoGB,Smartphones,1925,300.0,1018,SHIP_V_1497,5.416666666666667
SHIP_V_1204,sdv-id-QWBrjb,Industrial Chemicals,369,50.0,1523,SHIP_V_1204,6.38
SHIP_V_1392,sdv-id-vZdYyn,Industrial Chemicals,1020,50.0,185,SHIP_V_1392,19.4
SHIP_V_1335,sdv-id-iiiWGn,Ready-made Garments,1013,8.5,1065,SHIP_V_1335,118.17647058823528
SHIP_V_1972,sdv-id-rUbEXf,Raw Jute,986,5.0,827,SHIP_V_1972,196.2
SHIP_V_1842,sdv-id-wrfbhE,Smartphones,13,300.0,1399,SHIP_V_1842,-0.9566666666666668
SHIP_V_1148,sdv-id-alfmBR,Ready-made Garments,752,8.5,713,SHIP_V_1148,87.47058823529412
SHIP_V_1667,sdv-id-sPzCUj,Smartphones,1306,300.0,1143,SHIP_V_1667,3.3533333333333335
SHIP_V_1125,sdv-id-YgrYrU,Ready-made Garments,1120,8.5,769,SHIP_V_1125,130.76470588235293
SHIP_V_1818,sdv-id-urEuEf,Ready-made Garments,47,8.5,1913,SHIP_V_1818,4.529411764705882
SHIP_V_1415,sdv-id-EhtTxZ,Industrial Chemicals,619,50.0,480,SHIP_V_1415,11.38
SHIP_V_1209,sdv-id-USwlVi,Raw Jute,729,5.0,898,SHIP_V_1209,144.8
SHIP_V_1285,sdv-id-amcovH,Solar Panels,267,120.0,1552,SHIP_V_1285,1.225
SHIP_V_1428,sdv-id-YlNrLr,Raw Jute,2750,5.0,715,SHIP_V_1428,549.0
SHIP_V_1499,sdv-id-zKtHTl,Solar Panels,435,120.0,563,SHIP_V_1499,2.625
SHIP_V_1398,sdv-id-rIeZFe,Industrial Chemicals,775,50.0,1781,SHIP_V_1398,14.5
SHIP_V_1170,sdv-id-AAprOa,Industrial Chemicals,1398,50.0,1872,SHIP_V_1170,26.96
SHIP_V_1290,sdv-id-oNmdUO,Smartphones,109,300.0,1083,SHIP_V_1290,-0.6366666666666667
SHIP_V_1225,sdv-id-PQqUwj,Industrial Chemicals,511,50.0,1005,SHIP_V_1225,9.22
SHIP_V_1733,sdv-id-CreCiW,Smartphones,955,300.0,1136,SHIP_V_1733,2.183333333333333
SHIP_V_1449,sdv-id-jJSXgj,Ready-made Garments,1424,8.5,1661,SHIP_V_1449,166.52941176470588
SHIP_V_1102,sdv-id-jvBPQa,Raw Jute,1146,5.0,1673,SHIP_V_1102,228.2
SHIP_V_1423,sdv-id-ztPauD,Smartphones,1861,300.0,1492,SHIP_V_1423,5.203333333333333
SHIP_V_1234,sdv-id-jWsoYA,Ready-made Garments,8,8.5,907,SHIP_V_1234,-0.0588235294117647
SHIP_V_1034,sdv-id-fcPtuB,Smartphones,415,300.0,1120,SHIP_V_1034,0.3833333333333333
SHIP_V_1060,sdv-id-ZeWBsM,Ready-made Garments,1454,8.5,1468,SHIP_V_1060,170.05882352941177
SHIP_V_1482,sdv-id-eXCIxL,Industrial Chemicals,79,50.0,1028,SHIP_V_1482,0.58
SHIP_V_1569,sdv-id-xPGyOA,Smartphones,1216,300.0,685,SHIP_V_1569,3.0533333333333332
SHIP_V_1882,sdv-id-OHzBmi,Smartphones,2366,300.0,679,SHIP_V_1882,6.886666666666667
SHIP_V_1596,sdv-id-ThQzTz,Ready-made Garments,1280,8.5,655,SHIP_V_1596,149.58823529411765
SHIP_V_1538,sdv-id-GpxtSy,Smartphones,361,300.0,1045,SHIP_V_1538,0.2033333333333333
SHIP_V_1651,sdv-id-qsZCJb,Industrial Chemicals,227,50.0,1202,SHIP_V_1651,3.54
SHIP_V_1564,sdv-id-PgnBGq,Smartphones,292,300.0,1313,SHIP_V_1564,-0.0266666666666666
SHIP_V_1224,sdv-id-jvbZwf,Solar Panels,1477,120.0,1641,SHIP_V_1224,11.308333333333334
SHIP_V_1633,sdv-id-ONpThm,Ready-made Garments,617,8.5,1092,SHIP_V_1633,71.58823529411765
SHIP_V_1530,sdv-id-fPIXOk,Ready-made Garments,359,8.5,971,SHIP_V_1530,41.23529411764706
SHIP_V_1644,sdv-id-fLLiiD,Smartphones,49,300.0,792,SHIP_V_1644,-0.8366666666666667
SHIP_V_1199,sdv-id-pajpOc,Industrial Chemicals,118,50.0,184,SHIP_V_1199,1.36
SHIP_V_1608,sdv-id-voVapA,Raw Jute,493,5.0,1588,SHIP_V_1608,97.6
SHIP_V_1267,sdv-id-tKzlEW,Smartphones,320,300.0,648,SHIP_V_1267,0.0666666666666666
SHIP_V_1962,sdv-id-AJzVaA,Ready-made Garments,23,8.5,302,SHIP_V_1962,1.7058823529411764
SHIP_V_1524,sdv-id-RSPqrs,Raw Jute,278,5.0,1103,SHIP_V_1524,54.6
SHIP_V_1545,sdv-id-XYuQjE,Industrial Chemicals,344,50.0,1003,SHIP_V_1545,5.88
SHIP_V_1874,sdv-id-YbWzul,Ready-made Garments,149,8.5,1227,SHIP_V_1874,16.529411764705884
SHIP_V_1755,sdv-id-AojuOQ,Smartphones,363,300.0,1905,SHIP_V_1755,0.21
SHIP_V_1995,sdv-id-VyDjZe,Solar Panels,1303,120.0,860,SHIP_V_1995,9.858333333333333
SHIP_V_1010,sdv-id-gHSyDZ,Smartphones,897,300.0,1012,SHIP_V_1010,1.99
SHIP_V_1253,sdv-id-kLLPOl,Smartphones,134,300.0,354,SHIP_V_1253,-0.5533333333333333
SHIP_V_1777,sdv-id-UZqspY,Solar Panels,10,120.0,1464,SHIP_V_1777,-0.9166666666666666
SHIP_V_1609,sdv-id-lEfQHN,Raw Jute,304,5.0,1295,SHIP_V_1609,59.8
SHIP_V_1474,sdv-id-gyZDaP,Smartphones,524,300.0,544,SHIP_V_1474,0.7466666666666667
SHIP_V_1236,sdv-id-IWoPqX,Smartphones,668,300.0,1273,SHIP_V_1236,1.2266666666666666
SHIP_V_1775,sdv-id-jlZQSG,Industrial Chemicals,451,50.0,118,SHIP_V_1775,8.02
SHIP_V_1004,sdv-id-cKstfq,Smartphones,645,300.0,1883,SHIP_V_1004,1.15
SHIP_V_1788,sdv-id-pAinMp,Smartphones,845,300.0,161,SHIP_V_1788,1.8166666666666669
SHIP_V_1348,sdv-id-oIOMhe,Industrial Chemicals,614,50.0,823,SHIP_V_1348,11.28
SHIP_V_1482,sdv-id-CiiFKX,Raw Jute,1381,5.0,338,SHIP_V_1482,275.2
SHIP_V_1303,sdv-id-PhYCOE,Industrial Chemicals,114,50.0,1837,SHIP_V_1303,1.28
SHIP_V_1782,sdv-id-COUyDB,Smartphones,31,300.0,1921,SHIP_V_1782,-0.8966666666666666
SHIP_V_1301,sdv-id-mTDUnT,Raw Jute,138,5.0,825,SHIP_V_1301,26.6
SHIP_V_1163,sdv-id-RLaErV,Solar Panels,788,120.0,1375,SHIP_V_1163,5.566666666666666
SHIP_V_1933,sdv-id-jtLweW,Raw Jute,1507,5.0,1026,SHIP_V_1933,300.4
SHIP_V_1305,sdv-id-sydoPj,Ready-made Garments,153,8.5,1918,SHIP_V_1305,17.0
SHIP_V_1064,sdv-id-ILVHry,Ready-made Garments,812,8.5,806,SHIP_V_1064,94.52941176470588
SHIP_V_1558,sdv-id-RWCjks,Raw Jute,504,5.0,1835,SHIP_V_1558,99.8
SHIP_V_1614,sdv-id-ZIhNso,Ready-made Garments,194,8.5,1795,SHIP_V_1614,21.823529411764707
SHIP_V_1770,sdv-id-vuYREP,Ready-made Garments,682,8.5,1185,SHIP_V_1770,79.23529411764706
SHIP_V_1224,sdv-id-uwBcvx,Smartphones,429,300.0,651,SHIP_V_1224,0.43
SHIP_V_1175,sdv-id-ppmAkU,Raw Jute,187,5.0,1458,SHIP_V_1175,36.4
SHIP_V_1673,sdv-id-tfPSlK,Ready-made Garments,635,8.5,134,SHIP_V_1673,73.70588235294117
SHIP_V_1079,sdv-id-AUnIZU,Raw Jute,901,5.0,1274,SHIP_V_1079,179.2
SHIP_V_1215,sdv-id-tEeRJI,Solar Panels,246,120.0,531,SHIP_V_1215,1.05
SHIP_V_1865,sdv-id-nGYcyp,Raw Jute,507,5.0,675,SHIP_V_1865,100.4
SHIP_V_1519,sdv-id-QPVEAX,Solar Panels,340,120.0,1571,SHIP_V_1519,1.8333333333333333
SHIP_V_1239,sdv-id-FGxQWD,Industrial Chemicals,2154,50.0,156,SHIP_V_1239,42.08
SHIP_V_1797,sdv-id-AOsNHr,Raw Jute,463,5.0,1204,SHIP_V_1797,91.6
SHIP_V_1813,sdv-id-ncJtgq,Raw Jute,943,5.0,560,SHIP_V_1813,187.6
SHIP_V_1558,sdv-id-KNoQmI,Solar Panels,440,120.0,1933,SHIP_V_1558,2.6666666666666665
SHIP_V_1714,sdv-id-cIrVCb,Industrial Chemicals,785,50.0,570,SHIP_V_1714,14.7
SHIP_V_1789,sdv-id-cCoTNv,Ready-made Garments,1587,8.5,1731,SHIP_V_1789,185.7058823529412
SHIP_V_1179,sdv-id-AFjhsv,Solar Panels,657,120.0,393,SHIP_V_1179,4.475
SHIP_V_1735,sdv-id-uAAvTx,Industrial Chemicals,1221,50.0,1764,SHIP_V_1735,23.42
SHIP_V_1640,sdv-id-uxVbWy,Industrial Chemicals,708,50.0,1548,SHIP_V_1640,13.16
SHIP_V_1489,sdv-id-iCbFGU,Smartphones,1389,300.0,825,SHIP_V_1489,3.63
SHIP_V_1370,sdv-id-fxNTqL,Industrial Chemicals,1247,50.0,691,SHIP_V_1370,23.94
SHIP_V_1013,sdv-id-vlkOIo,Smartphones,1415,300.0,406,SHIP_V_1013,3.716666666666667
SHIP_V_1493,sdv-id-KWPdxc,Smartphones,166,300.0,976,SHIP_V_1493,-0.4466666666666666
SHIP_V_1521,sdv-id-ZNFnsM,Industrial Chemicals,371,50.0,1615,SHIP_V_1521,6.42
SHIP_V_1480,sdv-id-uxFSkk,Industrial Chemicals,879,50.0,1218,SHIP_V_1480,16.58
SHIP_V_1295,sdv-id-PciXxZ,Smartphones,46,300.0,1015,SHIP_V_1295,-0.8466666666666667
SHIP_V_1573,sdv-id-wVEVCS,Ready-made Garments,77,8.5,165,SHIP_V_1573,8.058823529411764
SHIP_V_1490,sdv-id-rarYtC,Smartphones,1044,300.0,1424,SHIP_V_1490,2.48
SHIP_V_1731,sdv-id-EUWple,Smartphones,281,300.0,1013,SHIP_V_1731,-0.0633333333333333
SHIP_V_1528,sdv-id-FuzTtG,Raw Jute,1298,5.0,932,SHIP_V_1528,258.6
SHIP_V_1460,sdv-id-UIcMqB,Raw Jute,347,5.0,369,SHIP_V_1460,68.4
SHIP_V_1309,sdv-id-uXQLjx,Ready-made Garments,1103,8.5,1230,SHIP_V_1309,128.76470588235293
SHIP_V_1657,sdv-id-dhFvsr,Smartphones,434,300.0,660,SHIP_V_1657,0.4466666666666666
SHIP_V_1484,sdv-id-yTPDiM,Smartphones,171,300.0,1915,SHIP_V_1484,-0.43
SHIP_V_1129,sdv-id-GuSPuj,Industrial Chemicals,547,50.0,169,SHIP_V_1129,9.94
SHIP_V_1990,sdv-id-uFueTx,Raw Jute,817,5.0,529,SHIP_V_1990,162.4
SHIP_V_1478,sdv-id-YVmvIU,Raw Jute,1693,5.0,1153,SHIP_V_1478,337.6
SHIP_V_1480,sdv-id-YMiRXa,Ready-made Garments,579,8.5,1112,SHIP_V_1480,67.11764705882354
SHIP_V_1955,sdv-id-nKYZTI,Raw Jute,1483,5.0,1652,SHIP_V_1955,295.6
SHIP_V_1161,sdv-id-pwAdqi,Solar Panels,1595,120.0,1088,SHIP_V_1161,12.291666666666666
SHIP_V_1125,sdv-id-cFdzWG,Smartphones,56,300.0,1946,SHIP_V_1125,-0.8133333333333334
SHIP_V_1440,sdv-id-DQfoUL,Ready-made Garments,508,8.5,122,SHIP_V_1440,58.76470588235294
SHIP_V_1750,sdv-id-jPoSev,Smartphones,414,300.0,451,SHIP_V_1750,0.38
SHIP_V_1393,sdv-id-iywOBa,Smartphones,388,300.0,1029,SHIP_V_1393,0.2933333333333333
SHIP_V_1248,sdv-id-vBsaoM,Industrial Chemicals,685,50.0,1253,SHIP_V_1248,12.7
SHIP_V_1661,sdv-id-shrWiW,Solar Panels,1576,120.0,245,SHIP_V_1661,12.133333333333333
SHIP_V_1717,sdv-id-fmXgLE,Industrial Chemicals,1319,50.0,1772,SHIP_V_1717,25.38
SHIP_V_1466,sdv-id-lvBQCb,Smartphones,383,300.0,1068,SHIP_V_1466,0.2766666666666666
SHIP_V_1299,sdv-id-xiWJtu,Industrial Chemicals,1121,50.0,854,SHIP_V_1299,21.42
SHIP_V_1698,sdv-id-UrDIgV,Ready-made Garments,79,8.5,930,SHIP_V_1698,8.294117647058824
SHIP_V_1650,sdv-id-sAXwvv,Raw Jute,520,5.0,802,SHIP_V_1650,103.0
SHIP_V_1414,sdv-id-dOlDdT,Raw Jute,521,5.0,262,SHIP_V_1414,103.2
SHIP_V_1426,sdv-id-gujxNs,Raw Jute,480,5.0,1293,SHIP_V_1426,95.0
SHIP_V_1302,sdv-id-CjKvqe,Raw Jute,972,5.0,1372,SHIP_V_1302,193.4
SHIP_V_1057,sdv-id-TZwaUI,Industrial Chemicals,1041,50.0,1173,SHIP_V_1057,19.82
SHIP_V_1554,sdv-id-dFRcDz,Smartphones,904,300.0,1062,SHIP_V_1554,2.013333333333333
SHIP_V_1341,sdv-id-ZwknLY,Smartphones,137,300.0,1794,SHIP_V_1341,-0.5433333333333333
SHIP_V_1379,sdv-id-nDuMaf,Solar Panels,1201,120.0,495,SHIP_V_1379,9.008333333333333
SHIP_V_1322,sdv-id-LFqTaA,Smartphones,620,300.0,594,SHIP_V_1322,1.0666666666666669
SHIP_V_1748,sdv-id-NxkltF,Smartphones,1638,300.0,397,SHIP_V_1748,4.46
SHIP_V_1949,sdv-id-hQEiyw,Raw Jute,49,5.0,1497,SHIP_V_1949,8.8
SHIP_V_1728,sdv-id-lFPIfP,Raw Jute,822,5.0,1963,SHIP_V_1728,163.4
SHIP_V_1902,sdv-id-IVrvqi,Raw Jute,708,5.0,1628,SHIP_V_1902,140.6
SHIP_V_1975,sdv-id-ZGqOFF,Ready-made Garments,135,8.5,1270,SHIP_V_1975,14.882352941176473
SHIP_V_1600,sdv-id-YMTTOB,Solar Panels,1137,120.0,890,SHIP_V_1600,8.475
SHIP_V_1804,sdv-id-UpdnKM,Industrial Chemicals,946,50.0,1232,SHIP_V_1804,17.92
SHIP_V_1486,sdv-id-HuSKuM,Solar Panels,363,120.0,1723,SHIP_V_1486,2.025
SHIP_V_1401,sdv-id-zloAbO,Raw Jute,348,5.0,1439,SHIP_V_1401,68.6
SHIP_V_1888,sdv-id-iIvdrw,Industrial Chemicals,25,50.0,832,SHIP_V_1888,-0.5
SHIP_V_1774,sdv-id-ajRcut,Raw Jute,1942,5.0,516,SHIP_V_1774,387.4
SHIP_V_1379,sdv-id-bQafnP,Raw Jute,453,5.0,1386,SHIP_V_1379,89.6
SHIP_V_1292,sdv-id-RKklvX,Smartphones,1212,300.0,1824,SHIP_V_1292,3.04
SHIP_V_1751,sdv-id-ZwiLku,Industrial Chemicals,462,50.0,1060,SHIP_V_1751,8.24
SHIP_V_1099,sdv-id-mDXGiK,Industrial Chemicals,144,50.0,1991,SHIP_V_1099,1.88
SHIP_V_1022,sdv-id-Jyppsf,Ready-made Garments,573,8.5,986,SHIP_V_1022,66.41176470588235
SHIP_V_1574,sdv-id-wWNPVT,Raw Jute,507,5.0,673,SHIP_V_1574,100.4
SHIP_V_1378,sdv-id-bSBkUk,Ready-made Garments,47,8.5,1012,SHIP_V_1378,4.529411764705882
SHIP_V_1252,sdv-id-jMbezZ,Smartphones,863,300.0,836,SHIP_V_1252,1.8766666666666667
SHIP_V_1166,sdv-id-xHduuu,Ready-made Garments,1244,8.5,861,SHIP_V_1166,145.35294117647058
SHIP_V_1969,sdv-id-GSNMIr,Smartphones,47,300.0,962,SHIP_V_1969,-0.8433333333333334
SHIP_V_1100,sdv-id-yduUWz,Ready-made Garments,805,8.5,386,SHIP_V_1100,93.70588235294116
SHIP_V_1275,sdv-id-wmuIAs,Solar Panels,23,120.0,1489,SHIP_V_1275,-0.8083333333333333
SHIP_V_1675,sdv-id-cqjmmc,Smartphones,103,300.0,153,SHIP_V_1675,-0.6566666666666666
SHIP_V_1510,sdv-id-DAPReh,Smartphones,112,300.0,1892,SHIP_V_1510,-0.6266666666666667
SHIP_V_1228,sdv-id-yskkxX,Industrial Chemicals,1139,50.0,854,SHIP_V_1228,21.78
SHIP_V_1137,sdv-id-CmLEyg,Raw Jute,837,5.0,1776,SHIP_V_1137,166.4
SHIP_V_1645,sdv-id-AvRKGm,Ready-made Garments,2164,8.5,737,SHIP_V_1645,253.58823529411765
SHIP_V_1406,sdv-id-rnNNMb,Raw Jute,679,5.0,1246,SHIP_V_1406,134.8
SHIP_V_1561,sdv-id-RuxSLx,Solar Panels,333,120.0,778,SHIP_V_1561,1.775
SHIP_V_1216,sdv-id-QBfiqs,Solar Panels,575,120.0,1417,SHIP_V_1216,3.7916666666666665
SHIP_V_1895,sdv-id-hcvWOF,Solar Panels,1033,120.0,1693,SHIP_V_1895,7.608333333333333
SHIP_V_1328,sdv-id-JUCzaf,Raw Jute,214,5.0,1478,SHIP_V_1328,41.8
SHIP_V_1214,sdv-id-KcxFys,Solar Panels,1556,120.0,1489,SHIP_V_1214,11.966666666666669
SHIP_V_1933,sdv-id-UmJWVv,Industrial Chemicals,761,50.0,1260,SHIP_V_1933,14.22
SHIP_V_1202,sdv-id-lqvCEj,Smartphones,1052,300.0,370,SHIP_V_1202,2.506666666666667
SHIP_V_1709,sdv-id-CTISml,Raw Jute,1145,5.0,349,SHIP_V_1709,228.0
SHIP_V_1529,sdv-id-DguDXt,Smartphones,530,300.0,1838,SHIP_V_1529,0.7666666666666667
SHIP_V_1259,sdv-id-siXsYf,Smartphones,1453,300.0,1123,SHIP_V_1259,3.8433333333333337
SHIP_V_1086,sdv-id-gtjcix,Smartphones,1933,300.0,435,SHIP_V_1086,5.443333333333333
SHIP_V_1407,sdv-id-iTwenF,Ready-made Garments,169,8.5,1614,SHIP_V_1407,18.88235294117647
SHIP_V_1682,sdv-id-sDzAlr,Raw Jute,786,5.0,820,SHIP_V_1682,156.2
SHIP_V_1314,sdv-id-GigXPA,Smartphones,501,300.0,909,SHIP_V_1314,0.67
SHIP_V_1478,sdv-id-jQzwqK,Industrial Chemicals,117,50.0,475,SHIP_V_1478,1.34
SHIP_V_1893,sdv-id-NcdNyr,Ready-made Garments,986,8.5,1118,SHIP_V_1893,115.0
SHIP_V_1937,sdv-id-rtSKrX,Solar Panels,844,120.0,1784,SHIP_V_1937,6.033333333333333
SHIP_V_1239,sdv-id-VxEqJu,Raw Jute,526,5.0,407,SHIP_V_1239,104.2
SHIP_V_1979,sdv-id-TrGZkH,Smartphones,1502,300.0,1843,SHIP_V_1979,4.006666666666667
SHIP_V_1651,sdv-id-KrVDXm,Smartphones,1269,300.0,143,SHIP_V_1651,3.23
SHIP_V_1701,sdv-id-uFVxEa,Smartphones,482,300.0,1636,SHIP_V_1701,0.6066666666666667
SHIP_V_1209,sdv-id-ydjlxQ,Ready-made Garments,462,8.5,1886,SHIP_V_1209,53.35294117647059
SHIP_V_1923,sdv-id-TtsKhu,Raw Jute,1187,5.0,811,SHIP_V_1923,236.4
SHIP_V_1495,sdv-id-PJdoUS,Solar Panels,1142,120.0,1480,SHIP_V_1495,8.516666666666667
SHIP_V_1073,sdv-id-vknLil,Industrial Chemicals,2539,50.0,283,SHIP_V_1073,49.78
SHIP_V_1608,sdv-id-mrAjtm,Industrial Chemicals,1126,50.0,1522,SHIP_V_1608,21.52
SHIP_V_1978,sdv-id-DgPFgl,Raw Jute,849,5.0,418,SHIP_V_1978,168.8
SHIP_V_1525,sdv-id-CveUxN,Raw Jute,120,5.0,510,SHIP_V_1525,23.0
SHIP_V_1975,sdv-id-xXGAna,Smartphones,580,300.0,1923,SHIP_V_1975,0.9333333333333332
SHIP_V_1575,sdv-id-RLEKfT,Smartphones,261,300.0,671,SHIP_V_1575,-0.13
SHIP_V_1047,sdv-id-OOdBrs,Smartphones,2002,300.0,1478,SHIP_V_1047,5.673333333333333
SHIP_V_1200,sdv-id-SzukJe,Raw Jute,550,5.0,1092,SHIP_V_1200,109.0
SHIP_V_1447,sdv-id-Zpnftb,Solar Panels,1328,120.0,1962,SHIP_V_1447,10.066666666666666
SHIP_V_1290,sdv-id-ZuUDka,Raw Jute,387,5.0,103,SHIP_V_1290,76.4
SHIP_V_1041,sdv-id-vKHQZK,Industrial Chemicals,2014,50.0,795,SHIP_V_1041,39.28
SHIP_V_1761,sdv-id-dPvEVU,Smartphones,150,300.0,1584,SHIP_V_1761,-0.5
SHIP_V_1828,sdv-id-KNlujm,Smartphones,1574,300.0,524,SHIP_V_1828,4.246666666666667
SHIP_V_1659,sdv-id-uixsQG,Solar Panels,1191,120.0,113,SHIP_V_1659,8.925
SHIP_V_1486,sdv-id-nuUVRJ,Industrial Chemicals,64,50.0,1087,SHIP_V_1486,0.28
SHIP_V_1370,sdv-id-QttWaa,Raw Jute,2049,5.0,555,SHIP_V_1370,408.8
SHIP_V_1595,sdv-id-dRVIPs,Raw Jute,1112,5.0,341,SHIP_V_1595,221.4
SHIP_V_1318,sdv-id-UzuBjB,Solar Panels,863,120.0,267,SHIP_V_1318,6.191666666666666
SHIP_V_1416,sdv-id-vmrsPS,Raw Jute,182,5.0,137,SHIP_V_1416,35.4
SHIP_V_1309,sdv-id-gbDVFO,Ready-made Garments,244,8.5,1282,SHIP_V_1309,27.705882352941178
SHIP_V_1709,sdv-id-PswZqq,Raw Jute,473,5.0,470,SHIP_V_1709,93.6
SHIP_V_1657,sdv-id-FIGmgQ,Industrial Chemicals,700,50.0,1697,SHIP_V_1657,13.0
SHIP_V_1903,sdv-id-JqwPhl,Smartphones,72,300.0,1728,SHIP_V_1903,-0.76
SHIP_V_1818,sdv-id-xkOAIb,Smartphones,1994,300.0,395,SHIP_V_1818,5.6466666666666665
SHIP_V_1412,sdv-id-vtxOjw,Industrial Chemicals,346,50.0,946,SHIP_V_1412,5.92
SHIP_V_1457,sdv-id-kClBka,Industrial Chemicals,652,50.0,1986,SHIP_V_1457,12.04
SHIP_V_1230,sdv-id-efqGCI,Industrial Chemicals,44,50.0,1542,SHIP_V_1230,-0.12
SHIP_V_1634,sdv-id-MDelib,Solar Panels,932,120.0,793,SHIP_V_1634,6.766666666666667
SHIP_V_1076,sdv-id-sugHbY,Smartphones,227,300.0,1787,SHIP_V_1076,-0.2433333333333333
SHIP_V_1341,sdv-id-KfBkNe,Smartphones,867,300.0,1576,SHIP_V_1341,1.89
SHIP_V_1283,sdv-id-vPudCy,Smartphones,376,300.0,1293,SHIP_V_1283,0.2533333333333333
SHIP_V_1871,sdv-id-wcegwT,Ready-made Garments,873,8.5,857,SHIP_V_1871,101.70588235294116
SHIP_V_1339,sdv-id-shenya,Solar Panels,765,120.0,983,SHIP_V_1339,5.375
SHIP_V_1554,sdv-id-lGsHgh,Raw Jute,1693,5.0,1691,SHIP_V_1554,337.6
SHIP_V_1940,sdv-id-jOsYAb,Ready-made Garments,901,8.5,1453,SHIP_V_1940,105.0
SHIP_V_1318,sdv-id-yfypTK,Smartphones,530,300.0,196,SHIP_V_1318,0.7666666666666667
SHIP_V_1941,sdv-id-CeFXKO,Solar Panels,70,120.0,1559,SHIP_V_1941,-0.4166666666666667
SHIP_V_1810,sdv-id-BHDfVy,Industrial Chemicals,1471,50.0,430,SHIP_V_1810,28.42
SHIP_V_1319,sdv-id-EHtQNC,Smartphones,197,300.0,570,SHIP_V_1319,-0.3433333333333333
SHIP_V_1648,sdv-id-olddJd,Raw Jute,665,5.0,1532,SHIP_V_1648,132.0
SHIP_V_1203,sdv-id-BUwXYO,Smartphones,1088,300.0,241,SHIP_V_1203,2.6266666666666665
SHIP_V_1663,sdv-id-NmrqAr,Raw Jute,636,5.0,227,SHIP_V_1663,126.2
SHIP_V_1926,sdv-id-MsepGS,Ready-made Garments,420,8.5,1878,SHIP_V_1926,48.411764705882355
SHIP_V_1273,sdv-id-ESSDsl,Industrial Chemicals,757,50.0,1620,SHIP_V_1273,14.14
SHIP_V_1831,sdv-id-QogLCC,Raw Jute,285,5.0,906,SHIP_V_1831,56.0
SHIP_V_1197,sdv-id-YEjRrK,Industrial Chemicals,706,50.0,385,SHIP_V_1197,13.12
SHIP_V_1860,sdv-id-lLAIXB,Smartphones,927,300.0,465,SHIP_V_1860,2.09
SHIP_V_1300,sdv-id-fClUxu,Raw Jute,1282,5.0,1674,SHIP_V_1300,255.4
SHIP_V_1064,sdv-id-fNsIcx,Industrial Chemicals,1024,50.0,1626,SHIP_V_1064,19.48
SHIP_V_1968,sdv-id-ASVWrp,Smartphones,319,300.0,1837,SHIP_V_1968,0.0633333333333333
SHIP_V_1335,sdv-id-ifnSZl,Industrial Chemicals,399,50.0,1727,SHIP_V_1335,6.98
SHIP_V_1970,sdv-id-RzPCOT,Smartphones,1911,300.0,933,SHIP_V_1970,5.37
SHIP_V_1151,sdv-id-JfQwVd,Industrial Chemicals,208,50.0,748,SHIP_V_1151,3.16
SHIP_V_1467,sdv-id-ZiwFKs,Industrial Chemicals,1543,50.0,588,SHIP_V_1467,29.86
SHIP_V_1896,sdv-id-pMejVd,Industrial Chemicals,2074,50.0,1662,SHIP_V_1896,40.48
SHIP_V_1823,sdv-id-MijdEg,Ready-made Garments,857,8.5,1718,SHIP_V_1823,99.82352941176472
SHIP_V_1258,sdv-id-fpxklS,Raw Jute,296,5.0,1560,SHIP_V_1258,58.2
SHIP_V_1862,sdv-id-QrSYyP,Smartphones,389,300.0,1768,SHIP_V_1862,0.2966666666666667
SHIP_V_1612,sdv-id-Fjamsz,Industrial Chemicals,722,50.0,490,SHIP_V_1612,13.44
SHIP_V_1886,sdv-id-suxsNT,Industrial Chemicals,596,50.0,860,SHIP_V_1886,10.92
SHIP_V_1346,sdv-id-lqtEIB,Smartphones,446,300.0,457,SHIP_V_1346,0.4866666666666667
SHIP_V_1289,sdv-id-pZqtTM,Industrial Chemicals,898,50.0,1374,SHIP_V_1289,16.96
SHIP_V_1685,sdv-id-qnEgVp,Ready-made Garments,543,8.5,843,SHIP_V_1685,62.88235294117647
SHIP_V_1085,sdv-id-kWRXRv,Ready-made Garments,767,8.5,1559,SHIP_V_1085,89.23529411764706
SHIP_V_1552,sdv-id-xlDvDt,Smartphones,455,300.0,938,SHIP_V_1552,0.5166666666666667
SHIP_V_1359,sdv-id-xKNtGk,Ready-made Garments,344,8.5,1776,SHIP_V_1359,39.47058823529411
SHIP_V_1847,sdv-id-uDSsju,Smartphones,638,300.0,325,SHIP_V_1847,1.1266666666666667
SHIP_V_1001,sdv-id-hZzbfY,Smartphones,699,300.0,216,SHIP_V_1001,1.33
SHIP_V_1297,sdv-id-LxiBzu,Ready-made Garments,199,8.5,1271,SHIP_V_1297,22.41176470588235
SHIP_V_1773,sdv-id-HXXtwv,Industrial Chemicals,717,50.0,510,SHIP_V_1773,13.34
SHIP_V_1469,sdv-id-cwDkcw,Smartphones,1091,300.0,1224,SHIP_V_1469,2.6366666666666667
SHIP_V_1376,sdv-id-mVisKG,Ready-made Garments,368,8.5,1104,SHIP_V_1376,42.294117647058826
SHIP_V_1331,sdv-id-JXTWMH,Raw Jute,203,5.0,1289,SHIP_V_1331,39.6
SHIP_V_1472,sdv-id-WpThcS,Smartphones,727,300.0,329,SHIP_V_1472,1.4233333333333331
SHIP_V_1943,sdv-id-Xekflb,Solar Panels,227,120.0,1492,SHIP_V_1943,0.8916666666666667
SHIP_V_1518,sdv-id-axCuTs,Raw Jute,1105,5.0,1082,SHIP_V_1518,220.0
SHIP_V_1588,sdv-id-PDkjVh,Ready-made Garments,119,8.5,1632,SHIP_V_1588,13.0
SHIP_V_1262,sdv-id-qpQddX,Industrial Chemicals,1295,50.0,347,SHIP_V_1262,24.9
SHIP_V_1371,sdv-id-QdbxjO,Solar Panels,550,120.0,942,SHIP_V_1371,3.5833333333333335
SHIP_V_1661,sdv-id-bwRnes,Smartphones,387,300.0,120,SHIP_V_1661,0.29
SHIP_V_1727,sdv-id-BFBvmR,Industrial Chemicals,1058,50.0,157,SHIP_V_1727,20.16
SHIP_V_1344,sdv-id-qWrnBh,Ready-made Garments,527,8.5,363,SHIP_V_1344,61.0
SHIP_V_1821,sdv-id-bmjgox,Industrial Chemicals,100,50.0,1024,SHIP_V_1821,1.0
SHIP_V_1175,sdv-id-iOATyy,Smartphones,280,300.0,1616,SHIP_V_1175,-0.0666666666666666
SHIP_V_1076,sdv-id-Rxdhbz,Solar Panels,386,120.0,108,SHIP_V_1076,2.216666666666667
SHIP_V_1518,sdv-id-auSaYY,Industrial Chemicals,902,50.0,581,SHIP_V_1518,17.04
SHIP_V_1484,sdv-id-Aaicop,Industrial Chemicals,1610,50.0,1947,SHIP_V_1484,31.2
SHIP_V_1680,sdv-id-CdZnnE,Industrial Chemicals,325,50.0,770,SHIP_V_1680,5.5
SHIP_V_1491,sdv-id-jiESbC,Ready-made Garments,194,8.5,1181,SHIP_V_1491,21.823529411764707
SHIP_V_1062,sdv-id-QIhvqp,Raw Jute,510,5.0,1147,SHIP_V_1062,101.0
SHIP_V_1893,sdv-id-KBTtUg,Ready-made Garments,159,8.5,1649,SHIP_V_1893,17.705882352941178
SHIP_V_1803,sdv-id-DfDMsW,Smartphones,585,300.0,1836,SHIP_V_1803,0.95
SHIP_V_1576,sdv-id-bqYaDP,Ready-made Garments,718,8.5,1249,SHIP_V_1576,83.47058823529412
SHIP_V_1893,sdv-id-ibnubo,Industrial Chemicals,729,50.0,1886,SHIP_V_1893,13.58
SHIP_V_1118,sdv-id-lqulpW,Smartphones,243,300.0,337,SHIP_V_1118,-0.19
SHIP_V_1403,sdv-id-spzWPh,Industrial Chemicals,474,50.0,1145,SHIP_V_1403,8.48
SHIP_V_1548,sdv-id-OWelkj,Industrial Chemicals,2522,50.0,1635,SHIP_V_1548,49.44
SHIP_V_1431,sdv-id-eLGjeD,Industrial Chemicals,1326,50.0,774,SHIP_V_1431,25.52
SHIP_V_1687,sdv-id-MvvHhM,Raw Jute,1743,5.0,943,SHIP_V_1687,347.6
SHIP_V_1452,sdv-id-nzIDgH,Solar Panels,692,120.0,179,SHIP_V_1452,4.766666666666667
SHIP_V_1465,sdv-id-gQBwSq,Raw Jute,413,5.0,1095,SHIP_V_1465,81.6
SHIP_V_1482,sdv-id-klsGlv,Smartphones,1566,300.0,315,SHIP_V_1482,4.22
SHIP_V_1373,sdv-id-qKkiVK,Solar Panels,675,120.0,1502,SHIP_V_1373,4.625
SHIP_V_1983,sdv-id-UbuBZI,Smartphones,198,300.0,1896,SHIP_V_1983,-0.34
SHIP_V_1385,sdv-id-CSTSEt,Smartphones,989,300.0,1300,SHIP_V_1385,2.296666666666667
SHIP_V_1618,sdv-id-erMWjw,Industrial Chemicals,1116,50.0,1290,SHIP_V_1618,21.32
SHIP_V_1843,sdv-id-AHQPmB,Raw Jute,1145,5.0,842,SHIP_V_1843,228.0
SHIP_V_1582,sdv-id-NNSLOV,Raw Jute,765,5.0,1394,SHIP_V_1582,152.0
SHIP_V_1696,sdv-id-xRLxRe,Solar Panels,162,120.0,468,SHIP_V_1696,0.35
SHIP_V_1805,sdv-id-jhkJEZ,Raw Jute,832,5.0,645,SHIP_V_1805,165.4
SHIP_V_1434,sdv-id-nZSfXC,Ready-made Garments,710,8.5,811,SHIP_V_1434,82.52941176470588
SHIP_V_1570,sdv-id-dluMEP,Raw Jute,594,5.0,1959,SHIP_V_1570,117.8
SHIP_V_1332,sdv-id-CGOzIk,Raw Jute,296,5.0,1475,SHIP_V_1332,58.2
SHIP_V_1253,sdv-id-YAscGr,Industrial Chemicals,1593,50.0,1179,SHIP_V_1253,30.86
SHIP_V_1762,sdv-id-zXLOgx,Ready-made Garments,1416,8.5,652,SHIP_V_1762,165.58823529411765
SHIP_V_1676,sdv-id-adWcfS,Solar Panels,1075,120.0,1721,SHIP_V_1676,7.958333333333333
SHIP_V_1673,sdv-id-rlQMxP,Ready-made Garments,504,8.5,328,SHIP_V_1673,58.294117647058826
SHIP_V_1624,sdv-id-YPPwzM,Solar Panels,201,120.0,1305,SHIP_V_1624,0.675
SHIP_V_1362,sdv-id-tsbaFX,Industrial Chemicals,1199,50.0,503,SHIP_V_1362,22.98
SHIP_V_1353,sdv-id-hiWicR,Solar Panels,328,120.0,1455,SHIP_V_1353,1.7333333333333334
SHIP_V_1002,sdv-id-MrbVaS,Smartphones,1242,300.0,917,SHIP_V_1002,3.14
SHIP_V_1795,sdv-id-Guvmtb,Raw Jute,1361,5.0,946,SHIP_V_1795,271.2
SHIP_V_1757,sdv-id-DoOqiZ,Raw Jute,733,5.0,1247,SHIP_V_1757,145.6
SHIP_V_1833,sdv-id-lzjVaF,Ready-made Garments,1153,8.5,837,SHIP_V_1833,134.64705882352942
SHIP_V_1072,sdv-id-phvsDb,Industrial Chemicals,127,50.0,1924,SHIP_V_1072,1.54
SHIP_V_1917,sdv-id-aUjeyb,Industrial Chemicals,942,50.0,1714,SHIP_V_1917,17.84
SHIP_V_1398,sdv-id-HwYRVy,Ready-made Garments,1059,8.5,353,SHIP_V_1398,123.58823529411764
SHIP_V_1512,sdv-id-MQeiAV,Ready-made Garments,718,8.5,1403,SHIP_V_1512,83.47058823529412
SHIP_V_1358,sdv-id-gEMvos,Smartphones,1274,300.0,286,SHIP_V_1358,3.2466666666666666
SHIP_V_1683,sdv-id-UYRMmg,Smartphones,621,300.0,1057,SHIP_V_1683,1.07
SHIP_V_1414,sdv-id-SGDGEx,Ready-made Garments,296,8.5,1124,SHIP_V_1414,33.8235294117647
SHIP_V_1720,sdv-id-ClKZTH,Smartphones,434,300.0,628,SHIP_V_1720,0.4466666666666666
SHIP_V_1324,sdv-id-PcAoDD,Ready-made Garments,709,8.5,1199,SHIP_V_1324,82.41176470588235
SHIP_V_1313,sdv-id-eaxHHF,Raw Jute,560,5.0,779,SHIP_V_1313,111.0
SHIP_V_1467,sdv-id-bRibAV,Industrial Chemicals,347,50.0,1468,SHIP_V_1467,5.94
SHIP_V_1721,sdv-id-yMiAIS,Ready-made Garments,888,8.5,898,SHIP_V_1721,103.47058823529412
SHIP_V_1514,sdv-id-dHhqad,Smartphones,29,300.0,1069,SHIP_V_1514,-0.9033333333333332
SHIP_V_1795,sdv-id-waIwwh,Smartphones,503,300.0,1273,SHIP_V_1795,0.6766666666666666
SHIP_V_1307,sdv-id-zCQDSn,Ready-made Garments,1057,8.5,1782,SHIP_V_1307,123.3529411764706
SHIP_V_1322,sdv-id-XTFIsi,Ready-made Garments,686,8.5,1429,SHIP_V_1322,79.70588235294117
SHIP_V_1763,sdv-id-DsSVoU,Raw Jute,1061,5.0,1161,SHIP_V_1763,211.2
SHIP_V_1757,sdv-id-ywhKDb,Industrial Chemicals,631,50.0,211,SHIP_V_1757,11.62
SHIP_V_1701,sdv-id-iyehwJ,Industrial Chemicals,1315,50.0,146,SHIP_V_1701,25.3
SHIP_V_1339,sdv-id-zmuqpE,Smartphones,1081,300.0,1951,SHIP_V_1339,2.6033333333333335
SHIP_V_1196,sdv-id-XfmPlg,Smartphones,2095,300.0,1240,SHIP_V_1196,5.983333333333333
SHIP_V_1758,sdv-id-wZTglT,Industrial Chemicals,816,50.0,250,SHIP_V_1758,15.32
SHIP_V_1241,sdv-id-kfbLHA,Ready-made Garments,755,8.5,1501,SHIP_V_1241,87.82352941176471
SHIP_V_1104,sdv-id-OlPeSJ,Solar Panels,957,120.0,1602,SHIP_V_1104,6.975
SHIP_V_1675,sdv-id-JsOfYo,Ready-made Garments,34,8.5,1527,SHIP_V_1675,3.0
SHIP_V_1155,sdv-id-urdqBU,Smartphones,62,300.0,1379,SHIP_V_1155,-0.7933333333333333
SHIP_V_1642,sdv-id-eNZtaR,Ready-made Garments,608,8.5,706,SHIP_V_1642,70.52941176470588
SHIP_V_1912,sdv-id-gUaPoa,Smartphones,1043,300.0,310,SHIP_V_1912,2.4766666666666666
SHIP_V_1043,sdv-id-CNrjWN,Ready-made Garments,758,8.5,1799,SHIP_V_1043,88.17647058823529
SHIP_V_1159,sdv-id-QsJsvt,Raw Jute,315,5.0,742,SHIP_V_1159,62.0
SHIP_V_1297,sdv-id-eNTDsx,Industrial Chemicals,1599,50.0,746,SHIP_V_1297,30.98
SHIP_V_1897,sdv-id-EeHlkq,Ready-made Garments,486,8.5,1183,SHIP_V_1897,56.1764705882353
SHIP_V_1358,sdv-id-FBVEwC,Industrial Chemicals,437,50.0,234,SHIP_V_1358,7.74
SHIP_V_1119,sdv-id-qKtgjU,Smartphones,532,300.0,187,SHIP_V_1119,0.7733333333333333
SHIP_V_1059,sdv-id-WZQDFZ,Smartphones,806,300.0,395,SHIP_V_1059,1.6866666666666668
SHIP_V_1514,sdv-id-QPTymn,Smartphones,1793,300.0,827,SHIP_V_1514,4.976666666666667
SHIP_V_1105,sdv-id-GkxYLQ,Industrial Chemicals,76,50.0,1121,SHIP_V_1105,0.52
SHIP_V_1591,sdv-id-nnuZxl,Raw Jute,1021,5.0,586,SHIP_V_1591,203.2
SHIP_V_1190,sdv-id-UhQQvS,Smartphones,1106,300.0,1174,SHIP_V_1190,2.6866666666666665
SHIP_V_1345,sdv-id-EjiYzN,Raw Jute,137,5.0,1620,SHIP_V_1345,26.4
SHIP_V_1020,sdv-id-BwfQFB,Smartphones,963,300.0,1158,SHIP_V_1020,2.21
SHIP_V_1022,sdv-id-VYorla,Solar Panels,50,120.0,1572,SHIP_V_1022,-0.5833333333333334
SHIP_V_1563,sdv-id-hmSYnd,Industrial Chemicals,456,50.0,1242,SHIP_V_1563,8.12
SHIP_V_1191,sdv-id-prcZho,Raw Jute,769,5.0,1927,SHIP_V_1191,152.8
SHIP_V_1088,sdv-id-yPGOHe,Industrial Chemicals,293,50.0,1044,SHIP_V_1088,4.86
SHIP_V_1794,sdv-id-nfiAke,Ready-made Garments,709,8.5,137,SHIP_V_1794,82.41176470588235
SHIP_V_1661,sdv-id-ORNhmm,Ready-made Garments,1249,8.5,1583,SHIP_V_1661,145.94117647058823
SHIP_V_1118,sdv-id-JiqmtC,Raw Jute,904,5.0,1683,SHIP_V_1118,179.8
SHIP_V_1473,sdv-id-qQveIk,Raw Jute,467,5.0,910,SHIP_V_1473,92.4
SHIP_V_1918,sdv-id-nmtHuj,Industrial Chemicals,38,50.0,1960,SHIP_V_1918,-0.24
SHIP_V_1744,sdv-id-KaXbCA,Industrial Chemicals,574,50.0,1566,SHIP_V_1744,10.48
SHIP_V_1416,sdv-id-fBsljM,Solar Panels,87,120.0,1617,SHIP_V_1416,-0.275
SHIP_V_1287,sdv-id-vTuYWz,Raw Jute,46,5.0,1527,SHIP_V_1287,8.2
SHIP_V_1878,sdv-id-Udhikh,Ready-made Garments,673,8.5,1489,SHIP_V_1878,78.17647058823529
SHIP_V_1579,sdv-id-PstKDO,Smartphones,570,300.0,765,SHIP_V_1579,0.9
SHIP_V_1512,sdv-id-Ifyxez,Smartphones,169,300.0,867,SHIP_V_1512,-0.4366666666666666
SHIP_V_1586,sdv-id-lTlxFL,Ready-made Garments,376,8.5,1942,SHIP_V_1586,43.23529411764706
SHIP_V_1349,sdv-id-Jedvcd,Smartphones,379,300.0,1243,SHIP_V_1349,0.2633333333333333
SHIP_V_1792,sdv-id-EofKdI,Ready-made Garments,824,8.5,1249,SHIP_V_1792,95.94117647058825
SHIP_V_1341,sdv-id-zaFoME,Ready-made Garments,1275,8.5,1733,SHIP_V_1341,149.0
SHIP_V_1596,sdv-id-eWmeBU,Ready-made Garments,602,8.5,514,SHIP_V_1596,69.82352941176471
SHIP_V_1485,sdv-id-bnDLEt,Ready-made Garments,566,8.5,1326,SHIP_V_1485,65.58823529411765
SHIP_V_1055,sdv-id-gOZmVr,Smartphones,864,300.0,1388,SHIP_V_1055,1.88
SHIP_V_1509,sdv-id-lKbFGX,Smartphones,1790,300.0,569,SHIP_V_1509,4.966666666666667
SHIP_V_1702,sdv-id-yJlpcl,Smartphones,732,300.0,234,SHIP_V_1702,1.44
SHIP_V_1806,sdv-id-nQEzaJ,Smartphones,498,300.0,142,SHIP_V_1806,0.66
SHIP_V_1572,sdv-id-aYsXTs,Solar Panels,1900,120.0,421,SHIP_V_1572,14.833333333333334
SHIP_V_1724,sdv-id-KMUYNE,Raw Jute,981,5.0,1488,SHIP_V_1724,195.2
SHIP_V_1242,sdv-id-whLePb,Solar Panels,1193,120.0,1375,SHIP_V_1242,8.941666666666666
SHIP_V_1152,sdv-id-CPRNUe,Raw Jute,1285,5.0,1597,SHIP_V_1152,256.0
SHIP_V_1986,sdv-id-krtnsH,Smartphones,943,300.0,1301,SHIP_V_1986,2.1433333333333335
SHIP_V_1437,sdv-id-ViABWO,Raw Jute,1115,5.0,1788,SHIP_V_1437,222.0
SHIP_V_1952,sdv-id-MAvohc,Smartphones,1349,300.0,1889,SHIP_V_1952,3.4966666666666666
SHIP_V_1492,sdv-id-ViNfAy,Industrial Chemicals,2393,50.0,1146,SHIP_V_1492,46.86
SHIP_V_1545,sdv-id-hpRvGU,Raw Jute,1124,5.0,1626,SHIP_V_1545,223.8
SHIP_V_1464,sdv-id-WVhWYG,Raw Jute,833,5.0,192,SHIP_V_1464,165.6
SHIP_V_1394,sdv-id-iZrhAy,Ready-made Garments,1472,8.5,162,SHIP_V_1394,172.1764705882353
SHIP_V_1206,sdv-id-LQkqWT,Ready-made Garments,374,8.5,1381,SHIP_V_1206,43.0
SHIP_V_1370,sdv-id-qvBrrH,Solar Panels,150,120.0,778,SHIP_V_1370,0.25
SHIP_V_1655,sdv-id-KwIMmx,Industrial Chemicals,968,50.0,1026,SHIP_V_1655,18.36
SHIP_V_1976,sdv-id-jMUMQn,Ready-made Garments,127,8.5,1143,SHIP_V_1976,13.941176470588236
SHIP_V_1088,sdv-id-yEOzGc,Solar Panels,234,120.0,970,SHIP_V_1088,0.95
SHIP_V_1095,sdv-id-QOXOlV,Smartphones,302,300.0,213,SHIP_V_1095,0.0066666666666666
SHIP_V_1889,sdv-id-sbRoCk,Raw Jute,598,5.0,384,SHIP_V_1889,118.6
SHIP_V_1483,sdv-id-PdPwtC,Smartphones,1100,300.0,856,SHIP_V_1483,2.6666666666666665
SHIP_V_1946,sdv-id-WUgTKB,Ready-made Garments,96,8.5,1759,SHIP_V_1946,10.294117647058824
SHIP_V_1077,sdv-id-wDbgAA,Raw Jute,1318,5.0,1225,SHIP_V_1077,262.6
SHIP_V_1990,sdv-id-qoEcKL,Raw Jute,1397,5.0,1305,SHIP_V_1990,278.4
SHIP_V_1677,sdv-id-VwHHZA,Solar Panels,844,120.0,571,SHIP_V_1677,6.033333333333333
SHIP_V_1862,sdv-id-oLssuF,Industrial Chemicals,577,50.0,1491,SHIP_V_1862,10.54
SHIP_V_1026,sdv-id-GShlGH,Smartphones,444,300.0,115,SHIP_V_1026,0.48
SHIP_V_1718,sdv-id-iudyTP,Industrial Chemicals,348,50.0,1460,SHIP_V_1718,5.96
SHIP_V_1317,sdv-id-TtvDDU,Industrial Chemicals,846,50.0,1684,SHIP_V_1317,15.92
SHIP_V_1809,sdv-id-xouipT,Solar Panels,103,120.0,1499,SHIP_V_1809,-0.1416666666666666
SHIP_V_1143,sdv-id-lzwVXl,Raw Jute,1316,5.0,854,SHIP_V_1143,262.2
SHIP_V_1652,sdv-id-BXPWkO,Ready-made Garments,272,8.5,493,SHIP_V_1652,31.0
SHIP_V_1536,sdv-id-RRrhTY,Industrial Chemicals,136,50.0,1565,SHIP_V_1536,1.72
SHIP_V_1541,sdv-id-EErvKz,Solar Panels,323,120.0,1789,SHIP_V_1541,1.6916666666666669
SHIP_V_1115,sdv-id-EzqloN,Smartphones,1181,300.0,1530,SHIP_V_1115,2.9366666666666665
SHIP_V_1700,sdv-id-exbqQX,Solar Panels,341,120.0,1460,SHIP_V_1700,1.8416666666666663
SHIP_V_1316,sdv-id-FDzuEN,Ready-made Garments,999,8.5,1467,SHIP_V_1316,116.52941176470588
SHIP_V_1833,sdv-id-yWXvYP,Smartphones,560,300.0,841,SHIP_V_1833,0.8666666666666667
SHIP_V_1043,sdv-id-zHnWOg,Raw Jute,1435,5.0,1205,SHIP_V_1043,286.0
SHIP_V_1223,sdv-id-BPfeZq,Industrial Chemicals,203,50.0,1828,SHIP_V_1223,3.06
SHIP_V_1792,sdv-id-fQfvjm,Smartphones,168,300.0,844,SHIP_V_1792,-0.44
SHIP_V_1940,sdv-id-HbVZRa,Industrial Chemicals,48,50.0,842,SHIP_V_1940,-0.04
SHIP_V_1295,sdv-id-lNuWMb,Industrial Chemicals,1857,50.0,1771,SHIP_V_1295,36.14
SHIP_V_1814,sdv-id-htBewM,Smartphones,926,300.0,608,SHIP_V_1814,2.0866666666666664
SHIP_V_1729,sdv-id-dNdHDG,Raw Jute,297,5.0,1914,SHIP_V_1729,58.4
SHIP_V_1083,sdv-id-xuiIEk,Ready-made Garments,602,8.5,984,SHIP_V_1083,69.82352941176471
SHIP_V_1809,sdv-id-hItuOr,Industrial Chemicals,691,50.0,948,SHIP_V_1809,12.82
SHIP_V_1842,sdv-id-VsZzUH,Solar Panels,1649,120.0,1310,SHIP_V_1842,12.741666666666667
SHIP_V_1724,sdv-id-roiOTD,Industrial Chemicals,1829,50.0,599,SHIP_V_1724,35.58
SHIP_V_1112,sdv-id-XrbegI,Smartphones,65,300.0,1703,SHIP_V_1112,-0.7833333333333333
SHIP_V_1519,sdv-id-Gsoxci,Ready-made Garments,843,8.5,937,SHIP_V_1519,98.17647058823528
SHIP_V_1938,sdv-id-uGjxcl,Industrial Chemicals,1305,50.0,275,SHIP_V_1938,25.1
SHIP_V_1486,sdv-id-ZPOvhT,Ready-made Garments,540,8.5,1673,SHIP_V_1486,62.52941176470589
SHIP_V_1875,sdv-id-WQANJd,Raw Jute,531,5.0,793,SHIP_V_1875,105.2
SHIP_V_1571,sdv-id-GbQyRw,Smartphones,904,300.0,1874,SHIP_V_1571,2.013333333333333
SHIP_V_1411,sdv-id-KoKdCQ,Smartphones,301,300.0,722,SHIP_V_1411,0.0033333333333333
SHIP_V_1536,sdv-id-MERDmD,Solar Panels,314,120.0,709,SHIP_V_1536,1.6166666666666667
SHIP_V_1179,sdv-id-ckqPoe,Ready-made Garments,1090,8.5,1005,SHIP_V_1179,127.23529411764706
SHIP_V_1580,sdv-id-kNPQbD,Smartphones,130,300.0,1578,SHIP_V_1580,-0.5666666666666667
SHIP_V_1446,sdv-id-itDqCA,Industrial Chemicals,993,50.0,1542,SHIP_V_1446,18.86
SHIP_V_1181,sdv-id-ZtxQbW,Smartphones,230,300.0,1234,SHIP_V_1181,-0.2333333333333333
SHIP_V_1027,sdv-id-mfxVEq,Smartphones,923,300.0,1510,SHIP_V_1027,2.0766666666666667
SHIP_V_1239,sdv-id-VlpbAR,Raw Jute,476,5.0,1503,SHIP_V_1239,94.2
SHIP_V_1407,sdv-id-zdjlaB,Industrial Chemicals,2039,50.0,1285,SHIP_V_1407,39.78
SHIP_V_1046,sdv-id-fEzNsz,Solar Panels,1325,120.0,1932,SHIP_V_1046,10.041666666666666
SHIP_V_1476,sdv-id-czhvAB,Ready-made Garments,1460,8.5,1373,SHIP_V_1476,170.76470588235293
SHIP_V_1251,sdv-id-DfAnOv,Industrial Chemicals,632,50.0,1804,SHIP_V_1251,11.64
SHIP_V_1609,sdv-id-CIuSYc,Industrial Chemicals,303,50.0,1833,SHIP_V_1609,5.06
SHIP_V_1583,sdv-id-eOoIaT,Smartphones,976,300.0,531,SHIP_V_1583,2.2533333333333334
SHIP_V_1374,sdv-id-voSkAd,Industrial Chemicals,2288,50.0,1052,SHIP_V_1374,44.76
SHIP_V_1692,sdv-id-orokEG,Industrial Chemicals,474,50.0,896,SHIP_V_1692,8.48
SHIP_V_1870,sdv-id-YYyJer,Ready-made Garments,1070,8.5,558,SHIP_V_1870,124.88235294117646
SHIP_V_1368,sdv-id-SLZUwt,Industrial Chemicals,684,50.0,913,SHIP_V_1368,12.68
SHIP_V_1504,sdv-id-kMyGaT,Smartphones,368,300.0,1602,SHIP_V_1504,0.2266666666666666
SHIP_V_1215,sdv-id-whrDRj,Smartphones,632,300.0,445,SHIP_V_1215,1.106666666666667
SHIP_V_1585,sdv-id-xDikEq,Solar Panels,392,120.0,973,SHIP_V_1585,2.2666666666666666
SHIP_V_1756,sdv-id-cDhEkM,Industrial Chemicals,1027,50.0,295,SHIP_V_1756,19.54
SHIP_V_1157,sdv-id-DuMsiV,Raw Jute,165,5.0,1173,SHIP_V_1157,32.0
SHIP_V_1351,sdv-id-vasAOI,Industrial Chemicals,2694,50.0,768,SHIP_V_1351,52.88
SHIP_V_1669,sdv-id-SDNNeB,Industrial Chemicals,272,50.0,1551,SHIP_V_1669,4.44
SHIP_V_1622,sdv-id-fJMmPa,Industrial Chemicals,852,50.0,1068,SHIP_V_1622,16.04
SHIP_V_1820,sdv-id-NcLmhJ,Solar Panels,575,120.0,1201,SHIP_V_1820,3.7916666666666665
SHIP_V_1805,sdv-id-cfwvAX,Industrial Chemicals,882,50.0,769,SHIP_V_1805,16.64
SHIP_V_1075,sdv-id-vjKmCn,Solar Panels,841,120.0,607,SHIP_V_1075,6.008333333333334
SHIP_V_1379,sdv-id-wAZtAo,Industrial Chemicals,1247,50.0,1058,SHIP_V_1379,23.94
SHIP_V_1177,sdv-id-azgcKF,Smartphones,431,300.0,1296,SHIP_V_1177,0.4366666666666666
SHIP_V_1097,sdv-id-tvOLpz,Raw Jute,1312,5.0,1088,SHIP_V_1097,261.4
SHIP_V_1490,sdv-id-QzlnlN,Solar Panels,417,120.0,1069,SHIP_V_1490,2.475
SHIP_V_1351,sdv-id-fnyQrW,Smartphones,77,300.0,1430,SHIP_V_1351,-0.7433333333333333
SHIP_V_1649,sdv-id-bshkLQ,Raw Jute,422,5.0,513,SHIP_V_1649,83.4
SHIP_V_1219,sdv-id-sKjWDE,Raw Jute,395,5.0,1721,SHIP_V_1219,78.0
SHIP_V_1326,sdv-id-keAycK,Ready-made Garments,1488,8.5,446,SHIP_V_1326,174.05882352941177
SHIP_V_1736,sdv-id-ujCUCj,Solar Panels,293,120.0,479,SHIP_V_1736,1.4416666666666669
SHIP_V_1961,sdv-id-KaapVC,Ready-made Garments,669,8.5,686,SHIP_V_1961,77.70588235294117
SHIP_V_1163,sdv-id-VxvnSX,Smartphones,572,300.0,1630,SHIP_V_1163,0.9066666666666666
SHIP_V_1257,sdv-id-Lrkhsg,Smartphones,699,300.0,360,SHIP_V_1257,1.33
SHIP_V_1989,sdv-id-WshGvF,Raw Jute,651,5.0,608,SHIP_V_1989,129.2
SHIP_V_1812,sdv-id-tsnCPj,Raw Jute,661,5.0,555,SHIP_V_1812,131.2
SHIP_V_1498,sdv-id-yBwzsf,Smartphones,2315,300.0,945,SHIP_V_1498,6.716666666666667
SHIP_V_1088,sdv-id-ZsCwhH,Industrial Chemicals,389,50.0,1307,SHIP_V_1088,6.78
SHIP_V_1334,sdv-id-KknKkR,Smartphones,28,300.0,601,SHIP_V_1334,-0.9066666666666666
SHIP_V_1390,sdv-id-uvjXoC,Industrial Chemicals,888,50.0,1002,SHIP_V_1390,16.76
SHIP_V_1431,sdv-id-pUimoa,Industrial Chemicals,919,50.0,1844,SHIP_V_1431,17.38
SHIP_V_1072,sdv-id-VdspAq,Industrial Chemicals,522,50.0,1314,SHIP_V_1072,9.44
SHIP_V_1300,sdv-id-zwjdek,Raw Jute,496,5.0,1321,SHIP_V_1300,98.2
SHIP_V_1987,sdv-id-FdKpDe,Raw Jute,1193,5.0,487,SHIP_V_1987,237.6
SHIP_V_1447,sdv-id-MPFJpI,Solar Panels,2287,120.0,817,SHIP_V_1447,18.058333333333337
SHIP_V_1830,sdv-id-WGTvHP,Industrial Chemicals,178,50.0,1861,SHIP_V_1830,2.56
SHIP_V_1152,sdv-id-Vxtosu,Ready-made Garments,99,8.5,1564,SHIP_V_1152,10.647058823529411
SHIP_V_1655,sdv-id-BeyCfr,Smartphones,502,300.0,1735,SHIP_V_1655,0.6733333333333333
SHIP_V_1309,sdv-id-Qfpdsr,Ready-made Garments,413,8.5,731,SHIP_V_1309,47.588235294117645
SHIP_V_1135,sdv-id-FBpqBG,Ready-made Garments,1230,8.5,1025,SHIP_V_1135,143.7058823529412
SHIP_V_1771,sdv-id-MIqjIA,Smartphones,962,300.0,649,SHIP_V_1771,2.2066666666666666
SHIP_V_1503,sdv-id-fiuOZi,Industrial Chemicals,237,50.0,1908,SHIP_V_1503,3.74
SHIP_V_1186,sdv-id-NgapMM,Raw Jute,38,5.0,1064,SHIP_V_1186,6.6
SHIP_V_1442,sdv-id-ORoJPX,Raw Jute,184,5.0,614,SHIP_V_1442,35.8
SHIP_V_1988,sdv-id-bmrtxr,Solar Panels,174,120.0,973,SHIP_V_1988,0.45
SHIP_V_1694,sdv-id-LJpwRz,Industrial Chemicals,487,50.0,1074,SHIP_V_1694,8.74
SHIP_V_1712,sdv-id-TiaQyU,Raw Jute,1136,5.0,396,SHIP_V_1712,226.2
SHIP_V_1229,sdv-id-SBmDHg,Smartphones,622,300.0,1496,SHIP_V_1229,1.0733333333333333
SHIP_V_1990,sdv-id-hbIuYL,Smartphones,1084,300.0,586,SHIP_V_1990,2.6133333333333333
SHIP_V_1557,sdv-id-nOxeEs,Smartphones,199,300.0,262,SHIP_V_1557,-0.3366666666666666
SHIP_V_1921,sdv-id-IxtEMZ,Industrial Chemicals,871,50.0,310,SHIP_V_1921,16.42
SHIP_V_1200,sdv-id-beecuY,Smartphones,539,300.0,171,SHIP_V_1200,0.7966666666666666
SHIP_V_1136,sdv-id-wFZinF,Raw Jute,908,5.0,150,SHIP_V_1136,180.6
SHIP_V_1349,sdv-id-YEDIOX,Industrial Chemicals,62,50.0,681,SHIP_V_1349,0.24
SHIP_V_1642,sdv-id-fWlrVr,Smartphones,862,300.0,1458,SHIP_V_1642,1.8733333333333333
SHIP_V_1340,sdv-id-qWLOaz,Ready-made Garments,445,8.5,1754,SHIP_V_1340,51.35294117647059
SHIP_V_1582,sdv-id-hhyzCC,Industrial Chemicals,393,50.0,1471,SHIP_V_1582,6.86
SHIP_V_1321,sdv-id-uYvbMs,Ready-made Garments,579,8.5,1548,SHIP_V_1321,67.11764705882354
SHIP_V_1633,sdv-id-OoohfZ,Raw Jute,1861,5.0,706,SHIP_V_1633,371.2
SHIP_V_1903,sdv-id-lnHHKp,Smartphones,46,300.0,961,SHIP_V_1903,-0.8466666666666667
SHIP_V_1656,sdv-id-sFMVNq,Ready-made Garments,572,8.5,1541,SHIP_V_1656,66.29411764705883
SHIP_V_1223,sdv-id-zXsyjw,Raw Jute,1177,5.0,854,SHIP_V_1223,234.4
SHIP_V_1664,sdv-id-IlJzqq,Smartphones,32,300.0,704,SHIP_V_1664,-0.8933333333333333
SHIP_V_1874,sdv-id-maNfLH,Solar Panels,911,120.0,1063,SHIP_V_1874,6.591666666666667
SHIP_V_1049,sdv-id-zBaSIQ,Solar Panels,516,120.0,386,SHIP_V_1049,3.3
SHIP_V_1401,sdv-id-fcFtnJ,Smartphones,1152,300.0,1230,SHIP_V_1401,2.84
SHIP_V_1121,sdv-id-oWIJtu,Smartphones,148,300.0,1925,SHIP_V_1121,-0.5066666666666667
SHIP_V_1772,sdv-id-AXOkPx,Smartphones,1694,300.0,1237,SHIP_V_1772,4.6466666666666665
SHIP_V_1711,sdv-id-dVzOSN,Industrial Chemicals,314,50.0,1219,SHIP_V_1711,5.28
SHIP_V_1286,sdv-id-fimGcP,Ready-made Garments,372,8.5,1456,SHIP_V_1286,42.76470588235294
SHIP_V_1002,sdv-id-UVjFia,Ready-made Garments,740,8.5,1015,SHIP_V_1002,86.05882352941177
SHIP_V_1906,sdv-id-GEDIJI,Raw Jute,1074,5.0,919,SHIP_V_1906,213.8
SHIP_V_1497,sdv-id-ZTPSCj,Industrial Chemicals,626,50.0,293,SHIP_V_1497,11.52
SHIP_V_1573,sdv-id-llwPpn,Ready-made Garments,1287,8.5,488,SHIP_V_1573,150.41176470588235
SHIP_V_1062,sdv-id-SWiOcN,Ready-made Garments,1030,8.5,1571,SHIP_V_1062,120.17647058823528
SHIP_V_1419,sdv-id-cfGKJx,Solar Panels,717,120.0,156,SHIP_V_1419,4.975
SHIP_V_1833,sdv-id-XTnOrf,Smartphones,631,300.0,1252,SHIP_V_1833,1.1033333333333333
SHIP_V_1312,sdv-id-pzHzul,Smartphones,229,300.0,1040,SHIP_V_1312,-0.2366666666666666
SHIP_V_1663,sdv-id-JfnIOF,Raw Jute,219,5.0,401,SHIP_V_1663,42.8
SHIP_V_1736,sdv-id-BgckXl,Smartphones,831,300.0,1354,SHIP_V_1736,1.77
SHIP_V_1590,sdv-id-woVrOB,Industrial Chemicals,1422,50.0,408,SHIP_V_1590,27.44
SHIP_V_1837,sdv-id-dQVFWo,Solar Panels,408,120.0,1579,SHIP_V_1837,2.4
SHIP_V_1879,sdv-id-cRiqLR,Smartphones,654,300.0,1584,SHIP_V_1879,1.18
SHIP_V_1847,sdv-id-DAzUNV,Raw Jute,1143,5.0,328,SHIP_V_1847,227.6
SHIP_V_1843,sdv-id-zQHmHh,Smartphones,74,300.0,974,SHIP_V_1843,-0.7533333333333333
SHIP_V_1995,sdv-id-NCLGxU,Raw Jute,795,5.0,218,SHIP_V_1995,158.0
SHIP_V_1707,sdv-id-GTCVdJ,Solar Panels,422,120.0,752,SHIP_V_1707,2.5166666666666666
SHIP_V_1661,sdv-id-JQodEX,Smartphones,2422,300.0,156,SHIP_V_1661,7.073333333333333
SHIP_V_1540,sdv-id-Didsnw,Smartphones,9,300.0,1122,SHIP_V_1540,-0.97
SHIP_V_1851,sdv-id-nOkOKG,Ready-made Garments,123,8.5,725,SHIP_V_1851,13.470588235294118
SHIP_V_1680,sdv-id-vnTFhu,Raw Jute,311,5.0,886,SHIP_V_1680,61.2
SHIP_V_1003,sdv-id-wCnunl,Raw Jute,755,5.0,1330,SHIP_V_1003,150.0
SHIP_V_1946,sdv-id-TqKPyv,Raw Jute,1015,5.0,338,SHIP_V_1946,202.0
SHIP_V_1041,sdv-id-oCGQVX,Smartphones,623,300.0,105,SHIP_V_1041,1.0766666666666669
SHIP_V_1689,sdv-id-keUsTU,Ready-made Garments,1675,8.5,1647,SHIP_V_1689,196.05882352941177
SHIP_V_1608,sdv-id-sBuVFU,Industrial Chemicals,2012,50.0,1386,SHIP_V_1608,39.24
SHIP_V_1437,sdv-id-aiYysb,Industrial Chemicals,360,50.0,1768,SHIP_V_1437,6.2
SHIP_V_1734,sdv-id-yGjBFg,Industrial Chemicals,221,50.0,1553,SHIP_V_1734,3.42
SHIP_V_1425,sdv-id-gCPsDm,Solar Panels,891,120.0,685,SHIP_V_1425,6.425
SHIP_V_1952,sdv-id-qCBkNQ,Raw Jute,563,5.0,1175,SHIP_V_1952,111.6
SHIP_V_1534,sdv-id-IPAdyb,Ready-made Garments,628,8.5,1494,SHIP_V_1534,72.88235294117646
SHIP_V_1159,sdv-id-MAxryF,Smartphones,1945,300.0,568,SHIP_V_1159,5.483333333333333
SHIP_V_1865,sdv-id-bKOgMp,Smartphones,557,300.0,1870,SHIP_V_1865,0.8566666666666667
SHIP_V_1640,sdv-id-HuWwuI,Smartphones,331,300.0,1346,SHIP_V_1640,0.1033333333333333
SHIP_V_1750,sdv-id-iqpPdy,Raw Jute,199,5.0,1929,SHIP_V_1750,38.8
SHIP_V_1282,sdv-id-SgAcyT,Industrial Chemicals,962,50.0,1010,SHIP_V_1282,18.24
SHIP_V_1216,sdv-id-CmIVft,Industrial Chemicals,925,50.0,204,SHIP_V_1216,17.5
SHIP_V_1717,sdv-id-pVbDbH,Smartphones,453,300.0,786,SHIP_V_1717,0.51
SHIP_V_1637,sdv-id-bEWoHc,Industrial Chemicals,1940,50.0,827,SHIP_V_1637,37.8
SHIP_V_1480,sdv-id-vSLTbq,Smartphones,689,300.0,395,SHIP_V_1480,1.2966666666666666
SHIP_V_1852,sdv-id-QYGUja,Raw Jute,1016,5.0,195,SHIP_V_1852,202.2
SHIP_V_1053,sdv-id-wqMMQy,Raw Jute,1276,5.0,1235,SHIP_V_1053,254.2
SHIP_V_1780,sdv-id-ZbyRMg,Smartphones,293,300.0,567,SHIP_V_1780,-0.0233333333333333
SHIP_V_1281,sdv-id-hLKFOo,Solar Panels,117,120.0,1415,SHIP_V_1281,-0.025
SHIP_V_1960,sdv-id-TjTrWW,Industrial Chemicals,779,50.0,300,SHIP_V_1960,14.58
SHIP_V_1743,sdv-id-sXVgii,Industrial Chemicals,879,50.0,1003,SHIP_V_1743,16.58
SHIP_V_1079,sdv-id-qSczPV,Ready-made Garments,253,8.5,446,SHIP_V_1079,28.764705882352946
SHIP_V_1659,sdv-id-FqnpJw,Solar Panels,37,120.0,1130,SHIP_V_1659,-0.6916666666666667
SHIP_V_1904,sdv-id-ZIauJI,Ready-made Garments,291,8.5,1880,SHIP_V_1904,33.23529411764706
SHIP_V_1597,sdv-id-vIpDrK,Raw Jute,767,5.0,322,SHIP_V_1597,152.4
SHIP_V_1562,sdv-id-MvvUYv,Ready-made Garments,157,8.5,178,SHIP_V_1562,17.470588235294116
SHIP_V_1975,sdv-id-eiYOIC,Industrial Chemicals,956,50.0,1039,SHIP_V_1975,18.12
SHIP_V_1612,sdv-id-dNblVz,Solar Panels,730,120.0,1851,SHIP_V_1612,5.083333333333333
SHIP_V_1069,sdv-id-QVPZsM,Ready-made Garments,707,8.5,735,SHIP_V_1069,82.17647058823529
SHIP_V_1915,sdv-id-oqfqkB,Ready-made Garments,460,8.5,983,SHIP_V_1915,53.11764705882353
SHIP_V_1810,sdv-id-kLdsZs,Industrial Chemicals,1732,50.0,436,SHIP_V_1810,33.64
SHIP_V_1363,sdv-id-ruldxI,Industrial Chemicals,1404,50.0,945,SHIP_V_1363,27.08
SHIP_V_1938,sdv-id-wPCAPK,Ready-made Garments,1308,8.5,1309,SHIP_V_1938,152.88235294117646
SHIP_V_1951,sdv-id-daBvMF,Raw Jute,485,5.0,1106,SHIP_V_1951,96.0
SHIP_V_1224,sdv-id-SaPWtU,Solar Panels,19,120.0,1778,SHIP_V_1224,-0.8416666666666667
SHIP_V_1909,sdv-id-GjDuPk,Smartphones,1517,300.0,297,SHIP_V_1909,4.056666666666667
SHIP_V_1679,sdv-id-NFyYVB,Ready-made Garments,469,8.5,180,SHIP_V_1679,54.1764705882353
SHIP_V_1490,sdv-id-nIQuDf,Raw Jute,678,5.0,283,SHIP_V_1490,134.6
SHIP_V_1211,sdv-id-RHEgiP,Industrial Chemicals,908,50.0,1071,SHIP_V_1211,17.16
SHIP_V_1209,sdv-id-hPNxAC,Raw Jute,118,5.0,1328,SHIP_V_1209,22.6
SHIP_V_1314,sdv-id-WWKQhh,Smartphones,804,300.0,958,SHIP_V_1314,1.68
SHIP_V_1967,sdv-id-dlEjvS,Smartphones,1230,300.0,1598,SHIP_V_1967,3.1
SHIP_V_1077,sdv-id-cPJMxg,Solar Panels,269,120.0,577,SHIP_V_1077,1.2416666666666667
SHIP_V_1125,sdv-id-pRWjXf,Ready-made Garments,906,8.5,1379,SHIP_V_1125,105.58823529411764
SHIP_V_1172,sdv-id-UpguKL,Ready-made Garments,1054,8.5,1229,SHIP_V_1172,123.0
SHIP_V_1012,sdv-id-GyNsep,Smartphones,154,300.0,1612,SHIP_V_1012,-0.4866666666666667
SHIP_V_1758,sdv-id-ASLyOw,Ready-made Garments,521,8.5,425,SHIP_V_1758,60.294117647058826
SHIP_V_1753,sdv-id-pCGGEI,Solar Panels,360,120.0,1328,SHIP_V_1753,2.0
SHIP_V_1107,sdv-id-jSbxqX,Ready-made Garments,1161,8.5,1660,SHIP_V_1107,135.58823529411765
SHIP_V_1569,sdv-id-SKMNbi,Raw Jute,631,5.0,664,SHIP_V_1569,125.2
SHIP_V_1348,sdv-id-gaaDJl,Raw Jute,807,5.0,1363,SHIP_V_1348,160.4
SHIP_V_1692,sdv-id-IVHRTe,Solar Panels,139,120.0,567,SHIP_V_1692,0.1583333333333333
SHIP_V_1825,sdv-id-gdeeHZ,Industrial Chemicals,837,50.0,1193,SHIP_V_1825,15.74
SHIP_V_1639,sdv-id-yZyVZn,Industrial Chemicals,2162,50.0,383,SHIP_V_1639,42.24
SHIP_V_1122,sdv-id-yqtbPb,Smartphones,1576,300.0,380,SHIP_V_1122,4.253333333333333
SHIP_V_1217,sdv-id-Hphske,Industrial Chemicals,342,50.0,1948,SHIP_V_1217,5.84
SHIP_V_1178,sdv-id-SzyhnJ,Industrial Chemicals,257,50.0,1371,SHIP_V_1178,4.14
SHIP_V_1583,sdv-id-ypDfdv,Raw Jute,964,5.0,817,SHIP_V_1583,191.8
SHIP_V_1240,sdv-id-UlIjVc,Ready-made Garments,104,8.5,1634,SHIP_V_1240,11.235294117647058
SHIP_V_1075,sdv-id-lOoobu,Raw Jute,863,5.0,780,SHIP_V_1075,171.6
SHIP_V_1919,sdv-id-kJkUcI,Raw Jute,731,5.0,283,SHIP_V_1919,145.2
SHIP_V_1724,sdv-id-XlPjKr,Smartphones,1031,300.0,1880,SHIP_V_1724,2.4366666666666665
SHIP_V_1474,sdv-id-hgoEth,Solar Panels,200,120.0,1238,SHIP_V_1474,0.6666666666666666
SHIP_V_1725,sdv-id-zWNciz,Ready-made Garments,787,8.5,1997,SHIP_V_1725,91.58823529411764
SHIP_V_1756,sdv-id-rTqgEO,Raw Jute,860,5.0,1431,SHIP_V_1756,171.0
SHIP_V_1302,sdv-id-odzZuj,Smartphones,651,300.0,1603,SHIP_V_1302,1.17
SHIP_V_1551,sdv-id-eRpkVj,Smartphones,860,300.0,513,SHIP_V_1551,1.8666666666666667
SHIP_V_1916,sdv-id-jgAgCH,Industrial Chemicals,127,50.0,684,SHIP_V_1916,1.54
SHIP_V_1952,sdv-id-oNapRo,Smartphones,1286,300.0,1933,SHIP_V_1952,3.286666666666666
SHIP_V_1057,sdv-id-tksfGm,Industrial Chemicals,625,50.0,152,SHIP_V_1057,11.5
SHIP_V_1802,sdv-id-PhjaET,Raw Jute,2440,5.0,495,SHIP_V_1802,487.0
SHIP_V_1819,sdv-id-TWHdLz,Ready-made Garments,2324,8.5,442,SHIP_V_1819,272.4117647058824
SHIP_V_1718,sdv-id-kgTSPA,Solar Panels,382,120.0,1903,SHIP_V_1718,2.183333333333333
SHIP_V_1333,sdv-id-oijAfA,Raw Jute,1741,5.0,771,SHIP_V_1333,347.2
SHIP_V_1304,sdv-id-UiPbkZ,Solar Panels,67,120.0,1977,SHIP_V_1304,-0.4416666666666666
SHIP_V_1866,sdv-id-SNIVWV,Industrial Chemicals,1173,50.0,529,SHIP_V_1866,22.46
SHIP_V_1475,sdv-id-ZYsUzU,Smartphones,1790,300.0,112,SHIP_V_1475,4.966666666666667
SHIP_V_1019,sdv-id-btyyKl,Solar Panels,910,120.0,293,SHIP_V_1019,6.583333333333333
SHIP_V_1246,sdv-id-DOmJzC,Ready-made Garments,535,8.5,1368,SHIP_V_1246,61.94117647058823
SHIP_V_1970,sdv-id-vhZbZp,Industrial Chemicals,414,50.0,1868,SHIP_V_1970,7.28
SHIP_V_1570,sdv-id-nFMVzJ,Ready-made Garments,178,8.5,582,SHIP_V_1570,19.941176470588236
SHIP_V_1529,sdv-id-uGEPFH,Solar Panels,72,120.0,590,SHIP_V_1529,-0.4
SHIP_V_1208,sdv-id-tKPLlX,Ready-made Garments,2445,8.5,1414,SHIP_V_1208,286.6470588235294
SHIP_V_1024,sdv-id-RFnqwL,Ready-made Garments,593,8.5,1166,SHIP_V_1024,68.76470588235294
SHIP_V_1932,sdv-id-xdpfum,Smartphones,1447,300.0,1262,SHIP_V_1932,3.8233333333333337
SHIP_V_1626,sdv-id-aVIEEm,Smartphones,2112,300.0,950,SHIP_V_1626,6.04
SHIP_V_1034,sdv-id-waTiqC,Smartphones,780,300.0,441,SHIP_V_1034,1.6
SHIP_V_1998,sdv-id-CpYPIo,Ready-made Garments,442,8.5,869,SHIP_V_1998,51.0
SHIP_V_1856,sdv-id-yRyIUT,Industrial Chemicals,659,50.0,1177,SHIP_V_1856,12.18
SHIP_V_1725,sdv-id-ZZKqEN,Smartphones,689,300.0,356,SHIP_V_1725,1.2966666666666666
SHIP_V_1579,sdv-id-MaKsPl,Raw Jute,566,5.0,287,SHIP_V_1579,112.2
SHIP_V_1924,sdv-id-BXlnQt,Raw Jute,1421,5.0,391,SHIP_V_1924,283.2
SHIP_V_1596,sdv-id-pHnTsG,Ready-made Garments,471,8.5,680,SHIP_V_1596,54.411764705882355
SHIP_V_1570,sdv-id-Haiwvt,Industrial Chemicals,1396,50.0,865,SHIP_V_1570,26.92
SHIP_V_1903,sdv-id-nMOEvM,Smartphones,256,300.0,268,SHIP_V_1903,-0.1466666666666666
SHIP_V_1019,sdv-id-BFekXh,Solar Panels,235,120.0,1789,SHIP_V_1019,0.9583333333333334
SHIP_V_1510,sdv-id-PDoqVy,Smartphones,19,300.0,1812,SHIP_V_1510,-0.9366666666666666
SHIP_V_1828,sdv-id-GWThaK,Smartphones,1183,300.0,1126,SHIP_V_1828,2.943333333333334
SHIP_V_1669,sdv-id-lcZfxE,Raw Jute,258,5.0,393,SHIP_V_1669,50.6
SHIP_V_1257,sdv-id-UoeXRF,Solar Panels,22,120.0,606,SHIP_V_1257,-0.8166666666666667
SHIP_V_1861,sdv-id-vsqDNt,Industrial Chemicals,583,50.0,896,SHIP_V_1861,10.66
SHIP_V_1467,sdv-id-eGdrCM,Smartphones,105,300.0,1965,SHIP_V_1467,-0.65
SHIP_V_1235,sdv-id-MXzyTb,Smartphones,289,300.0,662,SHIP_V_1235,-0.0366666666666666
SHIP_V_1533,sdv-id-PpdlDo,Industrial Chemicals,617,50.0,240,SHIP_V_1533,11.34
SHIP_V_1569,sdv-id-ecixGl,Solar Panels,2074,120.0,1150,SHIP_V_1569,16.283333333333335
SHIP_V_1944,sdv-id-GbXzRv,Solar Panels,72,120.0,1955,SHIP_V_1944,-0.4
SHIP_V_1271,sdv-id-umgQaV,Solar Panels,509,120.0,1125,SHIP_V_1271,3.2416666666666667
SHIP_V_1408,sdv-id-UzYIBx,Ready-made Garments,632,8.5,1800,SHIP_V_1408,73.3529411764706
SHIP_V_1793,sdv-id-pKEhCH,Smartphones,244,300.0,525,SHIP_V_1793,-0.1866666666666666
SHIP_V_1816,sdv-id-ADBMjK,Industrial Chemicals,1268,50.0,648,SHIP_V_1816,24.36
SHIP_V_1876,sdv-id-bAgHCR,Ready-made Garments,1066,8.5,450,SHIP_V_1876,124.41176470588236
SHIP_V_1130,sdv-id-PSwUYk,Raw Jute,720,5.0,1103,SHIP_V_1130,143.0
SHIP_V_1062,sdv-id-ydoiDB,Raw Jute,238,5.0,928,SHIP_V_1062,46.6
SHIP_V_1122,sdv-id-ozOyzx,Smartphones,60,300.0,1513,SHIP_V_1122,-0.8
SHIP_V_1056,sdv-id-vUbPeT,Ready-made Garments,566,8.5,1888,SHIP_V_1056,65.58823529411765
SHIP_V_1088,sdv-id-AsGsLy,Smartphones,1399,300.0,131,SHIP_V_1088,3.6633333333333336
SHIP_V_1708,sdv-id-KvNYfG,Industrial Chemicals,713,50.0,1534,SHIP_V_1708,13.26
SHIP_V_1955,sdv-id-FDzfmJ,Industrial Chemicals,455,50.0,1600,SHIP_V_1955,8.1
SHIP_V_1397,sdv-id-AQTstJ,Raw Jute,682,5.0,1797,SHIP_V_1397,135.4
SHIP_V_1909,sdv-id-KpogCx,Solar Panels,369,120.0,1802,SHIP_V_1909,2.075
SHIP_V_1075,sdv-id-lahVcZ,Raw Jute,492,5.0,1984,SHIP_V_1075,97.4
SHIP_V_1567,sdv-id-mHPdvM,Industrial Chemicals,608,50.0,296,SHIP_V_1567,11.16
SHIP_V_1271,sdv-id-EpYjww,Ready-made Garments,819,8.5,700,SHIP_V_1271,95.3529411764706
SHIP_V_1820,sdv-id-OryZCv,Industrial Chemicals,144,50.0,676,SHIP_V_1820,1.88
SHIP_V_1976,sdv-id-rpkLUO,Smartphones,1209,300.0,1627,SHIP_V_1976,3.03
SHIP_V_1162,sdv-id-EJOSem,Raw Jute,1680,5.0,466,SHIP_V_1162,335.0
SHIP_V_1301,sdv-id-VaMzvO,Solar Panels,605,120.0,674,SHIP_V_1301,4.041666666666667
SHIP_V_1358,sdv-id-uFKJMh,Solar Panels,342,120.0,1764,SHIP_V_1358,1.85
SHIP_V_1500,sdv-id-nVIUcj,Raw Jute,1044,5.0,805,SHIP_V_1500,207.8
SHIP_V_1628,sdv-id-rfOdxS,Ready-made Garments,2401,8.5,1245,SHIP_V_1628,281.47058823529414
SHIP_V_1326,sdv-id-KtQesV,Ready-made Garments,2464,8.5,498,SHIP_V_1326,288.88235294117646
SHIP_V_1072,sdv-id-FDiikV,Smartphones,944,300.0,350,SHIP_V_1072,2.1466666666666665
SHIP_V_1948,sdv-id-NQcJNE,Solar Panels,519,120.0,565,SHIP_V_1948,3.325
SHIP_V_1106,sdv-id-zNaHCD,Raw Jute,430,5.0,444,SHIP_V_1106,85.0
SHIP_V_1125,sdv-id-fEysiP,Ready-made Garments,685,8.5,814,SHIP_V_1125,79.58823529411765
SHIP_V_1800,sdv-id-MWWgYy,Ready-made Garments,846,8.5,673,SHIP_V_1800,98.52941176470588
SHIP_V_1167,sdv-id-hxQPnt,Industrial Chemicals,98,50.0,423,SHIP_V_1167,0.96
SHIP_V_1583,sdv-id-mCoIuO,Smartphones,1090,300.0,1693,SHIP_V_1583,2.6333333333333333
SHIP_V_1314,sdv-id-nqEKjQ,Smartphones,1166,300.0,1208,SHIP_V_1314,2.8866666666666667
SHIP_V_1594,sdv-id-tzcQWT,Industrial Chemicals,1073,50.0,999,SHIP_V_1594,20.46
SHIP_V_1548,sdv-id-HqGpca,Raw Jute,1433,5.0,1829,SHIP_V_1548,285.6
SHIP_V_1180,sdv-id-ykRxzC,Raw Jute,2316,5.0,943,SHIP_V_1180,462.2
SHIP_V_1531,sdv-id-yrNOSi,Ready-made Garments,1794,8.5,856,SHIP_V_1531,210.05882352941177
SHIP_V_1595,sdv-id-FFmSUi,Solar Panels,94,120.0,726,SHIP_V_1595,-0.2166666666666666
SHIP_V_1033,sdv-id-Tnwris,Solar Panels,310,120.0,1285,SHIP_V_1033,1.5833333333333333
SHIP_V_1003,sdv-id-wpzRbZ,Raw Jute,1014,5.0,202,SHIP_V_1003,201.8
SHIP_V_1219,sdv-id-cLmnRi,Smartphones,1259,300.0,1673,SHIP_V_1219,3.1966666666666668
SHIP_V_1752,sdv-id-dRdgnb,Raw Jute,57,5.0,1692,SHIP_V_1752,10.4
SHIP_V_1156,sdv-id-jfvKLh,Solar Panels,22,120.0,531,SHIP_V_1156,-0.8166666666666667
SHIP_V_1042,sdv-id-KUKIwa,Smartphones,180,300.0,1758,SHIP_V_1042,-0.4
SHIP_V_1378,sdv-id-mjQbic,Smartphones,220,300.0,637,SHIP_V_1378,-0.2666666666666666
SHIP_V_1184,sdv-id-ypOOsI,Raw Jute,1071,5.0,1154,SHIP_V_1184,213.2
SHIP_V_1008,sdv-id-fsICVr,Ready-made Garments,1172,8.5,401,SHIP_V_1008,136.88235294117646
SHIP_V_1332,sdv-id-xUndvf,Ready-made Garments,722,8.5,1116,SHIP_V_1332,83.94117647058823
SHIP_V_1540,sdv-id-knQHbG,Solar Panels,837,120.0,347,SHIP_V_1540,5.975
SHIP_V_1327,sdv-id-QOvYDx,Solar Panels,142,120.0,853,SHIP_V_1327,0.1833333333333333
SHIP_V_1499,sdv-id-VcqCgV,Ready-made Garments,168,8.5,458,SHIP_V_1499,18.764705882352946
SHIP_V_1773,sdv-id-IalwYZ,Ready-made Garments,743,8.5,225,SHIP_V_1773,86.41176470588235
SHIP_V_1292,sdv-id-UbNAmM,Solar Panels,93,120.0,601,SHIP_V_1292,-0.225
SHIP_V_1413,sdv-id-TqRKUr,Ready-made Garments,1337,8.5,176,SHIP_V_1413,156.2941176470588
SHIP_V_1306,sdv-id-dTufCH,Industrial Chemicals,400,50.0,1937,SHIP_V_1306,7.0
SHIP_V_1244,sdv-id-MgTjIR,Raw Jute,2290,5.0,753,SHIP_V_1244,457.0
SHIP_V_1895,sdv-id-KdhMtU,Smartphones,466,300.0,334,SHIP_V_1895,0.5533333333333333
SHIP_V_1489,sdv-id-sEJJdZ,Industrial Chemicals,921,50.0,749,SHIP_V_1489,17.42
SHIP_V_1615,sdv-id-BtVicO,Solar Panels,46,120.0,1150,SHIP_V_1615,-0.6166666666666667
SHIP_V_1861,sdv-id-jQMWtW,Smartphones,1160,300.0,1677,SHIP_V_1861,2.8666666666666667
SHIP_V_1352,sdv-id-YurLqk,Ready-made Garments,269,8.5,1962,SHIP_V_1352,30.647058823529413
SHIP_V_1405,sdv-id-YjMmCy,Solar Panels,460,120.0,864,SHIP_V_1405,2.8333333333333335
SHIP_V_1683,sdv-id-ZahnWC,Raw Jute,1864,5.0,1054,SHIP_V_1683,371.8
SHIP_V_1903,sdv-id-DUPaFR,Smartphones,496,300.0,1735,SHIP_V_1903,0.6533333333333333
SHIP_V_1433,sdv-id-jbhaSs,Ready-made Garments,1292,8.5,1616,SHIP_V_1433,151.0
SHIP_V_1315,sdv-id-ulZANr,Ready-made Garments,206,8.5,738,SHIP_V_1315,23.235294117647054
SHIP_V_1694,sdv-id-YzXZSE,Raw Jute,723,5.0,1705,SHIP_V_1694,143.6
SHIP_V_1462,sdv-id-vjjEVk,Smartphones,886,300.0,880,SHIP_V_1462,1.9533333333333336
SHIP_V_1695,sdv-id-rdAWhY,Industrial Chemicals,459,50.0,204,SHIP_V_1695,8.18
SHIP_V_1560,sdv-id-hfGTlI,Solar Panels,647,120.0,735,SHIP_V_1560,4.391666666666667
SHIP_V_1387,sdv-id-rNhjYQ,Raw Jute,1310,5.0,172,SHIP_V_1387,261.0
SHIP_V_1782,sdv-id-ganBIk,Ready-made Garments,841,8.5,361,SHIP_V_1782,97.94117647058825
SHIP_V_1728,sdv-id-nDGlCA,Smartphones,586,300.0,443,SHIP_V_1728,0.9533333333333334
SHIP_V_1283,sdv-id-kTNriR,Industrial Chemicals,557,50.0,647,SHIP_V_1283,10.14
SHIP_V_1588,sdv-id-gGTPWH,Solar Panels,300,120.0,1834,SHIP_V_1588,1.5
SHIP_V_1959,sdv-id-OTVrLG,Smartphones,253,300.0,143,SHIP_V_1959,-0.1566666666666666
SHIP_V_1629,sdv-id-cUShGR,Industrial Chemicals,359,50.0,1575,SHIP_V_1629,6.18
SHIP_V_1986,sdv-id-QsJHLk,Industrial Chemicals,1502,50.0,480,SHIP_V_1986,29.04
SHIP_V_1704,sdv-id-pZVZiO,Industrial Chemicals,409,50.0,1344,SHIP_V_1704,7.18
SHIP_V_1264,sdv-id-kSBAGS,Industrial Chemicals,1295,50.0,1482,SHIP_V_1264,24.9
SHIP_V_1107,sdv-id-LIgQAo,Smartphones,363,300.0,243,SHIP_V_1107,0.21
SHIP_V_1553,sdv-id-kbxadX,Raw Jute,278,5.0,1251,SHIP_V_1553,54.6
SHIP_V_1684,sdv-id-QRnzWE,Industrial Chemicals,736,50.0,1583,SHIP_V_1684,13.72
SHIP_V_1826,sdv-id-ndhseL,Solar Panels,695,120.0,1387,SHIP_V_1826,4.791666666666667
SHIP_V_1757,sdv-id-DoxjTI,Industrial Chemicals,1282,50.0,1071,SHIP_V_1757,24.64
SHIP_V_1473,sdv-id-wggoan,Smartphones,922,300.0,1907,SHIP_V_1473,2.0733333333333333
SHIP_V_1701,sdv-id-hkXEVP,Smartphones,1551,300.0,1077,SHIP_V_1701,4.17
SHIP_V_1639,sdv-id-vPuuev,Smartphones,1946,300.0,263,SHIP_V_1639,5.486666666666666
SHIP_V_1719,sdv-id-gTpLPs,Smartphones,259,300.0,828,SHIP_V_1719,-0.1366666666666666
SHIP_V_1916,sdv-id-KMvvmy,Industrial Chemicals,539,50.0,1316,SHIP_V_1916,9.78
SHIP_V_1414,sdv-id-fqqiqM,Raw Jute,341,5.0,1226,SHIP_V_1414,67.2
SHIP_V_1760,sdv-id-rIvjHJ,Ready-made Garments,27,8.5,1668,SHIP_V_1760,2.176470588235294
SHIP_V_1155,sdv-id-sqiNoO,Raw Jute,388,5.0,1640,SHIP_V_1155,76.6
SHIP_V_1717,sdv-id-akvDnZ,Ready-made Garments,236,8.5,754,SHIP_V_1717,26.764705882352946
SHIP_V_1338,sdv-id-mqfyKV,Smartphones,2326,300.0,1096,SHIP_V_1338,6.753333333333333
SHIP_V_1914,sdv-id-glrKEy,Industrial Chemicals,768,50.0,460,SHIP_V_1914,14.36
SHIP_V_1483,sdv-id-usjBvK,Smartphones,132,300.0,1566,SHIP_V_1483,-0.56
SHIP_V_1358,sdv-id-CpDmXW,Smartphones,1758,300.0,1861,SHIP_V_1358,4.86
SHIP_V_1242,sdv-id-qxeqQY,Raw Jute,751,5.0,880,SHIP_V_1242,149.2
SHIP_V_1579,sdv-id-NUbCkt,Raw Jute,661,5.0,820,SHIP_V_1579,131.2
SHIP_V_1974,sdv-id-qnjsJt,Ready-made Garments,1715,8.5,294,SHIP_V_1974,200.76470588235293
SHIP_V_1227,sdv-id-CrLhIQ,Ready-made Garments,1983,8.5,853,SHIP_V_1227,232.2941176470588
SHIP_V_1346,sdv-id-FZquBV,Ready-made Garments,1165,8.5,899,SHIP_V_1346,136.05882352941177
SHIP_V_1065,sdv-id-jLLPih,Raw Jute,613,5.0,247,SHIP_V_1065,121.6
SHIP_V_1915,sdv-id-MHKiih,Smartphones,782,300.0,1008,SHIP_V_1915,1.606666666666667
SHIP_V_1892,sdv-id-QsGqGO,Solar Panels,981,120.0,705,SHIP_V_1892,7.175
SHIP_V_1579,sdv-id-BVraDG,Industrial Chemicals,511,50.0,610,SHIP_V_1579,9.22
SHIP_V_1763,sdv-id-hUhvJD,Solar Panels,14,120.0,1413,SHIP_V_1763,-0.8833333333333333
SHIP_V_1870,sdv-id-moSRIc,Raw Jute,2156,5.0,329,SHIP_V_1870,430.2
SHIP_V_1680,sdv-id-GFbzZL,Industrial Chemicals,1318,50.0,1470,SHIP_V_1680,25.36
SHIP_V_1480,sdv-id-HfpRjk,Smartphones,1206,300.0,1772,SHIP_V_1480,3.02
SHIP_V_1688,sdv-id-xLIurQ,Ready-made Garments,51,8.5,883,SHIP_V_1688,5.0
SHIP_V_1561,sdv-id-VrxNik,Solar Panels,1487,120.0,1234,SHIP_V_1561,11.391666666666667
SHIP_V_1821,sdv-id-PESuut,Smartphones,2017,300.0,1828,SHIP_V_1821,5.723333333333334
SHIP_V_1821,sdv-id-pXNVpB,Smartphones,968,300.0,289,SHIP_V_1821,2.2266666666666666
SHIP_V_1905,sdv-id-MKWyOa,Industrial Chemicals,498,50.0,1642,SHIP_V_1905,8.96
SHIP_V_1030,sdv-id-aRdubk,Smartphones,1391,300.0,224,SHIP_V_1030,3.6366666666666663
SHIP_V_1964,sdv-id-eafPdB,Raw Jute,623,5.0,827,SHIP_V_1964,123.6
SHIP_V_1436,sdv-id-XceEhc,Ready-made Garments,309,8.5,1508,SHIP_V_1436,35.35294117647059
SHIP_V_1527,sdv-id-RueXJv,Raw Jute,246,5.0,613,SHIP_V_1527,48.2
SHIP_V_1816,sdv-id-eiHbmP,Industrial Chemicals,321,50.0,1409,SHIP_V_1816,5.42
SHIP_V_1654,sdv-id-huOiRy,Smartphones,944,300.0,1723,SHIP_V_1654,2.1466666666666665
SHIP_V_1045,sdv-id-UaapqI,Smartphones,252,300.0,518,SHIP_V_1045,-0.16
SHIP_V_1333,sdv-id-BmzeTF,Smartphones,631,300.0,995,SHIP_V_1333,1.1033333333333333
SHIP_V_1837,sdv-id-rwvdcK,Industrial Chemicals,1176,50.0,479,SHIP_V_1837,22.52
SHIP_V_1478,sdv-id-TIZFWU,Solar Panels,822,120.0,353,SHIP_V_1478,5.85
SHIP_V_1003,sdv-id-JehOEv,Industrial Chemicals,632,50.0,1736,SHIP_V_1003,11.64
SHIP_V_1287,sdv-id-bEwGWF,Industrial Chemicals,1618,50.0,1575,SHIP_V_1287,31.36
SHIP_V_1360,sdv-id-fvlaKy,Ready-made Garments,515,8.5,1641,SHIP_V_1360,59.588235294117645
SHIP_V_1633,sdv-id-CcqEJD,Raw Jute,391,5.0,406,SHIP_V_1633,77.2
SHIP_V_1098,sdv-id-mQhPoa,Smartphones,319,300.0,777,SHIP_V_1098,0.0633333333333333
SHIP_V_1430,sdv-id-MyKHcq,Smartphones,1830,300.0,1442,SHIP_V_1430,5.1
SHIP_V_1787,sdv-id-TNrTFB,Smartphones,1725,300.0,898,SHIP_V_1787,4.75
SHIP_V_1886,sdv-id-impTZF,Industrial Chemicals,600,50.0,381,SHIP_V_1886,11.0
SHIP_V_1731,sdv-id-bwiVxC,Solar Panels,177,120.0,1559,SHIP_V_1731,0.475
SHIP_V_1836,sdv-id-gFIWPn,Industrial Chemicals,513,50.0,1372,SHIP_V_1836,9.26
SHIP_V_1364,sdv-id-fQDSdv,Solar Panels,1003,120.0,401,SHIP_V_1364,7.358333333333333
SHIP_V_1609,sdv-id-xmfFaw,Raw Jute,365,5.0,1893,SHIP_V_1609,72.0
SHIP_V_1902,sdv-id-rYjkjq,Ready-made Garments,929,8.5,1506,SHIP_V_1902,108.29411764705884
SHIP_V_1663,sdv-id-SFOFjP,Ready-made Garments,1323,8.5,1474,SHIP_V_1663,154.64705882352942
SHIP_V_1909,sdv-id-OONogr,Industrial Chemicals,1479,50.0,310,SHIP_V_1909,28.58
SHIP_V_1333,sdv-id-Bamctx,Ready-made Garments,1484,8.5,1191,SHIP_V_1333,173.58823529411765
SHIP_V_1633,sdv-id-JbyJyE,Smartphones,330,300.0,765,SHIP_V_1633,0.1
SHIP_V_1535,sdv-id-jVBFtJ,Ready-made Garments,55,8.5,1311,SHIP_V_1535,5.470588235294118
SHIP_V_1702,sdv-id-bUohDO,Raw Jute,1195,5.0,1163,SHIP_V_1702,238.0
SHIP_V_1453,sdv-id-BLhMKV,Smartphones,244,300.0,924,SHIP_V_1453,-0.1866666666666666
SHIP_V_1923,sdv-id-ACPbZe,Ready-made Garments,1000,8.5,224,SHIP_V_1923,116.6470588235294
SHIP_V_1762,sdv-id-wOkYSW,Smartphones,548,300.0,1662,SHIP_V_1762,0.8266666666666667
SHIP_V_1083,sdv-id-pFdJgC,Smartphones,378,300.0,226,SHIP_V_1083,0.26
SHIP_V_1736,sdv-id-pFWUhn,Industrial Chemicals,301,50.0,1297,SHIP_V_1736,5.02
SHIP_V_1639,sdv-id-yPnSJh,Ready-made Garments,337,8.5,1191,SHIP_V_1639,38.64705882352941
SHIP_V_1083,sdv-id-OsvJnS,Smartphones,426,300.0,1253,SHIP_V_1083,0.42
SHIP_V_1202,sdv-id-rbYXbk,Raw Jute,80,5.0,1912,SHIP_V_1202,15.0
SHIP_V_1100,sdv-id-psMCdM,Industrial Chemicals,32,50.0,298,SHIP_V_1100,-0.36
SHIP_V_1460,sdv-id-ujzcXc,Smartphones,686,300.0,277,SHIP_V_1460,1.2866666666666666
SHIP_V_1223,sdv-id-EuVgiI,Smartphones,344,300.0,1888,SHIP_V_1223,0.1466666666666666
SHIP_V_1423,sdv-id-aUAnCU,Solar Panels,1292,120.0,125,SHIP_V_1423,9.766666666666667
SHIP_V_1915,sdv-id-PBAvww,Smartphones,366,300.0,353,SHIP_V_1915,0.22
SHIP_V_1808,sdv-id-deinta,Smartphones,50,300.0,535,SHIP_V_1808,-0.8333333333333334
SHIP_V_1022,sdv-id-kNGxod,Industrial Chemicals,1227,50.0,917,SHIP_V_1022,23.54
SHIP_V_1925,sdv-id-VYfvuQ,Industrial Chemicals,734,50.0,181,SHIP_V_1925,13.68
SHIP_V_1373,sdv-id-OTCRWg,Raw Jute,570,5.0,703,SHIP_V_1373,113.0
SHIP_V_1779,sdv-id-gpQJLv,Industrial Chemicals,109,50.0,560,SHIP_V_1779,1.18
SHIP_V_1181,sdv-id-woFLki,Raw Jute,105,5.0,1271,SHIP_V_1181,20.0
SHIP_V_1646,sdv-id-JYxfDM,Raw Jute,777,5.0,953,SHIP_V_1646,154.4
SHIP_V_1863,sdv-id-ypryUw,Smartphones,722,300.0,500,SHIP_V_1863,1.4066666666666667
SHIP_V_1103,sdv-id-tOujUG,Solar Panels,808,120.0,506,SHIP_V_1103,5.733333333333333
SHIP_V_1538,sdv-id-LSGXnr,Ready-made Garments,963,8.5,1272,SHIP_V_1538,112.29411764705884
SHIP_V_1020,sdv-id-CQTrmL,Raw Jute,2104,5.0,313,SHIP_V_1020,419.8
SHIP_V_1298,sdv-id-BMJryh,Smartphones,606,300.0,1513,SHIP_V_1298,1.02
SHIP_V_1415,sdv-id-YEwhZq,Raw Jute,1262,5.0,818,SHIP_V_1415,251.4
SHIP_V_1537,sdv-id-FpDtaj,Smartphones,567,300.0,1181,SHIP_V_1537,0.89
SHIP_V_1833,sdv-id-asCCMm,Solar Panels,447,120.0,459,SHIP_V_1833,2.725
SHIP_V_1425,sdv-id-TCOMkb,Smartphones,1864,300.0,924,SHIP_V_1425,5.213333333333333
SHIP_V_1922,sdv-id-MEWnHO,Ready-made Garments,547,8.5,880,SHIP_V_1922,63.35294117647059
SHIP_V_1082,sdv-id-JUZWLP,Ready-made Garments,1235,8.5,689,SHIP_V_1082,144.2941176470588
SHIP_V_1634,sdv-id-CzWHOv,Ready-made Garments,1277,8.5,228,SHIP_V_1634,149.23529411764707
SHIP_V_1990,sdv-id-OztPcP,Raw Jute,336,5.0,270,SHIP_V_1990,66.2
SHIP_V_1708,sdv-id-VScAem,Industrial Chemicals,442,50.0,233,SHIP_V_1708,7.84
SHIP_V_1386,sdv-id-dsDtWF,Solar Panels,739,120.0,237,SHIP_V_1386,5.158333333333333
SHIP_V_1715,sdv-id-WPIogr,Solar Panels,204,120.0,1390,SHIP_V_1715,0.7
SHIP_V_1864,sdv-id-LNxMVO,Smartphones,372,300.0,1082,SHIP_V_1864,0.24
SHIP_V_1875,sdv-id-qnBNdV,Smartphones,328,300.0,388,SHIP_V_1875,0.0933333333333333
SHIP_V_1618,sdv-id-vMZbeN,Ready-made Garments,1461,8.5,525,SHIP_V_1618,170.88235294117646
SHIP_V_1563,sdv-id-ercrfB,Ready-made Garments,406,8.5,1329,SHIP_V_1563,46.76470588235294
SHIP_V_1420,sdv-id-BZlDTH,Industrial Chemicals,1645,50.0,491,SHIP_V_1420,31.9
SHIP_V_1618,sdv-id-uYgwdQ,Industrial Chemicals,568,50.0,829,SHIP_V_1618,10.36
SHIP_V_1614,sdv-id-qDfkyB,Smartphones,1163,300.0,985,SHIP_V_1614,2.8766666666666665
SHIP_V_1853,sdv-id-cXfYAJ,Raw Jute,1192,5.0,193,SHIP_V_1853,237.4
SHIP_V_1980,sdv-id-JZcJBO,Ready-made Garments,238,8.5,456,SHIP_V_1980,27.0
SHIP_V_1347,sdv-id-lWDLqA,Solar Panels,121,120.0,1696,SHIP_V_1347,0.0083333333333333
SHIP_V_1359,sdv-id-lgvVqq,Industrial Chemicals,765,50.0,1308,SHIP_V_1359,14.3
SHIP_V_1139,sdv-id-EBQfce,Ready-made Garments,457,8.5,1571,SHIP_V_1139,52.76470588235294
SHIP_V_1985,sdv-id-skmAkE,Ready-made Garments,630,8.5,1405,SHIP_V_1985,73.11764705882354
SHIP_V_1721,sdv-id-wnresg,Raw Jute,293,5.0,222,SHIP_V_1721,57.6
SHIP_V_1665,sdv-id-EdNdJe,Raw Jute,692,5.0,1524,SHIP_V_1665,137.4
SHIP_V_1972,sdv-id-DFBioH,Smartphones,441,300.0,618,SHIP_V_1972,0.47
SHIP_V_1286,sdv-id-QCnVTS,Industrial Chemicals,148,50.0,933,SHIP_V_1286,1.96
SHIP_V_1706,sdv-id-MaolnB,Ready-made Garments,733,8.5,1581,SHIP_V_1706,85.23529411764706
SHIP_V_1932,sdv-id-fCHjGv,Raw Jute,78,5.0,1702,SHIP_V_1932,14.6
SHIP_V_1207,sdv-id-ytKgAN,Smartphones,10,300.0,705,SHIP_V_1207,-0.9666666666666668
SHIP_V_1408,sdv-id-AbSZGm,Raw Jute,749,5.0,1399,SHIP_V_1408,148.8
SHIP_V_1033,sdv-id-cMLrba,Ready-made Garments,479,8.5,1325,SHIP_V_1033,55.35294117647059
SHIP_V_1129,sdv-id-ApbMdG,Raw Jute,191,5.0,1754,SHIP_V_1129,37.2
SHIP_V_1202,sdv-id-coFArQ,Ready-made Garments,468,8.5,105,SHIP_V_1202,54.05882352941177
SHIP_V_1731,sdv-id-LOWSbr,Smartphones,1627,300.0,144,SHIP_V_1731,4.423333333333333
SHIP_V_1313,sdv-id-pQwtsR,Industrial Chemicals,1247,50.0,1044,SHIP_V_1313,23.94
SHIP_V_1486,sdv-id-QWluvX,Industrial Chemicals,2911,50.0,450,SHIP_V_1486,57.22
SHIP_V_1584,sdv-id-qkzSIv,Solar Panels,768,120.0,684,SHIP_V_1584,5.4
SHIP_V_1775,sdv-id-fGdpKt,Industrial Chemicals,1168,50.0,609,SHIP_V_1775,22.36
SHIP_V_1696,sdv-id-eYUXsQ,Ready-made Garments,1441,8.5,1325,SHIP_V_1696,168.52941176470588
SHIP_V_1663,sdv-id-CxfkID,Solar Panels,115,120.0,1999,SHIP_V_1663,-0.0416666666666666
SHIP_V_1447,sdv-id-ytzrII,Smartphones,1297,300.0,1501,SHIP_V_1447,3.3233333333333333
SHIP_V_1586,sdv-id-aVVCGj,Solar Panels,470,120.0,872,SHIP_V_1586,2.9166666666666665
SHIP_V_1802,sdv-id-ROuPCB,Smartphones,1337,300.0,138,SHIP_V_1802,3.4566666666666666
SHIP_V_1306,sdv-id-eHMRsR,Ready-made Garments,680,8.5,563,SHIP_V_1306,79.0
SHIP_V_1562,sdv-id-Ypifpi,Industrial Chemicals,590,50.0,825,SHIP_V_1562,10.8
SHIP_V_1467,sdv-id-knqeql,Smartphones,1835,300.0,1801,SHIP_V_1467,5.116666666666666
SHIP_V_1679,sdv-id-HgQSwn,Industrial Chemicals,77,50.0,1886,SHIP_V_1679,0.54
SHIP_V_1288,sdv-id-jxMjqN,Solar Panels,707,120.0,1215,SHIP_V_1288,4.891666666666667
SHIP_V_1837,sdv-id-mdlSaR,Smartphones,425,300.0,272,SHIP_V_1837,0.4166666666666667
SHIP_V_1193,sdv-id-hrpEpB,Smartphones,274,300.0,1647,SHIP_V_1193,-0.0866666666666666
SHIP_V_1824,sdv-id-fgKhsd,Smartphones,648,300.0,816,SHIP_V_1824,1.16
SHIP_V_1005,sdv-id-nmkSKa,Solar Panels,2027,120.0,191,SHIP_V_1005,15.891666666666667
SHIP_V_1089,sdv-id-NQuxTu,Raw Jute,480,5.0,589,SHIP_V_1089,95.0
SHIP_V_1576,sdv-id-GqkkVh,Raw Jute,524,5.0,1387,SHIP_V_1576,103.8
SHIP_V_1442,sdv-id-YhHrRL,Solar Panels,162,120.0,1635,SHIP_V_1442,0.35
SHIP_V_1846,sdv-id-hmigQH,Industrial Chemicals,369,50.0,849,SHIP_V_1846,6.38
SHIP_V_1494,sdv-id-UDLtph,Smartphones,980,300.0,785,SHIP_V_1494,2.2666666666666666
SHIP_V_1341,sdv-id-UkekNW,Smartphones,225,300.0,665,SHIP_V_1341,-0.25
SHIP_V_1987,sdv-id-qTfUlX,Ready-made Garments,954,8.5,961,SHIP_V_1987,111.23529411764706
SHIP_V_1851,sdv-id-yvMgBa,Raw Jute,847,5.0,553,SHIP_V_1851,168.4
SHIP_V_1797,sdv-id-SbNpDv,Smartphones,1156,300.0,649,SHIP_V_1797,2.8533333333333335
SHIP_V_1232,sdv-id-arSwBf,Solar Panels,5,120.0,347,SHIP_V_1232,-0.9583333333333334
SHIP_V_1834,sdv-id-fvWGRC,Industrial Chemicals,594,50.0,940,SHIP_V_1834,10.88
SHIP_V_1706,sdv-id-YdvaTo,Industrial Chemicals,1458,50.0,1435,SHIP_V_1706,28.16
SHIP_V_1645,sdv-id-dlpxti,Smartphones,418,300.0,1637,SHIP_V_1645,0.3933333333333333
SHIP_V_1497,sdv-id-LZQVfZ,Industrial Chemicals,228,50.0,882,SHIP_V_1497,3.56
SHIP_V_1499,sdv-id-BIrKDo,Raw Jute,991,5.0,1354,SHIP_V_1499,197.2
SHIP_V_1564,sdv-id-DWMgoy,Solar Panels,611,120.0,1927,SHIP_V_1564,4.091666666666667
SHIP_V_1071,sdv-id-hGfwdM,Ready-made Garments,690,8.5,255,SHIP_V_1071,80.17647058823529
SHIP_V_1375,sdv-id-LtRKiF,Ready-made Garments,1559,8.5,798,SHIP_V_1375,182.41176470588235
SHIP_V_1504,sdv-id-LDvleU,Solar Panels,264,120.0,431,SHIP_V_1504,1.2
SHIP_V_1822,sdv-id-lQwCAs,Raw Jute,480,5.0,1612,SHIP_V_1822,95.0
SHIP_V_1798,sdv-id-ZJwaZW,Smartphones,287,300.0,1841,SHIP_V_1798,-0.0433333333333333
SHIP_V_1113,sdv-id-ogRxWd,Raw Jute,1341,5.0,555,SHIP_V_1113,267.2
SHIP_V_1605,sdv-id-YsKCYb,Industrial Chemicals,502,50.0,787,SHIP_V_1605,9.04
SHIP_V_1442,sdv-id-qVbaYJ,Raw Jute,864,5.0,1010,SHIP_V_1442,171.8
SHIP_V_1517,sdv-id-jhyIFy,Ready-made Garments,116,8.5,1781,SHIP_V_1517,12.647058823529411
SHIP_V_1839,sdv-id-nBNQcC,Solar Panels,442,120.0,1389,SHIP_V_1839,2.683333333333333
SHIP_V_1221,sdv-id-TgQKcW,Raw Jute,370,5.0,200,SHIP_V_1221,73.0
SHIP_V_1695,sdv-id-pCEvoK,Ready-made Garments,1227,8.5,1203,SHIP_V_1695,143.35294117647058
SHIP_V_1377,sdv-id-ZoaUdJ,Raw Jute,1084,5.0,1459,SHIP_V_1377,215.8
SHIP_V_1744,sdv-id-zwwPBg,Industrial Chemicals,2223,50.0,334,SHIP_V_1744,43.46
SHIP_V_1233,sdv-id-ylHTsG,Industrial Chemicals,19,50.0,1415,SHIP_V_1233,-0.62
SHIP_V_1921,sdv-id-OibFlO,Industrial Chemicals,391,50.0,1036,SHIP_V_1921,6.82
SHIP_V_1204,sdv-id-TYchEA,Industrial Chemicals,728,50.0,1939,SHIP_V_1204,13.56
SHIP_V_1503,sdv-id-wITmve,Industrial Chemicals,1486,50.0,1087,SHIP_V_1503,28.72
SHIP_V_1804,sdv-id-uoVCDG,Smartphones,121,300.0,244,SHIP_V_1804,-0.5966666666666667
SHIP_V_1392,sdv-id-ghslGK,Ready-made Garments,1434,8.5,887,SHIP_V_1392,167.7058823529412
SHIP_V_1324,sdv-id-FwotEB,Industrial Chemicals,1676,50.0,473,SHIP_V_1324,32.52
SHIP_V_1946,sdv-id-lkMiss,Smartphones,624,300.0,1720,SHIP_V_1946,1.08
SHIP_V_1996,sdv-id-UomuJE,Smartphones,2030,300.0,1356,SHIP_V_1996,5.766666666666667
SHIP_V_1150,sdv-id-xeRzIn,Industrial Chemicals,571,50.0,1029,SHIP_V_1150,10.42
SHIP_V_1326,sdv-id-qRjubz,Industrial Chemicals,11,50.0,975,SHIP_V_1326,-0.78
SHIP_V_1825,sdv-id-HMFZxF,Ready-made Garments,1145,8.5,1456,SHIP_V_1825,133.7058823529412
SHIP_V_1853,sdv-id-zOTyfw,Ready-made Garments,263,8.5,1253,SHIP_V_1853,29.941176470588236
SHIP_V_1701,sdv-id-ePSSNs,Industrial Chemicals,2073,50.0,1866,SHIP_V_1701,40.46
SHIP_V_1231,sdv-id-uDzCFi,Raw Jute,119,5.0,1323,SHIP_V_1231,22.8
SHIP_V_1138,sdv-id-nHoojQ,Solar Panels,230,120.0,476,SHIP_V_1138,0.9166666666666666
SHIP_V_1861,sdv-id-ZVmGXs,Solar Panels,738,120.0,1292,SHIP_V_1861,5.15
SHIP_V_1759,sdv-id-uehKqs,Raw Jute,1819,5.0,127,SHIP_V_1759,362.8
SHIP_V_1235,sdv-id-IWVLQB,Raw Jute,1373,5.0,1889,SHIP_V_1235,273.6
SHIP_V_1676,sdv-id-tFjbCs,Smartphones,775,300.0,1354,SHIP_V_1676,1.5833333333333333
SHIP_V_1769,sdv-id-bGmrtF,Ready-made Garments,1014,8.5,164,SHIP_V_1769,118.29411764705884
SHIP_V_1782,sdv-id-KSQKId,Raw Jute,1137,5.0,345,SHIP_V_1782,226.4
SHIP_V_1840,sdv-id-jOpKSt,Industrial Chemicals,1559,50.0,1831,SHIP_V_1840,30.18
SHIP_V_1299,sdv-id-FSimAy,Industrial Chemicals,180,50.0,1938,SHIP_V_1299,2.6
SHIP_V_1452,sdv-id-hMyfoj,Smartphones,834,300.0,894,SHIP_V_1452,1.78
SHIP_V_1161,sdv-id-iopOph,Smartphones,853,300.0,1118,SHIP_V_1161,1.8433333333333333
SHIP_V_1498,sdv-id-PIElCI,Ready-made Garments,187,8.5,1114,SHIP_V_1498,21.0
SHIP_V_1185,sdv-id-DHlvKD,Industrial Chemicals,1124,50.0,1872,SHIP_V_1185,21.48
SHIP_V_1702,sdv-id-DzVbYR,Raw Jute,1920,5.0,291,SHIP_V_1702,383.0
SHIP_V_1255,sdv-id-diGFaq,Ready-made Garments,72,8.5,1203,SHIP_V_1255,7.470588235294118
SHIP_V_1959,sdv-id-aPGJEs,Industrial Chemicals,1642,50.0,425,SHIP_V_1959,31.84
SHIP_V_1694,sdv-id-jehuYX,Industrial Chemicals,762,50.0,1732,SHIP_V_1694,14.24
SHIP_V_1806,sdv-id-xnnxeu,Raw Jute,1689,5.0,1195,SHIP_V_1806,336.8
SHIP_V_1500,sdv-id-NhMNlR,Industrial Chemicals,951,50.0,426,SHIP_V_1500,18.02
SHIP_V_1263,sdv-id-dIjZeZ,Smartphones,1146,300.0,512,SHIP_V_1263,2.82
SHIP_V_1243,sdv-id-ZQgIfq,Smartphones,353,300.0,480,SHIP_V_1243,0.1766666666666666
SHIP_V_1312,sdv-id-YbtvMD,Raw Jute,755,5.0,1498,SHIP_V_1312,150.0
SHIP_V_1900,sdv-id-AlQTFx,Raw Jute,157,5.0,446,SHIP_V_1900,30.4
SHIP_V_1504,sdv-id-maiVfq,Industrial Chemicals,1112,50.0,544,SHIP_V_1504,21.24
SHIP_V_1859,sdv-id-WGJOpL,Industrial Chemicals,125,50.0,257,SHIP_V_1859,1.5
SHIP_V_1906,sdv-id-yDJSgR,Raw Jute,629,5.0,462,SHIP_V_1906,124.8
SHIP_V_1100,sdv-id-ofPSAW,Industrial Chemicals,710,50.0,1735,SHIP_V_1100,13.2
SHIP_V_1513,sdv-id-gqATmA,Ready-made Garments,958,8.5,1348,SHIP_V_1513,111.70588235294116
SHIP_V_1414,sdv-id-oBGgDR,Solar Panels,1544,120.0,1508,SHIP_V_1414,11.866666666666667
SHIP_V_1206,sdv-id-dHzlwB,Industrial Chemicals,534,50.0,1198,SHIP_V_1206,9.68
SHIP_V_1459,sdv-id-fllEaz,Ready-made Garments,678,8.5,1283,SHIP_V_1459,78.76470588235294
SHIP_V_1715,sdv-id-nEYqlX,Industrial Chemicals,836,50.0,541,SHIP_V_1715,15.72
SHIP_V_1727,sdv-id-RJYnkp,Solar Panels,1170,120.0,273,SHIP_V_1727,8.75
SHIP_V_1085,sdv-id-GWeMRt,Ready-made Garments,312,8.5,922,SHIP_V_1085,35.705882352941174
SHIP_V_1748,sdv-id-axwmNN,Raw Jute,2325,5.0,450,SHIP_V_1748,464.0
SHIP_V_1875,sdv-id-wpCiOP,Industrial Chemicals,187,50.0,1019,SHIP_V_1875,2.74
SHIP_V_1586,sdv-id-kdPluK,Industrial Chemicals,1799,50.0,927,SHIP_V_1586,34.98
SHIP_V_1229,sdv-id-gWcwer,Raw Jute,554,5.0,461,SHIP_V_1229,109.8
SHIP_V_1101,sdv-id-egixot,Raw Jute,452,5.0,1947,SHIP_V_1101,89.4
SHIP_V_1184,sdv-id-HelOUe,Solar Panels,786,120.0,966,SHIP_V_1184,5.55
SHIP_V_1145,sdv-id-mdwcSq,Smartphones,407,300.0,1739,SHIP_V_1145,0.3566666666666667
SHIP_V_1694,sdv-id-tdqDgg,Industrial Chemicals,401,50.0,696,SHIP_V_1694,7.02
SHIP_V_1988,sdv-id-SXvdoF,Ready-made Garments,1208,8.5,1584,SHIP_V_1988,141.11764705882354
SHIP_V_1998,sdv-id-KJHpTL,Ready-made Garments,319,8.5,1163,SHIP_V_1998,36.52941176470589
SHIP_V_1059,sdv-id-jyjSSa,Industrial Chemicals,1984,50.0,1059,SHIP_V_1059,38.68
SHIP_V_1203,sdv-id-zBnEJw,Solar Panels,766,120.0,920,SHIP_V_1203,5.383333333333334
SHIP_V_1451,sdv-id-qROWPS,Ready-made Garments,894,8.5,1472,SHIP_V_1451,104.17647058823528
SHIP_V_1690,sdv-id-AgiqCL,Ready-made Garments,596,8.5,118,SHIP_V_1690,69.11764705882354
SHIP_V_1953,sdv-id-oFeRaa,Solar Panels,166,120.0,258,SHIP_V_1953,0.3833333333333333
SHIP_V_1964,sdv-id-yBTBbd,Ready-made Garments,1080,8.5,646,SHIP_V_1964,126.05882352941175
SHIP_V_1599,sdv-id-oVrcyC,Raw Jute,295,5.0,1948,SHIP_V_1599,58.0
SHIP_V_1168,sdv-id-UtgITZ,Smartphones,1084,300.0,467,SHIP_V_1168,2.6133333333333333
SHIP_V_1753,sdv-id-nDANLa,Smartphones,1047,300.0,1827,SHIP_V_1753,2.49
SHIP_V_1831,sdv-id-WxHNBc,Industrial Chemicals,220,50.0,624,SHIP_V_1831,3.4
SHIP_V_1197,sdv-id-pFJLOI,Raw Jute,258,5.0,1034,SHIP_V_1197,50.6
SHIP_V_1044,sdv-id-yHstkJ,Raw Jute,533,5.0,382,SHIP_V_1044,105.6
SHIP_V_1838,sdv-id-PEcgaB,Solar Panels,1272,120.0,1759,SHIP_V_1838,9.6
SHIP_V_1262,sdv-id-GidcpT,Solar Panels,500,120.0,947,SHIP_V_1262,3.1666666666666665
SHIP_V_1493,sdv-id-gXSzQD,Smartphones,815,300.0,812,SHIP_V_1493,1.7166666666666666
SHIP_V_1840,sdv-id-XFXOzV,Industrial Chemicals,1480,50.0,851,SHIP_V_1840,28.6
SHIP_V_1203,sdv-id-PuPZeY,Industrial Chemicals,464,50.0,1986,SHIP_V_1203,8.28
SHIP_V_1322,sdv-id-HIIRNy,Industrial Chemicals,361,50.0,109,SHIP_V_1322,6.22
SHIP_V_1608,sdv-id-uyZsVD,Raw Jute,2339,5.0,773,SHIP_V_1608,466.8
SHIP_V_1109,sdv-id-XOEGrd,Industrial Chemicals,220,50.0,1092,SHIP_V_1109,3.4
SHIP_V_1072,sdv-id-nSpiAa,Ready-made Garments,461,8.5,1145,SHIP_V_1072,53.23529411764706
SHIP_V_1123,sdv-id-lfoCAN,Smartphones,1236,300.0,671,SHIP_V_1123,3.12
SHIP_V_1300,sdv-id-VtdRuz,Industrial Chemicals,274,50.0,1972,SHIP_V_1300,4.48
SHIP_V_1260,sdv-id-WYszRD,Ready-made Garments,897,8.5,483,SHIP_V_1260,104.52941176470588
SHIP_V_1822,sdv-id-mblUtw,Raw Jute,174,5.0,1269,SHIP_V_1822,33.8
SHIP_V_1976,sdv-id-YwROqC,Industrial Chemicals,1179,50.0,1799,SHIP_V_1976,22.58
SHIP_V_1538,sdv-id-JlfWxb,Raw Jute,1191,5.0,1748,SHIP_V_1538,237.2
SHIP_V_1140,sdv-id-kfSqbR,Ready-made Garments,322,8.5,275,SHIP_V_1140,36.88235294117647
SHIP_V_1932,sdv-id-pIOKKu,Industrial Chemicals,1239,50.0,1916,SHIP_V_1932,23.78
SHIP_V_1270,sdv-id-ZUWpwG,Solar Panels,761,120.0,642,SHIP_V_1270,5.341666666666667
SHIP_V_1210,sdv-id-EsbsDr,Smartphones,2326,300.0,526,SHIP_V_1210,6.753333333333333
SHIP_V_1580,sdv-id-MGbNeS,Industrial Chemicals,650,50.0,441,SHIP_V_1580,12.0
SHIP_V_1071,sdv-id-wCAXRi,Smartphones,673,300.0,1419,SHIP_V_1071,1.2433333333333334
SHIP_V_1418,sdv-id-yFcFUi,Raw Jute,745,5.0,1852,SHIP_V_1418,148.0
SHIP_V_1239,sdv-id-SPZDSq,Smartphones,2412,300.0,440,SHIP_V_1239,7.04
SHIP_V_1419,sdv-id-oItvEi,Smartphones,273,300.0,522,SHIP_V_1419,-0.09
SHIP_V_1492,sdv-id-QHkmKH,Ready-made Garments,1691,8.5,282,SHIP_V_1492,197.94117647058823
SHIP_V_1758,sdv-id-ZekOsE,Solar Panels,11,120.0,1538,SHIP_V_1758,-0.9083333333333332
SHIP_V_1645,sdv-id-ehNbtM,Industrial Chemicals,236,50.0,605,SHIP_V_1645,3.72
SHIP_V_1521,sdv-id-nJwCut,Raw Jute,2091,5.0,436,SHIP_V_1521,417.2
SHIP_V_1673,sdv-id-aifsDB,Smartphones,131,300.0,447,SHIP_V_1673,-0.5633333333333334
SHIP_V_1475,sdv-id-LRpRdG,Industrial Chemicals,381,50.0,380,SHIP_V_1475,6.62
SHIP_V_1957,sdv-id-lfNMyY,Ready-made Garments,386,8.5,1839,SHIP_V_1957,44.411764705882355
SHIP_V_1322,sdv-id-ufyjZy,Raw Jute,1143,5.0,433,SHIP_V_1322,227.6
SHIP_V_1319,sdv-id-cgzgcF,Ready-made Garments,937,8.5,991,SHIP_V_1319,109.23529411764706
SHIP_V_1247,sdv-id-wcrKiO,Ready-made Garments,2771,8.5,582,SHIP_V_1247,325.0
SHIP_V_1927,sdv-id-WLYxnG,Smartphones,290,300.0,566,SHIP_V_1927,-0.0333333333333333
SHIP_V_1202,sdv-id-VgSUNI,Industrial Chemicals,336,50.0,1586,SHIP_V_1202,5.72
SHIP_V_1412,sdv-id-ldrloJ,Smartphones,296,300.0,1252,SHIP_V_1412,-0.0133333333333333
SHIP_V_1486,sdv-id-iIeKgk,Ready-made Garments,760,8.5,1451,SHIP_V_1486,88.41176470588235
SHIP_V_1708,sdv-id-rLXwCy,Solar Panels,277,120.0,1258,SHIP_V_1708,1.3083333333333331
SHIP_V_1403,sdv-id-kTAjhn,Raw Jute,1888,5.0,1438,SHIP_V_1403,376.6
SHIP_V_1653,sdv-id-vRBkgq,Raw Jute,338,5.0,1896,SHIP_V_1653,66.6
SHIP_V_1203,sdv-id-ngvlys,Smartphones,522,300.0,129,SHIP_V_1203,0.74
SHIP_V_1328,sdv-id-xeQKJz,Industrial Chemicals,666,50.0,1701,SHIP_V_1328,12.32
SHIP_V_1011,sdv-id-vphVLA,Solar Panels,173,120.0,380,SHIP_V_1011,0.4416666666666666
SHIP_V_1402,sdv-id-EFUgfw,Ready-made Garments,383,8.5,1616,SHIP_V_1402,44.05882352941177
SHIP_V_1707,sdv-id-TdGhDd,Industrial Chemicals,73,50.0,1699,SHIP_V_1707,0.46
SHIP_V_1454,sdv-id-yIzJPL,Ready-made Garments,832,8.5,1776,SHIP_V_1454,96.88235294117646
SHIP_V_1451,sdv-id-Kqbkkw,Industrial Chemicals,1186,50.0,806,SHIP_V_1451,22.72
SHIP_V_1903,sdv-id-klQeiG,Raw Jute,183,5.0,1104,SHIP_V_1903,35.6
SHIP_V_1382,sdv-id-WZbsIN,Solar Panels,223,120.0,127,SHIP_V_1382,0.8583333333333333
SHIP_V_1548,sdv-id-QQhOLy,Solar Panels,27,120.0,1770,SHIP_V_1548,-0.775
SHIP_V_1227,sdv-id-ZcloZp,Ready-made Garments,770,8.5,1634,SHIP_V_1227,89.58823529411765
SHIP_V_1695,sdv-id-Bxjsht,Industrial Chemicals,1220,50.0,406,SHIP_V_1695,23.4
SHIP_V_1691,sdv-id-JJkQWB,Industrial Chemicals,1029,50.0,571,SHIP_V_1691,19.58
SHIP_V_1665,sdv-id-iiDKiL,Ready-made Garments,98,8.5,901,SHIP_V_1665,10.529411764705882
SHIP_V_1947,sdv-id-vluDzW,Ready-made Garments,390,8.5,1265,SHIP_V_1947,44.88235294117647
SHIP_V_1079,sdv-id-kKmwjp,Smartphones,298,300.0,1960,SHIP_V_1079,-0.0066666666666666
SHIP_V_1868,sdv-id-fxGXha,Raw Jute,1633,5.0,1264,SHIP_V_1868,325.6
SHIP_V_1636,sdv-id-FVewuT,Smartphones,1500,300.0,1709,SHIP_V_1636,4.0
SHIP_V_1408,sdv-id-JrBSIT,Ready-made Garments,398,8.5,852,SHIP_V_1408,45.8235294117647
SHIP_V_1605,sdv-id-rZykec,Raw Jute,1468,5.0,308,SHIP_V_1605,292.6
SHIP_V_1576,sdv-id-ueJBQc,Raw Jute,642,5.0,513,SHIP_V_1576,127.4
SHIP_V_1125,sdv-id-yVrFRj,Raw Jute,222,5.0,1765,SHIP_V_1125,43.4
SHIP_V_1438,sdv-id-nvOyOI,Ready-made Garments,67,8.5,1780,SHIP_V_1438,6.882352941176471
SHIP_V_1074,sdv-id-OODEVO,Smartphones,791,300.0,425,SHIP_V_1074,1.6366666666666667
SHIP_V_1301,sdv-id-yiIuWH,Solar Panels,448,120.0,859,SHIP_V_1301,2.7333333333333334
SHIP_V_1173,sdv-id-tqPoJg,Ready-made Garments,79,8.5,435,SHIP_V_1173,8.294117647058824
SHIP_V_1619,sdv-id-mFBGYr,Industrial Chemicals,1158,50.0,1278,SHIP_V_1619,22.16
SHIP_V_1257,sdv-id-yRnQNL,Smartphones,401,300.0,1905,SHIP_V_1257,0.3366666666666666
SHIP_V_1829,sdv-id-NMiILH,Ready-made Garments,553,8.5,409,SHIP_V_1829,64.05882352941177
SHIP_V_1962,sdv-id-coNSLD,Solar Panels,463,120.0,808,SHIP_V_1962,2.8583333333333334
SHIP_V_1797,sdv-id-efHjhU,Industrial Chemicals,401,50.0,1619,SHIP_V_1797,7.02
SHIP_V_1029,sdv-id-HuVwIu,Smartphones,731,300.0,1661,SHIP_V_1029,1.4366666666666668
SHIP_V_1495,sdv-id-OAASxe,Raw Jute,1260,5.0,1706,SHIP_V_1495,251.0
SHIP_V_1579,sdv-id-yLGzlK,Smartphones,171,300.0,760,SHIP_V_1579,-0.43
SHIP_V_1504,sdv-id-ddGdsl,Ready-made Garments,342,8.5,1680,SHIP_V_1504,39.23529411764706
SHIP_V_1619,sdv-id-plaCVm,Ready-made Garments,422,8.5,1084,SHIP_V_1619,48.64705882352941
SHIP_V_1760,sdv-id-WpRkHS,Raw Jute,996,5.0,1255,SHIP_V_1760,198.2
SHIP_V_1504,sdv-id-IezuGH,Ready-made Garments,1499,8.5,626,SHIP_V_1504,175.35294117647058
SHIP_V_1077,sdv-id-FZMqYu,Smartphones,1770,300.0,833,SHIP_V_1077,4.9
SHIP_V_1764,sdv-id-Qrkmvl,Smartphones,1319,300.0,1996,SHIP_V_1764,3.3966666666666665
SHIP_V_1988,sdv-id-ybCIZw,Ready-made Garments,22,8.5,1646,SHIP_V_1988,1.588235294117647
SHIP_V_1561,sdv-id-pUDNXG,Solar Panels,25,120.0,971,SHIP_V_1561,-0.7916666666666666
SHIP_V_1971,sdv-id-RqLgGK,Solar Panels,1046,120.0,761,SHIP_V_1971,7.716666666666667
SHIP_V_1428,sdv-id-SyaQrk,Ready-made Garments,1399,8.5,822,SHIP_V_1428,163.58823529411765
SHIP_V_1733,sdv-id-FllTRI,Ready-made Garments,560,8.5,232,SHIP_V_1733,64.88235294117646
SHIP_V_1203,sdv-id-CqyabJ,Smartphones,695,300.0,1701,SHIP_V_1203,1.3166666666666669
SHIP_V_1367,sdv-id-oVpYsQ,Raw Jute,57,5.0,1197,SHIP_V_1367,10.4
SHIP_V_1668,sdv-id-PSURlb,Ready-made Garments,904,8.5,1728,SHIP_V_1668,105.3529411764706
SHIP_V_1113,sdv-id-vsjmLb,Raw Jute,1119,5.0,544,SHIP_V_1113,222.8
SHIP_V_1055,sdv-id-uLPZJF,Raw Jute,349,5.0,1204,SHIP_V_1055,68.8
SHIP_V_1694,sdv-id-AlKBHO,Solar Panels,472,120.0,1228,SHIP_V_1694,2.933333333333333
SHIP_V_1176,sdv-id-iVZkqK,Industrial Chemicals,649,50.0,964,SHIP_V_1176,11.98
SHIP_V_1103,sdv-id-xBOmCZ,Smartphones,972,300.0,1725,SHIP_V_1103,2.24
SHIP_V_1538,sdv-id-KKxXjT,Industrial Chemicals,1054,50.0,677,SHIP_V_1538,20.08
SHIP_V_1791,sdv-id-xLFIJr,Smartphones,811,300.0,1472,SHIP_V_1791,1.7033333333333334
SHIP_V_1517,sdv-id-tdGywT,Industrial Chemicals,540,50.0,860,SHIP_V_1517,9.8
SHIP_V_1769,sdv-id-nyeqRo,Ready-made Garments,1091,8.5,1054,SHIP_V_1769,127.3529411764706
SHIP_V_1167,sdv-id-CVDYOc,Industrial Chemicals,133,50.0,1194,SHIP_V_1167,1.66
SHIP_V_1308,sdv-id-vsLpUI,Raw Jute,654,5.0,981,SHIP_V_1308,129.8
SHIP_V_1403,sdv-id-GaYfxH,Raw Jute,990,5.0,1484,SHIP_V_1403,197.0
SHIP_V_1400,sdv-id-JWwMuq,Smartphones,1177,300.0,498,SHIP_V_1400,2.9233333333333333
SHIP_V_1027,sdv-id-cUhxvm,Ready-made Garments,107,8.5,706,SHIP_V_1027,11.588235294117649
SHIP_V_1254,sdv-id-bkQWyg,Industrial Chemicals,533,50.0,1138,SHIP_V_1254,9.66
SHIP_V_1459,sdv-id-MMGxuL,Industrial Chemicals,386,50.0,1158,SHIP_V_1459,6.72
SHIP_V_1632,sdv-id-yDZJUG,Smartphones,480,300.0,1638,SHIP_V_1632,0.6
SHIP_V_1587,sdv-id-RUfeae,Smartphones,545,300.0,260,SHIP_V_1587,0.8166666666666667
SHIP_V_1115,sdv-id-jCQLAM,Industrial Chemicals,356,50.0,830,SHIP_V_1115,6.12
SHIP_V_1955,sdv-id-TTFbTC,Smartphones,481,300.0,1074,SHIP_V_1955,0.6033333333333334
SHIP_V_1983,sdv-id-zKywPu,Raw Jute,354,5.0,888,SHIP_V_1983,69.8
SHIP_V_1893,sdv-id-IYyjIA,Smartphones,575,300.0,1861,SHIP_V_1893,0.9166666666666666
SHIP_V_1021,sdv-id-XeHNzK,Smartphones,1701,300.0,127,SHIP_V_1021,4.67
SHIP_V_1063,sdv-id-vnnFhQ,Industrial Chemicals,212,50.0,351,SHIP_V_1063,3.24
SHIP_V_1687,sdv-id-lnxBMZ,Industrial Chemicals,1336,50.0,213,SHIP_V_1687,25.72
SHIP_V_1645,sdv-id-rzctZk,Ready-made Garments,162,8.5,541,SHIP_V_1645,18.058823529411764
SHIP_V_1932,sdv-id-cFSLPc,Smartphones,406,300.0,515,SHIP_V_1932,0.3533333333333333
SHIP_V_1365,sdv-id-gknMTR,Raw Jute,52,5.0,711,SHIP_V_1365,9.4
SHIP_V_1695,sdv-id-JSfNGH,Raw Jute,173,5.0,186,SHIP_V_1695,33.6
SHIP_V_1416,sdv-id-kxZdsW,Solar Panels,993,120.0,1050,SHIP_V_1416,7.275
SHIP_V_1102,sdv-id-wzuXed,Smartphones,1040,300.0,1450,SHIP_V_1102,2.466666666666667
SHIP_V_1587,sdv-id-bLyYja,Solar Panels,1094,120.0,258,SHIP_V_1587,8.116666666666667
SHIP_V_1540,sdv-id-vjhmhR,Solar Panels,594,120.0,252,SHIP_V_1540,3.95
SHIP_V_1616,sdv-id-lHMixH,Industrial Chemicals,767,50.0,656,SHIP_V_1616,14.34
SHIP_V_1379,sdv-id-uYfaxK,Smartphones,476,300.0,932,SHIP_V_1379,0.5866666666666667
SHIP_V_1901,sdv-id-OXREbB,Smartphones,1251,300.0,1097,SHIP_V_1901,3.17
SHIP_V_1264,sdv-id-yHiele,Smartphones,895,300.0,1418,SHIP_V_1264,1.9833333333333336
SHIP_V_1489,sdv-id-XMDWga,Solar Panels,187,120.0,1664,SHIP_V_1489,0.5583333333333333
SHIP_V_1805,sdv-id-LZtVRe,Ready-made Garments,726,8.5,1378,SHIP_V_1805,84.41176470588235
SHIP_V_1026,sdv-id-SysFUP,Solar Panels,451,120.0,1250,SHIP_V_1026,2.7583333333333333
SHIP_V_1382,sdv-id-EuAPpG,Ready-made Garments,340,8.5,887,SHIP_V_1382,39.0
SHIP_V_1444,sdv-id-DuigTp,Solar Panels,1736,120.0,640,SHIP_V_1444,13.466666666666669
SHIP_V_1244,sdv-id-LfzUSH,Smartphones,1256,300.0,885,SHIP_V_1244,3.1866666666666665
SHIP_V_1243,sdv-id-tNnKlT,Ready-made Garments,738,8.5,1724,SHIP_V_1243,85.82352941176471
SHIP_V_1743,sdv-id-NEKnXk,Ready-made Garments,211,8.5,1233,SHIP_V_1743,23.823529411764707
SHIP_V_1304,sdv-id-UWOVBP,Industrial Chemicals,1532,50.0,105,SHIP_V_1304,29.64
SHIP_V_1913,sdv-id-gPAwFp,Smartphones,29,300.0,1225,SHIP_V_1913,-0.9033333333333332
SHIP_V_1851,sdv-id-fAdWhT,Solar Panels,284,120.0,699,SHIP_V_1851,1.3666666666666667
SHIP_V_1100,sdv-id-pdvRyR,Smartphones,90,300.0,1758,SHIP_V_1100,-0.7
SHIP_V_1890,sdv-id-GkOKMw,Smartphones,1001,300.0,1172,SHIP_V_1890,2.3366666666666664
SHIP_V_1563,sdv-id-wpGUEf,Raw Jute,1280,5.0,155,SHIP_V_1563,255.0
SHIP_V_1734,sdv-id-lTuZlv,Industrial Chemicals,131,50.0,498,SHIP_V_1734,1.62
SHIP_V_1169,sdv-id-FnAVSU,Raw Jute,799,5.0,1490,SHIP_V_1169,158.8
SHIP_V_1407,sdv-id-QElUOD,Ready-made Garments,1123,8.5,1795,SHIP_V_1407,131.11764705882354
SHIP_V_1564,sdv-id-zPLPaB,Smartphones,776,300.0,1729,SHIP_V_1564,1.586666666666667
SHIP_V_1034,sdv-id-FxbOzC,Ready-made Garments,266,8.5,1179,SHIP_V_1034,30.294117647058822
SHIP_V_1521,sdv-id-FtcJAD,Industrial Chemicals,987,50.0,969,SHIP_V_1521,18.74
SHIP_V_1258,sdv-id-JmTqbR,Solar Panels,154,120.0,1097,SHIP_V_1258,0.2833333333333333
SHIP_V_1467,sdv-id-qtIxLm,Smartphones,115,300.0,885,SHIP_V_1467,-0.6166666666666667
SHIP_V_1473,sdv-id-TTRuLT,Ready-made Garments,449,8.5,330,SHIP_V_1473,51.8235294117647
SHIP_V_1778,sdv-id-PZlACO,Solar Panels,745,120.0,513,SHIP_V_1778,5.208333333333333
SHIP_V_1437,sdv-id-UdeiPj,Raw Jute,1111,5.0,1190,SHIP_V_1437,221.2
SHIP_V_1992,sdv-id-FHeopV,Smartphones,385,300.0,993,SHIP_V_1992,0.2833333333333333
SHIP_V_1780,sdv-id-iNaTqH,Smartphones,890,300.0,1470,SHIP_V_1780,1.9666666666666663
SHIP_V_1334,sdv-id-ELSKhK,Ready-made Garments,608,8.5,1017,SHIP_V_1334,70.52941176470588
SHIP_V_1527,sdv-id-TEYLPl,Solar Panels,571,120.0,1806,SHIP_V_1527,3.7583333333333337
SHIP_V_1114,sdv-id-xGKsSW,Ready-made Garments,220,8.5,1992,SHIP_V_1114,24.88235294117647
SHIP_V_1283,sdv-id-FqkYAQ,Smartphones,1202,300.0,1167,SHIP_V_1283,3.006666666666667
SHIP_V_1433,sdv-id-UnqbiM,Smartphones,596,300.0,872,SHIP_V_1433,0.9866666666666668
SHIP_V_1378,sdv-id-BPelMP,Smartphones,525,300.0,1228,SHIP_V_1378,0.75
SHIP_V_1823,sdv-id-oLOvWc,Solar Panels,708,120.0,1109,SHIP_V_1823,4.9
SHIP_V_1544,sdv-id-TeRaye,Raw Jute,848,5.0,1341,SHIP_V_1544,168.6
SHIP_V_1275,sdv-id-iFRMOp,Industrial Chemicals,196,50.0,535,SHIP_V_1275,2.92
SHIP_V_1632,sdv-id-kPAAhX,Smartphones,1869,300.0,993,SHIP_V_1632,5.23
SHIP_V_1816,sdv-id-BkMXuz,Industrial Chemicals,475,50.0,1259,SHIP_V_1816,8.5
SHIP_V_1607,sdv-id-FlOxyu,Smartphones,400,300.0,1928,SHIP_V_1607,0.3333333333333333
SHIP_V_1721,sdv-id-itjtwg,Industrial Chemicals,989,50.0,1206,SHIP_V_1721,18.78
SHIP_V_1638,sdv-id-VSErWM,Ready-made Garments,664,8.5,1140,SHIP_V_1638,77.11764705882354
SHIP_V_1035,sdv-id-EwCDEt,Solar Panels,21,120.0,1953,SHIP_V_1035,-0.825
SHIP_V_1834,sdv-id-kzwXRT,Solar Panels,369,120.0,514,SHIP_V_1834,2.075
SHIP_V_1492,sdv-id-CdGDGJ,Solar Panels,1016,120.0,1208,SHIP_V_1492,7.466666666666667
SHIP_V_1075,sdv-id-QOqJJV,Industrial Chemicals,1667,50.0,246,SHIP_V_1075,32.34
SHIP_V_1449,sdv-id-szdVPa,Smartphones,942,300.0,897,SHIP_V_1449,2.14
SHIP_V_1358,sdv-id-bWBVKV,Ready-made Garments,755,8.5,687,SHIP_V_1358,87.82352941176471
SHIP_V_1574,sdv-id-NxjcRM,Raw Jute,1486,5.0,1472,SHIP_V_1574,296.2
SHIP_V_1603,sdv-id-hQweTJ,Raw Jute,1189,5.0,1025,SHIP_V_1603,236.8
SHIP_V_1659,sdv-id-AdDbtx,Ready-made Garments,312,8.5,242,SHIP_V_1659,35.705882352941174
SHIP_V_1319,sdv-id-MskpVA,Raw Jute,450,5.0,1156,SHIP_V_1319,89.0
SHIP_V_1705,sdv-id-vIaxXS,Solar Panels,1012,120.0,1746,SHIP_V_1705,7.433333333333334
SHIP_V_1800,sdv-id-HlsCoZ,Smartphones,1235,300.0,1156,SHIP_V_1800,3.1166666666666667
SHIP_V_1741,sdv-id-rVpGXf,Solar Panels,493,120.0,439,SHIP_V_1741,3.1083333333333334
SHIP_V_1938,sdv-id-MfEGcr,Raw Jute,629,5.0,376,SHIP_V_1938,124.8
SHIP_V_1824,sdv-id-AzzKmD,Raw Jute,276,5.0,484,SHIP_V_1824,54.2
SHIP_V_1718,sdv-id-lcROeI,Industrial Chemicals,1493,50.0,136,SHIP_V_1718,28.86
SHIP_V_1419,sdv-id-PyEUEr,Smartphones,14,300.0,1166,SHIP_V_1419,-0.9533333333333334
SHIP_V_1031,sdv-id-bUnNsH,Smartphones,255,300.0,1508,SHIP_V_1031,-0.15
SHIP_V_1637,sdv-id-gurXdG,Solar Panels,282,120.0,337,SHIP_V_1637,1.35
SHIP_V_1959,sdv-id-dVRHCN,Solar Panels,159,120.0,1423,SHIP_V_1959,0.325
SHIP_V_1717,sdv-id-DRTkxE,Industrial Chemicals,1382,50.0,344,SHIP_V_1717,26.64
SHIP_V_1787,sdv-id-odLvfm,Raw Jute,580,5.0,1056,SHIP_V_1787,115.0
SHIP_V_1176,sdv-id-ueNigB,Ready-made Garments,350,8.5,1172,SHIP_V_1176,40.1764705882353
SHIP_V_1801,sdv-id-FnkRUO,Ready-made Garments,190,8.5,1791,SHIP_V_1801,21.352941176470587
SHIP_V_1853,sdv-id-HANMdt,Raw Jute,191,5.0,1644,SHIP_V_1853,37.2
SHIP_V_1918,sdv-id-phHxjO,Industrial Chemicals,948,50.0,603,SHIP_V_1918,17.96
SHIP_V_1629,sdv-id-aywWIF,Raw Jute,294,5.0,850,SHIP_V_1629,57.8
SHIP_V_1859,sdv-id-QwxkAa,Industrial Chemicals,1876,50.0,756,SHIP_V_1859,36.52
SHIP_V_1939,sdv-id-RUUFMK,Ready-made Garments,585,8.5,971,SHIP_V_1939,67.82352941176471
SHIP_V_1930,sdv-id-uYhWVO,Smartphones,823,300.0,316,SHIP_V_1930,1.7433333333333334
SHIP_V_1022,sdv-id-wtUlxV,Smartphones,159,300.0,403,SHIP_V_1022,-0.47
SHIP_V_1383,sdv-id-qRXjHm,Ready-made Garments,1023,8.5,376,SHIP_V_1383,119.3529411764706
SHIP_V_1588,sdv-id-RPYeCh,Industrial Chemicals,992,50.0,1362,SHIP_V_1588,18.84
SHIP_V_1499,sdv-id-tbzDhl,Industrial Chemicals,2038,50.0,670,SHIP_V_1499,39.76
SHIP_V_1682,sdv-id-ftFwht,Raw Jute,868,5.0,1706,SHIP_V_1682,172.6
SHIP_V_1069,sdv-id-ReBTsY,Smartphones,350,300.0,1775,SHIP_V_1069,0.1666666666666666
SHIP_V_1617,sdv-id-DsgINU,Ready-made Garments,1568,8.5,1125,SHIP_V_1617,183.47058823529412
SHIP_V_1821,sdv-id-CEUnfB,Ready-made Garments,137,8.5,620,SHIP_V_1821,15.117647058823527
SHIP_V_1955,sdv-id-oHyRSq,Industrial Chemicals,1057,50.0,659,SHIP_V_1955,20.14
SHIP_V_1326,sdv-id-RPbzNO,Smartphones,478,300.0,1780,SHIP_V_1326,0.5933333333333334
SHIP_V_1018,sdv-id-bpTkPc,Smartphones,148,300.0,419,SHIP_V_1018,-0.5066666666666667
SHIP_V_1246,sdv-id-rMxZPC,Smartphones,135,300.0,1806,SHIP_V_1246,-0.55
SHIP_V_1492,sdv-id-ZbcLBH,Solar Panels,1114,120.0,1113,SHIP_V_1492,8.283333333333333
SHIP_V_1871,sdv-id-fZFTfq,Ready-made Garments,1249,8.5,1772,SHIP_V_1871,145.94117647058823
SHIP_V_1650,sdv-id-YebDUM,Smartphones,929,300.0,699,SHIP_V_1650,2.0966666666666667
SHIP_V_1795,sdv-id-dSQdsm,Solar Panels,13,120.0,1342,SHIP_V_1795,-0.8916666666666667
SHIP_V_1170,sdv-id-lKkqfI,Industrial Chemicals,1917,50.0,1748,SHIP_V_1170,37.34
SHIP_V_1174,sdv-id-KMarqF,Smartphones,927,300.0,1804,SHIP_V_1174,2.09
SHIP_V_1319,sdv-id-Unkbxm,Smartphones,136,300.0,503,SHIP_V_1319,-0.5466666666666666
SHIP_V_1355,sdv-id-lDGlxo,Raw Jute,858,5.0,313,SHIP_V_1355,170.6
SHIP_V_1799,sdv-id-TMXXHv,Raw Jute,2158,5.0,1697,SHIP_V_1799,430.6
SHIP_V_1337,sdv-id-HIQSLk,Smartphones,2050,300.0,350,SHIP_V_1337,5.833333333333333
SHIP_V_1132,sdv-id-aFfBav,Industrial Chemicals,1250,50.0,257,SHIP_V_1132,24.0
SHIP_V_1109,sdv-id-tzHjKx,Solar Panels,651,120.0,581,SHIP_V_1109,4.425
SHIP_V_1991,sdv-id-SgLsak,Ready-made Garments,655,8.5,1322,SHIP_V_1991,76.05882352941177
SHIP_V_1325,sdv-id-vLnPBW,Raw Jute,55,5.0,1654,SHIP_V_1325,10.0
SHIP_V_1847,sdv-id-PqBTAS,Solar Panels,627,120.0,1241,SHIP_V_1847,4.225
SHIP_V_1688,sdv-id-GCqPSh,Smartphones,120,300.0,1251,SHIP_V_1688,-0.6
SHIP_V_1508,sdv-id-bsXdUJ,Smartphones,880,300.0,1563,SHIP_V_1508,1.9333333333333331
SHIP_V_1831,sdv-id-IcTAwW,Smartphones,1214,300.0,1157,SHIP_V_1831,3.046666666666667
SHIP_V_1290,sdv-id-NQlAQh,Solar Panels,241,120.0,1207,SHIP_V_1290,1.0083333333333333
SHIP_V_1574,sdv-id-XhdiiU,Ready-made Garments,978,8.5,661,SHIP_V_1574,114.05882352941175
SHIP_V_1828,sdv-id-TwWKSx,Solar Panels,1356,120.0,230,SHIP_V_1828,10.3
SHIP_V_1043,sdv-id-fhussf,Ready-made Garments,838,8.5,1341,SHIP_V_1043,97.58823529411764
SHIP_V_1788,sdv-id-ysFsHE,Raw Jute,712,5.0,906,SHIP_V_1788,141.4
SHIP_V_1541,sdv-id-NCQnSX,Raw Jute,588,5.0,1936,SHIP_V_1541,116.6
SHIP_V_1159,sdv-id-SxmQLa,Industrial Chemicals,1048,50.0,1055,SHIP_V_1159,19.96
SHIP_V_1476,sdv-id-evQeEb,Smartphones,1364,300.0,1222,SHIP_V_1476,3.546666666666667
SHIP_V_1928,sdv-id-gUoBwh,Ready-made Garments,1008,8.5,389,SHIP_V_1928,117.58823529411764
SHIP_V_1374,sdv-id-lsOOJh,Solar Panels,1052,120.0,1484,SHIP_V_1374,7.766666666666667
SHIP_V_1962,sdv-id-nzpZgN,Ready-made Garments,2096,8.5,339,SHIP_V_1962,245.58823529411765
SHIP_V_1068,sdv-id-tJoppK,Smartphones,125,300.0,1211,SHIP_V_1068,-0.5833333333333334
SHIP_V_1277,sdv-id-rmjqeR,Solar Panels,405,120.0,735,SHIP_V_1277,2.375
SHIP_V_1582,sdv-id-WFqckg,Raw Jute,8,5.0,572,SHIP_V_1582,0.6
SHIP_V_1966,sdv-id-niyyDp,Ready-made Garments,1494,8.5,542,SHIP_V_1966,174.76470588235293
SHIP_V_1908,sdv-id-XrCCqD,Smartphones,143,300.0,1750,SHIP_V_1908,-0.5233333333333333
SHIP_V_1746,sdv-id-MjqttM,Industrial Chemicals,601,50.0,1513,SHIP_V_1746,11.02
SHIP_V_1624,sdv-id-PJRDpf,Ready-made Garments,27,8.5,1533,SHIP_V_1624,2.176470588235294
SHIP_V_1924,sdv-id-ZLPXMF,Ready-made Garments,573,8.5,1833,SHIP_V_1924,66.41176470588235
SHIP_V_1063,sdv-id-dSXjcA,Raw Jute,1507,5.0,454,SHIP_V_1063,300.4
SHIP_V_1130,sdv-id-MgjGOT,Ready-made Garments,86,8.5,1552,SHIP_V_1130,9.117647058823527
SHIP_V_1592,sdv-id-oWIEHA,Industrial Chemicals,1597,50.0,526,SHIP_V_1592,30.94
SHIP_V_1092,sdv-id-gvWHbv,Ready-made Garments,107,8.5,1703,SHIP_V_1092,11.588235294117649
SHIP_V_1939,sdv-id-kpaEha,Smartphones,203,300.0,737,SHIP_V_1939,-0.3233333333333333
SHIP_V_1685,sdv-id-UmRusB,Smartphones,526,300.0,1317,SHIP_V_1685,0.7533333333333333
SHIP_V_1440,sdv-id-fAIYpE,Ready-made Garments,743,8.5,486,SHIP_V_1440,86.41176470588235
SHIP_V_1515,sdv-id-hbBSBn,Smartphones,854,300.0,961,SHIP_V_1515,1.846666666666667
SHIP_V_1389,sdv-id-IwZDzZ,Smartphones,533,300.0,603,SHIP_V_1389,0.7766666666666666
SHIP_V_1299,sdv-id-kDuuFZ,Raw Jute,721,5.0,1285,SHIP_V_1299,143.2
SHIP_V_1081,sdv-id-gouldx,Raw Jute,988,5.0,659,SHIP_V_1081,196.6
SHIP_V_1041,sdv-id-FKydmo,Raw Jute,102,5.0,1016,SHIP_V_1041,19.4
SHIP_V_1525,sdv-id-TslJNv,Raw Jute,447,5.0,1338,SHIP_V_1525,88.4
SHIP_V_1149,sdv-id-pBTmEL,Industrial Chemicals,1025,50.0,1843,SHIP_V_1149,19.5
SHIP_V_1743,sdv-id-USejrw,Smartphones,399,300.0,305,SHIP_V_1743,0.33
SHIP_V_1039,sdv-id-TbfEFS,Raw Jute,374,5.0,502,SHIP_V_1039,73.8
SHIP_V_1522,sdv-id-MzWRDG,Industrial Chemicals,975,50.0,524,SHIP_V_1522,18.5
SHIP_V_1966,sdv-id-uQAmrv,Smartphones,172,300.0,277,SHIP_V_1966,-0.4266666666666667
SHIP_V_1189,sdv-id-PbsXhS,Ready-made Garments,125,8.5,1907,SHIP_V_1189,13.705882352941176
SHIP_V_1850,sdv-id-qmwOjR,Raw Jute,480,5.0,1718,SHIP_V_1850,95.0
SHIP_V_1364,sdv-id-SYzVkk,Industrial Chemicals,295,50.0,761,SHIP_V_1364,4.9
SHIP_V_1944,sdv-id-GKaLXH,Raw Jute,1398,5.0,1072,SHIP_V_1944,278.6
SHIP_V_1045,sdv-id-SxvloZ,Industrial Chemicals,1508,50.0,569,SHIP_V_1045,29.16
SHIP_V_1918,sdv-id-ZeqIYK,Ready-made Garments,1173,8.5,1297,SHIP_V_1918,137.0
SHIP_V_1485,sdv-id-daHctd,Smartphones,212,300.0,1763,SHIP_V_1485,-0.2933333333333333
SHIP_V_1916,sdv-id-BYcgQS,Smartphones,1206,300.0,177,SHIP_V_1916,3.02
SHIP_V_1481,sdv-id-dcXxqO,Ready-made Garments,204,8.5,941,SHIP_V_1481,23.0
SHIP_V_1155,sdv-id-VeVWIi,Ready-made Garments,703,8.5,777,SHIP_V_1155,81.70588235294117
SHIP_V_1820,sdv-id-zYtxuO,Smartphones,862,300.0,1644,SHIP_V_1820,1.8733333333333333
SHIP_V_1527,sdv-id-ktXogN,Smartphones,436,300.0,1573,SHIP_V_1527,0.4533333333333333
SHIP_V_1248,sdv-id-tYOZvg,Industrial Chemicals,168,50.0,860,SHIP_V_1248,2.36
SHIP_V_1677,sdv-id-XCquvH,Industrial Chemicals,1738,50.0,1000,SHIP_V_1677,33.76
SHIP_V_1025,sdv-id-wDEQJh,Solar Panels,1076,120.0,193,SHIP_V_1025,7.966666666666667
SHIP_V_1706,sdv-id-yilRJP,Solar Panels,451,120.0,1816,SHIP_V_1706,2.7583333333333333
SHIP_V_1287,sdv-id-HkLhkm,Industrial Chemicals,426,50.0,1900,SHIP_V_1287,7.52
SHIP_V_1509,sdv-id-JeJhKo,Raw Jute,1310,5.0,201,SHIP_V_1509,261.0
SHIP_V_1182,sdv-id-PIznHE,Smartphones,614,300.0,706,SHIP_V_1182,1.0466666666666666
SHIP_V_1310,sdv-id-QQZxex,Industrial Chemicals,969,50.0,890,SHIP_V_1310,18.38
SHIP_V_1654,sdv-id-YlzdgK,Ready-made Garments,930,8.5,1327,SHIP_V_1654,108.41176470588236
SHIP_V_1517,sdv-id-ZdngFb,Solar Panels,17,120.0,851,SHIP_V_1517,-0.8583333333333333
SHIP_V_1214,sdv-id-BhctGw,Industrial Chemicals,84,50.0,1986,SHIP_V_1214,0.68
SHIP_V_1864,sdv-id-sHnFJI,Industrial Chemicals,2105,50.0,517,SHIP_V_1864,41.1
SHIP_V_1410,sdv-id-qoeUar,Solar Panels,1003,120.0,1146,SHIP_V_1410,7.358333333333333
SHIP_V_1145,sdv-id-PdYEhn,Smartphones,381,300.0,150,SHIP_V_1145,0.27
SHIP_V_1841,sdv-id-dyItYi,Raw Jute,340,5.0,1262,SHIP_V_1841,67.0
SHIP_V_1469,sdv-id-pYEcMN,Industrial Chemicals,370,50.0,1845,SHIP_V_1469,6.4
SHIP_V_1772,sdv-id-PekGdX,Smartphones,187,300.0,1638,SHIP_V_1772,-0.3766666666666666
SHIP_V_1906,sdv-id-kvuDWJ,Smartphones,994,300.0,1298,SHIP_V_1906,2.3133333333333335
SHIP_V_1948,sdv-id-cSKFix,Smartphones,561,300.0,1666,SHIP_V_1948,0.87
SHIP_V_1649,sdv-id-bzNmeu,Smartphones,1079,300.0,380,SHIP_V_1649,2.5966666666666667
SHIP_V_1686,sdv-id-FuppcF,Solar Panels,286,120.0,1954,SHIP_V_1686,1.3833333333333333
SHIP_V_1432,sdv-id-HIwpra,Smartphones,866,300.0,593,SHIP_V_1432,1.8866666666666667
SHIP_V_1393,sdv-id-uSunSR,Raw Jute,103,5.0,1911,SHIP_V_1393,19.6
SHIP_V_1598,sdv-id-TFiAun,Smartphones,1017,300.0,1432,SHIP_V_1598,2.39
SHIP_V_1505,sdv-id-gkVZVr,Smartphones,908,300.0,1400,SHIP_V_1505,2.026666666666667
SHIP_V_1408,sdv-id-FdOKHy,Smartphones,848,300.0,1665,SHIP_V_1408,1.8266666666666669
SHIP_V_1247,sdv-id-BVSBZQ,Raw Jute,270,5.0,1091,SHIP_V_1247,53.0
SHIP_V_1096,sdv-id-ZmTNXE,Solar Panels,672,120.0,1199,SHIP_V_1096,4.6
SHIP_V_1650,sdv-id-GsjItZ,Raw Jute,1355,5.0,1305,SHIP_V_1650,270.0
SHIP_V_1708,sdv-id-KUionF,Ready-made Garments,49,8.5,1768,SHIP_V_1708,4.764705882352941
SHIP_V_1665,sdv-id-dxKaSB,Industrial Chemicals,447,50.0,1724,SHIP_V_1665,7.94
SHIP_V_1650,sdv-id-OmIxNW,Raw Jute,757,5.0,553,SHIP_V_1650,150.4
SHIP_V_1740,sdv-id-zpKWWV,Industrial Chemicals,1382,50.0,1024,SHIP_V_1740,26.64
SHIP_V_1660,sdv-id-UeMsJy,Smartphones,461,300.0,1036,SHIP_V_1660,0.5366666666666666
SHIP_V_1633,sdv-id-SpJObg,Ready-made Garments,826,8.5,1388,SHIP_V_1633,96.17647058823528
SHIP_V_1929,sdv-id-bwwhZM,Ready-made Garments,703,8.5,1974,SHIP_V_1929,81.70588235294117
SHIP_V_1933,sdv-id-TsckiS,Raw Jute,2238,5.0,248,SHIP_V_1933,446.6
SHIP_V_1336,sdv-id-XWfPMA,Raw Jute,1128,5.0,336,SHIP_V_1336,224.6
SHIP_V_1375,sdv-id-PUUGIp,Solar Panels,254,120.0,336,SHIP_V_1375,1.1166666666666667
SHIP_V_1525,sdv-id-YefHxG,Solar Panels,90,120.0,1962,SHIP_V_1525,-0.25
SHIP_V_1175,sdv-id-LRXPZe,Raw Jute,563,5.0,1650,SHIP_V_1175,111.6
SHIP_V_1719,sdv-id-zWnwcj,Ready-made Garments,919,8.5,367,SHIP_V_1719,107.11764705882354
SHIP_V_1048,sdv-id-pCSUmU,Ready-made Garments,214,8.5,1377,SHIP_V_1048,24.176470588235293
SHIP_V_1771,sdv-id-beAIRp,Solar Panels,13,120.0,935,SHIP_V_1771,-0.8916666666666667
SHIP_V_1383,sdv-id-gorrAr,Solar Panels,484,120.0,1462,SHIP_V_1383,3.033333333333333
SHIP_V_1078,sdv-id-zcJnbB,Industrial Chemicals,898,50.0,1056,SHIP_V_1078,16.96
SHIP_V_1695,sdv-id-MggqNS,Raw Jute,658,5.0,385,SHIP_V_1695,130.6
SHIP_V_1562,sdv-id-KVYNOJ,Smartphones,36,300.0,960,SHIP_V_1562,-0.88
SHIP_V_1494,sdv-id-LkiLKK,Smartphones,431,300.0,648,SHIP_V_1494,0.4366666666666666
SHIP_V_1772,sdv-id-BtUfTk,Industrial Chemicals,1530,50.0,344,SHIP_V_1772,29.6
SHIP_V_1656,sdv-id-hYPjpc,Raw Jute,285,5.0,935,SHIP_V_1656,56.0
SHIP_V_1949,sdv-id-vXhNoc,Smartphones,691,300.0,167,SHIP_V_1949,1.3033333333333332
SHIP_V_1578,sdv-id-SyFBYq,Solar Panels,93,120.0,1792,SHIP_V_1578,-0.225
SHIP_V_1029,sdv-id-exqfcE,Industrial Chemicals,1042,50.0,1007,SHIP_V_1029,19.84
SHIP_V_1863,sdv-id-LsSfRc,Industrial Chemicals,618,50.0,1081,SHIP_V_1863,11.36
SHIP_V_1881,sdv-id-LXmqIf,Solar Panels,146,120.0,1408,SHIP_V_1881,0.2166666666666666
SHIP_V_1553,sdv-id-udxtEv,Solar Panels,463,120.0,546,SHIP_V_1553,2.8583333333333334
SHIP_V_1214,sdv-id-eoPaAd,Ready-made Garments,751,8.5,1656,SHIP_V_1214,87.3529411764706
SHIP_V_1518,sdv-id-zXEMNl,Industrial Chemicals,80,50.0,1589,SHIP_V_1518,0.6
SHIP_V_1073,sdv-id-OITwlf,Raw Jute,2725,5.0,919,SHIP_V_1073,544.0
SHIP_V_1993,sdv-id-wZqTXC,Smartphones,453,300.0,389,SHIP_V_1993,0.51
SHIP_V_1156,sdv-id-JYeZyT,Raw Jute,29,5.0,1265,SHIP_V_1156,4.8
SHIP_V_1765,sdv-id-QLnAfU,Ready-made Garments,1764,8.5,705,SHIP_V_1765,206.52941176470588
SHIP_V_1303,sdv-id-lsXgwj,Ready-made Garments,2419,8.5,300,SHIP_V_1303,283.5882352941176
SHIP_V_1415,sdv-id-WoFIxS,Ready-made Garments,310,8.5,1493,SHIP_V_1415,35.470588235294116
SHIP_V_1243,sdv-id-syebyS,Ready-made Garments,1197,8.5,616,SHIP_V_1243,139.8235294117647
SHIP_V_1568,sdv-id-qnHTsX,Smartphones,157,300.0,1263,SHIP_V_1568,-0.4766666666666667
SHIP_V_1198,sdv-id-aNYxtU,Solar Panels,56,120.0,331,SHIP_V_1198,-0.5333333333333333
SHIP_V_1527,sdv-id-CTIPlt,Raw Jute,698,5.0,1925,SHIP_V_1527,138.6
SHIP_V_1486,sdv-id-AKrRVr,Smartphones,266,300.0,281,SHIP_V_1486,-0.1133333333333333
SHIP_V_1592,sdv-id-jEUQrs,Smartphones,1089,300.0,360,SHIP_V_1592,2.63
SHIP_V_1808,sdv-id-RvnCIc,Industrial Chemicals,616,50.0,756,SHIP_V_1808,11.32
SHIP_V_1656,sdv-id-ENDcvu,Ready-made Garments,623,8.5,1053,SHIP_V_1656,72.29411764705883
SHIP_V_1754,sdv-id-nDsmQk,Ready-made Garments,974,8.5,179,SHIP_V_1754,113.58823529411764
SHIP_V_1342,sdv-id-FsOWql,Ready-made Garments,34,8.5,1628,SHIP_V_1342,3.0
SHIP_V_1595,sdv-id-dIAjLy,Raw Jute,567,5.0,106,SHIP_V_1595,112.4
SHIP_V_1705,sdv-id-JxQNRj,Ready-made Garments,683,8.5,564,SHIP_V_1705,79.3529411764706
SHIP_V_1173,sdv-id-ksqdrS,Ready-made Garments,16,8.5,391,SHIP_V_1173,0.8823529411764706
SHIP_V_1567,sdv-id-TrvjvO,Industrial Chemicals,619,50.0,1257,SHIP_V_1567,11.38
SHIP_V_1987,sdv-id-dTDGJN,Ready-made Garments,82,8.5,1132,SHIP_V_1987,8.647058823529411
SHIP_V_1118,sdv-id-azBZhe,Smartphones,505,300.0,1703,SHIP_V_1118,0.6833333333333333
SHIP_V_1201,sdv-id-dyfkKH,Ready-made Garments,28,8.5,1785,SHIP_V_1201,2.2941176470588234
SHIP_V_1204,sdv-id-FpziGl,Ready-made Garments,422,8.5,909,SHIP_V_1204,48.64705882352941
SHIP_V_1654,sdv-id-cPYYYZ,Raw Jute,2003,5.0,707,SHIP_V_1654,399.6
SHIP_V_1721,sdv-id-PERpka,Raw Jute,2881,5.0,917,SHIP_V_1721,575.2
SHIP_V_1827,sdv-id-gJTZsZ,Ready-made Garments,1010,8.5,642,SHIP_V_1827,117.82352941176472
SHIP_V_1182,sdv-id-LLUKdF,Industrial Chemicals,994,50.0,1670,SHIP_V_1182,18.88
SHIP_V_1128,sdv-id-UEoIxv,Smartphones,32,300.0,968,SHIP_V_1128,-0.8933333333333333
SHIP_V_1105,sdv-id-zHgnzL,Raw Jute,1038,5.0,599,SHIP_V_1105,206.6
SHIP_V_1148,sdv-id-QHCGfp,Smartphones,2198,300.0,820,SHIP_V_1148,6.326666666666667
SHIP_V_1986,sdv-id-tNtidb,Industrial Chemicals,764,50.0,1662,SHIP_V_1986,14.28
SHIP_V_1440,sdv-id-MIKiGz,Smartphones,1646,300.0,1121,SHIP_V_1440,4.486666666666666
SHIP_V_1312,sdv-id-HBtKwB,Industrial Chemicals,939,50.0,1050,SHIP_V_1312,17.78
SHIP_V_1580,sdv-id-eEuCDF,Smartphones,335,300.0,1486,SHIP_V_1580,0.1166666666666666
SHIP_V_1481,sdv-id-AozCAi,Smartphones,656,300.0,798,SHIP_V_1481,1.1866666666666668
SHIP_V_1735,sdv-id-GzOshJ,Ready-made Garments,150,8.5,657,SHIP_V_1735,16.647058823529413
SHIP_V_1268,sdv-id-gciPbd,Industrial Chemicals,1438,50.0,792,SHIP_V_1268,27.76
SHIP_V_1906,sdv-id-SXdZEO,Smartphones,105,300.0,653,SHIP_V_1906,-0.65
SHIP_V_1655,sdv-id-qYuwPH,Industrial Chemicals,859,50.0,983,SHIP_V_1655,16.18
SHIP_V_1150,sdv-id-BgalzE,Raw Jute,402,5.0,1863,SHIP_V_1150,79.4
SHIP_V_1268,sdv-id-cnrPVH,Solar Panels,1400,120.0,1305,SHIP_V_1268,10.666666666666666
SHIP_V_1358,sdv-id-eDwjFf,Ready-made Garments,76,8.5,1849,SHIP_V_1358,7.9411764705882355
SHIP_V_1416,sdv-id-AcwulV,Smartphones,31,300.0,1615,SHIP_V_1416,-0.8966666666666666
SHIP_V_1241,sdv-id-VLohRK,Smartphones,277,300.0,1359,SHIP_V_1241,-0.0766666666666666
SHIP_V_1144,sdv-id-XEHwun,Industrial Chemicals,924,50.0,754,SHIP_V_1144,17.48
SHIP_V_1723,sdv-id-IIoXoB,Smartphones,47,300.0,1645,SHIP_V_1723,-0.8433333333333334
SHIP_V_1310,sdv-id-hLxqNC,Smartphones,204,300.0,694,SHIP_V_1310,-0.32
SHIP_V_1813,sdv-id-pASfGI,Raw Jute,1033,5.0,280,SHIP_V_1813,205.6
SHIP_V_1191,sdv-id-idqMPP,Smartphones,120,300.0,1426,SHIP_V_1191,-0.6
SHIP_V_1565,sdv-id-UvLXOj,Solar Panels,901,120.0,369,SHIP_V_1565,6.508333333333334
SHIP_V_1448,sdv-id-viWoVa,Ready-made Garments,80,8.5,1493,SHIP_V_1448,8.411764705882353
SHIP_V_1833,sdv-id-QIAqsc,Ready-made Garments,224,8.5,853,SHIP_V_1833,25.352941176470587
SHIP_V_1201,sdv-id-PeSaNl,Raw Jute,1156,5.0,207,SHIP_V_1201,230.2
SHIP_V_1571,sdv-id-dnjiHz,Solar Panels,480,120.0,1106,SHIP_V_1571,3.0
SHIP_V_1881,sdv-id-YDfGfs,Raw Jute,505,5.0,1230,SHIP_V_1881,100.0
SHIP_V_1002,sdv-id-ESMfPZ,Smartphones,1320,300.0,1013,SHIP_V_1002,3.4
SHIP_V_1628,sdv-id-HECPog,Industrial Chemicals,1337,50.0,574,SHIP_V_1628,25.74
SHIP_V_1441,sdv-id-HNkbxD,Raw Jute,1146,5.0,1288,SHIP_V_1441,228.2
SHIP_V_1561,sdv-id-SkXuxu,Smartphones,178,300.0,1973,SHIP_V_1561,-0.4066666666666667
SHIP_V_1497,sdv-id-yRryAM,Solar Panels,280,120.0,1191,SHIP_V_1497,1.3333333333333333
SHIP_V_1411,sdv-id-eVsWWQ,Solar Panels,1121,120.0,1701,SHIP_V_1411,8.341666666666667
SHIP_V_1258,sdv-id-ElmlKW,Raw Jute,464,5.0,1584,SHIP_V_1258,91.8
SHIP_V_1570,sdv-id-oTaGgn,Solar Panels,544,120.0,1418,SHIP_V_1570,3.533333333333333
SHIP_V_1537,sdv-id-emKZgB,Raw Jute,1089,5.0,150,SHIP_V_1537,216.8
SHIP_V_1875,sdv-id-SPwFhD,Raw Jute,611,5.0,1175,SHIP_V_1875,121.2
SHIP_V_1186,sdv-id-uEgVff,Smartphones,166,300.0,1185,SHIP_V_1186,-0.4466666666666666
SHIP_V_1834,sdv-id-VyLVPj,Ready-made Garments,171,8.5,1133,SHIP_V_1834,19.11764705882353
SHIP_V_1158,sdv-id-Reldqu,Industrial Chemicals,638,50.0,1320,SHIP_V_1158,11.76
SHIP_V_1179,sdv-id-kBbVFn,Ready-made Garments,242,8.5,1470,SHIP_V_1179,27.470588235294116
SHIP_V_1546,sdv-id-gtnaUZ,Ready-made Garments,494,8.5,836,SHIP_V_1546,57.11764705882353
SHIP_V_1276,sdv-id-FZxFnS,Raw Jute,220,5.0,594,SHIP_V_1276,43.0
SHIP_V_1316,sdv-id-EZciXN,Ready-made Garments,309,8.5,1972,SHIP_V_1316,35.35294117647059
SHIP_V_1639,sdv-id-DAGewn,Ready-made Garments,649,8.5,817,SHIP_V_1639,75.3529411764706
SHIP_V_1673,sdv-id-OHZLRe,Industrial Chemicals,1719,50.0,688,SHIP_V_1673,33.38
SHIP_V_1259,sdv-id-hvrtHt,Smartphones,1722,300.0,530,SHIP_V_1259,4.74
SHIP_V_1178,sdv-id-QZBTSi,Raw Jute,450,5.0,1023,SHIP_V_1178,89.0
SHIP_V_1096,sdv-id-pYduTL,Ready-made Garments,338,8.5,782,SHIP_V_1096,38.76470588235294
SHIP_V_1860,sdv-id-EWCNMF,Industrial Chemicals,872,50.0,1030,SHIP_V_1860,16.44
SHIP_V_1927,sdv-id-rnuMYk,Solar Panels,986,120.0,664,SHIP_V_1927,7.216666666666667
SHIP_V_1885,sdv-id-jWLVFt,Raw Jute,14,5.0,1041,SHIP_V_1885,1.8
SHIP_V_1895,sdv-id-yTUSmW,Industrial Chemicals,26,50.0,606,SHIP_V_1895,-0.48
SHIP_V_1024,sdv-id-BeQnIH,Smartphones,761,300.0,1426,SHIP_V_1024,1.5366666666666666
SHIP_V_1086,sdv-id-ZegeDb,Industrial Chemicals,289,50.0,1967,SHIP_V_1086,4.78
SHIP_V_1681,sdv-id-CWUKch,Industrial Chemicals,1910,50.0,225,SHIP_V_1681,37.2
SHIP_V_1467,sdv-id-VxRpIm,Ready-made Garments,29,8.5,1552,SHIP_V_1467,2.411764705882353
SHIP_V_1010,sdv-id-nEqBZL,Industrial Chemicals,160,50.0,244,SHIP_V_1010,2.2
SHIP_V_1875,sdv-id-oYmMKr,Ready-made Garments,625,8.5,1833,SHIP_V_1875,72.52941176470588
SHIP_V_1616,sdv-id-kjSJFd,Ready-made Garments,697,8.5,1216,SHIP_V_1616,81.0
SHIP_V_1831,sdv-id-oIHiLA,Raw Jute,519,5.0,1268,SHIP_V_1831,102.8
SHIP_V_1044,sdv-id-avXxuf,Ready-made Garments,704,8.5,1475,SHIP_V_1044,81.82352941176471
SHIP_V_1286,sdv-id-dCrcUU,Ready-made Garments,238,8.5,1830,SHIP_V_1286,27.0
SHIP_V_1212,sdv-id-NtPgzS,Industrial Chemicals,414,50.0,611,SHIP_V_1212,7.28
SHIP_V_1319,sdv-id-gDowQa,Smartphones,1511,300.0,196,SHIP_V_1319,4.036666666666667
SHIP_V_1604,sdv-id-hBeuIe,Smartphones,1278,300.0,179,SHIP_V_1604,3.26
SHIP_V_1590,sdv-id-pCpUNC,Solar Panels,1674,120.0,1431,SHIP_V_1590,12.95
SHIP_V_1526,sdv-id-EyHelG,Ready-made Garments,896,8.5,755,SHIP_V_1526,104.41176470588236
SHIP_V_1110,sdv-id-ECifdB,Industrial Chemicals,1328,50.0,1445,SHIP_V_1110,25.56
SHIP_V_1905,sdv-id-wuIaho,Raw Jute,1124,5.0,346,SHIP_V_1905,223.8
SHIP_V_1110,sdv-id-HmEMqm,Industrial Chemicals,241,50.0,853,SHIP_V_1110,3.82
SHIP_V_1296,sdv-id-kZbNIT,Raw Jute,833,5.0,1388,SHIP_V_1296,165.6
SHIP_V_1753,sdv-id-HUgVmP,Raw Jute,506,5.0,883,SHIP_V_1753,100.2
SHIP_V_1996,sdv-id-jeqdfS,Smartphones,857,300.0,1348,SHIP_V_1996,1.856666666666667
SHIP_V_1289,sdv-id-wjBEze,Ready-made Garments,85,8.5,810,SHIP_V_1289,9.0
SHIP_V_1687,sdv-id-NvpCTT,Ready-made Garments,82,8.5,1170,SHIP_V_1687,8.647058823529411
SHIP_V_1312,sdv-id-RClfZQ,Raw Jute,1290,5.0,885,SHIP_V_1312,257.0
SHIP_V_1867,sdv-id-DaZXJz,Raw Jute,169,5.0,1674,SHIP_V_1867,32.8
SHIP_V_1996,sdv-id-GvQNSx,Smartphones,352,300.0,918,SHIP_V_1996,0.1733333333333333
SHIP_V_1163,sdv-id-meWcxk,Raw Jute,553,5.0,287,SHIP_V_1163,109.6
SHIP_V_1925,sdv-id-jgQqoM,Smartphones,620,300.0,240,SHIP_V_1925,1.0666666666666669
SHIP_V_1005,sdv-id-dTboxU,Smartphones,1044,300.0,1328,SHIP_V_1005,2.48
SHIP_V_1450,sdv-id-RsXzaY,Industrial Chemicals,410,50.0,928,SHIP_V_1450,7.2
SHIP_V_1016,sdv-id-VsEkRy,Smartphones,317,300.0,1046,SHIP_V_1016,0.0566666666666666
SHIP_V_1363,sdv-id-UqdaVi,Smartphones,249,300.0,1607,SHIP_V_1363,-0.17
SHIP_V_1244,sdv-id-MPcLem,Raw Jute,467,5.0,641,SHIP_V_1244,92.4
SHIP_V_1273,sdv-id-WfEPsN,Ready-made Garments,1194,8.5,1020,SHIP_V_1273,139.47058823529412
SHIP_V_1497,sdv-id-HrlBjV,Solar Panels,99,120.0,1154,SHIP_V_1497,-0.175
SHIP_V_1460,sdv-id-LWGYlM,Smartphones,618,300.0,1790,SHIP_V_1460,1.06
SHIP_V_1371,sdv-id-KTRYZm,Ready-made Garments,75,8.5,1860,SHIP_V_1371,7.823529411764706
SHIP_V_1063,sdv-id-lnLKHq,Raw Jute,1005,5.0,1963,SHIP_V_1063,200.0
SHIP_V_1331,sdv-id-Dwiope,Smartphones,709,300.0,1923,SHIP_V_1331,1.3633333333333333
SHIP_V_1988,sdv-id-lMTLIR,Smartphones,1329,300.0,355,SHIP_V_1988,3.43
SHIP_V_1469,sdv-id-InDCbM,Solar Panels,131,120.0,1306,SHIP_V_1469,0.0916666666666666
SHIP_V_1835,sdv-id-JBuazH,Solar Panels,116,120.0,1681,SHIP_V_1835,-0.0333333333333333
SHIP_V_1720,sdv-id-jCokFv,Smartphones,605,300.0,1134,SHIP_V_1720,1.0166666666666666
SHIP_V_1678,sdv-id-BVxNYA,Smartphones,1636,300.0,876,SHIP_V_1678,4.453333333333333
SHIP_V_1943,sdv-id-aelPnc,Industrial Chemicals,675,50.0,1319,SHIP_V_1943,12.5
SHIP_V_1784,sdv-id-CYhAHV,Industrial Chemicals,648,50.0,568,SHIP_V_1784,11.96
SHIP_V_1839,sdv-id-BdmUgt,Ready-made Garments,1545,8.5,638,SHIP_V_1839,180.76470588235293
SHIP_V_1181,sdv-id-uRcqsE,Smartphones,366,300.0,1903,SHIP_V_1181,0.22
SHIP_V_1911,sdv-id-kZUHXP,Raw Jute,1324,5.0,837,SHIP_V_1911,263.8
SHIP_V_1565,sdv-id-Jnjxea,Solar Panels,1980,120.0,553,SHIP_V_1565,15.5
SHIP_V_1484,sdv-id-MpTxAw,Solar Panels,579,120.0,275,SHIP_V_1484,3.825
SHIP_V_1668,sdv-id-bLgYbS,Solar Panels,40,120.0,1668,SHIP_V_1668,-0.6666666666666666
SHIP_V_1106,sdv-id-gAMlFG,Solar Panels,432,120.0,1967,SHIP_V_1106,2.6
SHIP_V_1005,sdv-id-eezYzL,Solar Panels,155,120.0,1119,SHIP_V_1005,0.2916666666666667
SHIP_V_1439,sdv-id-CALqBR,Solar Panels,158,120.0,272,SHIP_V_1439,0.3166666666666666
SHIP_V_1479,sdv-id-Ycozfj,Solar Panels,1095,120.0,461,SHIP_V_1479,8.125
SHIP_V_1695,sdv-id-KpnXOI,Raw Jute,2086,5.0,1883,SHIP_V_1695,416.2
SHIP_V_1306,sdv-id-dqEWFF,Ready-made Garments,1984,8.5,414,SHIP_V_1306,232.41176470588235
SHIP_V_1451,sdv-id-wooUJb,Smartphones,531,300.0,997,SHIP_V_1451,0.77
SHIP_V_1797,sdv-id-bWReSc,Raw Jute,596,5.0,1549,SHIP_V_1797,118.2
SHIP_V_1216,sdv-id-rKtQjM,Smartphones,419,300.0,386,SHIP_V_1216,0.3966666666666666
SHIP_V_1355,sdv-id-kJHZtg,Industrial Chemicals,1313,50.0,1735,SHIP_V_1355,25.26
SHIP_V_1881,sdv-id-lwAuxo,Raw Jute,784,5.0,881,SHIP_V_1881,155.8
SHIP_V_1913,sdv-id-UiJPjo,Raw Jute,660,5.0,673,SHIP_V_1913,131.0
SHIP_V_1706,sdv-id-hUeMdP,Smartphones,568,300.0,619,SHIP_V_1706,0.8933333333333333
SHIP_V_1414,sdv-id-VDhcfN,Smartphones,685,300.0,126,SHIP_V_1414,1.2833333333333334
SHIP_V_1420,sdv-id-qXitJD,Raw Jute,1263,5.0,646,SHIP_V_1420,251.6
SHIP_V_1248,sdv-id-XStURN,Industrial Chemicals,1853,50.0,388,SHIP_V_1248,36.06
SHIP_V_1498,sdv-id-kCudob,Ready-made Garments,670,8.5,566,SHIP_V_1498,77.82352941176471
SHIP_V_1909,sdv-id-THjGgd,Raw Jute,768,5.0,669,SHIP_V_1909,152.6
SHIP_V_1332,sdv-id-nTAdxt,Raw Jute,545,5.0,988,SHIP_V_1332,108.0
SHIP_V_1604,sdv-id-lzGVYO,Ready-made Garments,73,8.5,1236,SHIP_V_1604,7.588235294117647
SHIP_V_1526,sdv-id-cqzRCT,Raw Jute,1091,5.0,769,SHIP_V_1526,217.2
SHIP_V_1819,sdv-id-bgNnnK,Ready-made Garments,767,8.5,176,SHIP_V_1819,89.23529411764706
SHIP_V_1193,sdv-id-XdAlhu,Industrial Chemicals,299,50.0,704,SHIP_V_1193,4.98
SHIP_V_1227,sdv-id-FiJTeZ,Raw Jute,565,5.0,1003,SHIP_V_1227,112.0
SHIP_V_1426,sdv-id-MhkXso,Ready-made Garments,904,8.5,1474,SHIP_V_1426,105.3529411764706
SHIP_V_1811,sdv-id-aqNDTb,Industrial Chemicals,214,50.0,1742,SHIP_V_1811,3.28
SHIP_V_1923,sdv-id-pGpqMG,Ready-made Garments,575,8.5,1389,SHIP_V_1923,66.6470588235294
SHIP_V_1349,sdv-id-UsKOsz,Industrial Chemicals,1072,50.0,462,SHIP_V_1349,20.44
SHIP_V_1124,sdv-id-isTEmf,Industrial Chemicals,131,50.0,856,SHIP_V_1124,1.62
SHIP_V_1336,sdv-id-TlEdqE,Raw Jute,631,5.0,1366,SHIP_V_1336,125.2
SHIP_V_1306,sdv-id-VgVtQs,Solar Panels,48,120.0,437,SHIP_V_1306,-0.6
SHIP_V_1568,sdv-id-RikmQa,Smartphones,896,300.0,1791,SHIP_V_1568,1.9866666666666664
SHIP_V_1912,sdv-id-sJVxHo,Industrial Chemicals,439,50.0,830,SHIP_V_1912,7.78
SHIP_V_1023,sdv-id-GDvcWg,Ready-made Garments,973,8.5,1429,SHIP_V_1023,113.47058823529412
SHIP_V_1972,sdv-id-IxKwox,Solar Panels,290,120.0,303,SHIP_V_1972,1.4166666666666667
SHIP_V_1439,sdv-id-RmLxtv,Raw Jute,16,5.0,1000,SHIP_V_1439,2.2
SHIP_V_1151,sdv-id-bFjjXs,Ready-made Garments,23,8.5,1036,SHIP_V_1151,1.7058823529411764
SHIP_V_1998,sdv-id-DXIPem,Industrial Chemicals,2129,50.0,1176,SHIP_V_1998,41.58
SHIP_V_1052,sdv-id-OCsFTI,Solar Panels,999,120.0,887,SHIP_V_1052,7.325
SHIP_V_1942,sdv-id-jRAtrB,Ready-made Garments,254,8.5,1986,SHIP_V_1942,28.88235294117647
SHIP_V_1468,sdv-id-sIzjeR,Ready-made Garments,301,8.5,234,SHIP_V_1468,34.411764705882355
