msg_id,sender_id,receiver_id,amount,currency,timestamp,device_ip,label
sdv-id-KXflHB,ACC_241,ENT_UK_017,2467.043269096626,USD,2026-03-25 17:13:11,ce35:8265:9ab2:833c:c67f:938b:fb8e:eec1,1
sdv-id-LPnayA,ACC_158,ENT_UK_017,1480.865712959163,USD,2026-03-31 10:10:38,7ac4:2859:1160:3e30:f02e:ead6:24c1:2d01,1
sdv-id-vkCnEy,ACC_250,ENT_UK_005,102712.57339600525,USD,2026-03-18 00:10:29,8633:598e:707c:9fba:f947:53c5:a0c8:a1e7,1
sdv-id-McJTYT,ACC_116,ENT_UK_005,1440.014377491574,USD,2026-01-30 14:54:07,45ba:3dce:e0eb:7b73:1a29:f2e8:ec94:145c,1
sdv-id-eQNtcD,ACC_158,ENT_UK_017,500688.11124695995,USD,2026-01-02 12:46:35,e4f9:16e4:60ba:369d:4a1b:dca4:cf5e:b860,1
sdv-id-rQAkkY,ACC_194,ENT_UK_007,384950.1905782844,USD,2026-02-11 09:46:03,57c2:a8c0:999f:1269:d013:73c7:2ecb:6aae,2
sdv-id-rTRGvq,ACC_289,ENT_UK_010,16210.801341034958,USD,2026-02-06 21:36:28,70dd:d4e2:4a7b:ec74:9e6b:ee79:8f20:b8f1,1
sdv-id-SseGwh,ACC_148,ENT_UK_019,51194.705482925216,USD,2026-03-06 20:21:37,10b0:4b3c:1f9a:b590:b9ab:2e14:7326:8e6d,1
sdv-id-InBqfh,ACC_236,ENT_UK_008,444550.9958292792,USD,2026-01-31 21:07:38,d5a:8cc1:6a3d:8604:20d4:1430:7dc:46dc,1
sdv-id-aObYgo,ACC_219,ENT_UK_013,473563.2360041161,USD,2026-01-05 07:46:48,1660:c413:e795:f4e2:8c:1d73:c104:62c8,2
sdv-id-mCQaoC,ACC_180,ENT_UK_019,308583.31379553647,USD,2026-02-17 11:21:12,b667:46c:42c4:5b51:3ddc:361a:d76:3fb7,1
sdv-id-JFDLhg,ACC_212,ENT_UK_018,26399.32899898592,USD,2026-01-28 15:17:19,26ee:f0a3:7e57:45ef:4590:5f33:2a06:1dfa,2
sdv-id-VHdBHo,ACC_236,ENT_UK_018,63910.23769278228,USD,2026-03-25 03:43:03,a54a:9178:5d4f:b6b7:aec3:d052:291f:f2c8,1
sdv-id-mIXKLO,ACC_174,ENT_UK_014,15239.846338536408,USD,2026-01-27 05:08:07,69bf:6681:fc52:3ac1:b77:a5e6:b929:2291,1
sdv-id-ANqLkR,ACC_174,ENT_UK_015,5171.118097856201,USD,2026-03-18 10:32:59,52ab:b7c:87a9:ff55:b55e:ae5c:b6fe:1d9a,1
sdv-id-fiIpgE,ACC_227,ENT_UK_002,53893.75519587597,USD,2026-01-12 10:25:36,ebe6:68b7:79a5:6e45:571c:2a3:5a22:2ed6,1
sdv-id-AAWqRk,ACC_206,ENT_UK_018,27377.163291915924,USD,2026-01-09 12:12:43,3692:21f4:14cf:dcc5:6913:6fa:a21d:e277,2
sdv-id-qGerPJ,ACC_236,ENT_UK_013,2648690.963597153,USD,2026-02-24 12:02:16,6de1:bee5:24c2:461e:a0f9:73b5:a7f2:28de,2
sdv-id-tvWwDr,ACC_194,ENT_UK_004,4338.698108391023,USD,2026-03-03 10:04:29,efca:3799:a18f:c324:9095:21a0:b1e6:1782,1
sdv-id-bSzXvd,ACC_241,ENT_UK_016,406738.8993235222,USD,2026-02-12 04:07:37,2a99:2a16:893b:bbe2:efcc:a974:1b56:637,1
sdv-id-SIwLtu,ACC_212,ENT_UK_013,12897.207147034243,USD,2026-03-27 08:46:51,e916:273b:a620:23cd:fed:b699:c120:f503,2
sdv-id-wMvuxa,ACC_212,ENT_UK_009,16387.59135612439,USD,2026-02-27 21:50:51,8468:494d:d4c2:578d:a455:11bc:2fb9:3122,2
sdv-id-GHSYjL,ACC_236,ENT_UK_002,2077.5427242647143,USD,2026-02-09 19:05:56,8d5c:d623:6a03:718c:ee1d:fb3a:c780:99b6,1
sdv-id-RHYsNY,ACC_292,ENT_UK_016,1254663.184506548,USD,2026-03-09 18:33:24,731b:9e8a:8f2b:9be6:a0e:c21e:5f3b:6652,1
sdv-id-ERnigt,ACC_158,ENT_UK_014,260199.91702634527,USD,2026-01-07 07:56:16,3b67:c32a:531b:5aa5:6850:1727:e87b:74fe,1
sdv-id-bgcHHZ,ACC_110,ENT_UK_005,119054.98738137184,USD,2026-02-27 08:53:39,bb01:3cd6:a507:5e0e:4949:ce3a:bc82:a62a,1
sdv-id-LGBAvM,ACC_110,ENT_UK_016,1177.751836709759,USD,2026-03-06 04:52:20,3794:3fe5:8601:77d2:d04a:9c9f:8135:1cc1,1
sdv-id-DMIKJF,ACC_274,ENT_UK_009,53624.21307555809,USD,2026-02-08 23:25:27,12be:973f:8d3:27a0:a941:ef63:b287:b31a,2
sdv-id-ZaTCVl,ACC_227,ENT_UK_005,1154038.8045139357,USD,2026-02-03 05:17:25,6663:3a70:2109:5ab5:d9c1:8185:5940:2b7a,1
sdv-id-ptKuoS,ACC_236,ENT_UK_008,138011.06013258165,USD,2026-02-18 07:19:00,2c72:9c1c:5985:4065:5482:e632:1374:acc2,1
sdv-id-isoLaP,ACC_227,ENT_UK_009,12376.576412868768,USD,2026-03-18 01:01:30,56bf:31b8:3315:12cc:595e:f6d6:a8a9:870e,1
sdv-id-HgkSjW,ACC_250,ENT_UK_015,1245.5489842367676,USD,2026-02-05 09:37:17,a9ea:2e5f:9247:9110:12c4:5e0f:1364:7c,1
sdv-id-iAheaj,ACC_175,ENT_UK_012,1789076.8860252583,USD,2026-02-07 11:52:40,125:8aa3:ee32:7b1f:97b7:e525:37b:72,2
sdv-id-jgriey,ACC_250,ENT_UK_014,208387.85479582244,USD,2026-03-28 20:38:05,c3be:94ce:a257:4a1a:302c:b00f:ce9b:519a,1
sdv-id-JDBMHE,ACC_110,ENT_UK_006,616885.1160012088,USD,2026-02-10 19:38:37,7a51:1727:b88a:42cb:ee9a:bf7e:7f8b:e05c,1
sdv-id-QJpQeb,ACC_212,ENT_UK_015,15324.283076898872,USD,2026-03-19 02:09:52,e38d:f06d:980f:3518:294:17a2:4780:ff3e,2
sdv-id-QlqiIe,ACC_110,ENT_UK_008,22726.927239144086,USD,2026-03-03 18:01:36,a28e:22b1:ada1:68ed:5b5:eb80:a28a:f8f6,1
sdv-id-xcSrJL,ACC_289,ENT_UK_001,83209.42837461768,USD,2026-02-15 02:51:57,bd4b:3aeb:699a:beba:a26b:dc61:186f:781d,2
sdv-id-wflWqO,ACC_135,ENT_UK_019,984088.5917933204,USD,2026-01-19 08:18:59,262:a184:ca03:5741:d2f4:3f8:8e06:3b03,1
sdv-id-vCRNKe,ACC_144,ENT_UK_003,207764.4624489552,USD,2026-01-31 22:05:18,8337:bb0:70d3:323:d3e5:1f88:7f2d:e8fc,1
sdv-id-YIzOxh,ACC_212,ENT_UK_011,89005.67995910489,USD,2026-01-24 15:01:08,58e4:940e:d873:ac6a:8172:4097:9db0:8ed2,2
sdv-id-HcZyQf,ACC_110,ENT_UK_005,11225.475482565254,USD,2026-01-17 00:21:19,de94:a21a:ad02:f81d:b230:5da2:c713:cabf,1
sdv-id-bHgrBl,ACC_180,ENT_UK_018,104728.65621754833,USD,2026-01-08 21:51:36,5808:827d:653b:c93a:9451:ff44:1cfa:251a,1
sdv-id-HnkMea,ACC_194,ENT_UK_007,419870.69610468525,USD,2026-03-19 05:12:00,96a8:96bf:c3fe:51fe:21f:b6f5:b91e:7581,1
sdv-id-rcLbvH,ACC_135,ENT_UK_016,105234.06790143142,USD,2026-02-22 11:00:53,1239:b69b:7e6e:dd:158f:52b3:9f6f:efa3,1
sdv-id-bFYqtz,ACC_212,ENT_UK_014,2406.056190967982,USD,2026-04-01 11:03:39,a4a2:61c7:a70e:5a1c:8dec:93f:4afa:7da3,2
sdv-id-zsDZzF,ACC_212,ENT_UK_013,751857.1358173743,USD,2026-02-07 04:05:43,e5b4:8960:c036:6aff:209d:8afa:b898:ddd2,2
sdv-id-zHpLrv,ACC_283,ENT_UK_007,68590.95811800464,USD,2026-01-19 13:41:11,9197:29e9:5d4d:52b9:e16d:c115:9cd4:cf4c,1
sdv-id-qEdAsK,ACC_230,ENT_UK_007,4111.580663671323,USD,2026-03-06 12:37:29,598f:d2b0:cb5a:28cd:ae89:d7da:74d:3fa7,0
sdv-id-NKPoTP,ACC_110,ENT_UK_013,49156.05644006234,USD,2026-03-02 06:07:32,7f24:51b4:13af:23d3:40f8:9b43:18f6:c85c,1
sdv-id-rfLDlp,ACC_212,ENT_UK_014,305799.26077832456,USD,2026-02-14 06:24:33,3951:9e42:ddbd:2d76:dac6:9ad:b418:53b7,2
sdv-id-VDuTIj,ACC_236,ENT_UK_015,72334.15531144076,USD,2026-02-17 23:32:00,722a:fa8c:ae64:fb9a:316b:27c5:59aa:4604,1
sdv-id-jmHrWu,ACC_144,ENT_UK_003,355049.73855860985,USD,2026-02-13 09:42:55,b7cc:7d2e:f3d2:59cb:9351:911e:1f10:1619,1
sdv-id-kyvZSh,ACC_174,ENT_UK_005,65340.12835714085,USD,2026-02-28 22:56:54,6810:c815:57d1:724c:7085:25ff:701:a04b,1
sdv-id-quvNTo,ACC_241,ENT_UK_016,504049.1446323923,USD,2026-01-05 13:20:31,5e30:527b:c629:1b8c:ad4a:f767:d377:8889,1
sdv-id-xhNNgb,ACC_289,ENT_UK_002,144221.38351053512,USD,2026-02-17 17:48:01,134d:faca:550a:af0a:19c9:7b08:7efe:8ebf,2
sdv-id-lelKfQ,ACC_250,ENT_UK_019,87082.0104645063,USD,2026-01-20 19:18:08,9eac:2efc:acb:115:a2bc:669e:6f39:a257,1
sdv-id-PpziYJ,ACC_180,ENT_UK_010,225447.36922942896,USD,2026-01-01 22:58:35,26ba:3688:960d:7e29:ac08:b547:a456:e5fc,1
sdv-id-sGaOjG,ACC_227,ENT_UK_011,48897.802172520824,USD,2026-01-02 20:43:17,63f9:a39:19c:f428:1072:826a:61b9:224e,2
sdv-id-ODkETf,ACC_194,ENT_UK_013,703104.0317183564,USD,2026-02-19 13:55:29,673d:c7bf:6fad:baa4:3ff9:c8d8:a404:1818,1
sdv-id-SZZBmc,ACC_268,ENT_UK_018,38032.23261712583,USD,2026-02-07 09:53:04,120c:4f8:dd1:7e0f:c23e:cc6:1724:84df,1
sdv-id-UJeuOi,ACC_180,ENT_UK_008,69961.08554420738,USD,2026-02-04 07:08:28,337f:4d53:9708:e4e7:74b6:3523:8cc:57ec,1
sdv-id-RLAswq,ACC_116,ENT_UK_009,104720.73769511544,USD,2026-03-27 09:34:04,5aea:2a2b:5693:5b:6aaa:7331:4d71:b1d4,1
sdv-id-dJwooA,ACC_206,ENT_UK_016,170321.3161505259,USD,2026-03-24 08:26:28,45a:a2e0:1811:256e:eafc:e9c9:4511:3bf7,2
sdv-id-uzwRuG,ACC_110,ENT_UK_008,31886.850167863915,USD,2026-03-09 15:50:56,8244:dc43:24bd:423f:379b:83db:aaa4:e957,1
sdv-id-ahUILm,ACC_116,ENT_UK_011,225778.3317849432,USD,2026-02-15 19:33:17,97b7:5f70:ecf3:c56c:8c0f:9fc9:8f28:bed0,1
sdv-id-rsvuYw,ACC_274,ENT_UK_005,659892.0818603248,USD,2026-03-31 01:33:40,c76d:9e8d:f5af:f702:d081:9b37:3ae:eb72,2
sdv-id-ASOjaa,ACC_116,ENT_UK_001,290659.11022075714,USD,2026-02-22 03:51:00,7ef6:78a9:c85a:8c9c:c39f:3e15:4f0c:8d4b,1
sdv-id-arnbcZ,ACC_292,ENT_UK_012,1695.796887749414,USD,2026-03-18 09:16:42,1d32:71f6:3a6:119b:fd6a:5cc9:6568:988b,1
sdv-id-RSOkVG,ACC_135,ENT_UK_001,19912.090711905643,USD,2026-01-18 22:38:16,4c4b:f741:4ca7:90a7:d64d:8f7f:d247:da79,1
sdv-id-teiLNC,ACC_116,ENT_UK_002,165661.29716638752,USD,2026-02-17 13:20:00,bc26:d7e7:ec4b:d726:5193:a895:48c4:c66f,1
sdv-id-PBLiRX,ACC_236,ENT_UK_019,156251.23428970194,USD,2026-01-04 23:29:55,c81f:653c:3c7a:bac6:d5c7:33bc:4577:c2d7,1
sdv-id-mOEXAG,ACC_212,ENT_UK_019,79037.15452081684,USD,2026-03-12 23:16:15,5ec3:b0c9:aae2:13a4:4642:9c26:72d:3217,2
sdv-id-iECpPc,ACC_236,ENT_UK_010,54376.50647819741,USD,2026-01-27 10:21:51,c10a:c9b0:61b4:40eb:474c:c06c:9e4e:a058,1
sdv-id-reHVij,ACC_150,ENT_UK_008,32485.5974673444,USD,2026-02-06 13:33:16,320:85ed:6a7b:ce72:64f:6f1f:4b05:ad89,1
sdv-id-EduxQB,ACC_227,ENT_UK_006,110875.1524945036,USD,2026-03-27 23:49:36,940a:e97b:998f:cf02:dabc:c6a3:fd97:71c0,1
sdv-id-HCnOhT,ACC_236,ENT_UK_004,373554.7607962606,USD,2026-03-16 18:45:28,520:1cf4:7e07:3a0a:7127:af38:c649:96c8,1
sdv-id-lTYuaP,ACC_274,ENT_UK_014,660608.6935329518,USD,2026-03-10 15:53:21,590:7b7e:b4a2:ccb5:2b7f:a202:f7c:435b,2
sdv-id-tLuwGT,ACC_148,ENT_UK_001,45884.36714902426,USD,2026-02-23 23:26:56,50b0:c369:37d6:ffcc:7fba:a55c:452e:901e,1
sdv-id-nuDxuD,ACC_250,ENT_UK_004,959.2452454471164,USD,2026-02-28 01:35:23,3df5:a9d2:b6c4:496e:5083:e08f:4b23:9373,1
sdv-id-fwjddh,ACC_206,ENT_UK_012,4036.9617261458807,USD,2026-01-03 19:55:15,3db:685d:cbee:1da:a1cf:6111:6628:10f7,2
sdv-id-KzCFVN,ACC_144,ENT_UK_009,15908.262669496662,USD,2026-03-09 12:21:09,3ed2:61a1:af64:d2da:1582:e6f6:b4ce:7376,1
sdv-id-tXFgVl,ACC_283,ENT_UK_005,2393.6607067833647,USD,2026-01-11 09:22:59,6fb9:ea50:121:f02b:adfa:bc8e:771:9e39,1
sdv-id-BmwUNA,ACC_227,ENT_UK_004,106709.4166330601,USD,2026-02-11 02:57:49,75ac:35a6:4da2:7525:28bd:9718:4aa2:bbc6,1
sdv-id-InmWQA,ACC_150,ENT_UK_016,911512.9647922916,USD,2026-03-12 09:07:06,2103:4656:862:507d:ed6d:a91:4bb3:b624,2
sdv-id-AwtSXZ,ACC_212,ENT_UK_004,262518.8846798579,USD,2026-01-18 06:06:42,776:4fd4:7ed7:637:e923:da20:ea55:68c9,2
sdv-id-LQrFOB,ACC_250,ENT_UK_012,10766.263061716874,USD,2026-01-05 20:35:42,dcd0:1caf:933:709f:5d5c:2636:e57d:2d20,1
sdv-id-gpxoUB,ACC_250,ENT_UK_005,1028.987541358419,USD,2026-03-31 11:58:13,7040:158a:4e42:b613:ace0:1329:d6b6:4136,1
sdv-id-LXjZxC,ACC_268,ENT_UK_009,7121.532982400576,USD,2026-02-24 17:40:31,b487:7c63:31ce:ec25:e10b:61d0:aeb8:69ed,1
sdv-id-ihWjmS,ACC_274,ENT_UK_012,275442.165094359,USD,2026-01-22 21:18:49,af4b:3ba2:316a:1a5:4a61:af9f:5033:16a2,2
sdv-id-brjjab,ACC_202,ENT_UK_010,631248.007657351,USD,2026-02-21 17:39:47,daae:c7fa:c80a:2f08:506a:8cff:d8ce:91bb,2
sdv-id-nScJrP,ACC_210,ENT_UK_012,1202.1053940130105,USD,2026-01-15 10:39:04,6e24:631d:7482:2464:25b9:45d5:e93f:321,1
sdv-id-ugysjG,ACC_241,ENT_UK_008,183207.74680143467,USD,2026-03-31 05:41:12,8d86:ba30:4211:adc4:a34e:a56:abfc:1b16,1
sdv-id-VECNnx,ACC_227,ENT_UK_006,1828368.669812895,USD,2026-03-01 15:39:21,1800:79d2:5df4:cb53:2945:503e:999e:f5d9,1
sdv-id-TGSZmc,ACC_110,ENT_UK_015,265701.1496078325,USD,2026-01-17 03:52:23,c725:5493:b366:8d92:e75d:b24b:edc0:13fb,1
sdv-id-fyQnVN,ACC_236,ENT_UK_005,28826.46889969377,USD,2026-03-01 07:22:38,4c4a:d6a9:91ef:eb20:b65d:c7ca:b1ef:f215,1
sdv-id-QUyrMF,ACC_180,ENT_UK_005,168264.33276581104,USD,2026-01-03 19:31:54,84b7:278c:1f13:519d:b83e:ffef:1635:7560,2
sdv-id-eEtDqj,ACC_250,ENT_UK_008,51880.75401830368,USD,2026-03-16 00:22:54,e584:a919:4f14:868e:4c7e:9d8f:cf0e:cf21,1
sdv-id-AsKpaE,ACC_206,ENT_UK_014,1560.531918714428,USD,2026-01-20 23:47:58,5ade:5812:b34c:2ecc:95d9:642c:5987:8aa1,2
sdv-id-GOwsNV,ACC_144,ENT_UK_012,3474.9259439991447,USD,2026-03-17 07:59:16,6419:7b02:2083:8a01:933d:df3e:c8e7:5749,1
sdv-id-QXjKcE,ACC_236,ENT_UK_002,2067.7064127542862,USD,2026-03-01 13:47:53,cf4e:5b1e:6bff:e332:be9a:e585:36eb:e64c,1
sdv-id-mGngQP,ACC_250,ENT_UK_003,772961.6113974426,USD,2026-01-31 02:23:22,fad3:31ea:f85:18a7:e40:c1ed:213e:4086,1
sdv-id-bBKEKe,ACC_194,ENT_UK_009,126768.54802982886,USD,2026-01-31 15:30:43,14be:7965:e16d:50ca:8d93:13d1:af2:58ba,1
sdv-id-qZwYMp,ACC_180,ENT_UK_008,331762.3244299875,USD,2026-03-20 00:26:52,e72d:735b:7bc8:e2ca:f06c:6d3d:9acc:451e,1
sdv-id-ZNiszx,ACC_241,ENT_UK_017,1654523.8172043243,USD,2026-03-02 10:06:52,21c:d4c:2b9b:3469:3ad1:80ee:a6cd:b580,2
sdv-id-ovvCis,ACC_274,ENT_UK_019,1262180.313760182,USD,2026-03-16 18:08:59,dbd3:8f34:d57a:3eec:8a00:23a3:4827:7616,2
sdv-id-RabGOG,ACC_194,ENT_UK_015,300412.24486402347,USD,2026-02-17 20:07:57,c1ff:85ab:c0b:161c:f01:4c29:35db:da1,1
sdv-id-KnsggH,ACC_283,ENT_UK_003,77244.160048208,USD,2026-01-09 00:32:42,dd0:7cb4:f81e:6782:8e02:10ae:2850:18bb,1
sdv-id-zaCthu,ACC_212,ENT_UK_011,2164.9255363939665,USD,2026-01-31 13:51:10,1ca7:84a3:3147:f6af:723e:767b:64eb:55f2,2
sdv-id-XWHvxX,ACC_180,ENT_UK_011,17075.17133023931,USD,2026-03-06 16:40:09,9938:79f3:91ad:44d4:f2f1:bea9:ba53:c55e,1
sdv-id-IUnSLC,ACC_144,ENT_UK_011,969.8396927747474,USD,2026-02-14 20:56:32,2410:d39:93c1:c0dc:924a:18e9:8342:7437,1
sdv-id-dpKSFA,ACC_212,ENT_UK_019,946.789416785428,USD,2026-03-17 14:27:52,65ad:31c7:154f:751a:bf53:e263:a711:d62a,2
sdv-id-xOaHig,ACC_206,ENT_UK_010,1952.649935143068,USD,2026-01-09 22:09:32,1283:1010:2834:f7d0:771f:45f6:b2c4:d066,2
sdv-id-QYtaSC,ACC_206,ENT_UK_012,6259.764538397782,USD,2026-01-20 23:16:28,cb9f:4da8:949c:3975:4c3a:7f0d:3029:862d,2
sdv-id-jwwjYI,ACC_227,ENT_UK_017,2278.097702276375,USD,2026-03-30 06:14:31,e400:d379:9e07:a63f:4f79:1046:6237:c50c,1
sdv-id-ZvHcgC,ACC_110,ENT_UK_007,97572.86000056946,USD,2026-03-03 02:43:09,d6b2:157:6355:76d:a967:55a4:47a2:af8e,1
sdv-id-StToqy,ACC_158,ENT_UK_009,5941.476467087703,USD,2026-03-31 07:33:39,7ecb:d4d0:3c8d:b395:9e22:624c:6c6e:1170,1
sdv-id-ATeuDA,ACC_212,ENT_UK_010,84002.82151428462,USD,2026-03-05 07:04:44,325b:fec1:8958:8073:131e:9f5e:6bef:940e,2
sdv-id-TyaeFn,ACC_250,ENT_UK_016,65508.7158363063,USD,2026-01-27 16:57:54,7171:4355:9203:7752:6dce:52de:3eb9:5b42,1
sdv-id-LRCBWF,ACC_206,ENT_UK_013,4960.0884631158815,USD,2026-02-18 00:09:11,2cfb:2b0d:9113:eca0:d2e8:e1c1:f39f:1cde,2
sdv-id-lTpOWO,ACC_223,ENT_UK_010,13467.05063582724,USD,2026-01-20 17:31:24,6be1:bc6b:24f5:363c:f30a:4336:2ea1:c8c0,1
sdv-id-LttFDN,ACC_236,ENT_UK_017,949.3882008001048,USD,2026-03-16 08:53:00,55e3:6917:1ac3:135c:55de:a1ac:38cd:a7fb,1
sdv-id-aMaiYM,ACC_110,ENT_UK_008,298685.123002822,USD,2026-03-28 13:05:26,3e45:e7b7:e58b:bdad:f91a:1b27:357e:2cf,1
sdv-id-rywoRb,ACC_194,ENT_UK_018,5005.888004354838,USD,2026-02-04 14:32:17,8f13:ab4b:17ba:7945:fa3:abee:b3c3:99f4,1
sdv-id-WaJCSd,ACC_236,ENT_UK_011,25257.429433858673,USD,2026-02-18 01:46:03,4ddb:88b8:a83a:99d0:53d9:a86a:aef2:d894,1
sdv-id-dRHhfW,ACC_175,ENT_UK_018,552797.6178939966,USD,2026-01-07 18:40:01,c2c4:8d4:99dc:ce4b:71a:9161:db85:1dd3,2
sdv-id-dZOIaA,ACC_250,ENT_UK_006,678511.7488973124,USD,2026-01-18 16:12:29,ed51:1fcf:4b7c:ec7d:677:c308:ad65:d7c0,1
sdv-id-qpIwbh,ACC_150,ENT_UK_016,72694.5387886952,USD,2026-01-14 06:34:35,7ad3:6dad:c1ae:a736:8e4e:cedf:b80c:49a0,1
sdv-id-tZdnVh,ACC_250,ENT_UK_013,274133.1905080792,USD,2026-03-30 03:42:21,61ba:6aee:dd92:7051:8fd6:5b49:1425:815e,1
sdv-id-mNjQyn,ACC_150,ENT_UK_004,19075.4827276131,USD,2026-03-26 03:46:39,6611:478d:52c9:9255:53e6:e4eb:f596:3432,1
sdv-id-DiDjJH,ACC_283,ENT_UK_008,89366.27438866235,USD,2026-02-12 22:55:14,de98:af74:6a16:f7b7:8180:5345:3d82:234c,1
sdv-id-Qtaqbg,ACC_116,ENT_UK_018,183055.17477894528,USD,2026-02-09 03:07:32,3401:2d2c:c349:7f95:bb08:6941:6c5a:d94c,1
sdv-id-CyMuiG,ACC_116,ENT_UK_016,105640.7133661915,USD,2026-02-03 14:59:11,610c:b917:2655:a576:6842:1f4f:a17f:8148,1
sdv-id-ywbaLY,ACC_268,ENT_UK_007,24874.4382355003,USD,2026-02-02 21:44:49,cae:80f9:9b34:e3c3:fd67:9cfa:7f15:9716,1
sdv-id-YmgPMS,ACC_268,ENT_UK_016,1920.7916493390455,USD,2026-01-05 09:13:29,84d:d7b1:38b6:7ae6:3e64:dfa9:1f7e:c10c,1
sdv-id-HfFtHg,ACC_175,ENT_UK_015,557280.332016918,USD,2026-01-09 03:27:26,1e31:18b7:a8a3:2612:aeb6:ebe7:159f:3506,2
sdv-id-aUtLxL,ACC_227,ENT_UK_008,15277.19350930895,USD,2026-02-03 03:30:26,2dfa:3254:aded:c784:ff5d:ee6d:141f:ab,1
sdv-id-sHKxhd,ACC_236,ENT_UK_014,49481.28503869173,USD,2026-03-14 09:03:53,3f9e:29:418f:aafa:c27f:72f9:b8ac:b837,1
sdv-id-aJMeij,ACC_236,ENT_UK_010,214991.25736334463,USD,2026-03-15 06:22:50,b2b4:31c9:2bd3:d602:cf0e:5daa:c473:28ea,1
sdv-id-mFxLli,ACC_292,ENT_UK_012,345230.8683433792,USD,2026-01-03 13:02:19,eca9:64a5:3504:1603:2229:95ba:ecc0:8195,1
sdv-id-bbfWNy,ACC_206,ENT_UK_002,86553.85617637286,USD,2026-03-17 02:27:48,874e:5466:b744:f8d1:ea81:daa8:ac3:7865,2
sdv-id-HMqmDN,ACC_268,ENT_UK_007,36067.18923464163,USD,2026-03-09 23:53:10,705c:3c28:ba8b:f82b:d5d9:a1d1:894d:3e10,1
sdv-id-yBctAh,ACC_148,ENT_UK_003,23519.819893354143,USD,2026-02-18 12:31:19,8b5b:9502:9482:86af:fb45:ee73:778e:18b1,1
sdv-id-TKqeLm,ACC_250,ENT_UK_014,1889.76531439501,USD,2026-01-07 06:07:55,2978:5d3e:79e5:6e61:e95e:1643:b5e4:7227,1
sdv-id-NEOOka,ACC_292,ENT_UK_016,314619.7109218137,USD,2026-03-13 08:17:04,32f8:3605:67f2:3ded:3f4c:7a8c:3563:413a,1
sdv-id-RknAlU,ACC_250,ENT_UK_019,74372.65681590991,USD,2026-03-27 18:28:14,e255:4d2b:638d:fb02:2832:b637:c761:61a1,1
sdv-id-PIfMVp,ACC_292,ENT_UK_019,132002.16327853373,USD,2026-02-25 20:45:46,8ee:b238:5011:b819:bfdd:f939:df24:b605,1
sdv-id-EmXIwk,ACC_110,ENT_UK_012,93978.01648321816,USD,2026-03-28 20:31:45,ad9b:a803:c232:f30b:ea43:8721:c86f:3d5,1
sdv-id-sCnbnh,ACC_236,ENT_UK_018,434770.801520624,USD,2026-02-25 09:40:57,8948:2e9a:3235:9595:ddc5:ecac:c68c:bdb6,2
sdv-id-agstDl,ACC_144,ENT_UK_016,7128.598697865158,USD,2026-01-26 17:22:34,86c:d184:ca98:46d0:cd24:1cbf:e874:8c7,1
sdv-id-bJzLbu,ACC_135,ENT_UK_014,152212.74408896672,USD,2026-02-09 10:50:47,9ab2:f687:2b75:7ea8:2ea8:c419:d26:96e0,1
sdv-id-ZGDGOA,ACC_250,ENT_UK_011,160460.72219373786,USD,2026-03-29 01:39:35,b418:63c3:a6e6:b200:2f0b:6db2:ef58:1c1d,1
sdv-id-WuxJKx,ACC_180,ENT_UK_011,928.3391990272072,USD,2026-01-08 16:28:08,6410:dbd9:463d:c693:12a1:29cb:eda5:3864,1
sdv-id-YvRwxj,ACC_206,ENT_UK_008,15217.194902808897,USD,2026-03-02 14:23:00,62da:652a:31c4:e286:f1ea:b964:1bfb:be9b,2
sdv-id-UKACFs,ACC_150,ENT_UK_019,256416.00876505807,USD,2026-02-05 12:12:20,eba7:5fde:dcf8:b500:9bbf:5289:bb6c:a5e2,1
sdv-id-JbKfQi,ACC_236,ENT_UK_004,139630.5218428118,USD,2026-03-26 10:15:02,3364:94ec:ddf:15e8:c220:d69:c5ab:37ac,1
sdv-id-RqUUqM,ACC_180,ENT_UK_013,824765.5910317197,USD,2026-01-28 01:19:08,d795:3479:2f43:ee32:c11a:b4e5:a0d:b66,2
sdv-id-xNrXDK,ACC_206,ENT_UK_003,6391.389872833401,USD,2026-03-06 19:32:16,5af6:435d:3408:35d7:4e55:1eeb:2ed3:19c2,2
sdv-id-aEcxzb,ACC_110,ENT_UK_015,606583.7574707655,USD,2026-03-14 02:19:48,922b:9f09:6bf5:7284:2dcf:451e:7efe:9a39,2
sdv-id-UtaJmU,ACC_283,ENT_UK_002,146866.51589173754,USD,2026-02-28 06:34:40,dcb5:6c1:84e3:5422:e45f:c3a6:196b:6bee,1
sdv-id-hwcgtL,ACC_180,ENT_UK_015,773746.8240908756,USD,2026-01-24 01:36:18,42f6:26f7:9f5:2d33:a5db:4607:c856:7873,1
sdv-id-SsqnIf,ACC_212,ENT_UK_006,8926.113655467636,USD,2026-01-31 09:01:02,c6c5:c986:9e4b:eb6e:9222:77ec:5090:aa19,2
sdv-id-inqxsq,ACC_292,ENT_UK_009,42365.42993321734,USD,2026-03-22 04:28:39,5aae:7ab4:5b9f:5a32:2045:e0ef:f5d0:b0c9,1
sdv-id-XSviyE,ACC_148,ENT_UK_013,8674.442365880248,USD,2026-02-08 05:51:16,7367:11b6:6aec:2f18:2878:6b63:805c:8748,1
sdv-id-gRtzqb,ACC_212,ENT_UK_016,2754.910547513001,USD,2026-03-01 10:08:10,a28e:520d:69f5:c88a:d67:576f:ab5:b983,2
sdv-id-BXsaXP,ACC_274,ENT_UK_017,46562.5916931495,USD,2026-01-06 05:56:18,ca69:1c3c:5365:ebb0:50f6:6e37:cc07:b503,2
sdv-id-SnUfKo,ACC_180,ENT_UK_016,568333.7977702948,USD,2026-01-09 00:29:03,8b07:c5ab:2419:41ce:39aa:f0a0:c39a:f234,1
sdv-id-yOKdeI,ACC_148,ENT_UK_014,7777.266408612242,USD,2026-04-01 04:13:52,ddd0:ecdc:f588:2203:a06a:de35:f5e1:298b,1
sdv-id-fDExOr,ACC_289,ENT_UK_017,1039043.9533332022,USD,2026-01-31 22:38:31,6334:a066:a1cb:4815:e0fb:361b:1d62:fbb,2
sdv-id-yMGoZF,ACC_135,ENT_UK_005,486258.3761992931,USD,2026-02-08 22:34:55,635:4054:89bf:fdb8:d520:fa76:5466:82eb,1
sdv-id-isIFmd,ACC_212,ENT_UK_013,1249.0326885261777,USD,2026-02-25 06:04:15,dac9:318b:bdeb:6b3c:1a3e:d53e:d1df:271c,2
sdv-id-FMrZJS,ACC_135,ENT_UK_002,1652.0280458850225,USD,2026-03-18 11:19:41,8823:3230:b8ce:a5d4:7e5f:990a:138:fc4,1
sdv-id-LORXQz,ACC_135,ENT_UK_016,1565199.2247965771,USD,2026-01-10 13:26:35,93d4:72bd:470f:5834:e13e:cce6:479d:318c,1
sdv-id-OVtSbV,ACC_268,ENT_UK_001,9863.04432967324,USD,2026-01-04 02:10:28,e418:8694:ebe7:5fa1:7779:8f85:95e9:617,1
sdv-id-jUJRIn,ACC_110,ENT_UK_009,1020571.9194179234,USD,2026-02-26 14:24:22,78e:8862:3bbf:a079:c22e:600c:51cf:acb5,1
sdv-id-WIiZDL,ACC_116,ENT_UK_003,79795.03951177033,USD,2026-01-04 07:18:38,ebbc:ea77:db87:96bd:27ab:48b1:e24b:8fb5,1
sdv-id-ilqnHr,ACC_250,ENT_UK_004,34266.90752519922,USD,2026-01-21 23:41:00,63fb:3a63:8ea6:f6:40c7:422c:3818:411c,1
sdv-id-auBVBR,ACC_206,ENT_UK_006,128553.45376007864,USD,2026-02-22 15:54:07,7646:49fd:2c3:4ba8:bc70:41a3:d9f5:5efb,2
sdv-id-SwQMjG,ACC_112,ENT_UK_016,140169.94946503252,USD,2026-02-19 00:39:40,b9c2:ce98:2850:216c:f4f1:cfea:3029:9ea4,2
sdv-id-RCkxRg,ACC_283,ENT_UK_015,1071.4980811655205,USD,2026-01-02 17:26:25,adf4:d1cd:809a:81cc:9d5:f0dc:fbde:15ce,1
sdv-id-svYOJr,ACC_227,ENT_UK_003,16963.298337748456,USD,2026-02-25 07:42:19,6fca:d683:e6d1:64b7:db94:9ac0:2aaa:d7bb,1
sdv-id-ivygQg,ACC_250,ENT_UK_008,584257.530916402,USD,2026-03-11 00:10:49,7b0f:de21:e42d:61a:f1b0:9804:8de6:5451,2
sdv-id-RvvHzz,ACC_202,ENT_UK_010,420079.6128433815,USD,2026-01-07 09:45:56,8958:fa60:2b2d:4c60:6620:29a7:6e8b:8529,2
sdv-id-WJkBxE,ACC_174,ENT_UK_017,1119.2282463719482,USD,2026-02-08 13:27:53,e92f:36f:be3b:99e5:de17:fc15:9373:fba9,1
sdv-id-FMIlHE,ACC_180,ENT_UK_008,39699.5297093982,USD,2026-02-07 12:00:24,c41e:42c7:18a8:2027:1a27:5508:d2e3:b3fd,1
sdv-id-xNQZFS,ACC_158,ENT_UK_007,1040.6420582388882,USD,2026-01-17 07:48:01,dd40:8399:725b:1c8c:cf8d:16a3:c1c4:2858,1
sdv-id-UKKpVe,ACC_180,ENT_UK_001,85357.88338662623,USD,2026-02-16 09:02:11,9cf9:8e57:c97c:e866:b00b:f03c:83d9:db5e,2
sdv-id-AgAQHG,ACC_236,ENT_UK_002,4331.544247416395,USD,2026-02-04 10:34:03,e5fc:8a84:9a16:2ef:5b32:4fc1:c36f:2f58,1
sdv-id-DZCQbD,ACC_212,ENT_UK_005,261522.2520557735,USD,2026-03-05 03:45:45,767d:cf0f:508b:16ae:da17:4706:9b92:89cc,2
sdv-id-IZqYJI,ACC_227,ENT_UK_003,53744.47896724343,USD,2026-02-24 19:37:38,f51b:e9df:889f:dd75:43d3:a72c:bb7a:a330,1
sdv-id-ovglxJ,ACC_135,ENT_UK_010,267002.25266054063,USD,2026-02-23 11:51:15,fd13:1c50:4c87:ec35:866a:3d10:b802:f8ea,1
sdv-id-YrGfwt,ACC_236,ENT_UK_003,402125.71968957427,USD,2026-02-16 16:38:22,f95e:1f81:fe1d:c64f:16c7:62d:d131:8dd9,1
sdv-id-kdNDMg,ACC_283,ENT_UK_003,44037.515029791415,USD,2026-01-26 06:13:32,fdc3:8109:45e:2d5c:57b1:df01:1878:f1d3,1
sdv-id-ZewfMJ,ACC_241,ENT_UK_009,605658.203353488,USD,2026-01-21 15:33:52,3387:e65c:88c9:538a:aa01:5f0c:3e30:a811,1
sdv-id-JfAquu,ACC_148,ENT_UK_002,466506.6292328043,USD,2026-02-16 22:02:19,275b:61f7:deb2:3c22:5a61:229b:ff65:5e2f,2
sdv-id-BdcvyO,ACC_150,ENT_UK_008,5121.195185619664,USD,2026-01-17 13:48:18,6714:7575:4916:ecc4:6a80:4523:eaea:cea2,1
sdv-id-LoQfRw,ACC_227,ENT_UK_011,1581877.4039376965,USD,2026-02-06 05:22:29,6332:9ee9:e5d4:cfc3:7585:1e57:81e0:b46d,1
sdv-id-IsGskT,ACC_135,ENT_UK_001,141220.53647246744,USD,2026-01-22 19:06:16,511b:1e31:bc50:e3a5:feb1:ff6d:f8d2:6b19,1
sdv-id-BCmuUP,ACC_150,ENT_UK_017,42755.82522176687,USD,2026-01-29 15:34:19,6710:746a:3a83:fa14:3c65:5e60:b3de:7e87,1
sdv-id-WeNnpC,ACC_227,ENT_UK_017,426719.8974636936,USD,2026-02-12 05:48:10,bd36:3681:ccc2:909f:de4f:e1d9:eaf1:3f1,1
sdv-id-EdRRmQ,ACC_236,ENT_UK_011,313720.68217450456,USD,2026-02-19 01:24:41,85b7:860b:b9b3:f6d1:9f1d:6a55:e9d5:75fd,1
sdv-id-oKTFSL,ACC_109,ENT_UK_012,108703.3658324994,USD,2026-03-08 19:08:49,96af:4f55:5e74:223a:e708:5cd2:ee1a:324b,1
sdv-id-sNepGL,ACC_144,ENT_UK_010,669943.9015937513,USD,2026-01-13 01:23:59,6583:59e2:813:6523:1908:37ef:b426:deb6,1
sdv-id-fJuLrJ,ACC_283,ENT_UK_006,339649.39638946485,USD,2026-02-14 11:37:09,dd87:f2ac:7d46:d4a1:1c49:b4e6:32d6:b9c1,1
sdv-id-RRZjEg,ACC_227,ENT_UK_016,6326.451534194154,USD,2026-03-18 20:21:57,3518:68dd:c2ea:141f:35de:c54f:83dc:b2c0,1
sdv-id-lOYkup,ACC_283,ENT_UK_003,665096.8433539171,USD,2026-02-17 09:35:52,6291:8b01:46b0:5dd9:d855:4447:5fe:dd2,1
sdv-id-oAKtFS,ACC_223,ENT_UK_015,85839.82898292733,USD,2026-03-24 11:09:14,cc30:144c:f61e:638a:9714:1378:fad1:4845,1
sdv-id-qMOftk,ACC_283,ENT_UK_013,1619.273297439787,USD,2026-01-26 08:37:59,9e28:f30a:3626:298f:8a6a:2836:2462:b9cb,1
sdv-id-tPQSHK,ACC_241,ENT_UK_013,272960.258040287,USD,2026-03-21 16:51:24,98aa:8bc2:927d:55c:b1b:e998:e972:e558,1
sdv-id-TEMmFR,ACC_289,ENT_UK_006,103731.48168069756,USD,2026-02-08 07:41:09,fc60:2c57:8283:12d2:4bc2:d00:ac7:286e,1
sdv-id-KIieHl,ACC_268,ENT_UK_004,98755.40904848876,USD,2026-01-19 21:30:10,ecfb:1cca:b984:5d2:e7db:a939:c9b2:a429,1
sdv-id-FIjhbH,ACC_148,ENT_UK_008,355442.3445182475,USD,2026-02-06 13:53:02,d6b7:9b7d:8baf:360b:5be5:3d27:3aaf:47c9,1
sdv-id-UceQUV,ACC_274,ENT_UK_010,1465919.555329159,USD,2026-02-18 04:43:45,21e5:9f29:3198:b0a5:1d30:63b:cbb1:1f6f,2
sdv-id-BVSAFo,ACC_250,ENT_UK_013,162086.9464314967,USD,2026-02-06 11:40:47,3049:a92a:6728:64e8:13b8:48e4:3ad0:89a9,1
sdv-id-gggOri,ACC_212,ENT_UK_002,17537.274913070825,USD,2026-01-13 07:47:02,27ba:f366:b422:d494:bfce:9905:9dd6:fe95,2
sdv-id-vwogBA,ACC_250,ENT_UK_008,293422.20371831796,USD,2026-03-20 22:10:57,77d7:4467:323:7fc0:22e4:2e3a:2e53:ca29,1
sdv-id-eYzfbR,ACC_144,ENT_UK_017,226330.0429840838,USD,2026-02-11 00:38:21,5383:e12d:6f27:7fbb:297f:ba65:b011:5018,1
sdv-id-WNMpSG,ACC_212,ENT_UK_011,55157.90601392062,USD,2026-01-16 07:53:17,b4c1:a834:72cf:9370:3964:8bb7:19c0:5ca4,2
sdv-id-FfyByo,ACC_194,ENT_UK_019,518379.799536781,USD,2026-03-02 05:50:52,8ec3:1139:8c6a:a712:9c08:93c8:b06e:a341,2
sdv-id-SbLUNd,ACC_158,ENT_UK_006,944.0173240984448,USD,2026-01-14 00:05:41,dbc5:39e0:7571:a52f:3f99:2953:b227:5a9f,1
sdv-id-wUjtlL,ACC_268,ENT_UK_015,260660.47686498484,USD,2026-02-19 22:22:44,4085:a6bf:206d:5310:ff1e:8c38:4505:351c,1
sdv-id-hQeUTZ,ACC_292,ENT_UK_004,40021.95914096504,USD,2026-01-05 21:49:42,89df:b01f:7620:9ddb:f56f:5652:a009:a467,1
sdv-id-UlIXNB,ACC_236,ENT_UK_018,177040.13137562928,USD,2026-02-09 09:19:08,fa5f:94dc:22f8:9818:c2ca:d792:7dd9:cb6f,1
sdv-id-BTLArD,ACC_236,ENT_UK_018,287486.3333761897,USD,2026-03-07 14:01:38,5b5b:a684:6d8f:386c:faa7:69f3:661e:3d4,1
sdv-id-Zkadza,ACC_268,ENT_UK_004,123047.8912326404,USD,2026-01-11 15:17:31,4121:a9ba:7518:8cc9:9dc6:c5f2:cc67:54ad,1
sdv-id-EccnPu,ACC_250,ENT_UK_015,1122865.207868689,USD,2026-01-29 04:48:54,2871:e890:8d34:acdf:b2:426c:965c:66d7,2
sdv-id-HTctnQ,ACC_194,ENT_UK_019,6399.600006079774,USD,2026-02-26 03:36:54,98ff:ca09:f088:6295:973c:d742:bf42:90dc,1
sdv-id-YLAMjE,ACC_150,ENT_UK_002,2000.658056115722,USD,2026-03-07 07:09:13,5c8a:c274:7b68:c120:9c74:3d15:7694:6a03,1
sdv-id-gzpdkV,ACC_110,ENT_UK_016,499372.1320435886,USD,2026-03-12 16:23:14,59eb:5e3d:d5c3:dc21:110:9e61:3be9:7b4e,1
sdv-id-fcGaMq,ACC_180,ENT_UK_002,414780.3644885498,USD,2026-01-30 16:27:27,a180:4457:9f39:badc:4ba2:65a5:9863:8409,2
sdv-id-ERadia,ACC_144,ENT_UK_006,739846.924291713,USD,2026-03-07 05:29:51,7261:9fd1:8339:c1cb:d587:1d44:b68:f0ae,2
sdv-id-PoZHJR,ACC_241,ENT_UK_005,51886.063901290494,USD,2026-04-01 11:38:29,9621:df35:e907:9df7:a5ae:b920:437b:6f3f,1
sdv-id-KPEuTl,ACC_135,ENT_UK_003,48223.554826452295,USD,2026-01-27 11:23:31,4f31:8e57:d4:e517:cc6b:98d1:e0ab:cf0c,1
sdv-id-qYsROB,ACC_212,ENT_UK_016,113265.66336471772,USD,2026-01-04 12:28:44,8a76:1b48:af86:f4d7:881b:cafa:f001:3f56,2
sdv-id-snGkcu,ACC_180,ENT_UK_002,14094.488157686832,USD,2026-01-17 00:02:35,7814:a846:7742:f446:22dd:5897:f3f7:9305,1
sdv-id-FPmYsN,ACC_135,ENT_UK_014,28617.06275193545,USD,2026-03-11 11:09:11,bcbe:f3ab:282:2d8b:f4a9:4856:3f2c:279c,1
sdv-id-ACVWuH,ACC_180,ENT_UK_011,318343.9323202207,USD,2026-03-14 03:22:15,e555:3fae:fccf:76e1:15cb:7a0e:cdd3:c24a,1
sdv-id-uwjfTF,ACC_109,ENT_UK_005,315246.6405258619,USD,2026-03-26 19:15:41,e11f:f364:5bb0:379a:4b15:6d8f:621a:120,1
sdv-id-FrqPvH,ACC_236,ENT_UK_013,2209.781410384524,USD,2026-01-31 19:40:12,7a5f:7c61:98d9:4ee7:ad13:7124:6a02:736e,1
sdv-id-URCLvn,ACC_150,ENT_UK_009,18880.359868377367,USD,2026-01-15 16:13:10,1681:c1b:c827:f125:5ad:2ad0:8238:323f,1
sdv-id-QaiyOg,ACC_227,ENT_UK_007,984648.809056407,USD,2026-02-01 05:46:24,a7d2:8111:e85f:e3e5:9c78:5490:4c4f:e4fb,1
sdv-id-MYUTdo,ACC_206,ENT_UK_001,985.9648729367244,USD,2026-01-22 16:14:53,f0b:294a:5640:8457:494a:cdf8:954:f956,2
sdv-id-GrmHqE,ACC_150,ENT_UK_006,539499.189505109,USD,2026-03-03 05:22:48,31d7:ec65:e407:db92:b0bc:ce3f:57e1:a0c9,2
sdv-id-RpBjam,ACC_180,ENT_UK_004,69686.6874056503,USD,2026-02-14 19:21:03,64ed:f23:ff07:c193:2df:214d:c11:f7e5,1
sdv-id-IPXcrz,ACC_250,ENT_UK_008,9270.272298297712,USD,2026-03-15 19:38:42,47a3:8d94:f98f:6f4e:fc09:d937:bbd1:d8b3,1
sdv-id-UPlndN,ACC_144,ENT_UK_007,143312.8563217549,USD,2026-02-14 19:05:49,1af3:6d71:a43:5642:4f4f:d7ee:da1a:438d,1
sdv-id-LnRbIQ,ACC_250,ENT_UK_004,374862.2881243306,USD,2026-03-25 07:12:24,bfba:d945:2b1:def4:7ea6:32c:5631:f7fe,1
sdv-id-xQPpge,ACC_274,ENT_UK_014,835216.0059537858,USD,2026-03-01 09:13:03,8fcc:5f28:a776:fc45:71d8:3649:165e:ee3c,2
sdv-id-SABCSE,ACC_150,ENT_UK_003,2032508.3351251252,USD,2026-01-03 10:28:02,a8a9:1797:d987:eb39:6ebe:5da8:bcd7:a8cf,1
sdv-id-IXzHBC,ACC_250,ENT_UK_019,1350.0569986412647,USD,2026-03-14 14:51:47,6f48:6a28:d6f6:80fb:eade:234f:da25:5643,1
sdv-id-tGSPQP,ACC_236,ENT_UK_008,24949.353039710037,USD,2026-03-05 01:25:28,f733:b045:9a8a:5f01:3731:3e22:2075:d380,1
sdv-id-NvRqRz,ACC_250,ENT_UK_009,57713.641666780255,USD,2026-01-16 23:47:07,f4ca:ac50:6aac:7905:e97f:655f:22f4:82c1,1
sdv-id-rRugvj,ACC_241,ENT_UK_003,45864.79844797503,USD,2026-01-31 18:28:26,8d26:b6b9:6a6b:1366:eeba:85ae:78a6:c8eb,1
sdv-id-NtfCUo,ACC_180,ENT_UK_016,194774.1505997367,USD,2026-01-29 08:59:26,3cae:ea01:3561:4d7d:6d95:9168:ceac:86e5,1
sdv-id-nIBQAM,ACC_241,ENT_UK_016,245038.59372488092,USD,2026-03-28 12:27:05,3dd0:4ba:bc1f:7495:236e:79f0:48d4:5c3f,1
sdv-id-IAAzrU,ACC_274,ENT_UK_003,1616.794762216946,USD,2026-02-14 19:49:39,c047:6f87:2d31:859a:b857:ce7d:42b9:e34,2
sdv-id-Iwwwfz,ACC_250,ENT_UK_013,57450.6049242899,USD,2026-04-01 11:23:24,319c:eb60:9c54:6e79:640e:1a6:9bea:e867,1
sdv-id-mcsdCv,ACC_292,ENT_UK_011,959624.3681032396,USD,2026-03-29 01:58:28,a3e8:a2a8:a19e:3949:fa9f:85bd:a1f1:a57f,1
sdv-id-NHKAKX,ACC_109,ENT_UK_008,13319.236570153646,USD,2026-03-05 00:16:32,fedc:c4c1:8131:27e3:cb48:e3a:fd1a:1ba,1
sdv-id-YnzoeO,ACC_180,ENT_UK_003,2037.7908690325517,USD,2026-02-20 20:16:32,59fb:4ba6:ed16:c178:653:2ed9:ab9b:934e,1
sdv-id-JWFVgZ,ACC_250,ENT_UK_010,103707.47730945137,USD,2026-02-08 03:22:33,dd04:e58:88ca:52c1:eefc:393:14d7:857f,1
sdv-id-BkaqgO,ACC_274,ENT_UK_006,199997.99031252277,USD,2026-03-07 09:47:01,1b97:8960:675e:3392:50e1:ff6e:2b79:3e5b,2
sdv-id-SysOsH,ACC_180,ENT_UK_015,834465.6188239084,USD,2026-01-05 13:15:56,1ebd:9c0a:68ba:9ce8:fc4d:736:d1e5:ab5c,2
sdv-id-CFSBMU,ACC_236,ENT_UK_017,577301.9787770517,USD,2026-03-15 01:08:00,7e5a:1ff5:aa96:e245:89f6:4bc1:9f42:c01f,1
sdv-id-JnadmU,ACC_144,ENT_UK_018,140045.93978178952,USD,2026-03-09 21:35:15,4685:14c5:d523:bfec:bca6:3159:2bd7:ef04,1
sdv-id-juqQLs,ACC_194,ENT_UK_011,654365.6950208615,USD,2026-03-17 18:00:38,d26c:a05e:672a:ec96:95c2:9f3a:7ddc:a11a,1
sdv-id-hxqhPW,ACC_236,ENT_UK_008,34043.46059907108,USD,2026-03-09 13:57:42,a4b2:48db:1ffd:3f7d:5815:90e:8ef8:25ac,1
sdv-id-kcrVrj,ACC_212,ENT_UK_002,2979.405383999529,USD,2026-03-02 18:56:54,fd58:33ed:3efb:bf29:d9ae:aeb4:2383:bd19,2
sdv-id-NHxMZF,ACC_292,ENT_UK_016,797075.0774054314,USD,2026-01-10 13:08:33,5fc4:4ef2:70f5:58df:9a04:f670:6452:d393,1
sdv-id-IyBWlh,ACC_241,ENT_UK_017,61033.74109420187,USD,2026-01-17 20:08:05,d40a:c8e0:310c:6074:906:5a51:b1c6:7f8e,1
sdv-id-DiXcmR,ACC_283,ENT_UK_016,91914.6241899146,USD,2026-02-13 11:24:16,fab8:55bd:8ec2:94ad:b56c:595f:101f:d5f4,1
sdv-id-IQoBVP,ACC_250,ENT_UK_011,2273.709476387066,USD,2026-03-21 17:12:52,2b7:f1b6:7b54:473f:93e2:7505:e69f:ac23,1
sdv-id-zepoRy,ACC_194,ENT_UK_013,1009.90717174943,USD,2026-02-27 19:47:05,db25:2612:82ff:b371:84b9:fa35:6890:499a,1
sdv-id-lkXhwA,ACC_227,ENT_UK_001,15501.43701392882,USD,2026-03-04 02:02:54,4011:3af3:3bc7:d8dd:6ae8:19c3:f21:dcc3,1
sdv-id-caHiaB,ACC_289,ENT_UK_016,118223.10279157336,USD,2026-02-08 07:13:44,3cea:77c5:31fe:ff87:4f82:37eb:6b94:ba0d,1
sdv-id-DMcAeL,ACC_148,ENT_UK_010,91535.1427261956,USD,2026-03-21 20:04:02,709f:3d29:2f3d:48fc:1bbf:349:a156:b7a1,1
sdv-id-XXflXo,ACC_212,ENT_UK_013,44714.79276100468,USD,2026-01-18 13:22:18,a125:ab8e:f828:2f9c:2efb:13a0:5283:4892,2
sdv-id-rSWEIq,ACC_250,ENT_UK_009,153913.75640117828,USD,2026-01-18 06:29:02,6440:9402:4f77:eb7f:8dcf:54e2:b634:d8a3,1
sdv-id-wqNdna,ACC_274,ENT_UK_009,19317.33365914073,USD,2026-03-01 02:15:57,e3f9:34bc:3a00:a350:43dd:ca76:7f1d:fac9,2
sdv-id-KUQMPi,ACC_180,ENT_UK_010,295911.1736844811,USD,2026-03-15 08:10:53,7d5:5c9c:2ebf:6157:65a0:1dc6:dc2f:15b,1
sdv-id-uokJND,ACC_227,ENT_UK_002,101848.16677570938,USD,2026-03-11 10:19:55,ab5a:f3dd:5e2d:d8c4:a9a5:a15e:76e2:8329,1
sdv-id-HcNejr,ACC_227,ENT_UK_008,45799.91456641569,USD,2026-03-24 03:02:26,7b83:1275:e4d3:49b6:4799:dd12:723b:f2f9,1
sdv-id-mFNSUb,ACC_180,ENT_UK_008,1212822.531795442,USD,2026-02-05 03:59:15,ab32:fc86:1c79:998b:2d37:def4:f417:ddd2,2
sdv-id-cWCioI,ACC_116,ENT_UK_019,212146.32099673583,USD,2026-01-30 02:00:25,7fe6:fcce:b556:a4bf:ce68:42a1:229d:eeb0,1
sdv-id-zDTtFF,ACC_250,ENT_UK_006,118079.54212197602,USD,2026-02-17 18:01:48,b24e:3c1b:b60b:2c98:5f95:a6fc:9fac:a5f6,1
sdv-id-QzZTyG,ACC_250,ENT_UK_009,916809.3485768388,USD,2026-03-20 01:49:45,9a93:a37d:a23c:4956:dd96:7399:e688:165,1
sdv-id-Etvtns,ACC_227,ENT_UK_003,852752.273598312,USD,2026-01-24 11:50:49,6e2e:ca86:69ed:c9:dbc6:af8d:7cd5:62ec,1
sdv-id-hkyNMp,ACC_206,ENT_UK_010,34418.7824617061,USD,2026-03-30 19:52:10,ed08:b58e:8688:344b:266c:e741:5fa:3473,2
sdv-id-mDOGXH,ACC_212,ENT_UK_008,2721.8398273871394,USD,2026-04-01 16:03:42,ba19:f551:d8c9:1d45:f6ae:8a5b:ded:bd7e,2
sdv-id-Tknjkf,ACC_110,ENT_UK_009,1923.0323369629627,USD,2026-01-27 04:56:32,e681:7eb1:6ca2:1d7f:f360:2822:d9c4:3365,1
sdv-id-yuYYeG,ACC_174,ENT_UK_006,1476415.2622412902,USD,2026-02-08 23:46:23,b3d3:6967:bd2e:689f:72cf:8cb6:ebb:2ac6,2
sdv-id-GaGCOD,ACC_150,ENT_UK_016,38956.752099010024,USD,2026-02-24 02:43:00,fb9e:6929:4d93:ab08:6f50:d845:605b:3d61,1
sdv-id-ZiQZxm,ACC_151,ENT_UK_012,749686.1405719788,USD,2026-01-30 16:39:13,4419:c42b:1b9c:9f2b:1da5:4b8a:cc61:c88d,1
sdv-id-LzHstH,ACC_292,ENT_UK_010,353778.52190989995,USD,2026-01-01 21:53:44,ebb7:9d5e:650b:1b03:ea43:fe26:32ba:eb28,1
sdv-id-KUNVIO,ACC_194,ENT_UK_019,224123.52971479608,USD,2026-03-11 21:29:19,6963:6336:c5ed:c37c:a444:a2c4:17b5:69a1,1
sdv-id-cyqLof,ACC_283,ENT_UK_006,9259.210139850273,USD,2026-03-01 14:35:11,4343:39ba:b5f0:6081:b28:ed23:9ce2:5f1f,1
sdv-id-rCOrkB,ACC_148,ENT_UK_014,8848.276027076521,USD,2026-02-19 18:53:42,6371:a406:7f4b:bf32:beed:1ba9:53a8:409e,1
sdv-id-WqlRzN,ACC_223,ENT_UK_013,1597717.2932668717,USD,2026-01-14 21:15:50,7d9f:2a29:7e3e:a102:927d:2e98:ba3d:877b,1
sdv-id-WKOObp,ACC_223,ENT_UK_009,132385.03151233797,USD,2026-02-27 06:22:45,aa20:da74:494f:8447:c464:8139:410b:6190,1
sdv-id-GZkTcY,ACC_227,ENT_UK_004,1761.0540382839,USD,2026-01-06 12:50:09,2b60:c7e:41b1:658c:b55c:6f5:d81e:d424,1
sdv-id-gIbYMS,ACC_292,ENT_UK_007,3977.138191968925,USD,2026-01-06 22:10:15,127b:567e:fe14:2cfa:c2f1:21f7:cf8b:3b03,1
sdv-id-TupatC,ACC_180,ENT_UK_017,9755.54251769262,USD,2026-01-10 15:11:51,ad01:ba47:7116:bf60:23d1:8722:a9cb:a373,1
sdv-id-DlqDLp,ACC_175,ENT_UK_010,257684.49466491875,USD,2026-01-06 10:08:08,eef4:d32d:84f4:8b94:2120:ccf4:e291:fa7f,2
sdv-id-zsKWPk,ACC_236,ENT_UK_007,198074.79652417815,USD,2026-01-23 17:01:15,4c4f:fcf2:39ae:222f:83a0:ec8a:f5ba:2e2d,1
sdv-id-wbcGPt,ACC_180,ENT_UK_012,2456.521920944145,USD,2026-03-30 20:20:18,6e07:4eae:7cd0:f03a:df61:45b1:9ffc:e72,1
sdv-id-WPlOQY,ACC_236,ENT_UK_017,3287.1059525822907,USD,2026-04-01 17:36:40,d4c6:224e:7154:5112:fede:10e:7344:dc4e,1
sdv-id-ifaveg,ACC_144,ENT_UK_007,285684.51038420515,USD,2026-03-06 11:51:39,945f:e44e:f706:3126:ad61:6f30:7424:384,1
sdv-id-MDPSLE,ACC_292,ENT_UK_012,1070.155237581458,USD,2026-03-25 03:45:40,2db3:9f6d:7b27:ffa3:d824:1bbc:1aa3:cf4b,1
sdv-id-NTxEUG,ACC_269,ENT_UK_017,87334.49412838725,USD,2026-02-09 19:08:06,9fb5:2f7d:7984:337a:9d56:d2d9:3926:c31c,0
sdv-id-fNibYy,ACC_250,ENT_UK_008,1182.3206250654375,USD,2026-03-27 11:50:09,fbf3:e4ba:cc5b:b824:1259:2565:fd4b:979f,1
sdv-id-zksIVJ,ACC_277,ENT_UK_004,5767.773229053636,USD,2026-01-02 16:58:23,9df7:c6ec:ef54:dbf2:b723:b50b:1842:4a88,1
sdv-id-uQVluE,ACC_206,ENT_UK_007,2868.592332904737,USD,2026-03-22 03:16:25,126b:e4b8:738c:1346:3586:cda4:c2a0:1754,2
sdv-id-OOaJKZ,ACC_180,ENT_UK_001,30897.75906432529,USD,2026-02-03 11:11:48,f9c:4ba6:73c6:fcf4:c4a6:5604:4ce5:e327,2
sdv-id-KRFMAO,ACC_227,ENT_UK_002,64323.45346710549,USD,2026-02-23 23:49:55,ad78:d41f:3ed9:9453:b9fa:fd08:ed5c:718b,1
sdv-id-UvtECl,ACC_250,ENT_UK_001,936.3630037648792,USD,2026-02-23 14:34:35,f49a:3017:18ec:a75f:4b62:f1cc:4c40:e57f,1
sdv-id-mhAdgr,ACC_274,ENT_UK_006,11226.046613644186,USD,2026-01-19 06:53:46,c458:a1b4:5a0d:5b51:15f9:a54d:5357:5fbc,2
sdv-id-YQHMgH,ACC_292,ENT_UK_005,49638.63464279235,USD,2026-01-26 01:46:40,2b0:a0b6:f765:afbc:8976:2ac9:21ac:5b1c,1
sdv-id-aQUbDA,ACC_236,ENT_UK_018,18971.507923179524,USD,2026-03-12 15:00:04,e034:54ac:84c4:aee0:b342:ef21:4b68:82f4,1
sdv-id-wqoPWl,ACC_212,ENT_UK_016,21610.22690118061,USD,2026-01-08 21:42:31,3b5d:658d:6c06:5312:bb68:a6c5:84c8:aed7,2
sdv-id-gCUhQW,ACC_212,ENT_UK_010,54292.74719885257,USD,2026-01-14 11:57:45,f1cd:b06e:b636:9eae:fbea:91af:2811:3fe7,2
sdv-id-TNClge,ACC_227,ENT_UK_005,8652.856458400349,USD,2026-01-20 11:41:20,79fe:b844:4400:67db:41b1:de81:f3c0:1f48,1
sdv-id-rzwhKD,ACC_174,ENT_UK_004,679098.1929266718,USD,2026-01-16 03:50:00,49a3:2675:a4e8:4b9:3e49:5083:b656:c360,2
sdv-id-NRQchK,ACC_116,ENT_UK_018,1363.8486586989256,USD,2026-02-12 08:17:52,27f1:79a1:d531:93c9:523f:12bd:4cbf:4fb,1
sdv-id-oyVLKl,ACC_135,ENT_UK_012,63406.674460575035,USD,2026-03-28 10:59:01,3882:c75a:fb9b:79e0:1925:10c3:c6fb:6865,1
sdv-id-gJITZq,ACC_250,ENT_UK_013,12353.007975724184,USD,2026-03-26 21:16:56,db16:de24:bf66:5956:c306:a1c6:355c:aba6,1
sdv-id-wfkwFU,ACC_274,ENT_UK_013,20971.864416651184,USD,2026-01-24 12:59:21,7c68:4985:9cd8:c987:667:5cb1:70d6:7cd0,2
sdv-id-oNILwu,ACC_194,ENT_UK_016,60013.24740151049,USD,2026-01-30 05:54:54,c054:a94:8268:2508:ba61:65f2:e4bc:c0b1,1
sdv-id-DoeRIz,ACC_158,ENT_UK_003,162781.97309543056,USD,2026-03-14 17:00:05,2e05:b00d:9ab0:31cd:1e7b:38d:232:e12c,1
sdv-id-wwtoIs,ACC_236,ENT_UK_014,61077.54428786894,USD,2026-01-05 18:13:58,f8ff:f802:a80f:e880:fbcf:4e9:81f1:c434,1
sdv-id-NBDpaX,ACC_109,ENT_UK_019,9264.594694754373,USD,2026-01-06 01:56:38,93e0:bd3f:80ce:6aad:8568:fd4c:d2d7:9a5f,1
sdv-id-bQBxVY,ACC_180,ENT_UK_003,127474.56898708025,USD,2026-03-01 02:14:05,bdd0:8402:1fd2:7163:18ab:f7af:16cd:c9e1,1
sdv-id-HrgRxf,ACC_194,ENT_UK_017,81399.8321175294,USD,2026-02-21 11:10:52,a964:d1dc:3ba4:a867:33d4:9cb:99a3:1ed3,1
sdv-id-ZeqnCi,ACC_212,ENT_UK_013,48503.45154146437,USD,2026-03-26 00:48:23,c983:b133:edfa:72f6:b64b:7567:9dca:26ed,2
sdv-id-muBOLK,ACC_206,ENT_UK_009,69657.4114686969,USD,2026-02-06 12:10:42,6cb9:4fd7:8f6f:8e37:feed:2f0c:439b:528a,2
sdv-id-djftCd,ACC_283,ENT_UK_018,725441.4425304735,USD,2026-02-13 13:47:30,2e68:218b:3c43:4e7f:ddb2:5c96:9e2f:dba,1
sdv-id-NywMdh,ACC_175,ENT_UK_015,342368.87450964627,USD,2026-03-28 06:02:09,9ed1:363c:ca64:c4a1:6509:54b3:a569:46b9,2
sdv-id-YwUMEo,ACC_175,ENT_UK_016,11931.04152990083,USD,2026-01-27 04:36:42,4de:9b8:a0dc:f4ab:34b5:9a18:ee32:baf5,2
sdv-id-zVaBxh,ACC_227,ENT_UK_011,950249.0908505936,USD,2026-01-20 20:35:36,f6f1:fbeb:915:e761:b4be:f65c:d4e:df7d,2
sdv-id-AoMOhg,ACC_116,ENT_UK_009,102314.50407947664,USD,2026-02-25 18:37:24,7f56:cec0:6198:addf:bb71:fc07:94cc:2df0,1
sdv-id-zNhbcf,ACC_236,ENT_UK_008,86200.7494624258,USD,2026-01-28 03:24:17,9dd8:b25d:ecf2:e1b:2f6c:3539:e423:2419,1
sdv-id-GVfJyH,ACC_268,ENT_UK_006,954.6430418092845,USD,2026-01-19 04:48:55,4229:562d:2753:b3c9:b7a:99b2:acca:6449,1
sdv-id-RxAAuP,ACC_250,ENT_UK_017,34311.8999731402,USD,2026-02-23 06:53:56,3717:b25c:66c6:7ad4:4201:3697:aa1d:dbf2,1
sdv-id-Oxqchl,ACC_158,ENT_UK_005,950.0565541316112,USD,2026-03-06 22:43:44,18eb:bdb6:6093:6c02:e391:870c:c08e:d3e0,1
sdv-id-YOvloW,ACC_158,ENT_UK_006,133855.41098919508,USD,2026-02-17 01:33:52,800b:21bf:95ed:d9fd:eed1:c659:b2e7:d9e8,1
sdv-id-yRiLJE,ACC_150,ENT_UK_017,23440.188515210553,USD,2026-03-02 23:05:30,6ac2:3955:767a:97ca:1a6f:555f:1f0d:173d,1
sdv-id-DzMouk,ACC_283,ENT_UK_002,132087.64600908713,USD,2026-03-22 12:36:28,2b69:d8de:8119:c89e:1f47:d587:4083:b06b,1
sdv-id-mKYpUD,ACC_274,ENT_UK_014,7953.149892899317,USD,2026-01-15 21:44:19,3929:f3e4:ca7d:fdf7:55a8:c37e:cf1:997e,2
sdv-id-bmeJWe,ACC_236,ENT_UK_019,2326.007090009286,USD,2026-02-26 02:04:39,838b:72e6:c80a:2ec1:b0e:16a8:941b:a0ce,1
sdv-id-YXqXRl,ACC_212,ENT_UK_014,21736.182565074854,USD,2026-02-18 23:15:29,99a:5ee1:a93c:6afd:f25a:446a:6b42:6528,2
sdv-id-nWQhmL,ACC_180,ENT_UK_008,18491.9358774827,USD,2026-01-28 01:14:02,75a:65ea:a2fe:8289:9331:993c:6125:28a5,1
sdv-id-DtKXTF,ACC_227,ENT_UK_006,90350.01207492524,USD,2026-02-28 10:18:54,e7ec:d237:37cc:205c:ec46:3b1a:d1a8:88dd,1
sdv-id-dRtPID,ACC_151,ENT_UK_012,88870.46343888994,USD,2026-01-25 16:37:28,ebb1:4ca7:1d6c:a02c:4a72:510:c007:201b,1
sdv-id-pqyRKF,ACC_236,ENT_UK_003,353050.1237003351,USD,2026-02-22 18:10:21,7b61:55ba:45b9:1fce:9137:b057:1cba:e69f,2
sdv-id-aDPpIV,ACC_175,ENT_UK_010,3770.966765047782,USD,2026-03-11 15:49:40,52f2:c516:a403:da7a:627a:7e50:36c7:6417,2
sdv-id-nfiUGP,ACC_212,ENT_UK_019,175066.57808685928,USD,2026-01-05 14:56:16,533a:4799:813a:afda:48d3:852a:18c4:ebb2,2
sdv-id-PdJJji,ACC_135,ENT_UK_019,730828.3901604733,USD,2026-01-10 09:19:36,851c:12b4:72c2:9d7b:7587:7942:78:b70c,1
sdv-id-qfUmtn,ACC_236,ENT_UK_001,1970.3113415915736,USD,2026-02-27 08:44:06,1c7d:29ae:2952:faeb:c6a9:38b6:d323:f700,1
sdv-id-KnZDLa,ACC_268,ENT_UK_018,105229.16346503935,USD,2026-03-24 03:49:30,8074:f059:c93c:2764:d0fa:82a:61ef:243b,1
sdv-id-UWQsUE,ACC_227,ENT_UK_011,3608.363971413314,USD,2026-03-26 15:21:03,21bb:8858:94b9:2fba:f423:984:ef74:37dc,1
sdv-id-WdomfN,ACC_236,ENT_UK_017,501345.76383395866,USD,2026-01-29 22:39:56,dfa:dccf:caa7:9d64:3908:f7a9:cc24:70cf,1
sdv-id-FEeAzA,ACC_112,ENT_UK_016,140924.9703300237,USD,2026-01-31 02:00:06,706f:6ea9:6297:6518:1992:4338:3414:19a9,2
sdv-id-iBUTKk,ACC_236,ENT_UK_005,1938.1633575761705,USD,2026-01-04 01:29:37,5304:4644:c55d:714c:34f4:13b5:a5f4:9b77,1
sdv-id-RlAoKS,ACC_227,ENT_UK_005,2458.5914838156377,USD,2026-03-03 20:08:51,8024:bfc7:d8b5:9812:71e8:62a6:8a41:6ca1,1
sdv-id-VMNKQR,ACC_292,ENT_UK_004,2562.905152048398,USD,2026-03-15 21:57:10,40d:4deb:e2ba:2936:67c5:640:dfaf:e7c6,1
sdv-id-cKRMmo,ACC_250,ENT_UK_002,448050.07761716127,USD,2026-01-05 14:11:27,d6af:acb9:5063:8413:afc8:d027:fc36:6bb9,2
sdv-id-HRlzeA,ACC_236,ENT_UK_004,330419.70106598694,USD,2026-03-16 13:09:02,70c0:acbd:1bff:5e47:112b:9052:4c51:a75c,2
sdv-id-GPcOTk,ACC_180,ENT_UK_010,170877.19572169922,USD,2026-02-22 07:43:09,d543:3837:7ff9:ffa:a3f:8f2f:cb79:ea6c,1
sdv-id-JIawdp,ACC_148,ENT_UK_007,181776.7266322316,USD,2026-01-25 11:48:48,e78f:a357:7130:3586:3973:7b49:8819:3eef,2
sdv-id-ijHAvu,ACC_135,ENT_UK_004,26568.597954554534,USD,2026-03-15 15:32:29,97bb:bc15:2ce1:1505:6949:1980:40fc:bbe3,1
sdv-id-ifgZJc,ACC_236,ENT_UK_018,1082.7710905192273,USD,2026-03-28 20:57:16,644a:6378:3de1:ff18:6b83:85c6:eb4f:98bd,1
sdv-id-cMOhCb,ACC_283,ENT_UK_014,2842.9847127550283,USD,2026-01-12 05:23:42,b723:ae06:8d1e:b546:40c1:573e:809a:3267,1
sdv-id-dZIipX,ACC_268,ENT_UK_007,1329509.7964572613,USD,2026-03-04 00:25:35,c2de:fdcf:100f:34f:834e:b01e:ef83:cdf0,1
sdv-id-ANSiha,ACC_250,ENT_UK_018,68600.60429304441,USD,2026-02-25 16:54:58,e60d:9952:a192:611c:928e:727e:5cef:b2c6,1
sdv-id-nzuNpz,ACC_227,ENT_UK_014,15963.324691074571,USD,2026-02-18 13:50:13,a494:9c0:b6d1:fa45:7534:9c7e:4459:e5d2,1
sdv-id-nWqCxj,ACC_110,ENT_UK_015,607137.1699849179,USD,2026-03-19 20:13:10,8a2:29fd:63ba:1fc0:7c40:1832:efd4:d2b,1
sdv-id-WlalaO,ACC_174,ENT_UK_011,892816.3034256152,USD,2026-02-13 03:18:05,da31:acc0:6f70:49ee:bca2:217c:b860:f072,2
sdv-id-QsbfkA,ACC_223,ENT_UK_008,923.1773686096468,USD,2026-03-18 18:05:28,85cd:8afc:135c:f6:5913:d007:b215:8f35,1
sdv-id-jUZQuF,ACC_212,ENT_UK_014,522600.0591463569,USD,2026-03-03 01:44:27,5be5:695f:dac4:9a52:8c4e:7385:3bc0:ead2,2
sdv-id-eontWw,ACC_236,ENT_UK_006,103042.1826668948,USD,2026-02-17 16:02:34,654a:d2f9:6adf:85a3:9f1d:457:554:59f3,2
sdv-id-IUbYZj,ACC_236,ENT_UK_001,8540.701896051001,USD,2026-01-19 07:22:38,a60e:bd6d:2803:b688:81ab:11d0:4783:a6f0,1
sdv-id-pRZRsf,ACC_148,ENT_UK_004,123031.51790322697,USD,2026-01-09 03:25:27,1a03:ff6e:3a20:b5de:54dc:ede:3b65:39db,1
sdv-id-VopJFa,ACC_110,ENT_UK_013,1656.2211512889749,USD,2026-02-02 01:15:02,b44e:3528:d178:8ca1:145c:c866:70ce:8383,1
sdv-id-jCGcTc,ACC_180,ENT_UK_006,172750.62427745355,USD,2026-01-02 02:17:59,4bb8:8194:6042:cd47:5376:52b1:8cfe:96c1,1
sdv-id-FVBVRt,ACC_283,ENT_UK_004,9035.324552683764,USD,2026-03-19 17:45:17,755c:697a:d438:129b:b782:acc6:3a2b:1ff6,1
sdv-id-MalbLt,ACC_150,ENT_UK_004,175264.70306189978,USD,2026-02-20 20:12:20,45ab:103d:c0eb:1399:f068:df9a:ec:f679,1
sdv-id-YWWJmt,ACC_250,ENT_UK_018,77221.92923950506,USD,2026-03-07 05:59:57,b6fc:9130:6579:8a10:33d2:1256:791e:ce6e,1
sdv-id-BSZmab,ACC_116,ENT_UK_012,22701.95247623115,USD,2026-02-16 00:05:38,8301:1b66:748b:c85c:76a7:93dd:f894:67fb,1
sdv-id-SJoaTS,ACC_194,ENT_UK_008,4121.638939594495,USD,2026-02-06 05:41:56,d592:d03b:d8dd:a233:aad9:ea84:73eb:4028,1
sdv-id-AGrqNW,ACC_274,ENT_UK_014,226648.51268345828,USD,2026-01-18 06:59:27,a08b:13ad:29d5:e04:a843:1eb9:c82f:c95e,2
sdv-id-gnWBvz,ACC_274,ENT_UK_002,10816.602968421686,USD,2026-03-31 12:49:11,6ff0:f19e:dfd8:e5c1:146e:6222:8467:e4d0,2
sdv-id-CkEakE,ACC_236,ENT_UK_018,684910.299430487,USD,2026-03-12 07:03:50,5879:80ec:1c61:38df:103a:a87b:8a90:8e9c,2
sdv-id-bFWFRp,ACC_227,ENT_UK_018,22891.451851406848,USD,2026-01-12 18:51:05,9828:d3df:5c26:761a:b529:cce7:f542:9dbd,1
sdv-id-JGnbeK,ACC_212,ENT_UK_017,1292.4830949037623,USD,2026-03-27 17:14:23,6724:ef5a:1adc:f0eb:7e56:1b27:f445:4aee,2
sdv-id-ibuErx,ACC_227,ENT_UK_004,214139.1293124821,USD,2026-02-22 20:22:11,45a8:6d40:dfb2:a786:5a51:2067:9b6f:9cdf,1
sdv-id-SjpStM,ACC_268,ENT_UK_004,1383.8419459482702,USD,2026-02-27 13:24:59,61e1:e2ba:bdb0:1bc5:1087:96a0:e64:271,1
sdv-id-raOcso,ACC_110,ENT_UK_009,85569.42338433117,USD,2026-03-24 23:50:20,7fd:e3e6:ba27:ee6c:cafa:31ee:fdf3:459e,1
sdv-id-bYHuRV,ACC_194,ENT_UK_010,42079.867904670784,USD,2026-01-11 02:00:39,253b:e888:6acb:19a7:2780:2dc4:2a25:605a,1
sdv-id-loFiIr,ACC_206,ENT_UK_013,535563.820002878,USD,2026-03-31 03:25:14,bd6d:eed3:d40f:3935:ed07:4e76:6c7f:41f8,2
sdv-id-mOESBR,ACC_144,ENT_UK_019,919.06860486148,USD,2026-02-04 01:02:16,8f0c:f87b:ade6:507a:f9e8:f1c2:d062:ed9a,1
sdv-id-ITPeAT,ACC_236,ENT_UK_004,29357.19437912688,USD,2026-03-17 14:05:30,6281:8831:a9f1:da8:d077:69f7:ebce:40d4,1
sdv-id-pSEQPj,ACC_292,ENT_UK_005,5030.007134893825,USD,2026-02-21 04:03:09,8aa:cdc8:f497:95f0:35e:443a:3756:f55,1
sdv-id-QLSEXj,ACC_180,ENT_UK_006,321730.60377442755,USD,2026-01-14 08:40:52,bee4:5165:13b8:7301:a2cd:9d77:df37:ad04,1
sdv-id-qLTUTl,ACC_212,ENT_UK_011,7374.540263683563,USD,2026-01-13 21:05:49,b56e:8980:7cd6:f82d:d095:7760:ae95:d7c4,2
sdv-id-eKtjOm,ACC_236,ENT_UK_014,23439.46995840248,USD,2026-04-01 05:20:51,8ccf:bf15:a11b:ad37:450e:a2a0:bfc1:5c74,1
sdv-id-mfmAlj,ACC_283,ENT_UK_011,152598.34308875407,USD,2026-03-06 10:49:42,8c8a:d4e9:3851:cae4:384a:fe86:297c:c624,1
sdv-id-vwTtQB,ACC_236,ENT_UK_013,1729.145277081056,USD,2026-03-31 03:28:18,c90f:37bc:2a50:8177:6f3e:d087:a678:30fa,1
sdv-id-HvXoXZ,ACC_148,ENT_UK_017,25191.690896430828,USD,2026-03-06 23:27:51,9739:fe7b:33ec:1abd:862a:c1d1:2c15:9d57,1
sdv-id-HDCOcN,ACC_274,ENT_UK_001,82229.76777317285,USD,2026-01-03 19:27:01,e60e:30a:70aa:428a:dec3:51d6:c851:becf,2
sdv-id-kvdbVZ,ACC_144,ENT_UK_008,349532.1606764867,USD,2026-01-27 03:13:24,5016:34d5:723f:93b:82b0:397a:f1bc:f7fc,1
sdv-id-oiVGmW,ACC_250,ENT_UK_004,290424.2898982018,USD,2026-03-13 10:42:02,bae5:b21b:360c:ca95:7ae5:1f65:6df3:adef,1
sdv-id-zuDfpP,ACC_206,ENT_UK_004,1410.703748605593,USD,2026-02-26 11:07:13,634a:ab3e:32ed:b2f6:6c8a:c17:4f40:8bb7,2
sdv-id-UHZmaz,ACC_236,ENT_UK_006,217113.85189330977,USD,2026-03-29 08:25:44,b321:1851:b9e0:1e5e:d7a7:fffa:b844:5718,1
sdv-id-QkIOFT,ACC_180,ENT_UK_014,25589.65950336693,USD,2026-03-07 21:04:49,a71:49a9:a576:5c63:c46a:e9b0:2eff:dbc,1
sdv-id-hJwyvz,ACC_116,ENT_UK_011,381327.26348253334,USD,2026-03-27 08:47:03,8a57:a58:30d5:946d:7d21:a2de:581b:91a4,1
sdv-id-HxpeIo,ACC_194,ENT_UK_017,141672.7034622023,USD,2026-02-09 14:20:14,abef:718a:38a1:7e95:cbee:363f:de37:4d9c,1
sdv-id-bXpovY,ACC_206,ENT_UK_010,73146.72005548545,USD,2026-01-23 11:31:29,1aad:aee1:1284:5324:518c:f49e:b57d:f8b9,2
sdv-id-hNEjCj,ACC_150,ENT_UK_014,72739.40459548269,USD,2026-01-22 04:30:51,1d4c:f508:fd7c:9171:b998:a30a:8e13:23a5,1
sdv-id-vkpsws,ACC_212,ENT_UK_012,16968.348635491042,USD,2026-02-09 12:29:18,615a:e7a2:950e:72dc:d637:2bac:6b50:83c2,2
sdv-id-MVfvPu,ACC_180,ENT_UK_014,141867.15099306792,USD,2026-03-31 23:56:09,ad1f:3f3f:7111:f6d0:c126:8d71:11da:ef0f,1
sdv-id-oUEcNY,ACC_250,ENT_UK_007,9728.603568787024,USD,2026-02-13 11:59:49,9c52:1eae:d8d2:2560:db60:5bbc:99b9:4d05,1
sdv-id-ufZMUb,ACC_250,ENT_UK_011,183879.8747398372,USD,2026-02-04 05:46:28,ba1e:40b7:1ed:1977:922d:3e2c:8a1a:2b5a,1
sdv-id-WKoALJ,ACC_206,ENT_UK_009,43502.749937808345,USD,2026-01-01 18:53:39,26e7:b6c:c4b9:40a2:62f6:dcf1:959a:16cf,2
sdv-id-EiarZz,ACC_240,ENT_UK_017,50899.89507512444,USD,2026-03-20 13:06:08,74a8:2a43:4968:294:1e24:8c70:4a1c:2c,0
sdv-id-TBQqhS,ACC_250,ENT_UK_004,1812.3044972080909,USD,2026-03-28 04:57:52,2ca7:dc41:d25f:2095:c97d:d20f:6b12:6e75,1
sdv-id-fPpnXV,ACC_135,ENT_UK_009,84476.67754204953,USD,2026-03-11 23:05:42,f82:5efb:f605:cc1e:d9f6:d2a4:e090:ffbe,1
sdv-id-Zqbcyo,ACC_250,ENT_UK_013,665083.5078476593,USD,2026-02-17 15:33:59,859c:db27:1113:8844:def9:7735:bf13:87d8,1
sdv-id-rCcmgH,ACC_180,ENT_UK_004,126594.55894962965,USD,2026-03-09 18:48:52,9848:bf0a:d19:ec43:f2ce:826e:2059:4264,2
sdv-id-IqMRGU,ACC_250,ENT_UK_004,734574.4783659772,USD,2026-03-02 01:46:48,560f:814:6fc2:d885:172f:376e:c302:6a5d,1
sdv-id-aIhAfx,ACC_274,ENT_UK_018,761854.6322499254,USD,2026-02-23 02:13:25,6d96:3d34:8829:4b54:259c:d1a6:1ed6:d918,2
sdv-id-WzWMEp,ACC_194,ENT_UK_014,72096.01338976435,USD,2026-01-13 16:22:49,87bf:d5cc:c65c:e1b5:5cba:9a35:3289:1d2a,1
sdv-id-lfTRCh,ACC_144,ENT_UK_014,11439.520271687868,USD,2026-02-20 06:12:37,a6f9:4cfb:66e8:1e6d:7ed9:19b0:cb6:1879,1
sdv-id-AVYgcN,ACC_268,ENT_UK_007,15664.802430479249,USD,2026-01-22 15:09:00,16b9:b3a6:42ff:b0d9:1d83:53f8:af69:2bbe,1
sdv-id-oWWEXy,ACC_210,ENT_UK_006,44294.44244833717,USD,2026-03-26 03:36:38,70f2:3220:6446:5ec6:9e0a:adf9:597c:4147,1
sdv-id-pKijfo,ACC_212,ENT_UK_003,81393.01079453775,USD,2026-01-28 08:20:30,6be:5c13:a0c7:328f:30b4:6a58:e5bd:262e,2
sdv-id-PraiGX,ACC_174,ENT_UK_006,1025.7280461639268,USD,2026-03-02 14:28:08,4b2d:c15f:8d8d:7da4:cad:8196:f145:8c1d,1
sdv-id-msmJZp,ACC_212,ENT_UK_010,844592.016448872,USD,2026-03-20 12:10:04,7168:ba1b:ec66:b2a7:c147:b9cb:2f41:33d3,2
sdv-id-NVzZCw,ACC_236,ENT_UK_019,4434.321470894225,USD,2026-03-30 21:16:04,f9e3:e91f:d516:d634:fb71:ca48:f821:7377,1
sdv-id-VjcYCu,ACC_268,ENT_UK_012,1419.7730610023873,USD,2026-03-27 01:20:42,8998:3aa0:baa2:18ff:2e2e:ffa4:bf63:6530,1
sdv-id-AYtPjo,ACC_236,ENT_UK_011,1179139.0446609885,USD,2026-02-17 10:38:48,1a6a:8ebd:e7ba:2e2c:f2ef:387e:34ac:f404,2
sdv-id-KGzbnF,ACC_180,ENT_UK_013,90833.16678269093,USD,2026-02-27 13:36:24,9198:a63c:de9b:e815:872f:d079:94f:ae46,1
sdv-id-hFKFrh,ACC_206,ENT_UK_003,313575.3358212163,USD,2026-01-18 15:23:10,3ba9:1800:c1a:b150:80f4:d06e:d168:9ea,2
sdv-id-GYjjYd,ACC_227,ENT_UK_003,37202.30610932632,USD,2026-03-27 11:21:47,df91:327a:cad0:260b:cb80:71c2:6177:b8fd,1
sdv-id-HslaNF,ACC_227,ENT_UK_002,488361.282528208,USD,2026-02-12 22:36:13,e5fe:b3d4:d9fc:f769:862d:1466:cb83:7ec5,2
sdv-id-shmfNA,ACC_212,ENT_UK_009,36979.19020705412,USD,2026-03-26 11:19:57,273e:a233:dca:3835:4566:9fc:1bf9:6b08,2
sdv-id-LPgArJ,ACC_206,ENT_UK_018,546741.7919245089,USD,2026-03-30 07:21:42,360e:2e67:4b17:70a5:2df7:94d3:1522:cbf2,2
sdv-id-VRtakZ,ACC_268,ENT_UK_007,493372.1672031893,USD,2026-01-12 15:30:58,8962:938b:543d:84b0:a2c2:4814:9601:57b6,2
sdv-id-iGNxhr,ACC_227,ENT_UK_018,43752.18646530252,USD,2026-03-21 00:37:51,9cd4:7457:a77f:e344:8e51:248d:96ad:cea9,1
sdv-id-tLVsBe,ACC_175,ENT_UK_017,845657.14092205,USD,2026-02-12 08:53:47,ec45:347d:9852:d081:d031:8f22:b0d9:ff37,2
sdv-id-DVQnsv,ACC_268,ENT_UK_012,31919.8586739534,USD,2026-02-06 10:43:49,c696:e6ae:6dd8:213e:972c:60d2:342b:a7e2,1
sdv-id-lGgjZY,ACC_180,ENT_UK_017,226530.25323845076,USD,2026-03-20 23:50:13,b20d:c09c:9ddc:5a68:68e6:29ee:55eb:47be,2
sdv-id-dlOOrX,ACC_236,ENT_UK_013,562086.7760986716,USD,2026-02-23 22:55:03,3358:ac49:66a6:4a66:1900:1347:f89f:b620,2
sdv-id-KPRfga,ACC_283,ENT_UK_018,2072149.9230877424,USD,2026-01-03 04:06:16,53b1:3a89:9194:6c7:43ad:e8c3:6bd0:77ea,1
sdv-id-MEQloB,ACC_227,ENT_UK_010,80277.93701944553,USD,2026-02-25 10:47:07,e2d8:a580:979b:d6d3:9791:7c51:35b2:a3e0,1
sdv-id-hwSjVW,ACC_241,ENT_UK_017,298172.07794293965,USD,2026-03-20 03:41:44,f225:f3f2:1b85:100f:a1b2:57bb:3ac3:f8a7,1
sdv-id-UKBqlF,ACC_180,ENT_UK_003,252129.73396566225,USD,2026-01-05 06:25:34,f450:9848:cbf3:744:106f:bde3:6ee0:756b,1
sdv-id-dReXSY,ACC_236,ENT_UK_006,946.2720235954584,USD,2026-03-31 20:53:19,33f0:b6ca:541c:65a9:bc77:4c01:8804:ce5a,1
sdv-id-ITxNEV,ACC_110,ENT_UK_013,214118.61972744792,USD,2026-03-31 23:28:14,5e31:ca2b:a22a:da09:8049:fb7e:51db:6da4,1
sdv-id-qUJWZK,ACC_212,ENT_UK_018,9595.528981447618,USD,2026-02-17 12:23:37,14c8:c4fd:669f:1bde:647b:29ca:2d43:b83d,2
sdv-id-ogAOOi,ACC_212,ENT_UK_006,97398.01604739224,USD,2026-02-19 15:58:32,bf9c:53f9:f94d:614c:d95:a3df:4d09:2017,2
sdv-id-GJgkLr,ACC_292,ENT_UK_016,522534.9323132823,USD,2026-02-05 06:52:36,621c:e8d7:d476:e1d8:bd81:ab2a:f9d1:e76d,1
sdv-id-flbaCz,ACC_175,ENT_UK_011,653797.5827420397,USD,2026-02-20 16:24:58,4765:5cdd:d89e:e313:836d:bf07:96ac:9429,2
sdv-id-AdSprR,ACC_180,ENT_UK_016,1161.3068843392168,USD,2026-01-18 12:28:21,ef01:928c:e283:10c2:39fa:c45a:b85f:b692,1
sdv-id-RGnjPO,ACC_148,ENT_UK_014,109167.76602934892,USD,2026-01-30 19:01:31,c9a3:78c1:1fa0:3519:4085:9072:477:eec1,1
sdv-id-MmtscL,ACC_180,ENT_UK_013,235718.94210802417,USD,2026-01-03 09:40:54,72a8:7074:729:6c8e:e798:3e6:3f12:ee5b,1
sdv-id-hAqGhr,ACC_110,ENT_UK_007,1102.132748738508,USD,2026-03-02 13:19:37,6080:2705:e49d:1d3:3614:1b30:8a6c:88ee,1
sdv-id-pmsToG,ACC_144,ENT_UK_015,10404.536033807735,USD,2026-02-17 14:49:52,414d:3f46:92e6:4a11:e987:5bd8:75fa:9a3e,1
sdv-id-xkBcTZ,ACC_206,ENT_UK_008,8522.350801602634,USD,2026-02-25 22:57:38,bee6:b24b:2317:4d01:77f1:51ca:5f55:54fa,2
sdv-id-BAVCzs,ACC_112,ENT_UK_018,342562.5294593466,USD,2026-03-08 12:46:51,81b7:e064:f199:b4a0:a72b:cad1:b2e4:2ff9,2
sdv-id-TuoZdS,ACC_268,ENT_UK_002,1153117.1336791257,USD,2026-03-13 17:41:29,21d2:4511:8ee1:3654:204b:df88:ed48:e769,1
sdv-id-Risnpl,ACC_212,ENT_UK_012,2967.4629735348512,USD,2026-01-23 00:15:29,6293:414d:8e2d:4fb6:91e6:cede:c84b:d2e9,2
sdv-id-Jkpdes,ACC_180,ENT_UK_006,1516830.0812666635,USD,2026-02-25 20:04:54,6cb3:5cb9:7126:3388:6cf:9507:4514:1999,2
sdv-id-RikTRX,ACC_283,ENT_UK_011,25273.69911404281,USD,2026-02-13 02:58:29,8a51:e7c1:8bde:6df4:b711:b57d:e598:d4bb,1
sdv-id-cIaAMY,ACC_227,ENT_UK_011,15129.654724477365,USD,2026-01-24 21:51:52,b453:8109:a8fd:5332:a379:895b:4fbe:304,1
sdv-id-HKpHvq,ACC_236,ENT_UK_007,12588.535633469744,USD,2026-03-12 19:55:47,aec6:24ff:4ef1:b34f:f04c:da4c:d44c:c2ca,1
sdv-id-bzLWET,ACC_250,ENT_UK_001,1274.3316185046192,USD,2026-03-12 15:49:20,3fc7:9ad3:2b58:b2f8:4cf9:33a1:2cad:15ce,1
sdv-id-loXsSO,ACC_206,ENT_UK_004,15177.86585498124,USD,2026-01-14 08:11:57,550f:c6e7:93e3:728e:4e8f:e405:b6c3:4f69,2
sdv-id-liHIQM,ACC_175,ENT_UK_004,64223.63028346603,USD,2026-01-13 15:22:19,603b:46b3:9c6f:61e1:53a7:173c:7af9:e24b,2
sdv-id-HLDKVb,ACC_158,ENT_UK_005,2836.956852172333,USD,2026-03-02 01:40:11,4e65:309d:2d9b:792f:8575:e89c:6c81:fe24,1
sdv-id-Trbklc,ACC_268,ENT_UK_012,61011.14798863349,USD,2026-03-22 01:19:56,67d3:8a82:de9d:8bdb:c98f:909a:4824:e604,1
sdv-id-YZuKtl,ACC_268,ENT_UK_017,48425.65312275353,USD,2026-02-26 12:25:08,c823:ffdc:152f:95fb:d36a:37ed:337d:4cc,1
sdv-id-GbcYra,ACC_283,ENT_UK_003,418272.66325144446,USD,2026-03-11 01:30:13,cfef:83aa:5596:475e:66a6:1113:7302:8f4,2
sdv-id-anutbR,ACC_241,ENT_UK_019,1053264.2564724786,USD,2026-03-02 00:20:01,4dc6:c951:aab6:d878:a045:8e0f:8036:dd6e,1
sdv-id-fJNvDY,ACC_236,ENT_UK_015,846522.7536016676,USD,2026-02-28 12:14:45,a19b:10da:6263:fa34:8212:2b9f:3421:84c5,1
sdv-id-FedtIe,ACC_236,ENT_UK_006,290775.3824908468,USD,2026-03-01 11:48:58,52d7:5201:99ee:1f8f:3c8c:83ff:f453:c493,1
sdv-id-WayNmM,ACC_274,ENT_UK_018,2304.276177947013,USD,2026-03-19 21:59:15,5a2b:1102:be61:3fc6:3299:2d07:f156:f62d,2
sdv-id-GujFfg,ACC_283,ENT_UK_016,257898.64134379412,USD,2026-01-15 12:05:27,a58:958a:cd3b:d3b3:c4d:50f6:df3c:6544,1
sdv-id-cDKNJp,ACC_180,ENT_UK_012,503856.8068310845,USD,2026-01-01 18:08:52,d3f5:d7ff:678e:1c0d:58d:fdfa:94a8:7e66,2
sdv-id-nnBAlY,ACC_236,ENT_UK_009,1015129.7155304488,USD,2026-03-08 14:43:18,c4c1:62f9:334f:842a:9ff7:127f:ae38:a99e,2
sdv-id-WXRZsn,ACC_250,ENT_UK_012,1969.232794296062,USD,2026-02-07 23:59:38,c478:98d3:b5dd:644:1cc6:c015:f4b3:15d,1
sdv-id-MLZyvO,ACC_180,ENT_UK_013,566120.1917037279,USD,2026-03-22 12:39:42,29cf:ffa4:5d5c:4531:734e:3d2d:90d7:2c24,1
sdv-id-bwACNs,ACC_250,ENT_UK_019,1749.7361137902014,USD,2026-03-30 05:05:30,ccaa:5ab5:dea1:46d2:f2e0:d308:6f9f:bc2a,1
sdv-id-ptOlMi,ACC_236,ENT_UK_015,177526.86155226,USD,2026-03-25 17:51:16,8602:c985:2f2d:4d31:bc9:60f2:b638:73b1,1
sdv-id-elMsea,ACC_212,ENT_UK_002,10764.843500784496,USD,2026-01-27 03:02:02,9fae:1aa3:7ea3:656a:211b:b95f:31ab:7368,2
sdv-id-ScreRj,ACC_212,ENT_UK_008,7638.557063603375,USD,2026-03-08 21:12:58,ffe8:576f:bdab:4b78:89d9:81e2:30b3:f5c9,2
sdv-id-jMrmAn,ACC_206,ENT_UK_006,387549.69781776855,USD,2026-01-20 07:17:39,6f65:a591:29b5:f266:920f:c10:48ad:4bbe,2
sdv-id-LnMXTl,ACC_250,ENT_UK_001,276235.72256302193,USD,2026-02-18 04:37:32,7504:d98f:8ed8:75ff:b117:8482:51fc:5d91,1
sdv-id-hWjLQZ,ACC_250,ENT_UK_012,53078.494356390285,USD,2026-03-09 16:44:11,f502:e488:cb7b:e1c0:b1a0:4a5:106c:b4f2,1
sdv-id-zKmYHQ,ACC_202,ENT_UK_015,320869.2146959561,USD,2026-01-01 17:47:42,c098:ed9e:b4a6:2261:1b58:4166:6bf6:5c13,2
sdv-id-iqgzHw,ACC_180,ENT_UK_001,735286.1030583747,USD,2026-02-24 17:59:13,b5e:6132:26cc:4884:2e56:7f39:dcd8:2276,1
sdv-id-tfexbm,ACC_227,ENT_UK_016,86476.04522820264,USD,2026-03-28 02:47:54,2fb4:838:d8d:f8a4:8da6:732:5f82:cc62,1
sdv-id-bBFKjs,ACC_274,ENT_UK_016,301978.91117931035,USD,2026-01-27 16:22:07,254f:92f:a417:43e9:5c8b:a647:660d:14c0,2
sdv-id-CNjbMW,ACC_212,ENT_UK_011,35040.38342563631,USD,2026-01-21 21:55:40,917c:c3f9:6736:a117:1d9e:31b1:c0f2:32d2,2
sdv-id-kXhjxA,ACC_194,ENT_UK_014,880883.8071418348,USD,2026-03-10 17:41:11,b586:d387:7a82:2dfd:60be:b99c:4b89:4764,1
sdv-id-RxCEcl,ACC_180,ENT_UK_016,1187.3808616920824,USD,2026-02-20 05:57:16,bc37:88d0:3dac:c366:9e0d:863f:8f40:742d,1
sdv-id-vfdTUI,ACC_180,ENT_UK_002,1109961.4285745835,USD,2026-02-26 15:57:05,421b:3a39:2daa:d68:9877:7025:324e:fb2d,1
sdv-id-dvhFRd,ACC_289,ENT_UK_014,1648.705583317976,USD,2026-02-20 08:00:51,1dfa:369b:dc0f:b52d:39e:74be:80d0:a2c0,1
sdv-id-PTsRob,ACC_241,ENT_UK_004,87725.46386612735,USD,2026-03-25 03:15:05,aee0:59a5:c082:7c91:91a0:514f:738a:9b90,1
sdv-id-WNcPbb,ACC_212,ENT_UK_002,22011.1883653922,USD,2026-02-04 09:14:16,bc97:fb58:9766:fcf2:9719:cf77:a7b0:84f5,2
sdv-id-WTAEAp,ACC_212,ENT_UK_018,175319.27362559168,USD,2026-03-09 19:32:26,8bde:9067:44fd:3359:4aca:c583:6a25:65e7,2
sdv-id-rcoAWO,ACC_206,ENT_UK_003,30575.50503304229,USD,2026-02-24 16:07:17,939:eae4:8631:3e8d:290c:6319:d4e1:ba1e,2
sdv-id-UuhIhk,ACC_144,ENT_UK_005,11138.894561977228,USD,2026-02-15 11:04:43,8f65:3d13:1941:c4a2:27b3:6d05:f626:69b1,1
sdv-id-uAdyfV,ACC_180,ENT_UK_006,285922.5621281883,USD,2026-02-04 07:31:50,bc17:8348:20b4:2df1:a7b5:4886:1b3d:fc49,1
sdv-id-zsFAVZ,ACC_212,ENT_UK_001,142119.95437245286,USD,2026-03-06 02:40:11,816d:809c:b5a8:5957:d765:b724:631:2931,2
sdv-id-YqbrhS,ACC_250,ENT_UK_001,109474.26618440983,USD,2026-01-12 08:56:07,fdba:ebd0:18ad:2b9c:c016:b414:7de8:6e,1
sdv-id-TvOAzR,ACC_236,ENT_UK_018,834543.3683276493,USD,2026-01-15 15:26:02,8eff:69fc:ef7c:6820:45f4:e6e2:888d:4958,2
sdv-id-aodktG,ACC_240,ENT_UK_010,173582.65222834976,USD,2026-02-01 03:44:36,e5ca:33ca:2edc:ecc7:e722:2aa9:8db3:df71,0
sdv-id-PGnTLL,ACC_250,ENT_UK_002,51082.37227257167,USD,2026-03-05 00:10:58,6cba:2ffb:9e0b:14d3:75b1:dfc6:ec90:6663,1
sdv-id-tpcliy,ACC_250,ENT_UK_010,187042.237341939,USD,2026-01-03 21:26:00,7ee9:8c54:2aaf:555:cd84:136f:8e87:fe23,1
sdv-id-WjoLyB,ACC_151,ENT_UK_013,2233.7838642693723,USD,2026-03-02 00:43:27,210:a090:af64:e04:e0a1:90c6:93f4:2200,1
sdv-id-oARsHw,ACC_250,ENT_UK_019,140720.85820945038,USD,2026-03-02 13:46:23,20a6:9312:f4c0:5df:de37:cfac:ba4d:7daf,1
sdv-id-IBDrKg,ACC_241,ENT_UK_012,2813.4644149651144,USD,2026-01-03 02:04:50,e2f8:ca82:7055:87b1:a7cd:e72a:b331:7c9f,1
sdv-id-GlBrMA,ACC_212,ENT_UK_016,419805.7227010903,USD,2026-02-12 04:12:16,390d:9fdb:51c4:df56:3078:3b0a:4ed1:7b4,2
sdv-id-mCnktB,ACC_180,ENT_UK_003,26204.070705960898,USD,2026-03-01 03:03:47,ee0f:7317:140f:5a48:5bb4:8dbb:d712:cb51,1
sdv-id-ApfzuC,ACC_206,ENT_UK_012,115266.80221879637,USD,2026-01-30 02:49:02,3923:8d72:7aa:eed5:66d:9e01:dc3c:3e2c,2
sdv-id-YqEtzw,ACC_206,ENT_UK_008,58567.077720961264,USD,2026-02-26 11:54:18,76d3:f4e7:d8fe:e39a:11ad:1f5:44eb:1ec,2
sdv-id-EnZcIn,ACC_194,ENT_UK_006,5146.484084443382,USD,2026-03-03 13:03:44,bb32:28a:4568:f5b8:87d8:d14b:3e68:38ef,1
sdv-id-KdrIJH,ACC_148,ENT_UK_001,308772.03365637135,USD,2026-02-27 01:48:09,5f17:afb7:f263:465c:acf0:ad70:1f71:3e3a,2
sdv-id-mwdMHU,ACC_212,ENT_UK_005,427029.7451503792,USD,2026-01-02 12:02:30,6f92:5699:b09:9bbb:8e93:ed9e:7844:dcdd,2
sdv-id-GmZufD,ACC_250,ENT_UK_004,399296.7858774066,USD,2026-02-06 02:15:39,7a47:7721:b97f:6704:baa5:48eb:75c2:6bb6,1
sdv-id-ZAYzWu,ACC_227,ENT_UK_001,12035.188245859075,USD,2026-03-16 03:29:27,8583:9942:bdf8:acd8:1e51:33a5:5ef:8c65,1
sdv-id-XAWBUg,ACC_274,ENT_UK_017,674208.868770562,USD,2026-02-21 21:42:05,899:8a1c:d0f:52a4:235a:8ee1:af04:502f,2
sdv-id-chdLGF,ACC_236,ENT_UK_012,221766.91546933097,USD,2026-02-19 13:39:01,6723:7ef0:1046:669a:cf15:73f2:3c41:2d7e,1
sdv-id-irovvH,ACC_194,ENT_UK_017,66322.59989631834,USD,2026-01-20 08:03:15,1436:b29b:ec5:6bba:daca:1d64:ef3d:17d,1
sdv-id-GqEvPV,ACC_250,ENT_UK_008,62579.89994040076,USD,2026-03-21 12:37:41,9e1e:c2c6:8de6:60ce:579:5f99:c1d2:666c,1
sdv-id-SREyTM,ACC_236,ENT_UK_001,74509.4761506046,USD,2026-03-01 05:57:15,8114:d1fb:f9d1:650b:4032:31d:9cf5:52d9,2
sdv-id-RaTIEo,ACC_277,ENT_UK_011,1637.8540906518224,USD,2026-03-03 06:27:57,d431:dbec:f189:8d56:f0ac:97b2:be7b:eacc,1
sdv-id-asuFPV,ACC_274,ENT_UK_002,266925.3747085362,USD,2026-01-20 23:01:52,9cad:e5dd:6a9f:410d:7e41:e97c:6e1e:855e,2
sdv-id-TlxpDj,ACC_212,ENT_UK_002,1159.1726708661242,USD,2026-03-24 20:38:29,1e95:a7a6:f341:e4c8:cdec:5e15:e5ce:77a5,2
sdv-id-aozGUy,ACC_110,ENT_UK_012,2387.5152032138603,USD,2026-03-13 22:00:10,10bb:5fcd:e162:c402:f7f4:561d:8ff1:ad5,1
sdv-id-nAjSrR,ACC_194,ENT_UK_008,80858.31347198549,USD,2026-03-31 15:48:13,9215:83af:8085:4537:58ec:23d5:9a14:dc78,1
sdv-id-XVysjC,ACC_135,ENT_UK_018,236935.96562973075,USD,2026-01-26 12:33:36,47bc:3918:db17:afc:3020:446c:bef8:d999,1
sdv-id-YtxgdP,ACC_206,ENT_UK_017,45189.645819342455,USD,2026-02-26 00:42:53,6f14:f2fa:6f1b:7c3a:47ef:f158:4b73:4835,2
sdv-id-TtbWLG,ACC_236,ENT_UK_008,32247.356200964827,USD,2026-02-20 10:53:47,aebc:4e1c:c158:8dcc:f119:f4d4:697f:9c88,1
sdv-id-IJpNZW,ACC_180,ENT_UK_012,81629.05084094006,USD,2026-01-02 22:28:17,80bc:6186:5dd4:ffe7:be99:4522:1f22:e403,1
sdv-id-mwlWTI,ACC_116,ENT_UK_019,10036.159484591684,USD,2026-03-23 11:07:35,8aeb:86f1:8cef:603a:eb23:d70b:ec70:9222,1
sdv-id-FnpKye,ACC_110,ENT_UK_003,1940295.5819772251,USD,2026-03-30 21:02:14,de39:3c83:b6b4:2901:c91a:5a10:9e22:1355,1
sdv-id-AEgxRo,ACC_250,ENT_UK_013,95973.92913239558,USD,2026-03-29 02:57:29,92cf:b27d:7b36:9be5:ec96:4db0:cf5b:aad5,2
sdv-id-tESjHo,ACC_227,ENT_UK_017,930.6316390198808,USD,2026-01-22 04:55:34,1f17:fd29:4942:a861:3c7a:c118:4c09:5310,1
sdv-id-UJOFZy,ACC_292,ENT_UK_002,919752.9147856568,USD,2026-03-09 00:42:06,450c:4b2a:51e2:3f1a:426a:40ea:f265:9287,1
sdv-id-DiIbAC,ACC_202,ENT_UK_010,36289.996879621795,USD,2026-01-25 15:10:10,44b1:316:e483:252a:6aca:ce92:b90:f2c6,2
sdv-id-nNsnWM,ACC_206,ENT_UK_012,29151.239249818384,USD,2026-02-22 14:26:10,ece2:57f8:7c81:ef33:5c1a:2ff4:257c:427b,2
sdv-id-hbxCkp,ACC_150,ENT_UK_012,90662.1490328997,USD,2026-03-05 04:00:18,7af7:890d:5f0:eabb:5e17:166d:412d:74de,1
sdv-id-nCPRVT,ACC_212,ENT_UK_019,190217.62747226897,USD,2026-01-07 19:02:50,7f53:c1d4:8507:d314:22fb:e133:502d:6bdb,2
sdv-id-fiQolH,ACC_135,ENT_UK_009,551453.770685926,USD,2026-01-23 20:46:27,a932:dd6e:d829:e182:6707:c43e:e1df:82f7,1
sdv-id-yocQaA,ACC_250,ENT_UK_002,280775.37923132436,USD,2026-03-29 12:33:01,2cc0:b00e:ba96:a7cc:8c9e:8904:df13:b6db,1
sdv-id-WhdxDg,ACC_158,ENT_UK_019,518230.5907236407,USD,2026-01-12 00:25:54,cc31:f714:41aa:852b:569f:b6d7:d1c9:5f08,1
sdv-id-LMVxcS,ACC_236,ENT_UK_019,3619.1901936946406,USD,2026-01-20 02:19:23,a43f:6282:d5c0:d165:ebb0:414f:58cc:1dc6,1
sdv-id-ADYtrR,ACC_274,ENT_UK_011,255160.3411716955,USD,2026-01-16 02:15:05,46b9:34fb:6fe0:d33f:e60f:c105:abf7:350e,2
sdv-id-gYyEwc,ACC_283,ENT_UK_015,38706.37248096857,USD,2026-03-21 21:27:06,bdd6:57b6:ca1:2262:be9e:834e:f71d:511a,1
sdv-id-dKtmhO,ACC_135,ENT_UK_010,20010.63468479458,USD,2026-03-25 14:31:34,e209:8e1e:bbeb:41cc:16a:896e:534f:5ca9,1
sdv-id-WOiRDD,ACC_236,ENT_UK_012,747462.1644448411,USD,2026-02-02 10:28:45,2ddb:394e:eb92:9f6f:dcb6:c26d:5da1:cec4,1
sdv-id-ceSXbi,ACC_180,ENT_UK_002,496868.87290721486,USD,2026-02-05 12:49:44,1e4b:bca:d7eb:9d71:d4f4:331a:c32c:bdfc,1
sdv-id-ihMrVl,ACC_110,ENT_UK_009,74795.44907450193,USD,2026-02-16 21:27:19,594d:a164:810f:4737:eb12:e823:b5d:d0cf,1
sdv-id-ZQsArH,ACC_236,ENT_UK_001,82957.96359524531,USD,2026-01-28 06:58:43,7db1:ea36:6936:785f:4752:731c:4a9e:1ac4,1
sdv-id-pvQDQx,ACC_144,ENT_UK_004,345890.3907925257,USD,2026-03-28 08:16:04,d56a:81e2:4d32:4145:f6a:e9e6:3e00:e55c,1
sdv-id-jqjPGJ,ACC_180,ENT_UK_018,197250.06699616165,USD,2026-03-02 13:40:15,8f28:f3ab:3ff0:18df:bb8e:578e:e648:8853,1
sdv-id-phzYdJ,ACC_206,ENT_UK_011,519554.4447823128,USD,2026-03-14 09:14:29,de29:7798:3de9:92ee:f807:1efb:cc7a:1532,2
sdv-id-AourDL,ACC_250,ENT_UK_008,402727.1614291318,USD,2026-01-22 09:53:23,a66a:db65:c551:dc52:4668:28a1:5729:8a3a,1
sdv-id-qwRHJW,ACC_144,ENT_UK_006,1070.1515301970223,USD,2026-02-11 03:32:32,7a4d:34b9:8565:52e5:7850:e308:bf6f:54de,1
sdv-id-mJNNkq,ACC_116,ENT_UK_015,246206.83155028624,USD,2026-02-14 16:56:33,17f2:4de2:cd88:b80b:dd20:98e7:d2e4:d7ba,1
sdv-id-erHvLo,ACC_250,ENT_UK_014,479960.24283782626,USD,2026-02-11 08:40:32,f69c:d2a5:1b2b:392:ea8a:153b:824c:c439,1
sdv-id-nqZvhs,ACC_227,ENT_UK_015,58704.84960663431,USD,2026-03-30 01:41:54,235d:faaf:1fd9:61ee:21d6:fdaf:3feb:ce50,1
sdv-id-HDXiHJ,ACC_194,ENT_UK_006,597415.2010356878,USD,2026-01-10 13:58:58,a836:7714:ebe4:441a:39f8:ddea:4c3:d17b,1
sdv-id-hcmXwi,ACC_250,ENT_UK_013,322185.31926524075,USD,2026-03-15 17:26:37,7ef5:5bdc:8e70:6ea0:23f8:6da6:743e:8681,1
sdv-id-bLTFTR,ACC_174,ENT_UK_019,23926.179131352303,USD,2026-03-10 14:01:33,3db3:fe43:f41f:c04b:ed03:a951:9c6b:5367,1
sdv-id-vqEBHx,ACC_268,ENT_UK_005,218816.9765221773,USD,2026-02-27 23:27:05,1d5c:4256:347:2281:72bc:2697:4cb1:c0e3,1
sdv-id-MyjJzo,ACC_194,ENT_UK_019,13362.797046414882,USD,2026-03-26 02:56:23,ce50:2a2a:2545:bf7f:2d02:b98d:f009:f8c,1
sdv-id-tlTttb,ACC_150,ENT_UK_014,266655.1704427181,USD,2026-01-12 13:46:30,e89:4d18:3956:8729:73e5:2587:7b8a:cdf1,1
sdv-id-gtFqgc,ACC_250,ENT_UK_003,172484.63936156465,USD,2026-02-23 00:45:02,30de:c5f4:251b:7e11:1345:1a5e:c729:588d,1
sdv-id-ZXSzrL,ACC_212,ENT_UK_016,605482.4339564029,USD,2026-01-16 11:37:04,1184:7dab:6af3:6fb3:7621:2949:32a7:ee77,2
sdv-id-owNCcT,ACC_135,ENT_UK_010,95219.0814909053,USD,2026-03-06 01:27:17,9731:7072:9649:fca5:9863:5a64:9ff1:93b,1
sdv-id-GNtLCx,ACC_135,ENT_UK_007,4490.632244656048,USD,2026-03-15 13:15:29,fae0:a066:9247:c982:d147:a6c4:490d:67ad,1
sdv-id-LmXAwC,ACC_241,ENT_UK_013,3733.1728674782207,USD,2026-03-26 15:35:57,10e6:57f9:b50:5b05:ffc1:dc83:6cfb:6978,1
sdv-id-rMkstS,ACC_236,ENT_UK_013,98113.4821734032,USD,2026-01-10 04:13:15,a162:5579:9155:dd9:ca5d:106e:4d9f:7c83,1
sdv-id-Nrxsiu,ACC_289,ENT_UK_006,849446.9151029697,USD,2026-02-04 16:54:52,1eb8:7f6a:30b4:3688:e286:8d68:6c3f:f698,1
sdv-id-ewtWxW,ACC_206,ENT_UK_018,60234.93437292478,USD,2026-01-22 02:53:53,c685:828e:b968:cdd0:f96d:e195:1bd0:16f6,2
sdv-id-tBliyV,ACC_110,ENT_UK_004,612914.7574335802,USD,2026-01-16 23:03:29,8d0c:2094:a073:6398:d645:e80b:8a46:13a8,1
sdv-id-JUMVNc,ACC_150,ENT_UK_011,169361.58109288875,USD,2026-03-25 09:50:12,65ba:aaa4:8192:d596:c230:dabf:7d66:396f,1
sdv-id-lsIEVQ,ACC_151,ENT_UK_018,381980.3646224173,USD,2026-04-01 18:53:28,3196:f995:4f9a:35ae:1680:df62:ae44:6ecc,2
sdv-id-IWbnSw,ACC_274,ENT_UK_018,200768.94350474776,USD,2026-03-03 13:40:49,9748:e354:ce7f:855d:73b5:8066:d05d:4993,2
sdv-id-NgfYob,ACC_116,ENT_UK_016,1861.0737646015737,USD,2026-01-30 19:52:17,20ce:6992:ae7f:a038:bd60:6751:493b:3eee,1
sdv-id-kqOyRC,ACC_206,ENT_UK_003,2836.852935241789,USD,2026-01-11 07:37:16,3259:bad3:b153:54a0:323c:e515:c46e:25e5,2
sdv-id-AJbSpt,ACC_206,ENT_UK_016,83205.71639166801,USD,2026-01-16 17:47:04,e990:d13d:5384:8ed2:50e1:1b39:1247:11cd,2
sdv-id-czQQdw,ACC_283,ENT_UK_009,172500.3719862664,USD,2026-04-01 03:11:25,1f4d:dbac:4b34:e320:8d54:ef5a:3c8a:df06,1
sdv-id-olBjrK,ACC_227,ENT_UK_004,94088.16792799476,USD,2026-03-23 18:03:42,5c09:7948:66bd:d1e4:fa94:97dc:49b6:95bb,1
sdv-id-XYtdNe,ACC_227,ENT_UK_011,102775.8951221863,USD,2026-01-22 20:39:19,24d5:dd32:27b8:92fc:5a08:6249:dffe:9cc4,1
sdv-id-LtwdlP,ACC_241,ENT_UK_003,16371.270636961786,USD,2026-02-09 02:04:53,bc5:aae1:bcb4:3fbe:ee6a:49d1:e475:ea8c,1
sdv-id-FCzfXg,ACC_206,ENT_UK_013,2204.681580511687,USD,2026-02-15 09:51:46,72cc:3e8e:225a:3876:687a:e9e3:7b34:b282,2
sdv-id-ikJYOo,ACC_135,ENT_UK_005,24608.914940930223,USD,2026-02-21 21:03:35,c1e6:93a1:dd93:1c4d:8511:9230:5815:4024,1
sdv-id-qbSbLJ,ACC_136,ENT_UK_017,22705.963381027337,USD,2026-02-13 14:40:33,8763:73ba:6857:e743:4b3f:58eb:ced9:540d,0
sdv-id-SiAXAE,ACC_250,ENT_UK_019,3331.5167052315724,USD,2026-01-03 13:09:33,dda1:5014:d077:514b:332:c09d:99b2:f179,1
sdv-id-lbqwye,ACC_250,ENT_UK_004,38910.59080790764,USD,2026-03-04 14:39:21,ff06:b4e4:d0ba:373d:c411:5f86:3674:7204,1
sdv-id-MNbBBq,ACC_250,ENT_UK_010,1142.4027037336575,USD,2026-01-26 08:06:49,abf4:6626:d361:cf14:1a91:8e4c:2781:8412,1
sdv-id-EdZUQl,ACC_250,ENT_UK_017,5188.048677683401,USD,2026-01-29 23:14:52,6f16:8a1:7bc4:16b1:c01f:aa28:907b:89f0,1
sdv-id-WSBYzb,ACC_250,ENT_UK_009,322614.9075043622,USD,2026-03-06 12:00:31,5ba8:679f:ea78:103d:d063:bd78:24d:9968,1
sdv-id-BNodvZ,ACC_274,ENT_UK_016,472537.8278353893,USD,2026-03-21 06:02:10,ae24:7e7c:fbaf:dcd5:5245:b0a5:c466:9fae,2
sdv-id-hJXTcc,ACC_292,ENT_UK_015,562488.8611930225,USD,2026-01-18 02:18:56,6f15:f285:dd34:8725:e1a9:5fcc:f4c6:c85c,1
sdv-id-LPSvWf,ACC_212,ENT_UK_012,170926.83376999057,USD,2026-04-01 02:58:54,8b32:407:abbd:8aa9:9713:3eb6:fd76:c5ed,2
sdv-id-eJRKWB,ACC_227,ENT_UK_013,98660.00013813366,USD,2026-02-14 19:37:52,401:3ba5:1b0a:cf37:64c8:bbc4:325e:20f2,1
sdv-id-PJsrNi,ACC_148,ENT_UK_017,51081.065632877195,USD,2026-02-16 02:07:40,f25:cb1:3a13:8961:f9a2:2319:1caa:1e25,1
sdv-id-gaIbXI,ACC_206,ENT_UK_009,19340.92699628736,USD,2026-01-25 20:08:32,f06d:e480:131a:75a2:92b6:8aff:285d:7815,2
sdv-id-dcxecb,ACC_110,ENT_UK_005,512111.1003786755,USD,2026-03-01 03:10:16,bea3:3bfe:4df6:220f:3ab2:6425:2389:d184,2
sdv-id-JirDNJ,ACC_236,ENT_UK_003,5831.189554306386,USD,2026-03-06 21:08:27,fc0f:b4d6:36f0:919d:1009:8e03:3789:474b,1
sdv-id-roJdnx,ACC_241,ENT_UK_014,161486.69607187857,USD,2026-02-13 12:14:13,11e4:d524:ec01:bcf3:d59f:cf5c:d607:5a89,1
sdv-id-tKIdOo,ACC_227,ENT_UK_012,4120.207302094106,USD,2026-02-27 16:37:34,e5b3:5aad:b63:e7b6:ad77:1ea8:40ca:60b6,1
sdv-id-XJvVOM,ACC_236,ENT_UK_018,327553.7629190846,USD,2026-03-03 10:13:47,3ab3:9728:f1cb:5207:7039:63d5:4426:70c4,1
sdv-id-dmyiuw,ACC_180,ENT_UK_010,104850.13288334056,USD,2026-03-06 12:04:11,2790:c315:c089:c013:2f75:12d2:7e0:4154,1
sdv-id-tcZpqv,ACC_180,ENT_UK_007,1433.4174837322985,USD,2026-01-25 17:56:32,c151:660e:ddc4:e4c5:c974:c6d:3590:7084,1
sdv-id-cmqWRX,ACC_212,ENT_UK_017,185026.85236323072,USD,2026-03-12 13:06:44,b8c6:bd95:427e:9788:1507:75bc:def9:a528,2
sdv-id-GrUHDc,ACC_212,ENT_UK_019,199556.42074015763,USD,2026-01-12 04:16:39,5092:5d97:7a07:76d6:d24f:82bd:b190:7681,2
sdv-id-VBwtVP,ACC_194,ENT_UK_008,6699.908559057646,USD,2026-03-11 07:58:50,2fa6:4606:3247:964d:d45f:2610:eba3:8596,1
sdv-id-qLXJho,ACC_116,ENT_UK_006,195446.64769520817,USD,2026-01-20 20:08:48,5170:391d:cf26:f9ee:8d39:bac1:d1e0:2989,1
sdv-id-wJLcrC,ACC_283,ENT_UK_013,310398.1098091492,USD,2026-01-05 09:26:35,c854:bfb4:b11c:90f5:1a80:f0fc:a300:5577,1
sdv-id-gdSfRj,ACC_212,ENT_UK_014,779263.8027953411,USD,2026-01-06 16:28:35,d860:fbc1:1262:a7b9:3fff:6080:e390:486d,2
sdv-id-EJInaI,ACC_292,ENT_UK_018,321854.861997984,USD,2026-02-05 09:33:21,ef45:3ec4:6644:191:e83:300e:38f4:524d,2
sdv-id-TeibuY,ACC_116,ENT_UK_018,108469.78624916857,USD,2026-03-27 02:30:42,8cde:3f98:f837:58c0:9724:29e0:c5a5:6b2e,1
sdv-id-cyMgnE,ACC_206,ENT_UK_013,148966.3722894858,USD,2026-01-30 08:25:57,afd3:26b5:f268:5160:f59f:eb32:762d:f70c,2
sdv-id-UsjheT,ACC_283,ENT_UK_001,157316.3634164256,USD,2026-03-17 12:47:25,d2be:27a9:d017:eaa2:c3b4:60cb:b9d8:1015,1
sdv-id-eiSJGT,ACC_180,ENT_UK_019,13359.302311301828,USD,2026-03-02 07:56:56,a8aa:9408:da78:6631:ac79:95e9:54ee:4a59,1
sdv-id-eOfrvx,ACC_241,ENT_UK_006,288478.64363631234,USD,2026-03-25 04:46:36,a9ea:7e55:bd31:8aa0:a80c:9996:1662:61e1,1
sdv-id-Nizrqo,ACC_292,ENT_UK_018,1881790.6087930151,USD,2026-01-21 14:42:15,93b2:9328:4cfa:24d0:5dc7:5d:bf8f:9383,1
sdv-id-CPyVru,ACC_212,ENT_UK_018,29766.49313161959,USD,2026-03-08 23:07:19,733:3317:4fae:1968:94d9:a271:a81e:5ff8,2
sdv-id-MObvde,ACC_250,ENT_UK_009,14591.060970064573,USD,2026-01-20 10:34:22,97a7:8f3:981c:75a:bd55:9491:3f8b:ab3e,1
sdv-id-CPBnrl,ACC_227,ENT_UK_015,3828.8741090704657,USD,2026-03-28 03:28:41,976a:9d99:cb5a:1309:f32a:955c:5695:96c4,1
sdv-id-kCuQhG,ACC_194,ENT_UK_002,123232.5320442892,USD,2026-03-14 02:04:37,8c1c:50f1:11b7:b130:6ed5:1310:5948:e638,2
sdv-id-MNQmTo,ACC_227,ENT_UK_004,793809.0097471275,USD,2026-03-14 15:01:24,d8fd:95e4:ee06:7152:ec8a:db59:1fac:6b2c,2
sdv-id-GyKdgo,ACC_283,ENT_UK_018,10680.936594213315,USD,2026-01-16 05:05:56,9eba:4528:ba31:edb1:32d0:bcd1:81a0:24a4,1
sdv-id-aLCSgk,ACC_144,ENT_UK_005,2526.415640808226,USD,2026-03-04 08:55:49,bce:9ef5:314d:c60e:915d:ed96:5c3c:34d9,1
sdv-id-olVIpu,ACC_250,ENT_UK_010,2050.568912747738,USD,2026-01-08 05:12:49,dc93:cdd6:942f:bc74:1141:526d:8903:4b03,1
sdv-id-FXgWIh,ACC_136,ENT_UK_016,148523.59361349206,USD,2026-01-25 16:47:07,dec5:f2f0:87ff:52a4:1136:ef54:fc37:6f7a,0
sdv-id-JLbayT,ACC_213,ENT_UK_012,751621.5084424092,USD,2026-02-05 12:59:17,daec:bb39:ab43:cc34:d58:b630:2e9e:ecd9,2
sdv-id-JtQkKj,ACC_236,ENT_UK_015,224364.0224028931,USD,2026-01-25 20:11:11,ff1b:7fd:dd94:8810:b90f:d779:3ea2:d24c,1
sdv-id-TDePwz,ACC_283,ENT_UK_006,7396.59693147315,USD,2026-03-27 16:25:15,ad41:df33:e688:7ff9:fc8d:2f6d:520a:3e9f,1
sdv-id-EsvrDP,ACC_116,ENT_UK_010,94164.72908981344,USD,2026-01-02 00:39:36,7f3a:bb53:cc50:bfb8:87cd:c2db:101b:c76a,1
sdv-id-KTfesE,ACC_110,ENT_UK_005,750022.7801522247,USD,2026-01-22 02:02:24,eb37:8bf0:4db8:451b:5968:f51c:9fd0:cba9,1
sdv-id-RAcsci,ACC_206,ENT_UK_015,1054350.7412813434,USD,2026-02-15 19:26:58,509:c1f0:93:224d:5443:ff01:95fd:1944,2
sdv-id-OzqDIc,ACC_180,ENT_UK_015,53867.51587670777,USD,2026-03-31 11:41:31,860:6ab0:f7a8:a01c:a7f:85a0:32ab:f4a,1
sdv-id-sNQtfy,ACC_206,ENT_UK_001,133542.4707949264,USD,2026-02-24 17:37:30,b1a0:8b0b:15a2:7c70:e335:7ce:a5ce:d62,2
sdv-id-REbGSr,ACC_180,ENT_UK_013,22993.00678547314,USD,2026-02-02 09:22:59,bb54:84d4:c85:d3d1:7ac6:ae18:87ff:e060,1
sdv-id-EcrQug,ACC_202,ENT_UK_009,3728.532860995695,USD,2026-01-06 08:46:32,f4d7:8f94:ed02:5ed1:44ea:c995:ef87:2ff3,2
sdv-id-zVYHcn,ACC_158,ENT_UK_014,41381.270934411725,USD,2026-02-24 15:37:35,fd30:784a:48:5902:132c:5ac5:205c:9050,1
sdv-id-zGHJtG,ACC_236,ENT_UK_014,492977.84585238376,USD,2026-02-07 19:25:43,5a18:8875:b657:4f04:e03e:f16d:669:e9d7,1
sdv-id-nnkspX,ACC_206,ENT_UK_001,84488.11685700479,USD,2026-02-03 05:39:40,b40d:4d4a:e7b4:8bac:957b:4b:6ba5:a433,2
sdv-id-lbLiRJ,ACC_180,ENT_UK_013,98321.65304708296,USD,2026-01-15 06:33:36,1921:5a4d:217e:b81b:1568:ddcc:8275:b0d6,1
sdv-id-miKmlI,ACC_174,ENT_UK_018,22985.332341010293,USD,2026-01-14 16:23:22,9f29:28a2:d1bf:7949:3c09:bfea:53ab:8bd4,1
sdv-id-slXjDL,ACC_277,ENT_UK_010,39561.39138832006,USD,2026-02-14 17:01:03,109d:d08c:5b8a:e65b:2460:ad33:6658:d52c,1
sdv-id-kKZBju,ACC_116,ENT_UK_002,50392.599626894174,USD,2026-01-24 22:53:53,7d14:2990:ddb8:a5db:5005:7b9:44b6:db2d,1
sdv-id-KmDCnq,ACC_241,ENT_UK_010,30595.78612745748,USD,2026-01-06 07:28:36,c22e:8b44:330e:d142:d94b:309c:60e3:746d,1
sdv-id-OdvxlQ,ACC_289,ENT_UK_013,278542.3936028373,USD,2026-01-27 17:18:52,538d:6dab:9fc3:e35d:a8a4:38b0:8820:49f9,1
sdv-id-lVmtfF,ACC_250,ENT_UK_003,418842.8769447019,USD,2026-02-09 00:58:29,c195:e9e:30d5:2186:f23d:4119:c53f:2a98,1
sdv-id-zyBQVs,ACC_206,ENT_UK_001,1011.4286893458147,USD,2026-03-24 19:26:40,1df3:88fe:5bc2:70be:253a:378d:91fb:a7f5,2
sdv-id-FHWdov,ACC_206,ENT_UK_011,808683.6178257173,USD,2026-01-25 11:52:51,59d2:fead:eae:e8c9:1f1a:74e6:b70b:caee,2
sdv-id-CqskFS,ACC_292,ENT_UK_009,443481.9907141095,USD,2026-01-05 22:03:22,bfb1:b64:9ca0:a4ca:51ae:3ab0:df9b:d100,2
sdv-id-xnDOPr,ACC_274,ENT_UK_009,1002.9634790233127,USD,2026-03-04 16:21:25,3929:962e:35ce:644:694:ca77:b496:b8a8,2
sdv-id-LjnBTN,ACC_158,ENT_UK_009,2568.897781740932,USD,2026-01-06 22:18:40,75bf:22fb:3e54:a471:5434:63f3:e36e:1ca7,1
sdv-id-ZuUNJa,ACC_180,ENT_UK_009,507289.0277732739,USD,2026-03-28 14:38:27,c011:6e13:2eed:9b25:9919:ca9d:92e6:eee,1
sdv-id-JhXPaC,ACC_110,ENT_UK_008,110601.67904942794,USD,2026-03-12 17:57:48,9f37:d621:7e9f:ca4d:bcd:d322:c580:5b13,1
sdv-id-iLCHVd,ACC_241,ENT_UK_002,381988.48785099754,USD,2026-03-04 11:15:29,ba5e:732e:78bb:a380:58b7:d1ca:f5ba:a6cb,1
sdv-id-prAkFv,ACC_206,ENT_UK_007,1456.3075633004703,USD,2026-01-12 11:14:44,bbd3:6461:8081:7949:b8e6:14ec:6e0a:82fb,2
sdv-id-USVzhl,ACC_268,ENT_UK_004,3015.928393652428,USD,2026-03-15 09:28:05,fb03:5091:7a01:fc67:94f1:8aa0:a4bd:2c1f,1
sdv-id-WvxJDX,ACC_158,ENT_UK_007,4670.9211099403565,USD,2026-03-29 00:00:00,c3f4:3570:6b36:55e0:c6ae:91c9:d820:2f4f,1
sdv-id-omCzLN,ACC_210,ENT_UK_011,334829.54417379276,USD,2026-03-11 13:11:09,b275:1c82:afb7:aec:fc83:b2d4:126d:3135,1
sdv-id-qqLzpH,ACC_210,ENT_UK_009,31693.282154109445,USD,2026-03-01 19:00:29,4bb2:f6a9:ae8d:db01:5a0c:5586:7e95:231,1
sdv-id-bwQVMe,ACC_110,ENT_UK_019,1771177.3325940056,USD,2026-01-04 22:38:11,4eb5:7944:80db:4023:5b68:e30d:6266:992e,1
sdv-id-WEMQxr,ACC_116,ENT_UK_015,91768.93924279028,USD,2026-01-15 11:09:27,c228:3821:c7c9:f5e5:b4a1:e04e:1247:b9b1,1
sdv-id-zlVlJy,ACC_236,ENT_UK_004,17908.53497821838,USD,2026-01-05 08:35:55,5adb:2790:1c2b:12cc:af02:3489:27ae:8297,1
sdv-id-KnIoiE,ACC_135,ENT_UK_005,7470.460063935878,USD,2026-03-15 17:35:59,4551:fbef:536b:2cf0:b347:8f8e:8102:44e,1
sdv-id-kSxkki,ACC_292,ENT_UK_016,19707.64601506991,USD,2026-02-25 23:03:16,2bc0:619c:9fd5:b526:db52:98c0:84d9:157a,1
sdv-id-iHylbJ,ACC_206,ENT_UK_009,138379.4868899762,USD,2026-01-15 09:39:49,b037:757c:dedb:b329:df32:80e9:f765:b2f3,2
sdv-id-NgUXRi,ACC_236,ENT_UK_019,446736.7896023005,USD,2026-03-05 10:51:01,cd6c:7fec:ab29:7fcb:75f1:3d3c:9423:ee6a,1
sdv-id-aCfdQV,ACC_212,ENT_UK_005,236709.56120646605,USD,2026-01-04 07:57:12,b843:c481:f9a9:c39b:165c:10b9:8455:e717,2
sdv-id-uMjWsn,ACC_289,ENT_UK_006,972.9098153236764,USD,2026-03-10 06:34:54,abfe:4930:9b33:441b:a255:1620:b4f2:b86d,1
sdv-id-nETtrm,ACC_180,ENT_UK_019,26201.56255258974,USD,2026-03-10 08:55:03,590:506f:e5f3:de4b:697e:45eb:d999:862a,1
sdv-id-RJEQFA,ACC_206,ENT_UK_003,1076760.78566144,USD,2026-02-21 14:49:25,a200:a2b8:81de:d47e:63d6:c32d:7571:2b87,2
sdv-id-XeGhwR,ACC_236,ENT_UK_008,860020.2445954452,USD,2026-02-26 08:37:42,20ed:9368:1ad4:12f1:cc61:3d1a:709c:3ce3,1
sdv-id-yFlgba,ACC_174,ENT_UK_005,14750.992115527504,USD,2026-02-27 01:49:34,f137:9df9:601c:c163:823a:4307:92ae:b1b7,1
sdv-id-utetwx,ACC_180,ENT_UK_011,2539.6675471939498,USD,2026-03-06 03:27:34,c536:b34:bea3:ba65:c8c4:5c81:8dcf:9863,1
sdv-id-wNxabM,ACC_135,ENT_UK_001,505639.8462705512,USD,2026-03-31 10:29:30,ad10:5fe9:cb7b:62b:c2c0:ed2c:db6e:aa29,1
sdv-id-CbEfGB,ACC_174,ENT_UK_008,84960.22804162951,USD,2026-01-23 02:10:08,a8d1:ff6b:d529:6a4:5b5e:9b24:6425:ea43,1
sdv-id-BwkdNW,ACC_227,ENT_UK_012,17062.347622422214,USD,2026-03-30 18:46:39,12b9:a41:fd88:b64b:b4c1:cd20:63bc:28f0,1
sdv-id-TVpmWP,ACC_227,ENT_UK_012,88080.47120945546,USD,2026-03-15 12:58:07,7926:a5a1:8dbc:8973:f582:3f5e:598d:de3b,1
sdv-id-lZlYCh,ACC_227,ENT_UK_006,66222.13362906939,USD,2026-03-04 14:02:56,a76b:f941:62a:7b9:e73:3a16:b9c1:ea8d,1
sdv-id-PfrxSf,ACC_292,ENT_UK_009,56925.842876736475,USD,2026-03-23 09:06:47,4:e03f:5dc1:9c71:321e:250e:e3f4:1079,1
sdv-id-RhAKYJ,ACC_175,ENT_UK_007,10557.90149091156,USD,2026-03-17 07:18:51,ae2d:f7af:3437:e64:7dae:17d1:e2b4:a3cd,2
sdv-id-exTdsI,ACC_212,ENT_UK_014,72971.5114672032,USD,2026-02-09 02:51:05,7121:8ab3:628b:37f:fcab:99cc:24ed:af72,2
sdv-id-VYTeXe,ACC_112,ENT_UK_015,56784.11580799595,USD,2026-03-30 18:43:02,1237:9173:1ed2:94bf:3fda:4d2b:3a3d:4024,2
sdv-id-AglALH,ACC_206,ENT_UK_019,2070.9276628758407,USD,2026-03-28 19:20:43,141a:2673:324:edf5:76ab:48ae:8091:8937,2
sdv-id-cpUPWN,ACC_212,ENT_UK_009,2680.0254142452222,USD,2026-02-02 07:03:05,5781:fab9:d35a:efcf:87ce:8997:c650:281f,2
sdv-id-eQgKGj,ACC_268,ENT_UK_013,9088.762332054905,USD,2026-03-08 16:21:35,8a0e:fbb3:bad0:c181:4b7e:d58f:bef6:faca,1
sdv-id-guOrii,ACC_212,ENT_UK_009,26365.668297468455,USD,2026-01-30 04:43:23,1fc:be3b:34b4:dfaf:5629:e6d5:a3ae:b2c1,2
sdv-id-KfTwdV,ACC_206,ENT_UK_004,457160.1724443441,USD,2026-01-23 02:42:58,31eb:5aa2:40cb:61aa:5adc:1543:355b:f880,2
sdv-id-IHUokI,ACC_283,ENT_UK_012,394894.0036291776,USD,2026-03-30 21:43:53,f3f7:d2fe:1f6b:b843:1000:decf:b45f:e48a,1
sdv-id-tJYgRD,ACC_236,ENT_UK_007,35286.864317379186,USD,2026-01-17 08:46:26,cb3a:bc0e:8f01:7019:526d:9127:325f:e8ae,1
sdv-id-XryIzh,ACC_110,ENT_UK_016,33287.512995264064,USD,2026-03-18 20:36:52,386e:e50e:4ab0:c10e:768d:5a86:6af4:b40,1
sdv-id-ywpMEV,ACC_110,ENT_UK_013,63124.42930360709,USD,2026-02-15 18:59:52,9982:2c97:c0f5:7f01:63cb:69f2:301a:8bee,1
sdv-id-qVVdBD,ACC_236,ENT_UK_009,277006.31226592563,USD,2026-02-21 17:12:09,cbbe:e0cc:eeef:bc4f:93b:c806:1da6:2978,2
sdv-id-RUpxKi,ACC_212,ENT_UK_010,943.4301739867534,USD,2026-03-23 17:11:22,65d8:9dce:dce9:94a0:6c92:914:6e07:7c51,2
sdv-id-NZkfXO,ACC_116,ENT_UK_019,210009.55276094336,USD,2026-03-21 04:30:19,c3d2:f3c5:681d:1f9f:d97b:a69d:3825:ef80,1
sdv-id-JiiWNb,ACC_206,ENT_UK_005,20193.429355013403,USD,2026-03-13 08:55:09,683c:9ec8:ad3a:4a08:ba6a:5e59:f381:7ece,2
sdv-id-rZHXYf,ACC_236,ENT_UK_017,10194.720161006211,USD,2026-01-20 06:09:36,59e8:7819:e036:3d11:5645:2874:6834:857a,1
sdv-id-Fqbdzm,ACC_227,ENT_UK_007,171608.7220894839,USD,2026-01-18 12:46:14,f047:ac88:a50b:26ee:3bc3:6c3c:2d05:d5c9,1
sdv-id-EmhdBK,ACC_144,ENT_UK_018,385496.6146237284,USD,2026-01-29 06:00:58,c624:ce02:e48a:f9b7:d092:fbce:b2:cfa1,1
sdv-id-FQEVoa,ACC_250,ENT_UK_019,453476.2870788962,USD,2026-02-25 10:41:31,7719:511f:4529:bf22:a4ca:16c8:fa6a:6a7e,2
sdv-id-QBTDae,ACC_180,ENT_UK_007,383080.5572043266,USD,2026-02-05 15:00:16,b591:6136:86cb:d8a7:8086:494c:ae84:4ee3,2
sdv-id-QQylgx,ACC_236,ENT_UK_012,901083.4499916418,USD,2026-03-27 05:39:14,6599:349f:c630:39d5:6995:6c91:bf1b:57f9,2
sdv-id-lSnWJT,ACC_250,ENT_UK_017,79252.53019805138,USD,2026-03-10 11:43:35,d8c8:6f1c:17fd:e1c7:d69d:7a59:732b:f349,1
sdv-id-bthFQd,ACC_241,ENT_UK_014,192326.94609389463,USD,2026-02-12 18:55:28,c531:b43a:212d:8594:5770:70d4:eb44:83eb,2
sdv-id-OOnfwS,ACC_194,ENT_UK_010,42316.37434932815,USD,2026-03-29 14:25:16,63e:2892:d504:e2c6:215d:ae34:1e3d:5efc,1
sdv-id-YumEog,ACC_236,ENT_UK_005,28025.224823869656,USD,2026-02-07 23:57:30,7b88:c990:dc9b:636:4733:5797:c910:a73f,1
sdv-id-lkQSYy,ACC_277,ENT_UK_014,27564.265304497483,USD,2026-03-19 15:50:14,75fa:b94b:baef:45ad:d2dd:2015:d131:b9b3,1
sdv-id-lLAkqM,ACC_206,ENT_UK_009,208740.9147878414,USD,2026-03-11 18:06:45,ddd3:3af5:1f27:c9e6:a080:53c0:a9ff:23d6,2
sdv-id-mBzUBo,ACC_180,ENT_UK_016,94812.7837512806,USD,2026-01-17 00:47:36,6bb:8535:cf2:e79d:8199:8a50:4137:8417,1
sdv-id-IKjUnh,ACC_175,ENT_UK_014,91091.47573758203,USD,2026-01-16 18:01:14,261f:5e36:170b:e81a:5b48:439d:3370:a1ee,2
sdv-id-TTqgpT,ACC_194,ENT_UK_014,73023.55790489085,USD,2026-03-05 09:37:44,db38:6597:8441:296c:3581:13a0:8d56:b932,1
sdv-id-XyTpFv,ACC_236,ENT_UK_013,1279021.806148214,USD,2026-02-17 18:51:58,c661:3340:1a6e:4a3:cf61:6be9:4a55:b621,2
sdv-id-qeDCrH,ACC_206,ENT_UK_004,37828.02507572121,USD,2026-03-22 23:52:17,6f95:ec4a:9b9e:3b79:cac7:c27e:e215:8013,2
sdv-id-nRRLhv,ACC_150,ENT_UK_009,1093542.1042235054,USD,2026-01-20 20:31:44,2014:e8e3:474:2e1:d361:3853:5474:9aa8,1
sdv-id-mJcjks,ACC_250,ENT_UK_011,140980.344925393,USD,2026-03-05 08:48:52,93a3:f71e:9eb4:4c8d:1e60:4d5a:a110:a563,1
sdv-id-KGzdkZ,ACC_206,ENT_UK_002,6329.347102634976,USD,2026-03-21 18:25:08,39c:dc9b:601c:724e:2322:57df:68f4:f4b0,2
sdv-id-JymOpZ,ACC_174,ENT_UK_007,12563.881241639288,USD,2026-01-01 20:29:15,f182:2fc5:a38:fb50:dd35:209e:dc07:71b8,1
sdv-id-CTVkdv,ACC_227,ENT_UK_007,2632.221486942918,USD,2026-03-16 17:10:25,9686:63a4:1c85:6a80:9ed7:3654:1f68:6593,1
sdv-id-TkJILu,ACC_194,ENT_UK_016,1850877.639923268,USD,2026-01-30 16:59:20,9575:99e2:bb82:5490:8885:57c2:fde2:1dab,1
sdv-id-qbSVhP,ACC_206,ENT_UK_014,244658.6189752151,USD,2026-02-14 07:17:35,143f:ca09:5f0e:be3f:2fc4:ce0b:7909:f8d1,2
sdv-id-IWtcsE,ACC_180,ENT_UK_009,10254.823379201336,USD,2026-01-05 00:33:33,4bd9:8700:bba9:4e9d:7268:9238:38cc:2dfb,1
sdv-id-jZyTzY,ACC_148,ENT_UK_017,805823.3469540254,USD,2026-01-06 14:05:00,6ded:646a:1f63:be13:1fbe:ed9f:c756:2295,1
sdv-id-UmOtvg,ACC_135,ENT_UK_009,93695.39926212392,USD,2026-03-22 02:28:31,c40c:ffdc:6d73:45b9:ded9:3324:b68c:b8e1,1
sdv-id-cXhHEw,ACC_289,ENT_UK_005,33207.05059647685,USD,2026-03-04 09:26:05,f415:2ad2:4e3:d1f2:30a7:3cf8:9557:8d61,1
sdv-id-tTVvup,ACC_158,ENT_UK_005,55341.2747446413,USD,2026-02-09 16:05:43,66c0:b110:b666:4904:dcfb:ce0b:a586:f2cb,1
sdv-id-Drkpgd,ACC_144,ENT_UK_006,2975.2508155722844,USD,2026-01-24 22:09:33,25f5:c16:168e:f60f:adaf:ae63:3f3f:201c,1
sdv-id-UXSFqK,ACC_194,ENT_UK_019,74329.42033340565,USD,2026-02-13 11:55:30,2cfc:6d04:5a40:8dad:73e:a3c2:13a8:4e2b,1
sdv-id-BsVpjD,ACC_283,ENT_UK_014,59863.85735953749,USD,2026-03-23 22:57:07,accc:9e6b:e771:f28a:5539:632e:d58c:188f,1
sdv-id-mjqxco,ACC_135,ENT_UK_001,947.5333577937416,USD,2026-01-21 07:16:35,6fb2:4349:1ebe:5ce0:dcc1:dffe:18ab:975,1
sdv-id-VwkOJJ,ACC_158,ENT_UK_004,4092.466263802662,USD,2026-01-19 07:54:43,d410:915f:476a:219f:de05:3297:31fe:b6f4,1
sdv-id-qtMQfj,ACC_236,ENT_UK_019,4745.942579291664,USD,2026-03-09 04:44:04,f030:2722:44c:9af8:7d35:9133:f1cd:1a5d,1
sdv-id-rDkMip,ACC_180,ENT_UK_012,851857.7506461462,USD,2026-03-08 16:30:58,ef8a:82a2:fe92:8ef0:912e:9ac3:e4e9:f12e,2
sdv-id-ifNaMQ,ACC_241,ENT_UK_014,1001.1551743959292,USD,2026-01-20 20:11:07,9285:b494:34ec:c155:da95:4cd7:37d0:45b,1
sdv-id-wOQMpv,ACC_206,ENT_UK_011,16997.73553047406,USD,2026-02-04 13:23:07,6ed1:4728:b08:ac76:ad00:f37d:4c13:6319,2
sdv-id-QMzWvq,ACC_227,ENT_UK_003,1437.9106966812135,USD,2026-03-03 10:23:03,c6e6:9cba:9830:9ab9:70f5:1afc:fd92:9e16,1
sdv-id-coLOpw,ACC_206,ENT_UK_018,24504.797523122637,USD,2026-02-25 11:15:09,66af:e1fa:41a6:35a:10f1:8b93:31f5:dd6f,2
sdv-id-KogqgU,ACC_110,ENT_UK_015,373643.2690052203,USD,2026-03-08 02:55:37,6312:c9e:b069:5816:231c:13a:2186:cdcf,1
sdv-id-TviQwv,ACC_283,ENT_UK_015,9417.218470557793,USD,2026-03-29 12:41:48,b395:e030:c013:7f10:3214:c39d:d408:92a7,1
sdv-id-EbIECH,ACC_283,ENT_UK_017,19839.759088325256,USD,2026-01-27 14:27:31,56df:4917:fe65:70d0:7c6f:17e:8d22:4747,1
sdv-id-mcWiph,ACC_212,ENT_UK_012,311742.30309344,USD,2026-02-27 05:49:55,75e3:7ff6:3c1:7ff5:17de:4c2f:e522:2e1d,2
sdv-id-dQAEst,ACC_116,ENT_UK_019,676025.7438699598,USD,2026-02-04 02:01:32,1d7:9b1f:87d6:474c:f42c:c8dc:fc30:f2b2,2
sdv-id-GByZpP,ACC_116,ENT_UK_005,25374.451997172582,USD,2026-01-28 19:43:35,e0f:947a:aed1:f2bc:7fc7:5b63:c6dc:1f7c,1
sdv-id-lMMHsP,ACC_241,ENT_UK_018,14868.31597400926,USD,2026-01-11 11:33:40,5511:4d08:9de7:12ba:6f39:e108:4d3b:712,1
sdv-id-ZVfCMG,ACC_292,ENT_UK_011,1450.7493856388237,USD,2026-02-23 11:59:51,d6b7:f99e:1f38:a346:d5c4:768c:121c:c2d,1
sdv-id-vAgpAy,ACC_180,ENT_UK_009,29681.571653937543,USD,2026-01-20 20:51:54,6a8e:b146:c020:23d9:2b6c:832f:d6b8:2102,1
sdv-id-eQLjpS,ACC_109,ENT_UK_015,2362.3366876944447,USD,2026-02-09 22:33:48,ef8a:8b2d:8cab:d573:b862:f0a0:53ce:61dd,1
sdv-id-boITpy,ACC_250,ENT_UK_012,1018.289231325484,USD,2026-03-24 05:00:57,f877:23db:b70c:5edf:1e44:705:4aa6:d7a,1
sdv-id-PwjrnE,ACC_206,ENT_UK_008,2225.184169758747,USD,2026-02-14 11:46:20,438e:b05f:9b56:b6b3:19ea:fbd8:f421:4f9a,2
sdv-id-ifQesf,ACC_277,ENT_UK_014,100846.33196901236,USD,2026-01-25 02:52:30,6b1:608e:a11d:38ef:96da:8d96:259a:646c,1
sdv-id-OqhHuE,ACC_150,ENT_UK_007,233508.50168342388,USD,2026-02-18 07:07:13,1f0a:4a88:16f5:4be4:ba9c:b1e5:5100:480b,1
sdv-id-ZqaPIv,ACC_110,ENT_UK_002,51993.52083821427,USD,2026-04-01 16:07:44,acdb:c5c8:521d:1a3d:2e9b:1e1:3c25:6696,1
sdv-id-KfNYAX,ACC_223,ENT_UK_012,164375.34469985386,USD,2026-02-20 11:09:14,95f:95c3:8d14:eb24:4454:eb39:64ef:78ab,1
sdv-id-LnzhTr,ACC_210,ENT_UK_008,124485.53372544493,USD,2026-03-22 00:17:31,1ef:adde:e2c9:624d:5f4c:c387:eb78:cf1c,1
sdv-id-XncRWa,ACC_180,ENT_UK_016,23081.141234160372,USD,2026-04-01 00:14:02,4375:43bd:a827:1ad4:a979:4594:6ea7:730a,1
sdv-id-VuFJvj,ACC_206,ENT_UK_006,370868.2434162487,USD,2026-01-07 17:38:50,9f28:dd5:985:a9de:d89c:213c:71b:4cff,2
sdv-id-UKlEKr,ACC_175,ENT_UK_017,53035.02047397849,USD,2026-01-31 08:00:59,fb64:665e:ee64:3661:a7ba:c2ce:814f:16f,2
sdv-id-VXBYow,ACC_223,ENT_UK_005,1291012.9874248467,USD,2026-03-23 07:51:42,167a:c766:5046:5a79:cbc9:a05:6ff8:436c,1
sdv-id-rbRvNZ,ACC_227,ENT_UK_013,663804.2229678629,USD,2026-03-04 06:56:57,2ad6:58:4990:1e0e:3152:665f:ffd6:cdd3,2
sdv-id-FVIGfo,ACC_206,ENT_UK_013,86833.44826754551,USD,2026-01-29 12:16:55,c233:51a7:e269:bf8:fabc:eef:5c20:2ec1,2
sdv-id-ymxCxk,ACC_227,ENT_UK_002,921.1507785302116,USD,2026-02-19 08:19:20,97d0:d628:17a3:141c:f1d8:4172:5c16:fd29,1
sdv-id-JaKwna,ACC_212,ENT_UK_018,375427.03791672416,USD,2026-03-13 02:36:23,1083:f86e:e982:4c04:acc0:1559:7330:ba85,2
sdv-id-tZJPkA,ACC_212,ENT_UK_016,161000.24200296798,USD,2026-03-01 19:15:33,44c9:47d1:a8d5:8490:4fde:a2ad:9cdf:8e31,2
sdv-id-VsKoPv,ACC_135,ENT_UK_011,931.6124227417488,USD,2026-03-23 19:02:18,a40a:1dbc:e5c2:3a80:bfb0:fd42:510b:c96d,1
sdv-id-eoIIGC,ACC_289,ENT_UK_008,137516.47025946627,USD,2026-03-31 21:47:37,230:8e7:fef:35b1:b56:be4e:129:6fe3,1
sdv-id-ioYPTj,ACC_289,ENT_UK_005,513575.1521025592,USD,2026-03-27 20:06:38,7c05:be9e:541d:70f1:b99f:8dae:e979:2c25,1
sdv-id-IRqSKz,ACC_135,ENT_UK_013,6184.04047429714,USD,2026-02-07 17:30:43,732c:17b0:29cf:d955:7c44:38f5:22ab:230a,1
sdv-id-aTDOaV,ACC_212,ENT_UK_007,999.525935824036,USD,2026-03-17 17:49:41,7920:9c7:426f:bb9d:8c30:84ed:f6d4:8038,2
sdv-id-kghRob,ACC_150,ENT_UK_008,3816.905439332343,USD,2026-04-01 00:41:05,4874:a03:516f:893c:7eb9:84bc:75ca:dc15,1
sdv-id-pPPWBi,ACC_194,ENT_UK_016,42135.8518835415,USD,2026-02-05 15:09:27,cedd:6496:e571:9775:33d4:488a:8d32:6ca6,1
sdv-id-HyJToT,ACC_236,ENT_UK_013,69661.26586416663,USD,2026-01-27 21:44:38,b0d5:3b32:64b6:a575:8956:1097:a211:3cb6,1
sdv-id-OtpWUg,ACC_194,ENT_UK_002,239610.04145675755,USD,2026-02-04 01:08:32,1550:dac6:bf4:16fe:1eb2:690f:e15e:8201,1
sdv-id-DqwRSb,ACC_283,ENT_UK_007,1941278.4864530056,USD,2026-03-01 15:21:46,783a:7317:ce7a:ef7c:67c9:731d:7dba:64fd,2
sdv-id-JKtQZJ,ACC_227,ENT_UK_009,228618.4631319488,USD,2026-03-22 05:47:14,9bc2:3266:5c4d:ece7:c999:dc4a:f80:706d,1
sdv-id-WYAGVQ,ACC_212,ENT_UK_019,308046.6252938902,USD,2026-02-13 23:50:26,c2ef:6d81:4f3c:c7a3:aa8f:65b0:a393:f49f,2
sdv-id-bvCmBV,ACC_175,ENT_UK_012,106783.39337287768,USD,2026-01-12 08:47:32,f33e:9f6e:c1a8:b3a:dff5:edb0:fee1:27ed,2
sdv-id-nYUyFe,ACC_250,ENT_UK_010,377593.1898822815,USD,2026-03-08 02:06:56,4e8a:43c3:80e4:90ff:4469:b4b4:3874:d802,1
sdv-id-baXsFC,ACC_206,ENT_UK_018,34156.586988482195,USD,2026-03-08 10:12:57,5897:aea9:3a47:e959:446e:3687:18c2:1873,2
sdv-id-dWYHfs,ACC_236,ENT_UK_016,138241.02480132927,USD,2026-03-28 09:19:31,8269:3cee:f79f:e282:b12b:616f:724c:8f42,1
sdv-id-IEhvRR,ACC_110,ENT_UK_008,741681.5649163862,USD,2026-02-27 18:21:11,a1f9:be3e:de40:7b14:645c:552f:83a8:cc9d,1
sdv-id-NUGxcV,ACC_158,ENT_UK_001,42667.250457482565,USD,2026-04-01 06:45:59,1f20:6ffa:6ffa:23d:563e:643c:d9aa:64a7,1
sdv-id-TmSDhV,ACC_227,ENT_UK_016,84581.20130123635,USD,2026-03-29 15:26:23,fdc1:b7d6:f84f:f8b1:86b7:5f9a:dc4f:9db0,1
sdv-id-qxMZPB,ACC_150,ENT_UK_006,150881.65279189288,USD,2026-01-22 00:37:23,2a1e:a911:c7ad:1454:1127:7708:6876:4b06,1
sdv-id-zuZoru,ACC_180,ENT_UK_014,294545.89630614937,USD,2026-03-08 08:14:33,dd8b:258f:6174:51ae:4af2:4e5e:c70a:59f0,2
sdv-id-GpCZdb,ACC_289,ENT_UK_014,1307.1917924952822,USD,2026-01-10 15:18:16,48f:47b:98c6:577a:8d37:4715:7fd0:d97f,1
sdv-id-UuoqoU,ACC_144,ENT_UK_010,101714.41595460344,USD,2026-01-19 03:10:27,7282:427e:c29a:3721:7a0d:11d6:690f:4814,1
sdv-id-ygaBLr,ACC_116,ENT_UK_007,1329879.277141552,USD,2026-03-14 10:02:59,a7e:24fc:8a7c:55c5:7d52:867c:c08f:42d8,1
sdv-id-rVOGVe,ACC_212,ENT_UK_019,584818.8080656595,USD,2026-03-02 02:17:27,9d3b:9e3e:bb0b:c661:7b3c:ee84:9cfd:334,2
sdv-id-ZQwLCq,ACC_180,ENT_UK_017,763069.4605633182,USD,2026-03-19 13:26:07,6e6:b3b1:c214:6a51:c362:7a50:ef18:1c16,2
sdv-id-ZKEOaU,ACC_206,ENT_UK_003,2266.0801143376375,USD,2026-02-23 19:26:28,8ed9:9d34:dd9b:a760:9f54:da22:1e9b:4cc8,2
sdv-id-LdgEiw,ACC_223,ENT_UK_012,169965.98539240376,USD,2026-01-20 01:26:54,28ad:ff6b:b4e7:dbbd:598f:9816:d56:1d83,1
sdv-id-qbjXQM,ACC_227,ENT_UK_007,134721.3881178459,USD,2026-01-17 23:44:21,4419:b566:a7c4:b6ec:1576:503d:4483:3da,1
sdv-id-aQqYKK,ACC_148,ENT_UK_009,524126.157050615,USD,2026-01-26 08:26:29,44c:f7e5:e5bc:bf51:dffe:946c:295a:ba98,1
sdv-id-EjiBeI,ACC_268,ENT_UK_005,595352.8827784585,USD,2026-03-19 21:55:28,af4e:c389:fb65:6fb8:158f:ec42:b1b:856c,2
sdv-id-DruKpY,ACC_158,ENT_UK_019,1190533.5822784377,USD,2026-03-30 17:35:42,27cc:bf07:3005:a463:7cc7:9055:e0b8:c151,1
sdv-id-UfkFvG,ACC_250,ENT_UK_013,876255.5650859848,USD,2026-03-14 04:24:01,d884:77e1:754f:d5f7:eaea:acdc:1fef:de46,1
sdv-id-Jemuzx,ACC_236,ENT_UK_008,47150.45936484777,USD,2026-01-07 01:04:32,4508:7c3:22cb:1d2c:8bea:ba7b:1da6:93a,1
sdv-id-msRbrE,ACC_206,ENT_UK_011,984.7155636617732,USD,2026-02-26 13:42:56,a905:6a6d:844d:5b15:2871:282f:7d0c:b3a9,2
sdv-id-yhHEAV,ACC_283,ENT_UK_009,940.390670613766,USD,2026-02-21 09:21:36,8fbe:c4f6:f407:705:84a4:193e:cb61:64bd,1
sdv-id-dMzNbO,ACC_148,ENT_UK_002,362810.37273955694,USD,2026-01-10 14:01:59,ead5:5358:9613:680d:b21f:89f7:753f:c266,1
sdv-id-fyjdFT,ACC_236,ENT_UK_007,2052.751073713888,USD,2026-03-10 22:41:32,b96:cb50:4963:3993:1583:1ddb:e4df:5400,1
sdv-id-dbZwbB,ACC_212,ENT_UK_013,812444.2918130736,USD,2026-01-15 12:04:11,463f:6a37:ce87:bcf9:aebd:102f:62ae:99a5,2
sdv-id-KsSqMe,ACC_158,ENT_UK_008,1753.4660586158636,USD,2026-01-19 00:13:39,de14:c8e7:6f4b:5966:8a5:ae3d:8c76:9ed6,1
sdv-id-AYjCvb,ACC_135,ENT_UK_017,433421.73630950216,USD,2026-02-26 10:42:10,ca76:e974:bf98:ef61:f9d9:d206:2536:a71c,1
sdv-id-xpDtDs,ACC_206,ENT_UK_018,95915.13588257262,USD,2026-03-30 03:12:38,a378:b759:33ee:4c19:33e6:7880:598e:2205,2
sdv-id-qTFbyS,ACC_236,ENT_UK_006,1220.3297202849162,USD,2026-03-25 11:20:19,b80d:30a1:fce1:d6a:35d:b86b:da93:fc00,1
sdv-id-khdEKh,ACC_180,ENT_UK_008,17121.753631653544,USD,2026-01-22 20:16:50,e346:973f:ea2d:c71b:545b:ab4d:2717:6443,1
sdv-id-QFJIpm,ACC_110,ENT_UK_011,54643.89700528804,USD,2026-01-15 17:39:02,a162:67eb:7a0d:6da2:7ee9:284b:b098:53b8,1
sdv-id-HpZGQB,ACC_110,ENT_UK_012,678889.6282182676,USD,2026-01-02 14:00:41,cae2:7433:3b09:6ed9:5ee2:304a:bc2d:d925,1
sdv-id-UrAphV,ACC_236,ENT_UK_012,32661.82345279936,USD,2026-03-03 14:40:48,4b4e:5c06:daec:aa6c:b367:8115:823a:92cd,2
sdv-id-RwIUcP,ACC_212,ENT_UK_018,147718.5990420979,USD,2026-02-21 05:30:14,835c:dafa:48b3:30f8:96ba:e22:b521:1e78,2
sdv-id-AMdESG,ACC_268,ENT_UK_005,151093.1688909686,USD,2026-01-31 23:30:33,9f09:9359:44f5:c2f7:a692:13f9:9a62:6658,1
sdv-id-tMvDGj,ACC_227,ENT_UK_009,726944.2509103615,USD,2026-01-22 12:17:28,6858:afbe:691f:ec3b:e93f:41fa:fb25:16c3,2
sdv-id-imCwuF,ACC_148,ENT_UK_010,163258.72780583173,USD,2026-03-19 23:37:44,218c:9b42:4399:6960:4945:f6c4:907c:46cd,1
sdv-id-ywoPGa,ACC_206,ENT_UK_012,953578.2048475456,USD,2026-02-23 14:36:53,c639:4f9b:75f9:a51a:8e9:b7df:67aa:10fd,2
sdv-id-dLbyzz,ACC_212,ENT_UK_006,303075.9111816347,USD,2026-02-04 09:17:12,cf8b:96cb:6acd:caca:62e9:1e37:4fa5:1fc4,2
sdv-id-TYgAcm,ACC_274,ENT_UK_001,268464.4564964954,USD,2026-03-23 06:32:51,df3e:1f88:a342:2907:2c8:51b7:6288:19d9,2
sdv-id-aCvXIc,ACC_236,ENT_UK_018,454760.44644814706,USD,2026-03-09 15:44:43,690c:8d60:617f:4a42:c7a3:b372:b339:8e54,1
sdv-id-iXOHyQ,ACC_250,ENT_UK_016,35674.00467659836,USD,2026-02-14 18:15:53,d42a:bc43:5046:3bf9:4fa2:aac7:73ad:4f81,1
sdv-id-aJLrGo,ACC_274,ENT_UK_008,4897.3535019308065,USD,2026-01-21 13:33:41,5258:1165:65e2:895f:c09d:ef48:8083:e0b5,2
sdv-id-yDMfsN,ACC_202,ENT_UK_014,3767.538771674902,USD,2026-03-30 11:31:24,7ce4:87f2:ee0b:8d87:f1e4:a0b:f6a0:c80a,2
sdv-id-dPDhhl,ACC_180,ENT_UK_004,44707.65774369721,USD,2026-03-03 05:56:00,d7af:a540:1c12:c6f6:4850:df7d:bccf:2487,1
sdv-id-nGUyiV,ACC_212,ENT_UK_012,5994.032909202306,USD,2026-02-19 03:00:02,146d:c112:5ff2:aadb:166d:44c6:1917:1039,2
sdv-id-edzjmG,ACC_212,ENT_UK_007,736881.9348386336,USD,2026-02-27 17:18:23,87e7:e2d:3647:31b7:d43e:8f29:4ede:e16f,2
sdv-id-JyCtSY,ACC_180,ENT_UK_018,35894.45519245694,USD,2026-03-20 19:18:10,bcf3:7a6a:4351:d115:ec9d:a1f3:c9b0:c869,1
sdv-id-DYyxcJ,ACC_268,ENT_UK_005,68302.50781647145,USD,2026-03-05 18:32:38,ae7b:8663:ad6a:7fdb:1cb0:983:bb39:a4c9,1
sdv-id-pUUMFR,ACC_250,ENT_UK_009,81392.21110745473,USD,2026-02-05 11:20:01,2fc2:6ea0:a856:a95d:7008:9f66:bbd0:d22f,1
sdv-id-PRCvGQ,ACC_289,ENT_UK_001,429066.3163588594,USD,2026-01-18 13:13:24,ccf4:324f:aa9c:d781:3f32:bac9:8b47:a5bd,2
sdv-id-AIvvMv,ACC_212,ENT_UK_004,1094.7069907755808,USD,2026-02-16 00:38:50,5ca3:5ad9:72e:9b91:4e91:8fda:30b7:55f6,2
sdv-id-xXmjXP,ACC_212,ENT_UK_002,6783.960231213223,USD,2026-02-19 22:32:50,6037:224c:2642:fa0a:8976:94a3:c599:82de,2
sdv-id-RoKeXj,ACC_110,ENT_UK_007,30305.68037235819,USD,2026-02-03 04:24:43,d8b0:fbed:eea2:9317:82e:6ecd:c4ef:1403,1
sdv-id-IAKeiq,ACC_292,ENT_UK_013,119568.20255030307,USD,2026-01-16 13:09:37,b107:dc62:19f6:b36:cb4a:c7c:a750:244c,2
sdv-id-CqWDFa,ACC_212,ENT_UK_010,16546.609454038833,USD,2026-03-22 17:01:57,73f4:e409:bb2:ffb1:78b2:831c:3088:852a,2
sdv-id-RDqMFK,ACC_212,ENT_UK_006,1236452.845678952,USD,2026-02-11 07:16:13,3e61:1e4e:c61a:d8d1:f706:1e28:ee2a:1498,2
sdv-id-HVUNjp,ACC_227,ENT_UK_009,147885.07875208184,USD,2026-01-10 12:10:14,a7cd:c106:4b64:29d7:846a:c8d:9c94:251a,2
sdv-id-oqpTAY,ACC_194,ENT_UK_013,3482.878665944977,USD,2026-01-03 21:19:51,4415:ff8:a313:2aec:30ae:1d82:64f0:7b52,1
sdv-id-ZHoWnG,ACC_212,ENT_UK_010,44307.8007538954,USD,2026-01-18 01:29:05,43fc:e79c:92bf:10db:3e31:19b6:8d82:52cf,2
sdv-id-ERziPW,ACC_135,ENT_UK_004,370134.7893670708,USD,2026-03-28 03:28:00,eef0:c85e:2e1d:7691:7fe4:66b8:854a:dda,1
sdv-id-rCXkug,ACC_135,ENT_UK_001,294163.83586534206,USD,2026-03-27 22:08:57,4782:d3ee:7c7c:edb9:5bc9:35f2:3cf4:2d30,2
sdv-id-UzwloR,ACC_274,ENT_UK_017,359063.5201522089,USD,2026-04-01 13:50:36,c86:9d08:4978:b8c8:93be:c799:9a6b:e86a,2
sdv-id-xzqOZS,ACC_292,ENT_UK_017,22475.701820621387,USD,2026-03-24 04:45:23,1a8c:243:8082:5a65:a23b:4832:40d7:3084,1
sdv-id-zXutbo,ACC_292,ENT_UK_001,387281.2101725009,USD,2026-02-12 07:45:40,9607:199c:69bf:e093:d063:c276:6a3e:c2c4,1
sdv-id-hRtUbE,ACC_227,ENT_UK_018,322732.6902204205,USD,2026-02-09 18:45:12,7509:af:76ac:62ef:4fb5:6bfc:633a:dbf9,1
sdv-id-eoJzzi,ACC_116,ENT_UK_017,595054.4568107929,USD,2026-01-10 02:23:54,1b79:6460:db95:2207:d914:93c6:af1:5f3d,2
sdv-id-YYuAfV,ACC_274,ENT_UK_019,25137.79007945853,USD,2026-01-22 17:49:57,e721:fab:bac7:3a00:f701:6b8a:6448:453a,2
sdv-id-ILAhJS,ACC_180,ENT_UK_007,5226.594430815283,USD,2026-01-22 21:00:45,cc26:e05f:e7d9:7ff5:fb75:6aeb:c921:3580,1
sdv-id-GWKfsY,ACC_135,ENT_UK_015,146797.20713149023,USD,2026-02-25 01:02:07,9a5f:7a6d:dde4:30ab:bcfc:8bd7:1f68:d8a0,2
sdv-id-QuMOvj,ACC_150,ENT_UK_011,3819.559173364248,USD,2026-01-24 07:11:10,821b:caea:7539:3a28:eccd:1339:1d05:af89,1
sdv-id-CfIJiL,ACC_292,ENT_UK_012,28339.923447799436,USD,2026-03-06 19:33:59,ca83:c4af:d99c:9636:dc2d:1646:319:e051,1
sdv-id-YpqkvX,ACC_236,ENT_UK_010,974413.1907027196,USD,2026-02-15 01:03:26,d658:7c2e:2bb9:9503:3a83:4024:692b:8316,1
sdv-id-pHCBzq,ACC_274,ENT_UK_004,8858.25840499863,USD,2026-01-26 08:58:10,efb8:be53:a4a7:b4ad:cc0b:fac9:c2f7:fe2a,2
sdv-id-ZuCoPh,ACC_175,ENT_UK_016,335419.8592207486,USD,2026-02-07 20:02:07,6dfc:c868:e731:9f94:6070:e118:e9e1:9bf6,2
sdv-id-jyAucb,ACC_227,ENT_UK_007,149936.89794674498,USD,2026-03-17 10:02:33,5854:6a1b:70aa:10cf:4a0a:4555:c654:a839,1
sdv-id-fUAEQa,ACC_212,ENT_UK_013,11475.27568427616,USD,2026-01-31 20:15:49,9f:fb7b:da58:79ba:36e7:af32:77c5:689e,2
sdv-id-gHBkNE,ACC_274,ENT_UK_009,167253.99296843846,USD,2026-03-30 06:39:53,3bb2:3577:45a7:1dbf:962d:553d:82d4:4f7c,2
sdv-id-QakZkc,ACC_148,ENT_UK_017,10274.081014335756,USD,2026-01-25 17:15:23,fb0a:4ec8:ef19:6924:9420:292b:cb49:98a3,1
sdv-id-zqndua,ACC_212,ENT_UK_016,4110.634132047347,USD,2026-02-19 16:55:40,d14b:202f:621f:6492:18bc:a26d:e8e6:13f3,2
sdv-id-ABYZKJ,ACC_206,ENT_UK_002,1632177.0962117796,USD,2026-01-05 19:22:36,4878:b5b9:1120:7e0e:c08c:f39b:56:940f,2
sdv-id-JIKOHL,ACC_212,ENT_UK_004,866259.7343437591,USD,2026-01-22 12:46:32,2393:cc9f:1dba:5866:788d:6de3:a15:f940,2
sdv-id-tpUuca,ACC_227,ENT_UK_003,285528.27587184816,USD,2026-01-22 12:08:34,2a3b:80b1:877d:ccf2:7334:b309:e2c9:f873,1
sdv-id-qGlhvc,ACC_116,ENT_UK_001,9944.619147302776,USD,2026-01-03 11:38:44,99e1:e3fc:f192:794e:3411:dacb:3eb4:3970,1
sdv-id-XwaRrB,ACC_212,ENT_UK_019,1069.4697167891634,USD,2026-03-25 04:11:40,2ba:f430:b3db:f2a1:9908:9ab4:a120:7223,2
sdv-id-cPKxez,ACC_110,ENT_UK_003,927.6620342360078,USD,2026-02-02 03:00:50,23f1:bd18:55de:3427:895a:1a89:aaf2:af81,1
sdv-id-nBimqU,ACC_227,ENT_UK_005,192023.25713939997,USD,2026-02-03 13:05:48,8867:5cec:271e:3083:9a5f:a994:8b19:5434,1
sdv-id-dVAQgp,ACC_110,ENT_UK_014,585810.3182026391,USD,2026-01-20 05:19:41,a2d:4478:a878:3206:a0aa:2fe4:ed5d:430b,2
sdv-id-eDyFFC,ACC_180,ENT_UK_015,488749.08896119456,USD,2026-02-10 12:02:19,6b9:6d78:5ec3:e169:711:c1ed:bbbd:8538,1
sdv-id-TODbon,ACC_202,ENT_UK_003,61248.20629735371,USD,2026-03-03 09:13:08,353:a089:317e:3a7b:4563:5c5:e8d9:aadc,2
sdv-id-anoxUA,ACC_236,ENT_UK_001,297825.85519444157,USD,2026-03-28 07:12:52,9043:e6aa:7df6:da80:6d06:8418:7ec7:b172,2
sdv-id-ltqbzX,ACC_268,ENT_UK_008,945.0364378827044,USD,2026-02-11 20:09:10,b769:fee3:4c24:d95b:a68:3c40:5d97:13a1,1
sdv-id-GNMJQC,ACC_268,ENT_UK_010,214341.03190155653,USD,2026-02-21 08:22:50,4a8:e16a:24f7:e99c:2e4d:2477:17b:eb80,1
sdv-id-WEcFCG,ACC_289,ENT_UK_014,120890.25329186326,USD,2026-02-08 23:00:49,3f5d:b5ed:d850:1c7c:cd32:919e:7a0f:3225,1
sdv-id-wwgswK,ACC_135,ENT_UK_019,941.1134579985834,USD,2026-03-29 20:14:49,d664:4b2a:c3b:9d6:2a8f:cfdc:8f5c:9e6d,1
sdv-id-uuRUmy,ACC_212,ENT_UK_006,10003.82682772617,USD,2026-03-19 13:03:02,f046:4672:51f1:7e09:dc29:6570:6832:db58,2
sdv-id-DBBgSK,ACC_150,ENT_UK_019,41342.61045682732,USD,2026-03-03 14:31:33,a85:9a4a:de7:53df:86ea:7cdd:9c09:29e1,1
sdv-id-ckwpiZ,ACC_250,ENT_UK_015,2924.2784703570064,USD,2026-03-05 09:25:11,79c6:a24e:e531:8f64:e8bf:21b7:addd:22a2,1
sdv-id-ywVJHC,ACC_274,ENT_UK_012,21391.072856246956,USD,2026-01-01 02:39:27,66c5:6af7:ce41:2112:7c39:d56d:b248:8a0f,2
sdv-id-jNhwOA,ACC_175,ENT_UK_002,37274.39345382775,USD,2026-01-25 19:23:54,500:8657:205:8501:204c:aee5:3b4:2e75,2
sdv-id-wxDkKa,ACC_292,ENT_UK_010,71756.36008197031,USD,2026-01-17 06:58:19,c721:4d6e:6b6b:f9da:37cb:bcc3:f1b:d7fa,1
sdv-id-pbcMdZ,ACC_206,ENT_UK_009,715657.8761646204,USD,2026-02-09 05:38:26,bbeb:95a5:fa72:9d41:3c08:3ea9:e3af:6336,2
sdv-id-JhPZax,ACC_148,ENT_UK_003,6738.306240169355,USD,2026-02-22 21:39:33,c58c:4ad7:29:4de2:2a99:1a6f:6581:5a86,1
sdv-id-nuwXyP,ACC_158,ENT_UK_006,115637.32448457408,USD,2026-01-01 07:14:29,1ace:2d4a:a449:46eb:8922:a9c7:699a:dc28,1
sdv-id-TdCIdv,ACC_180,ENT_UK_009,938.4474147431127,USD,2026-02-25 18:32:57,dc:6b8e:d440:f870:4da2:3fe8:fe0:356b,1
sdv-id-fuMGen,ACC_180,ENT_UK_007,983.1534933456109,USD,2026-01-05 21:16:48,2b08:b67e:91f2:b67e:b6cd:b6f1:75eb:2bf7,1
sdv-id-yPxWVd,ACC_212,ENT_UK_019,262920.5475867725,USD,2026-03-07 06:01:58,da69:a368:1f41:5348:7ab5:e106:3c72:ae09,2
sdv-id-pVuXPG,ACC_194,ENT_UK_002,2524.5272669415267,USD,2026-01-16 13:58:13,b9a9:1ed5:b1e1:2484:d0c:80ae:3e6d:eea1,1
sdv-id-nJWVag,ACC_116,ENT_UK_002,76598.10550145309,USD,2026-04-01 13:39:55,b121:9efa:b7dd:1386:d861:1101:a718:b5a4,1
sdv-id-BawpHs,ACC_175,ENT_UK_019,23993.837164445064,USD,2026-01-12 19:34:40,5071:395e:1e10:9479:cc41:d795:36c5:e567,2
sdv-id-UlSRbE,ACC_283,ENT_UK_015,119045.0659682078,USD,2026-01-10 15:59:06,5fdf:a0a7:c7a7:1d72:6321:574c:ab49:b25b,1
sdv-id-NpLmUh,ACC_212,ENT_UK_018,46660.48692269682,USD,2026-02-16 14:23:37,8305:1ec2:4708:62d5:5bb8:dd9:671c:69b,2
sdv-id-RrDIxD,ACC_212,ENT_UK_011,7202.55312743776,USD,2026-01-22 21:58:15,1ad5:c4e2:a0ea:6151:b284:2f1d:ddf8:3dcb,2
sdv-id-oQixsM,ACC_180,ENT_UK_007,476815.57739243377,USD,2026-01-12 17:23:18,19f7:2ed9:a4fd:71ec:87ea:8a00:ea1c:6ddb,1
sdv-id-bzQFco,ACC_180,ENT_UK_002,349333.73315892415,USD,2026-02-11 19:59:48,9c7a:7bc0:27f6:435c:8f6b:e54b:4695:702f,1
sdv-id-FnfBuY,ACC_250,ENT_UK_018,1021.2320380550068,USD,2026-02-02 04:10:10,2e6a:2482:6cb:a44e:3fe5:7bd5:4146:5d97,1
sdv-id-wCpSck,ACC_116,ENT_UK_016,1627219.6281792228,USD,2026-01-10 00:48:33,e749:23f:84bd:2467:45d4:4040:96c4:8791,2
sdv-id-zWlTFM,ACC_250,ENT_UK_014,936.8226292886344,USD,2026-02-09 12:10:59,65fd:d134:da0e:ea57:29f3:f518:564f:3ee5,1
sdv-id-rqUjUn,ACC_180,ENT_UK_014,89787.97426586508,USD,2026-01-03 04:25:44,bea:c69e:9809:a7cd:a23e:431d:2f3:1c42,1
sdv-id-lSLSgg,ACC_219,ENT_UK_004,115240.19842836449,USD,2026-03-30 03:03:36,601c:b8a0:64b4:68d1:b15:9211:fb10:1f93,1
sdv-id-QVEJmz,ACC_135,ENT_UK_004,193844.6106839368,USD,2026-01-01 16:32:29,c7af:2637:e3a3:f552:f592:19ae:1bd8:7bf0,1
sdv-id-vmtNsE,ACC_210,ENT_UK_016,232119.9065303666,USD,2026-03-23 00:21:53,6f1d:5210:9d24:7664:ea5c:fc1b:8a04:6e9f,1
sdv-id-GGYmkI,ACC_150,ENT_UK_014,211874.6342761871,USD,2026-01-27 17:52:12,fb9b:cbc6:cbb4:b351:88b6:f299:ba3c:3490,1
sdv-id-MIfBlp,ACC_180,ENT_UK_014,1392.5342508398087,USD,2026-03-06 22:40:39,7b50:6e90:8f31:ed3f:19a6:e3da:a52a:8203,1
sdv-id-ElIcUg,ACC_109,ENT_UK_008,111914.42726332771,USD,2026-03-06 02:56:06,9225:8641:71a6:5400:daf1:e91f:2dba:951c,1
sdv-id-JbNbjX,ACC_116,ENT_UK_011,733814.26009782,USD,2026-01-13 13:37:58,2f73:fbf2:ceb6:cc5a:add:f9c3:dc4:bb8c,1
sdv-id-hDPZJC,ACC_236,ENT_UK_014,332710.78638510825,USD,2026-02-20 13:36:43,359d:1b1e:1351:fe77:29a1:d0a9:47e2:8a46,1
sdv-id-IklCKO,ACC_250,ENT_UK_002,70292.0043784636,USD,2026-02-04 03:07:25,bdc0:d18f:96e6:3929:f0d0:cee7:cb3c:3c31,1
sdv-id-pxnESF,ACC_212,ENT_UK_014,991.7098338610048,USD,2026-02-01 11:16:19,a12:5570:2019:37f5:6b46:e10:926e:2882,2
sdv-id-mhGZRt,ACC_227,ENT_UK_006,846736.8572982543,USD,2026-03-30 10:32:26,5a48:f79b:fcee:dfd4:b475:76c6:3109:8b1d,2
sdv-id-pLjHDv,ACC_180,ENT_UK_002,1343.6349062026916,USD,2026-03-28 11:00:36,9f77:8fda:540e:c88b:b666:3d1f:b8e2:6c85,1
sdv-id-DHGxvM,ACC_175,ENT_UK_016,546377.0632666803,USD,2026-01-07 01:42:06,bb56:2498:fd24:b07f:950d:49a0:63f9:cbb0,2
sdv-id-ZdDZmf,ACC_227,ENT_UK_009,558998.2270939087,USD,2026-02-17 02:10:11,8a8f:87a5:e180:c6a1:6f57:8f6:959b:7590,1
sdv-id-mHKpuS,ACC_227,ENT_UK_010,4891.852577763231,USD,2026-01-04 08:10:59,a84a:bbaf:7a60:6e2d:972c:7294:9a8f:6cce,1
sdv-id-lSFtDJ,ACC_241,ENT_UK_015,282223.4834173183,USD,2026-03-23 11:06:54,6ed1:92c3:c4f8:3765:aea9:9611:7941:36f3,2
sdv-id-yrdvnS,ACC_283,ENT_UK_016,768102.8741310515,USD,2026-01-05 12:55:28,1c05:14c9:689b:419:d8d6:3c7d:63df:753e,1
sdv-id-bOeJwC,ACC_150,ENT_UK_018,434170.17920050025,USD,2026-02-28 22:31:43,9279:d5c2:438:7e17:a59e:9c8:b2af:c683,1
sdv-id-XCwihJ,ACC_116,ENT_UK_017,960.9430044860242,USD,2026-01-08 18:57:48,b374:5162:461:e701:a69:8252:d7f9:c0f8,1
sdv-id-ilQoFY,ACC_227,ENT_UK_016,2584.397508893233,USD,2026-02-24 23:03:51,6b26:2791:d62:ba33:738b:3fbd:4929:b5e0,1
sdv-id-ZJuRAL,ACC_116,ENT_UK_007,130945.82015470944,USD,2026-03-20 09:32:55,eefd:bc33:751:7ea5:6607:137:166:3f04,1
sdv-id-HFhqnf,ACC_175,ENT_UK_008,1415799.5023199732,USD,2026-02-21 13:36:22,e937:5a12:3529:4619:bee1:bcc0:882:7848,2
sdv-id-FvHnhg,ACC_206,ENT_UK_010,1898.7230730915396,USD,2026-01-26 23:40:28,31a4:fcc9:6245:c26e:29b4:f743:f2f8:6b89,2
sdv-id-BShXEJ,ACC_250,ENT_UK_011,113982.35723599888,USD,2026-02-28 08:52:21,1bfa:407b:4ce2:c8c3:150a:db6c:8ee2:bb9c,1
sdv-id-FOOGkI,ACC_283,ENT_UK_013,56575.483415023635,USD,2026-03-27 06:10:04,7960:2e3:ed93:4b56:d13d:c761:cc91:8f10,1
sdv-id-WjQhGW,ACC_180,ENT_UK_019,170411.15719825076,USD,2026-01-17 20:27:20,41e5:43c9:2ba6:e0ef:8835:c3ea:e049:c8eb,1
sdv-id-UeLsEi,ACC_283,ENT_UK_013,211892.07942569017,USD,2026-01-21 10:08:37,d652:a532:5792:49a4:bad4:6a52:ed8b:2e06,1
sdv-id-DuylEt,ACC_180,ENT_UK_011,342890.97739015974,USD,2026-01-12 00:08:50,f73f:25de:a62e:3b27:be62:4862:78ae:d74d,1
sdv-id-tirFXJ,ACC_194,ENT_UK_019,257442.08116492003,USD,2026-03-02 22:22:42,8e54:80ab:5d6a:aa2a:6fb8:eab1:eb3e:b73d,1
sdv-id-MRyKma,ACC_116,ENT_UK_001,18033.679126006857,USD,2026-03-17 06:02:31,182e:9010:67c9:34d8:7240:1d75:5fe7:7273,1
sdv-id-XgskDm,ACC_236,ENT_UK_007,246982.4105224672,USD,2026-01-27 16:33:55,d591:134d:19d6:a960:375a:ff16:b8b:9ba2,1
sdv-id-shSRHN,ACC_150,ENT_UK_013,96266.6128472134,USD,2026-02-27 04:50:17,ba4a:99:858e:1a12:e507:da89:a1b9:6789,1
sdv-id-fadzyo,ACC_236,ENT_UK_008,439345.6941013077,USD,2026-01-07 14:10:37,bbbf:3e56:fbbe:816d:54d8:429d:1e99:25d3,1
sdv-id-WYIslJ,ACC_227,ENT_UK_019,8982.897383800524,USD,2026-03-04 04:18:17,90c0:35e8:97ab:1c09:764a:7b58:185:2aec,1
sdv-id-PIGiIY,ACC_206,ENT_UK_015,222762.9606358085,USD,2026-03-28 07:22:38,e82:3917:bc12:3f4b:e61a:95c6:12b:e704,2
sdv-id-qeUJBb,ACC_250,ENT_UK_007,5296.750342971564,USD,2026-03-16 12:46:56,93a8:5fb:7897:3c32:c1b8:a41a:cb3e:79c4,1
sdv-id-AHsUuF,ACC_148,ENT_UK_009,152022.12625143208,USD,2026-03-23 00:08:26,841d:4c6d:9484:8401:2563:cfe9:d765:32d4,1
sdv-id-CtbzDr,ACC_219,ENT_UK_010,292366.59186181735,USD,2026-01-06 05:38:23,caa8:ba5f:6e0:25a8:e315:46ff:d608:8bc9,2
sdv-id-dAHSFD,ACC_194,ENT_UK_015,144328.32414149173,USD,2026-01-14 16:55:09,73f6:56ec:26cd:c179:dd12:3188:4a53:294f,1
sdv-id-WZArNq,ACC_227,ENT_UK_005,8319.893820865887,USD,2026-03-03 01:05:36,31c0:7c3b:e2c6:25ad:9a01:e902:85fa:650c,1
sdv-id-rSLsNy,ACC_174,ENT_UK_004,351168.8384264822,USD,2026-01-15 13:37:03,f6c5:fa8c:e614:4f65:7a26:c23c:9dcf:add3,2
sdv-id-rYbPzL,ACC_292,ENT_UK_017,661442.0247212178,USD,2026-01-31 21:58:17,b38a:b931:8369:7257:d31f:eb20:d9dc:3d42,1
sdv-id-AbghPS,ACC_227,ENT_UK_013,989681.489265427,USD,2026-01-19 08:12:29,3761:43a4:9eab:c426:7453:9547:cc83:d729,2
sdv-id-KODUHJ,ACC_236,ENT_UK_012,41301.12745463007,USD,2026-03-07 17:04:39,3af1:6544:bf05:77f0:5686:9e9b:ff0a:f57d,1
sdv-id-PIEmWB,ACC_175,ENT_UK_011,42176.03817372355,USD,2026-02-10 21:50:36,6115:a72e:e896:bf3d:d340:f590:ef3b:7f21,2
sdv-id-KLZFTx,ACC_289,ENT_UK_004,1077132.8425484663,USD,2026-01-07 07:28:53,7896:c358:4b03:eae2:1f2b:83f6:f1a0:743,1
sdv-id-ZZwiUZ,ACC_212,ENT_UK_016,263374.4248081963,USD,2026-03-24 13:16:52,bca6:13b1:fbb9:6d79:81a8:98d3:6af1:2cd1,2
sdv-id-sDRIKK,ACC_274,ENT_UK_001,106776.32856900836,USD,2026-02-20 17:53:49,a3cb:46ef:dd88:b487:631d:52:a702:97cc,2
sdv-id-jrbXzf,ACC_194,ENT_UK_003,17247.54972195772,USD,2026-02-09 23:25:22,2f5:d1b5:f569:8511:4b2d:3c7e:7062:d7c7,1
sdv-id-hliqJn,ACC_112,ENT_UK_016,2049.0960864852314,USD,2026-01-28 11:17:11,67b:bc74:6b3e:d749:62d:ab20:7c1f:4760,2
sdv-id-cRpPTJ,ACC_175,ENT_UK_011,94463.6937901679,USD,2026-03-24 01:12:47,ecc:67df:d9ba:cd3d:b971:bae6:b8f9:ed7e,2
sdv-id-mKZJAv,ACC_206,ENT_UK_003,1057.7161524513203,USD,2026-02-09 19:45:59,da3b:e9bc:89bd:4ef5:3324:3aa2:ae7e:3e85,2
sdv-id-Psgxax,ACC_212,ENT_UK_002,984.7669529644256,USD,2026-02-25 18:46:44,cf4e:f6ad:39a2:3719:d33b:9ece:b44b:ae52,2
sdv-id-bigWpF,ACC_236,ENT_UK_009,60353.90415791747,USD,2026-01-07 06:31:36,eb04:5299:d9e5:14b7:af2f:460:339e:1fd3,1
sdv-id-jfzQDG,ACC_250,ENT_UK_009,635956.6374345691,USD,2026-01-04 20:11:57,48b:dfbd:b9e7:3635:e67e:82c7:e1bb:cef0,2
sdv-id-bmDbZt,ACC_250,ENT_UK_016,25389.06258055575,USD,2026-03-03 10:02:34,e741:cc47:99d1:1f57:9d17:c5b0:7a5e:b98d,1
sdv-id-AZnWfE,ACC_150,ENT_UK_012,9981.95200846152,USD,2026-02-03 17:26:29,1130:39f1:f8ce:1467:f3c3:6e08:9c48:e1e5,1
sdv-id-GZABCr,ACC_250,ENT_UK_004,51963.62145935653,USD,2026-03-20 14:34:06,66c9:d903:45f3:2209:99c3:ef9e:9c64:7113,1
sdv-id-vOWFWY,ACC_158,ENT_UK_004,964.255210483416,USD,2026-01-06 10:20:45,cbb7:8cb5:ab26:aeee:b0af:f69c:31b7:1ac6,1
sdv-id-DwCwiZ,ACC_212,ENT_UK_010,2810.8861210979385,USD,2026-02-18 07:59:10,edca:2e83:491f:fa8a:997f:e161:9d79:896e,2
sdv-id-IvDobB,ACC_116,ENT_UK_019,321273.28516789,USD,2026-01-18 03:43:09,dfc6:30c3:8c9b:fb59:517a:2511:a818:441c,1
sdv-id-pNMHGj,ACC_268,ENT_UK_002,4418.705398079499,USD,2026-03-01 22:54:56,8863:9e09:ee5c:bcb7:3b7b:4a7e:4f16:5400,1
sdv-id-YhAOnK,ACC_206,ENT_UK_002,15518.50183336914,USD,2026-03-31 11:22:27,4300:a643:bbfc:f3bd:3ad4:56a7:7a7c:406d,2
sdv-id-SlzPJl,ACC_206,ENT_UK_011,222729.28357452317,USD,2026-01-12 21:54:55,6729:913:3e54:4ea:3e11:68a:97bc:5c98,2
sdv-id-fmPdSI,ACC_283,ENT_UK_012,26385.815697942744,USD,2026-01-05 18:27:41,ecd2:ebf2:78a:4337:1264:14a5:4f0e:fb2d,1
sdv-id-btsKwj,ACC_194,ENT_UK_010,14068.284689118114,USD,2026-01-25 20:54:31,be07:6181:2f8c:44d9:73ba:f23c:1874:9d33,1
sdv-id-SqJYtT,ACC_144,ENT_UK_015,503242.2311670413,USD,2026-03-18 21:44:35,38f1:cc10:57b7:4796:9cec:d15e:27fa:ce42,2
sdv-id-VpDRxt,ACC_158,ENT_UK_008,19694.517279409705,USD,2026-01-30 16:00:46,6393:804f:ac93:a83a:da0d:7d68:eba6:355e,1
sdv-id-CYnpRP,ACC_292,ENT_UK_004,1005.7243354158692,USD,2026-03-07 04:44:54,7db4:7743:e6d4:9848:db51:dc38:5a05:828a,1
sdv-id-Qgexmw,ACC_175,ENT_UK_010,4373.471701507937,USD,2026-02-02 21:35:30,8928:39f5:79ce:d900:34c0:c43e:abec:69a2,2
sdv-id-FZBIsO,ACC_283,ENT_UK_016,66778.6973453168,USD,2026-03-19 23:12:11,32dc:f145:ff4e:c8e7:548a:cf45:8dd1:993c,1
sdv-id-DcuJNF,ACC_194,ENT_UK_009,738077.9450161915,USD,2026-01-31 10:03:45,9bb3:613b:888b:d4de:7f7b:5390:2cc8:853b,1
sdv-id-FEAxNK,ACC_135,ENT_UK_008,1243928.2752353337,USD,2026-02-07 14:07:40,fd39:be68:b9ca:b73:9df2:425a:97e1:8de3,1
sdv-id-GaoIBU,ACC_274,ENT_UK_007,1101972.9382111768,USD,2026-02-14 02:42:04,6e0c:5858:5958:946:b77e:2226:665c:eb76,2
sdv-id-wozjwO,ACC_206,ENT_UK_016,277172.05032200424,USD,2026-03-17 17:29:20,e4fd:13b2:a61e:f685:d016:d09b:1caa:ab00,2
sdv-id-CWAGSU,ACC_236,ENT_UK_009,1060597.6611417597,USD,2026-01-05 11:56:57,195f:feb2:cd73:106c:4fd0:9f66:7f5d:6d05,2
sdv-id-ECwrpy,ACC_212,ENT_UK_006,129905.6668729931,USD,2026-03-15 16:01:22,f640:bc28:86e5:f14b:4ca6:c746:83b5:639d,2
sdv-id-odGhQU,ACC_174,ENT_UK_013,1114.3188957834798,USD,2026-02-12 02:35:10,b40a:5755:4906:6258:fb35:b122:93a6:e12c,1
sdv-id-TQDZnj,ACC_236,ENT_UK_008,92750.94942681635,USD,2026-02-24 05:56:06,1ee9:88f2:7d74:84a9:1b67:65d:c27b:5115,1
sdv-id-cVrHBl,ACC_274,ENT_UK_009,6797.182984518852,USD,2026-01-29 17:29:12,92ec:3da3:7057:78c9:749c:880a:810d:65c,2
sdv-id-BIIaPW,ACC_236,ENT_UK_015,27124.056502678373,USD,2026-02-16 13:43:14,24b0:d459:663:814d:fdb7:355:f9f:1635,1
sdv-id-AkYzlS,ACC_212,ENT_UK_002,608629.298913989,USD,2026-03-13 09:20:40,9cd0:a660:6dea:f00e:501b:2f24:587f:d52,2
sdv-id-njtZaX,ACC_241,ENT_UK_003,44128.72537066685,USD,2026-03-28 00:10:09,b0d7:e97e:3fd2:8011:5809:deff:6465:81f1,1
sdv-id-fAQlTm,ACC_158,ENT_UK_013,35942.277669446965,USD,2026-01-27 12:33:54,da5:872c:2e45:7a21:3bb4:b12a:80d9:ca36,1
sdv-id-RMsmgr,ACC_283,ENT_UK_018,7906.783320989276,USD,2026-03-31 11:45:14,38d2:554:64a0:17b1:3e36:83e4:b3a7:b648,1
sdv-id-tRIjIN,ACC_180,ENT_UK_014,549663.0961979672,USD,2026-01-15 07:32:37,1dd4:8dca:cd91:a09f:7867:ed50:744b:640e,2
sdv-id-prQxSd,ACC_158,ENT_UK_013,15256.35676149436,USD,2026-01-04 08:58:18,ed35:c21a:ecc7:f4:ee20:eae:c7d8:f2f0,1
sdv-id-JGAzbO,ACC_236,ENT_UK_019,7547.725501063717,USD,2026-01-19 22:04:20,a8f0:78e5:895c:cb8b:2b88:9a95:41a0:f910,1
sdv-id-kJPRGX,ACC_206,ENT_UK_013,821724.6686077507,USD,2026-02-19 16:52:58,6708:6945:f392:eba9:7341:6e74:b01a:d13c,2
sdv-id-OzszYb,ACC_283,ENT_UK_008,5582.389413740198,USD,2026-03-11 17:23:11,f88e:b58:da59:5d7c:ddd3:a3c7:94b7:14,1
sdv-id-wdCfIL,ACC_227,ENT_UK_014,299612.2836596889,USD,2026-03-26 04:31:40,f251:f4a2:1bbd:2ea1:1d33:2c41:b79d:8f82,1
sdv-id-bBgoYn,ACC_180,ENT_UK_012,63920.25672915642,USD,2026-01-12 14:27:56,a453:49ad:7add:519f:f5a8:5f9b:48aa:d52f,1
sdv-id-SPInRi,ACC_227,ENT_UK_003,163244.32694224705,USD,2026-03-04 04:12:43,879d:f423:2d56:c0fa:a5e:db4f:6da6:b46a,1
sdv-id-fhmUwn,ACC_289,ENT_UK_014,694248.4569085994,USD,2026-03-22 11:39:51,7181:3f13:e550:6e77:c56b:b38f:6991:1ec,2
sdv-id-lbczDC,ACC_194,ENT_UK_004,272474.05749214115,USD,2026-02-26 04:04:34,bda:b578:381f:f00f:2032:54c:34c3:3c4f,1
sdv-id-XsZpFM,ACC_206,ENT_UK_014,608315.5818823213,USD,2026-03-16 23:38:42,891a:e51b:d83b:b0e8:ef0a:4cf:75fa:85b4,2
sdv-id-XJqaGK,ACC_212,ENT_UK_011,9092.193558094836,USD,2026-03-26 12:51:29,6e85:57bd:a9dd:7fe9:7926:95ba:debd:9ac,2
sdv-id-LxyWOo,ACC_212,ENT_UK_015,10021.947632153924,USD,2026-01-10 05:20:02,3020:854:373:87ef:15b9:f86:2d53:cc79,2
sdv-id-LjlMvw,ACC_206,ENT_UK_013,345880.26979866665,USD,2026-03-27 15:51:28,718f:fafd:41c8:e99a:df6:6271:5de8:f6d9,2
sdv-id-rPaZio,ACC_274,ENT_UK_006,32466.63280413554,USD,2026-02-17 08:39:27,fc8f:b842:a517:814e:576e:ec1b:7a94:821,2
sdv-id-tCwnou,ACC_150,ENT_UK_002,3681.765718107696,USD,2026-02-25 12:23:20,8a26:8c7a:6278:f53f:320b:e8e5:9b2b:27e2,1
sdv-id-YZksMP,ACC_180,ENT_UK_004,523371.90325567423,USD,2026-01-09 01:50:39,bad1:a724:415a:8075:7712:bd17:d5ab:8701,2
sdv-id-Tdswhm,ACC_250,ENT_UK_009,61696.33896849489,USD,2026-01-09 01:12:26,9198:d202:f664:db05:8b85:c257:25b5:3ddd,1
sdv-id-wOlkew,ACC_144,ENT_UK_002,330950.2823608971,USD,2026-04-01 12:23:15,84c2:5157:1afc:25e9:7d17:3dc6:9e2b:e17e,1
sdv-id-TNhRTC,ACC_212,ENT_UK_016,600674.6527271208,USD,2026-03-07 19:22:16,81c8:754a:52ed:ca64:9cf1:968:1306:6346,2
sdv-id-NgodYv,ACC_135,ENT_UK_016,114962.91523697448,USD,2026-03-01 16:15:11,5fd:c1b1:2552:795:3e74:7394:d8bb:2cf6,1
sdv-id-tlPmJz,ACC_110,ENT_UK_014,35731.20162483755,USD,2026-02-28 08:06:16,aaa7:65b8:17b1:3464:3c26:9653:b8b4:68e,1
sdv-id-AAoOhc,ACC_283,ENT_UK_009,961.1193582786574,USD,2026-01-21 08:29:22,afe8:f796:2192:edef:6475:8104:b382:c128,1
sdv-id-JRqykT,ACC_236,ENT_UK_017,12365.111057079775,USD,2026-03-17 14:30:02,bef5:d537:4655:397a:10fa:599c:6088:4dd8,1
sdv-id-KqTjrs,ACC_212,ENT_UK_005,494344.59633779794,USD,2026-02-26 05:46:24,a778:c577:b88e:a077:c930:eb03:2449:8d2a,2
sdv-id-ETMlbB,ACC_292,ENT_UK_008,2455.1372868395856,USD,2026-02-07 10:25:41,77f5:31bd:c7ee:9404:806c:e18c:db85:2c4a,1
sdv-id-vNPIFy,ACC_212,ENT_UK_017,457690.02127147064,USD,2026-01-08 02:47:34,4cf5:7277:7f3d:b447:d28a:b64d:3bb4:90f4,2
sdv-id-UQRKfo,ACC_110,ENT_UK_011,150650.26260043748,USD,2026-03-25 01:53:28,b8b2:b76:5c0d:6d1c:405e:cd33:d9d:c0f1,1
sdv-id-BounIE,ACC_268,ENT_UK_006,8759.032546981169,USD,2026-01-27 21:26:54,9bc9:4d33:abe:6014:1095:c6f:babd:3686,1
sdv-id-lrIxPX,ACC_212,ENT_UK_004,100547.51196673352,USD,2026-01-15 10:14:23,4bd1:136c:4209:abb2:8196:2aac:be5e:9ea6,2
sdv-id-QFaCYl,ACC_236,ENT_UK_007,304650.16192959336,USD,2026-03-22 11:52:26,d136:40c0:22d4:8b3d:180a:6fc8:91b1:b5ce,1
sdv-id-AfGVgY,ACC_180,ENT_UK_015,353239.12072945596,USD,2026-03-21 01:57:03,c748:e601:d172:af5c:abb5:e147:d89:eafd,2
sdv-id-lRTaLu,ACC_212,ENT_UK_011,13159.768550452503,USD,2026-02-03 23:52:54,7dbe:e97c:2de3:a43a:b1b7:9e36:dc93:66b7,2
sdv-id-pQLObv,ACC_268,ENT_UK_001,10268.115267561572,USD,2026-02-15 21:12:44,5855:50ce:e66:48cf:a8c0:fde6:67be:c258,1
sdv-id-WmtZVv,ACC_236,ENT_UK_015,3112.424022982878,USD,2026-03-18 17:19:23,8a3f:f944:10f3:3231:d19f:514c:3250:e59b,1
sdv-id-dzaJoV,ACC_174,ENT_UK_001,26511.022893838024,USD,2026-03-16 11:16:35,a4e9:f4a:14d8:8fc8:6f59:fd76:cf8:5a92,2
sdv-id-pxvDeE,ACC_110,ENT_UK_004,81680.01862720396,USD,2026-01-22 01:55:46,24c3:5b43:da8e:b1f0:65d1:8247:55bf:d76a,1
sdv-id-IUQnKd,ACC_236,ENT_UK_008,1019.984603724711,USD,2026-01-12 07:08:30,f27e:dd25:a4db:374:dd95:9102:4d4f:9af5,1
sdv-id-MDTqVb,ACC_194,ENT_UK_006,22452.135526910824,USD,2026-03-13 01:06:38,b314:db43:63ef:1604:b4ac:e1f3:50a1:a002,1
sdv-id-cRcEJi,ACC_180,ENT_UK_002,949.8222955590116,USD,2026-03-27 12:45:21,4309:9872:eda9:8184:bc54:e91d:9618:8a78,1
sdv-id-njLccz,ACC_212,ENT_UK_003,963.8424102046253,USD,2026-03-19 12:27:05,c6c2:77c4:7b3:c936:9b81:2090:543f:dad5,2
sdv-id-ksqpnO,ACC_135,ENT_UK_015,930.564139585469,USD,2026-03-17 22:45:36,c4e1:5e61:c556:d170:4072:e3d9:a62f:7ed3,1
sdv-id-gAXYHf,ACC_158,ENT_UK_008,431958.09641441394,USD,2026-02-17 19:00:33,1c74:28c7:cb0f:4015:caed:fcfd:facb:be81,1
sdv-id-oyNGRr,ACC_268,ENT_UK_004,430841.0109491109,USD,2026-01-16 19:48:21,7bb4:95b3:1b44:3c33:42b7:2cc8:e953:ddfe,2
sdv-id-mbWvwT,ACC_174,ENT_UK_014,54550.2668909403,USD,2026-03-17 07:26:56,ad39:9abc:f252:7a5f:9df2:7e13:223e:7e45,1
sdv-id-TxWyjY,ACC_241,ENT_UK_016,490443.42719719413,USD,2026-01-18 14:37:38,66c5:deba:4fec:f86e:2062:2035:d342:4acf,2
sdv-id-SJYPad,ACC_180,ENT_UK_017,413743.0933879677,USD,2026-03-03 08:30:23,efee:13e0:3d0e:9bde:c8c9:82c4:1a40:44c2,1
sdv-id-sDKRvb,ACC_150,ENT_UK_014,48999.87174325512,USD,2026-02-20 05:04:00,f927:25eb:73cc:1d4e:67f1:befb:363f:9bbe,1
sdv-id-iOSuSq,ACC_292,ENT_UK_007,165812.5416180145,USD,2026-03-03 11:38:02,66c8:7283:df68:40da:6a10:9d97:e191:26d8,1
sdv-id-LySfPI,ACC_268,ENT_UK_001,18454.05073444268,USD,2026-01-20 10:57:48,fad6:f0da:b2f0:a325:cbd4:5e45:283c:fbb8,1
sdv-id-cXKOyy,ACC_289,ENT_UK_014,1028.1166740837089,USD,2026-04-01 17:54:25,102c:b13a:9aa6:3501:61d5:c448:8948:6e5a,1
sdv-id-pBrzAv,ACC_116,ENT_UK_008,39524.20111710491,USD,2026-02-25 13:21:42,228b:c20a:b6b3:b31b:d86d:2213:fbef:c836,1
sdv-id-AZdQvs,ACC_227,ENT_UK_018,123092.44001485645,USD,2026-01-03 17:40:34,ccb9:d60e:7b40:2577:1238:6a45:1f70:8640,1
sdv-id-pxKqFO,ACC_227,ENT_UK_001,636818.7698310005,USD,2026-02-22 04:27:38,623:5e56:9711:159b:660e:c0ad:2d7a:c568,1
sdv-id-XASNfL,ACC_110,ENT_UK_010,414257.6860604484,USD,2026-03-24 04:15:23,3439:2a04:e4e3:518d:a391:696e:e42a:d9ea,1
sdv-id-VFXvyt,ACC_206,ENT_UK_016,5319.1559168592,USD,2026-01-05 19:34:50,73de:506e:5ac8:7ea9:f69c:c97c:be40:d430,2
sdv-id-WGUqWv,ACC_236,ENT_UK_009,904304.619002141,USD,2026-03-16 23:51:10,4c12:eea3:e667:ea90:316:74fe:8198:187f,2
sdv-id-cOsAxS,ACC_175,ENT_UK_016,1785.897625983032,USD,2026-03-05 06:50:24,c945:9dfb:1bc2:1a69:c435:39cb:42f4:f6b9,2
sdv-id-dpqsEF,ACC_110,ENT_UK_012,452624.9149229472,USD,2026-02-16 06:32:49,95ee:94d2:ad40:db8a:66a7:c0cd:4e23:331b,1
sdv-id-ZcZYHb,ACC_116,ENT_UK_009,37229.661486338155,USD,2026-01-29 13:30:59,7cdd:2042:e694:25fa:9f19:9a86:ce63:8e2e,1
sdv-id-FYCsmg,ACC_250,ENT_UK_006,152247.42520347127,USD,2026-03-24 09:01:17,b959:cff0:9269:b3c:8ba3:e414:83f6:552d,1
sdv-id-JAguod,ACC_212,ENT_UK_009,535164.2727826594,USD,2026-03-06 02:04:59,d819:c518:dd93:caf5:cc79:fb0c:f68c:ac8d,2
sdv-id-sjRicr,ACC_289,ENT_UK_013,3202.5129655863957,USD,2026-01-31 02:57:12,2d0a:235e:52c0:c455:7a28:578f:83ec:8ec0,1
sdv-id-CXfNtv,ACC_194,ENT_UK_006,33073.375038453225,USD,2026-01-05 10:58:45,bf1e:ce1d:c09e:84d5:f576:fb42:917c:9c91,1
sdv-id-zZqwEd,ACC_283,ENT_UK_017,346513.1812777794,USD,2026-03-15 11:08:49,c1aa:7494:4909:b072:2bbd:ada4:9a68:f21c,1
sdv-id-eUZQJb,ACC_236,ENT_UK_004,921.5672819935264,USD,2026-02-25 12:19:27,d9d2:fddc:a46a:ea3b:a40b:de06:e5b7:c203,1
sdv-id-iyTvpV,ACC_292,ENT_UK_008,190525.23831204613,USD,2026-03-04 03:36:14,1e89:d540:79a7:ef1d:a89c:3937:10a2:acbf,1
sdv-id-WrpgTf,ACC_236,ENT_UK_003,16513.903771480786,USD,2026-03-12 09:22:10,e518:51f4:e827:f2cb:312c:667a:c484:1271,1
sdv-id-CyfbRb,ACC_212,ENT_UK_019,1163801.8638296034,USD,2026-01-30 19:29:16,56a0:8a21:9415:171e:1b2e:b6b3:ac2a:8f6f,2
sdv-id-VlAjgE,ACC_206,ENT_UK_014,19394.19807887274,USD,2026-02-27 20:39:38,e9e3:70a3:b71:412c:c1b:ce82:78a:9922,2
sdv-id-bYfZnR,ACC_236,ENT_UK_006,237170.97266049328,USD,2026-01-28 10:54:14,2cc7:343d:6a33:2ab4:c4bc:bbd6:984a:c636,1
sdv-id-UUTJTj,ACC_174,ENT_UK_008,612635.9081150864,USD,2026-02-18 11:46:47,ad64:1594:44c5:da06:ef70:18ed:c696:153e,2
sdv-id-Fdjsbj,ACC_161,ENT_UK_009,7812.713719991044,USD,2026-01-12 12:52:13,b962:b4cd:8c24:6b6b:e4c6:fb0b:d26a:65fd,0
sdv-id-TYoczt,ACC_250,ENT_UK_009,128095.71237832564,USD,2026-02-22 22:41:47,3f5e:125f:65d4:c107:4df0:98bf:2a21:2ca9,1
sdv-id-ZGlCJv,ACC_180,ENT_UK_004,256906.23667678743,USD,2026-01-05 15:48:39,4584:3ab1:bd0e:87aa:860b:7119:30a7:a1eb,1
sdv-id-akCebk,ACC_212,ENT_UK_012,743722.124031319,USD,2026-01-17 22:17:50,ab58:56b:f494:f5a1:edd9:2b58:478f:57da,2
sdv-id-hCMzpm,ACC_109,ENT_UK_010,4641.920010154917,USD,2026-03-13 16:10:29,886:2191:d4c3:a8af:8642:5041:d47c:9e4d,1
sdv-id-SmHnyu,ACC_180,ENT_UK_008,1171.8290970875694,USD,2026-03-01 12:41:42,ae89:1b8:1c8b:1d91:5348:a9f8:fd3d:c255,1
sdv-id-kvpBDj,ACC_144,ENT_UK_015,1933.1518974123776,USD,2026-01-24 00:52:06,1fb3:7e55:af39:3218:3938:1693:3425:5dc4,1
sdv-id-BTsgeg,ACC_268,ENT_UK_007,167702.95918566067,USD,2026-01-13 08:49:36,2da3:fe37:ec65:e7c0:fb71:9ab:c7d0:591a,1
sdv-id-zHeTdQ,ACC_180,ENT_UK_004,47964.01223875828,USD,2026-03-23 03:42:34,6320:9ece:299f:fac3:774:c592:32da:4e0,1
sdv-id-JoOwbz,ACC_268,ENT_UK_002,620188.1442106604,USD,2026-02-14 07:32:33,f3d3:d431:5d26:49ab:4613:dc2a:b6e1:21ef,1
sdv-id-WWqXFH,ACC_135,ENT_UK_019,15470.024305826828,USD,2026-01-16 21:20:49,ad00:cbe5:eceb:c104:4cca:2c95:8ed:1923,1
sdv-id-LCzmAb,ACC_250,ENT_UK_015,70069.58283363564,USD,2026-03-14 06:48:52,2eae:cb32:3317:c301:cd93:a999:b7d5:2a51,1
sdv-id-oHOkbo,ACC_227,ENT_UK_008,514551.8736292365,USD,2026-01-10 03:35:24,b69b:5c3f:a317:a5ee:a509:d80c:271c:367e,2
sdv-id-YpeYSt,ACC_206,ENT_UK_019,944.3928134064412,USD,2026-01-04 00:21:51,ca60:5ec:bfd7:9be8:4abd:64b:a05a:2581,2
sdv-id-tvRzMk,ACC_150,ENT_UK_019,36886.28975041344,USD,2026-01-30 00:17:46,90ec:dae6:4681:6486:4eea:43ad:e00a:2855,1
sdv-id-YoIYlG,ACC_148,ENT_UK_009,4178.5761544253055,USD,2026-03-20 00:12:53,1e8d:611a:84ed:bc1b:1177:52e4:20df:f2de,1
sdv-id-dzvKKw,ACC_135,ENT_UK_003,385512.8134495637,USD,2026-03-02 02:45:07,2a59:93a8:e291:e18e:32b6:46d8:2fa9:5458,1
sdv-id-fVdfHF,ACC_236,ENT_UK_016,274874.72594778717,USD,2026-01-30 08:44:59,9bb0:7fd3:aacd:265c:c5b6:4178:ccfe:6742,2
sdv-id-ZwQXAd,ACC_194,ENT_UK_008,80632.2238194562,USD,2026-03-07 03:34:12,1ba1:21ef:251a:16df:f927:c54f:bab3:51a,2
sdv-id-LKAnIz,ACC_292,ENT_UK_009,214128.4636471255,USD,2026-02-01 10:23:47,3799:ffc8:33a6:afc5:441a:e20e:a76a:6661,1
sdv-id-zppJjV,ACC_175,ENT_UK_012,3502.033072908146,USD,2026-03-25 06:24:53,8efb:1fa3:3225:21da:df91:73e5:2c58:3d68,2
sdv-id-rcHpJp,ACC_212,ENT_UK_011,112633.0431894017,USD,2026-02-03 17:16:41,5134:7992:eba:f6a4:a6f6:b574:2ebf:16b3,2
sdv-id-gxThEY,ACC_180,ENT_UK_007,136140.89445388466,USD,2026-02-07 12:17:55,50eb:62c8:9216:2d5:f99e:5d3b:7539:c296,1
sdv-id-SkHinD,ACC_227,ENT_UK_003,28777.97217619603,USD,2026-02-18 02:48:03,ad78:daa8:ca40:d976:1217:dfa8:e0fc:a372,1
sdv-id-hMjInj,ACC_227,ENT_UK_001,1067886.2111566912,USD,2026-02-04 12:35:24,89f9:b645:2b21:190a:96ed:9c2e:f1d:4094,2
sdv-id-KOFIOa,ACC_292,ENT_UK_009,191327.12922019511,USD,2026-01-09 14:56:38,4568:3ac5:a8e2:65a8:e60c:e345:d0e4:c535,1
sdv-id-NHFWnX,ACC_227,ENT_UK_002,1966.1021968122964,USD,2026-03-16 03:35:17,f99:bcaa:3a90:95da:d132:cfcf:f772:58f4,1
sdv-id-seuElA,ACC_212,ENT_UK_019,170962.89139708696,USD,2026-03-09 22:20:04,6f40:c040:5534:83f7:9377:b586:eed5:eb8c,2
sdv-id-MwRHcs,ACC_268,ENT_UK_016,1064.2677190210982,USD,2026-02-23 10:58:26,464f:b119:e4ac:43ce:b3ae:5b67:3017:430d,1
sdv-id-XpSOYz,ACC_175,ENT_UK_005,1099.7125771998726,USD,2026-01-04 23:53:02,cbd5:f64a:15fe:ebc3:995f:b2eb:4756:e82c,2
sdv-id-FbIFgS,ACC_212,ENT_UK_015,223240.60817865471,USD,2026-03-30 07:00:29,31e2:c97c:e30e:d258:8b63:2a46:7fdb:7f9b,2
sdv-id-jLQkEA,ACC_180,ENT_UK_006,72892.29983801297,USD,2026-03-14 01:03:06,2f67:9e59:84d9:f068:7735:86f:6c8e:589a,2
sdv-id-kTfRsH,ACC_148,ENT_UK_004,75656.14420709164,USD,2026-02-22 02:48:52,63b6:9ea9:55e7:39f5:e6c6:1f21:cc8d:fc7e,1
sdv-id-fNNadP,ACC_274,ENT_UK_016,17734.847703192296,USD,2026-03-23 00:21:04,9692:67af:3166:660f:1a8e:8ebd:97e:3553,2
sdv-id-VWnvMR,ACC_110,ENT_UK_012,9143.661625797631,USD,2026-03-30 01:26:29,c800:d403:ce4d:1ecd:cc3b:73f4:c6:b060,1
sdv-id-DJkcBk,ACC_202,ENT_UK_010,154928.2665420466,USD,2026-01-16 10:39:09,74e:37e:5e9c:1852:c3a1:e507:9940:8d29,2
sdv-id-NzxiAu,ACC_227,ENT_UK_013,715216.4951598893,USD,2026-03-31 17:41:03,7384:88f6:e7a5:ff93:36da:3712:fa0b:361,1
sdv-id-dGAaps,ACC_212,ENT_UK_004,1687.2056501706093,USD,2026-03-21 09:46:24,97c3:63f6:e219:8f53:f0a:9733:f848:8cdd,2
sdv-id-PEjgto,ACC_144,ENT_UK_003,989748.707199553,USD,2026-02-12 09:50:25,2c61:ae62:fedb:e635:23b8:d2a9:fd52:1507,2
sdv-id-dVyoxI,ACC_180,ENT_UK_004,39760.58796824444,USD,2026-01-26 11:16:38,6da4:e610:8798:68db:3c61:b2fe:901:8475,1
sdv-id-XsvfOj,ACC_194,ENT_UK_017,4945.883477607004,USD,2026-03-19 14:01:33,82b9:48ab:59d7:8d48:3b10:8894:a26c:4e68,1
sdv-id-HcGLqs,ACC_241,ENT_UK_001,977.0940339490328,USD,2026-01-22 06:19:48,b83c:9bd0:1ad0:bf95:fc80:38af:c83c:7eaf,1
sdv-id-oZxxyX,ACC_289,ENT_UK_010,1757460.002784715,USD,2026-02-20 23:28:44,9daf:4022:4e54:204:e264:97a4:bffd:f3f3,1
sdv-id-xszizQ,ACC_212,ENT_UK_001,355978.78594969696,USD,2026-03-30 19:41:47,708:21a9:6c19:2db8:725b:9a5c:d97:4248,2
sdv-id-IHVmOd,ACC_212,ENT_UK_007,5470.048540315087,USD,2026-03-18 04:59:36,471:d778:64f5:3d43:7a49:a61e:bcc6:5b07,2
sdv-id-jNrQYW,ACC_292,ENT_UK_018,36293.443532655714,USD,2026-03-30 03:14:55,8433:9bb3:ff07:48cf:6e5c:7958:46c4:59d1,1
sdv-id-KqXMke,ACC_144,ENT_UK_007,270553.73199520673,USD,2026-03-28 03:16:53,df3d:7ca1:e1f3:bb9d:484c:87b2:7d2e:54e5,1
sdv-id-kghrMV,ACC_212,ENT_UK_003,110149.144344036,USD,2026-02-24 16:59:54,2f4f:676a:3f41:ef66:e798:385c:2929:e55,2
sdv-id-OBxoMU,ACC_274,ENT_UK_012,80562.96298271128,USD,2026-01-18 20:13:19,8f98:356b:5a6d:f9c0:6a7f:5a3c:7f58:52f8,2
sdv-id-xHVqFq,ACC_250,ENT_UK_006,4719.520920748059,USD,2026-01-13 23:36:32,9938:136a:e2cc:b4f4:f613:3633:a1d0:4616,1
sdv-id-sfbgal,ACC_180,ENT_UK_013,1082.4460960208926,USD,2026-03-07 11:56:01,cd4e:765a:fe3f:cf59:7be3:db9f:f6d3:f219,1
sdv-id-JxxSCD,ACC_268,ENT_UK_017,7629.0190294781005,USD,2026-03-20 13:56:09,3c84:8eb2:f14e:36f1:7fbf:9d53:2b82:8510,1
sdv-id-IJNclG,ACC_212,ENT_UK_003,16059.571232674612,USD,2026-02-06 05:51:56,aae7:2ef7:51ec:b234:ec4e:f31:6a1d:a441,2
sdv-id-dlxLKr,ACC_206,ENT_UK_009,70276.35122919452,USD,2026-02-07 20:53:11,112b:ae0a:5682:e16f:a9e7:1283:a37:5371,2
sdv-id-EXeqxN,ACC_206,ENT_UK_017,325754.9489957716,USD,2026-03-17 06:08:50,bcad:1c79:e4f2:5eef:d1a:c838:cc29:209a,2
sdv-id-cpebuQ,ACC_110,ENT_UK_009,9112.995733298469,USD,2026-01-20 15:18:57,c923:7ed1:825c:9b62:d204:7368:a968:3d32,1
sdv-id-BowkVF,ACC_174,ENT_UK_010,96606.86310103376,USD,2026-02-07 21:42:12,74d1:ba4a:bac:5694:8c7:50f0:ca34:c085,1
sdv-id-LmFbco,ACC_206,ENT_UK_007,139495.49792819217,USD,2026-01-14 07:06:28,9b3:2b47:18a9:9234:b86a:1c07:c9c7:891d,2
sdv-id-WfpGQi,ACC_194,ENT_UK_019,272560.39380424196,USD,2026-02-16 01:23:11,5e94:67f7:79d8:e327:9072:9c71:c7d8:bef6,1
sdv-id-fdmOqz,ACC_175,ENT_UK_008,19444.534837013645,USD,2026-03-15 10:55:35,60a9:8883:a2:2c25:87ef:1943:17ef:f08a,2
sdv-id-cnSMwY,ACC_210,ENT_UK_002,170709.60279194784,USD,2026-03-26 11:23:40,5963:aab1:8832:3cce:2fea:af71:cc27:d2cf,1
sdv-id-IcTeLb,ACC_250,ENT_UK_005,1129545.7307204502,USD,2026-03-14 04:08:48,3f45:e308:d0af:73ef:cf7f:7e66:1f17:549f,2
sdv-id-gQBGAS,ACC_135,ENT_UK_003,215427.4507526592,USD,2026-01-27 20:49:22,1f93:6b41:d403:1932:d4b3:c806:2f03:5eda,1
sdv-id-BoQrRU,ACC_274,ENT_UK_015,397798.4008010871,USD,2026-01-21 13:26:01,898b:31a2:24b9:20ac:c741:ce54:e02c:5467,2
sdv-id-bkYGnp,ACC_116,ENT_UK_001,31429.811418643498,USD,2026-04-01 16:20:32,b41:929e:65f9:f66:7bf3:47bb:c125:8ed7,1
sdv-id-FvDPnZ,ACC_148,ENT_UK_018,3108.0601818003374,USD,2026-03-04 20:19:23,ab9:65c2:1c92:277b:7dfd:6bf5:e49e:bfad,1
sdv-id-YFnNWc,ACC_227,ENT_UK_006,2868.2635941387284,USD,2026-01-21 23:27:35,6d87:7f18:69d:fe3b:1c03:711c:6126:dd40,1
sdv-id-QnRqoK,ACC_283,ENT_UK_006,606796.5062497427,USD,2026-02-15 18:24:45,8c82:37c6:b01e:49ba:865:76d6:38fe:722c,1
sdv-id-NJXBuE,ACC_283,ENT_UK_019,2246.67849247498,USD,2026-01-01 03:59:45,b8a5:95de:c3e9:7a89:cf38:482c:702d:f9a,1
sdv-id-HWmmCo,ACC_116,ENT_UK_002,370772.09650666144,USD,2026-01-05 10:32:04,30f2:7c60:d9f9:a946:6b5f:9a05:be6d:a4e2,1
sdv-id-yNMCsO,ACC_212,ENT_UK_012,115335.79448130194,USD,2026-03-14 12:12:12,8392:519c:3d3e:2fcf:5965:c4a9:f084:775a,2
sdv-id-MREAfM,ACC_283,ENT_UK_014,929382.7602308132,USD,2026-02-04 05:05:07,58a3:754e:b06e:f6e7:2d3f:1e6c:1569:e405,2
sdv-id-flpybn,ACC_219,ENT_UK_012,1893.9975482758875,USD,2026-03-08 13:13:25,6c1e:102:8710:f526:2c09:1b57:556a:b7fd,1
sdv-id-tYsMcQ,ACC_250,ENT_UK_005,115322.88214954158,USD,2026-03-31 18:55:43,4127:7343:6c8e:feb9:38c3:e0c4:3758:bd81,1
sdv-id-LeUQft,ACC_274,ENT_UK_005,82828.15371235136,USD,2026-02-14 11:52:40,c3b4:50d2:4291:da7:2aa3:c0e3:1873:579a,2
sdv-id-JOBHGe,ACC_236,ENT_UK_014,1608.306323597411,USD,2026-04-01 10:05:13,d48d:e10e:4819:64c8:1da5:8db:9cdf:3380,1
sdv-id-XhaklN,ACC_180,ENT_UK_008,1736.726104749372,USD,2026-02-26 21:41:29,c183:84bf:c02b:5bf3:bf07:f768:769d:18f,1
sdv-id-wupgVl,ACC_277,ENT_UK_013,14765.594226890576,USD,2026-01-21 19:15:30,c1e5:d068:81b0:8c09:4271:ee09:9d3:e36d,1
sdv-id-aAJqaP,ACC_206,ENT_UK_003,1459.3300702646882,USD,2026-02-11 09:06:13,16c7:c7d5:6b4f:dede:57c:aa9a:9fb8:210f,2
sdv-id-NiHpTC,ACC_158,ENT_UK_014,84103.51341742746,USD,2026-01-22 05:21:02,d6f5:5655:80f5:5550:e2f2:fc8a:8bf1:7035,1
sdv-id-GMZAlo,ACC_110,ENT_UK_017,193246.8686030373,USD,2026-03-01 12:47:12,15a9:18c:3f13:1426:9dd7:2e02:d7ac:988a,1
sdv-id-nQSubo,ACC_250,ENT_UK_016,26394.588824925188,USD,2026-01-17 04:13:44,f1ba:620e:bca5:635:c283:8163:64a6:59ac,1
sdv-id-pUkENt,ACC_268,ENT_UK_014,3975.9337641310913,USD,2026-03-08 00:49:13,8df4:cc8b:1ecc:3cd0:fc98:268:d5e3:bb73,1
sdv-id-jgQcKf,ACC_116,ENT_UK_005,2967.372706129886,USD,2026-01-03 18:02:36,3a2f:9269:3d9:9be2:a823:e91a:ddf5:86ec,1
sdv-id-ytbJSi,ACC_292,ENT_UK_012,385626.3647060185,USD,2026-01-28 20:01:50,a5cf:619b:9eff:75ab:15ba:a39c:2313:4e8a,1
sdv-id-intXnY,ACC_212,ENT_UK_012,918.414519333067,USD,2026-03-10 22:31:23,5527:c365:5459:49c7:215a:3e3d:c851:269d,2
sdv-id-QUMkJS,ACC_227,ENT_UK_003,1344.331814403304,USD,2026-02-17 11:43:18,49eb:3b4b:fac3:1b63:cf76:8e27:c80d:5372,1
sdv-id-wBxuvl,ACC_292,ENT_UK_009,25226.675208168966,USD,2026-01-24 23:42:32,114c:ad83:ab17:875e:ad02:4a36:eb37:2180,1
sdv-id-rLuNOO,ACC_135,ENT_UK_017,20912.73953197919,USD,2026-01-17 15:47:36,10e0:35c7:647e:33ea:65bb:ac4f:a27:a7ec,1
sdv-id-AQMxOk,ACC_236,ENT_UK_016,1823.7000889260896,USD,2026-01-29 20:58:47,c6f0:1cca:e1eb:ee5e:f610:29d8:e032:6ef2,1
sdv-id-FsluEL,ACC_236,ENT_UK_003,565661.6054741839,USD,2026-02-20 18:35:14,4ed1:61b6:2f79:1f30:4210:f255:d442:c6ac,1
sdv-id-qqmnTx,ACC_212,ENT_UK_014,143076.05528570098,USD,2026-01-19 13:22:18,b5a:a030:901b:3d11:b4ed:c578:e6f3:444c,2
sdv-id-WMVKyG,ACC_289,ENT_UK_010,28260.02587252792,USD,2026-02-02 13:21:17,e8e3:67ea:a617:dbd3:c24:fd7:31cd:4d8c,1
sdv-id-yFfEwb,ACC_206,ENT_UK_008,359952.0877290928,USD,2026-01-31 23:31:40,c54c:ca29:e684:8f2f:6d89:e7bd:5109:9d27,2
sdv-id-jjZENx,ACC_250,ENT_UK_004,113214.32116134292,USD,2026-02-11 21:49:31,b6ff:5ac5:69d9:4889:9da:3dae:6c40:a0,1
sdv-id-ESeHhu,ACC_212,ENT_UK_007,2543.989758549136,USD,2026-01-18 09:46:16,7463:6c03:3227:47f2:23ca:ca32:3bc8:fb6d,2
sdv-id-LheKOc,ACC_283,ENT_UK_018,7266.866655243144,USD,2026-01-31 14:17:07,7d6f:a46c:556:e821:8577:547:139f:7527,1
sdv-id-QYdDBD,ACC_116,ENT_UK_005,2909.2035729839404,USD,2026-02-25 19:21:52,d0ea:7a99:1430:be47:3222:12fd:6dd0:b1ae,1
sdv-id-WKCgvw,ACC_292,ENT_UK_001,2145.341019573218,USD,2026-01-13 07:03:34,ba3e:66c2:e4bd:7747:81ca:5019:6e61:dd78,1
sdv-id-sVhiPC,ACC_135,ENT_UK_014,470886.0739769132,USD,2026-03-31 18:35:25,7f52:e3b4:1057:999d:178a:fc3e:edde:5af5,2
sdv-id-QDDndI,ACC_194,ENT_UK_013,78240.27145345695,USD,2026-03-10 06:36:03,37b7:eaf9:6b04:f26:4e39:fe60:3510:7e30,1
sdv-id-OlZOSQ,ACC_180,ENT_UK_004,1344428.152993608,USD,2026-02-25 11:37:27,6038:80f0:5a6d:87a:6387:e8bd:3065:8666,1
sdv-id-KLXLqY,ACC_158,ENT_UK_017,42854.7170636189,USD,2026-02-06 07:09:51,952e:9abb:ff79:72e6:e1c7:8607:9520:716c,1
sdv-id-VCbwwv,ACC_135,ENT_UK_018,131039.7718871268,USD,2026-02-06 06:39:10,4c4a:3182:e6d8:df2e:31bf:5cd1:d84f:baa2,2
sdv-id-EVwrgL,ACC_236,ENT_UK_019,821918.2590403605,USD,2026-01-31 05:48:41,c592:331c:e135:4b01:488:ecc8:91bc:49d,1
sdv-id-TwzUoF,ACC_283,ENT_UK_010,133455.18006698502,USD,2026-02-25 13:17:38,62d2:12bd:7f9f:ef0a:1809:43f3:c21f:ec14,1
sdv-id-ZGhXnC,ACC_212,ENT_UK_007,8709.855941541602,USD,2026-03-15 15:37:10,6819:393:3c8a:3c7e:d507:63eb:8b21:b99b,2
sdv-id-vbTsiE,ACC_194,ENT_UK_017,109635.41313182942,USD,2026-03-24 15:46:14,aafe:c3e0:e7ae:43fe:157:5134:f587:dc87,1
sdv-id-lxwRql,ACC_175,ENT_UK_010,301910.0974601791,USD,2026-03-09 10:43:47,a009:78bb:b6a3:cea:7b49:7e50:190d:d0fc,2
sdv-id-tFhDuj,ACC_250,ENT_UK_019,7273.790285784213,USD,2026-03-13 12:20:34,299a:1cc1:2243:6501:a4ec:fed3:948e:8504,1
sdv-id-XBHXse,ACC_250,ENT_UK_017,1252.0128771633288,USD,2026-03-31 06:37:48,993:1ddf:74f6:17b7:aae3:78ec:ab:9e1a,1
sdv-id-mXWoCy,ACC_175,ENT_UK_001,215568.39084469812,USD,2026-01-10 09:53:14,24c4:9b7e:708b:dc82:2414:d8c7:f7ff:dfba,2
sdv-id-QGuezn,ACC_212,ENT_UK_010,546283.2120844115,USD,2026-03-30 02:19:56,8cb4:62da:65a4:7e1a:bf32:f3fe:93af:1400,2
sdv-id-CVdVoO,ACC_202,ENT_UK_005,728141.2507391393,USD,2026-02-09 21:25:54,4e03:f51c:a93e:9594:9c8f:f4db:2f6:b216,2
sdv-id-AHvGkD,ACC_212,ENT_UK_001,634210.5953964911,USD,2026-03-20 18:53:20,d18d:6df4:9b00:e7fe:33bb:f76a:85d2:a304,2
sdv-id-gsBNhN,ACC_212,ENT_UK_001,21981.949519276568,USD,2026-03-07 20:55:21,48c8:656f:20f2:dc2e:6016:1ee5:c953:510e,2
sdv-id-AfzBJS,ACC_110,ENT_UK_001,85866.17002311142,USD,2026-03-24 06:11:06,f4fc:c810:f479:b636:5329:fd50:7dac:9c5b,1
sdv-id-zMllBE,ACC_144,ENT_UK_003,83232.60486247878,USD,2026-03-17 12:09:50,ced8:7a48:5e9b:ab2a:49c2:1dd8:70b3:df91,1
sdv-id-HdvHrn,ACC_289,ENT_UK_011,297024.80242028827,USD,2026-03-22 01:08:10,bc77:f3a0:7f98:c62c:7db7:fb80:9595:5a84,2
sdv-id-NPeavN,ACC_180,ENT_UK_019,408302.1784758303,USD,2026-02-14 14:36:01,292:7a25:cff3:1efd:a267:aa57:e206:fc7e,2
sdv-id-HktLNr,ACC_148,ENT_UK_008,3078.1487824943283,USD,2026-03-18 03:57:39,8a24:985b:b2bf:8f52:fac3:693d:52fc:41c8,1
sdv-id-esgSax,ACC_212,ENT_UK_002,413062.1746320063,USD,2026-03-04 06:23:41,7e59:976b:f3a:a09b:d87:d9fc:6ebb:1d54,2
sdv-id-vEZnTI,ACC_206,ENT_UK_007,969.826200975582,USD,2026-01-11 22:04:49,c569:534b:dd9e:9343:a442:96bc:fc48:ecf,2
sdv-id-RwdnUs,ACC_212,ENT_UK_013,992170.7336172216,USD,2026-02-10 05:51:31,a592:e24:7e7:7ea7:3557:b4c7:7222:cf50,2
sdv-id-mDPDpt,ACC_144,ENT_UK_002,384256.6088631163,USD,2026-03-29 14:44:14,a3d5:e89f:56f4:dcb7:6b64:d1a5:d749:fa31,1
sdv-id-rjIUrG,ACC_175,ENT_UK_003,101878.52499631207,USD,2026-03-29 00:29:49,fee6:2f35:6b92:f87c:dd0f:619f:3cd7:a0ad,2
sdv-id-IlATNS,ACC_180,ENT_UK_018,95738.06890622908,USD,2026-03-08 01:07:20,4e1f:af64:a6c9:bfed:7d48:8ac3:3e7a:c205,2
sdv-id-AeOodC,ACC_283,ENT_UK_005,981.6296540612936,USD,2026-03-10 11:47:14,6204:a220:5f59:6360:a25b:9060:253:bde0,1
sdv-id-isZhJd,ACC_180,ENT_UK_018,2499.3265612140935,USD,2026-01-08 20:39:07,2805:b039:e085:725f:e113:6706:b4dc:1d04,1
sdv-id-xOChHr,ACC_212,ENT_UK_001,206468.12042229465,USD,2026-02-11 00:27:53,cdb4:e52a:a34c:7605:c53f:e235:755a:132,2
sdv-id-rZrQyj,ACC_212,ENT_UK_006,161456.02932001412,USD,2026-03-16 10:17:08,73c3:e8d4:91be:7e32:f125:192f:a442:4589,2
sdv-id-RWHBxH,ACC_150,ENT_UK_017,37139.07273576825,USD,2026-01-31 09:29:40,b8a4:74d1:6dc2:7ed3:5023:e348:6567:8f3b,1
sdv-id-HuVirg,ACC_150,ENT_UK_009,71912.63332261647,USD,2026-01-16 22:32:26,bb5c:7c0b:f368:1053:f19b:9f68:7e8b:c12,1
sdv-id-XcuoeB,ACC_150,ENT_UK_017,81275.36505028694,USD,2026-02-13 11:42:00,bc:db2e:726e:48ca:7ceb:8e0b:4da6:9cd,1
sdv-id-EeLpaw,ACC_158,ENT_UK_019,22475.289524736727,USD,2026-02-12 12:58:38,6fe1:13b1:d4b6:74fc:318:a4dc:f60c:a38e,1
sdv-id-LNNCiA,ACC_292,ENT_UK_006,50739.80631219847,USD,2026-03-11 05:37:48,ec9e:40ce:8726:277a:6838:7b2d:3b1c:5d92,1
sdv-id-yLAmkJ,ACC_110,ENT_UK_015,882397.3787919756,USD,2026-01-19 02:42:48,de8d:e792:c771:29ea:db28:633a:4247:b5a9,2
sdv-id-uWGQGd,ACC_227,ENT_UK_012,489697.9243343054,USD,2026-04-01 16:58:20,3a66:2b91:1883:e0a9:210a:a17a:38a4:e699,2
sdv-id-aFjZZG,ACC_274,ENT_UK_015,804375.596669454,USD,2026-01-17 18:03:01,7ecd:f3d9:b14f:7ed7:1799:333f:85fb:123d,2
sdv-id-gjiqRK,ACC_175,ENT_UK_014,178832.11400253754,USD,2026-03-16 18:13:49,b101:115f:3211:e1d:beeb:8ba:d907:c771,2
sdv-id-PDngXe,ACC_250,ENT_UK_015,549646.1086678449,USD,2026-02-02 13:35:23,ed9e:b716:6001:52c4:ef0b:e66f:7988:d618,1
sdv-id-sXYNGd,ACC_194,ENT_UK_002,232969.57247316415,USD,2026-03-26 03:09:08,51c:f6f1:81df:d4fd:aba9:7d86:fa15:41eb,1
sdv-id-eKGzGg,ACC_283,ENT_UK_016,1251.18861597032,USD,2026-01-14 03:15:49,7f45:5f34:9b2b:b747:4968:7157:2bb4:e554,1
sdv-id-wlReKl,ACC_175,ENT_UK_002,1113303.7218198786,USD,2026-02-18 05:23:20,8e6e:af6:7db:9f3e:e0b:149e:7101:e3d5,2
sdv-id-rXnsoT,ACC_250,ENT_UK_010,36176.42385336274,USD,2026-03-10 01:18:02,88c4:4394:405e:b551:e6:cdc7:789c:c967,1
sdv-id-gJtXak,ACC_227,ENT_UK_014,1543.8264069734637,USD,2026-02-07 13:12:37,d77:8b2f:1799:1cdc:76c1:3d08:a327:2219,1
sdv-id-Oubhnf,ACC_292,ENT_UK_017,2098.435918978437,USD,2026-03-19 15:48:02,c06a:d3ff:5764:fb1b:b01c:4288:7c47:7b7e,1
sdv-id-cimMTh,ACC_174,ENT_UK_002,145678.43934630768,USD,2026-02-05 15:01:40,bb61:4933:cb61:cfc1:ae79:1909:87f5:a8ba,1
sdv-id-gRdSBk,ACC_227,ENT_UK_001,1334.6568062629135,USD,2026-02-28 08:58:43,ef3c:ca03:9f35:9f01:ed8d:90b6:a7ab:b132,1
sdv-id-jwBenX,ACC_180,ENT_UK_017,166643.40143085193,USD,2026-03-06 13:38:32,6e0b:4595:ad22:4abd:3330:b97b:9d17:2f16,1
sdv-id-Tuuaqq,ACC_180,ENT_UK_007,1408.7041268532414,USD,2026-03-22 03:17:41,88d7:fd1d:7c72:52c:8f76:1327:3fc0:20dc,1
sdv-id-QBgAUQ,ACC_212,ENT_UK_018,922.9563621538496,USD,2026-01-09 17:30:02,752b:d1e1:9f2f:aa63:a3a:9a2:2486:5023,2
sdv-id-kTbAIc,ACC_150,ENT_UK_005,935.3205461209424,USD,2026-03-06 20:20:27,b099:9f1e:db95:a9b0:a1eb:2fe7:8f6c:dd59,1
sdv-id-cRrIve,ACC_268,ENT_UK_014,3432.2071006703195,USD,2026-01-20 22:41:57,4bdd:1d8c:bf2c:b6cf:7c9d:b318:689d:edc9,1
sdv-id-Pzpncn,ACC_241,ENT_UK_015,15870.553366483178,USD,2026-03-17 10:39:46,cca7:357c:c322:32e3:81a0:7f4e:41cd:cc2b,1
sdv-id-plfWcV,ACC_206,ENT_UK_005,4004.498815912823,USD,2026-02-12 21:20:59,906:f567:3246:e70:ef3f:f6bf:da0a:2659,2
sdv-id-ijBaRw,ACC_250,ENT_UK_018,112865.5061859876,USD,2026-02-02 04:03:21,e477:a9b3:ad12:d1da:cf91:52c2:be7d:4cb0,1
sdv-id-DReKwd,ACC_236,ENT_UK_019,2545.1345956323876,USD,2026-02-08 14:46:03,ea7a:9b9c:a9e0:eebe:a36a:ab95:1d49:8ae9,1
sdv-id-ReyWsL,ACC_180,ENT_UK_012,2962.1592495107066,USD,2026-01-03 04:20:01,b77:8d16:63a1:577d:6d47:2ca6:5f8f:2abe,1
sdv-id-NIjOfS,ACC_148,ENT_UK_012,96509.03457309234,USD,2026-03-08 19:43:29,7209:c80f:3ce1:e748:2be7:f2b6:84b9:cad2,1
sdv-id-yjxnFX,ACC_212,ENT_UK_012,105421.68381129394,USD,2026-03-26 16:56:15,bcd8:34d2:1d95:e51c:ec3:39da:a816:ca8d,2
sdv-id-AxnUlS,ACC_283,ENT_UK_014,228166.6857267256,USD,2026-01-07 05:31:51,b135:139c:4deb:d959:e233:8f88:56dc:ab30,1
sdv-id-xZCDZf,ACC_236,ENT_UK_013,1130.9244297514251,USD,2026-01-18 19:04:43,8346:1c6:5be8:adb0:e427:f3a7:c303:8697,1
sdv-id-IaFJKT,ACC_174,ENT_UK_006,728274.4318052491,USD,2026-02-10 13:55:39,b410:a1be:7d3e:1dcb:2d17:41e2:f60a:20d3,1
sdv-id-exONFa,ACC_250,ENT_UK_011,136620.7304260592,USD,2026-02-14 12:05:55,29d6:a505:e2fe:18c9:f6e8:7178:24c8:b715,1
sdv-id-jpSZWC,ACC_175,ENT_UK_007,43269.592199849845,USD,2026-03-15 08:46:06,774b:1c81:70c6:a461:3128:4965:f2f0:4174,2
sdv-id-EmhKyz,ACC_212,ENT_UK_002,120983.84576601682,USD,2026-01-22 11:03:30,b33c:8174:d13c:a82d:3a04:5610:30e4:eccb,2
sdv-id-qLhhoZ,ACC_212,ENT_UK_015,938.016797376212,USD,2026-01-18 16:28:36,9214:d87e:5f55:d039:d127:4b7c:a35e:45d9,2
sdv-id-mirCse,ACC_202,ENT_UK_019,7706.916222760064,USD,2026-03-10 22:41:48,eb72:3240:d2a2:8dc:e22e:e470:289:abc0,2
sdv-id-aQTNXZ,ACC_148,ENT_UK_009,26163.62728123052,USD,2026-01-12 04:27:40,c8e1:69c7:7da5:4bad:d08:173:7bf6:9a8f,1
sdv-id-nlwrEq,ACC_175,ENT_UK_003,7851.024139066661,USD,2026-04-01 04:31:52,8f8:2d06:c707:7313:4b7d:e912:27ab:ab19,2
sdv-id-CTsPUj,ACC_175,ENT_UK_003,11936.81930007657,USD,2026-03-27 18:23:01,b51a:267e:1bc9:1df8:b421:f3bd:f3e0:5bcd,2
sdv-id-opATZT,ACC_180,ENT_UK_011,535072.0615489769,USD,2026-02-14 18:59:35,2644:c33c:a4a0:3c36:56e7:bbf8:443a:4f12,1
sdv-id-QiLKnT,ACC_174,ENT_UK_015,3485.962331348823,USD,2026-03-09 14:52:34,41f8:af26:306e:f5f8:a99e:63b1:7dc5:af18,1
sdv-id-BzvKMn,ACC_110,ENT_UK_015,603891.6446584422,USD,2026-01-21 04:48:15,8a1d:fff2:4f7c:4c5e:136c:edf9:f76:12c8,1
sdv-id-MPOtuQ,ACC_110,ENT_UK_001,2288.618456058931,USD,2026-04-01 16:38:05,58a0:9c29:9102:9e4f:1c26:69cd:7e37:75df,1
sdv-id-wOwExX,ACC_144,ENT_UK_011,2649.090163055088,USD,2026-03-17 17:59:26,8e33:10a4:fb42:6521:dc57:291d:e219:e493,1
sdv-id-Fxjmpw,ACC_174,ENT_UK_015,6736.38765657763,USD,2026-02-03 09:34:33,19cb:3938:1773:30f7:8878:faac:127b:c29a,1
sdv-id-iQYNJc,ACC_116,ENT_UK_017,270411.7202416966,USD,2026-01-30 02:52:00,e35a:aad3:9fa9:8676:6927:8e62:423d:61b0,1
sdv-id-XLprWO,ACC_180,ENT_UK_006,1601.3969431195114,USD,2026-02-16 14:23:12,d4d6:fcd2:969c:f89f:f428:fb39:9d8f:8c0d,1
sdv-id-yrjpCQ,ACC_289,ENT_UK_007,253709.7971731239,USD,2026-02-19 08:02:53,718d:a29e:1317:68ae:62a8:b604:122c:c45b,1
sdv-id-OxLHta,ACC_206,ENT_UK_017,58994.61474577605,USD,2026-02-12 19:01:51,7b0f:e7d8:5676:c871:47:c544:582b:f13f,2
sdv-id-Vngdhe,ACC_116,ENT_UK_018,601301.7866499611,USD,2026-03-18 23:53:13,38a3:8f21:f18a:c0d7:6aa5:58b5:865d:43ee,1
sdv-id-ZEKlTW,ACC_206,ENT_UK_008,13951.596879771,USD,2026-02-19 07:37:12,2060:2c91:8ee5:122a:de61:13ea:bb0c:c6a2,2
sdv-id-AuVqUR,ACC_250,ENT_UK_001,24251.53336489067,USD,2026-02-15 11:59:47,7617:7346:17b2:7253:8734:c911:213a:3d72,1
sdv-id-tfouqi,ACC_150,ENT_UK_010,3695.483923323915,USD,2026-01-21 05:18:52,f239:ade3:b7b1:cab3:6c8a:f2f5:38b1:6fb3,1
sdv-id-nmUuoF,ACC_236,ENT_UK_010,6800.385483045574,USD,2026-01-20 09:49:56,9508:f09f:564b:1914:7e19:c07:2eef:623c,1
sdv-id-StuiKW,ACC_212,ENT_UK_016,5396.4589371008715,USD,2026-02-11 09:21:34,7313:faf4:927:67db:e52d:b1ee:772c:8d9,2
sdv-id-MKrFuQ,ACC_135,ENT_UK_018,644990.6576030445,USD,2026-03-03 10:51:10,713f:2d18:14fc:881d:5ee9:c191:90c0:2ff5,1
sdv-id-qbKoxL,ACC_150,ENT_UK_016,3961.6491902483617,USD,2026-03-04 22:08:00,3b2a:2094:48d3:8256:442e:802d:eeff:6d21,1
sdv-id-UeJVkD,ACC_180,ENT_UK_012,869003.4525655913,USD,2026-01-16 16:03:03,793e:a495:30b4:5566:70c2:7d83:6c75:91c4,1
sdv-id-ksEOPA,ACC_180,ENT_UK_001,91416.55221601756,USD,2026-01-09 17:18:21,ba53:b9f3:4223:e3b9:818b:eba0:eea9:238a,1
sdv-id-CuFAaE,ACC_180,ENT_UK_019,217023.573582442,USD,2026-01-08 04:12:23,4190:9c76:f8fe:3cd6:df:b2b0:f904:8d03,1
sdv-id-eLJxvs,ACC_227,ENT_UK_019,184663.68133442808,USD,2026-01-24 03:43:12,a5aa:5d99:1d85:c3e1:822b:9b1:2ca6:771,1
sdv-id-SZBOeC,ACC_274,ENT_UK_009,13101.77493415135,USD,2026-03-27 20:25:10,673d:bda9:4934:c0be:af3d:25c2:ec9f:f164,2
sdv-id-bErMgW,ACC_227,ENT_UK_011,59066.77060786629,USD,2026-02-27 04:07:01,222a:f667:b18b:629:c2a6:90f3:ce78:5200,1
sdv-id-msWwPZ,ACC_148,ENT_UK_001,9588.296934461798,USD,2026-02-15 19:36:25,1777:ac7f:1564:b32b:8ea5:e0fb:3f3e:a333,1
sdv-id-nQKgxu,ACC_250,ENT_UK_008,3146.5778548605845,USD,2026-03-22 09:59:30,7d68:8000:53d0:f0ff:f85:dc9f:b8a7:11b9,1
sdv-id-HCEpzb,ACC_110,ENT_UK_005,4287.542615890803,USD,2026-03-30 20:17:54,5390:533a:c81b:34f9:fd56:6762:f61:b026,1
sdv-id-nTPVtn,ACC_110,ENT_UK_010,126888.31851094717,USD,2026-02-07 22:22:30,7e0f:233f:c780:3c6c:7144:25fb:2c2c:dc8,1
sdv-id-WEYIsH,ACC_144,ENT_UK_003,624873.4793915263,USD,2026-03-26 17:17:16,deff:2b8d:1df2:d316:3f62:7c5b:8c96:45b1,1
sdv-id-GtUcMF,ACC_227,ENT_UK_005,963.7545556468092,USD,2026-02-16 00:11:44,ac7:a94e:7af8:ce33:6acf:a09c:9381:dd6e,1
sdv-id-wrXspx,ACC_250,ENT_UK_001,659090.8060178999,USD,2026-01-05 11:27:20,c702:ab5d:749d:ddbf:2911:1905:27d4:a824,1
sdv-id-DXHyJv,ACC_180,ENT_UK_005,79287.9083431358,USD,2026-03-23 12:57:55,2d0c:a6af:6cf5:1551:fe1b:5bf1:d811:3ed5,1
sdv-id-mkYsqd,ACC_283,ENT_UK_010,9149.636094641612,USD,2026-03-15 10:07:30,1fe:c7ff:d52b:cd47:75b6:9fa4:7f8:edb9,1
sdv-id-lsYqoJ,ACC_212,ENT_UK_011,219361.10536821504,USD,2026-02-02 23:31:29,3294:7f77:af5a:e996:d28e:4558:655f:4da3,2
sdv-id-WAeUPk,ACC_212,ENT_UK_010,163291.16232803726,USD,2026-01-11 03:36:29,c19:f72c:7111:48cf:63c6:8e36:af4:b6b,2
sdv-id-BCPWUB,ACC_250,ENT_UK_018,1064.036381900944,USD,2026-01-10 17:18:31,7ba5:f6ba:f5c5:2c99:cfdd:82c7:658c:4cdb,1
sdv-id-pdNaKJ,ACC_250,ENT_UK_014,798341.6266931621,USD,2026-03-01 08:54:14,27b:13f3:d08c:bc7a:a9d1:70f4:55d3:ec79,1
sdv-id-tdQuzX,ACC_174,ENT_UK_009,25851.17169115722,USD,2026-02-20 13:08:33,5bf:c52f:6e5b:cf2a:f387:2680:3de7:2b52,1
sdv-id-iVNrOV,ACC_180,ENT_UK_016,27574.919830849343,USD,2026-03-27 09:15:36,4ea7:c816:aaf6:787:3b5e:91db:a675:37ef,1
sdv-id-lZVdoa,ACC_227,ENT_UK_011,48512.36333154612,USD,2026-03-21 15:36:53,a655:9d75:9d97:e22e:1957:8d1b:b5e0:1990,1
sdv-id-vfxBLw,ACC_268,ENT_UK_008,948.1637336829036,USD,2026-03-28 21:16:43,a451:1d55:904e:a2ee:705d:1ded:3181:8bc5,1
sdv-id-gjIZVq,ACC_241,ENT_UK_008,706976.7142977212,USD,2026-01-17 10:52:00,84c3:4ef8:5a2f:8c44:2e00:fdeb:a0d:b309,2
sdv-id-yZDiZX,ACC_210,ENT_UK_009,177347.60785807326,USD,2026-03-20 14:41:46,5792:9bb7:f5c9:f0ef:5ae8:6153:bf8c:2aca,1
sdv-id-rpTAlQ,ACC_175,ENT_UK_015,191845.9605289485,USD,2026-04-01 07:29:57,f28e:3a21:7877:f6b4:edce:181:d4cb:88e3,2
sdv-id-zjHRZV,ACC_236,ENT_UK_005,1099994.4220220614,USD,2026-03-17 21:32:42,82d5:8b0b:efa2:484e:78d3:79f1:b491:6ded,1
sdv-id-EdMhKW,ACC_241,ENT_UK_010,407079.56940120825,USD,2026-01-30 08:37:09,fe61:8bd9:43fd:81a5:60dd:7330:a1cc:8090,2
sdv-id-OLZZkj,ACC_158,ENT_UK_015,54513.81936404503,USD,2026-01-07 10:01:52,5707:5d83:72e7:4881:4e27:d121:a1f8:990a,2
sdv-id-cvqZag,ACC_283,ENT_UK_018,1513312.8013924237,USD,2026-01-02 07:14:54,3058:36e8:6da2:f582:4851:4014:4e98:1ea7,1
sdv-id-TKakqh,ACC_212,ENT_UK_010,952.1085207049236,USD,2026-03-21 18:05:48,dc9a:ba3f:d370:8b82:bbe3:983a:6c:c82a,2
sdv-id-VcEKQj,ACC_110,ENT_UK_019,167076.07920269735,USD,2026-03-12 23:29:36,24e9:3c05:f7f:5d5:983c:6f12:f872:c576,2
sdv-id-vgsWhq,ACC_212,ENT_UK_016,44704.82708523632,USD,2026-03-10 04:05:52,63e:274b:7efd:cae3:8de8:d0da:b38:e872,2
sdv-id-YqIWfO,ACC_206,ENT_UK_012,443483.9908870826,USD,2026-02-10 11:44:23,911:2894:89b9:a3f0:623d:38e5:6352:5a0a,2
sdv-id-zmkITM,ACC_236,ENT_UK_009,4216.852823978965,USD,2026-01-28 08:48:44,e81b:69c0:3564:9893:f3de:9a04:f88c:9f3a,1
sdv-id-OYCMFY,ACC_212,ENT_UK_008,529060.2758128432,USD,2026-03-06 08:14:02,4804:b9a7:2a1c:a3aa:c0a3:5fa8:67e5:6d5f,2
sdv-id-SfQrDe,ACC_274,ENT_UK_001,115873.33575471865,USD,2026-03-11 19:22:31,b521:bcda:63e:4544:b3a1:44cd:5e69:938,2
sdv-id-sDaekf,ACC_194,ENT_UK_014,931.1953272644972,USD,2026-02-22 03:49:18,a2bd:dce3:ad99:8162:3b88:8ed3:bd5a:8a32,1
sdv-id-Sjnxxg,ACC_110,ENT_UK_001,65154.92340915436,USD,2026-02-05 07:23:58,7106:e954:7c69:c605:acce:4814:5983:bf6,1
sdv-id-qadhEa,ACC_175,ENT_UK_015,220685.14499268832,USD,2026-01-14 13:22:16,5815:95ba:a2fd:e930:b9e6:48e8:eb84:1ea6,2
sdv-id-eSDZEY,ACC_194,ENT_UK_001,931656.59202515,USD,2026-01-08 13:33:02,3537:3aa2:901f:ad57:9b3f:a658:7e4f:fa02,2
sdv-id-kBCWht,ACC_161,ENT_UK_017,1488848.148610362,USD,2026-03-26 11:41:35,48ec:a5d9:9962:710e:e5cc:6c0a:1d70:5955,0
sdv-id-TdDJmy,ACC_212,ENT_UK_019,44395.13385382723,USD,2026-01-14 18:07:49,a6ab:e5f9:a441:22e4:9b06:a647:da02:1983,2
sdv-id-dJnnsN,ACC_212,ENT_UK_018,193987.8727059984,USD,2026-01-10 18:43:50,a2a1:3115:8b9d:ff9d:fe12:983:4895:9690,2
sdv-id-zGjkkF,ACC_292,ENT_UK_006,165108.67022543604,USD,2026-03-22 12:59:19,dc24:94e5:b54d:cc21:d938:3825:dfa7:7666,2
sdv-id-GPcovu,ACC_236,ENT_UK_009,229216.64725993687,USD,2026-01-01 20:11:50,915a:a891:f910:7828:11b:fa2b:5014:9c0f,2
sdv-id-GxOxKC,ACC_116,ENT_UK_014,18280.31116459906,USD,2026-02-07 12:53:45,8038:1703:b55a:ef49:c657:dddc:e68e:10f8,1
sdv-id-UQGJzL,ACC_212,ENT_UK_019,6389.400019991299,USD,2026-02-18 10:44:08,e740:85e7:adfb:c069:6812:1c31:1e3a:d3ed,2
sdv-id-QvzFYF,ACC_212,ENT_UK_009,13655.7528651489,USD,2026-01-30 09:36:35,82b1:921d:d7e6:4f1:8b0c:e65a:7665:1835,2
sdv-id-YGVROI,ACC_135,ENT_UK_001,3097.797277351304,USD,2026-03-17 10:09:38,8ad4:bcff:6bb5:62cf:dea0:24b1:6ed9:1c06,1
sdv-id-lIfYYj,ACC_292,ENT_UK_004,835189.9174155521,USD,2026-01-02 17:35:27,b34d:6784:74d3:5c01:e3a6:4838:28c9:803f,2
sdv-id-FZctuW,ACC_116,ENT_UK_008,250738.27891582943,USD,2026-01-12 10:06:56,740d:3244:9604:16d5:c369:d7dc:979e:ad91,1
sdv-id-lVLbQM,ACC_206,ENT_UK_009,3158.609134807973,USD,2026-02-06 01:06:56,c912:be7d:f23c:586b:ef06:c4ee:59e2:4ca2,2
sdv-id-aEyUHo,ACC_212,ENT_UK_010,1560.9802247546745,USD,2026-01-24 17:24:51,4c31:be97:c674:229c:6361:513c:9f46:7f71,2
sdv-id-Ismdww,ACC_135,ENT_UK_004,15757.503890483244,USD,2026-01-14 00:15:57,77e3:5da:2afe:ec6f:45bc:c164:e61f:a5f9,1
sdv-id-bYsSxM,ACC_148,ENT_UK_006,154343.68626588956,USD,2026-03-07 22:22:59,968f:bb0:baad:4762:ef37:530f:3c2b:7221,1
sdv-id-agRZKP,ACC_135,ENT_UK_013,8752.131675637602,USD,2026-01-10 05:43:22,fa5c:6664:f4b5:4d73:8e98:89c8:e884:a90b,1
sdv-id-OjKoWZ,ACC_144,ENT_UK_019,1161.2901876552266,USD,2026-01-11 16:03:41,5971:b4e1:90f:1a3c:5e02:30f:6109:8706,1
sdv-id-IwSAJO,ACC_241,ENT_UK_003,2674.856968063882,USD,2026-02-10 11:47:46,578e:ebad:e527:1a8d:ac7a:7863:7919:d3da,1
sdv-id-QMJVXv,ACC_289,ENT_UK_017,139352.03428379123,USD,2026-02-03 21:29:02,56b9:5eb6:fdc2:333e:e1d:47cd:996a:efce,1
sdv-id-DCdpIk,ACC_150,ENT_UK_001,222141.8365339323,USD,2026-03-08 05:27:59,69fc:be7f:bf02:c545:78b0:719c:cd9f:c13,2
sdv-id-AfNIHt,ACC_227,ENT_UK_019,2147114.9480339047,USD,2026-02-24 08:36:39,5493:313a:c072:19fe:f312:6bd2:501f:4eb2,1
sdv-id-BCACeJ,ACC_144,ENT_UK_014,288995.0555404005,USD,2026-04-01 10:17:14,7d0c:25aa:77f4:7a1f:5b99:2d4d:eeb5:6729,2
sdv-id-UkIlpa,ACC_241,ENT_UK_016,100836.28004406123,USD,2026-03-17 22:21:50,5b20:169b:76ab:26a4:285c:4e0b:c946:f348,1
sdv-id-bcbAkv,ACC_116,ENT_UK_017,5279.675617559338,USD,2026-02-14 16:41:23,616b:7b8c:315b:1ff0:3de2:db51:b326:6474,1
sdv-id-ISFZpz,ACC_212,ENT_UK_015,12975.811832478244,USD,2026-02-08 10:10:09,a11d:a956:4e4b:f798:66c2:185b:8f8:c774,2
sdv-id-NSXSVk,ACC_289,ENT_UK_018,2888.532757913466,USD,2026-03-14 23:20:23,6d48:4215:cb5:8a88:df5e:3814:f427:5869,1
sdv-id-aXyjpa,ACC_212,ENT_UK_012,282453.857450408,USD,2026-02-13 00:03:44,524d:746a:900a:56d4:db3b:ee3:a22d:f7ba,2
sdv-id-YrhOfu,ACC_180,ENT_UK_007,1210635.7450955615,USD,2026-03-16 08:39:49,5f70:9d57:7f75:e5b7:7999:c2a5:87b4:681,1
sdv-id-cZnyEZ,ACC_212,ENT_UK_007,86349.53635307467,USD,2026-03-25 15:03:27,3d65:bd9f:fa2:d98:5766:3fbb:fe6:d2bf,2
sdv-id-NBPFRC,ACC_268,ENT_UK_005,368784.40452562255,USD,2026-01-29 08:52:33,5258:1b4d:ad4d:3eb:a925:3fd4:9e59:c287,2
sdv-id-BNTWTu,ACC_174,ENT_UK_007,11063.637460929522,USD,2026-01-21 11:14:18,9561:5f4a:cc95:24d1:a67a:4d0f:f16d:1cea,1
sdv-id-uZJiBr,ACC_180,ENT_UK_014,48155.51291992198,USD,2026-03-02 01:48:39,6f9:d3c:4c00:25e7:ffe8:887f:7222:57e7,1
sdv-id-jpzsJs,ACC_144,ENT_UK_004,242393.88103568464,USD,2026-02-07 22:43:37,5680:dedc:9661:a859:3831:ebed:77b5:7f27,2
sdv-id-WWAzTv,ACC_135,ENT_UK_007,299039.38616115245,USD,2026-03-24 20:03:17,141:7eb3:8d31:cb76:3a0:4d27:9e9f:dc9a,1
sdv-id-tjIjWq,ACC_236,ENT_UK_003,770062.1561975728,USD,2026-01-11 23:47:23,e9b0:8fd9:f542:9019:e646:58fd:accc:3b53,2
sdv-id-NsElQY,ACC_236,ENT_UK_019,425517.1148248964,USD,2026-01-25 14:54:22,1895:3198:4028:3335:d6d5:82f0:ed63:9b21,1
sdv-id-OiWjWU,ACC_250,ENT_UK_006,670946.1534530498,USD,2026-02-23 05:51:53,4c76:ff76:9880:c3f4:3339:d91a:74be:3d9a,1
sdv-id-LAhoxG,ACC_206,ENT_UK_010,290326.32708465663,USD,2026-02-11 18:22:03,4ec9:8946:f7f3:cda:444:d0c3:67c5:a066,2
sdv-id-NzEfEm,ACC_148,ENT_UK_006,1910.1180170850175,USD,2026-01-15 02:59:28,b2f4:8788:7fcf:d81f:c8f4:ce3e:bc18:ce62,1
sdv-id-DbhfQt,ACC_158,ENT_UK_008,2125.1139668701658,USD,2026-02-10 11:42:51,9403:1c52:4573:ea21:b750:a57a:77b4:8a05,1
sdv-id-rFlJJv,ACC_144,ENT_UK_012,122382.9848385854,USD,2026-03-13 06:53:01,1cec:f914:84c8:ce66:6b26:448f:9fdf:bb44,1
sdv-id-wkIrXq,ACC_250,ENT_UK_010,153076.04421691716,USD,2026-03-23 02:06:53,f320:7465:31bc:7fbe:f4bc:f7a8:5b29:75eb,1
sdv-id-ocOARJ,ACC_292,ENT_UK_013,200750.34120338204,USD,2026-01-02 16:14:40,bb31:bb0:aa75:96cf:9a9c:90d:cf5a:386c,2
sdv-id-KJswTn,ACC_174,ENT_UK_014,527029.6409442044,USD,2026-02-05 14:30:58,9248:afac:8201:f4ed:9ce0:66f7:cf11:d044,1
sdv-id-zZwxQv,ACC_180,ENT_UK_010,972.5933710903604,USD,2026-03-27 12:39:48,9220:5874:98e5:78e:e856:8279:2fa7:279b,1
sdv-id-fxCdPF,ACC_227,ENT_UK_001,452174.4206932855,USD,2026-01-26 17:18:29,fb76:417b:3381:9f28:98d4:9ce2:ee21:2d1d,1
sdv-id-RPmHIg,ACC_250,ENT_UK_019,65064.294032478654,USD,2026-03-25 10:35:11,1c4c:7ac3:537b:d3b:88fd:f195:8c2f:7dc,1
sdv-id-cosijU,ACC_250,ENT_UK_012,209129.792006329,USD,2026-03-23 12:01:55,ef69:ffe9:bcd2:43a7:f455:3654:89b:b29f,1
sdv-id-dDCtXu,ACC_144,ENT_UK_011,5305.635842261425,USD,2026-04-01 18:22:50,313a:7d85:e5e5:775d:cf2e:60a2:bddb:ca35,1
sdv-id-NbyCNp,ACC_194,ENT_UK_013,1414.1679113858895,USD,2026-02-09 19:24:08,d9c3:a5d1:b2ca:e34c:70fb:3d5f:6e2c:d1b,1
sdv-id-TDScex,ACC_150,ENT_UK_005,8669.207924747972,USD,2026-03-28 11:26:47,4c17:47ea:d402:b93b:132f:2541:7785:1425,1
sdv-id-UUximC,ACC_250,ENT_UK_015,1620.542681876838,USD,2026-01-17 21:15:23,33bd:c0c3:3cd8:a8b6:326a:8dcb:4377:1fd3,1
sdv-id-OclHGs,ACC_250,ENT_UK_013,5797.08584047131,USD,2026-01-26 01:24:52,ee0c:30a2:5be7:3805:97b2:7764:4d0b:a621,1
sdv-id-gwYctK,ACC_227,ENT_UK_013,1002290.8845656252,USD,2026-03-10 19:33:34,be2b:ab53:1b97:64a:8ef5:81b4:771e:f05,1
sdv-id-rvjkiV,ACC_212,ENT_UK_006,1074377.0465881207,USD,2026-03-11 23:33:28,db77:652c:dade:af3d:e20:c429:a688:7d05,2
sdv-id-WTlUyw,ACC_250,ENT_UK_001,966.1423916231428,USD,2026-03-28 02:22:39,1ca7:5009:809b:f57:c0a5:1eed:6c0f:1094,1
sdv-id-tXBRlg,ACC_250,ENT_UK_004,416724.82152381586,USD,2026-01-07 16:12:32,4e12:c381:5890:83df:c50a:b1ef:982a:ad14,1
sdv-id-PDlNtl,ACC_210,ENT_UK_004,36214.04350340894,USD,2026-03-30 14:43:19,2a9a:ce51:d0a8:f3d8:7eb2:6e47:7a26:1c81,1
sdv-id-mtcZAt,ACC_175,ENT_UK_003,68547.9867396218,USD,2026-03-22 22:13:44,8cca:3549:55e:2b61:491:edbd:a800:a2e,2
sdv-id-VoUAxc,ACC_227,ENT_UK_006,807502.7570591638,USD,2026-03-27 04:21:05,4be1:5508:dae8:23a:5317:71cc:b8b6:b38f,1
sdv-id-UrYMWZ,ACC_212,ENT_UK_002,1087.2526095136393,USD,2026-03-23 16:06:03,e5ae:4339:6f65:8cff:1dac:7465:498c:ae03,2
sdv-id-fimbXe,ACC_175,ENT_UK_015,298051.656902511,USD,2026-03-18 15:57:00,2e4a:f991:7660:e728:c40f:cf0a:5f86:b596,2
sdv-id-japvXH,ACC_180,ENT_UK_009,11898.126450740938,USD,2026-03-31 15:43:35,418d:d555:d6ea:d005:a4c8:2dff:a896:6961,1
sdv-id-RJWqDB,ACC_227,ENT_UK_017,1290.700529792771,USD,2026-01-18 03:06:40,a2cd:c29b:8696:ea11:5af7:75b8:303b:cef2,1
sdv-id-LGSGAM,ACC_135,ENT_UK_003,2387.367189289099,USD,2026-03-28 11:23:08,33ae:65be:6f3e:c3ca:8bd6:2d22:cc7c:e5d8,1
sdv-id-YossSa,ACC_110,ENT_UK_019,22681.152397942285,USD,2026-03-24 13:43:45,8654:e9fc:ebf6:7b89:76d8:f299:a0ea:2f9,1
sdv-id-iQLPXB,ACC_250,ENT_UK_006,67848.61519645002,USD,2026-03-29 08:46:29,6801:5441:d036:dbc2:1671:9d62:22eb:cce9,1
sdv-id-dUmemE,ACC_158,ENT_UK_012,134371.99431910124,USD,2026-01-15 15:48:54,17f9:6afe:bfeb:4dee:4f5b:dd62:fc65:1331,1
sdv-id-HTqEsu,ACC_236,ENT_UK_010,3372.072209252132,USD,2026-03-11 20:02:52,2156:c4f3:982c:a7d9:f0c3:a0af:3f5:5922,1
sdv-id-HUpeZo,ACC_268,ENT_UK_008,170074.7518023305,USD,2026-01-16 02:07:18,e1b8:2479:49ad:d073:de36:908f:e947:784b,2
sdv-id-uricTJ,ACC_236,ENT_UK_012,16876.404956396553,USD,2026-03-18 03:02:25,5623:cf3d:7101:1d65:4c1:595:8840:c0a6,1
sdv-id-nrJzjt,ACC_144,ENT_UK_018,2547357.6649279497,USD,2026-01-24 22:11:25,1003:3ce1:4cce:5323:8e61:cee:282f:2ab9,2
sdv-id-yBXaaQ,ACC_241,ENT_UK_009,9324.344871479576,USD,2026-02-23 20:36:11,2a4b:b777:fead:377a:48f9:504d:b2f8:1700,1
sdv-id-FWHDcK,ACC_180,ENT_UK_006,74175.36585311356,USD,2026-02-28 23:34:23,d36d:e884:4df1:62f9:ce9a:e90f:b874:be29,1
sdv-id-CfVsty,ACC_110,ENT_UK_013,166044.9991624904,USD,2026-01-01 18:34:22,d27e:28ce:44f1:58bb:b17e:39fb:9f4f:f2c2,1
sdv-id-wovqFA,ACC_250,ENT_UK_005,145809.07715767805,USD,2026-03-18 05:10:47,3304:e6f7:b748:cef7:8337:5016:83b:e28c,1
sdv-id-ZUjlMc,ACC_212,ENT_UK_017,130337.93464809256,USD,2026-01-02 21:54:52,18f5:d590:f26f:9c8c:47a6:5f9d:2097:3ba7,2
sdv-id-HFBCVJ,ACC_212,ENT_UK_019,38443.07815625375,USD,2026-01-10 18:40:06,dd7f:243b:54d5:1dcd:6fb7:8054:bd64:a10a,2
sdv-id-SwdALS,ACC_180,ENT_UK_015,278464.77768024645,USD,2026-02-07 12:39:41,c490:3b65:e6e5:a82f:b0ed:b846:8857:4780,1
sdv-id-TiJUvb,ACC_274,ENT_UK_005,1213.4644587948794,USD,2026-02-28 20:44:49,3592:868f:5561:f72a:a809:e718:e62:79a,2
sdv-id-nzelQg,ACC_174,ENT_UK_010,78651.5139609252,USD,2026-03-11 20:13:50,607b:acf7:9642:c6f0:1042:e50f:59a1:58c7,2
sdv-id-jTJSOn,ACC_283,ENT_UK_004,85919.47272653795,USD,2026-01-14 14:56:22,68ab:2e5f:31b1:aa0b:65a3:23c6:353d:642f,1
sdv-id-lXoPQc,ACC_148,ENT_UK_014,2496.5327528532457,USD,2026-02-05 11:40:44,b4c0:107:2a55:f045:a3f6:7d11:41c:1e67,1
sdv-id-PiGZOX,ACC_212,ENT_UK_010,366503.4294606955,USD,2026-02-02 22:19:38,992:6ad6:aebd:6fe7:e4a5:8db3:7000:9744,2
sdv-id-rCFWHf,ACC_250,ENT_UK_009,212518.00988225307,USD,2026-03-01 06:45:30,a923:d314:548a:363b:ab3b:b721:ea92:31e5,1
sdv-id-nOiaGu,ACC_212,ENT_UK_005,2669.5280959642923,USD,2026-02-20 05:15:03,9e78:6de2:35b:4ef6:f91:2145:aacd:8958,2
sdv-id-iLXtYC,ACC_194,ENT_UK_014,6678.72085027426,USD,2026-01-26 13:10:22,1dbb:6019:1083:d74a:7166:d8f7:b798:48de,1
sdv-id-yzHieD,ACC_150,ENT_UK_019,1816003.5426436465,USD,2026-03-31 12:56:53,b210:d337:9543:7d5c:3400:1760:2959:8fc2,2
sdv-id-jIUmyE,ACC_268,ENT_UK_014,3016.3831303211546,USD,2026-02-17 12:32:16,aff5:4df5:2b55:a407:ab17:a08:da3d:de85,1
sdv-id-ygvxto,ACC_241,ENT_UK_015,305701.473431519,USD,2026-03-15 08:15:07,334b:6d51:9475:d657:275b:ed49:6af9:a20f,2
sdv-id-PBEVma,ACC_180,ENT_UK_018,6672.252471104731,USD,2026-03-02 21:14:02,c4e:aec8:6995:7a46:cc58:d961:65b0:4036,1
sdv-id-GyXXpf,ACC_210,ENT_UK_016,9079.774339926436,USD,2026-03-11 04:36:24,a490:de0a:afed:bd15:a0ac:dd6f:21f7:7d6c,1
sdv-id-VmHZoV,ACC_175,ENT_UK_002,126028.9650160259,USD,2026-01-01 07:15:39,bb6b:33ae:2859:1b68:e3d7:31e:76f3:d016,2
sdv-id-MFoPMG,ACC_212,ENT_UK_019,325929.6872169099,USD,2026-03-04 18:16:42,51ee:d2a0:f457:8e6e:9407:d350:f5df:23e8,2
sdv-id-cRmiMh,ACC_250,ENT_UK_018,138415.99613820342,USD,2026-01-17 10:08:08,7b30:734d:1123:5645:7c8a:d6e3:dbfb:97c7,1
sdv-id-QSsCVF,ACC_202,ENT_UK_006,970.7418729773436,USD,2026-01-31 05:34:25,e8d8:826a:7d13:2516:1bf5:95ad:9b65:d7bd,2
sdv-id-nHOTPR,ACC_158,ENT_UK_003,6475.172773061005,USD,2026-02-06 12:07:38,943c:609:6a09:6ecd:32be:8b3:576:a6dd,1
sdv-id-zMFVGs,ACC_144,ENT_UK_012,27245.76384057325,USD,2026-03-03 19:31:11,2ba1:7490:fc3e:7c67:2c1e:e8e2:256c:a57c,1
sdv-id-dmLbSC,ACC_148,ENT_UK_018,4294.362615812935,USD,2026-01-20 07:43:24,5cc:587:3650:97ed:9d3:c471:b294:c10d,1
sdv-id-HUvEDh,ACC_135,ENT_UK_008,21095.04530324683,USD,2026-03-29 13:45:40,18fc:f8fe:b385:6458:f536:dc42:d444:135d,1
sdv-id-xeGHrG,ACC_227,ENT_UK_018,740498.5203668462,USD,2026-02-01 20:34:36,60cc:7abe:41e0:245:bf8d:184:8b56:3f07,1
sdv-id-PYZDkH,ACC_241,ENT_UK_008,231379.31522013125,USD,2026-03-02 07:24:15,a450:89c:3e49:8bdf:42d1:9e6e:34e5:39c8,2
sdv-id-FArZmU,ACC_227,ENT_UK_015,158598.45432731442,USD,2026-01-30 19:41:37,b05d:2ede:db8e:b893:9bb3:908:da16:a88d,1
sdv-id-SwOZcL,ACC_110,ENT_UK_010,446119.0857842851,USD,2026-01-08 16:31:35,83d2:b294:5853:8cbe:38bf:f0ec:b109:45c1,1
sdv-id-agGKSc,ACC_206,ENT_UK_010,916.935815308771,USD,2026-04-01 05:53:48,f92e:6259:9795:2951:4eed:dc79:9c0e:cd61,2
sdv-id-HuasMu,ACC_158,ENT_UK_008,761931.999094606,USD,2026-03-11 05:01:53,fc5d:cf9b:f0a3:8a90:fb36:8d21:de61:e51,2
sdv-id-LGmfjw,ACC_227,ENT_UK_007,1074648.6480061912,USD,2026-04-01 16:22:05,1103:1223:fd75:d6c5:ce96:691:a6bc:fce1,1
sdv-id-QHEeOQ,ACC_180,ENT_UK_016,16509.14497934813,USD,2026-01-18 23:02:36,1d31:a39e:4890:f012:a93f:406c:a2c4:61db,1
sdv-id-aTZtTt,ACC_158,ENT_UK_007,11621.163950862026,USD,2026-03-17 16:53:56,8b9d:8041:4601:2b18:8fa:49f3:17fd:a73d,1
sdv-id-CPZJWh,ACC_174,ENT_UK_002,297728.24958957813,USD,2026-03-19 11:44:53,cd58:a210:ad6c:f268:5fc3:8638:c455:df86,1
sdv-id-vCRqBc,ACC_180,ENT_UK_014,1129.4843631352965,USD,2026-01-11 02:44:03,1e4:ae3:647:258d:ccac:7536:7990:fa78,1
sdv-id-ocYPUL,ACC_236,ENT_UK_007,8422.959454724114,USD,2026-03-19 08:49:52,cb7:5864:584:308c:d5ef:76af:4eb1:18a3,1
sdv-id-FbpyxL,ACC_274,ENT_UK_014,8758.522453908728,USD,2026-02-10 23:39:10,84bd:2368:4e3f:c1ca:a91e:9a40:5709:e321,2
sdv-id-EjAhdf,ACC_212,ENT_UK_001,255492.21967736335,USD,2026-01-15 21:39:55,ce6c:421d:14cf:9a43:c821:e660:d73f:5eda,2
sdv-id-TIRfGa,ACC_180,ENT_UK_013,993.0247646145576,USD,2026-03-30 17:40:52,3cca:1445:cc2c:5798:b794:c899:c12e:c66,1
sdv-id-ckoAae,ACC_236,ENT_UK_002,930.8451766022812,USD,2026-03-18 15:46:48,3be3:9271:fad4:f17a:38cc:ca9:427:b175,1
sdv-id-NdgeLl,ACC_180,ENT_UK_014,940.1184565963754,USD,2026-03-16 11:15:37,1fa0:9edb:6ea8:4784:eeb:38a9:bbf:5e3,1
sdv-id-QiymdA,ACC_194,ENT_UK_009,199310.34294989103,USD,2026-03-16 14:34:48,b66d:90c4:a6eb:c64b:9000:cc15:59e0:ef71,2
sdv-id-rGtBOd,ACC_250,ENT_UK_005,6178.301653439231,USD,2026-03-20 16:45:32,a929:5f30:b578:9b32:ba13:93be:33a5:1170,1
sdv-id-fcGpHE,ACC_210,ENT_UK_004,1022.2131288828988,USD,2026-02-02 13:45:56,431c:58be:e09d:b2ca:1740:fa60:d37d:f6cd,1
sdv-id-OUyXNj,ACC_175,ENT_UK_019,64245.37349415345,USD,2026-02-19 07:13:44,2a59:f29e:b1bf:3085:69a9:9ca6:3160:6c4,2
sdv-id-yxyGDW,ACC_194,ENT_UK_011,97181.76470460296,USD,2026-02-16 17:56:29,989d:5edd:246a:405c:aea6:680f:2fc1:366c,1
sdv-id-iZgzDG,ACC_274,ENT_UK_015,140359.02501802926,USD,2026-01-23 13:21:36,5942:d08c:510:335c:b357:9b28:99f9:b10b,2
sdv-id-aoeVYb,ACC_274,ENT_UK_018,112530.1454709608,USD,2026-02-18 23:52:55,81fc:853f:294c:9473:f65a:83fa:9727:f12f,2
sdv-id-tdtAXQ,ACC_236,ENT_UK_017,634608.6407146192,USD,2026-01-31 06:41:54,7e89:226d:e896:25ec:14e7:5acc:cfa2:cd63,1
sdv-id-aOVlRs,ACC_212,ENT_UK_003,85332.08226561605,USD,2026-03-21 05:46:53,e1e5:f31:996e:3b7b:2515:b9ca:f222:cc8d,2
sdv-id-iKRrZP,ACC_150,ENT_UK_007,2825.404394975292,USD,2026-02-11 01:16:06,7123:7863:1be6:a637:d394:ee8c:6beb:85f2,1
sdv-id-GYNAFD,ACC_241,ENT_UK_004,938.181536342812,USD,2026-03-26 16:44:34,fddc:2969:8622:c3ce:6dee:e2ac:90df:b1c5,1
sdv-id-aQZDYV,ACC_110,ENT_UK_007,3892.54662395011,USD,2026-01-30 18:46:26,3b36:138a:2ea0:fcc8:b367:d5b9:3252:cde2,1
sdv-id-eWQilS,ACC_206,ENT_UK_007,2871.006006686616,USD,2026-03-20 07:14:29,2608:fc5:80cb:c0ad:eda0:9158:a650:4131,2
sdv-id-keyRCE,ACC_223,ENT_UK_009,276221.1832024234,USD,2026-03-03 09:09:15,cdfe:6f05:af12:71e2:448f:e977:ac78:2690,1
sdv-id-iNpvqD,ACC_135,ENT_UK_008,1709964.0313542546,USD,2026-01-15 03:51:23,9cce:419b:fcaf:3b4a:3869:79df:4e18:690e,1
sdv-id-wNuiNc,ACC_116,ENT_UK_017,949.9778050909208,USD,2026-02-25 19:43:54,923:7404:2b6:99d9:ca5:d0ef:1a05:f0a4,1
sdv-id-ndTBBj,ACC_158,ENT_UK_004,1386.2671322605886,USD,2026-02-20 08:08:21,62a7:cd18:167:323a:7f05:30a6:816d:b09d,1
sdv-id-ZtXJuh,ACC_116,ENT_UK_017,953.092749934023,USD,2026-02-11 00:41:32,658:44c8:4569:5d27:42ab:364b:f115:4e77,1
sdv-id-SmhKAX,ACC_174,ENT_UK_019,43755.51127771112,USD,2026-02-21 12:22:18,88a0:b9a6:f31b:a19f:4a3e:deb:83ba:e4b7,1
sdv-id-kMLXaa,ACC_274,ENT_UK_004,68736.07902992843,USD,2026-03-11 03:34:03,609f:af29:a46f:7f2e:58d0:4b87:e927:e1fe,2
sdv-id-RzQRRJ,ACC_194,ENT_UK_003,492218.97385093133,USD,2026-03-05 02:35:49,252b:35f5:f4c3:3d9a:f91f:56ff:737a:fe08,1
sdv-id-NErHAT,ACC_180,ENT_UK_004,914138.6544147008,USD,2026-03-12 04:50:59,66fb:667b:4523:c0de:2f4f:26f9:ebb9:1b47,1
sdv-id-LccXnf,ACC_175,ENT_UK_001,2957.80951821657,USD,2026-01-05 10:59:04,454a:fdd8:932:2b4d:78ce:b395:2be3:969f,2
sdv-id-zJkgMP,ACC_212,ENT_UK_019,13723.261134548811,USD,2026-03-14 13:04:04,403c:9e1a:2adf:7089:94ec:6dd3:acf:9220,2
sdv-id-qSsOCr,ACC_150,ENT_UK_010,19420.083222608864,USD,2026-01-31 22:03:24,497:8992:d8f:a602:1690:9a6c:b0fd:a872,1
sdv-id-wTUkwI,ACC_210,ENT_UK_006,97362.92760681042,USD,2026-03-27 19:20:38,11:a24e:2637:1d8c:a9f2:2530:3824:cc00,1
sdv-id-AwLkHM,ACC_289,ENT_UK_010,86193.56457343737,USD,2026-01-30 18:40:51,7c2c:c625:7dd6:76d8:d878:cf2f:1c6d:8bac,1
sdv-id-zOyyzb,ACC_175,ENT_UK_014,296347.5162013126,USD,2026-03-28 04:25:20,2377:dd86:3b49:fcb:9aa0:199d:46c1:257b,2
sdv-id-KMIiuA,ACC_206,ENT_UK_001,437421.20773456624,USD,2026-03-08 00:29:04,66de:28de:e831:3c8d:90df:f3ab:5057:8404,2
sdv-id-JatArW,ACC_180,ENT_UK_014,277681.27163410216,USD,2026-03-31 10:11:38,a965:2c8e:8954:c396:a316:6390:6cae:5f8f,1
sdv-id-aRvGsa,ACC_194,ENT_UK_004,20695.97546905032,USD,2026-03-20 10:40:55,3539:abd9:d3b3:92f8:8226:b9f3:561:bba,1
sdv-id-FxBlfw,ACC_175,ENT_UK_001,19356.627664852567,USD,2026-03-02 17:54:55,83ad:95ab:665c:3cf:7513:3cf:6337:4f2e,2
sdv-id-jxTzYb,ACC_206,ENT_UK_001,5480.122742948056,USD,2026-03-30 05:15:01,8533:c12:c265:1a5e:d2aa:5f6b:3c55:3bf1,2
sdv-id-XwXpTx,ACC_110,ENT_UK_014,218604.58967895783,USD,2026-01-21 17:39:02,f140:db5e:a2d0:c73a:8dfa:3d54:7fc7:e93b,2
sdv-id-sSiowy,ACC_274,ENT_UK_001,71903.13573707145,USD,2026-01-10 11:27:20,6058:2d40:f681:39a9:19ad:3aed:9e32:1238,2
sdv-id-Pwunss,ACC_250,ENT_UK_003,1072219.8956926402,USD,2026-01-17 01:43:00,c84b:f725:fcba:6f9d:32dd:b34:ea59:7444,2
sdv-id-argqng,ACC_194,ENT_UK_013,270464.1393151595,USD,2026-03-02 18:43:25,e208:8e52:3f15:88eb:4d7e:5a2c:f100:988d,1
sdv-id-xJcvSh,ACC_212,ENT_UK_013,42513.13262379576,USD,2026-02-12 10:28:23,bbb0:647f:8dc0:ae01:2dee:a2ea:7ded:a6a7,2
sdv-id-bzVXFL,ACC_212,ENT_UK_002,88971.66344431433,USD,2026-03-10 09:23:59,e9d:d423:1667:27d:bade:3f67:b3f0:441d,2
sdv-id-QXzGEF,ACC_274,ENT_UK_012,4382.4720661213105,USD,2026-03-24 09:36:20,c687:ae0b:3b28:a806:b436:4ef5:baf:2934,2
sdv-id-KnIFsO,ACC_250,ENT_UK_011,262566.0906309077,USD,2026-03-04 17:26:42,5a5c:897:c72:540c:bbe9:f9df:6a01:99f6,1
sdv-id-bPckgV,ACC_274,ENT_UK_018,32367.41592779456,USD,2026-01-21 23:09:30,5037:814:d26f:eb9e:1315:bd4b:38e:a3d7,2
sdv-id-vzGrgI,ACC_174,ENT_UK_014,971.4355795824636,USD,2026-03-21 23:13:49,ab47:82e5:334e:4034:95c8:2acf:53a8:fae0,1
sdv-id-NBPESj,ACC_250,ENT_UK_017,921.3894297950584,USD,2026-02-28 14:18:42,8ca5:34be:750f:5dcd:9e7:e376:90c:3256,1
sdv-id-DxnkPn,ACC_116,ENT_UK_018,114089.54749316737,USD,2026-03-04 13:27:34,4e3f:da3b:17e7:8a70:6505:d7d0:e46a:a21d,1
sdv-id-zCLHDp,ACC_135,ENT_UK_003,109431.91048682982,USD,2026-03-02 19:26:54,425e:d01b:5ef4:35a2:27e8:58b2:3ad3:5948,1
sdv-id-yfQVqA,ACC_250,ENT_UK_003,418692.2470829145,USD,2026-03-27 16:12:14,7b90:d5c0:4f0a:5082:9ce1:3f16:ac2:cdfe,2
sdv-id-pcudPF,ACC_250,ENT_UK_010,3027.0677244256,USD,2026-02-04 23:25:09,a8fb:63a8:a7c0:c8ef:8ba:4934:64e3:470b,1
sdv-id-EGcnKO,ACC_180,ENT_UK_003,1124.301445563844,USD,2026-03-21 22:30:19,79e9:9267:8566:8c9d:346b:17c2:7f2a:2279,1
sdv-id-aNPtUX,ACC_230,ENT_UK_010,421413.3790285219,USD,2026-01-10 19:00:46,e4e5:350b:c67d:8979:fab0:7363:eccf:9bf9,0
sdv-id-QgPTne,ACC_268,ENT_UK_016,56706.945558426785,USD,2026-02-05 02:58:45,2d74:f199:fe81:3e19:fdc4:e8b5:4bf4:6f0e,1
sdv-id-mWUvnG,ACC_194,ENT_UK_016,1676165.2904574473,USD,2026-01-05 05:15:39,dccc:e122:1e2d:d0da:b36a:6ba2:383b:83ce,1
sdv-id-RKAoFp,ACC_236,ENT_UK_019,174732.25931710863,USD,2026-02-01 08:34:58,f034:8e7c:52d4:4b55:52cd:a0cb:d56c:1345,1
sdv-id-JsCsXU,ACC_206,ENT_UK_005,5792.170865111936,USD,2026-03-04 00:12:14,7fea:e240:7cf0:e762:3c54:5fdc:5602:4908,2
sdv-id-lDSOom,ACC_227,ENT_UK_019,12399.575933297469,USD,2026-03-10 11:19:27,8fa9:1ccc:7141:a379:2f1a:4085:4d9f:daf4,1
sdv-id-xMvGbk,ACC_236,ENT_UK_015,49388.522223021195,USD,2026-02-09 15:28:16,319d:59f4:94a3:8c4d:d3e8:62d9:68c:da9e,1
sdv-id-ZMQuni,ACC_212,ENT_UK_009,168832.51455877087,USD,2026-02-28 18:30:25,f90f:9886:eb47:8ee9:e94:9d6b:bcfe:bb21,2
sdv-id-SSsaKl,ACC_223,ENT_UK_004,358510.7420279753,USD,2026-02-02 23:32:06,2230:f8e1:35dc:2aa9:209:373e:118e:b8dc,1
sdv-id-YjsNoO,ACC_144,ENT_UK_014,39137.09476731083,USD,2026-01-17 06:20:23,3234:8525:368c:9f6b:6979:69f0:887:f866,1
sdv-id-IuEpXB,ACC_135,ENT_UK_018,4444.382307537418,USD,2026-03-16 19:03:20,99ee:82a5:f684:8bbf:d2e:ccf4:e918:146d,1
sdv-id-GdHkkx,ACC_109,ENT_UK_014,168919.10309959322,USD,2026-03-20 17:33:41,72b1:f3ae:95de:2514:f5b0:fa97:20c0:4fd4,1
sdv-id-RBXVIu,ACC_283,ENT_UK_003,29275.326627006532,USD,2026-02-17 14:19:38,7b43:2d57:9a3b:c3bd:da50:4c86:db38:4dea,1
sdv-id-BaZVkI,ACC_250,ENT_UK_019,276010.45659038646,USD,2026-03-19 09:08:16,14b1:9195:6af3:7740:5116:a95e:3c7:38e5,1
sdv-id-uVvnAe,ACC_212,ENT_UK_015,55146.246997264265,USD,2026-02-12 04:10:59,1cb1:7591:ca4a:8a83:f6f2:7131:6838:a887,2
sdv-id-HahrMh,ACC_110,ENT_UK_005,25173.2022551118,USD,2026-03-28 19:07:57,c560:326b:97f0:37d9:c2fc:a68c:d01e:b8c5,1
sdv-id-QxYMdJ,ACC_180,ENT_UK_009,455751.94005011616,USD,2026-01-08 14:26:20,e78c:b9eb:f21f:a869:b8e1:3108:4d9d:d2c9,2
sdv-id-dDRMyK,ACC_144,ENT_UK_001,14776.374292537104,USD,2026-03-08 08:24:57,5008:8d0c:e6c8:19a8:f526:5ebc:c255:6555,1
sdv-id-zDbRBF,ACC_289,ENT_UK_017,4309.088493399517,USD,2026-03-28 00:52:46,6d9d:4eef:2e9f:48ad:ffe1:1716:991b:e06c,1
sdv-id-BILHHo,ACC_212,ENT_UK_019,1783.8606484865063,USD,2026-03-31 23:43:14,c7a6:9060:5ca6:1942:dd49:3639:4e53:acd5,2
sdv-id-KnDleD,ACC_236,ENT_UK_019,47110.67768426105,USD,2026-02-13 06:06:11,878f:36d1:9b37:90f8:9ae1:46a7:6a30:f19c,1
sdv-id-JgwJXU,ACC_194,ENT_UK_008,1797.6964632504855,USD,2026-02-16 04:46:24,9795:e861:9a60:9fc8:69ee:564:4bf2:dad1,1
sdv-id-obOgST,ACC_250,ENT_UK_002,753272.9711342871,USD,2026-01-29 04:30:25,4db4:d158:57c4:ffa:9f56:b150:59c1:9074,1
sdv-id-AbvjJQ,ACC_174,ENT_UK_015,1403638.4633805794,USD,2026-03-16 20:23:56,8106:5856:552b:c954:20fa:aee5:d9c5:6a63,2
sdv-id-LSuAnh,ACC_250,ENT_UK_016,144707.02263564483,USD,2026-03-02 07:02:42,d3d2:74f8:6511:819e:1efb:6776:f1e3:7059,1
sdv-id-SaQDcV,ACC_212,ENT_UK_004,132207.04523096065,USD,2026-03-13 23:29:49,2f15:ad46:9f95:af18:9e67:f26c:518d:60fe,2
sdv-id-offJWl,ACC_292,ENT_UK_002,132258.88301258767,USD,2026-03-27 23:36:22,56d0:7087:539a:ba42:e1ab:cdc8:2ce4:f841,2
sdv-id-LUmqZM,ACC_250,ENT_UK_012,490972.6387156519,USD,2026-01-09 08:44:47,63de:bc1e:d12:ca6f:a6b4:7da1:139f:cd3,2
sdv-id-bUFscp,ACC_227,ENT_UK_005,304978.19083151955,USD,2026-03-22 08:13:02,463:a179:17b0:5866:a38f:4fd2:2936:9435,1
sdv-id-rRXMqP,ACC_212,ENT_UK_014,34605.019868403324,USD,2026-02-03 22:13:55,5dc8:20ca:fc27:128d:40f9:928f:af32:861e,2
sdv-id-wUGUKb,ACC_135,ENT_UK_005,115685.60159707656,USD,2026-02-08 00:24:19,562b:9291:cf93:38bf:907e:2670:dc56:e320,2
sdv-id-VYCbie,ACC_180,ENT_UK_010,984.4064376239988,USD,2026-03-25 08:25:34,df93:27fb:b337:ef7b:a8c5:c266:98c7:33e1,1
sdv-id-zovCot,ACC_227,ENT_UK_017,121676.2154955201,USD,2026-03-10 22:49:37,e39a:ad3:7718:dd50:9fc4:115c:99c5:3060,1
sdv-id-YOEKxP,ACC_241,ENT_UK_009,109145.6032769992,USD,2026-03-07 20:32:13,b809:2cf8:3dd:9fb:667c:132a:6ef5:350a,1
sdv-id-BcloWe,ACC_116,ENT_UK_006,8783.945873952805,USD,2026-01-31 02:58:56,f960:8ac9:f3ba:df6e:8fa1:fdd5:fe8c:58cc,1
sdv-id-NZJOnJ,ACC_283,ENT_UK_012,522967.2316356111,USD,2026-03-14 12:29:11,7a0f:fbb9:da19:ef35:90d8:d38:a5c:2381,1
sdv-id-iLKFxl,ACC_206,ENT_UK_009,1301619.7923478629,USD,2026-02-16 18:11:56,b107:acca:3a5a:4e6a:b27:4c0:53bf:853b,2
sdv-id-JXNacg,ACC_250,ENT_UK_014,5690.0792797625945,USD,2026-03-10 16:17:30,e17b:fecc:cc6e:8b27:4281:3342:38ce:47eb,1
sdv-id-iAlaMW,ACC_292,ENT_UK_019,920.807702643365,USD,2026-02-14 17:51:23,b58:e643:97e9:f177:1b8a:16a5:fd40:874e,1
sdv-id-qQewLa,ACC_180,ENT_UK_017,428049.9549966198,USD,2026-01-02 08:10:41,6564:6134:9394:2a1:bd3d:ac2b:385e:33d8,1
sdv-id-ytarND,ACC_250,ENT_UK_005,46070.275529878505,USD,2026-03-30 03:19:48,c206:5dba:8ced:b8f4:6b67:bca1:b293:fd7f,1
sdv-id-QuGzmI,ACC_212,ENT_UK_008,989.8295484234244,USD,2026-03-18 08:24:21,8865:4d14:e88c:f11b:e95b:2097:b80:379,2
sdv-id-qfDBFZ,ACC_150,ENT_UK_012,1859.54530278158,USD,2026-01-07 15:23:25,7d30:c4c8:54a2:7946:1208:4008:803f:ea83,1
sdv-id-BFiWCP,ACC_180,ENT_UK_011,56874.20598449721,USD,2026-01-24 10:08:09,adc8:cda8:3635:1aaa:c9d8:808c:6a94:4446,2
sdv-id-ncGSiq,ACC_174,ENT_UK_010,1338910.6382105537,USD,2026-01-08 20:43:46,ed60:7d39:1d15:9420:60fc:7ffd:db87:1f65,1
sdv-id-saUbUh,ACC_212,ENT_UK_009,290097.35589492554,USD,2026-03-07 23:34:20,935a:febc:89c1:32b8:cca0:a3:90e7:d1b5,2
sdv-id-yNdnje,ACC_250,ENT_UK_006,106900.2023610127,USD,2026-03-21 18:22:18,5045:71d2:25d9:81ae:1f6:c35d:2eab:2fab,1
sdv-id-MGgJnM,ACC_212,ENT_UK_007,941.5806459467464,USD,2026-03-18 06:02:58,5fc7:2d87:9fcc:f9ce:6776:3571:52b1:a4f5,2
sdv-id-vtkZIT,ACC_227,ENT_UK_007,163885.2989859132,USD,2026-02-02 19:10:14,2e04:b53d:f537:8903:b86c:ec4f:9769:4ae9,2
sdv-id-PbSNoI,ACC_206,ENT_UK_009,147854.55713934873,USD,2026-01-03 09:13:07,dd60:f2d5:9d10:26a3:be0b:819a:4fb9:825f,2
sdv-id-VQOXEa,ACC_283,ENT_UK_002,1027579.0647666786,USD,2026-01-06 23:51:12,c1f7:47ed:9814:8f25:b68b:8522:4886:a83f,1
sdv-id-LvEdLh,ACC_135,ENT_UK_017,57237.67496784035,USD,2026-01-19 23:30:36,37d8:e33e:8ba0:4c99:a7cb:c03a:f6c6:7214,2
sdv-id-gzsNvP,ACC_268,ENT_UK_012,14721.202813503924,USD,2026-03-26 22:13:52,1006:d986:7d7f:f8e4:adfa:b11d:9057:a382,1
sdv-id-qBYHgH,ACC_283,ENT_UK_001,125748.87588492602,USD,2026-01-04 22:23:19,2ed5:b778:80bc:b164:c378:c3cd:5edf:197,1
sdv-id-qQxZIC,ACC_144,ENT_UK_008,181418.7626866996,USD,2026-03-02 05:17:18,215f:1697:8be6:8c4f:2f15:35a4:f78e:b8f1,1
sdv-id-jRSrpe,ACC_227,ENT_UK_019,888810.95545487,USD,2026-02-04 07:44:06,56e1:651d:ef7d:2454:2696:a460:e989:7078,2
sdv-id-wmmDyF,ACC_241,ENT_UK_016,280964.69767372333,USD,2026-03-03 10:51:49,81a5:bbf1:5819:ec7d:c6e9:c031:e9e1:762d,1
sdv-id-dbuVOk,ACC_240,ENT_UK_010,586483.2279219946,USD,2026-01-19 17:44:42,8aef:5786:eed7:e50c:8845:787e:3ab8:9db1,2
sdv-id-RZLtlo,ACC_250,ENT_UK_009,456488.2103620408,USD,2026-03-27 10:23:04,b229:efa:b591:5420:7a39:3f32:34de:77d8,1
sdv-id-lqOWUQ,ACC_236,ENT_UK_009,54387.3128373215,USD,2026-01-13 17:29:17,a5e7:4792:185d:7c6b:10ee:c668:6cd:28c7,1
sdv-id-fvWuYd,ACC_206,ENT_UK_016,395435.1015260884,USD,2026-01-17 09:49:03,e3fa:ca91:ef87:b1a2:51da:a3eb:b4a3:57ed,2
sdv-id-RkYVKH,ACC_110,ENT_UK_003,951.0240860604828,USD,2026-03-30 02:18:09,8e3:1911:a327:b80c:a584:fcfc:3196:a957,1
sdv-id-UUuORp,ACC_135,ENT_UK_002,117288.09236921991,USD,2026-03-20 13:21:53,b925:589a:25b4:8e36:48ed:b95f:39b3:35f5,1
sdv-id-MuCAVG,ACC_150,ENT_UK_001,30153.441396845123,USD,2026-03-21 03:05:44,2350:ec3a:cc77:2ade:6bfb:9762:ef43:7c63,1
sdv-id-IuptXK,ACC_212,ENT_UK_008,239561.7052077422,USD,2026-02-06 11:44:08,103c:f12:2043:aefe:feac:f6dc:7bab:bae8,2
sdv-id-tIymVh,ACC_236,ENT_UK_009,9301.666005709832,USD,2026-03-30 18:05:42,f92f:3394:261a:424d:9aff:2b5b:4787:de9f,1
sdv-id-oUgmTN,ACC_236,ENT_UK_002,871765.8606351096,USD,2026-03-30 11:09:29,797b:150b:2ffc:8747:eb09:686d:dea1:4492,2
sdv-id-KTZVMK,ACC_206,ENT_UK_010,130407.68728700528,USD,2026-02-17 06:25:43,1aac:3a88:c719:acc7:f9b8:79d1:6cf4:cc9,2
sdv-id-dloZAr,ACC_250,ENT_UK_004,5638.018995871978,USD,2026-02-15 13:43:16,b65b:e2c8:da64:7e72:418f:5667:fce2:1be8,1
sdv-id-PcItLp,ACC_268,ENT_UK_014,4902.437162999314,USD,2026-03-13 11:49:14,dad2:ab77:e97b:ac97:3b33:d716:4ede:b30a,1
sdv-id-QIyRJk,ACC_241,ENT_UK_009,43534.776794998055,USD,2026-03-02 00:45:06,bb4:9037:8c90:9011:546f:6d57:9c81:391b,1
sdv-id-sSWtsO,ACC_210,ENT_UK_003,289991.37006621016,USD,2026-03-02 06:04:42,324f:9c7c:3a68:c135:6640:2b38:e232:d823,1
sdv-id-oWpbhm,ACC_135,ENT_UK_008,510153.7886053326,USD,2026-01-29 07:06:55,f1f3:8dbc:4b78:e8bf:dae6:228e:7bec:a46f,1
sdv-id-rtPfZU,ACC_158,ENT_UK_003,516740.08267875295,USD,2026-03-19 22:40:57,d126:d776:3dfd:6d83:619c:a8a1:a4c:4bf4,2
sdv-id-DAVHWn,ACC_116,ENT_UK_011,3177.225542196086,USD,2026-03-29 08:30:24,5028:32f3:2922:3dd:3fbb:2bee:c72f:4fc2,1
sdv-id-SHzmIj,ACC_212,ENT_UK_012,125250.51313213503,USD,2026-03-02 00:56:47,38fa:fc0a:e70a:9262:b575:dea5:1cb8:bb56,2
sdv-id-MyPdxP,ACC_227,ENT_UK_014,937.9768833221912,USD,2026-02-17 11:22:43,f4cb:9bb6:3c8b:ffdb:679d:8362:1202:5b46,1
sdv-id-xqHnbp,ACC_212,ENT_UK_001,1061.5034318646087,USD,2026-03-29 07:04:57,f981:e532:4945:f1d3:4f0c:f41e:e5f0:9ca6,2
sdv-id-BLfqbq,ACC_227,ENT_UK_006,509302.935033942,USD,2026-03-07 20:33:09,529d:3423:c4b1:dae5:57ce:a8d8:dcf2:40d9,1
sdv-id-qJIGVZ,ACC_174,ENT_UK_007,165253.93418903067,USD,2026-02-13 08:59:56,f126:5fbe:24f1:7f93:c774:d730:cd3d:2e4e,1
sdv-id-yLhWUE,ACC_212,ENT_UK_005,25018.349569438626,USD,2026-02-25 03:12:15,5341:9b65:37da:a023:fc2a:85f4:9071:de7f,2
sdv-id-wCqfVc,ACC_135,ENT_UK_017,1167.6204765678333,USD,2026-03-02 07:08:39,b28a:4860:9292:ef64:bd0:620e:4397:e93a,1
sdv-id-CkQThN,ACC_227,ENT_UK_015,65891.58343919052,USD,2026-01-04 20:08:48,f25d:1995:bcc2:6479:96c3:69a9:7a28:7a65,1
sdv-id-eRqeJk,ACC_227,ENT_UK_014,297365.2466571389,USD,2026-03-01 02:41:36,4129:c2e3:5bcc:2391:2ade:d28a:3840:32de,2
sdv-id-HfSjYf,ACC_110,ENT_UK_003,29417.72534347415,USD,2026-01-16 04:16:22,706e:94cc:e681:9f9:dd1f:bd90:3925:e98,1
sdv-id-ysupNR,ACC_250,ENT_UK_004,78269.63178976535,USD,2026-02-23 12:11:14,1612:19fa:3260:569c:343e:e55e:8aec:f7a6,1
sdv-id-jTPGfw,ACC_116,ENT_UK_005,616988.3443835429,USD,2026-01-29 12:40:52,368f:877d:328e:e855:558f:8b70:612c:e98,2
sdv-id-ydZSed,ACC_274,ENT_UK_017,240184.49946292743,USD,2026-03-12 20:54:43,c7eb:e23:827f:1ec7:f302:80e4:9d13:ef59,2
sdv-id-JMsOKk,ACC_212,ENT_UK_007,920.91090662397,USD,2026-02-23 07:33:21,cda8:af5e:aed6:388e:b953:f7ae:49ef:64ff,2
sdv-id-FjMuuG,ACC_110,ENT_UK_009,555916.3640025683,USD,2026-01-03 10:59:32,122b:6a0a:f143:5e9e:17ac:e22d:3751:7d9e,2
sdv-id-dTwkFU,ACC_283,ENT_UK_010,1561.0623099011484,USD,2026-02-01 19:59:49,1dfd:83bf:ebdd:35f6:923b:fd46:b397:2de7,1
sdv-id-xawPgg,ACC_236,ENT_UK_005,1171430.6474519523,USD,2026-01-20 15:28:42,253f:233e:3be4:e994:9d27:760b:3084:f063,1
sdv-id-ZQlrRw,ACC_158,ENT_UK_001,6311.656047802414,USD,2026-03-19 06:44:12,4269:390a:e5b9:7247:dd51:b350:7ede:b3d4,1
sdv-id-GoJNCx,ACC_180,ENT_UK_010,8358.02765623367,USD,2026-03-24 12:16:11,dfcd:1329:764f:ffb7:95ba:6b9d:a1e3:e2f7,1
sdv-id-BCKLXm,ACC_212,ENT_UK_012,20903.57375088161,USD,2026-03-28 00:25:02,935e:bf77:234d:51bb:bd6f:6d3f:6074:f527,2
sdv-id-apwdGA,ACC_194,ENT_UK_001,105463.96586113267,USD,2026-03-17 22:20:15,d696:1ce5:1f43:f2e9:e9da:6bed:f922:e134,1
sdv-id-aJpmJM,ACC_250,ENT_UK_008,164068.40476130435,USD,2026-02-26 12:52:11,161d:7448:ee0f:4896:77a2:d8eb:bd8c:aa8b,1
sdv-id-wYCksN,ACC_268,ENT_UK_003,132027.78264782313,USD,2026-03-10 15:58:44,7f49:e73a:79cb:f43e:842c:89ea:41ea:e167,1
sdv-id-cWECVx,ACC_206,ENT_UK_009,825890.1306325174,USD,2026-02-12 22:49:38,9dd2:18fe:bdd6:5d5e:25d0:607:6cee:fb17,2
sdv-id-NTljnc,ACC_212,ENT_UK_017,60355.07858092386,USD,2026-03-18 16:24:43,9a53:dabc:f7b7:59a5:ad2e:9a31:4ad6:2f8e,2
sdv-id-BIwyIQ,ACC_206,ENT_UK_006,79334.01361103539,USD,2026-02-09 16:36:32,e62f:d133:ae9e:f588:f7dd:7583:13d1:37f8,2
sdv-id-bFIYAG,ACC_180,ENT_UK_002,731690.2015620522,USD,2026-01-13 00:18:39,345d:9b78:3b57:c07b:2927:51f4:29e3:57ce,2
sdv-id-xJHgVc,ACC_206,ENT_UK_013,32145.563590716145,USD,2026-01-02 06:04:30,4999:81c9:bffb:d38b:5981:c1f9:727b:4623,2
sdv-id-nXXBex,ACC_135,ENT_UK_001,120765.07466596329,USD,2026-02-05 14:35:38,b656:3803:f553:698a:1ece:90df:8765:24c7,2
sdv-id-CYTXCB,ACC_250,ENT_UK_013,332506.546233274,USD,2026-01-03 05:20:22,825e:4426:e429:5b8:c690:786d:44df:c8d6,1
sdv-id-awhUPk,ACC_236,ENT_UK_001,495054.2507676109,USD,2026-02-16 10:26:22,fa42:5761:c341:9aac:a280:bf9e:c13f:16d5,1
sdv-id-OOdTXj,ACC_180,ENT_UK_006,159241.28365600872,USD,2026-03-26 11:05:35,5aba:991b:f3d8:ceaf:699d:c3ed:d68d:4bb7,1
sdv-id-IVNzNT,ACC_241,ENT_UK_014,215918.86894852,USD,2026-03-08 05:47:58,c3ee:7ad0:ce5b:55:e99d:776b:61e:efad,1
sdv-id-vpMzmS,ACC_227,ENT_UK_013,174075.22851059874,USD,2026-01-20 06:02:16,8526:c03a:a20b:64fa:3e00:6d6d:50d3:bfd,1
sdv-id-JrNUbF,ACC_206,ENT_UK_013,5044.614252260501,USD,2026-02-08 19:42:53,30fd:8f3:85b7:e7d9:6cf5:71f6:b4c:278f,2
sdv-id-nspFFT,ACC_110,ENT_UK_007,958.0632735073402,USD,2026-02-27 14:50:42,d4ce:d8e6:cd4e:fcf4:9f45:cc1b:5590:f7c9,1
sdv-id-HdOSbj,ACC_223,ENT_UK_019,31830.02829790826,USD,2026-03-29 19:12:01,256a:d19f:6a5f:8aff:6036:2eba:4f7a:bb8b,1
sdv-id-IabaXQ,ACC_227,ENT_UK_003,486538.2136634454,USD,2026-03-29 18:20:20,4cc6:2060:cc10:3137:8014:c68c:67b1:561b,1
sdv-id-uBPHgY,ACC_180,ENT_UK_002,1000.2206120845292,USD,2026-01-29 17:27:47,ff95:e3e9:2498:9cb7:94e1:10c3:1b9a:1177,1
sdv-id-ORgvjd,ACC_206,ENT_UK_004,100637.22616757826,USD,2026-01-08 20:40:12,e772:2d5d:3dd4:265b:e51:39a5:2ca5:4501,2
sdv-id-iCaegW,ACC_110,ENT_UK_004,1033.1433767075182,USD,2026-03-02 09:51:23,33b2:7dce:29b3:6c3d:5acb:c71b:25e2:b968,1
sdv-id-FCpwPS,ACC_194,ENT_UK_007,83520.81667974661,USD,2026-03-10 23:44:36,7332:a72f:b193:e355:241d:9b5:86ec:f822,1
sdv-id-arNhJC,ACC_206,ENT_UK_005,102072.2625772384,USD,2026-01-25 06:07:05,17eb:bb08:f1d8:a91c:80be:d6e3:ed4d:5a1e,2
sdv-id-RLzLzz,ACC_236,ENT_UK_019,147457.55460901195,USD,2026-02-12 11:18:41,c63f:6530:b205:3083:ad3c:4f88:e30b:6d58,1
sdv-id-JdATcM,ACC_151,ENT_UK_014,931.4985845943258,USD,2026-01-20 14:41:17,dd7e:a9f4:4c50:276:409b:9ffc:8dd:dee9,1
sdv-id-PSlUxi,ACC_212,ENT_UK_009,936.5908384998868,USD,2026-04-01 07:25:18,d9ce:1e20:c2ce:671d:e38d:7e9:7f0f:f663,2
sdv-id-qIRrJb,ACC_223,ENT_UK_011,1019.956195155366,USD,2026-02-01 03:34:22,47b3:f595:e47b:c7e7:8328:75fc:9cef:ec0a,1
sdv-id-CxZIzP,ACC_289,ENT_UK_009,964.286475667306,USD,2026-03-24 11:28:05,868:c330:6464:856a:94f4:c58a:5d94:cbc,1
sdv-id-PwEhKn,ACC_250,ENT_UK_016,8407.129983429151,USD,2026-03-26 10:33:32,918d:923:910c:960a:1c5b:4107:3a4d:dc7,1
sdv-id-LfcqAf,ACC_236,ENT_UK_010,17728.007571952337,USD,2026-03-20 21:48:44,a3c7:8edd:98fc:1046:46f4:7328:6973:7e2a,1
sdv-id-ryrTAu,ACC_174,ENT_UK_001,254015.7171775117,USD,2026-02-14 21:54:08,db9e:195c:82d6:e7a5:ad92:1353:e67a:752d,2
sdv-id-lPynse,ACC_236,ENT_UK_018,50990.73859266404,USD,2026-02-26 19:11:00,1a4c:d8d0:c328:7fa7:9327:b0c7:6f25:5cd2,1
sdv-id-DWRxjG,ACC_206,ENT_UK_009,43805.86253021241,USD,2026-03-11 13:00:08,14a3:9cec:4708:54bb:a337:72a0:4f1c:b664,2
sdv-id-PSsTpX,ACC_236,ENT_UK_003,11365.596648180746,USD,2026-02-04 14:18:36,acf:54cd:3396:920a:f542:87de:72c4:65a3,1
sdv-id-NKCMwO,ACC_180,ENT_UK_001,928.515527678307,USD,2026-02-19 11:19:35,972e:9fd1:8cc7:c2f6:5b31:a2dd:1550:af87,1
sdv-id-vuBbAQ,ACC_212,ENT_UK_018,12684.902552995483,USD,2026-03-17 03:16:34,71ec:ca6b:55d4:617d:d3e9:b391:2221:32b2,2
sdv-id-iUFnWB,ACC_212,ENT_UK_010,940.739589793994,USD,2026-02-09 08:55:26,3030:3528:401a:4020:77a8:2d7c:e9a3:e25a,2
sdv-id-dRVynW,ACC_250,ENT_UK_012,104584.58534373745,USD,2026-02-27 03:45:05,1894:16c3:ccc4:ca75:cbe7:df65:4c0f:df65,1
sdv-id-WxTjnW,ACC_135,ENT_UK_019,659542.359040215,USD,2026-03-28 06:54:27,5fc8:4648:79d9:cdf6:225c:a83c:34e5:14,1
sdv-id-LcLJnM,ACC_236,ENT_UK_015,3367.5045563417943,USD,2026-03-16 09:01:08,60b7:9f5a:5138:1ec8:41fb:ea88:cfe4:b08e,1
sdv-id-nvanUG,ACC_283,ENT_UK_015,111222.9741178628,USD,2026-02-14 18:12:45,6460:5605:4d7e:258a:6417:f538:4696:d0fc,1
sdv-id-ZldmFK,ACC_116,ENT_UK_019,165313.3296724079,USD,2026-01-18 12:41:00,d556:3c27:d50e:e8ce:23ed:3ed5:2903:2297,1
sdv-id-LnIbaz,ACC_206,ENT_UK_005,114138.72981361346,USD,2026-03-08 17:33:11,abe:1610:3a1d:741d:5250:238b:b335:2041,2
sdv-id-AbWozq,ACC_110,ENT_UK_006,39684.59010344697,USD,2026-03-06 02:11:27,7e0f:e682:3ed6:a36a:6347:3ea6:f0c0:defd,1
sdv-id-tdfRyn,ACC_206,ENT_UK_006,153544.73051449287,USD,2026-02-04 06:31:47,224a:9148:752c:eb0e:39cf:f5ac:a997:66ca,2
sdv-id-oykLBZ,ACC_283,ENT_UK_012,11673.035114315277,USD,2026-01-10 07:16:18,6421:a9a0:b570:42f1:4db6:66b7:5c6c:f547,1
sdv-id-rWnQeI,ACC_283,ENT_UK_009,478577.0181444679,USD,2026-01-29 01:56:55,4a8d:3fa:5b98:89c5:537a:c986:8fa7:200c,2
sdv-id-QAyUdF,ACC_148,ENT_UK_012,20142.517261377176,USD,2026-01-12 04:35:08,2825:b97d:6ce0:e09d:2725:88ca:7a0e:166a,1
sdv-id-LazBkU,ACC_227,ENT_UK_011,1208.1701370068977,USD,2026-01-04 21:06:40,4088:810d:c775:369a:5e05:ab3:1754:9214,1
sdv-id-sNnQCm,ACC_194,ENT_UK_009,1102.3025215676212,USD,2026-01-25 12:14:32,ea92:606c:25f2:d6bf:c4f7:4097:e887:e327,1
sdv-id-RYqYFI,ACC_174,ENT_UK_001,2370.481022801311,USD,2026-02-05 15:39:53,cce3:eb8d:53c4:dcee:a7c7:4cf9:b55c:9be7,1
sdv-id-zSHPxX,ACC_206,ENT_UK_002,1460.9160418415786,USD,2026-02-18 03:27:16,33e9:c455:64f8:f0fa:41aa:a666:eccf:2a82,2
sdv-id-aMGKQU,ACC_236,ENT_UK_006,1849.6415202319672,USD,2026-01-07 07:52:43,1860:717f:b6e0:7231:868f:7e1:6220:2235,1
sdv-id-CUMXfL,ACC_212,ENT_UK_019,329809.06327787467,USD,2026-02-27 09:03:58,71e1:f76d:7e69:91b5:f2ca:d0:2761:d79c,2
sdv-id-SxSFgP,ACC_180,ENT_UK_002,17488.84969396147,USD,2026-01-18 13:15:48,9ac3:734c:fa45:68fc:1bbf:5222:c12a:5c18,1
sdv-id-FoTiJB,ACC_227,ENT_UK_007,465376.7999572307,USD,2026-03-23 00:53:41,c2c2:9edc:5856:3225:1a2:24c9:9fc3:97a3,1
sdv-id-hKCPUQ,ACC_241,ENT_UK_017,492858.406518583,USD,2026-03-09 19:41:58,8f15:8015:1664:5988:bdec:b411:9637:85d8,2
sdv-id-enGGIM,ACC_144,ENT_UK_007,525015.4422402598,USD,2026-02-04 17:57:48,3d5b:20e:9fa8:fef7:f504:e179:6dac:74b,2
sdv-id-sitXpl,ACC_212,ENT_UK_018,227633.00574544977,USD,2026-03-03 07:43:26,79ca:3932:7a03:ab83:e1bf:e582:5138:52b4,2
sdv-id-MksZux,ACC_135,ENT_UK_003,17838.007540153725,USD,2026-02-06 14:53:22,d7c3:48f7:8517:28d1:82d5:2ebd:2102:4e04,1
sdv-id-IWgtWw,ACC_268,ENT_UK_006,33771.32685549708,USD,2026-03-15 06:40:36,8c6f:8e09:de97:ebae:edb2:2291:1acc:58b1,1
sdv-id-MCDjcu,ACC_194,ENT_UK_008,64878.04025704273,USD,2026-03-25 14:31:41,39a6:e7d8:78cc:8727:7e4c:3433:8a1b:2727,1
sdv-id-OvUaGE,ACC_148,ENT_UK_019,448281.3784286744,USD,2026-03-20 08:45:52,e78f:7695:30d7:8b78:a80e:7861:d2c3:f2c,1
sdv-id-XdkxDs,ACC_180,ENT_UK_013,278359.7544036133,USD,2026-02-18 11:02:31,b270:76fb:8169:b118:d353:3c26:6026:a621,1
sdv-id-wAROPc,ACC_236,ENT_UK_019,155898.4188975706,USD,2026-01-28 23:08:34,522a:d0e5:3ad8:61ee:12b6:e611:917a:64d0,1
sdv-id-aYmaUQ,ACC_250,ENT_UK_009,214025.487607714,USD,2026-01-04 21:54:39,ecd6:780d:b5c:5082:dcb5:1bb8:d4f1:29c3,1
sdv-id-QxdFMd,ACC_250,ENT_UK_016,66072.97081288953,USD,2026-02-23 16:50:19,e8dd:e5b4:9d72:de:7c1f:f502:e587:cb20,1
sdv-id-yyfnnJ,ACC_212,ENT_UK_018,663021.4831898302,USD,2026-02-01 00:51:56,1113:8e66:dd63:1c95:bb91:5eba:9c55:b07c,2
sdv-id-XoAyzZ,ACC_212,ENT_UK_015,905572.2074759464,USD,2026-03-31 07:51:59,a508:b349:b3d8:9ba6:ab81:17c2:17e3:a650,2
sdv-id-RpscUp,ACC_250,ENT_UK_019,181398.90221591192,USD,2026-01-25 19:54:07,d86a:412e:fc97:60d9:af91:6dfa:eb00:e721,1
sdv-id-TKkxmz,ACC_110,ENT_UK_006,115610.52386277476,USD,2026-01-17 09:31:34,5b8:edc9:f9bf:7019:d958:e636:3678:a0b0,1
sdv-id-fxlrBM,ACC_236,ENT_UK_013,968.9090491665104,USD,2026-03-12 06:00:20,3d81:4f1:ad6c:4c60:5694:370a:392c:d35e,1
sdv-id-dFuiYw,ACC_227,ENT_UK_014,4729.875884096899,USD,2026-02-27 12:08:29,8ec3:144e:a66f:8cbb:2615:3390:411d:3c9c,1
sdv-id-QeCWhc,ACC_227,ENT_UK_005,50931.71562729039,USD,2026-02-28 08:51:47,c54e:af0f:ad37:cac2:4edf:bc11:30cb:98a8,1
sdv-id-SccDrW,ACC_136,ENT_UK_005,932.565215775502,USD,2026-03-02 20:56:39,7591:cec7:e1ac:d90b:3449:7f7f:568e:b7e2,0
sdv-id-fYXCuP,ACC_202,ENT_UK_011,3904.817263891791,USD,2026-03-13 21:38:13,6bd8:e8b4:90ed:e55c:ebf0:4303:4318:8f09,2
sdv-id-IPosuY,ACC_227,ENT_UK_008,1161000.4565142305,USD,2026-01-09 17:35:04,62cf:1a1:3669:ecc:4b8:6d75:136a:cd4b,1
sdv-id-nRHORw,ACC_289,ENT_UK_019,989.9220409441804,USD,2026-03-09 23:51:04,c477:a841:c5ea:3076:d9d5:7732:5a58:b0da,1
sdv-id-ITiiWy,ACC_194,ENT_UK_014,7383.715246570463,USD,2026-03-04 06:04:11,7cc6:9547:2765:c935:4f1c:bd4f:697f:d20b,1
sdv-id-rdtSFl,ACC_250,ENT_UK_019,919.6908247675824,USD,2026-02-28 15:15:52,cd94:c6d4:d2ce:8f8b:c50:cbb4:57c7:c1dc,1
sdv-id-RApXTL,ACC_116,ENT_UK_017,22309.972701285373,USD,2026-03-14 12:15:18,6c12:5c02:45fa:8027:e3ab:52be:2358:71d3,1
sdv-id-pNykOX,ACC_144,ENT_UK_005,219793.39231323588,USD,2026-03-23 06:45:17,8f34:97c4:6707:71a1:4f6e:7b09:64c:b4ce,1
sdv-id-nJpgcS,ACC_236,ENT_UK_014,16621.193220785142,USD,2026-01-16 10:23:32,e388:33b4:483b:d643:e711:3415:b061:a496,1
sdv-id-mDqUww,ACC_227,ENT_UK_013,1495.8632255463915,USD,2026-01-05 21:37:39,cf57:1a97:bdf3:7d09:d1c:fc65:3532:3c40,1
sdv-id-sEaMqY,ACC_110,ENT_UK_006,271134.262821938,USD,2026-02-08 05:26:34,a28e:797b:4d1c:8b83:c84d:f5cc:6d2d:a432,1
sdv-id-fWLjaR,ACC_212,ENT_UK_013,918.9817663751836,USD,2026-01-05 07:41:39,e7dd:e4e3:7d4a:8b84:437d:4df4:2b4a:6208,2
sdv-id-kgJMUt,ACC_283,ENT_UK_007,947.63584851818,USD,2026-03-06 10:25:12,bbd6:8771:7866:2745:9db6:e417:6bb1:2050,1
sdv-id-BbwRBA,ACC_227,ENT_UK_005,594447.0206932836,USD,2026-02-10 07:25:47,b7e1:8885:e2a:1ba2:7948:5c92:6b05:c5f6,1
sdv-id-rDEBLw,ACC_250,ENT_UK_017,194274.02809407865,USD,2026-02-23 09:41:41,ac0a:d16b:2ece:d14a:95cc:96df:85d8:dff1,1
sdv-id-BIuxkk,ACC_227,ENT_UK_016,13255.973725616728,USD,2026-01-12 10:00:31,aa6e:4be4:61bc:562:fe47:8975:61eb:c8e4,1
sdv-id-XMTuzz,ACC_277,ENT_UK_001,109163.7685513318,USD,2026-01-13 22:04:49,afa0:5ecd:bbb5:e1b8:dd4f:f4ce:1363:d390,1
sdv-id-HerbNZ,ACC_236,ENT_UK_009,728779.4958196488,USD,2026-03-05 00:26:29,1a5d:69ee:3cc3:f931:73cb:f4f1:10c9:618d,2
sdv-id-HXRNUs,ACC_250,ENT_UK_016,1429.259758862304,USD,2026-03-27 16:46:11,be1a:a7c8:135a:face:349b:c950:b873:a62e,1
sdv-id-AUgdzn,ACC_194,ENT_UK_012,1071.8387736939872,USD,2026-01-12 12:47:43,1dea:6147:c0e1:8565:3675:430:499b:1d3d,1
sdv-id-KuqKcz,ACC_116,ENT_UK_010,281396.00084601896,USD,2026-01-02 06:04:45,441b:966d:5298:9f46:c77f:ea13:8fa5:b5d0,2
sdv-id-KxzGeI,ACC_180,ENT_UK_012,33991.67680755661,USD,2026-02-06 23:38:53,a8e9:1e5f:29e1:4fe:790a:4ef4:527b:4a13,1
sdv-id-WhGZQz,ACC_250,ENT_UK_011,18300.518979479613,USD,2026-01-03 07:35:41,824e:9f14:26a4:ffd3:8c87:e3ba:1dc9:747a,1
sdv-id-vyLsEQ,ACC_174,ENT_UK_017,322656.0266227212,USD,2026-03-22 12:45:04,784d:6842:d12d:1bb3:3abb:dbb7:d619:24ce,1
sdv-id-eoFIXt,ACC_236,ENT_UK_006,67418.2269717987,USD,2026-03-27 21:34:41,cedd:9c3:d1df:732e:5245:8b7f:f022:7b5b,1
sdv-id-amRjPk,ACC_241,ENT_UK_018,62086.81074481608,USD,2026-02-25 17:45:56,b59f:53f:7ee7:30b2:ee90:77c3:5043:48a1,1
sdv-id-xAhMXG,ACC_110,ENT_UK_004,67240.74243041404,USD,2026-03-27 06:00:13,abb3:5fe3:3bdf:eaed:ba01:eab7:7b8f:b36,1
sdv-id-kPcBha,ACC_180,ENT_UK_009,21625.392722637407,USD,2026-03-18 04:58:23,a4c2:122a:abb1:e302:c04f:73ea:95cc:2b47,1
sdv-id-JzUxjj,ACC_158,ENT_UK_015,497984.98416030855,USD,2026-02-16 08:59:26,f6b:bae0:e653:bcbd:136a:ea31:cd44:9b80,1
sdv-id-DmnuMc,ACC_175,ENT_UK_007,60342.99722309416,USD,2026-02-11 02:51:58,a909:a5ae:3a2e:6b9:900:2f21:5716:79ff,2
sdv-id-xwqXGQ,ACC_116,ENT_UK_016,62748.747315932145,USD,2026-01-01 21:49:21,808a:863f:e6b1:6a0:6bbb:8c80:8c22:ac11,1
sdv-id-SJCPeP,ACC_135,ENT_UK_005,62203.892168142,USD,2026-02-07 12:23:07,26e3:296c:7eff:33bf:3852:a6:5a2:bcae,1
sdv-id-oWwOeW,ACC_236,ENT_UK_005,104562.2406718283,USD,2026-03-07 04:11:52,bbd0:e9d:3498:a74d:113e:9c68:e5f0:f54d,1
sdv-id-cyCsfB,ACC_292,ENT_UK_013,299165.908981696,USD,2026-03-21 15:15:42,2766:8b06:4f65:f660:736f:8d00:d7a0:e350,1
sdv-id-fIiBwU,ACC_206,ENT_UK_016,1781.7599295280854,USD,2026-02-20 16:55:23,c026:96ef:1c3f:4991:cd45:94fe:1e41:ffb3,2
sdv-id-hGwhHI,ACC_236,ENT_UK_014,7921.360743380093,USD,2026-03-29 12:44:38,74ee:4c64:7af7:7475:bf9:b457:8bbe:a6d6,1
sdv-id-CYRvpg,ACC_180,ENT_UK_009,65763.10207477101,USD,2026-04-01 19:46:18,9622:8ca8:2170:879e:173:87d5:ada4:643b,1
sdv-id-vebDdl,ACC_227,ENT_UK_018,412903.58562245994,USD,2026-02-20 08:49:44,a831:ead5:ffe1:e252:db60:7e99:3595:707b,1
sdv-id-lvQVvI,ACC_236,ENT_UK_005,90916.36976438967,USD,2026-03-26 13:11:47,981a:3bb9:f9b8:2e9:7682:1a53:bd8a:c0d9,1
sdv-id-aUMGtb,ACC_112,ENT_UK_016,174216.61780215814,USD,2026-02-03 22:30:04,a602:7071:5270:ebcd:56b1:c124:457e:d4ae,2
sdv-id-SioPMR,ACC_174,ENT_UK_011,250283.902341514,USD,2026-01-11 04:05:08,dc07:be94:9865:1c2d:fdef:45d5:fcc2:bf78,1
sdv-id-yQGigo,ACC_283,ENT_UK_017,128080.15753541894,USD,2026-03-19 19:50:28,56a1:88c8:56ab:48f:b95b:e665:b5e9:37df,1
sdv-id-GTxlef,ACC_150,ENT_UK_002,8500.299809396327,USD,2026-03-25 13:54:59,89da:99e8:bc2d:5b21:e01e:2aeb:7d2b:7bc2,1
sdv-id-jxzbIS,ACC_109,ENT_UK_007,50565.0292732749,USD,2026-02-18 18:16:05,1840:f1a4:1666:6559:741d:ab48:3e51:c188,1
sdv-id-fQBBpm,ACC_274,ENT_UK_010,98993.70441109582,USD,2026-01-09 23:37:46,e3bf:9a77:222d:c920:51f8:281a:d8bf:84ad,2
sdv-id-IjUkUz,ACC_212,ENT_UK_008,5828.9992797699415,USD,2026-03-23 17:57:24,7940:4c83:b5b7:a16f:44fe:a415:592f:65a0,2
sdv-id-eWniXn,ACC_277,ENT_UK_014,68110.74024429586,USD,2026-03-31 00:33:59,2b5f:da57:d839:b067:17fe:a697:1d6f:f8f,1
sdv-id-oTAedN,ACC_110,ENT_UK_010,6861.7641600925135,USD,2026-02-28 22:36:28,fb08:8d79:c12e:d1cc:5aa3:f6c7:232e:d8b5,1
sdv-id-ceRyBY,ACC_135,ENT_UK_015,569990.7457718536,USD,2026-02-02 08:41:05,463a:a960:2358:8e5a:bcb1:4439:1b64:5aea,1
sdv-id-tFjPpI,ACC_283,ENT_UK_001,29948.580656733226,USD,2026-01-27 22:30:38,fa4:8957:393a:d4c4:c702:3862:cc51:69a8,1
sdv-id-iRZJoE,ACC_180,ENT_UK_017,252765.0375807713,USD,2026-02-18 15:56:32,b366:fcfb:6b5a:8f66:14c2:3ee8:c2bc:edb6,1
sdv-id-mIuhQL,ACC_241,ENT_UK_018,13135.184288339422,USD,2026-03-06 02:16:42,b9f5:9130:112:fcee:1c60:8378:d511:5186,1
sdv-id-cZecVv,ACC_283,ENT_UK_011,9187.60218270362,USD,2026-02-16 04:31:47,27af:c870:db0a:af0d:4ec4:2764:7b85:c7e8,1
sdv-id-lmQFqf,ACC_135,ENT_UK_007,4204.6321502061455,USD,2026-03-19 21:34:12,bf9e:468d:a0a1:17b4:30cb:a2aa:f0e5:be90,1
sdv-id-UDQFQP,ACC_112,ENT_UK_008,891826.8302697939,USD,2026-03-29 10:21:43,5dee:ebe6:4db0:2432:f4a9:3070:4e04:fe32,2
sdv-id-QiYdwK,ACC_110,ENT_UK_002,12979.50399784986,USD,2026-03-25 21:57:45,b348:9f34:9dfc:12a0:3476:8d93:6c5e:d2c3,1
sdv-id-Hfavwa,ACC_212,ENT_UK_010,1096.2851790110922,USD,2026-01-14 12:17:40,a6e3:b40f:fc7b:5006:9a6d:1f07:c70f:da94,2
sdv-id-oxbwue,ACC_219,ENT_UK_008,489764.8791255263,USD,2026-02-06 12:19:25,4082:fe1d:2dab:b29e:3aa:ac85:ded8:9a84,1
sdv-id-TlcIKl,ACC_241,ENT_UK_006,1079616.2919243502,USD,2026-03-29 17:12:15,51bc:b98:d4c4:d1bf:b643:5609:108d:c9f9,1
sdv-id-VSkKiq,ACC_236,ENT_UK_012,1544.0053379570609,USD,2026-02-03 20:52:27,8746:cbe9:c63e:2fe7:23c:6dd:6eb5:98d7,1
sdv-id-OymKYi,ACC_135,ENT_UK_011,4928.950495698444,USD,2026-02-20 00:46:34,9639:f7d3:65fd:74b6:13c3:66da:4e85:a874,1
sdv-id-jCxGKU,ACC_194,ENT_UK_007,3346.4831164367847,USD,2026-03-19 17:01:22,8823:5d33:e131:c854:b209:b571:64d:27fb,1
sdv-id-LSnmUm,ACC_206,ENT_UK_012,5758.707200439483,USD,2026-01-27 04:56:41,befb:eac1:74c6:5534:7c8f:1362:510d:b137,2
sdv-id-cupfOt,ACC_144,ENT_UK_012,24495.814727959187,USD,2026-01-06 09:02:23,2f8c:219f:3120:6d50:3370:6c9e:2f23:c098,1
sdv-id-hbeFbP,ACC_135,ENT_UK_002,757683.3769994271,USD,2026-01-01 20:14:33,ecb0:68c5:7e5:37c0:7297:15f1:961:f6dc,1
sdv-id-VIWqlA,ACC_236,ENT_UK_012,218858.112053546,USD,2026-01-17 07:14:12,c3f8:9017:720d:a321:3266:62e3:4b6c:e5c6,1
sdv-id-VBGukm,ACC_110,ENT_UK_015,2536.165302723967,USD,2026-03-06 04:21:00,6702:3e03:d06b:fbd2:d80c:3d26:c7ab:81b1,1
sdv-id-nfprLN,ACC_210,ENT_UK_010,60902.47328900739,USD,2026-03-20 16:42:39,d94c:fc3c:43a9:feb9:2c1a:6611:1f3e:ed50,1
sdv-id-kAoqgH,ACC_236,ENT_UK_004,41557.91875141609,USD,2026-03-02 18:36:35,2152:f07c:df00:9902:c5ad:2390:eeb7:90f5,1
sdv-id-lWgzjA,ACC_236,ENT_UK_004,174578.7881506455,USD,2026-03-19 04:41:06,ae22:f81f:1988:d567:694e:6394:b2bb:4eeb,1
sdv-id-uyeRvu,ACC_144,ENT_UK_008,1349.5809752581415,USD,2026-01-22 15:07:27,762e:cceb:50:7a19:ba5e:8e2c:c4a2:12c9,1
sdv-id-IEqpdH,ACC_250,ENT_UK_016,58977.49467346096,USD,2026-03-24 23:24:22,2307:e767:97bb:b7ac:532d:9718:e4ca:8c56,1
sdv-id-YPVyop,ACC_212,ENT_UK_017,156752.05988824106,USD,2026-02-25 16:25:50,5596:f5c7:2c30:d24c:2fa7:fea8:315:5e20,2
sdv-id-iNFLiZ,ACC_158,ENT_UK_016,111808.23290878358,USD,2026-02-15 05:13:13,8986:b79e:5312:ca8e:e56c:89e0:bf0e:e035,1
sdv-id-TTROLn,ACC_283,ENT_UK_011,263986.61803581053,USD,2026-01-17 11:50:32,5b0a:dcba:e9fd:43fa:8901:41e2:3c29:b8aa,1
sdv-id-EfvJsp,ACC_135,ENT_UK_014,716633.9667888192,USD,2026-03-30 16:06:58,3ebe:ee1a:362a:e77b:6ee6:3304:adc3:d9fa,1
sdv-id-TOtEtb,ACC_227,ENT_UK_009,11322.807036785753,USD,2026-01-26 20:08:09,15cb:8074:d21d:6bc4:46:7c1f:10f9:9b18,1
sdv-id-iLADVt,ACC_212,ENT_UK_005,182474.85851525515,USD,2026-02-20 18:00:44,6f18:a543:b5b8:24c1:8166:1da4:f562:d4cb,2
sdv-id-pTZoBY,ACC_150,ENT_UK_007,77945.39657570497,USD,2026-01-10 00:31:21,4e01:1d96:3513:3e9f:596d:2eca:1ce8:b740,1
sdv-id-qBcRyl,ACC_174,ENT_UK_010,239510.7314629278,USD,2026-02-08 10:45:38,c6fc:786a:f0df:a676:b613:53c5:4e07:3084,1
sdv-id-mKXcqL,ACC_236,ENT_UK_001,16959.83648583475,USD,2026-03-24 08:51:45,e375:5aed:dedf:280e:6035:4b3:2cd1:b0ef,1
sdv-id-cgoEmD,ACC_250,ENT_UK_007,452978.4271764582,USD,2026-02-24 22:00:29,4936:ddfd:db53:3d68:6f5d:4ee6:6d34:c85f,2
sdv-id-iwdSlp,ACC_241,ENT_UK_009,170975.3434265393,USD,2026-03-26 06:46:47,dc9d:6964:cb1b:9f29:6fc9:a655:36a1:e96,2
sdv-id-nZiIDo,ACC_241,ENT_UK_012,21218.098688600483,USD,2026-01-22 16:52:19,b132:5ae8:2ba5:128d:c2ad:45c7:a903:3648,1
sdv-id-WEhECx,ACC_206,ENT_UK_011,529444.1776974732,USD,2026-03-25 21:29:05,79b8:6360:dcad:86b8:7ba8:c225:6706:dc04,2
sdv-id-XpfUsV,ACC_212,ENT_UK_001,5071.712778610513,USD,2026-02-02 06:43:11,f457:d78a:7b95:1d98:f397:d038:4991:771f,2
sdv-id-LolhOb,ACC_250,ENT_UK_007,589638.3596950062,USD,2026-02-17 20:14:04,81f6:67d3:7035:7ece:409c:b05d:369a:b54b,1
sdv-id-DaDHrV,ACC_292,ENT_UK_016,51643.7695950792,USD,2026-01-09 22:21:50,387f:1d76:b952:aa3e:18e:623a:3f97:fac4,1
sdv-id-wpGLeY,ACC_194,ENT_UK_004,239031.42957411477,USD,2026-03-15 13:38:04,1a9c:a5dc:26fa:42ab:22e2:ed17:1fdf:def5,1
sdv-id-QdJzLU,ACC_212,ENT_UK_014,1507404.2574761135,USD,2026-01-23 19:19:35,ffe7:d38:1fb5:3ae7:33ba:f6e7:e339:6f29,2
sdv-id-aUEKBO,ACC_250,ENT_UK_012,124560.3929500683,USD,2026-02-14 08:16:41,9ac:7b7d:d4a3:9897:b26d:49ab:36b5:5f84,1
sdv-id-KCHFcW,ACC_116,ENT_UK_004,1441.4688323678636,USD,2026-03-06 02:53:29,87db:ed57:e337:442d:1ad3:b85d:3a36:92b1,1
sdv-id-eTYalc,ACC_135,ENT_UK_017,406980.6167073321,USD,2026-03-07 09:08:33,4944:f7d2:9992:85a1:eb85:409d:81bb:f0fa,1
sdv-id-otCtFv,ACC_161,ENT_UK_006,2597.905417280772,USD,2026-02-17 18:39:47,592f:2d96:a148:f72f:a905:11bc:341e:9e16,0
sdv-id-LFCnxi,ACC_236,ENT_UK_019,198453.5392044868,USD,2026-03-03 06:05:22,576:31d3:e5e8:eeba:6865:db15:7de1:730b,1
sdv-id-EWTkJU,ACC_210,ENT_UK_018,307558.0368316803,USD,2026-03-25 05:45:04,af85:d6fc:5b44:10a2:5729:90db:17e0:6be8,1
sdv-id-fDhJUf,ACC_180,ENT_UK_004,235535.4853694931,USD,2026-02-11 04:08:43,be41:ed69:1931:be55:1019:f4a2:626f:cd2a,2
sdv-id-pxGTVG,ACC_227,ENT_UK_015,202240.4571551136,USD,2026-03-11 15:58:46,e184:ad11:4987:b90b:226f:c758:d9ba:e5d7,1
sdv-id-OFSgaC,ACC_283,ENT_UK_016,3044.7040546586923,USD,2026-03-16 17:56:58,608:73f:dd56:4a2e:85e4:41c8:6e6:f6cb,1
sdv-id-EqInMW,ACC_210,ENT_UK_007,14040.529836280955,USD,2026-03-27 07:52:14,55cd:1453:ced0:ea9e:4f6:1747:691b:5483,1
sdv-id-GqWHiG,ACC_180,ENT_UK_009,338668.77661386126,USD,2026-03-21 22:07:00,a2a7:de5a:9a9a:3304:15af:bc23:9f48:6bba,1
sdv-id-AvitRy,ACC_250,ENT_UK_001,61540.09408442155,USD,2026-03-30 04:39:19,8ab5:e871:d70a:8c7e:2de:579c:6ff3:a3b3,1
sdv-id-mMVcsB,ACC_158,ENT_UK_007,36603.42243333135,USD,2026-03-30 18:24:26,2b0e:aeb9:7f85:e7e8:4b9c:f842:3869:7b2d,1
sdv-id-dedhAh,ACC_206,ENT_UK_015,5610.275358409992,USD,2026-01-14 14:47:50,a6b0:ef8b:8169:318a:8ec0:abd2:3531:2bfa,2
sdv-id-wDwdZW,ACC_116,ENT_UK_016,230702.8772444889,USD,2026-01-17 17:26:45,f715:561d:6886:6fb1:6975:5d6f:1154:57e7,2
sdv-id-PAoVhb,ACC_116,ENT_UK_014,1317.5395049692688,USD,2026-02-11 14:12:17,a21c:3ab1:81d8:ec34:2543:2f99:24ca:29d1,1
sdv-id-HCstQS,ACC_210,ENT_UK_007,945.7539705385128,USD,2026-01-17 09:21:36,85b6:551:1392:642c:22a1:e89b:6de8:4d7f,1
sdv-id-YKNtvJ,ACC_194,ENT_UK_006,5441.141669500275,USD,2026-03-31 11:18:45,fe96:9779:d59b:1726:3aa9:f244:98fb:db06,1
sdv-id-WNWGaa,ACC_144,ENT_UK_013,399705.00634732406,USD,2026-01-16 19:53:21,dfd9:ed67:94ab:4df8:8b17:d45b:8685:d318,1
sdv-id-EoMghy,ACC_180,ENT_UK_003,269969.8466772215,USD,2026-01-20 16:09:13,af87:7f10:9f07:6ccf:f7e9:7a62:8b44:cf64,1
sdv-id-UkeYkm,ACC_180,ENT_UK_013,92744.284669171,USD,2026-03-02 21:34:45,226:42f:ef52:c4e9:4e79:d891:507a:a545,1
sdv-id-wgodUt,ACC_212,ENT_UK_010,599998.3696265693,USD,2026-02-17 21:32:42,f02a:173:936f:96f5:fbb8:5519:3d88:9d9b,2
sdv-id-yGLgIN,ACC_116,ENT_UK_015,999.9795899402632,USD,2026-01-29 13:12:40,3ab4:bc62:5357:4045:148:3c6b:3824:e774,1
sdv-id-NvlnLK,ACC_148,ENT_UK_009,18383.950166459257,USD,2026-01-15 20:24:44,f03a:9079:2e4f:a8c9:9f19:5c06:bf2:35f,1
sdv-id-nqnxPg,ACC_236,ENT_UK_008,207454.793584319,USD,2026-02-18 14:50:51,7fb9:5664:6376:833a:4db0:7759:cc:e70d,1
sdv-id-cTdNyL,ACC_236,ENT_UK_005,3308.389474238154,USD,2026-02-20 16:34:08,4c1:8d:dc66:3a89:2be7:6cd2:e81b:ab6d,1
sdv-id-OpeDzz,ACC_150,ENT_UK_010,839567.6226998379,USD,2026-03-01 15:32:49,28c9:c311:2fdc:ce4d:c632:4996:42f1:9d4e,2
sdv-id-joLmir,ACC_268,ENT_UK_002,6195.809640383601,USD,2026-03-11 18:29:41,d4dd:2177:f7c0:17cf:3e16:9c7:f51d:da26,1
sdv-id-IFCilW,ACC_212,ENT_UK_012,68025.54370406871,USD,2026-02-25 02:46:15,46ec:3753:94a7:ade0:d1e3:2b62:a7d2:16bb,2
sdv-id-XdzEfT,ACC_141,ENT_UK_018,1425432.7245017556,USD,2026-02-17 13:49:28,4282:b55e:db1e:842d:b590:68b2:a3dc:37ba,2
sdv-id-RPnYNy,ACC_212,ENT_UK_010,169055.9613927285,USD,2026-01-04 19:17:55,b8e9:1fb4:945c:a9fd:fa02:e9e3:f3ff:eb1f,2
sdv-id-zkeRWo,ACC_250,ENT_UK_016,1926.54799114856,USD,2026-01-02 02:17:43,2cd3:8fe5:dd55:dc36:e804:601b:93ba:74b8,1
sdv-id-gViuZl,ACC_227,ENT_UK_002,933.9515063656598,USD,2026-01-16 19:14:08,4c15:795d:e655:480d:c1:fc20:5519:8572,1
sdv-id-raghbk,ACC_158,ENT_UK_016,171236.1818193217,USD,2026-02-20 12:25:07,ab9d:279d:aa6d:54a0:4bb1:ad14:cd56:a587,1
sdv-id-QBcTpI,ACC_151,ENT_UK_009,427688.2692188532,USD,2026-02-06 15:49:46,1f8:b64f:d8f5:7a54:f2d9:aaa:7c6c:2762,1
sdv-id-McqVDb,ACC_144,ENT_UK_016,147222.7127747383,USD,2026-02-05 12:39:13,201c:ff69:a38b:53c2:5918:d7af:cf47:32dc,2
sdv-id-nJjNkX,ACC_194,ENT_UK_002,487314.2905629449,USD,2026-01-06 03:24:15,5d65:6215:ebe0:75af:3e7a:2a2f:330b:7eca,1
sdv-id-POjuga,ACC_212,ENT_UK_007,67670.75172017766,USD,2026-01-03 19:23:38,1080:ac9e:39e7:9782:66a2:8cc6:b902:d751,2
sdv-id-MfPaFh,ACC_148,ENT_UK_019,141009.7090340931,USD,2026-01-27 18:21:12,d77b:5c3d:c548:5afa:eb9d:79b3:42cd:a76,2
sdv-id-JYYNSA,ACC_212,ENT_UK_014,302983.4478721755,USD,2026-01-19 09:10:43,7598:8731:4c0:9496:5162:4369:adcd:d3db,2
sdv-id-mWdUBs,ACC_227,ENT_UK_004,1208.6331225467763,USD,2026-01-28 15:07:54,9fe6:8107:62b0:1247:b726:77fd:164f:cf0,1
sdv-id-RfFcYv,ACC_174,ENT_UK_019,682242.0883292673,USD,2026-01-25 19:23:21,1c28:3e33:fcbe:5f29:3011:6f6f:3b1d:ecf1,1
sdv-id-hpwCMh,ACC_236,ENT_UK_005,33743.971050817,USD,2026-03-17 12:15:36,7fcb:996e:354b:2a17:38b6:1feb:750d:98eb,1
sdv-id-kBGPNR,ACC_175,ENT_UK_007,1348.668174649711,USD,2026-01-15 11:18:22,22a9:ad62:5ab7:39cd:aa9c:ae71:1277:f8f7,2
sdv-id-EMfWtQ,ACC_206,ENT_UK_017,1006757.3232021676,USD,2026-03-27 03:30:28,f548:2a9f:43ec:6869:511c:488e:40f2:8a7c,2
sdv-id-HzPmNV,ACC_110,ENT_UK_015,43584.15311533727,USD,2026-03-22 18:22:06,ad76:adaf:de:bb65:6241:20ed:3801:b0d0,1
sdv-id-cqpJjg,ACC_236,ENT_UK_004,51718.106235174135,USD,2026-01-16 11:57:46,7b3b:344:1027:442d:3e0c:a21e:74a5:673f,1
sdv-id-JaTrPJ,ACC_292,ENT_UK_001,26813.674380643628,USD,2026-02-05 18:27:34,cea5:a466:860c:af38:a477:b58b:f21e:fbae,1
sdv-id-ZzPZTH,ACC_230,ENT_UK_017,66390.85084331993,USD,2026-03-29 22:12:18,66b1:2fb9:c602:7937:211a:1145:7307:e60a,0
sdv-id-LjADIx,ACC_268,ENT_UK_009,85975.77546071667,USD,2026-01-02 22:19:45,22e7:5cee:7df5:a6a1:5181:5166:307a:66d6,1
sdv-id-yVyPoP,ACC_150,ENT_UK_010,13641.005359462522,USD,2026-03-19 18:55:56,a089:d6db:7242:6952:4498:7566:9106:f12b,1
sdv-id-UqwyRO,ACC_236,ENT_UK_012,115105.62138088905,USD,2026-02-06 13:26:51,f59d:5b44:7904:253d:65eb:cc44:9673:32a2,1
sdv-id-XxgOxe,ACC_158,ENT_UK_004,1539.816844306492,USD,2026-02-04 06:22:50,6b52:cf98:ecce:e9b4:e4ea:498e:d288:9af6,1
sdv-id-bkxQGy,ACC_250,ENT_UK_011,107648.14205039071,USD,2026-01-17 16:57:27,f303:bc5a:fb34:2c01:2303:a916:62f8:8d4d,1
sdv-id-zTZfqT,ACC_274,ENT_UK_007,45553.03573134047,USD,2026-01-23 04:03:45,d932:310e:1d2b:4640:b071:9326:f349:f6f4,2
sdv-id-Cqfqmf,ACC_210,ENT_UK_013,305426.61901941214,USD,2026-02-27 14:07:21,9cd0:4fc9:85ad:c477:2cbf:7e05:c5e0:822a,1
sdv-id-KLenjE,ACC_206,ENT_UK_006,15780.347726635371,USD,2026-01-28 16:51:41,f1ca:16c4:9b60:5a79:743c:8ae3:beeb:fb35,2
sdv-id-xHwLMj,ACC_283,ENT_UK_010,9622.090894801391,USD,2026-03-07 06:30:13,e428:74ec:9a27:433e:ab29:6eec:ae93:d9b6,1
sdv-id-vfWysO,ACC_148,ENT_UK_017,939.4255787243052,USD,2026-03-30 03:54:20,b034:36de:e8c6:91c5:7a31:431c:92ef:78a0,1
sdv-id-xkIbvw,ACC_212,ENT_UK_004,4331.146992552083,USD,2026-03-25 03:31:54,df59:d48a:aae4:e45b:57b9:5d99:99d5:f1ae,2
sdv-id-AmSIrB,ACC_180,ENT_UK_016,1431643.3841467954,USD,2026-03-23 05:33:24,ed25:a8b5:2922:5f5:3ea9:cbf4:b61a:1df1,1
sdv-id-aKlfLa,ACC_250,ENT_UK_002,173551.40789263777,USD,2026-01-08 00:03:38,3c1b:5233:86fd:bf45:3f1c:c6ea:b6b3:fce8,2
sdv-id-UxHxNJ,ACC_250,ENT_UK_004,962.5720400698204,USD,2026-03-29 10:14:42,248d:3511:64d4:4f5e:56d8:5df1:4eed:9bc6,1
sdv-id-HKyYIM,ACC_227,ENT_UK_018,1079.7509888501197,USD,2026-01-01 06:58:29,6579:5680:760f:6bfe:544c:1ff8:2943:7c31,1
sdv-id-bZJGZY,ACC_212,ENT_UK_008,6330.630666235716,USD,2026-01-30 04:32:45,6b47:b69b:8871:a907:7dab:d4d3:c61e:9452,2
sdv-id-VLlMDK,ACC_206,ENT_UK_013,948.1400269981168,USD,2026-01-29 15:38:03,d371:3259:ca3b:829:81d:7abc:f847:2875,2
sdv-id-NvyIgQ,ACC_180,ENT_UK_006,10224.471345462574,USD,2026-02-28 12:22:34,2051:6a32:e7a2:d756:aab5:e223:16a6:92e1,1
sdv-id-UkAAFL,ACC_283,ENT_UK_018,26886.975682557255,USD,2026-03-10 00:03:42,7705:e3c9:fbec:8e84:1cea:ad78:8eb1:e07f,1
sdv-id-OIRfjO,ACC_144,ENT_UK_011,4555.370993442893,USD,2026-01-23 02:09:02,5842:ce74:d279:e96b:c444:56d6:a78b:1623,1
sdv-id-LXVHFf,ACC_268,ENT_UK_014,29104.10330273962,USD,2026-02-06 02:52:19,5bda:a691:c58c:d998:71c7:f100:fc9f:6078,1
sdv-id-mBHiWX,ACC_144,ENT_UK_009,91306.15804451027,USD,2026-01-04 16:54:14,cef2:fa45:5a5:da20:1efd:2487:5b76:b9e1,1
sdv-id-Nxcnbl,ACC_175,ENT_UK_019,613982.8534042359,USD,2026-01-27 22:55:53,5be:a8e5:cb77:cabf:4b0:3fce:5b33:aa3f,2
sdv-id-UOofLT,ACC_227,ENT_UK_002,173606.5522762297,USD,2026-02-02 02:00:27,2893:c4d:ae42:918d:8d42:77a4:8572:4799,1
sdv-id-gWeWjS,ACC_174,ENT_UK_010,317841.20840149635,USD,2026-03-01 08:50:20,946:9115:6025:f7cf:191:7c5f:3a5f:eab8,1
sdv-id-wiqFrF,ACC_206,ENT_UK_002,44896.040427097105,USD,2026-02-03 07:24:14,cc04:77fe:a41c:26:95d9:6a56:95d3:d36b,2
sdv-id-uMtZyT,ACC_194,ENT_UK_005,1171797.8430504776,USD,2026-02-22 22:15:09,2b88:1952:2b33:9e43:4d8d:3a13:e824:9452,1
sdv-id-pzkKgl,ACC_194,ENT_UK_008,25866.844710824585,USD,2026-03-06 04:50:22,60ab:1bb6:9548:3782:c598:fbd5:ddfd:b9f4,1
sdv-id-awkmwK,ACC_110,ENT_UK_007,366377.28808427195,USD,2026-01-20 00:36:26,b76:b7e7:f1ba:b6b9:a69a:8540:72c6:3e51,1
sdv-id-XQYtAa,ACC_236,ENT_UK_012,1174.8246996975656,USD,2026-03-27 03:53:14,2453:565c:8848:a798:128c:ca88:f64d:d51d,1
sdv-id-haDlmJ,ACC_180,ENT_UK_005,921.3580401222296,USD,2026-03-02 17:41:57,f287:79f:b25b:75f6:9e9:b8b3:bfa2:2c82,1
sdv-id-OrtNlC,ACC_180,ENT_UK_012,282210.3423476238,USD,2026-02-11 17:23:37,e6dc:d208:be07:2e90:b987:b9ef:8412:2c98,2
sdv-id-qgCXQT,ACC_180,ENT_UK_014,17562.025959070226,USD,2026-03-16 14:33:18,c62d:70a7:fa7f:1ddb:f630:d7c9:d56b:ec7b,1
sdv-id-QfBBRy,ACC_212,ENT_UK_005,18160.93704645574,USD,2026-02-14 11:03:15,1599:8bda:9787:c60e:777f:2f17:1017:a196,2
sdv-id-OkhNIl,ACC_212,ENT_UK_016,27603.20385047432,USD,2026-02-19 23:11:39,15ad:11d9:1501:6833:9e97:90d1:e84a:6a35,2
sdv-id-JimWfN,ACC_268,ENT_UK_003,15575.938880556798,USD,2026-01-07 12:44:53,a1d1:a958:9d0d:a9f8:d01e:373c:a861:dd4a,1
sdv-id-CzwFLi,ACC_241,ENT_UK_018,37632.680507221026,USD,2026-03-02 07:54:39,6192:1b14:4fe5:ce23:44e9:9b6:e4bb:9425,1
sdv-id-EyZoUd,ACC_274,ENT_UK_010,62824.12621685324,USD,2026-02-04 16:33:01,5ed1:b11b:6fc3:2bf:7202:7b19:2ed5:7f19,2
sdv-id-RmZyFF,ACC_135,ENT_UK_019,127145.17704183118,USD,2026-02-09 08:47:18,6c10:13c9:4b33:ef9b:2de5:9410:316e:323f,1
sdv-id-qdfuWo,ACC_250,ENT_UK_010,68544.40362048185,USD,2026-03-23 09:17:03,4696:6402:a14c:c8e3:fada:11:45ae:c58b,1
sdv-id-Kwigvm,ACC_109,ENT_UK_007,120750.47853105808,USD,2026-01-14 14:14:44,255b:e712:1bc8:3701:5909:f5a2:b000:86f0,1
sdv-id-vyBBiL,ACC_135,ENT_UK_015,997.554777314658,USD,2026-03-13 13:21:52,4908:7152:99c:b440:b691:c2b0:8c22:9cd,1
sdv-id-WXaAqf,ACC_194,ENT_UK_008,161961.4644533245,USD,2026-02-07 17:44:24,5a93:d42d:acd8:5681:7d69:56d:90b5:2f79,1
sdv-id-tkUcCp,ACC_274,ENT_UK_015,61570.11655479356,USD,2026-01-28 03:20:44,edb0:5b1f:983a:3212:ff1:4aa4:4f35:953,2
sdv-id-uAvNhx,ACC_206,ENT_UK_010,17233.8192664504,USD,2026-01-18 05:21:32,ed22:7fb1:bceb:bfba:39c7:3043:42a2:c8b0,2
sdv-id-RtmBNC,ACC_202,ENT_UK_011,55669.80185748116,USD,2026-02-19 01:33:31,8a3e:fe36:3f22:4e4f:c594:c809:9546:fff7,2
sdv-id-IMKGhM,ACC_274,ENT_UK_001,257971.97437709573,USD,2026-01-01 20:19:15,6d1a:972a:f16d:6c64:5cb3:41a7:ab97:46,2
sdv-id-UvLZdK,ACC_236,ENT_UK_005,938275.2050938464,USD,2026-01-28 18:42:47,6325:b19f:1d6:2463:4349:14bd:77d6:60c5,2
sdv-id-lRqhfY,ACC_274,ENT_UK_016,924.2601752293835,USD,2026-01-04 12:31:35,2cdf:d55b:8c4d:b8a2:d332:7e70:64e7:a8b8,2
sdv-id-CcHyvL,ACC_150,ENT_UK_017,765357.2573866304,USD,2026-02-18 12:34:40,601a:edf7:3038:7d78:591f:356c:f35e:eba2,2
sdv-id-vgRnPj,ACC_250,ENT_UK_016,10318.972028082231,USD,2026-02-14 20:04:55,f40e:eb3e:c8:c75f:6610:366b:4797:18bc,1
sdv-id-FhiRDB,ACC_212,ENT_UK_016,1084.546362595838,USD,2026-01-23 17:33:23,3dec:e1d4:4314:364a:81b6:befb:e607:e657,2
sdv-id-SIhOHE,ACC_227,ENT_UK_018,12400.155401945036,USD,2026-03-30 16:40:01,a41f:b607:1afd:79a2:76d:83e0:28d:da10,1
sdv-id-LKUdrS,ACC_212,ENT_UK_011,198830.27326786335,USD,2026-02-26 22:00:50,ea02:6f8b:4cf6:438a:d20d:8dae:b1a8:2505,2
sdv-id-zvIKWz,ACC_241,ENT_UK_006,932.350234937856,USD,2026-03-17 19:11:21,908a:51c2:96e7:d4a8:2945:eacc:3a76:c403,1
sdv-id-FBsByg,ACC_206,ENT_UK_012,329625.63022983534,USD,2026-03-10 16:45:38,4158:35c4:d667:b36c:d8ed:f913:3764:df8a,2
sdv-id-OpNowj,ACC_212,ENT_UK_002,104000.77508279814,USD,2026-01-08 14:24:36,8fe3:748:d1f8:33cf:2183:702a:c924:a07f,2
sdv-id-JMvThc,ACC_250,ENT_UK_001,342413.3733089786,USD,2026-01-08 01:24:19,4354:ffea:8c7e:51e1:84a9:c0df:85:2ade,1
sdv-id-BNCksV,ACC_148,ENT_UK_010,1607.5818274944347,USD,2026-03-15 23:46:01,7685:119b:513f:67db:1617:edc:afa2:923b,1
sdv-id-SDbKih,ACC_135,ENT_UK_003,274043.43991612823,USD,2026-03-04 07:58:20,50a3:a69:136e:dcde:1794:78ff:5a39:4182,1
sdv-id-LYtrsU,ACC_283,ENT_UK_005,20845.60784815229,USD,2026-03-23 23:21:17,60e2:4129:f680:add6:479f:dd5c:8551:91f3,1
sdv-id-mHKfaC,ACC_206,ENT_UK_011,30987.494314178424,USD,2026-01-15 17:46:55,4e40:f793:409a:80f:1451:fc08:799c:3a71,2
sdv-id-LQASgH,ACC_110,ENT_UK_010,583731.2130275517,USD,2026-02-05 05:59:43,62f8:611f:5731:82ff:692c:26bd:1e85:fd1,1
sdv-id-DkkODO,ACC_236,ENT_UK_005,941.5154931344764,USD,2026-03-19 04:15:42,7f9c:bb2:a4b6:2cf8:2d93:7819:cdf3:6a09,1
sdv-id-cHtift,ACC_135,ENT_UK_001,7867.3508509488,USD,2026-01-22 15:01:26,f9a0:4b4f:38b3:989:88f:ae7a:2595:c5e7,1
sdv-id-SObHpi,ACC_292,ENT_UK_019,42835.97183950031,USD,2026-01-26 05:54:55,9c49:d72d:5d4f:cb4a:7775:7964:92eb:6e01,1
sdv-id-LTJWwP,ACC_219,ENT_UK_015,21948.64941157975,USD,2026-03-23 22:54:49,2762:c822:d91a:b005:e1e0:4242:8cd1:de8f,1
sdv-id-qYFREb,ACC_116,ENT_UK_013,402496.7825946913,USD,2026-03-10 07:38:34,a713:a23f:8d78:bc1e:edc9:6e86:db16:d0d8,2
sdv-id-FVFHAY,ACC_150,ENT_UK_004,1047613.9603034868,USD,2026-03-27 14:40:56,276e:d70a:10b2:cd49:26cf:1415:15fe:1e28,2
sdv-id-bLKbbv,ACC_250,ENT_UK_004,447801.2314820061,USD,2026-01-05 08:33:51,c53b:df83:1ca6:1380:b345:a44c:b7c5:b44a,2
sdv-id-jDNmzz,ACC_202,ENT_UK_010,385088.110895947,USD,2026-03-06 00:39:53,4734:2226:157c:a3d:d271:cfe6:747d:7504,2
sdv-id-yQUKRq,ACC_158,ENT_UK_015,8357.605231044485,USD,2026-01-07 13:00:21,12ac:af11:e619:2f3f:ef57:c4bd:852e:dc45,1
sdv-id-oXycer,ACC_292,ENT_UK_006,356910.41633628064,USD,2026-02-08 00:08:14,e28:4d85:c9b7:e0aa:a477:dddd:50a6:3ddf,2
sdv-id-NJtISw,ACC_110,ENT_UK_015,42625.34396728845,USD,2026-03-02 14:23:40,ded:ce70:d50d:cac1:6d16:10b8:2f5a:7071,1
sdv-id-iWBcoc,ACC_250,ENT_UK_005,217250.66256022267,USD,2026-01-06 00:37:10,6dc3:a9c0:ccd4:2ea3:d58b:3063:8420:bbcd,2
sdv-id-xhYWKZ,ACC_135,ENT_UK_005,353180.80672589655,USD,2026-03-09 09:29:16,46b1:ddfd:6043:2d93:9f2:7479:8682:f76a,1
sdv-id-jBPsXp,ACC_175,ENT_UK_017,8146.960314856207,USD,2026-03-13 10:33:09,f958:afc6:67c6:188c:21b6:c83:c649:802f,2
sdv-id-kGcBik,ACC_180,ENT_UK_006,187207.78792050143,USD,2026-03-26 01:15:52,2b8d:6f5b:5fd9:53a2:4189:ca2a:3090:b783,2
sdv-id-RhQIdl,ACC_212,ENT_UK_016,9092.208680677468,USD,2026-03-22 17:50:22,e9a8:b395:8e5d:de8c:c24b:bb67:1f83:9d18,2
sdv-id-VVXLvk,ACC_250,ENT_UK_013,170006.30743531586,USD,2026-02-25 02:25:02,4cdf:27b:5b6a:4997:aea3:6505:669c:1ad4,1
sdv-id-pTPOGf,ACC_227,ENT_UK_010,63605.233084858104,USD,2026-02-09 22:37:51,89db:6a34:7fee:2d5c:b836:c99e:8638:9377,1
sdv-id-BbCpit,ACC_150,ENT_UK_015,1290.9965433885352,USD,2026-03-29 09:18:29,2e76:fa81:aeeb:8b84:a484:19ce:3822:2e84,1
sdv-id-hovtMi,ACC_212,ENT_UK_006,600802.4630221964,USD,2026-01-29 10:54:33,a302:b9d8:d289:86e2:87c5:2622:8962:418,2
sdv-id-xSkBkp,ACC_212,ENT_UK_013,224754.09343964793,USD,2026-03-03 09:20:39,58c3:b9e8:28a3:138c:2396:fd92:7f39:c942,2
sdv-id-FhseUU,ACC_223,ENT_UK_004,1389.901142289099,USD,2026-01-12 15:03:38,4578:7da:994e:c512:1b70:7af2:e20d:68b7,1
sdv-id-qraOFK,ACC_292,ENT_UK_009,3961.0642397321294,USD,2026-02-05 18:31:24,7bb5:f174:8aec:2226:f2c:86f8:d9cb:8926,1
sdv-id-XqLsbJ,ACC_206,ENT_UK_018,944.7696808794386,USD,2026-02-25 02:02:38,d662:e06e:2d9e:7daa:baab:d857:99ed:48fe,2
sdv-id-gWvSSg,ACC_212,ENT_UK_008,10606.508124128812,USD,2026-01-29 21:43:39,f279:3e17:3374:7c3e:f1e1:5b94:6d4:96b6,2
sdv-id-FkjknH,ACC_212,ENT_UK_002,332996.93275241007,USD,2026-03-28 11:48:10,645b:3369:a879:3999:edfe:de5b:3254:4eb6,2
sdv-id-hdxSFf,ACC_135,ENT_UK_010,2465.763212952492,USD,2026-03-15 08:01:37,9713:a963:94c:851c:19a0:6acb:af8c:f36f,1
sdv-id-lWHFNS,ACC_194,ENT_UK_003,319876.0983086488,USD,2026-02-06 21:14:41,bb99:f71d:6535:5299:2825:4df9:e96f:6492,1
sdv-id-SHYovg,ACC_180,ENT_UK_012,154798.23209873456,USD,2026-02-15 12:01:20,c855:1caf:7aa9:269:8a23:6629:9f73:cdf3,2
sdv-id-hAUYlc,ACC_212,ENT_UK_002,381419.87272958906,USD,2026-02-28 05:18:52,4319:b470:e2b3:f1a9:d755:e518:7bef:111d,2
sdv-id-mMiczZ,ACC_212,ENT_UK_012,1034.4648673710226,USD,2026-01-23 05:51:28,698:642b:b3f6:9dd5:2179:7919:37c6:1fd1,2
sdv-id-XyUgri,ACC_268,ENT_UK_010,947.6783675240486,USD,2026-01-31 05:39:27,d55b:c22f:410e:621e:77f5:39ae:37dd:fd72,1
sdv-id-ToyWPO,ACC_274,ENT_UK_004,21267.26160872546,USD,2026-01-30 06:20:42,7488:9a95:7026:d8be:a2a0:e07b:a1e5:e2f2,2
sdv-id-fjzWqP,ACC_227,ENT_UK_017,515972.1184756386,USD,2026-02-02 14:43:22,9eb:e2c6:86f4:b768:1dbe:4f53:3f14:3f06,1
sdv-id-oJZpGl,ACC_180,ENT_UK_018,1045.16361354759,USD,2026-03-03 11:14:03,7066:d137:a5ef:1dbb:d26b:9d7b:7c56:1e69,1
sdv-id-ShLpwF,ACC_283,ENT_UK_008,1338178.4923386066,USD,2026-03-27 18:00:28,c603:e137:c7d2:5820:22d0:1dbe:4dd5:8a3d,1
sdv-id-rBuGcN,ACC_144,ENT_UK_014,14999.438250764377,USD,2026-02-25 01:43:36,d658:3990:bf6a:3b4e:26b1:1975:8e82:3933,1
sdv-id-iiRHrc,ACC_289,ENT_UK_019,71563.30611114051,USD,2026-01-05 03:26:17,f26d:7bc0:8775:91c8:c7a3:e079:e6ea:9715,1
sdv-id-Drwkkv,ACC_110,ENT_UK_016,82228.19103075664,USD,2026-01-23 07:59:37,5ed1:18e0:1be5:9142:6807:97aa:6fbb:b0ed,1
sdv-id-LZqMRT,ACC_109,ENT_UK_011,28969.50106749163,USD,2026-01-14 15:57:21,17af:ffd0:db88:4355:7c80:9ec9:3823:dc7b,1
sdv-id-qfmfTH,ACC_180,ENT_UK_004,251509.3831815159,USD,2026-03-06 02:31:43,977c:dac8:b61c:7197:83e1:8cd3:1eb9:f98b,1
sdv-id-LIGtTc,ACC_250,ENT_UK_006,68143.42636361971,USD,2026-02-28 09:10:01,e797:f457:5dda:8429:e6a:5e4c:c9fd:6ab2,1
sdv-id-XkAhgj,ACC_144,ENT_UK_001,74547.67957504427,USD,2026-01-27 02:03:12,98a0:259f:7d84:2510:bc2:d40d:73e:b27d,2
sdv-id-CXrlZL,ACC_283,ENT_UK_014,320972.3434503881,USD,2026-03-17 18:24:19,b49a:3788:5734:401a:bc4c:ad2e:464e:802d,1
sdv-id-koMXtC,ACC_212,ENT_UK_011,246650.13133384357,USD,2026-02-14 01:41:54,8732:b085:11d4:60e3:ddb9:7133:5460:5a8b,2
sdv-id-wajqbp,ACC_144,ENT_UK_010,812305.382983386,USD,2026-02-08 19:50:37,e853:e8d2:730e:f922:9839:7fed:3299:f8c5,2
sdv-id-lShzMm,ACC_227,ENT_UK_008,103068.07027258024,USD,2026-03-10 16:58:22,1385:439a:48d1:cad9:8a5f:d3d7:98c6:7e43,1
sdv-id-ggKxFA,ACC_250,ENT_UK_016,25099.24384049636,USD,2026-01-28 10:28:00,891e:d228:6cd8:b7a0:ffed:daae:88b0:74b3,1
sdv-id-XFmFuu,ACC_175,ENT_UK_016,12166.195720356676,USD,2026-01-27 04:04:43,c81d:7cf6:4099:41c1:501:838a:33c5:1051,2
sdv-id-NpteKD,ACC_135,ENT_UK_012,136003.25824741786,USD,2026-03-18 11:39:27,d788:52f3:73dc:9a03:598d:24bc:f656:1825,1
sdv-id-vRMpjU,ACC_236,ENT_UK_006,757388.7893576315,USD,2026-03-03 18:28:34,fd0:6599:33b8:1048:d792:6087:a533:cb82,1
sdv-id-Pqrdmb,ACC_236,ENT_UK_010,60916.638316164295,USD,2026-03-23 16:53:48,4b2e:b6a:eb5f:f3ca:b7ca:da34:b1d1:48ab,1
sdv-id-dhKgjE,ACC_144,ENT_UK_002,566755.1850436137,USD,2026-03-20 18:12:11,d04e:be00:9f3e:3fa7:9000:3340:191f:7ccf,2
sdv-id-jLAXJG,ACC_277,ENT_UK_013,1483.3482822978667,USD,2026-03-23 20:40:28,7e17:9c6d:16e9:642c:208:23a3:e86e:2f03,1
sdv-id-edkosk,ACC_236,ENT_UK_002,525756.411490076,USD,2026-02-04 22:06:57,73b8:b525:b4a3:23f7:8717:a25c:3dbb:ab99,2
sdv-id-uUjail,ACC_110,ENT_UK_014,6602.379888850983,USD,2026-03-23 00:02:33,c487:23c1:4902:e918:c0cd:8a1d:1ab2:880f,1
sdv-id-jViykT,ACC_206,ENT_UK_016,184170.8788448073,USD,2026-03-02 05:31:32,98d2:15ed:76ee:e502:34c9:cf6b:a760:dc68,2
sdv-id-URZDMO,ACC_180,ENT_UK_012,80710.15649187613,USD,2026-02-11 00:36:46,ac06:29be:f662:df6d:7e4e:d8e3:eba6:1cd2,1
sdv-id-tUhpWb,ACC_274,ENT_UK_019,41482.62931656786,USD,2026-03-27 15:49:17,8e20:9ef2:cba7:a64e:e216:86e8:317f:2b07,2
sdv-id-HkDCca,ACC_135,ENT_UK_008,928.7884847605172,USD,2026-03-09 09:04:31,dcc9:2d71:69c2:db70:cb42:86ba:3eb4:5cf0,1
sdv-id-JqeNcA,ACC_250,ENT_UK_019,175840.72282435777,USD,2026-02-26 08:29:48,96f4:c62b:aca5:3a28:28f0:35e9:a952:a8fe,2
sdv-id-fRYvCx,ACC_212,ENT_UK_003,4195.573321613605,USD,2026-01-18 21:21:01,b1ee:382d:b1a2:7f1f:31cb:4065:b64b:7203,2
sdv-id-bHaCcQ,ACC_250,ENT_UK_013,189336.46000331183,USD,2026-01-16 18:43:07,a84:1ba:5f3a:c85f:e7ae:4f01:a9cf:5a2c,1
sdv-id-vVuwNh,ACC_180,ENT_UK_010,2000.6886211813433,USD,2026-02-07 17:43:27,ed66:b18d:8930:237:9b0b:23e7:5ded:d238,1
sdv-id-JbjDWN,ACC_150,ENT_UK_003,313177.4864040398,USD,2026-01-12 12:16:34,a0a4:c49d:5505:57c7:f691:1d35:21a0:bfbf,1
sdv-id-RIzlWx,ACC_206,ENT_UK_001,57115.38171370897,USD,2026-03-21 14:54:46,6f3e:44be:766f:ea04:9327:70ea:bee5:f3d2,2
sdv-id-QHTapB,ACC_283,ENT_UK_018,30460.938898375407,USD,2026-03-14 09:34:50,4974:c428:88e:736e:d409:b075:1445:42b9,1
sdv-id-EfuBGa,ACC_212,ENT_UK_005,37864.51879529212,USD,2026-01-17 15:53:51,5469:930f:b4e3:a579:90e9:7de3:4d36:284c,2
sdv-id-uFedAS,ACC_292,ENT_UK_016,667835.1124539914,USD,2026-03-22 00:23:57,6483:e5ff:1ee9:fb4f:e479:4124:deec:1a9c,2
sdv-id-AoUQZc,ACC_116,ENT_UK_002,4447.1656387818075,USD,2026-04-01 05:34:09,d596:3a83:416d:703:c89b:14ec:2fcf:e6ef,1
sdv-id-QYmtNs,ACC_241,ENT_UK_006,3462.8583142093103,USD,2026-02-13 16:39:26,ab49:a5a6:56fa:66da:85be:8165:913a:62d7,1
sdv-id-FOPUYE,ACC_212,ENT_UK_005,338645.176259981,USD,2026-01-25 21:55:27,4861:aa0e:6cc9:fd5a:1418:9cb9:d423:bda9,2
sdv-id-sVZnLF,ACC_158,ENT_UK_014,269131.6522028319,USD,2026-03-10 12:57:14,10fb:505d:5f8e:6355:aa5a:4a84:ac9e:87c4,1
sdv-id-dvOGCl,ACC_227,ENT_UK_007,368796.20490668295,USD,2026-03-04 09:05:46,92c:d546:3ad7:63d1:4f99:b6f:54a9:c2f,1
sdv-id-QFLtwm,ACC_250,ENT_UK_017,447180.3286032848,USD,2026-01-09 13:00:13,ee8d:6041:4ef0:2308:78b4:7f57:615f:edaf,1
sdv-id-XbRzAV,ACC_283,ENT_UK_005,4584.218532079541,USD,2026-03-31 02:04:20,827a:3829:8fd0:9358:854:fffa:1d79:3308,1
sdv-id-BxAffO,ACC_206,ENT_UK_007,59513.2405069605,USD,2026-02-03 19:00:02,77b2:608f:1cce:599b:38b6:a841:eb10:df9a,2
sdv-id-QrsdeG,ACC_206,ENT_UK_004,939.2305784763796,USD,2026-02-01 04:17:50,d6b9:4db6:bdf:bfba:fb04:f78f:8491:1c7e,2
sdv-id-LiiSFZ,ACC_283,ENT_UK_019,15750.575572563854,USD,2026-01-20 01:48:31,150d:c430:ee63:5ab5:2e51:46c9:f5b4:adaf,1
sdv-id-IJdpYk,ACC_180,ENT_UK_015,820668.1912873785,USD,2026-03-25 18:54:42,de6a:312b:5ca9:213f:fd3f:6e7c:f19f:42b1,2
sdv-id-sRxXlp,ACC_144,ENT_UK_017,2226.1523164386012,USD,2026-03-10 13:32:35,13e3:836b:b76d:3f4e:960c:a647:2f9:ae8e,1
sdv-id-TiLyuq,ACC_180,ENT_UK_008,997570.4889464378,USD,2026-01-11 19:56:33,9169:7845:1d42:e529:39fe:c469:25de:ded4,2
sdv-id-QqPVGw,ACC_158,ENT_UK_017,71147.20029415235,USD,2026-01-26 00:28:24,cb8b:3079:17da:caed:57bc:d207:54e:a5e2,1
sdv-id-hBcVKW,ACC_212,ENT_UK_019,31658.320406737625,USD,2026-03-17 07:58:28,1ecb:b5f8:4f7d:ef85:adf3:bf02:c9f3:4791,2
sdv-id-LaGGet,ACC_212,ENT_UK_002,24916.88658016971,USD,2026-02-23 04:45:46,6d6e:f3f4:134c:3393:53eb:1462:ceb7:d4b3,2
sdv-id-TWxgJQ,ACC_174,ENT_UK_017,999631.2111706987,USD,2026-01-13 08:11:52,d89d:8634:65de:ef44:a31e:3d4:8f20:21d5,1
sdv-id-YugONJ,ACC_236,ENT_UK_003,1194209.8391526565,USD,2026-03-05 14:52:14,8a3a:8a13:5ac1:eb18:a72d:1fe1:24d6:2b21,1
sdv-id-neEdJj,ACC_206,ENT_UK_016,23960.53969867895,USD,2026-03-18 13:56:54,bf95:2a89:ff7a:1343:9ba6:6519:bf79:7a21,2
sdv-id-RcaQjc,ACC_158,ENT_UK_003,58435.415473860034,USD,2026-01-27 23:36:13,f80b:c593:1447:72e4:6eb9:a96d:a7a5:9f6f,1
sdv-id-fcTAwQ,ACC_292,ENT_UK_004,762120.9755555792,USD,2026-03-04 23:17:18,89a6:93c:b036:34e6:cacf:2e78:5f87:6679,1
sdv-id-qRkLrQ,ACC_112,ENT_UK_006,934008.9391263725,USD,2026-02-02 03:30:21,6a9e:58c3:f194:9379:a25b:d975:62c0:326f,2
sdv-id-kbZUzq,ACC_292,ENT_UK_017,133752.33433195302,USD,2026-02-18 23:39:46,6bed:7ce5:a1f7:bbec:7888:c1ce:7ffb:9d2a,1
sdv-id-vbEkrF,ACC_180,ENT_UK_012,10735.961618949335,USD,2026-03-21 06:33:12,883b:79e1:2337:c7f1:c140:13a7:79f3:e5a,1
sdv-id-Heqsvn,ACC_144,ENT_UK_003,978917.9191057476,USD,2026-03-31 08:20:15,8105:e3cb:57df:90b5:b50a:e9e5:f854:bb77,1
sdv-id-ziWBBu,ACC_212,ENT_UK_001,19266.706553266224,USD,2026-01-27 07:40:12,a826:1fd7:ece9:4abc:cab3:fc5e:a5c:fb21,2
sdv-id-MNaFCr,ACC_180,ENT_UK_010,305215.68175614363,USD,2026-03-12 11:21:31,127:ca6e:13ba:5473:3c00:7b3d:4a40:ed1e,1
sdv-id-tCoNgo,ACC_135,ENT_UK_011,215383.95389230945,USD,2026-03-21 11:45:02,3512:d442:2366:ec9f:e2cc:17bb:69fd:5d43,2
sdv-id-ZVZxFb,ACC_144,ENT_UK_013,313678.42588572216,USD,2026-03-15 20:02:02,5c33:dd4b:faf1:b419:c05a:7f90:d71f:b22a,2
sdv-id-trJfcY,ACC_180,ENT_UK_017,103400.49467562248,USD,2026-03-29 22:04:58,c4b0:29c5:d13d:57e5:ee0:3315:4fad:5f26,2
sdv-id-oFACld,ACC_212,ENT_UK_007,26755.84022799029,USD,2026-01-21 22:37:04,9220:3625:e9b3:79d4:931a:943f:a32e:6eca,2
sdv-id-GUALLD,ACC_144,ENT_UK_017,26058.41460268227,USD,2026-01-10 05:15:29,5255:6732:b463:6555:b5e6:edc4:23da:c92d,1
sdv-id-wAVyah,ACC_110,ENT_UK_003,279050.4164750052,USD,2026-03-25 17:33:26,24b0:fa5:6b25:f5fc:d03f:d0a2:ae4d:e054,1
sdv-id-Pctyrf,ACC_227,ENT_UK_010,2120.788821619594,USD,2026-03-22 20:26:08,b501:2581:eaa5:6775:3476:a25:432a:6c3f,1
sdv-id-IALjVy,ACC_144,ENT_UK_009,574753.1669651712,USD,2026-03-21 21:25:57,c5b7:93fc:71b3:7898:d2e6:a609:1ec6:ce38,2
sdv-id-TFHdBa,ACC_206,ENT_UK_007,308096.9140937534,USD,2026-01-13 18:36:26,479e:d325:1622:cf87:4e9f:a1d:c136:655d,2
sdv-id-MMOvmf,ACC_289,ENT_UK_006,9463.073539131066,USD,2026-02-13 08:20:00,4b1e:f0ef:3d85:635f:a6b:5990:a9aa:1293,1
sdv-id-LCsApV,ACC_219,ENT_UK_019,194393.6789252908,USD,2026-03-20 08:54:23,dbd6:3862:ea76:7bb0:671d:a93c:60bd:50c3,2
sdv-id-JiXMgQ,ACC_227,ENT_UK_002,794678.4563524044,USD,2026-02-04 11:13:52,5ca6:b44c:95bd:56b8:ebba:ac9f:2fa3:95e2,1
sdv-id-NTcUfw,ACC_194,ENT_UK_002,133262.2566188622,USD,2026-03-08 02:47:56,683c:c451:1921:3137:58e1:20be:de4c:44a9,1
sdv-id-UxoLeN,ACC_236,ENT_UK_014,4569.3367500588065,USD,2026-01-05 08:11:21,86ee:9df9:b3b8:a396:ff16:5740:4e9e:39a5,1
sdv-id-JyeFlu,ACC_292,ENT_UK_006,12552.371291837107,USD,2026-01-29 16:49:01,e1c4:145c:b9c0:d265:2823:6f5b:eaf4:259a,1
sdv-id-ioSKKr,ACC_212,ENT_UK_003,65571.10095893187,USD,2026-02-25 23:59:30,bf58:2b94:fd3b:895b:e47b:7af8:433f:9e1a,2
sdv-id-intNwg,ACC_268,ENT_UK_018,11870.770062743832,USD,2026-03-04 07:43:12,fb40:408:7e38:4642:cf2a:99f0:a7d3:58f0,1
sdv-id-RYAqBH,ACC_175,ENT_UK_001,51783.02475101125,USD,2026-03-21 06:42:35,8736:364d:90d3:a7cc:b01:eabe:2115:5152,2
sdv-id-VkgUhW,ACC_283,ENT_UK_009,168039.75758676633,USD,2026-01-22 16:44:38,59cc:cafb:923a:b120:efc2:6565:a3a2:f150,1
sdv-id-cRWhnh,ACC_250,ENT_UK_008,230139.93026792444,USD,2026-02-04 19:40:21,53fc:48f1:5358:432:8faf:a6fc:a724:ce0a,1
sdv-id-qrTCGd,ACC_210,ENT_UK_017,72857.7640345446,USD,2026-02-04 08:42:47,c9a:4156:b1d:8683:939e:51c9:3f5c:fcf3,1
sdv-id-WFssvC,ACC_212,ENT_UK_012,154124.30290235044,USD,2026-01-23 23:27:43,def4:cffe:6d17:c234:b815:7336:d09a:fc97,2
sdv-id-sESPQl,ACC_283,ENT_UK_004,980384.2408842735,USD,2026-02-28 08:27:23,aab2:57bf:7e78:fa48:ec4b:a55a:b9e5:edf2,1
sdv-id-EULyJn,ACC_227,ENT_UK_014,473034.85797986225,USD,2026-02-19 22:11:32,af0e:e76:7f53:3b22:42d7:75d9:d20a:526d,2
sdv-id-QWMFsj,ACC_236,ENT_UK_002,1783.8536130483735,USD,2026-01-25 18:33:16,bfdb:f995:e387:90a1:230c:ac90:aca:2c40,1
sdv-id-AnkopN,ACC_110,ENT_UK_005,205528.487767191,USD,2026-02-21 03:36:19,f5b4:63a9:c76a:1e5d:7d56:34c0:6e0a:9ace,1
sdv-id-pMIbRD,ACC_212,ENT_UK_006,146411.9378039758,USD,2026-03-22 10:10:35,9ba6:554:5a0c:23d0:a559:8b3:ec23:8ad0,2
sdv-id-wcmyiu,ACC_180,ENT_UK_007,1222.6631164908038,USD,2026-01-19 10:56:16,d9d0:3bd2:10bd:5759:749b:6275:81c0:ceb8,1
sdv-id-FXCjuh,ACC_289,ENT_UK_007,13353.205109528304,USD,2026-01-14 22:20:47,20b3:cb10:edc1:42d4:ea10:68a9:16b2:4da,1
sdv-id-aJNjcr,ACC_241,ENT_UK_016,303184.96207843296,USD,2026-02-02 10:41:53,b2fe:b382:169e:5959:2a69:2185:f65f:10af,1
sdv-id-TXnUbP,ACC_236,ENT_UK_015,1698450.3710959714,USD,2026-03-14 01:18:03,5509:ce3b:d3ba:f44a:9215:b578:4cc:d0fb,2
sdv-id-kvDoSx,ACC_250,ENT_UK_015,576157.804509324,USD,2026-03-21 09:56:26,a6dc:120a:1b8:4903:8b0b:47a4:a4c9:5829,1
sdv-id-BqXZlf,ACC_110,ENT_UK_007,7829.790573931281,USD,2026-03-01 05:34:36,56:70de:da22:6071:9566:9e94:48c0:5612,1
sdv-id-MORJeI,ACC_268,ENT_UK_009,41114.87516412356,USD,2026-01-07 09:47:12,c955:36a4:4:196:4c10:f979:1dbd:a709,1
sdv-id-zZzDSU,ACC_250,ENT_UK_005,76076.54006228213,USD,2026-01-28 18:21:03,1e99:63e0:43d8:f53d:c2ad:d488:2313:df11,1
sdv-id-ldSJfW,ACC_144,ENT_UK_019,74839.9235963795,USD,2026-01-08 22:41:46,b808:7c45:bb8b:d25f:deed:927b:a87a:5003,1
sdv-id-VKxdGV,ACC_236,ENT_UK_003,3203.836479526271,USD,2026-02-19 02:19:55,a4:b8aa:16ac:bc99:c984:f269:317b:ce60,1
sdv-id-MKHYcs,ACC_180,ENT_UK_017,8299.254465771586,USD,2026-01-02 16:26:39,5b9:59cc:a079:b238:e7ae:be23:b3b8:261d,1
sdv-id-iHSHqT,ACC_212,ENT_UK_013,272725.0075615444,USD,2026-02-03 20:33:32,6c5e:c0e1:10e9:5a10:6a4e:f905:cfe3:f636,2
sdv-id-QVVjvG,ACC_212,ENT_UK_011,294909.2209213601,USD,2026-01-26 14:55:27,c241:db7a:6817:35b9:ec3e:8f94:d239:15d9,2
sdv-id-NNztCi,ACC_116,ENT_UK_002,19554.27910771914,USD,2026-01-11 18:16:26,26ec:81f8:9773:71c0:4be5:24e8:eed9:3f44,1
sdv-id-qoqKiT,ACC_274,ENT_UK_004,924.9729955795098,USD,2026-02-16 11:50:54,2b2:a946:eddc:29c8:e2a3:f7b7:330c:66f4,2
sdv-id-riAoWf,ACC_180,ENT_UK_012,378027.8194294377,USD,2026-02-24 11:10:28,4ece:ee76:ebc7:ba2c:4dd5:f9ac:d0dd:76f0,2
sdv-id-GDnyCG,ACC_292,ENT_UK_002,963.7501528046914,USD,2026-01-26 14:54:33,e0cc:1ca2:f36d:3941:8442:4b6b:bb6f:1397,1
sdv-id-isiUHK,ACC_236,ENT_UK_019,41572.092836505755,USD,2026-01-22 22:44:24,417f:135f:4a7b:87ba:7bed:7a7c:fc9e:b825,1
sdv-id-BygsSB,ACC_144,ENT_UK_006,1049.9377788805043,USD,2026-02-24 10:29:00,8894:604c:a0be:679c:8c92:cba9:a7a0:738f,1
sdv-id-ftUkxt,ACC_227,ENT_UK_009,166421.00327423442,USD,2026-02-03 00:56:47,e3c1:e135:12dd:c4c1:21c0:387d:9516:46ac,1
sdv-id-oakXSD,ACC_236,ENT_UK_008,27780.02713171131,USD,2026-02-04 18:24:45,8bbf:a09c:5429:a2d4:eb79:6629:e61e:25bf,1
sdv-id-EePuMF,ACC_158,ENT_UK_011,55541.568911992465,USD,2026-03-27 08:16:16,ba69:dfb3:6b2:effb:49f6:11ff:2cb5:8560,1
sdv-id-CnQXXw,ACC_227,ENT_UK_002,367266.0929706852,USD,2026-03-13 08:54:56,b79e:8f00:bc0b:1712:433d:8349:3209:d143,1
sdv-id-RkxoGB,ACC_206,ENT_UK_008,1283682.7186225783,USD,2026-03-20 01:08:34,3be9:be29:354b:b717:e777:eef1:1372:3761,2
sdv-id-QWBrjb,ACC_212,ENT_UK_018,29399.674235525952,USD,2026-01-06 08:48:56,843d:5f21:f25c:3810:f154:f55b:7b0e:d093,2
sdv-id-vZdYyn,ACC_212,ENT_UK_013,70049.39725380625,USD,2026-04-01 13:45:42,dd52:6128:72ed:99ee:2616:b7ea:deb1:f54a,2
sdv-id-iiiWGn,ACC_223,ENT_UK_006,179285.51564201308,USD,2026-02-10 18:09:54,6dc9:c0a2:aedd:5f5a:6502:485d:20c3:18f1,1
sdv-id-rUbEXf,ACC_206,ENT_UK_009,169668.5645335884,USD,2026-03-13 06:49:52,b881:5ca7:1781:2db3:afb2:dc96:dde:ad4e,2
sdv-id-wrfbhE,ACC_250,ENT_UK_012,939.030413342249,USD,2026-01-07 14:04:14,4244:511:8597:6717:4ee5:ed47:2d7f:acb4,1
sdv-id-alfmBR,ACC_144,ENT_UK_008,82770.96275223944,USD,2026-03-13 07:32:43,a280:f65:cab5:31a7:6528:9131:1628:e491,1
sdv-id-sPzCUj,ACC_144,ENT_UK_004,463235.0412982855,USD,2026-03-12 07:39:07,615c:8c75:49a8:3734:b505:4b38:d3ec:6a27,1
sdv-id-YgrYrU,ACC_277,ENT_UK_017,237471.6523574703,USD,2026-03-20 22:43:56,9b8c:179a:544a:2965:5d54:8a2c:c0d2:f1ff,1
sdv-id-urEuEf,ACC_150,ENT_UK_015,3096.030040004269,USD,2026-03-30 14:37:49,a2b8:43fd:2aa3:833e:2359:92cb:d868:7b31,1
sdv-id-EhtTxZ,ACC_292,ENT_UK_006,46073.26004164321,USD,2026-03-25 23:37:29,c7cb:8803:9554:dc9a:f3ea:15b5:77d:2ef9,1
sdv-id-USwlVi,ACC_206,ENT_UK_017,67983.08039494244,USD,2026-01-02 07:54:55,c1d2:6ee8:5bdf:8aac:ce57:3b9f:cb4f:2070,2
sdv-id-amcovH,ACC_227,ENT_UK_004,15320.812994268448,USD,2026-01-16 23:01:37,6877:8a46:21f9:29d:28ae:f13a:c187:7c1c,1
sdv-id-YlNrLr,ACC_212,ENT_UK_008,2133415.876746207,USD,2026-03-21 01:40:25,4af1:5e55:cd65:4049:65f2:9a9c:3d91:cb15,2
sdv-id-zKtHTl,ACC_180,ENT_UK_014,7538.492619538943,USD,2026-03-12 17:23:10,73ba:37d4:869:2bf:e47f:6888:6cc3:62e6,1
sdv-id-rIeZFe,ACC_194,ENT_UK_004,130796.6483505788,USD,2026-01-03 19:13:14,d07e:44a2:d19b:92fc:518e:9a2e:f2e1:d25f,1
sdv-id-AAprOa,ACC_212,ENT_UK_009,700065.1563772673,USD,2026-01-08 20:51:12,47a8:c6c4:893a:c54f:2f30:7810:be73:bb14,2
sdv-id-oNmdUO,ACC_283,ENT_UK_004,1534.8514595035151,USD,2026-01-07 09:58:23,d6f3:5918:80b1:20f3:6967:877d:16ca:d2d8,1
sdv-id-PQqUwj,ACC_116,ENT_UK_009,29193.45451611723,USD,2026-03-02 19:10:00,3883:702c:f180:ea5c:9a02:9bf5:4067:8fec,1
sdv-id-CreCiW,ACC_150,ENT_UK_013,173606.72717227225,USD,2026-03-12 20:33:46,de65:2e2:9324:eab5:ea59:a84f:b414:f3f1,1
sdv-id-jJSXgj,ACC_227,ENT_UK_011,686282.7525448585,USD,2026-02-19 11:40:09,29f1:662d:84f7:560a:a0d4:f75:1707:8bd4,2
sdv-id-jvBPQa,ACC_274,ENT_UK_016,512340.851808295,USD,2026-03-23 08:09:06,c27:1070:aa76:4bfe:440d:62a9:84c0:1254,2
sdv-id-ztPauD,ACC_241,ENT_UK_015,1338061.575041762,USD,2026-02-04 02:04:00,be40:1010:9036:691b:a006:b562:c756:ba4,1
sdv-id-jWsoYA,ACC_236,ENT_UK_019,916.3980748513565,USD,2026-02-20 03:04:01,6cd8:2065:3a4d:848c:448a:3b0e:9f62:8940,1
sdv-id-fcPtuB,ACC_268,ENT_UK_012,35239.46294438567,USD,2026-01-21 21:20:32,e123:a1bd:76de:7a4c:cea4:c0ce:a2c4:3bc3,1
sdv-id-ZeWBsM,ACC_227,ENT_UK_016,530318.9241607494,USD,2026-03-27 00:03:31,9bfd:8c9e:9058:5dbf:8f90:b68d:334a:8cb4,2
sdv-id-eXCIxL,ACC_135,ENT_UK_019,1403.6645187625477,USD,2026-01-06 18:58:00,783b:1079:12a6:99e0:4d70:e3dd:d821:d9ca,1
sdv-id-xPGyOA,ACC_236,ENT_UK_004,382915.1986439092,USD,2026-01-06 13:45:21,1182:20ee:7aa7:6754:e465:1c21:ce66:5cd9,1
sdv-id-OHzBmi,ACC_250,ENT_UK_002,1709456.565388041,USD,2026-01-07 03:36:43,8e4:f948:d114:c686:5074:ca82:7e85:9a38,1
sdv-id-ThQzTz,ACC_180,ENT_UK_012,318851.00797812594,USD,2026-01-19 17:00:58,bc4e:1a9c:9735:e296:3af5:4a53:aaba:4fd6,1
sdv-id-GpxtSy,ACC_292,ENT_UK_004,23089.54744938409,USD,2026-02-01 08:32:31,a3bf:cee4:affa:b242:ce16:fee1:8:1cef,1
sdv-id-qsZCJb,ACC_212,ENT_UK_009,4977.539154874458,USD,2026-03-10 20:07:19,a84e:5a14:b857:4504:e5f5:12b5:a31e:ca2,2
sdv-id-PgnBGq,ACC_289,ENT_UK_011,6059.422960121276,USD,2026-03-10 20:45:04,df10:41c3:3f2f:4fc9:f0a1:1f7b:9df1:d65f,1
sdv-id-jvbZwf,ACC_110,ENT_UK_015,698874.5179587952,USD,2026-02-27 03:14:51,3ab5:a002:6c34:cd49:be06:4b65:6c5e:2686,1
sdv-id-ONpThm,ACC_180,ENT_UK_019,136754.9996173762,USD,2026-03-15 15:49:12,79e1:c298:d901:8e08:2fda:8630:4e81:3271,1
sdv-id-fPIXOk,ACC_274,ENT_UK_010,21232.82427141382,USD,2026-03-11 06:30:54,361d:4a60:2dcc:dc99:cbee:8b35:97af:6682,2
sdv-id-fLLiiD,ACC_194,ENT_UK_006,1082.536898894462,USD,2026-03-02 23:52:04,59ee:29b8:e06b:ebbf:e7c9:b2de:c36b:308b,1
sdv-id-pajpOc,ACC_158,ENT_UK_001,1480.7541431941054,USD,2026-03-12 09:34:23,d1a6:eba9:b36:918b:c808:831f:c865:d7e2,1
sdv-id-voVapA,ACC_236,ENT_UK_015,70215.78574162266,USD,2026-02-27 00:04:48,7d9a:dc84:ed7d:33ab:a50c:6cc1:b6a5:55a7,1
sdv-id-tKzlEW,ACC_110,ENT_UK_008,6445.238693391219,USD,2026-01-18 02:12:17,3573:8704:f953:9d62:1f52:afc4:477a:6472,1
sdv-id-AJzVaA,ACC_274,ENT_UK_015,919.8869547952312,USD,2026-01-06 15:11:36,11e6:d080:ae09:e398:1098:6f0a:e2ea:5fb9,2
sdv-id-RSPqrs,ACC_292,ENT_UK_003,9582.380862960346,USD,2026-03-10 05:52:40,cbae:2039:e839:f7f5:1bb7:ad7a:9084:1ed9,1
sdv-id-XYuQjE,ACC_250,ENT_UK_013,14640.04091305652,USD,2026-03-02 08:04:36,28de:9fe4:cfd4:63d4:d7d:345:3f5f:901d,1
sdv-id-YbWzul,ACC_135,ENT_UK_003,2557.180959818518,USD,2026-01-07 10:47:45,7f8a:24b1:8822:3761:4823:c0ae:e6a9:7194,1
sdv-id-AojuOQ,ACC_206,ENT_UK_001,60119.60098905978,USD,2026-03-11 22:42:37,39bb:8cca:6faf:afac:e456:4cc3:7b17:b258,2
sdv-id-VyDjZe,ACC_227,ENT_UK_005,314135.735862791,USD,2026-01-09 07:17:41,1317:474:8702:4e:6be4:c6ac:ee69:7706,1
sdv-id-gHSyDZ,ACC_212,ENT_UK_003,314958.7470950433,USD,2026-01-31 07:12:42,21ed:3337:fd43:b7df:b396:d730:6512:9ce8,2
sdv-id-kLLPOl,ACC_144,ENT_UK_007,1068.8780952403154,USD,2026-01-29 06:01:12,25f:b14b:1c67:f31f:4cfc:966:b25c:b062,1
sdv-id-UZqspY,ACC_175,ENT_UK_013,934.7232555764144,USD,2026-02-03 09:50:42,4e98:cc88:936:8f32:35ac:c455:e2cf:b943,2
sdv-id-lEfQHN,ACC_212,ENT_UK_008,14507.37957885293,USD,2026-03-17 14:43:00,622e:357d:2927:ce7b:43a2:2fd4:7b76:93c8,2
sdv-id-gyZDaP,ACC_194,ENT_UK_017,14843.620677446204,USD,2026-01-15 18:54:17,99a1:80ac:1140:9ac2:1de3:45f5:fecb:dcb7,1
sdv-id-IWoPqX,ACC_283,ENT_UK_005,63780.59511061713,USD,2026-02-01 23:28:26,7fa5:f5f7:7401:113e:38bc:bcbe:2a98:70d1,1
sdv-id-jlZQSG,ACC_241,ENT_UK_013,1621.908567830014,USD,2026-03-31 22:48:27,ed39:6103:15d1:8911:2f0b:9181:f1cf:dd13,1
sdv-id-cKstfq,ACC_148,ENT_UK_005,185560.7909550129,USD,2026-01-04 23:58:14,52b2:5322:9d0e:3c9:6cd6:a1c1:a4b0:b06d,1
sdv-id-pAinMp,ACC_210,ENT_UK_015,59860.02477986262,USD,2026-03-20 17:46:29,169:180e:e42:8a94:7215:8e75:af89:775,1
sdv-id-oIOMhe,ACC_236,ENT_UK_018,71818.1179952537,USD,2026-03-27 22:56:53,bbf2:8a50:a5d8:c33c:64df:67e2:e31f:90de,1
sdv-id-CiiFKX,ACC_212,ENT_UK_017,352124.17587349657,USD,2026-01-08 10:29:51,66e6:bc9a:d7a6:90ae:10ef:b988:16f0:9dbe,2
sdv-id-PhYCOE,ACC_180,ENT_UK_007,3494.186122628113,USD,2026-02-25 14:09:24,ec92:b1d:693d:6fbb:9db5:f158:5eb0:1cd,1
sdv-id-COUyDB,ACC_250,ENT_UK_012,2044.0755855527932,USD,2026-02-11 08:55:23,50b4:7058:b71f:1865:ab22:55aa:15e6:f31d,1
sdv-id-mTDUnT,ACC_135,ENT_UK_008,1096.8198097303623,USD,2026-01-05 09:30:21,5cd9:a1e2:71bb:72e1:2942:26ad:843e:7b66,1
sdv-id-RLaErV,ACC_274,ENT_UK_019,164239.88719481675,USD,2026-01-23 03:10:25,6b7f:d0f0:c59b:cad1:5a72:5b69:70fc:e4df,2
sdv-id-jtLweW,ACC_236,ENT_UK_014,574110.3938513936,USD,2026-01-05 13:12:33,d011:a005:c929:a86f:b8c2:f010:cc0:71cf,2
sdv-id-sydoPj,ACC_194,ENT_UK_019,15851.036545038922,USD,2026-03-18 13:02:06,7c64:b356:a66a:4cd1:9f1b:55d9:23b8:cda4,1
sdv-id-ILVHry,ACC_268,ENT_UK_014,332874.661918705,USD,2026-01-14 08:18:21,81ff:f142:3fbf:83a4:5c54:de58:c446:e399,1
sdv-id-RWCjks,ACC_180,ENT_UK_010,68766.21368142524,USD,2026-02-20 13:19:29,5c9e:cefb:932d:f7e:6706:b42a:d407:1230,1
sdv-id-ZIhNso,ACC_158,ENT_UK_002,29677.597634766214,USD,2026-03-04 16:38:40,bed7:afbb:7c99:6c5e:5566:96b:8586:bd2d,1
sdv-id-vuYREP,ACC_227,ENT_UK_005,76089.47825693843,USD,2026-02-13 22:50:40,4494:cce:fc66:e53f:bede:3fcd:f292:115e,1
sdv-id-uwBcvx,ACC_174,ENT_UK_007,12086.254881789791,USD,2026-02-26 04:25:57,5d7d:d3e4:78b2:2efc:dee8:7bec:fc6e:cb18,1
sdv-id-ppmAkU,ACC_212,ENT_UK_002,7139.124661216119,USD,2026-02-28 11:52:15,f780:53b9:71ae:3239:6b96:6dc0:e02e:37b8,2
sdv-id-tfPSlK,ACC_212,ENT_UK_013,26238.262349139484,USD,2026-01-20 22:58:34,c2b0:aa3a:91be:7c15:3897:64ae:b40f:5915,2
sdv-id-AUnIZU,ACC_161,ENT_UK_012,144634.3170061908,USD,2026-03-28 19:47:42,fc55:d2ed:9727:f1fb:fb8c:e2df:abf1:2d79,2
sdv-id-tEeRJI,ACC_236,ENT_UK_016,3667.911346940079,USD,2026-01-14 03:23:55,643e:70a4:29d8:70c:f9ca:5034:8978:f7a2,1
sdv-id-nGYcyp,ACC_148,ENT_UK_012,21909.61381409469,USD,2026-01-26 19:13:15,d8b7:2c74:47b3:21ad:3659:ee60:7f17:e527,1
sdv-id-QPVEAX,ACC_210,ENT_UK_013,27125.59397694427,USD,2026-03-10 14:35:31,fc2f:2d97:83aa:d761:6726:5b0:9c1:9540,1
sdv-id-FGxQWD,ACC_250,ENT_UK_001,1010537.1806030172,USD,2026-02-03 17:26:53,2c80:2c8d:b67b:4861:41aa:eb7:ffc5:d208,1
sdv-id-AOsNHr,ACC_174,ENT_UK_002,129407.69291208166,USD,2026-03-04 18:17:53,f81a:5613:cd62:ce39:17f4:31c3:aacb:7283,1
sdv-id-ncJtgq,ACC_212,ENT_UK_013,205447.45551670555,USD,2026-03-03 00:23:03,e579:b026:e850:baf3:2ebb:a7e7:997f:f3f6,2
sdv-id-KNoQmI,ACC_148,ENT_UK_002,83182.33765268403,USD,2026-02-09 23:42:26,ec40:3fe1:cd48:c302:d716:712b:92cd:3dfd,1
sdv-id-cIrVCb,ACC_212,ENT_UK_018,86655.20397360147,USD,2026-01-29 16:50:12,ae1b:a43b:90b2:4834:dfcf:bb14:24d0:c74e,2
sdv-id-cCoTNv,ACC_241,ENT_UK_008,970600.882321556,USD,2026-02-23 19:18:32,b01d:7c6d:2497:e159:da5c:cc17:ed82:dc48,2
sdv-id-AFjhsv,ACC_144,ENT_UK_013,68597.90233203664,USD,2026-01-14 11:07:13,66e9:8f3e:c959:602c:6dd1:d65c:3cf5:53ba,1
sdv-id-uAAvTx,ACC_236,ENT_UK_002,743051.6160824485,USD,2026-03-26 01:05:40,c3ac:d69e:38b0:a8ae:1fa9:e01d:4162:9189,1
sdv-id-uxVbWy,ACC_212,ENT_UK_013,128709.16685984108,USD,2026-03-17 09:18:51,f8e8:443f:59f3:4cdb:4f6a:e073:230d:491a,2
sdv-id-iCbFGU,ACC_158,ENT_UK_015,505581.64222204126,USD,2026-01-30 06:50:52,9020:e61a:2169:e6e0:9ee1:8884:a7df:2d5d,1
sdv-id-fxNTqL,ACC_206,ENT_UK_019,301072.31537453836,USD,2026-01-16 08:35:11,2220:bd06:7953:4f61:2b1b:5e21:3f1f:5ec1,2
sdv-id-vlkOIo,ACC_144,ENT_UK_007,409879.6340022751,USD,2026-01-31 23:28:57,3744:44b1:ae6b:41f:7471:a3e1:c93c:be81,1
sdv-id-KWPdxc,ACC_144,ENT_UK_001,3364.693607505305,USD,2026-01-13 20:38:38,f8f7:bd9a:f7fb:c307:dd79:a5d0:7b3d:e571,1
sdv-id-ZNFnsM,ACC_250,ENT_UK_017,25067.803661606547,USD,2026-01-14 16:27:50,7632:4ebe:20f6:9341:ef34:2a0f:7d:a123,1
sdv-id-uxFSkk,ACC_116,ENT_UK_011,345556.84089743736,USD,2026-03-11 05:25:23,f28c:494e:83d7:d03e:5668:c668:3c5d:c8f,1
sdv-id-PciXxZ,ACC_144,ENT_UK_004,950.19537352078,USD,2026-02-01 16:59:29,b612:a22b:7d39:5468:fd8e:407d:941e:ac16,1
sdv-id-wVEVCS,ACC_236,ENT_UK_009,943.0041853737124,USD,2026-01-18 17:55:59,a346:e6bc:80e0:f91a:d3fe:e067:463b:5c3d,1
sdv-id-rarYtC,ACC_150,ENT_UK_012,315966.9305348758,USD,2026-03-20 18:35:07,15b8:f8a8:6873:4f14:ed73:9015:a304:9f38,1
sdv-id-EUWple,ACC_194,ENT_UK_017,6707.714573197493,USD,2026-03-19 15:43:29,593a:9e6b:8d58:dc3a:d108:f776:c5e5:6716,1
sdv-id-FuzTtG,ACC_212,ENT_UK_016,269312.10828758037,USD,2026-02-01 23:00:17,b647:7af8:a818:c2ab:f11c:acca:e0c1:7e48,2
sdv-id-UIcMqB,ACC_202,ENT_UK_003,3570.164565036598,USD,2026-01-01 03:01:40,2090:e5de:d674:d07a:498c:3d38:4185:4a36,2
sdv-id-uXQLjx,ACC_180,ENT_UK_007,240987.67552543303,USD,2026-01-17 14:14:01,be1b:2b5a:a0c5:e98e:aab4:4c1d:ed85:3bcb,1
sdv-id-dhFvsr,ACC_241,ENT_UK_013,20851.065019702837,USD,2026-02-25 01:08:58,60ed:85f8:f21f:8cd8:50ab:4285:5e92:9ea0,1
sdv-id-yTPDiM,ACC_144,ENT_UK_015,4818.747465592998,USD,2026-01-30 19:49:35,f712:7a02:cdd8:b1c3:28ac:fe6a:c31f:fbe7,1
sdv-id-GuSPuj,ACC_148,ENT_UK_001,15435.029859063265,USD,2026-02-09 21:21:00,f205:6e11:bbe5:2c1f:e84d:115a:2687:8c76,1
sdv-id-uFueTx,ACC_227,ENT_UK_010,132611.19839142938,USD,2026-01-22 00:43:18,ac8:3fdb:255a:e383:3ade:1ccb:19f4:4f0f,2
sdv-id-YVmvIU,ACC_268,ENT_UK_007,808715.1863221898,USD,2026-02-14 18:31:42,c0b1:55f8:7a7f:2154:4413:b0d9:ab52:fabe,2
sdv-id-YMiRXa,ACC_283,ENT_UK_016,89529.31191400655,USD,2026-02-20 00:53:39,f0c:bd69:c37c:9126:6dd:4025:7e8a:62a4,1
sdv-id-nKYZTI,ACC_110,ENT_UK_015,656776.9332999866,USD,2026-02-02 10:09:19,3c4b:6413:6f0f:74d3:831b:f0a0:eec4:296a,2
sdv-id-pwAdqi,ACC_236,ENT_UK_017,628513.8535956827,USD,2026-03-16 19:03:13,ed53:4323:872c:6b37:8ca0:9e83:ded8:7633,1
sdv-id-cFdzWG,ACC_236,ENT_UK_013,1904.58595274972,USD,2026-01-20 23:50:01,2e8e:aa12:8f25:a432:701b:51bb:358d:c8c9,1
sdv-id-DQfoUL,ACC_150,ENT_UK_009,11948.988687340185,USD,2026-02-13 21:25:30,8976:90fe:90ea:b34b:34f8:c12d:12f2:b871,1
sdv-id-jPoSev,ACC_283,ENT_UK_007,13720.919850851093,USD,2026-03-25 01:01:31,7570:2081:5052:8afe:9fa8:1924:b1ea:8dc7,1
sdv-id-iywOBa,ACC_268,ENT_UK_010,10741.990253544343,USD,2026-01-13 22:46:08,7684:1ed6:a30d:f951:9311:1d7e:a9c5:757f,1
sdv-id-vBsaoM,ACC_135,ENT_UK_003,84281.0531711131,USD,2026-03-21 14:59:19,2a9b:ad93:8742:ad01:dbb:ce84:56fd:8b92,1
sdv-id-shrWiW,ACC_212,ENT_UK_011,799972.6857130816,USD,2026-03-16 15:18:37,6f88:8ca:e43c:e36c:443f:c523:9bda:d217,2
sdv-id-fmXgLE,ACC_180,ENT_UK_011,676193.55558677,USD,2026-04-01 10:55:06,d9cc:c3b6:5e87:dd2a:adc6:98b0:c397:2e2a,1
sdv-id-lvBQCb,ACC_175,ENT_UK_006,72882.41812820768,USD,2026-03-11 06:34:13,b91a:b1bd:da36:7316:f1dc:dc86:dfd0:74aa,2
sdv-id-xiWJtu,ACC_110,ENT_UK_010,358128.7584326013,USD,2026-01-04 04:46:16,5e53:ce51:dd12:47d:cb9b:e5f4:d4cf:846d,1
sdv-id-UrDIgV,ACC_180,ENT_UK_010,1467.60807943782,USD,2026-03-28 14:49:22,6266:c140:a9e4:2eb9:7cb6:b610:2c16:8762,1
sdv-id-sAXwvv,ACC_144,ENT_UK_018,41156.92036974185,USD,2026-01-31 07:44:21,27c7:daf8:57ad:d0f0:fb8:299f:d77:1b2d,1
sdv-id-dOlDdT,ACC_289,ENT_UK_007,12717.7810678777,USD,2026-01-22 09:55:06,56c1:3177:8c5c:8a68:3b03:d206:8ec6:a012,1
sdv-id-gujxNs,ACC_250,ENT_UK_012,23494.781255837544,USD,2026-03-18 07:13:18,e000:297:1367:39d8:9a69:9df7:6cdd:71f3,1
sdv-id-CjKvqe,ACC_135,ENT_UK_013,210717.09326949043,USD,2026-02-04 14:37:34,c18e:c6a7:2949:98f5:d297:b9f7:73b5:be53,2
sdv-id-TZwaUI,ACC_135,ENT_UK_012,283863.78727250104,USD,2026-03-08 16:46:55,4f1:4f11:857f:1192:db1c:174:bdd3:42b,1
sdv-id-dFRcDz,ACC_219,ENT_UK_001,357113.3010610413,USD,2026-03-08 23:06:39,4338:90b:285f:e9a:3230:4c7b:4681:500f,1
sdv-id-ZwknLY,ACC_236,ENT_UK_004,3657.9277485736498,USD,2026-02-21 02:55:41,91bb:caa1:440c:b390:c31b:140:1e7e:599b,1
sdv-id-nDuMaf,ACC_109,ENT_UK_008,193676.94825734795,USD,2026-01-13 02:53:57,1523:1fd7:ad1d:cce7:2b27:107d:3e17:62d7,1
sdv-id-LFqTaA,ACC_236,ENT_UK_005,39048.01970138307,USD,2026-02-14 19:04:46,cff2:8d8d:ef91:86a4:3c6:ff09:4506:4216,1
sdv-id-NxkltF,ACC_212,ENT_UK_012,786384.2391567574,USD,2026-01-05 07:28:40,a4f3:e095:c53a:cf:91e2:ad20:9137:541,2
sdv-id-hQEiyw,ACC_206,ENT_UK_003,1492.3616733243978,USD,2026-01-16 07:10:43,4127:8da8:81f7:3cc8:b3b2:c27c:6e77:d379,2
sdv-id-lFPIfP,ACC_274,ENT_UK_007,302619.2990130533,USD,2026-03-07 09:36:51,1616:e9df:c01c:feb9:fac9:a150:85d9:d210,2
sdv-id-IVrvqi,ACC_236,ENT_UK_014,234955.0691742192,USD,2026-03-26 21:04:41,ec21:55af:f718:19f5:8a70:9e50:f8e5:afc7,1
sdv-id-ZGqOFF,ACC_227,ENT_UK_001,2534.645767306914,USD,2026-03-29 15:42:46,b668:f16a:7c7e:9957:ed93:eaa5:8bc8:6fa5,1
sdv-id-YMTTOB,ACC_212,ENT_UK_005,298914.53441506467,USD,2026-02-22 09:11:04,a20:303a:8e86:8b0a:e808:1863:67c5:248d,2
sdv-id-UpdnKM,ACC_212,ENT_UK_017,112541.7451791198,USD,2026-03-24 09:07:07,8d30:4e76:215c:c86e:ef7b:b85a:e909:17a9,2
sdv-id-HuSKuM,ACC_148,ENT_UK_012,62724.97007378488,USD,2026-01-13 01:38:31,4464:35ea:6d74:eaf7:226:9ca4:f3c0:51c3,1
sdv-id-zloAbO,ACC_212,ENT_UK_016,28159.401423762414,USD,2026-02-17 03:33:03,8d68:53f9:d453:373b:cc7b:c502:8e20:4bb3,2
sdv-id-iIvdrw,ACC_212,ENT_UK_005,926.8781091654796,USD,2026-03-01 13:04:54,d8a8:3901:3c1e:9518:f648:9f2f:c1ec:eb9,2
sdv-id-ajRcut,ACC_150,ENT_UK_008,949764.5793842552,USD,2026-02-14 01:34:57,7533:be56:ca04:965c:36d1:6ff:b121:f152,2
sdv-id-bQafnP,ACC_250,ENT_UK_004,35415.589836288374,USD,2026-03-19 11:32:54,fd6a:a7a7:21e6:ffd4:681e:67bc:13e6:45df,1
sdv-id-RKklvX,ACC_292,ENT_UK_016,554250.1819997483,USD,2026-03-02 23:33:56,f347:9937:d5c4:74ab:e5a8:63b1:aca8:6ec,1
sdv-id-ZwiLku,ACC_212,ENT_UK_016,19722.99559814405,USD,2026-03-01 12:52:35,7ae6:1182:c8be:e723:6e12:3699:4fa:d64,2
sdv-id-mDXGiK,ACC_283,ENT_UK_019,22670.936220166925,USD,2026-01-15 00:34:15,2a04:3805:e0ab:9d49:cceb:73:317a:644f,1
sdv-id-Jyppsf,ACC_268,ENT_UK_011,29704.515834645234,USD,2026-02-07 18:31:30,3206:9e82:8554:d3fd:3460:5b30:9cbd:cc06,1
sdv-id-wWNPVT,ACC_212,ENT_UK_019,48380.32005135077,USD,2026-03-09 15:14:06,add6:41cd:131e:2827:4ead:33c4:6efb:ba5d,2
sdv-id-bSBkUk,ACC_274,ENT_UK_011,1639.1621797380012,USD,2026-01-06 08:56:35,1b3a:8c0b:e610:e16f:2e57:236:434c:ed75,2
sdv-id-jMbezZ,ACC_219,ENT_UK_015,131065.88817194875,USD,2026-03-31 02:04:59,722d:b08f:52a9:6c9e:d4e9:c7fb:4bb2:e9f2,1
sdv-id-xHduuu,ACC_268,ENT_UK_015,454000.1986942332,USD,2026-01-01 10:02:19,ad3e:ce64:31ff:a35f:b76c:af83:9d6a:d7f1,1
sdv-id-GSNMIr,ACC_210,ENT_UK_019,942.41308585031,USD,2026-03-14 01:03:48,7a64:d4bd:21fc:3808:a61:e8b8:a77b:f5a9,1
sdv-id-yduUWz,ACC_212,ENT_UK_012,35200.968076023695,USD,2026-01-08 03:52:27,7871:9968:b1f3:2af4:a921:92c7:57c5:7357,2
sdv-id-wmuIAs,ACC_250,ENT_UK_014,975.9932139729052,USD,2026-01-23 16:42:29,7910:78cf:583d:7a3b:4303:2295:7c6e:2c83,1
sdv-id-cqjmmc,ACC_292,ENT_UK_006,941.9894113807952,USD,2026-01-23 06:20:56,4cd:63dd:5fe0:d58c:5c31:c2b:133d:f802,1
sdv-id-DAPReh,ACC_236,ENT_UK_002,4808.353018052437,USD,2026-02-15 05:01:37,c63f:9b55:1bc3:59e9:fcb9:8126:d077:b004,1
sdv-id-yskkxX,ACC_236,ENT_UK_012,226505.78483227149,USD,2026-03-10 18:38:33,4eac:ce09:f470:9376:d4df:eb1a:fbf2:9aa0,1
sdv-id-CmLEyg,ACC_180,ENT_UK_005,365520.9038416939,USD,2026-01-02 23:06:50,7b1e:7492:13e1:329d:27ca:6829:e209:8da2,2
sdv-id-AvRKGm,ACC_175,ENT_UK_018,1126592.928851783,USD,2026-03-05 11:51:58,6bc9:53f3:903e:ce14:bf32:2286:eb9a:60b0,2
sdv-id-rnNNMb,ACC_283,ENT_UK_008,100539.90158230127,USD,2026-03-03 02:59:20,1e97:f8e3:ab36:a8ce:7274:a93a:cff6:786a,1
sdv-id-RuxSLx,ACC_292,ENT_UK_009,8083.503301864483,USD,2026-02-03 06:08:48,f478:63b5:2f87:c699:6817:906a:7ec:dba3,1
sdv-id-QBfiqs,ACC_292,ENT_UK_007,51008.875896304125,USD,2026-03-18 21:52:04,bbb9:e929:da61:21b4:26a0:c51f:e3b3:28d2,1
sdv-id-hcvWOF,ACC_219,ENT_UK_004,509458.64339355385,USD,2026-01-05 20:52:01,e84f:d187:c8e5:b214:f703:3c5d:4146:5e78,1
sdv-id-JUCzaf,ACC_150,ENT_UK_004,22666.421860264287,USD,2026-01-18 22:05:32,6c19:31f8:7450:aab8:6135:b145:a413:5bb6,1
sdv-id-KcxFys,ACC_180,ENT_UK_005,624364.9646635901,USD,2026-02-11 06:50:44,a08f:93a:3d5:7a5:e49a:db60:18b7:3654,1
sdv-id-UmJWVv,ACC_148,ENT_UK_007,232260.4484300051,USD,2026-03-28 20:20:28,f9e5:4005:b8b4:92b7:c6c1:2e38:abda:b85b,1
sdv-id-lqvCEj,ACC_144,ENT_UK_012,168707.85519696574,USD,2026-02-08 01:17:21,339d:eca3:3665:3b86:e16:8b44:5950:4c01,1
sdv-id-CTISml,ACC_148,ENT_UK_014,96834.96328765056,USD,2026-01-24 12:46:15,5ca9:60b2:365a:6a86:946e:2613:31:3807,2
sdv-id-DguDXt,ACC_236,ENT_UK_015,130762.68246741511,USD,2026-02-02 02:56:47,7f75:a937:6faa:a80b:69b6:ead2:cf91:35a2,1
sdv-id-siXsYf,ACC_148,ENT_UK_001,680478.2932182727,USD,2026-01-20 07:13:10,a389:b156:6eb5:3aae:1d88:8844:5f94:2279,1
sdv-id-gtjcix,ACC_292,ENT_UK_003,826733.8502002574,USD,2026-02-12 07:40:07,e818:11f7:43f4:77f4:709:512d:140e:94ed,1
sdv-id-iTwenF,ACC_148,ENT_UK_013,3157.185925499384,USD,2026-02-06 23:23:24,5b1:808d:9c85:cdbd:a3eb:299a:25c0:c99a,1
sdv-id-sDzAlr,ACC_289,ENT_UK_002,92003.12159504938,USD,2026-03-16 08:20:26,50f7:11c7:bd28:110b:69ce:2155:d34e:bc7c,2
sdv-id-GigXPA,ACC_250,ENT_UK_011,23747.251847960262,USD,2026-01-18 21:47:43,dd94:bce7:2b90:19d5:470c:878c:1705:6503,1
sdv-id-jQzwqK,ACC_144,ENT_UK_019,976.7291167975786,USD,2026-01-27 01:55:12,1882:fefb:9f6c:7564:7817:1cd3:308:2440,1
sdv-id-NcdNyr,ACC_250,ENT_UK_008,378881.5380005238,USD,2026-01-30 16:18:24,39f2:144d:bd9e:c878:5a88:a68c:8b2:3894,1
sdv-id-rtSKrX,ACC_227,ENT_UK_010,253203.88223647673,USD,2026-03-18 16:11:06,2366:91cf:7b08:cc9d:af8f:cd27:c58c:7fb7,1
sdv-id-VxEqJu,ACC_212,ENT_UK_002,23877.399488956755,USD,2026-02-20 18:32:11,ddf2:9262:c16f:2ee6:3c9b:e71a:b9ea:bf3d,2
sdv-id-TrGZkH,ACC_227,ENT_UK_019,1223071.552147521,USD,2026-01-12 20:06:41,b0fb:23fe:4a63:b999:7be7:9dea:4924:a32d,1
sdv-id-KrVDXm,ACC_212,ENT_UK_013,305003.5021939199,USD,2026-01-15 05:14:16,cbb5:43ce:42dd:d525:1176:4959:454:c88,2
sdv-id-uFVxEa,ACC_292,ENT_UK_002,43636.2371761242,USD,2026-01-14 19:16:08,6dab:e5d4:ca10:4b14:5b4e:9e45:1c1e:6689,1
sdv-id-ydjlxQ,ACC_175,ENT_UK_011,78415.50108693806,USD,2026-01-03 15:26:52,501d:8b98:5c06:9a3d:5a05:a869:c837:4e28,2
sdv-id-TtsKhu,ACC_236,ENT_UK_001,498848.3098862627,USD,2026-03-26 11:01:21,94da:9c2e:2027:dfb4:ab7f:4079:ea34:395e,2
sdv-id-PJdoUS,ACC_212,ENT_UK_008,441059.2714944635,USD,2026-03-21 03:18:57,e9a6:4d7f:2829:71e2:da54:3e5b:c131:385d,2
sdv-id-vknLil,ACC_180,ENT_UK_019,1373133.7236086214,USD,2026-01-12 20:46:47,c875:4792:bd66:9765:97db:874a:e4d:14fd,1
sdv-id-mrAjtm,ACC_212,ENT_UK_009,367876.8000909536,USD,2026-01-31 18:16:48,2bbe:c11e:b8a0:d270:6585:396f:b938:ba9f,2
sdv-id-DgPFgl,ACC_236,ENT_UK_005,60465.35350429694,USD,2026-01-22 19:27:22,e51a:5bf2:849b:ee48:3c62:15d3:627a:c76e,2
sdv-id-CveUxN,ACC_241,ENT_UK_017,1669.6710014281002,USD,2026-02-01 08:41:02,aa4a:18af:13a8:8ab0:7886:8eaf:f772:79ba,1
sdv-id-xXGAna,ACC_110,ENT_UK_002,129381.0097274937,USD,2026-01-21 21:57:44,1f85:8793:d757:5907:95ef:3919:94b1:ab67,1
sdv-id-RLEKfT,ACC_148,ENT_UK_018,8444.466823920517,USD,2026-02-24 21:55:46,fb38:bf67:ecec:5b2f:fa3e:642d:fe70:7657,1
sdv-id-OOdBrs,ACC_283,ENT_UK_016,1087489.2890344462,USD,2026-01-16 21:28:29,1557:bde9:9dc3:3e6c:9e:28e4:b43f:e301,1
sdv-id-SzukJe,ACC_212,ENT_UK_012,45294.44811029474,USD,2026-02-14 18:52:54,c43:fc09:6ad4:6d98:bdcf:1c32:3bea:5e51,2
sdv-id-Zpnftb,ACC_206,ENT_UK_010,1216083.601704469,USD,2026-01-02 22:43:38,3088:1436:e0b6:5810:6f0f:df0f:8896:aa93,2
sdv-id-ZuUDka,ACC_180,ENT_UK_019,1646.0046403664562,USD,2026-03-20 15:20:23,7834:2649:92cf:cc2b:5255:6383:955b:6fc3,1
sdv-id-vKHQZK,ACC_274,ENT_UK_016,819897.4809610593,USD,2026-01-19 05:20:41,5103:83b7:8f73:d22c:db07:7784:832c:ee3b,2
sdv-id-dPvEVU,ACC_250,ENT_UK_003,10802.841804922307,USD,2026-03-30 03:46:54,a2e3:d8b8:2ec9:2701:2e41:ba3e:5b78:f468,1
sdv-id-KNlujm,ACC_148,ENT_UK_005,708278.723536111,USD,2026-02-26 04:34:59,c61e:3abf:3f34:7d66:1d1d:7a09:28df:3dfa,1
sdv-id-uixsQG,ACC_110,ENT_UK_011,188691.9064983169,USD,2026-03-25 15:38:25,c4d8:649:d7ce:777a:15dc:b02d:c086:ecba,1
sdv-id-nuUVRJ,ACC_212,ENT_UK_002,1005.1579548109744,USD,2026-02-27 22:02:12,9e32:7058:171e:18ff:1b4c:3403:d454:c4c4,2
sdv-id-QttWaa,ACC_292,ENT_UK_011,820308.0924877176,USD,2026-01-30 14:28:04,97bb:ec89:3f08:5fcb:bceb:21fc:e7bd:d738,2
sdv-id-dRVIPs,ACC_180,ENT_UK_006,166295.44515578038,USD,2026-02-25 15:24:23,6e79:d3b2:6dc1:e80:b846:f99f:ea34:af37,2
sdv-id-UzuBjB,ACC_212,ENT_UK_002,57586.98421181453,USD,2026-02-27 01:33:05,1e4f:16d7:eb52:41b8:4d70:9fff:fc9e:c272,2
sdv-id-vmrsPS,ACC_236,ENT_UK_008,1025.1672873770835,USD,2026-03-04 16:42:37,5f7f:1596:d972:cc2f:ae2e:2ea:9a0a:7cbd,1
sdv-id-gbDVFO,ACC_283,ENT_UK_014,5449.61424091436,USD,2026-03-10 19:09:50,9c5a:bf9:b543:8843:9315:f2e1:2d7b:4145,1
sdv-id-PswZqq,ACC_116,ENT_UK_010,32416.072361011866,USD,2026-03-26 03:45:32,6cc3:1bf3:7cf6:b224:1de7:4e1d:debb:bea8,1
sdv-id-FIGmgQ,ACC_250,ENT_UK_002,155386.7165486057,USD,2026-01-16 05:50:11,3049:e937:93a6:8907:2bd5:bbff:64fd:a5d7,1
sdv-id-JqwPhl,ACC_194,ENT_UK_019,1556.0505810473942,USD,2026-02-06 21:34:39,5d33:480:97ee:2adf:eec:8334:fec:bb73,1
sdv-id-xkOAIb,ACC_206,ENT_UK_018,868706.7618545643,USD,2026-03-29 15:03:15,3eac:3859:c389:8d1c:837e:b11a:99a1:22fd,2
sdv-id-vtxOjw,ACC_212,ENT_UK_007,27987.200744461425,USD,2026-04-01 19:39:11,dcdf:24de:7a8a:38ba:5a76:d371:7ab6:7e5f,2
sdv-id-kClBka,ACC_289,ENT_UK_002,205333.56887350176,USD,2026-02-09 01:52:27,17b6:103b:71f1:a458:7035:a0c:b25f:6068,1
sdv-id-efqGCI,ACC_116,ENT_UK_003,1230.2326890759257,USD,2026-03-18 04:57:52,89a4:c0d0:b041:a221:58cb:170b:2b75:92e8,1
sdv-id-MDelib,ACC_274,ENT_UK_007,227958.11059774348,USD,2026-02-02 01:10:56,68dc:7de3:66d6:be06:69f8:ffab:4b6b:1587,2
sdv-id-sugHbY,ACC_180,ENT_UK_002,37608.64316374059,USD,2026-03-07 00:47:43,4db3:4f22:8539:5b3a:ad9e:846f:685b:369f,1
sdv-id-KfBkNe,ACC_158,ENT_UK_018,288159.9169380869,USD,2026-02-12 12:46:17,6a52:72b4:a957:dfca:f09c:133a:a85f:4ab7,1
sdv-id-vPudCy,ACC_206,ENT_UK_003,28481.08926781603,USD,2026-03-15 06:28:45,844f:527c:8b71:64eb:ed76:9886:8547:1ff,2
sdv-id-wcegwT,ACC_144,ENT_UK_002,261843.66115678425,USD,2026-02-23 15:12:33,786e:dd4c:f6c9:328d:c823:3941:4a9b:304a,1
sdv-id-shenya,ACC_236,ENT_UK_013,54601.97074206045,USD,2026-01-17 23:24:59,d4a:cf64:31bf:119e:c5d0:91ed:b0fe:a4ec,1
sdv-id-lGsHgh,ACC_236,ENT_UK_008,1117399.7525933576,USD,2026-03-01 21:11:14,57f9:46a0:f416:9443:362c:16bc:ad53:4dc,2
sdv-id-jOsYAb,ACC_194,ENT_UK_001,219625.11290206257,USD,2026-01-17 17:03:11,621:3b51:421e:813d:9c9c:5c:8573:de7b,1
sdv-id-yfypTK,ACC_274,ENT_UK_017,7795.221635506022,USD,2026-03-19 04:20:01,d403:2ddb:6663:b6c4:1fcc:2b4c:9d68:6ad5,2
sdv-id-CeFXKO,ACC_274,ENT_UK_001,1410.9633509153211,USD,2026-03-15 20:30:51,d259:5313:a63b:a06e:29a7:abfd:6436:1c63,2
sdv-id-BHDfVy,ACC_212,ENT_UK_004,576471.0167584859,USD,2026-03-11 16:04:42,62ac:9319:bd64:7560:b4a6:d64a:8405:549f,2
sdv-id-EHtQNC,ACC_148,ENT_UK_016,2409.7516839759624,USD,2026-02-19 00:45:10,9a94:a3f0:befa:984e:8e32:42d:9284:5c57,1
sdv-id-olddJd,ACC_116,ENT_UK_002,146612.4402860849,USD,2026-01-28 13:59:47,f6e9:235b:6393:2e9:11e2:beb4:1f8c:6856,1
sdv-id-BUwXYO,ACC_175,ENT_UK_004,202952.9181004592,USD,2026-01-26 13:20:29,d3f0:ca7a:a978:e2a6:c40:cd24:1ea:113b,2
sdv-id-NmrqAr,ACC_274,ENT_UK_005,47606.66928408752,USD,2026-02-06 09:00:12,1c99:f557:aecb:db54:9367:53cf:8783:2819,2
sdv-id-MsepGS,ACC_227,ENT_UK_009,70015.24671306735,USD,2026-03-26 13:09:11,7225:1fba:e85f:248d:b4e5:a76a:d6f3:adeb,1
sdv-id-ESSDsl,ACC_227,ENT_UK_004,238799.4548191832,USD,2026-01-17 21:29:31,825:6d51:5fad:dbf4:5eb7:27c7:2398:915c,1
sdv-id-QogLCC,ACC_148,ENT_UK_003,27398.734200142317,USD,2026-03-09 20:26:11,9559:e240:c6fd:79c:6f4a:68af:ec40:e160,1
sdv-id-YEjRrK,ACC_175,ENT_UK_001,84628.49083606573,USD,2026-02-26 16:55:20,d15a:3b33:f68b:b133:a302:c78a:bc16:f15d,2
sdv-id-lLAIXB,ACC_283,ENT_UK_012,103531.3721765262,USD,2026-03-06 12:18:16,27f9:d559:d43d:2282:93db:6794:2779:e08e,1
sdv-id-fClUxu,ACC_144,ENT_UK_003,417739.9194762058,USD,2026-02-23 22:21:21,7ce9:5f7c:7741:d320:8763:41d9:5d0:265f,2
sdv-id-fNsIcx,ACC_144,ENT_UK_005,236822.67327177737,USD,2026-01-25 03:10:39,b28c:9b71:6bf2:2de5:bdfc:e7ff:6318:27ae,1
sdv-id-ASVWrp,ACC_212,ENT_UK_001,70373.7233848166,USD,2026-03-21 19:34:52,60cc:ca68:2550:494a:c0d5:abba:1b5d:f382,2
sdv-id-ifnSZl,ACC_158,ENT_UK_012,43982.49425312554,USD,2026-03-23 18:38:06,f5d8:e5fa:6883:1288:19fe:e6eb:d44c:c86e,1
sdv-id-RzPCOT,ACC_135,ENT_UK_001,1289802.4115085634,USD,2026-03-20 04:19:17,bce4:163c:fcbe:7932:a0ea:b99d:438:9c2a,1
sdv-id-JfQwVd,ACC_180,ENT_UK_011,2153.899245558423,USD,2026-03-04 18:50:19,56dd:adb5:588f:a892:50ed:3426:17e9:f2c9,1
sdv-id-ZiwFKs,ACC_212,ENT_UK_008,650511.410464048,USD,2026-02-05 15:16:30,d8de:4146:478e:be50:34fb:560f:9671:a519,2
sdv-id-pMejVd,ACC_236,ENT_UK_017,1282920.370610495,USD,2026-01-14 02:53:37,d6fb:a2fc:dc89:399f:836e:d6e6:cd41:1ee,1
sdv-id-MijdEg,ACC_274,ENT_UK_019,412005.47308516287,USD,2026-03-12 19:41:58,a36a:123e:980f:bac:23dc:641a:965a:dd76,2
sdv-id-fpxklS,ACC_110,ENT_UK_004,21796.928844239923,USD,2026-02-10 17:46:01,e34c:8414:58f3:1af3:1a20:9e8f:6682:f853,1
sdv-id-QrSYyP,ACC_110,ENT_UK_015,67119.07548030319,USD,2026-02-02 20:02:26,ac87:e453:c9d5:a77b:c015:c804:487:504b,1
sdv-id-Fjamsz,ACC_227,ENT_UK_007,151037.3186691608,USD,2026-03-25 20:51:14,b86e:a73e:8dea:6dd0:1cb4:c37:34d6:ad6b,1
sdv-id-suxsNT,ACC_212,ENT_UK_008,85801.54167442326,USD,2026-03-13 16:26:12,ce7a:f0da:c80e:573a:b3ed:19dc:4b37:9e60,2
sdv-id-lqtEIB,ACC_180,ENT_UK_006,10746.64354744381,USD,2026-01-23 13:06:37,b18b:90e7:55a3:5945:b273:3ce2:9e6c:6ce7,1
sdv-id-pZqtTM,ACC_227,ENT_UK_001,198723.14678670312,USD,2026-03-06 07:42:30,f4fe:9838:5c20:9714:3d7f:5008:7dcb:7907,1
sdv-id-qnEgVp,ACC_227,ENT_UK_016,41828.35529794456,USD,2026-03-09 14:29:52,2f15:e9e6:a061:18c7:c42a:3af1:f62b:e5d4,1
sdv-id-kWRXRv,ACC_206,ENT_UK_002,216739.1020337876,USD,2026-03-02 06:30:11,70df:bba2:b49:9120:9a89:7acb:c2cb:5fc1,2
sdv-id-xlDvDt,ACC_250,ENT_UK_018,38720.50072953108,USD,2026-01-05 13:34:20,8377:723e:a086:6ec9:483f:a75e:e725:54a0,1
sdv-id-xKNtGk,ACC_250,ENT_UK_019,102968.17310368438,USD,2026-02-21 23:10:14,febb:67e0:5865:2686:8456:f1ca:d2cb:b91a,1
sdv-id-uDSsju,ACC_289,ENT_UK_019,21172.06290831771,USD,2026-03-28 17:01:58,2abd:8f17:f257:fa54:6f97:8367:29ce:778a,1
sdv-id-hZzbfY,ACC_268,ENT_UK_008,34186.21622076098,USD,2026-03-06 17:04:00,f4bb:7210:bf6f:b93:c953:d84f:3662:3e89,1
sdv-id-LxiBzu,ACC_212,ENT_UK_015,1529.7164852358017,USD,2026-03-11 16:48:20,6b13:b16a:e775:29c3:9908:7180:b3a5:b6a1,2
sdv-id-HXXtwv,ACC_292,ENT_UK_006,44020.341344390945,USD,2026-02-21 12:43:33,65d:4044:2f33:3b24:339:2bd3:8407:79f,1
sdv-id-cwDkcw,ACC_135,ENT_UK_012,217896.56116419323,USD,2026-02-08 22:24:06,dedf:76e4:c3ae:3812:9d0d:8132:e44:cc3e,1
sdv-id-mVisKG,ACC_206,ENT_UK_004,19647.19669880804,USD,2026-03-09 02:14:24,1657:245d:4020:c1f8:ee82:9464:7b60:a061,2
sdv-id-JXTWMH,ACC_194,ENT_UK_009,4431.440270787317,USD,2026-03-29 12:43:31,6638:e697:8689:1c84:db91:2166:75eb:e428,1
sdv-id-WpThcS,ACC_212,ENT_UK_005,89711.06249210375,USD,2026-03-10 03:23:40,1c5e:9189:2a22:ee27:623e:c373:1924:c56f,2
sdv-id-Xekflb,ACC_206,ENT_UK_017,31858.100242506494,USD,2026-02-19 14:07:51,cf35:49dd:e28d:2ae0:cb19:f07c:7c00:a769,2
sdv-id-axCuTs,ACC_116,ENT_UK_012,293670.6430729744,USD,2026-02-25 02:43:08,f06:2ac1:dc2c:20ad:cd37:eae3:863d:ca50,2
sdv-id-PDkjVh,ACC_180,ENT_UK_013,18075.13777091036,USD,2026-01-03 08:20:08,7f55:3a8a:e2e8:ab0f:e993:136:d8b6:6ef4,1
sdv-id-qpQddX,ACC_116,ENT_UK_017,210111.1010370768,USD,2026-01-05 01:09:53,2184:239f:22a1:ed14:1ca7:d909:63fe:bdca,1
sdv-id-QdbxjO,ACC_150,ENT_UK_015,29031.54716400564,USD,2026-01-08 10:01:00,ebd5:c2ac:87d7:7d4a:2d54:a589:9193:dd72,1
sdv-id-bwRnes,ACC_223,ENT_UK_012,3276.0845611008212,USD,2026-02-21 00:52:20,546:16bd:cb37:4b8e:d61b:14c7:3ca5:1805,1
sdv-id-BFBvmR,ACC_283,ENT_UK_017,91699.20263544492,USD,2026-01-29 19:53:45,34f0:f4d0:709d:4001:ae25:d4b3:bea6:d966,1
sdv-id-qWrnBh,ACC_144,ENT_UK_009,11776.211402931482,USD,2026-03-24 22:48:15,4c37:2f98:4e71:1a96:4f1:654:91b:8042,1
sdv-id-bmjgox,ACC_283,ENT_UK_017,1836.643550887864,USD,2026-02-24 01:44:12,3edd:693f:630b:3c1d:d6f3:7140:90b4:6de4,1
sdv-id-iOATyy,ACC_292,ENT_UK_018,65267.86836639035,USD,2026-01-16 08:54:46,e61:7490:8305:fab7:ad36:64d7:e512:e1c7,1
sdv-id-Rxdhbz,ACC_158,ENT_UK_002,1557.054627452129,USD,2026-01-18 22:15:27,cad2:64af:2b01:58df:523a:ed19:44a:2299,1
sdv-id-auSaYY,ACC_227,ENT_UK_014,98273.29718801436,USD,2026-02-21 02:06:47,5e14:f361:e300:4142:92ba:188f:16d3:ffc,1
sdv-id-Aaicop,ACC_194,ENT_UK_002,895257.7157588135,USD,2026-03-13 10:12:04,2fa:f5ff:daed:5ebb:6e0c:b071:6c77:b1e7,1
sdv-id-CdZnnE,ACC_227,ENT_UK_008,23600.42092309113,USD,2026-02-08 21:46:08,ccd:2538:ac6:2b3d:fa0c:7db3:c7e8:6a11,1
sdv-id-jiESbC,ACC_241,ENT_UK_009,4322.551700237992,USD,2026-02-16 03:49:41,f57b:e38e:7fdd:5a28:6448:9b1b:190a:c19f,1
sdv-id-QIhvqp,ACC_268,ENT_UK_014,49374.24546610594,USD,2026-02-02 00:01:07,7748:41c0:350f:6f32:5b46:ac73:d923:e380,1
sdv-id-KBTtUg,ACC_283,ENT_UK_014,8804.534406732828,USD,2026-03-05 06:43:32,3b93:fc2b:d5ac:4747:1361:2baa:7a57:ba3c,1
sdv-id-DfDMsW,ACC_212,ENT_UK_012,225164.04820356445,USD,2026-02-20 08:16:03,ae4f:2a39:a695:11fc:8e3e:3e45:62c:5bd,2
sdv-id-bqYaDP,ACC_180,ENT_UK_004,181976.20337412815,USD,2026-04-01 10:44:59,bb06:e333:95d2:f97f:100:a7e9:a1e5:1703,1
sdv-id-ibnubo,ACC_180,ENT_UK_010,372192.59785873006,USD,2026-01-15 23:24:24,4670:87c2:5478:556b:d258:6662:ce4f:bc84,1
sdv-id-lqulpW,ACC_268,ENT_UK_002,4197.3537553170845,USD,2026-03-21 12:37:37,d209:aa55:a27d:128a:a562:ca1f:8330:5386,1
sdv-id-spzWPh,ACC_110,ENT_UK_016,24958.620167469788,USD,2026-01-02 19:45:20,b171:2cad:ac31:a122:3b43:ac38:44:d4e9,1
sdv-id-OWelkj,ACC_180,ENT_UK_016,2333233.93717034,USD,2026-01-21 11:02:21,255:7f69:7cf6:99db:ea8d:ff54:7f54:33b5,1
sdv-id-eLGjeD,ACC_212,ENT_UK_016,383456.25364861655,USD,2026-03-31 00:52:28,11ee:8ad9:8429:27c3:f15c:f7d4:8166:1b78,2
sdv-id-MvvHhM,ACC_274,ENT_UK_003,742318.9024182827,USD,2026-01-30 20:06:34,79a6:eb59:ff29:c1f1:a57b:f5c2:e3c3:f514,2
sdv-id-nzIDgH,ACC_250,ENT_UK_014,31878.734041690816,USD,2026-02-27 14:53:19,c524:f11:feca:a1b4:4e7e:ba68:111e:2236,1
sdv-id-gQBwSq,ACC_289,ENT_UK_014,21394.039528514542,USD,2026-03-18 12:48:59,9d91:e234:7ce9:363b:faa8:3c27:e1d8:ecb2,1
sdv-id-klsGlv,ACC_250,ENT_UK_004,447001.21718936134,USD,2026-03-27 10:06:45,f015:c389:11ea:bc93:b068:50cc:ee30:56fa,1
sdv-id-qKkiVK,ACC_110,ENT_UK_001,116260.0650469907,USD,2026-03-30 02:29:58,dd20:4794:ab1c:400f:4869:e333:efa3:bbc1,1
sdv-id-UbuBZI,ACC_212,ENT_UK_007,30495.970736420615,USD,2026-01-15 04:04:38,15ce:fc39:60:a0fc:86cc:40cf:32d6:fb20,2
sdv-id-CSTSEt,ACC_236,ENT_UK_006,402329.3505315929,USD,2026-02-18 18:03:01,a091:861f:ef54:b829:85f4:37e1:2b84:a12d,1
sdv-id-erMWjw,ACC_116,ENT_UK_009,324869.19102755433,USD,2026-01-05 02:03:16,902:6c13:d3aa:b106:e1e1:6fc7:ef78:7414,1
sdv-id-AHQPmB,ACC_212,ENT_UK_019,299081.7715556766,USD,2026-02-26 18:33:46,394:750a:f90:971a:6ea8:f958:c8fe:b90a,2
sdv-id-NNSLOV,ACC_135,ENT_UK_012,168294.79793438647,USD,2026-03-30 16:36:49,932a:ee9d:113a:43fc:8fc6:784:a860:f729,2
sdv-id-xRLxRe,ACC_227,ENT_UK_008,2564.4543726913844,USD,2026-01-17 18:35:48,e236:8d64:234:c671:fa8c:5907:6cb5:501d,1
sdv-id-jhkJEZ,ACC_227,ENT_UK_007,82854.18501875352,USD,2026-03-17 02:32:55,27c8:e6e0:7bd5:a3da:9615:7da2:e1fe:4a0a,2
sdv-id-nZSfXC,ACC_274,ENT_UK_008,156983.32305273006,USD,2026-03-14 05:17:31,c8be:43de:c070:d616:265:569f:d78e:98bf,2
sdv-id-dluMEP,ACC_250,ENT_UK_012,328640.67405156174,USD,2026-03-15 01:00:38,be37:f6dc:7425:8e61:c3e:38c9:c272:3247,1
sdv-id-CGOzIk,ACC_283,ENT_UK_008,21055.205497475938,USD,2026-03-22 20:46:24,7563:e2e6:96ad:e8fc:c173:c6ca:1bc9:22d7,1
sdv-id-YAscGr,ACC_175,ENT_UK_006,725285.5239723581,USD,2026-01-22 00:16:56,c93c:c380:772:36d9:1644:ec9:fe2a:301e,2
sdv-id-zXLOgx,ACC_206,ENT_UK_010,483141.0657326098,USD,2026-02-04 10:07:04,d6ef:9158:275a:d90d:4071:9814:a524:d30d,2
sdv-id-adWcfS,ACC_227,ENT_UK_015,354374.4718435716,USD,2026-03-18 15:39:23,f8ba:5252:1f9f:65a3:ac4c:df91:d44f:978d,1
sdv-id-rlQMxP,ACC_150,ENT_UK_017,27075.070857930314,USD,2026-01-23 12:17:57,70e7:394c:789f:ac14:d224:8f59:e0a4:c681,1
sdv-id-YPPwzM,ACC_250,ENT_UK_010,3230.5526993484077,USD,2026-03-23 21:01:39,c818:4741:89d2:cad7:8a7e:4f54:28ec:c69c,1
sdv-id-tsbaFX,ACC_250,ENT_UK_017,152570.47068733693,USD,2026-01-07 11:07:35,3e8e:57aa:983f:ef06:a498:1da5:b7a9:2c76,1
sdv-id-hiWicR,ACC_212,ENT_UK_006,27283.436405301956,USD,2026-01-13 18:31:16,3170:b914:1d59:a92:185e:b2b5:b69d:9e18,2
sdv-id-MrbVaS,ACC_135,ENT_UK_004,410272.94109837746,USD,2026-03-21 05:48:00,9099:2a12:812:d908:1cba:4b6e:94f3:21bd,1
sdv-id-Guvmtb,ACC_274,ENT_UK_010,603399.9629548477,USD,2026-02-24 11:38:07,9228:b717:11db:e16d:926c:2e35:ef15:98a5,2
sdv-id-DoOqiZ,ACC_194,ENT_UK_014,114055.07480036352,USD,2026-02-08 15:48:21,6181:d51b:ad0d:eeae:7a4a:e929:cf30:25cc,1
sdv-id-lzjVaF,ACC_241,ENT_UK_011,321850.75292846566,USD,2026-03-05 09:48:59,672a:58ae:260f:4e15:b8f4:acaf:8197:bf76,1
sdv-id-phvsDb,ACC_150,ENT_UK_008,14955.77577546508,USD,2026-03-08 11:27:20,101a:69f7:701d:4d04:ae35:6911:f542:7f28,1
sdv-id-aUjeyb,ACC_150,ENT_UK_011,154878.17352732804,USD,2026-01-31 21:47:50,d160:442c:5e8a:9923:9208:b04c:b7bf:1e3c,1
sdv-id-HwYRVy,ACC_236,ENT_UK_001,189470.9229134719,USD,2026-03-02 21:56:06,cdba:92cf:6f21:87eb:1b1d:4103:8b37:be6c,1
sdv-id-MQeiAV,ACC_158,ENT_UK_010,115396.56895884768,USD,2026-02-18 20:14:51,dc3:6898:3475:338d:7858:66ba:8394:e955,1
sdv-id-gEMvos,ACC_283,ENT_UK_002,209978.34438442715,USD,2026-02-16 18:43:32,cb09:4a5a:a67a:c19d:7cec:637d:86c1:83d6,1
sdv-id-UYRMmg,ACC_236,ENT_UK_017,58844.26722893483,USD,2026-01-06 10:27:16,76c0:b48e:988b:c599:ac96:b7fb:685e:4b2c,1
sdv-id-SGDGEx,ACC_212,ENT_UK_014,11729.988012871458,USD,2026-03-25 01:07:10,e811:5bc:147c:b55f:bca8:7df9:4663:74f9,2
sdv-id-ClKZTH,ACC_194,ENT_UK_013,14446.700238957084,USD,2026-01-20 01:24:55,83cf:3eec:b285:d891:4978:fe7e:bc86:1511,1
sdv-id-PcAoDD,ACC_268,ENT_UK_006,70579.49592460069,USD,2026-03-01 02:28:12,c2b4:ee86:bcb3:e826:4947:10a7:2ec8:8e14,1
sdv-id-eaxHHF,ACC_110,ENT_UK_010,34266.255117345725,USD,2026-03-26 01:28:51,bed1:1b42:7c63:69d4:1693:4947:a7a5:a26b,1
sdv-id-bRibAV,ACC_227,ENT_UK_003,49559.88426279525,USD,2026-03-06 13:35:33,4435:958e:9a72:7b51:8a69:2c08:6f1c:3382,1
sdv-id-yMiAIS,ACC_148,ENT_UK_003,194719.0853213577,USD,2026-03-25 06:04:32,6c0b:9952:17e5:a31d:de26:7497:8977:e0dd,1
sdv-id-dHhqad,ACC_268,ENT_UK_013,959.8684459695336,USD,2026-03-19 15:16:32,898b:ede9:6181:f184:f6f1:8243:1462:64e7,1
sdv-id-waIwwh,ACC_194,ENT_UK_016,59097.42768993501,USD,2026-03-20 09:43:51,3f91:9980:7eab:b96e:4437:cc8d:e867:c850,1
sdv-id-zCQDSn,ACC_144,ENT_UK_012,451030.8132392094,USD,2026-01-18 13:46:13,63f4:b596:4727:7d2b:659a:ec41:c470:4a92,1
sdv-id-XTFIsi,ACC_250,ENT_UK_012,240414.21019226863,USD,2026-01-09 06:49:23,f3dd:dfd4:e1a1:6111:ee8f:aae:aeee:e019,1
sdv-id-DsSVoU,ACC_144,ENT_UK_004,201541.73542632835,USD,2026-01-17 08:32:11,20c9:8171:7736:8bca:9c19:d8a:adb0:805a,2
sdv-id-ywhKDb,ACC_283,ENT_UK_017,25903.789695796037,USD,2026-01-23 18:49:58,b7bc:ef33:8305:b7f4:a1fc:1e53:dd32:d11b,1
sdv-id-iyehwJ,ACC_227,ENT_UK_005,264128.3898720742,USD,2026-02-10 08:42:21,d8e:f949:a7ba:f5dc:efdc:cc28:e7a0:685e,1
sdv-id-zmuqpE,ACC_292,ENT_UK_007,765869.4495622477,USD,2026-01-23 00:02:29,9c26:2e76:24f6:7ed4:eb98:e5a6:4bbe:ce23,1
sdv-id-XfmPlg,ACC_268,ENT_UK_007,1267274.648672691,USD,2026-02-05 01:17:02,259:82e:c1cf:4327:fd8a:6045:2585:2733,1
sdv-id-wZTglT,ACC_227,ENT_UK_002,21869.195279084855,USD,2026-03-06 06:57:33,3f13:e69d:853:4dc1:5dcf:7324:5f15:ad1d,1
sdv-id-kfbLHA,ACC_135,ENT_UK_019,403963.1659591168,USD,2026-03-07 03:32:33,19fe:2f05:fabd:7cae:4f20:2164:f960:9992,1
sdv-id-OlPeSJ,ACC_135,ENT_UK_006,305030.0521730228,USD,2026-03-31 19:16:27,ca69:3286:ea:ccb9:73cd:6acd:3587:6a3d,1
sdv-id-JsOfYo,ACC_158,ENT_UK_007,1129.815261115803,USD,2026-01-11 18:52:42,17c2:23e6:3914:d49c:913f:c16f:16c0:246d,1
sdv-id-urdqBU,ACC_268,ENT_UK_018,1278.374656864027,USD,2026-03-12 14:53:41,c13d:1ac1:70e8:3ee8:72be:419a:b195:2b38,1
sdv-id-eNZtaR,ACC_283,ENT_UK_008,45598.12523375341,USD,2026-03-02 14:43:04,3fbb:d707:3f5b:a03c:c58c:3015:9f8e:273e,1
sdv-id-gUaPoa,ACC_227,ENT_UK_004,103130.20296712336,USD,2026-03-27 04:37:13,7f0f:b1a9:d4cf:1e8b:7221:9134:a5dd:bda1,1
sdv-id-CNrjWN,ACC_268,ENT_UK_014,193424.61839768977,USD,2026-01-08 03:32:54,b228:17b9:e5c0:345a:f16c:50f1:bd1c:d798,1
sdv-id-QsJsvt,ACC_289,ENT_UK_002,32405.7000280197,USD,2026-03-18 07:55:03,d6f1:5f8d:de9d:7652:3c6e:8e68:7131:d139,1
sdv-id-eNTDsx,ACC_227,ENT_UK_012,687376.5904877464,USD,2026-01-26 19:51:29,3b73:15db:272d:54e2:2277:27b:87b9:b1e3,1
sdv-id-EeHlkq,ACC_175,ENT_UK_017,25902.706563675023,USD,2026-03-15 19:32:32,3595:a089:1a07:d5cf:96ba:eb4c:49e1:5ba0,2
sdv-id-FBVEwC,ACC_292,ENT_UK_011,4630.61941109283,USD,2026-01-19 11:36:11,45:ae2e:446c:998d:e828:396a:3f68:afbf,1
sdv-id-qKtgjU,ACC_206,ENT_UK_004,3064.724752600138,USD,2026-03-01 11:54:54,580c:3a1d:f3e1:8a20:516:dde1:7019:f5cc,2
sdv-id-WZQDFZ,ACC_194,ENT_UK_011,64272.14741714048,USD,2026-02-08 07:22:14,16eb:6fcc:7aba:2d71:4187:b1d:b09a:e721,1
sdv-id-QPTymn,ACC_236,ENT_UK_014,654168.2527222089,USD,2026-03-23 00:55:24,9377:8b69:2da7:5faf:bb48:b01f:2c9d:a002,1
sdv-id-GkxYLQ,ACC_268,ENT_UK_017,1223.815870360504,USD,2026-02-28 13:15:11,b56f:2417:73e2:cdc5:f77a:c455:99cb:f5e4,1
sdv-id-nnuZxl,ACC_268,ENT_UK_014,131604.42818325557,USD,2026-03-30 14:49:48,5bb8:dcb8:3913:9e2d:8ef3:c031:9f03:b8d6,2
sdv-id-UhQQvS,ACC_180,ENT_UK_012,336231.9187093834,USD,2026-03-05 21:04:43,6c5f:4551:67a:a728:f86a:17b0:8dd:41d,1
sdv-id-EjiYzN,ACC_236,ENT_UK_006,1538.2813201846518,USD,2026-03-07 05:27:56,33af:deb7:cb80:6144:82e4:c60f:9053:4196,1
sdv-id-BwfQFB,ACC_180,ENT_UK_011,216504.22287828205,USD,2026-01-04 02:05:04,919f:ab6f:c44c:f30c:5010:e939:f3fa:1af6,1
sdv-id-VYorla,ACC_268,ENT_UK_018,1574.3938477240947,USD,2026-01-17 17:40:25,bce3:8104:64df:a98b:e8cc:242d:2111:5211,1
sdv-id-hmSYnd,ACC_135,ENT_UK_016,28923.36647977347,USD,2026-02-05 04:32:51,2b49:e25a:aed2:6d8d:2c63:d582:cbca:9681,1
sdv-id-prcZho,ACC_116,ENT_UK_017,481969.31441571,USD,2026-02-09 05:00:51,6bd:fb79:b830:dfa6:4199:ac5f:5c0a:5ac1,2
sdv-id-yPGOHe,ACC_206,ENT_UK_017,7342.788459747428,USD,2026-01-30 10:09:39,bd6a:eb69:545f:8923:de20:2fc0:5ebe:1f19,2
sdv-id-nfiAke,ACC_206,ENT_UK_014,11091.0354507184,USD,2026-03-27 23:41:26,ee39:5f8e:d168:75b5:822e:f594:6083:c1e4,2
sdv-id-ORNhmm,ACC_144,ENT_UK_006,358328.4183486334,USD,2026-01-08 06:52:48,c8f4:4d19:3400:713f:a169:b281:809:ab7e,1
sdv-id-JiqmtC,ACC_241,ENT_UK_015,334030.33221904916,USD,2026-03-04 07:32:46,41ec:fb64:84a2:5cc:438b:b8dd:86a:3395,2
sdv-id-qQveIk,ACC_206,ENT_UK_005,36629.99644112207,USD,2026-03-02 15:53:08,19b4:4de9:b1c6:701e:51d1:8949:c987:3243,2
sdv-id-nmtHuj,ACC_212,ENT_UK_019,1379.8743142363408,USD,2026-01-13 16:31:55,6ed1:bc3c:9f36:b172:b0dc:f58e:dadb:3543,2
sdv-id-KaXbCA,ACC_148,ENT_UK_001,80248.68752446125,USD,2026-03-20 18:34:22,867d:b901:b3bb:ff47:2d3e:a905:d74b:72b6,1
sdv-id-fBsljM,ACC_180,ENT_UK_005,1646.3709904823909,USD,2026-01-02 13:52:33,bf20:f35e:8721:ff47:6ad0:8cb3:8b4e:6642,1
sdv-id-vTuYWz,ACC_292,ENT_UK_001,955.0928005111708,USD,2026-02-23 02:55:01,a5f8:9e93:26d8:1cda:724e:2497:304:ccd1,1
sdv-id-Udhikh,ACC_227,ENT_UK_013,178361.72979315696,USD,2026-03-30 16:53:05,b6d1:5239:f074:4ce7:2919:d9aa:6948:59e,1
sdv-id-PstKDO,ACC_250,ENT_UK_011,29107.830516215377,USD,2026-02-19 22:53:14,5651:7c9c:f53d:79ed:1111:535b:2c74:21a1,1
sdv-id-Ifyxez,ACC_292,ENT_UK_004,4482.550092130469,USD,2026-03-18 00:09:14,57b4:fcbc:4399:f228:2f97:87a6:b0bb:2549,1
sdv-id-lTlxFL,ACC_212,ENT_UK_010,46224.35041772748,USD,2026-01-18 17:24:44,85ca:e374:3c2b:b358:8c1f:cbf0:28fd:6514,2
sdv-id-Jedvcd,ACC_250,ENT_UK_019,84202.50916772753,USD,2026-01-04 02:16:24,1aea:1dd3:62d4:b1f4:e4fb:e954:9f73:4e37,1
sdv-id-EofKdI,ACC_180,ENT_UK_015,158856.65052701323,USD,2026-03-31 06:50:43,ac6e:a99a:2f0b:48df:a574:2fca:2f61:8d10,1
sdv-id-zaFoME,ACC_135,ENT_UK_002,443929.13946764823,USD,2026-04-01 10:59:35,ca86:b24b:81dd:6dd8:32cb:d830:ce4f:639e,1
sdv-id-eWmeBU,ACC_180,ENT_UK_005,18841.730350431782,USD,2026-01-21 00:07:22,74a7:9e4b:c901:256b:255f:28fd:cedd:92f4,1
sdv-id-bnDLEt,ACC_289,ENT_UK_013,92032.22172458132,USD,2026-01-19 16:25:11,3dc0:e23e:382c:2e9:60bc:5a99:ca0c:f039,1
sdv-id-gOZmVr,ACC_283,ENT_UK_009,178556.7432321981,USD,2026-01-25 06:13:30,c93:37e7:bf0a:5fd8:6f18:f3ae:a374:9021,1
sdv-id-lKbFGX,ACC_175,ENT_UK_011,1036490.8794447148,USD,2026-03-27 15:58:52,530b:e8d2:e0a2:20fb:dad:3c2a:5a17:66b6,2
sdv-id-yJlpcl,ACC_206,ENT_UK_013,67538.31081259214,USD,2026-02-05 18:24:40,383f:c2fe:acc0:fe38:2a2c:c235:3f5b:fef8,2
sdv-id-nQEzaJ,ACC_144,ENT_UK_003,3075.987995423684,USD,2026-02-18 15:20:40,320c:9adb:ae12:11ba:4da0:fa58:54ef:71ab,1
sdv-id-aYsXTs,ACC_236,ENT_UK_016,731194.3741931551,USD,2026-03-27 16:37:26,718:27b5:d5b3:a707:f526:a74f:ba8d:b7ec,1
sdv-id-KMUYNE,ACC_227,ENT_UK_003,235470.26167534656,USD,2026-03-27 04:38:10,8bcb:4197:168a:1f50:3bb1:ec7c:e069:45ff,2
sdv-id-whLePb,ACC_135,ENT_UK_014,390820.5581873372,USD,2026-01-17 03:14:12,f975:6b43:9f41:8ae8:d8d:3d14:9e3c:6571,1
sdv-id-CPRNUe,ACC_274,ENT_UK_013,614100.6823941069,USD,2026-04-01 15:59:59,5b1a:c951:780d:bfff:d3d2:fb40:d8c0:fd25,2
sdv-id-krtnsH,ACC_292,ENT_UK_016,313889.0756289223,USD,2026-01-01 22:16:40,3f23:c556:aed2:77cb:ef38:7b87:ec3b:6f8d,1
sdv-id-ViABWO,ACC_241,ENT_UK_004,708500.9451160547,USD,2026-03-08 04:12:26,52ec:9066:2a42:3e70:b95:5b38:a2e9:365d,2
sdv-id-MAvohc,ACC_150,ENT_UK_013,808750.5652979012,USD,2026-02-21 03:57:39,dd2c:2889:cf1e:293a:607e:afce:2ed:899a,1
sdv-id-ViNfAy,ACC_158,ENT_UK_014,1499768.1586949222,USD,2026-02-26 22:01:51,381b:ab40:3511:77a0:4d9f:ef1f:98bb:4824,1
sdv-id-hpRvGU,ACC_227,ENT_UK_015,346457.06109807245,USD,2026-03-26 01:44:35,6cc2:a13:73b5:7b7a:ab5f:f017:5aa1:6814,2
sdv-id-WVhWYG,ACC_227,ENT_UK_004,68688.86088795585,USD,2026-02-09 16:55:09,617f:e756:c594:15f7:f584:8212:c4e0:379b,2
sdv-id-iZrhAy,ACC_180,ENT_UK_017,433234.3490901697,USD,2026-01-24 15:27:18,4684:f39:459c:d7ee:8746:6898:79af:198c,2
sdv-id-LQkqWT,ACC_236,ENT_UK_016,60160.76340602286,USD,2026-02-26 01:12:14,dccf:d628:e9a2:5db:633e:8c23:7bb9:6ea3,1
sdv-id-qvBrrH,ACC_144,ENT_UK_006,2728.7662942803145,USD,2026-02-28 13:12:35,6b6:9fce:3ac2:89a1:4fd2:e524:6db1:808a,1
sdv-id-KwIMmx,ACC_227,ENT_UK_011,217238.41422375265,USD,2026-02-11 06:15:05,9b43:db18:a5d8:1f1f:15a2:c70a:9b72:8309,1
sdv-id-jMUMQn,ACC_227,ENT_UK_008,2710.1809956722896,USD,2026-03-05 11:34:32,2039:d542:fcdb:4b19:5d3d:5e40:8d66:9829,1
sdv-id-yEOzGc,ACC_150,ENT_UK_017,4352.975129807984,USD,2026-02-26 08:33:12,d88b:1ad9:1364:8ae8:1e72:55ac:d249:2ea,1
sdv-id-QOXOlV,ACC_277,ENT_UK_013,2938.2652083345492,USD,2026-02-22 20:07:55,e29:16a0:241d:bac:8a55:208e:d97d:670b,1
sdv-id-sbRoCk,ACC_144,ENT_UK_002,13842.747378632666,USD,2026-01-13 10:36:38,b6d:471b:aa86:776e:a37a:3bdd:5bea:f944,1
sdv-id-PdPwtC,ACC_110,ENT_UK_002,177485.73377482107,USD,2026-03-01 07:41:53,be6a:9a8b:721b:fbc1:32f9:ec03:45c:ef6a,1
sdv-id-WUgTKB,ACC_250,ENT_UK_011,1676.5602477242846,USD,2026-01-17 15:08:33,1543:c843:4d46:5d34:bc:57fc:863d:98a,1
sdv-id-wDbgAA,ACC_175,ENT_UK_006,496181.7838207634,USD,2026-01-20 17:18:54,cd2d:5d3a:f1bb:9d39:47dc:6e1a:c5b4:78c2,2
sdv-id-qoEcKL,ACC_292,ENT_UK_017,412585.56227231,USD,2026-03-18 11:11:14,fc61:dbbc:e5c5:8ff9:8075:76ff:4cd1:fbe7,2
sdv-id-VwHHZA,ACC_227,ENT_UK_019,105008.99985398716,USD,2026-04-01 03:45:01,ef5f:fc40:3090:96e0:3e46:7144:1314:40d1,1
sdv-id-oLssuF,ACC_212,ENT_UK_011,183162.52950674415,USD,2026-01-11 10:30:35,f62:7fa1:88e7:56b5:15b0:dcca:e45c:4fc0,2
sdv-id-GShlGH,ACC_148,ENT_UK_001,4759.621670628897,USD,2026-02-19 12:18:49,7449:414b:2aa6:8abf:c0c1:cf87:5ee4:79f0,1
sdv-id-iudyTP,ACC_274,ENT_UK_009,26733.53307284349,USD,2026-01-24 17:25:37,3d4e:aed8:b54b:ac7:ea16:f933:228b:cc5a,2
sdv-id-TtvDDU,ACC_180,ENT_UK_005,273980.54032716196,USD,2026-02-23 14:43:16,f114:d220:85d9:fe7:e488:91c2:b9ff:33fa,1
sdv-id-xouipT,ACC_151,ENT_UK_011,2541.696405373221,USD,2026-01-16 07:35:52,9687:7ff8:4d2b:6bc1:5037:17a:a10e:c180,1
sdv-id-lzwVXl,ACC_212,ENT_UK_017,412341.9896161904,USD,2026-01-28 05:00:08,8136:39f8:96ab:8cf8:fb7e:1dae:5f8c:52a3,2
sdv-id-BXPWkO,ACC_292,ENT_UK_014,1611.7089379642434,USD,2026-03-11 20:46:16,cfa8:2b1a:be68:c92:5278:6429:b49f:ac3a,1
sdv-id-RRrhTY,ACC_180,ENT_UK_004,2605.3881090318273,USD,2026-03-18 00:20:05,9233:d824:d165:7003:21c1:3568:dbff:d188,1
sdv-id-EErvKz,ACC_289,ENT_UK_012,26758.99193837905,USD,2026-03-26 18:28:50,c4dd:fa00:ce85:b8fd:568d:78d3:3287:e7c9,1
sdv-id-EzqloN,ACC_116,ENT_UK_017,272973.00933848595,USD,2026-03-05 22:37:03,e2d6:31a0:fc7c:c11b:4582:74fc:35a8:1cf9,1
sdv-id-exbqQX,ACC_250,ENT_UK_006,38156.80431259276,USD,2026-03-22 00:59:31,d92:6025:fe6d:fd:8018:bf59:8994:a027,1
sdv-id-FDzuEN,ACC_116,ENT_UK_016,355979.02292691276,USD,2026-03-24 14:25:08,a502:3116:9dbd:ac13:91df:b4f5:29e5:f278,1
sdv-id-yWXvYP,ACC_236,ENT_UK_016,22957.9850588182,USD,2026-03-16 03:49:34,da51:b92:a004:ef78:5fe1:7206:f9a0:2825,1
sdv-id-zHnWOg,ACC_292,ENT_UK_006,454427.3997868872,USD,2026-01-23 03:34:06,2823:49b5:9a5f:7e2c:fde5:a59c:e9dd:3d08,2
sdv-id-BPfeZq,ACC_116,ENT_UK_012,18472.029749562527,USD,2026-01-04 19:18:42,7836:26a7:1c89:b455:e694:5030:54fa:1c3d,1
sdv-id-fQfvjm,ACC_227,ENT_UK_012,2407.7849802908827,USD,2026-02-16 19:21:29,d21e:acab:677d:bbd8:2a79:47db:2f72:3366,1
sdv-id-HbVZRa,ACC_180,ENT_UK_016,1057.91592531431,USD,2026-01-29 15:54:55,fd6a:5d39:d7e2:5800:c07c:36c6:975e:3562,1
sdv-id-lNuWMb,ACC_227,ENT_UK_006,1476762.970485086,USD,2026-01-08 14:39:09,c30d:69a1:230d:2a0e:9a62:ecf0:9831:addf,1
sdv-id-htBewM,ACC_110,ENT_UK_003,77347.34735419597,USD,2026-04-01 05:27:47,56dd:47df:bc00:fa14:82a0:6511:d6a2:1a5d,1
sdv-id-dNdHDG,ACC_283,ENT_UK_013,43322.89568777493,USD,2026-01-29 10:34:05,8029:a6d9:5413:cdd6:4bce:c1a5:437e:49d8,1
sdv-id-xuiIEk,ACC_268,ENT_UK_015,23498.218865403713,USD,2026-02-19 12:19:12,1fd2:87b7:da08:912e:7cb0:19ed:6814:6c50,1
sdv-id-hItuOr,ACC_206,ENT_UK_017,82520.23730757443,USD,2026-03-11 17:51:42,eba5:5f46:a6c7:6402:25f:3a3f:643f:6c74,2
sdv-id-VsZzUH,ACC_274,ENT_UK_019,904499.9635638912,USD,2026-01-15 20:32:46,eaee:42fa:becb:d1a8:b801:c45:431c:dadf,2
sdv-id-roiOTD,ACC_215,ENT_UK_015,983163.5968711884,USD,2026-01-23 17:58:34,2532:7a98:1310:db68:7388:7b3:d8a0:2fd4,2
sdv-id-XrbegI,ACC_194,ENT_UK_006,2263.07893040471,USD,2026-03-25 12:01:50,bec5:fa79:587f:1348:c46b:add5:37b9:a22a,1
sdv-id-Gsoxci,ACC_206,ENT_UK_011,183268.98080041475,USD,2026-01-01 22:36:29,f767:3af2:38c5:163f:7248:4501:e796:41fa,2
sdv-id-uGjxcl,ACC_289,ENT_UK_017,249471.2980846096,USD,2026-03-27 10:26:33,4120:35b5:aa44:502a:b080:7910:975e:b5ab,1
sdv-id-ZPOvhT,ACC_212,ENT_UK_009,47535.12447954603,USD,2026-02-07 13:15:54,7793:c20:fd58:38e7:9f50:51a3:73c4:719a,2
sdv-id-WQANJd,ACC_292,ENT_UK_004,44597.14046333887,USD,2026-01-10 04:31:17,9e62:ba3c:2d90:fda2:b193:de2b:fe3e:295b,1
sdv-id-GbQyRw,ACC_194,ENT_UK_017,168965.0446323626,USD,2026-02-05 22:21:31,7331:df4e:56d8:c9d8:fc87:6f1a:d757:9554,1
sdv-id-KoKdCQ,ACC_110,ENT_UK_014,4424.818745474168,USD,2026-01-10 16:16:22,f26f:8f63:d3b9:c592:9a91:8e75:c9b9:5310,1
sdv-id-MERDmD,ACC_194,ENT_UK_018,5581.92111530342,USD,2026-03-10 08:14:11,4c48:f192:7fa6:2889:6409:dcc2:869d:9cdf,1
sdv-id-ckqPoe,ACC_135,ENT_UK_006,322315.46128894726,USD,2026-03-07 23:19:55,3e72:d246:9e54:19ad:590a:9c33:a7f5:7eb9,1
sdv-id-kNPQbD,ACC_110,ENT_UK_017,1673.7737985371762,USD,2026-01-12 18:30:37,5a98:9725:8c59:8fc:4361:85df:5d6b:1579,1
sdv-id-itDqCA,ACC_236,ENT_UK_013,565662.4235753358,USD,2026-01-15 19:03:06,95fa:69e6:10dd:6902:612f:9c8:d48f:2b15,1
sdv-id-ZtxQbW,ACC_180,ENT_UK_009,12692.05505968045,USD,2026-02-24 04:10:53,5ba9:96c3:c4e9:48f0:40b6:3c5b:7a48:cf0c,1
sdv-id-mfxVEq,ACC_158,ENT_UK_010,192913.14770075667,USD,2026-02-25 08:40:01,fb7e:31c:96e2:9918:6ac0:3839:9f8e:ee8b,1
sdv-id-VlpbAR,ACC_180,ENT_UK_015,36896.16396067054,USD,2026-02-15 11:20:45,d02:ae20:b3d6:7977:4ccd:ac36:e824:6eaf,1
sdv-id-zdjlaB,ACC_212,ENT_UK_002,1348293.7148791114,USD,2026-03-25 00:03:51,3f8a:444c:9a76:701f:9ff1:e7cd:704b:f854,2
sdv-id-fEzNsz,ACC_212,ENT_UK_012,865664.2019213076,USD,2026-02-16 05:14:22,61d2:3eed:f33a:b3ce:96d4:cb82:bf7:bad8,2
sdv-id-czhvAB,ACC_148,ENT_UK_019,983162.2484228932,USD,2026-03-05 08:06:03,97c2:f463:9427:7290:801b:5d61:e4a6:9a00,2
sdv-id-DfAnOv,ACC_110,ENT_UK_006,249975.9616028467,USD,2026-03-23 21:31:28,d865:bb84:1a36:9a42:bb10:ec69:e17e:4b63,1
sdv-id-CIuSYc,ACC_212,ENT_UK_007,20332.78064456113,USD,2026-01-19 07:48:37,f6ac:7818:3d40:8db7:3a97:93ea:be92:b35a,2
sdv-id-eOoIaT,ACC_227,ENT_UK_017,134224.00032473568,USD,2026-01-19 08:20:07,c621:c707:47a5:88fb:5e9d:7960:3c9:1f4a,1
sdv-id-voSkAd,ACC_289,ENT_UK_002,1240881.7564502766,USD,2026-03-01 13:29:56,8bc9:857a:a5dc:cc6d:4d96:b9d9:d471:7a2f,1
sdv-id-orokEG,ACC_180,ENT_UK_007,71714.53130540524,USD,2026-03-09 20:05:36,f499:5b6b:7e46:f5b8:1e96:7741:f972:1583,1
sdv-id-YYyJer,ACC_212,ENT_UK_002,157531.85694271486,USD,2026-03-20 19:38:09,df1a:f246:f034:7333:edc2:4495:700f:d300,2
sdv-id-SLZUwt,ACC_236,ENT_UK_019,93979.3526887156,USD,2026-01-01 22:35:40,97ed:cf54:a233:1c1b:1d2d:7bb6:4892:5883,1
sdv-id-kMyGaT,ACC_236,ENT_UK_009,90238.98684622667,USD,2026-02-01 16:57:46,e603:842a:5920:18d5:60f6:325:5438:fa0e,1
sdv-id-whrDRj,ACC_180,ENT_UK_013,36809.675268823135,USD,2026-02-19 03:22:11,1b8d:2aa3:dfce:c5d4:c4f3:9399:4d3b:bfcf,1
sdv-id-xDikEq,ACC_274,ENT_UK_003,31783.09925197685,USD,2026-01-22 20:34:02,e615:4a54:deb6:c988:6630:b9cf:7778:9285,2
sdv-id-cDhEkM,ACC_236,ENT_UK_006,50140.0684218401,USD,2026-01-13 08:56:17,daf1:2331:677c:6a3d:bef8:57ce:1172:5bf3,1
sdv-id-DuMsiV,ACC_227,ENT_UK_001,3136.1369360940125,USD,2026-02-07 09:27:24,263:938b:e97:adc4:ad26:1972:6c32:bd87,1
sdv-id-vasAOI,ACC_180,ENT_UK_009,1992588.553914251,USD,2026-03-09 23:36:42,8fef:6ec:25e7:346b:ab93:eebe:f208:13b8,1
sdv-id-SDNNeB,ACC_210,ENT_UK_016,8444.509373303881,USD,2026-01-20 08:40:48,5364:b75a:285d:1889:6051:2b30:237f:e4ec,1
sdv-id-fJMmPa,ACC_219,ENT_UK_014,203484.8644999708,USD,2026-01-05 23:30:50,545c:23d6:9291:93e7:e998:c89b:2445:a0a9,1
sdv-id-NcLmhJ,ACC_212,ENT_UK_006,61319.353092357174,USD,2026-01-29 00:44:30,8712:89d3:cb64:bef3:1fe9:bb89:fafb:2525,2
sdv-id-cfwvAX,ACC_206,ENT_UK_013,133395.03939516313,USD,2026-01-25 05:12:59,2a90:94c4:cdff:dd76:ead6:4242:29e1:241,2
sdv-id-vjKmCn,ACC_212,ENT_UK_018,265758.4064771793,USD,2026-02-13 12:21:18,4b55:f771:1c21:5d2c:51c7:c2d6:822b:5f6,2
sdv-id-wAZtAo,ACC_241,ENT_UK_008,420153.2200460339,USD,2026-02-07 12:43:52,5871:e3a6:b193:d795:1ca0:e0ec:3867:116,1
sdv-id-azgcKF,ACC_180,ENT_UK_005,32639.594370734787,USD,2026-02-08 04:09:41,8122:eb21:a478:1d2d:1afe:4af6:42e9:d705,1
sdv-id-tvOLpz,ACC_292,ENT_UK_009,633435.6676645533,USD,2026-01-28 16:26:54,4417:d1cb:69c8:175:481d:f690:7d6f:6725,2
sdv-id-QzlnlN,ACC_283,ENT_UK_015,29909.81218408973,USD,2026-03-28 19:09:37,22d3:5780:f051:a3f7:d875:4ccb:3a50:692b,1
sdv-id-fnyQrW,ACC_206,ENT_UK_006,1566.1995452149183,USD,2026-01-18 17:00:51,a92d:dd53:b273:374b:448b:43:7dde:17b3,2
sdv-id-bshkLQ,ACC_151,ENT_UK_011,17640.73171469196,USD,2026-01-29 10:36:34,452e:1b42:7964:8c61:dc37:26dc:ccc0:5d7,1
sdv-id-sKjWDE,ACC_236,ENT_UK_018,39217.0019267486,USD,2026-02-21 16:11:50,c1e7:4b0e:338f:f864:fbb7:d797:f751:8fbd,1
sdv-id-keAycK,ACC_144,ENT_UK_015,454802.3632766984,USD,2026-03-31 21:57:58,8af:546b:7ce5:de12:3499:9b74:38c7:e8b6,2
sdv-id-ujCUCj,ACC_268,ENT_UK_002,3134.631074402497,USD,2026-01-26 02:26:08,f254:d8b2:3cb7:d28c:8387:52a9:643d:54dd,1
sdv-id-KaapVC,ACC_227,ENT_UK_001,44766.40246243959,USD,2026-03-30 14:35:44,af5c:89cc:60:dc7d:26c9:fb21:7321:ed7c,1
sdv-id-VxvnSX,ACC_212,ENT_UK_014,95825.80166554631,USD,2026-02-12 19:04:00,9962:2e9c:840e:abd2:e2c9:46f3:70c4:b781,2
sdv-id-Lrkhsg,ACC_135,ENT_UK_015,56228.10304630083,USD,2026-03-22 22:12:27,d774:25f5:812b:1e47:3c87:20e2:7fb2:99a7,1
sdv-id-WshGvF,ACC_194,ENT_UK_017,25215.09733193642,USD,2026-01-31 08:12:42,98c9:a668:e61:c9f6:10c2:a37c:9a2a:d31a,1
sdv-id-tsnCPj,ACC_110,ENT_UK_017,110087.8998913694,USD,2026-01-05 12:32:25,c3d3:5b62:ee81:7d57:a170:7efe:dd0d:c9c1,1
sdv-id-yBwzsf,ACC_180,ENT_UK_017,1581336.4673753837,USD,2026-02-23 04:49:05,4a8b:7f35:b669:8fe5:7fa3:2288:37eb:611b,1
sdv-id-ZsCwhH,ACC_236,ENT_UK_017,16998.973178351782,USD,2026-03-21 20:21:43,cf58:c50e:4caa:40cd:1b79:a82e:b3b:d343,1
sdv-id-KknKkR,ACC_241,ENT_UK_004,928.4378931572452,USD,2026-03-30 19:11:55,790d:ff5c:6ef9:301d:c082:76bc:6b02:470b,1
sdv-id-uvjXoC,ACC_135,ENT_UK_013,97131.22841198392,USD,2026-03-13 16:16:05,c750:98a2:a7e:a2e8:91fd:fcdf:9464:316e,1
sdv-id-pUimoa,ACC_250,ENT_UK_012,349598.09896433394,USD,2026-01-25 02:13:09,3685:dd5e:b7ae:b75c:8f11:a2d:f96c:2053,1
sdv-id-VdspAq,ACC_268,ENT_UK_006,41182.41526294578,USD,2026-02-12 15:28:25,2fe8:45cd:4fe9:f910:d9c2:27e5:8497:f489,1
sdv-id-zwjdek,ACC_135,ENT_UK_002,63687.268636068315,USD,2026-02-26 02:35:46,c736:10d8:9cd:582f:3ede:a7e7:6b64:b43c,1
sdv-id-FdKpDe,ACC_174,ENT_UK_003,285825.00986148213,USD,2026-01-29 23:18:02,9dbd:22cc:1dd4:abf:5032:4ac7:14f4:2f74,2
sdv-id-MPFJpI,ACC_116,ENT_UK_008,1456438.129761516,USD,2026-02-18 06:23:34,57b0:41dc:c849:5ae0:c5fa:683e:7cb1:21d5,1
sdv-id-WGTvHP,ACC_150,ENT_UK_006,9937.207319440831,USD,2026-03-21 20:22:08,b56d:fd82:6992:64f5:6b1:8ba3:8f9e:f68d,1
sdv-id-Vxtosu,ACC_109,ENT_UK_004,4375.776046982062,USD,2026-02-17 00:21:47,7554:ac27:1cb4:c008:8ac4:9c34:b8d5:147,1
sdv-id-BeyCfr,ACC_236,ENT_UK_007,71135.30632818004,USD,2026-03-27 17:47:23,8165:1d84:439:2757:8de:9396:9cf2:1bf4,1
sdv-id-Qfpdsr,ACC_241,ENT_UK_014,17073.573086644894,USD,2026-03-28 06:24:03,fb8:a872:64ba:60c1:2368:5190:e746:fee,1
sdv-id-FBpqBG,ACC_110,ENT_UK_007,256909.4833312407,USD,2026-03-01 23:03:30,e38c:28aa:9bc8:ac20:b88e:8d1b:c70e:a398,1
sdv-id-MIqjIA,ACC_212,ENT_UK_003,142232.37596012387,USD,2026-01-31 07:04:43,db99:5e00:3c2a:41c0:3e2f:f49a:f399:6c1a,2
sdv-id-fiuOZi,ACC_180,ENT_UK_013,18095.648878860655,USD,2026-03-01 14:30:18,c867:207e:551a:4b26:8efb:6116:330f:c9a5,1
sdv-id-NgapMM,ACC_268,ENT_UK_002,940.74485535293,USD,2026-03-05 04:42:25,a05:5d0f:4283:eb4d:cb3f:1d41:5251:2b58,1
sdv-id-ORoJPX,ACC_180,ENT_UK_011,8858.18244593413,USD,2026-04-01 10:02:27,307b:f131:7643:a50f:1448:66fc:54ce:78e1,1
sdv-id-bmrtxr,ACC_227,ENT_UK_013,2206.073334973385,USD,2026-01-03 20:05:59,cdd1:369a:becf:7560:b4ff:b493:27db:3764,1
sdv-id-LJpwRz,ACC_283,ENT_UK_008,84196.11571170167,USD,2026-04-01 15:07:12,9919:b81b:2f85:7376:f7ef:a228:18e0:e19c,1
sdv-id-TiaQyU,ACC_206,ENT_UK_001,174504.74024351835,USD,2026-02-17 01:16:09,7609:f0a0:c275:c30e:86e8:e642:1883:ade2,2
sdv-id-SBmDHg,ACC_180,ENT_UK_008,78136.22033293369,USD,2026-02-10 07:17:01,5b35:faec:ba86:96dc:1044:5e10:a0c3:bd97,1
sdv-id-hbIuYL,ACC_212,ENT_UK_003,182056.88694669976,USD,2026-02-09 12:53:02,ed2:29b0:1f25:79f6:581:f71b:5ddf:b9a8,2
sdv-id-nOxeEs,ACC_241,ENT_UK_008,5639.463806721376,USD,2026-03-31 13:06:03,bc03:856a:c4eb:3144:e342:cb4d:24cc:daa0,1
sdv-id-IxtEMZ,ACC_227,ENT_UK_004,78560.08381249211,USD,2026-02-23 20:46:17,68ec:40f5:fe15:a4f9:7377:cc1a:394f:4fa5,1
sdv-id-beecuY,ACC_274,ENT_UK_011,15338.406928794047,USD,2026-01-07 20:00:41,e863:1778:bf23:f55e:5f7e:6571:7e68:90bc,2
sdv-id-wFZinF,ACC_148,ENT_UK_018,141151.9603314266,USD,2026-03-02 05:01:29,ba76:d92f:7b72:d3ee:1fbf:148:e308:523,2
sdv-id-YEDIOX,ACC_274,ENT_UK_015,1016.7932890862962,USD,2026-03-25 22:26:18,12c7:ca9c:f4f1:5618:ba64:7ec:f233:5001,2
sdv-id-fWlrVr,ACC_194,ENT_UK_006,329944.48977175035,USD,2026-02-25 08:19:51,227d:f75a:a664:198b:d757:30bf:8027:c940,1
sdv-id-qWLOaz,ACC_110,ENT_UK_015,51433.26684982685,USD,2026-03-08 12:31:20,c444:1aa7:28b3:aee2:8fa6:8a9:36d9:c5b7,1
sdv-id-hhyzCC,ACC_241,ENT_UK_001,69641.00002297264,USD,2026-03-29 07:57:40,51f8:4624:b6c9:a2da:8022:b94:b055:f7aa,1
sdv-id-uYvbMs,ACC_283,ENT_UK_011,152948.86124025163,USD,2026-03-29 06:23:34,4e60:698d:4d54:dfb1:f60b:67e5:9076:b9ba,1
sdv-id-OoohfZ,ACC_236,ENT_UK_017,639365.4345635102,USD,2026-03-21 13:13:07,49f4:64cc:aafa:c863:8034:231c:655f:c78,2
sdv-id-lnHHKp,ACC_236,ENT_UK_015,1207.384041767206,USD,2026-03-14 15:23:03,13dc:c402:a471:5a94:d1c7:c7c8:d9d6:e284,1
sdv-id-sFMVNq,ACC_227,ENT_UK_019,55035.38545589355,USD,2026-03-12 02:16:41,d6f0:c372:3b9:c8e6:a94:982:ab26:d778,1
sdv-id-zXsyjw,ACC_241,ENT_UK_009,221266.83398386656,USD,2026-03-15 17:00:05,b940:13ec:a9e1:f3d2:b6e:aed6:8895:bafd,2
sdv-id-IlJzqq,ACC_250,ENT_UK_002,933.6233857091856,USD,2026-03-16 17:11:00,887f:b4d4:cea9:147c:e3dd:be86:dec8:b382,1
sdv-id-maNfLH,ACC_212,ENT_UK_013,178028.7592773809,USD,2026-03-24 15:37:07,4837:cbbb:da67:67f8:d31a:481e:b4a8:c1d1,2
sdv-id-zBaSIQ,ACC_292,ENT_UK_008,10047.723758859824,USD,2026-03-21 17:56:24,9fc8:5699:b22c:716e:6424:7be3:f396:feb,1
sdv-id-fcFtnJ,ACC_212,ENT_UK_001,513495.5233410376,USD,2026-01-20 18:28:58,13cf:d42d:633e:d80e:2083:409b:9390:2a4e,2
sdv-id-oWIJtu,ACC_175,ENT_UK_007,16734.798296104127,USD,2026-02-05 16:19:12,810f:829d:ba4e:c78b:2774:91a1:8149:e011,2
sdv-id-AXOkPx,ACC_135,ENT_UK_009,908117.193755677,USD,2026-01-23 01:05:03,7218:5a0d:9092:9663:c214:a5b3:e763:14cc,1
sdv-id-dVzOSN,ACC_283,ENT_UK_009,13948.457802952074,USD,2026-02-19 17:34:30,ac1d:11ea:4dcd:d719:e893:27ec:cbb7:1e17,1
sdv-id-fimGcP,ACC_144,ENT_UK_013,42828.04514155896,USD,2026-02-01 18:14:19,224a:738c:c59f:331:fa22:c1d2:30f4:de22,1
sdv-id-UVjFia,ACC_210,ENT_UK_009,176859.8916013857,USD,2026-03-27 04:40:51,6b5b:dba8:62e5:1af9:cdcd:917:aeed:c4d9,1
sdv-id-GEDIJI,ACC_292,ENT_UK_013,337336.1067651328,USD,2026-01-25 00:23:40,bd36:a519:29b5:7fee:5491:b67f:f3aa:1db1,2
sdv-id-ZTPSCj,ACC_110,ENT_UK_010,35559.01220332811,USD,2026-02-08 17:08:45,90a8:b58d:a7f9:84ab:dcf3:2e87:129:95af,1
sdv-id-llwPpn,ACC_250,ENT_UK_005,178756.0186691293,USD,2026-02-07 17:03:21,bc8d:b751:fc5b:468d:b562:1a03:83f3:a55,2
sdv-id-SWiOcN,ACC_144,ENT_UK_013,364863.36171240656,USD,2026-01-13 23:44:39,a563:cd5e:67f4:6b30:612f:38fb:2520:971e,1
sdv-id-cfGKJx,ACC_110,ENT_UK_015,40058.942751678005,USD,2026-01-29 20:21:22,d37a:aa0d:aa2f:c135:15e2:2a6f:7040:22af,1
sdv-id-XTnOrf,ACC_219,ENT_UK_009,83557.47472270395,USD,2026-03-16 19:30:51,9603:d4e2:47ed:ed2c:5cef:e0fa:c742:53b1,1
sdv-id-pzHzul,ACC_283,ENT_UK_016,6391.583879694663,USD,2026-02-13 19:44:50,f548:de27:6ca5:9665:c0f8:f9d3:c1c6:7f74,1
sdv-id-JfnIOF,ACC_227,ENT_UK_015,2578.2989167860696,USD,2026-01-20 08:46:11,7b7c:b583:347b:3718:6341:6ed2:84bd:726b,1
sdv-id-BgckXl,ACC_144,ENT_UK_009,484879.93421836634,USD,2026-01-07 13:20:53,56cf:76b5:10a0:8c0:7ec3:d4e7:381a:88ec,1
sdv-id-woVrOB,ACC_212,ENT_UK_010,278717.3445109882,USD,2026-03-24 15:20:14,ec95:a41:164:6306:7f81:1525:c2a9:3cae,2
sdv-id-dQVFWo,ACC_144,ENT_UK_005,48623.860680241334,USD,2026-03-06 03:32:57,87b:5997:f39f:78a7:300e:bd7f:e081:dbef,1
sdv-id-cRiqLR,ACC_274,ENT_UK_015,117384.3665030396,USD,2026-03-19 12:52:04,8275:4aca:8317:8aa:fd32:bbe5:f572:45a9,2
sdv-id-DAzUNV,ACC_274,ENT_UK_017,87744.03181755022,USD,2026-01-12 20:39:55,6e72:efdb:1140:18ad:49a6:6fc5:a372:8163,2
sdv-id-zQHmHh,ACC_236,ENT_UK_017,1047.1667132080847,USD,2026-02-20 00:29:21,6156:cc27:a973:bfca:20e6:1d3c:e14a:1d86,1
sdv-id-NCLGxU,ACC_212,ENT_UK_018,51909.27292747948,USD,2026-01-28 13:05:23,5c12:4667:21d7:cdea:4918:ad9d:5b8:d0e8,2
sdv-id-GTCVdJ,ACC_289,ENT_UK_009,40265.910868887826,USD,2026-03-01 12:18:01,57b5:5122:a235:d7ad:e177:cb3e:5dac:b9de,1
sdv-id-JQodEX,ACC_175,ENT_UK_014,905761.5822213776,USD,2026-02-27 15:39:53,6330:ec4f:4e0f:3ee6:f65c:d81f:1c98:483,2
sdv-id-Didsnw,ACC_283,ENT_UK_018,944.4143508102349,USD,2026-03-20 10:10:29,8fd:ee98:9169:61e0:6c7b:287c:a6fa:5e58,1
sdv-id-nOkOKG,ACC_236,ENT_UK_018,1486.752225113475,USD,2026-03-29 15:08:42,90a:3a3e:593e:759b:ac67:dbd4:6f58:7b5b,1
sdv-id-vnTFhu,ACC_268,ENT_UK_017,8971.474044648856,USD,2026-02-04 00:49:19,522b:aeb2:ced8:42d:cc01:a42:5de:d8ac,1
sdv-id-wCnunl,ACC_158,ENT_UK_001,100053.47142099788,USD,2026-02-26 04:01:08,6db7:af13:56fd:b894:f899:8353:47dd:cfe9,1
sdv-id-TqKPyv,ACC_227,ENT_UK_008,159539.02022203055,USD,2026-03-01 00:10:28,3b9b:3442:bf80:70a0:8b10:83ae:3b0f:a066,2
sdv-id-oCGQVX,ACC_212,ENT_UK_008,4144.195287034255,USD,2026-01-17 13:55:31,6ac4:8385:58cd:e5ef:14de:22fa:b880:acee,2
sdv-id-keUsTU,ACC_236,ENT_UK_018,838237.1415961016,USD,2026-02-21 16:19:32,4db4:15f1:d22:e5d0:24:1503:caec:9abd,2
sdv-id-sBuVFU,ACC_175,ENT_UK_009,1436801.436305043,USD,2026-03-05 08:03:45,7690:f33:5397:3e55:8c6b:71f4:8c09:8fad,2
sdv-id-aiYysb,ACC_250,ENT_UK_005,55856.230797908305,USD,2026-03-01 12:46:21,d1fb:d8fd:4ece:864a:7fc4:2453:ed1b:8af3,1
sdv-id-yGjBFg,ACC_219,ENT_UK_005,13389.159330036402,USD,2026-02-11 12:14:37,9be4:61f6:4e1:b06b:7e5f:d071:7005:7674,1
sdv-id-gCPsDm,ACC_174,ENT_UK_017,117130.39083865852,USD,2026-03-15 13:31:08,ea4b:11e0:66d8:e7da:cff5:3d43:bb72:4460,1
sdv-id-qCBkNQ,ACC_175,ENT_UK_016,114874.78292657912,USD,2026-03-18 14:55:52,de4e:318:9cb5:5c9c:31:297a:aa4:1429,2
sdv-id-IPAdyb,ACC_283,ENT_UK_016,50766.78242572135,USD,2026-03-23 07:42:16,86a2:5b6f:889d:516a:c558:955a:6480:bcf3,1
sdv-id-MAxryF,ACC_274,ENT_UK_010,892456.6491363881,USD,2026-01-26 22:54:30,427a:5d2e:c17b:c21e:7286:bd0e:ee18:a503,2
sdv-id-bKOgMp,ACC_206,ENT_UK_003,109370.07067032962,USD,2026-01-28 03:50:00,b83e:cf67:c2e5:78a5:5df9:690b:845:18e6,2
sdv-id-HuWwuI,ACC_116,ENT_UK_004,14461.563642945135,USD,2026-02-28 13:54:22,81e8:3ac2:ce48:d06d:c5d6:89b3:c3c9:1c9e,1
sdv-id-iqpPdy,ACC_250,ENT_UK_010,16742.43681910857,USD,2026-03-09 18:09:34,48e6:5092:cf6e:eb7e:4c59:4754:7010:15f1,1
sdv-id-SgAcyT,ACC_144,ENT_UK_018,353982.1735949256,USD,2026-03-13 23:44:03,7fba:623a:6e8b:5613:f369:451a:88b7:3d3d,1
sdv-id-CmIVft,ACC_150,ENT_UK_018,127466.44055727698,USD,2026-01-12 05:14:22,6195:63c0:a628:4b93:5b8:17a7:5a3b:6b2f,1
sdv-id-pVbDbH,ACC_212,ENT_UK_012,23783.59031708053,USD,2026-01-25 07:42:22,30e6:7be9:d66f:a9c7:d1ff:f7e2:280e:df3,2
sdv-id-bEWoHc,ACC_236,ENT_UK_016,869623.9160400486,USD,2026-03-19 08:18:10,2635:e260:e244:63e9:ff08:a735:7fcd:7786,1
sdv-id-vSLTbq,ACC_180,ENT_UK_006,22702.95062994419,USD,2026-03-27 22:20:15,b649:9b5d:8846:5bd1:7cb5:fcc2:ba46:1a22,1
sdv-id-QYGUja,ACC_110,ENT_UK_016,93195.85545365584,USD,2026-01-02 08:25:23,2d5e:5ab4:8876:fbb4:7dec:e9f4:5d48:75a8,2
sdv-id-wqMMQy,ACC_135,ENT_UK_008,322731.0733658904,USD,2026-01-02 08:46:18,29c0:efec:d216:a670:729a:fbfc:3cae:33a8,2
sdv-id-ZbyRMg,ACC_292,ENT_UK_016,7793.866427753324,USD,2026-01-13 23:32:47,6bf3:37e5:68d3:cac4:e6a4:90a3:7ceb:e338,1
sdv-id-hLKFOo,ACC_213,ENT_UK_004,1793.8433357527297,USD,2026-03-12 19:51:56,5601:fb5b:f330:25b:a379:9252:442f:42ff,2
sdv-id-TjTrWW,ACC_227,ENT_UK_010,38853.89446029666,USD,2026-03-30 11:09:01,5b0:b8f3:d2ad:9a28:d4aa:3211:fa20:b308,1
sdv-id-sXVgii,ACC_212,ENT_UK_006,184167.57048866473,USD,2026-02-08 15:45:32,cfa1:ce6:f944:2d28:ae69:1e3c:8dcc:bfde,2
sdv-id-qSczPV,ACC_161,ENT_UK_017,5283.99647283747,USD,2026-02-08 20:12:31,c86c:8db1:464c:ea30:ac88:eec3:6386:5325,0
sdv-id-FqnpJw,ACC_236,ENT_UK_007,927.9995230043191,USD,2026-03-20 02:42:00,e102:f909:9b50:cde6:ae0:6d9d:27a8:55e2,1
sdv-id-ZIauJI,ACC_227,ENT_UK_015,37562.52131541553,USD,2026-02-22 13:03:54,910:b51b:1ca8:7281:aafe:8b71:dc25:ea55,1
sdv-id-vIpDrK,ACC_144,ENT_UK_013,93498.12080472904,USD,2026-01-22 00:43:54,4843:d888:e4b:6def:88b0:9307:3332:e208,2
sdv-id-MvvUYv,ACC_180,ENT_UK_018,1109.0616630557654,USD,2026-03-10 00:45:15,695d:d222:e7cf:abe4:cc61:89a1:ba76:e672,1
sdv-id-eiYOIC,ACC_194,ENT_UK_004,187975.31493884465,USD,2026-01-20 15:22:01,17bc:ea05:dfe3:8c2:4708:41a2:8e64:92ee,1
sdv-id-dNblVz,ACC_135,ENT_UK_004,283343.3892643542,USD,2026-03-09 00:06:38,6bfc:c957:f034:c5a9:efb6:bd0b:3a95:e243,1
sdv-id-QVPZsM,ACC_206,ENT_UK_007,188619.8785132426,USD,2026-01-24 10:46:22,5923:c46f:b655:ae19:7c0c:f838:13b7:e32d,2
sdv-id-oqfqkB,ACC_110,ENT_UK_017,28991.128317106777,USD,2026-03-14 01:54:44,2f8c:45b6:340c:617f:5844:c0bd:1e57:3968,1
sdv-id-kLdsZs,ACC_206,ENT_UK_002,729128.8004283513,USD,2026-03-14 01:35:34,5f78:e521:8d63:87b9:3061:309f:f143:e3a2,2
sdv-id-ruldxI,ACC_292,ENT_UK_001,615283.8963425427,USD,2026-03-09 00:32:48,eee0:4049:76f0:836f:cf16:f369:74ed:589c,1
sdv-id-wPCAPK,ACC_174,ENT_UK_006,382353.1423028152,USD,2026-03-21 20:39:47,89a8:5a8f:98c5:a1da:16dd:76aa:974c:2bb1,2
sdv-id-daBvMF,ACC_283,ENT_UK_015,13538.652754820096,USD,2026-03-10 13:44:45,1b82:2ed8:b0b8:c097:1597:e0d5:2a5e:bf5f,1
sdv-id-SaPWtU,ACC_268,ENT_UK_005,1050.9994160871845,USD,2026-02-11 07:28:25,bb18:34a6:43cf:963:8a4a:7c4:4712:e3a5,1
sdv-id-GjDuPk,ACC_212,ENT_UK_019,420559.0884096951,USD,2026-02-08 04:28:28,98bd:3b6d:1d14:8cd6:debd:21:7dc2:da2,2
sdv-id-NFyYVB,ACC_250,ENT_UK_016,4442.643173151536,USD,2026-02-06 21:20:47,b166:c3da:aa79:275c:cbe4:a298:fdf8:4532,1
sdv-id-nIQuDf,ACC_241,ENT_UK_017,49760.72443881663,USD,2026-01-22 22:50:56,4e98:7ed9:1ffe:1aea:413d:94c6:a514:97d3,1
sdv-id-RHEgiP,ACC_236,ENT_UK_019,255365.40569359352,USD,2026-01-08 17:03:52,55ee:b9fd:e92e:33c3:5a01:69e6:bb62:b4a4,1
sdv-id-hPNxAC,ACC_289,ENT_UK_014,1803.283443269519,USD,2026-02-02 15:12:55,5b37:23ac:109:b632:3e3d:be22:c8e9:e0a1,1
sdv-id-WWKQhh,ACC_236,ENT_UK_012,171518.17579637902,USD,2026-01-07 23:04:30,82bf:e2dc:8d48:1663:7df0:bcbf:7843:149,1
sdv-id-dlEjvS,ACC_227,ENT_UK_011,635014.168849238,USD,2026-02-02 07:26:51,476b:7a87:f00b:4ea4:5fbc:4159:dbba:ee23,1
sdv-id-cPJMxg,ACC_223,ENT_UK_019,3337.797517064053,USD,2026-03-16 15:37:56,f7d1:f0d4:4d0:5903:8a2:ed6a:4933:fe7,1
sdv-id-pRWjXf,ACC_236,ENT_UK_017,235769.0435195664,USD,2026-02-13 17:33:58,2d57:e5b5:d7d6:312e:984a:9007:c0b4:8106,1
sdv-id-UpguKL,ACC_283,ENT_UK_019,219199.06831397195,USD,2026-02-03 09:51:23,704:f827:7eb6:98be:6440:ca69:e447:8fe7,1
sdv-id-GyNsep,ACC_206,ENT_UK_006,5243.129283811993,USD,2026-01-29 02:21:41,7594:cd3b:5c08:5f4b:5f87:e0:f26e:e825,2
sdv-id-ASLyOw,ACC_180,ENT_UK_018,19332.30066559821,USD,2026-01-20 11:05:52,b9f4:9689:80a6:d814:d808:ec92:46c4:272d,1
sdv-id-pCGGEI,ACC_180,ENT_UK_016,17799.24295637759,USD,2026-03-08 22:21:12,42f3:5434:5d0f:57b4:955e:ab94:31a2:a8f4,1
sdv-id-jSbxqX,ACC_236,ENT_UK_019,577375.5847604953,USD,2026-02-06 21:50:39,c717:ecb4:748:b0b1:d94a:a1be:c7f8:b106,1
sdv-id-SKMNbi,ACC_292,ENT_UK_018,46086.30488552062,USD,2026-04-01 01:51:44,16b1:8b4:ec8d:b52c:10d5:e414:9d57:b58f,1
sdv-id-gaaDJl,ACC_206,ENT_UK_013,379287.235649106,USD,2026-03-30 08:04:58,aa30:91a:635b:a62c:ff89:3462:981a:992,2
sdv-id-IVHRTe,ACC_116,ENT_UK_014,2194.1937803689816,USD,2026-02-16 07:44:53,3f64:8eee:810f:6d31:79b9:436c:c7cd:b317,1
sdv-id-gdeeHZ,ACC_219,ENT_UK_012,158548.2966805265,USD,2026-03-03 08:58:26,4cbf:5900:86d:dd30:9390:bb7:f5c2:7a83,1
sdv-id-yZyVZn,ACC_250,ENT_UK_017,1166107.4970076212,USD,2026-03-24 04:59:19,41c4:5432:fc80:c4f0:b71b:f205:22b:3262,1
sdv-id-yqtbPb,ACC_116,ENT_UK_013,600107.1951466455,USD,2026-02-12 19:51:47,87e1:1331:5070:a03f:4ff4:f03c:43c3:4e49,1
sdv-id-Hphske,ACC_180,ENT_UK_012,38112.28619611816,USD,2026-03-27 07:16:16,272f:3e41:2dd4:a28:45be:6277:fe9d:4462,1
sdv-id-SzyhnJ,ACC_283,ENT_UK_007,5544.3376295911685,USD,2026-01-24 10:14:38,396d:c40a:182e:4890:970b:78d2:484a:ffad,1
sdv-id-ypDfdv,ACC_241,ENT_UK_014,121379.60247693544,USD,2026-03-08 12:48:15,82b3:13a4:6c2e:64be:7a53:9165:32ab:c5f,2
sdv-id-UlIjVc,ACC_212,ENT_UK_017,2545.2677578501284,USD,2026-04-01 19:35:38,42c7:9749:f378:b870:7d08:1228:7672:b2bb,2
sdv-id-lOoobu,ACC_213,ENT_UK_012,210029.74813779577,USD,2026-01-28 15:34:31,aa5f:cd2c:54c0:d23f:e54a:7a46:ff1d:f299,2
sdv-id-kJkUcI,ACC_212,ENT_UK_001,101304.29714209423,USD,2026-03-07 11:50:22,7126:55cc:40f:d7dc:dd71:f1b5:a7ea:46b,2
sdv-id-XlPjKr,ACC_212,ENT_UK_012,591978.418171316,USD,2026-01-08 10:07:23,5dd8:8fd7:ac01:33bd:b222:3f4:ede2:ecd3,2
sdv-id-hgoEth,ACC_283,ENT_UK_015,9274.700337583285,USD,2026-01-23 05:02:38,af6b:7353:1e24:fb44:b36b:73f2:96db:43c,1
sdv-id-zWNciz,ACC_292,ENT_UK_013,640540.3681382193,USD,2026-03-19 23:48:20,f42b:9c0a:53f:2a0d:3e6c:a0c3:601:6861,1
sdv-id-rTqgEO,ACC_227,ENT_UK_014,205114.05951601075,USD,2026-03-02 01:12:02,2cf9:44ca:435b:48e2:c8b0:bfac:fbdb:b087,2
sdv-id-odzZuj,ACC_236,ENT_UK_018,106515.68135737324,USD,2026-02-22 08:55:50,2950:324a:4ae6:b571:465a:d5f5:eec5:530c,1
sdv-id-eRpkVj,ACC_110,ENT_UK_004,100656.9017410795,USD,2026-03-24 10:32:24,b15e:5491:5b01:dcca:1a68:1881:5f45:1191,1
sdv-id-jgAgCH,ACC_150,ENT_UK_014,1048.176555994294,USD,2026-01-21 19:47:23,5ee0:9e21:579a:8099:ef67:589e:7cf0:a819,1
sdv-id-oNapRo,ACC_150,ENT_UK_001,703023.9878303919,USD,2026-03-26 23:32:58,d6ad:3970:3342:a48b:ba40:1e7c:b03a:f6d7,1
sdv-id-tksfGm,ACC_289,ENT_UK_008,30554.603014072636,USD,2026-03-24 01:08:53,8469:95e4:7455:4b17:fd0a:f947:56af:5cb4,1
sdv-id-PhjaET,ACC_150,ENT_UK_018,1573549.9873101036,USD,2026-03-03 18:51:21,5133:7d6c:5298:eb5b:a0ec:7b89:a2dd:1770,2
sdv-id-TWHdLz,ACC_110,ENT_UK_017,1201259.880478296,USD,2026-03-05 23:39:38,1d13:28:cfb3:fa68:6497:d204:891a:3970,2
sdv-id-kgTSPA,ACC_274,ENT_UK_016,45919.020967442426,USD,2026-02-20 13:28:00,9192:d0a4:bbaa:db62:124e:5f6:bc52:529e,2
sdv-id-oijAfA,ACC_110,ENT_UK_008,706541.7310587713,USD,2026-01-28 05:21:51,d6f:9099:f3bc:56f7:b209:96ba:4d0d:6e28,2
sdv-id-UiPbkZ,ACC_268,ENT_UK_009,7214.870354717151,USD,2026-03-15 12:41:46,a92c:59db:9475:9aa1:fc33:6dfd:e47c:2047,1
sdv-id-SNIVWV,ACC_283,ENT_UK_015,461619.0857746337,USD,2026-02-25 06:03:18,21d6:4789:1885:fd7e:bcbf:3d04:be:d0c0,1
sdv-id-ZYsUzU,ACC_250,ENT_UK_019,434146.41121777025,USD,2026-03-05 04:21:09,640a:5d93:e599:cd56:e161:fa9d:fff1:f10e,1
sdv-id-btyyKl,ACC_206,ENT_UK_017,71956.76751477848,USD,2026-01-07 13:27:13,2f69:4cac:6811:9900:a440:38ef:7d00:2982,2
sdv-id-DOmJzC,ACC_180,ENT_UK_003,34873.66079317976,USD,2026-03-16 00:53:52,2567:3888:9316:3090:1b52:75a3:a63b:b0bf,1
sdv-id-vhZbZp,ACC_180,ENT_UK_003,99838.05894332692,USD,2026-03-13 14:03:55,7a0f:4d19:73bf:1494:31ab:d569:be69:be7e,1
sdv-id-nFMVzJ,ACC_202,ENT_UK_019,2533.157102334945,USD,2026-03-06 09:57:20,6c78:7db4:ffa5:fcea:317e:ec9b:f9af:1684,2
sdv-id-uGEPFH,ACC_236,ENT_UK_015,1016.3520844739292,USD,2026-03-03 02:32:46,a7cb:e4b8:7d56:97c6:3bff:1984:d58d:5c9b,1
sdv-id-tKPLlX,ACC_250,ENT_UK_009,1826698.259406124,USD,2026-03-05 18:24:57,1a58:1f17:c103:7769:c07:8aa8:3f00:ca18,2
sdv-id-RFnqwL,ACC_268,ENT_UK_004,165191.5759107837,USD,2026-02-06 09:53:53,1fcd:ec27:85f2:54b2:25fd:29f4:b4a2:81d2,1
sdv-id-xdpfum,ACC_227,ENT_UK_009,623976.8625267925,USD,2026-02-16 19:16:11,9d9e:6ef3:81ae:71c1:81e3:44cd:3229:444b,1
sdv-id-aVIEEm,ACC_250,ENT_UK_010,1166978.87220617,USD,2026-02-09 16:01:35,583c:4d44:840c:319d:e64f:576d:3cdf:a773,1
sdv-id-waTiqC,ACC_283,ENT_UK_006,106979.41010705856,USD,2026-03-28 16:22:03,d13f:56ad:cdbc:a255:a5af:188a:8f9c:80e2,1
sdv-id-CpYPIo,ACC_227,ENT_UK_017,90109.88878454312,USD,2026-03-04 17:30:13,f262:436c:aa52:185d:ae3f:5a8c:9a4e:381b,1
sdv-id-yRyIUT,ACC_283,ENT_UK_006,149862.213338295,USD,2026-01-30 03:02:42,e16:a512:c3f8:9276:d09f:81b3:c588:33a7,1
sdv-id-ZZKqEN,ACC_250,ENT_UK_018,33464.36030764638,USD,2026-01-27 03:31:25,4ca3:6eae:bce6:4ce1:a4aa:46c5:4bbc:5e90,1
sdv-id-MaKsPl,ACC_110,ENT_UK_011,30121.31246059417,USD,2026-03-11 22:52:47,1136:4af1:283b:c7e6:f2c1:914e:a28e:85eb,1
sdv-id-BXlnQt,ACC_206,ENT_UK_002,360636.04835420946,USD,2026-02-22 21:08:21,a9b9:455d:6557:3e3e:a3da:18:81ad:eedc,2
sdv-id-pHnTsG,ACC_194,ENT_UK_005,27718.435048776453,USD,2026-03-01 18:20:29,b580:d448:cb00:d6ac:731f:3662:7387:7908,1
sdv-id-Haiwvt,ACC_219,ENT_UK_005,534081.5741341048,USD,2026-02-16 14:20:20,5b1a:d724:7f2b:353:74:d254:6b53:5e04,1
sdv-id-nMOEvM,ACC_175,ENT_UK_010,2565.123930302981,USD,2026-03-29 22:06:34,f06d:9c42:9c2a:3690:1e2:7f0f:4e22:f753,2
sdv-id-BFekXh,ACC_268,ENT_UK_007,13620.676741835618,USD,2026-03-31 10:08:53,3550:6ee0:2404:6954:a6d6:45dc:de39:4c43,1
sdv-id-PDoqVy,ACC_210,ENT_UK_016,981.502948817358,USD,2026-01-18 17:35:05,8a6a:3d46:4747:d7e5:2866:4052:c383:b672,1
sdv-id-GWThaK,ACC_110,ENT_UK_001,288820.35189069156,USD,2026-03-20 18:24:22,c9ab:7a13:2085:49fd:c23b:4797:ed:a4d2,1
sdv-id-lcZfxE,ACC_274,ENT_UK_011,3543.8029134547114,USD,2026-03-21 14:26:45,d972:3b26:896e:5c36:21a:c76b:d959:788b,2
sdv-id-UoeXRF,ACC_174,ENT_UK_016,984.7363732574128,USD,2026-02-26 01:23:53,1fbc:c7c7:2568:f1a4:b073:b0fe:c46b:ed97,1
sdv-id-vsqDNt,ACC_206,ENT_UK_019,56482.25657792189,USD,2026-03-07 01:19:23,4735:5adf:4b8:86f5:a7b5:fcec:f90f:762a,2
sdv-id-eGdrCM,ACC_150,ENT_UK_016,14062.014621139351,USD,2026-03-14 23:07:32,350e:2c5:895:1afb:3e61:3c05:ff4b:2cf4,1
sdv-id-MXzyTb,ACC_174,ENT_UK_008,3918.106720172949,USD,2026-03-24 06:16:57,4d06:368f:ce63:2c11:f5c2:9272:59cb:6ba3,1
sdv-id-PpdlDo,ACC_212,ENT_UK_009,11600.90166131771,USD,2026-02-19 00:53:02,b254:ab27:8e3e:e559:7fed:38ff:4c77:701d,2
sdv-id-ecixGl,ACC_292,ENT_UK_007,1328829.2566651443,USD,2026-02-28 00:48:27,ea2b:1e16:da8a:4dff:1e4:d6a3:32ff:5d71,1
sdv-id-GbXzRv,ACC_250,ENT_UK_018,2891.8396546673507,USD,2026-02-22 04:28:08,68a8:a8ae:2981:52c7:7105:fa31:8953:39b7,1
sdv-id-umgQaV,ACC_110,ENT_UK_017,23607.682156212137,USD,2026-02-24 14:58:36,d962:1fef:22d5:6771:b5f0:501d:5302:8ad7,1
sdv-id-UzYIBx,ACC_250,ENT_UK_012,286753.9263315561,USD,2026-03-15 00:22:46,608b:82b6:3b08:42a9:41a4:c13d:a78b:3b7f,1
sdv-id-pKEhCH,ACC_212,ENT_UK_017,7129.462657510265,USD,2026-04-01 18:37:34,deb5:e1ef:700e:71c3:e2c:db63:cc94:ed93,2
sdv-id-ADBMjK,ACC_144,ENT_UK_018,340498.41419836466,USD,2026-02-02 17:59:19,15e0:9335:5c21:530b:b4ba:d4f3:c36e:438a,1
sdv-id-bAgHCR,ACC_292,ENT_UK_016,118893.35964895174,USD,2026-02-26 09:09:34,86e8:c535:2f10:1062:fc07:70a0:adc3:c043,1
sdv-id-PSwUYk,ACC_236,ENT_UK_008,213691.27562758303,USD,2026-02-16 10:31:05,6248:6a54:f014:e7be:d0a5:444a:4761:d6c9,1
sdv-id-ydoiDB,ACC_180,ENT_UK_015,4355.317917760247,USD,2026-03-02 10:10:56,a04e:b2d6:5078:740f:6628:b0b6:4036:d5a1,1
sdv-id-ozOyzx,ACC_250,ENT_UK_017,993.4992340074172,USD,2026-03-19 10:32:39,7096:9944:aa93:3cd9:bc2f:9fd7:be03:94c8,1
sdv-id-vUbPeT,ACC_283,ENT_UK_009,331675.7674544403,USD,2026-03-08 20:19:03,6795:9f7f:14d3:8a53:9097:2dcb:bd2:c8b,1
sdv-id-AsGsLy,ACC_227,ENT_UK_007,160440.77203740616,USD,2026-03-12 05:43:25,5cc2:18b2:b656:d986:54eb:102a:f734:9ed0,1
sdv-id-KvNYfG,ACC_174,ENT_UK_013,181015.20302624637,USD,2026-02-13 17:42:48,9b8:6e61:8bff:38f7:d20f:32e1:c9b4:440a,1
sdv-id-FDzfmJ,ACC_227,ENT_UK_002,47941.625155616704,USD,2026-01-28 15:06:43,b484:8f5e:e6f2:2f9a:950e:d1db:4441:9562,1
sdv-id-AQTstJ,ACC_274,ENT_UK_015,139981.55070524776,USD,2026-01-18 19:51:46,cd8a:1116:91af:8fb5:f2da:424:8cf3:25ab,2
sdv-id-KpogCx,ACC_236,ENT_UK_008,57162.18509610987,USD,2026-02-08 21:49:28,8bad:6d67:668:d65c:10c:95b9:5707:b68e,1
sdv-id-lahVcZ,ACC_212,ENT_UK_007,293985.73096107435,USD,2026-01-10 01:10:17,278d:387:1ab3:1b30:572d:9dd7:ac98:a663,2
sdv-id-mHPdvM,ACC_289,ENT_UK_008,29070.016849756714,USD,2026-03-31 08:25:14,6ed0:d316:bc04:29a1:d9ce:5f4f:727:cb1e,1
sdv-id-EpYjww,ACC_274,ENT_UK_001,170499.63563361994,USD,2026-01-24 13:48:10,ca79:4877:8282:fcab:9886:f4c0:ee85:aca9,2
sdv-id-OryZCv,ACC_150,ENT_UK_015,2649.8080151588133,USD,2026-03-15 10:24:17,b889:24a1:a207:4614:81e5:61d2:d30:f0db,1
sdv-id-rpkLUO,ACC_175,ENT_UK_002,514458.9696644684,USD,2026-02-10 21:02:59,6fbc:6e63:69c0:ac4:1181:f61a:21c5:d51e,2
sdv-id-EJOSem,ACC_116,ENT_UK_003,695833.8696537031,USD,2026-02-28 13:26:42,6fbe:335b:e243:3e43:876c:4807:7f2e:7c8e,2
sdv-id-VaMzvO,ACC_250,ENT_UK_007,78125.09459916025,USD,2026-02-28 10:47:57,4d2c:1c8b:73dd:5126:3317:644c:d821:36c1,1
sdv-id-uFKJMh,ACC_175,ENT_UK_009,40199.05350392164,USD,2026-02-25 15:55:06,e50a:81fe:2b9b:cc9f:8763:633:a9c7:90d,2
sdv-id-nVIUcj,ACC_116,ENT_UK_008,155516.25030979895,USD,2026-01-28 05:41:48,f96f:4f0e:e53e:2e04:61f0:f1eb:89fa:31f5,2
sdv-id-rfOdxS,ACC_292,ENT_UK_015,1678140.1263523917,USD,2026-01-07 05:24:57,8942:b40c:a52:b9ca:8341:b2c8:11bf:856d,2
sdv-id-KtQesV,ACC_175,ENT_UK_006,1356923.4751508655,USD,2026-02-13 01:10:50,3aba:d3d:5402:fc3c:7f9e:1435:3582:8060,2
sdv-id-FDiikV,ACC_250,ENT_UK_008,87789.94248335375,USD,2026-01-26 11:00:11,e6c5:3c33:a439:6ff0:8d38:a0a7:7d6:92b6,1
sdv-id-NQcJNE,ACC_219,ENT_UK_002,34372.8506563017,USD,2026-04-01 04:35:44,9716:8810:31e4:b038:b04f:bf42:af56:a03,1
sdv-id-zNaHCD,ACC_212,ENT_UK_013,7762.92645037769,USD,2026-01-16 22:57:13,c2d:5287:1f64:e4e7:4dd3:bcc1:b912:c2c4,2
sdv-id-fEysiP,ACC_194,ENT_UK_002,167156.26911194698,USD,2026-02-09 05:06:21,4fa6:cad0:d041:7727:4914:a62:3e69:2411,1
sdv-id-MWWgYy,ACC_180,ENT_UK_002,259019.83953512713,USD,2026-01-02 06:27:49,3389:845:d317:36f2:abe0:9d6:a9be:eee5,1
sdv-id-hxQPnt,ACC_212,ENT_UK_002,941.2968430586144,USD,2026-01-11 10:46:27,9f12:dca5:f51b:5d1e:6d07:6685:ba21:75cf,2
sdv-id-mCoIuO,ACC_250,ENT_UK_001,403706.55137242086,USD,2026-01-15 20:42:58,8720:3921:7ba9:401a:4e26:118b:e753:51b9,1
sdv-id-nqEKjQ,ACC_206,ENT_UK_012,403966.81585754454,USD,2026-01-01 06:23:14,b485:9412:495f:9ce7:82df:f794:fec:5a0b,2
sdv-id-tzcQWT,ACC_150,ENT_UK_018,327515.3229070487,USD,2026-02-26 17:17:38,fc22:70fc:9efe:569b:419d:c52d:8855:af7d,1
sdv-id-HqGpca,ACC_180,ENT_UK_002,742278.5869650089,USD,2026-01-27 01:04:53,3de:8c67:b2c5:fbcb:e94c:879a:4d07:6014,2
sdv-id-ykRxzC,ACC_241,ENT_UK_009,1655855.7671376057,USD,2026-03-22 04:33:22,91ca:a6c:c7b3:1d9c:f01c:40ee:f5a7:6229,2
sdv-id-yrNOSi,ACC_250,ENT_UK_003,730580.1095791281,USD,2026-03-14 00:45:01,dc5d:5ac7:d8dd:70ff:a3a5:67d3:57da:d82,2
sdv-id-FFmSUi,ACC_274,ENT_UK_006,1220.7840673592516,USD,2026-02-04 11:09:54,a59:91ec:bd25:29b0:f6f0:abec:db03:3dff,2
sdv-id-Tnwris,ACC_289,ENT_UK_006,32506.324620538653,USD,2026-03-05 01:19:12,6610:6f4c:1fcc:cc:bb06:617b:2c1e:b114,1
sdv-id-wpzRbZ,ACC_250,ENT_UK_017,151089.8018655278,USD,2026-02-15 17:27:34,eae1:a06c:39af:cd9d:37c3:c7a2:14d9:768e,2
sdv-id-cLmnRi,ACC_202,ENT_UK_013,417024.89840072073,USD,2026-02-08 09:14:11,21a2:f957:4c63:24e0:f55:ff48:3fd4:4199,2
sdv-id-dRdgnb,ACC_227,ENT_UK_010,1057.9421079344995,USD,2026-02-18 02:09:07,c97f:2b28:4a4d:d265:73e6:fbfd:6b10:c1e7,1
sdv-id-jfvKLh,ACC_274,ENT_UK_002,955.384305594961,USD,2026-03-12 06:18:14,bd0c:dd00:801a:67b:cb19:cb23:4906:de3e,2
sdv-id-KUKIwa,ACC_180,ENT_UK_005,10190.20465409398,USD,2026-03-14 19:59:20,6d0:c05e:f7c3:e0ff:bd93:71f:b168:9475,1
sdv-id-mjQbic,ACC_110,ENT_UK_011,5342.2104901096545,USD,2026-01-23 18:41:56,66da:b338:e744:b8:be66:3986:fe58:271,1
sdv-id-ypOOsI,ACC_250,ENT_UK_006,378896.06161944487,USD,2026-03-10 22:56:08,65a6:3b5f:560c:6fa8:7d70:1c54:f349:38c5,2
sdv-id-fsICVr,ACC_268,ENT_UK_008,268022.6361115818,USD,2026-04-01 19:11:07,2e91:2285:2877:b590:cd8c:c5cc:89c0:c23b,1
sdv-id-xUndvf,ACC_274,ENT_UK_002,119413.74107059537,USD,2026-02-12 21:54:10,915b:540d:3ce0:2246:3e01:8ff0:8b60:7d09,2
sdv-id-knQHbG,ACC_250,ENT_UK_011,75557.72785752571,USD,2026-04-01 01:06:16,97d3:4604:c9d3:effe:da40:7db9:b450:46f7,1
sdv-id-QOvYDx,ACC_283,ENT_UK_013,4782.731509201754,USD,2026-02-09 22:01:34,413c:c35b:b0d5:8027:4801:110f:eea7:ac9c,1
sdv-id-VcqCgV,ACC_110,ENT_UK_005,3380.5478949792487,USD,2026-01-11 00:42:04,ef73:2d5d:2854:44bf:1b45:62a3:7860:7210,1
sdv-id-IalwYZ,ACC_212,ENT_UK_006,52699.513914529045,USD,2026-03-06 20:31:01,12b3:c8a8:8b96:704e:ad4c:54b3:85a1:b2ab,2
sdv-id-UbNAmM,ACC_292,ENT_UK_008,1201.7447670663423,USD,2026-01-13 17:05:33,1759:2ab1:2b83:6ad2:9ae3:c9b6:5aa9:5b87,1
sdv-id-TqRKUr,ACC_116,ENT_UK_001,236596.0259068011,USD,2026-03-23 18:39:45,b3b3:58bc:f83b:27f:174d:4856:7723:6ad8,2
sdv-id-dTufCH,ACC_236,ENT_UK_002,46929.90002751751,USD,2026-01-11 09:23:26,21f3:caea:ade3:32cf:843b:5299:ff4b:5999,1
sdv-id-MgTjIR,ACC_206,ENT_UK_005,1439255.523059976,USD,2026-01-16 02:48:03,f044:771d:7bf3:8850:59fe:ecb2:f8cf:74fc,2
sdv-id-KdhMtU,ACC_194,ENT_UK_004,15412.459659044336,USD,2026-02-16 20:04:42,781c:9028:e231:79ac:2e66:d81f:c649:e8fc,1
sdv-id-sEJJdZ,ACC_158,ENT_UK_012,151945.17719261834,USD,2026-03-23 04:51:00,8cbc:fdf9:389a:ead6:f327:d1a5:b5e7:9f3b,1
sdv-id-BtVicO,ACC_250,ENT_UK_009,1108.1323268901283,USD,2026-03-06 15:43:55,5581:35d2:d49f:d82:1964:aaf8:2632:83db,1
sdv-id-jQMWtW,ACC_212,ENT_UK_015,369178.78494929033,USD,2026-03-20 22:43:00,213:2355:fead:745d:872b:7158:8f98:b8d9,2
sdv-id-YurLqk,ACC_212,ENT_UK_002,72234.27086360163,USD,2026-02-02 01:29:59,6f97:42f3:df33:ca72:a671:fa8a:2513:5ffc,2
sdv-id-YjMmCy,ACC_206,ENT_UK_009,20481.242144737585,USD,2026-01-07 20:59:31,8cf5:e8ff:c62d:42c3:4e08:6e6d:7e:3872,2
sdv-id-ZahnWC,ACC_180,ENT_UK_001,912153.302748301,USD,2026-01-04 22:18:32,392f:b823:2676:ded4:b581:f4a1:1e75:87a1,2
sdv-id-DUPaFR,ACC_202,ENT_UK_015,187548.45637223555,USD,2026-01-08 02:02:25,a5f2:f5d5:ec14:1976:ec33:55ba:3ad1:7a07,2
sdv-id-jbhaSs,ACC_268,ENT_UK_003,628814.5811335187,USD,2026-02-14 04:06:17,6087:f387:ce86:a196:d5c3:9b56:ec45:1f8f,2
sdv-id-ulZANr,ACC_206,ENT_UK_015,6460.289834968704,USD,2026-03-15 01:24:50,8872:21c2:768a:3f4f:a262:dd8a:68d3:d09e,2
sdv-id-YzXZSE,ACC_158,ENT_UK_001,134558.7202549227,USD,2026-01-26 12:51:01,7126:453:754c:5e48:7b2e:3b7:f986:b657,1
sdv-id-vjjEVk,ACC_283,ENT_UK_017,172880.9439584893,USD,2026-02-12 19:08:15,d21b:c486:8c3:3b9:73c9:439f:3159:c59f,1
sdv-id-rdAWhY,ACC_274,ENT_UK_002,13534.269743607072,USD,2026-01-13 23:04:21,9b71:6a4d:bb7a:177c:fb40:6e9:8c46:f5dd,2
sdv-id-hfGTlI,ACC_180,ENT_UK_016,40564.52525593163,USD,2026-03-09 07:37:30,ed12:c8b5:182f:a19e:cef8:abe8:7c20:e1dd,1
sdv-id-rNhjYQ,ACC_206,ENT_UK_016,303503.01823675097,USD,2026-03-15 14:23:10,3aa3:154c:6fee:df57:c027:6764:67d4:6be5,2
sdv-id-ganBIk,ACC_250,ENT_UK_010,67826.55736984662,USD,2026-03-29 16:09:18,ae3b:6d5b:66c3:f1b:a86b:e979:3aac:dd40,1
sdv-id-nDGlCA,ACC_206,ENT_UK_001,16049.556493961803,USD,2026-01-21 03:36:22,e6db:d6b5:e3ea:ff11:b70:8c9a:b6b4:3a73,2
sdv-id-kTNriR,ACC_236,ENT_UK_010,73033.86015921916,USD,2026-01-19 18:10:23,78eb:720e:6724:8257:8a24:20f:5867:3995,1
sdv-id-gGTPWH,ACC_212,ENT_UK_005,11638.08653114635,USD,2026-02-16 17:49:53,1d83:7c0b:3ea0:305e:284b:d6e5:df51:9afa,2
sdv-id-OTVrLG,ACC_241,ENT_UK_013,3518.1788765182496,USD,2026-02-21 20:08:42,7392:e255:3ab:f12b:8c1b:6644:5dd:6b6f,1
sdv-id-cUShGR,ACC_227,ENT_UK_013,59390.71208449778,USD,2026-02-21 18:41:19,a659:5048:5ba1:2e1e:bef9:93fa:c49b:8f6,1
sdv-id-QsJHLk,ACC_250,ENT_UK_007,412812.4104646399,USD,2026-02-25 11:52:12,d5cc:5d5d:1043:52e7:c294:9ab9:b960:9442,1
sdv-id-pZVZiO,ACC_212,ENT_UK_006,66955.90202067517,USD,2026-01-01 21:06:15,11d7:3401:60bc:d780:15ca:2047:f599:e513,2
sdv-id-kSBAGS,ACC_180,ENT_UK_017,606788.5126995932,USD,2026-02-11 10:16:52,d2c5:e3c9:171:643a:907a:189c:ede3:3b1f,1
sdv-id-LIgQAo,ACC_116,ENT_UK_015,6500.609636120611,USD,2026-03-29 07:17:26,6b6:e1fb:5ade:9ae0:4a15:2482:5057:2786,1
sdv-id-kbxadX,ACC_292,ENT_UK_016,12282.416735147592,USD,2026-02-18 08:19:31,2722:356c:3f54:792a:d1f6:f36d:e0b1:e3e3,1
sdv-id-QRnzWE,ACC_227,ENT_UK_011,269708.55707689864,USD,2026-03-28 13:38:05,1fb1:7d03:ff5e:6de3:de4a:c9fa:eca5:15fe,1
sdv-id-ndhseL,ACC_135,ENT_UK_001,106406.88142116442,USD,2026-01-29 21:26:26,3f3e:68d:d1ba:4302:c312:54e6:84fa:9d88,1
sdv-id-DoxjTI,ACC_250,ENT_UK_003,410668.5190784808,USD,2026-02-17 02:22:22,439d:a344:84af:6ff8:c97:ff:e943:4979,1
sdv-id-wggoan,ACC_241,ENT_UK_006,348770.0184753979,USD,2026-01-30 10:49:42,439a:fa98:158:5907:3ebb:4944:4131:6af,1
sdv-id-hkXEVP,ACC_227,ENT_UK_002,910488.4977715022,USD,2026-03-01 20:00:53,1be8:3696:91d2:33fe:9ad2:313c:62a7:57cb,1
sdv-id-vPuuev,ACC_227,ENT_UK_006,724759.6969717331,USD,2026-03-14 19:28:51,19f6:2b33:2ce5:658:96c9:c56f:9868:1d97,1
sdv-id-gTpLPs,ACC_180,ENT_UK_008,6129.601742759559,USD,2026-01-09 04:07:45,b146:183c:568f:f9c2:56b6:b979:5324:9563,1
sdv-id-KMvvmy,ACC_219,ENT_UK_012,62302.56100496468,USD,2026-03-14 02:01:34,dc0b:d983:7417:5fb0:ac3:7079:bf2:14b1,1
sdv-id-fqqiqM,ACC_212,ENT_UK_005,45310.50375458872,USD,2026-03-04 09:04:32,f120:cfe8:e49f:8929:f1e6:990d:a5bc:8927,2
sdv-id-rIvjHJ,ACC_212,ENT_UK_007,1099.9360933927733,USD,2026-02-07 09:50:05,a4ea:c146:ad9:35fb:8246:11f7:5470:d0bf,2
sdv-id-sqiNoO,ACC_292,ENT_UK_011,37662.88190633971,USD,2026-03-23 13:37:16,7414:4cc4:ec12:433d:82da:c3b0:fb83:1aa,1
sdv-id-akvDnZ,ACC_236,ENT_UK_012,3019.229833870897,USD,2026-03-29 10:48:28,e10:fc41:4a82:cc9b:ead9:caee:1d8f:642c,1
sdv-id-mqfyKV,ACC_158,ENT_UK_014,1294520.937325644,USD,2026-02-08 12:43:58,5206:9082:9be5:e6aa:5e9f:8d15:a754:99d4,1
sdv-id-glrKEy,ACC_227,ENT_UK_013,98302.4768610241,USD,2026-03-03 15:51:17,332c:63c3:29aa:181d:6a5e:13d6:1029:825b,1
sdv-id-usjBvK,ACC_212,ENT_UK_011,8276.862643050817,USD,2026-04-01 17:36:40,f994:15f3:6b26:e23c:50ba:8984:9cf0:10ab,2
sdv-id-CpDmXW,ACC_241,ENT_UK_004,1531564.1024729083,USD,2026-02-23 17:19:26,cfbc:85e6:3a20:3789:797f:6c65:39de:9199,1
sdv-id-qxeqQY,ACC_135,ENT_UK_013,54249.79001426671,USD,2026-02-02 03:03:52,8492:edaa:9cfa:ff8d:b0a6:994:767:6261,1
sdv-id-NUbCkt,ACC_206,ENT_UK_006,19062.00967534872,USD,2026-04-01 02:50:13,3b62:6c7d:ffbe:11b:a094:6355:219d:3715,2
sdv-id-qnjsJt,ACC_180,ENT_UK_011,415197.6761273689,USD,2026-02-26 22:01:13,6c16:3f44:f906:8617:a561:894c:88d:c4de,2
sdv-id-CrLhIQ,ACC_236,ENT_UK_012,1065435.01990823,USD,2026-01-11 02:22:27,cc46:eaed:44c7:8b79:d096:3079:fe13:229e,2
sdv-id-FZquBV,ACC_144,ENT_UK_012,383585.6248196289,USD,2026-01-29 19:29:39,84b4:9d3f:a1d8:1a43:3279:bf5e:c9cd:f10d,1
sdv-id-jLLPih,ACC_150,ENT_UK_017,18924.461238130178,USD,2026-01-06 13:49:48,574a:235c:8d89:410f:2f1a:7c0f:ac4d:f1a0,1
sdv-id-MHKiih,ACC_175,ENT_UK_018,88384.40534241391,USD,2026-03-22 04:17:58,1d68:c3b8:18f5:b66:8363:1c34:d29b:ba2c,2
sdv-id-QsGqGO,ACC_236,ENT_UK_007,136353.06782031624,USD,2026-03-13 22:34:47,bd31:bedb:b14:eee9:9e26:a7d5:c6d:de17,1
sdv-id-BVraDG,ACC_292,ENT_UK_005,6162.841894385538,USD,2026-03-28 23:11:47,3670:e2c:9287:d329:752a:c252:a1ac:19a7,1
sdv-id-hUhvJD,ACC_223,ENT_UK_003,935.3137138909406,USD,2026-03-27 04:40:21,11b8:8251:828a:6a07:ccd9:bc94:aff2:bee8,1
sdv-id-moSRIc,ACC_289,ENT_UK_008,650003.2855265705,USD,2026-02-15 02:42:23,6ec7:dc6c:1aea:b558:1140:6f37:6455:408,2
sdv-id-GFbzZL,ACC_150,ENT_UK_017,353418.1668155704,USD,2026-03-29 22:23:45,ee47:2cd6:7e91:e3b0:2920:d4f0:f990:94d2,1
sdv-id-HfpRjk,ACC_175,ENT_UK_002,544846.1618064004,USD,2026-02-11 15:40:45,9ddc:6293:8522:622b:2b39:5412:abef:9a91,2
sdv-id-xLIurQ,ACC_180,ENT_UK_003,1003.536941186214,USD,2026-03-14 10:02:56,262e:39ae:a1f5:aed5:577a:d191:645c:ec45,1
sdv-id-VrxNik,ACC_236,ENT_UK_001,781437.6921755074,USD,2026-02-22 17:40:47,fabb:d40f:e7b9:6e09:ee36:cb84:8b49:b4b7,1
sdv-id-PESuut,ACC_150,ENT_UK_018,1454704.3431674042,USD,2026-01-06 11:29:52,ea35:7be7:3012:8ba7:31fa:7a19:4034:4cfe,1
sdv-id-pXNVpB,ACC_135,ENT_UK_013,66660.59901332736,USD,2026-01-12 13:21:05,f7d9:fd45:acfe:91f9:15e8:e9f9:28c4:244b,1
sdv-id-MKWyOa,ACC_227,ENT_UK_018,155226.87199218763,USD,2026-03-14 06:15:51,7427:c990:fae0:8557:5d1a:964b:f372:4a45,1
sdv-id-aRdubk,ACC_250,ENT_UK_002,483917.3954111362,USD,2026-03-05 11:52:56,901d:47b0:1703:7fd8:c129:b827:576c:117a,1
sdv-id-eafPdB,ACC_223,ENT_UK_018,52260.30881080096,USD,2026-02-23 15:18:11,9b38:a9b0:202e:59bd:ea4d:e701:a499:39cf,1
sdv-id-XceEhc,ACC_174,ENT_UK_007,35718.66523658592,USD,2026-03-14 03:29:09,e80f:853:41cf:bee7:56f0:207d:bb5a:3040,1
sdv-id-RueXJv,ACC_241,ENT_UK_014,9625.50365893198,USD,2026-01-27 02:51:01,69b9:b2c0:233a:23c:7963:5f5f:8f9:a03c,1
sdv-id-eiHbmP,ACC_292,ENT_UK_004,16413.921605290358,USD,2026-02-10 19:10:34,3e59:584e:eaf4:210d:c421:c9f5:6487:a6bf,1
sdv-id-huOiRy,ACC_227,ENT_UK_016,275856.9976317756,USD,2026-02-27 22:23:32,f454:7b45:8339:77c7:c459:a97e:14b1:7544,1
sdv-id-UaapqI,ACC_110,ENT_UK_011,8511.467411283942,USD,2026-03-08 18:08:41,d5ae:1e66:9a29:dd69:a11a:8ed8:5ed1:969b,1
sdv-id-BmzeTF,ACC_144,ENT_UK_002,163622.43633000783,USD,2026-01-16 10:20:43,bfbe:d4:bee0:b12:e49e:7143:5929:bd07,1
sdv-id-rwvdcK,ACC_150,ENT_UK_003,174067.01946763796,USD,2026-02-15 10:06:11,d753:cbd5:7647:9179:cc15:cffc:5373:3b06,1
sdv-id-TIZFWU,ACC_274,ENT_UK_008,127841.50595039284,USD,2026-02-08 23:26:40,9ada:445b:2a95:63d4:1f8e:67db:41c7:9162,2
sdv-id-JehOEv,ACC_268,ENT_UK_010,165607.1353661675,USD,2026-03-04 01:51:56,2599:f27f:a5bf:bb55:4dac:35ba:eb2c:17a6,1
sdv-id-bEwGWF,ACC_110,ENT_UK_018,899683.0626691048,USD,2026-01-14 02:01:46,45d7:a861:d9f0:9d00:3bae:bef0:efa2:df7d,1
sdv-id-fvlaKy,ACC_292,ENT_UK_009,59865.40221050336,USD,2026-02-12 03:44:39,a852:d65e:495f:2b63:e14a:c4db:a2e3:de3b,1
sdv-id-CcqEJD,ACC_283,ENT_UK_011,8753.832637599167,USD,2026-01-05 00:52:32,7e76:e923:4b54:3a4f:870c:ad49:aff8:7b2d,1
sdv-id-mQhPoa,ACC_212,ENT_UK_009,11534.351559714223,USD,2026-01-12 11:33:41,214e:e780:9378:a397:9e66:257b:d260:16b3,2
sdv-id-MyKHcq,ACC_112,ENT_UK_001,994756.739404432,USD,2026-03-27 05:25:11,e0d3:53b0:4275:52c:84d7:51cb:9d75:522d,2
sdv-id-TNrTFB,ACC_250,ENT_UK_010,707382.4449884971,USD,2026-03-26 04:20:26,6b8d:7bfb:f138:c8e8:24a2:a034:7378:d040,1
sdv-id-impTZF,ACC_116,ENT_UK_012,36564.487197484006,USD,2026-02-27 22:54:43,4099:dfc9:98dd:bc62:9b26:331c:dd4b:da29,1
sdv-id-bwiVxC,ACC_227,ENT_UK_014,11424.7808129349,USD,2026-03-29 15:08:02,9f24:f111:bbad:c3aa:9f16:962e:3320:e7a6,1
sdv-id-gFIWPn,ACC_212,ENT_UK_001,151466.97694827482,USD,2026-03-11 20:29:17,b845:d380:7240:a438:4ea3:d638:f41c:b65b,2
sdv-id-fQDSdv,ACC_274,ENT_UK_005,236859.67879597185,USD,2026-01-26 22:48:26,b785:fad9:bc3e:30ef:4e8f:523a:3f36:8578,2
sdv-id-xmfFaw,ACC_250,ENT_UK_013,39442.984672483675,USD,2026-01-06 12:04:10,603:7466:62d1:2b0a:3914:3123:d4fd:c47,1
sdv-id-rYjkjq,ACC_135,ENT_UK_002,229947.3063157248,USD,2026-03-03 23:25:44,b2b4:f451:644f:454:5178:7b67:baf3:cdec,1
sdv-id-SFOFjP,ACC_194,ENT_UK_010,541650.7480364654,USD,2026-03-26 05:06:59,fcf0:99a0:92c1:6449:a66b:5d3f:9ac1:4e17,2
sdv-id-OONogr,ACC_219,ENT_UK_010,507436.5998264642,USD,2026-03-01 11:04:21,1b2c:31fa:46b0:b3d5:3755:7d84:c60a:1e95,1
sdv-id-Bamctx,ACC_150,ENT_UK_008,564155.045620646,USD,2026-01-08 19:04:55,e2f5:996b:1242:3582:2d5d:d8e:2d0b:692e,2
sdv-id-JbyJyE,ACC_227,ENT_UK_004,14323.24083536268,USD,2026-02-04 14:32:33,c870:c991:ebe6:fab5:b480:6c65:5d91:2df3,1
sdv-id-jVBFtJ,ACC_110,ENT_UK_004,957.2007980575096,USD,2026-03-10 08:35:12,63b7:140b:d8d5:2120:53fc:7d6c:b721:eac9,1
sdv-id-bUohDO,ACC_180,ENT_UK_009,367731.30618806434,USD,2026-01-20 23:49:03,2896:ab60:d216:72c4:b906:1381:c50f:b69b,2
sdv-id-BLhMKV,ACC_206,ENT_UK_008,4581.825798562726,USD,2026-01-07 01:27:35,41ef:42a6:d96d:a92b:6ee:32ff:84f8:f3d8,2
sdv-id-ACPbZe,ACC_206,ENT_UK_014,69439.71258847808,USD,2026-02-28 04:21:39,d9c9:2ce4:e423:4e83:3f14:652c:fed6:d2d4,2
sdv-id-wOkYSW,ACC_274,ENT_UK_005,187069.91071285805,USD,2026-01-03 18:43:11,dcc7:271f:971f:595c:961a:4e5:6320:f07d,2
sdv-id-pFdJgC,ACC_174,ENT_UK_019,1391.7963091614697,USD,2026-02-11 13:16:05,d1ed:76c7:ee8c:76e2:1be5:b494:682b:10b8,1
sdv-id-pFWUhn,ACC_180,ENT_UK_004,9319.948188112308,USD,2026-03-27 07:01:26,dd30:dea9:54fd:c1c3:ef57:76:dde:92b0,1
sdv-id-yPnSJh,ACC_194,ENT_UK_016,17831.863845535172,USD,2026-03-18 00:05:43,bbf9:d9d8:852f:4b17:e2fc:b187:b6b0:21ec,1
sdv-id-OsvJnS,ACC_135,ENT_UK_009,14609.634375471102,USD,2026-01-13 04:05:12,af61:56c2:8247:e991:d4a4:4278:ea4e:44bf,1
sdv-id-rbYXbk,ACC_175,ENT_UK_013,5378.4087283376075,USD,2026-01-13 12:25:06,7caf:2959:439d:4292:96e0:2dcf:4695:b251,2
sdv-id-psMCdM,ACC_212,ENT_UK_005,940.438548404954,USD,2026-03-21 18:15:04,aba6:1bd8:47a5:9bfe:adf8:ecf1:6dce:5263,2
sdv-id-ujzcXc,ACC_236,ENT_UK_005,18717.31027244121,USD,2026-01-13 14:35:22,c632:665e:753d:2966:e64f:cc60:ec67:1269,1
sdv-id-EuVgiI,ACC_241,ENT_UK_003,153416.12267339567,USD,2026-01-27 00:59:02,c4bf:d9b0:c70c:dbe:ae0c:27c4:3bc6:24bf,1
sdv-id-aUAnCU,ACC_175,ENT_UK_015,168334.51712530915,USD,2026-03-09 21:16:44,85be:758f:dcea:bdfe:ae32:ba67:c991:518,2
sdv-id-PBAvww,ACC_227,ENT_UK_006,5309.398991833293,USD,2026-03-23 23:18:42,fee6:9efa:bfbb:4fea:6390:73ab:627e:cc56,1
sdv-id-deinta,ACC_212,ENT_UK_002,977.5245273803056,USD,2026-02-21 16:46:33,f388:f107:41c3:8ad2:1e2e:2fbd:8404:7757,2
sdv-id-kNGxod,ACC_289,ENT_UK_019,247750.19802014873,USD,2026-03-06 06:28:09,a3d3:3540:d277:7383:1977:fa4b:d3d:3f1b,1
sdv-id-VYfvuQ,ACC_274,ENT_UK_017,38617.795338154196,USD,2026-03-20 00:15:27,44fb:7ce7:fbf0:bd45:7baf:672a:26f3:7273,2
sdv-id-OTCRWg,ACC_175,ENT_UK_008,27902.519124069386,USD,2026-03-27 14:24:19,f80c:cd5d:7528:c404:a7aa:2d8a:d783:7059,2
sdv-id-gpQJLv,ACC_227,ENT_UK_004,1329.412403484388,USD,2026-03-09 06:54:22,23fb:f637:7afd:d60c:99f4:7f58:f2ae:75d1,1
sdv-id-woFLki,ACC_268,ENT_UK_007,3335.76093325372,USD,2026-03-25 04:10:47,2511:5001:6331:3890:9431:3f47:5afc:2792,1
sdv-id-JYxfDM,ACC_180,ENT_UK_002,145055.96790035203,USD,2026-01-12 18:10:26,1082:d9cd:e081:28e6:8407:ab91:8905:6398,2
sdv-id-ypryUw,ACC_236,ENT_UK_017,118766.86656254536,USD,2026-02-18 09:30:47,d3e4:b60d:be03:b991:ad3d:5b9a:fca3:8e0d,1
sdv-id-tOujUG,ACC_283,ENT_UK_016,122063.99815271243,USD,2026-01-28 06:06:52,3c27:8a71:c503:41a9:5e99:2207:c840:c76f,1
sdv-id-LSGXnr,ACC_236,ENT_UK_005,254226.6456875939,USD,2026-02-22 02:19:07,f14f:e3a6:101b:67d7:74e9:e4fe:404:1dd3,1
sdv-id-CQTrmL,ACC_116,ENT_UK_006,1162473.1548333885,USD,2026-01-23 04:58:39,e17e:4a8e:10ea:8993:f8c2:56eb:aa5e:8d07,2
sdv-id-BMJryh,ACC_180,ENT_UK_013,130159.8247149268,USD,2026-02-27 22:44:50,a294:404c:df6c:b6a5:1470:6e1e:9a4d:f7f6,1
sdv-id-YEwhZq,ACC_148,ENT_UK_013,245243.31224812564,USD,2026-01-22 03:43:41,ff8c:557:830:4668:73b1:bc34:a8dd:2d34,2
sdv-id-FpDtaj,ACC_150,ENT_UK_019,26699.984028998577,USD,2026-03-05 17:13:49,5a36:658c:8c03:1e72:103:4a3e:23bc:8bd4,1
sdv-id-asCCMm,ACC_116,ENT_UK_003,7746.740855899994,USD,2026-03-30 23:11:31,d32d:2ab4:9ee8:8e76:127:dfe:83e7:35a9,1
sdv-id-TCOMkb,ACC_110,ENT_UK_006,1375874.5230330587,USD,2026-01-05 19:11:56,bae9:af54:498a:10bd:2e1:9f1d:f4c2:c9e1,1
sdv-id-MEWnHO,ACC_236,ENT_UK_015,79160.23608829945,USD,2026-01-11 20:16:13,a720:dff3:6407:ac17:fcc5:b4fe:55a1:7cb4,1
sdv-id-JUZWLP,ACC_292,ENT_UK_018,311247.6146013264,USD,2026-03-16 16:19:04,6980:8790:1def:1c8:dc3b:88fe:c427:c670,1
sdv-id-CzWHOv,ACC_110,ENT_UK_016,227360.48610197977,USD,2026-03-16 05:51:26,9f5e:862a:fc77:d9ef:f643:fab6:3a9a:f63c,1
sdv-id-OztPcP,ACC_289,ENT_UK_007,5020.740510263298,USD,2026-01-19 10:33:47,a946:3ece:a18e:1df0:cc46:8816:7978:8cf9,1
sdv-id-VScAem,ACC_180,ENT_UK_019,14042.787873528792,USD,2026-01-11 14:14:11,7e82:adca:fb93:8ccf:3f8d:3744:a3c1:b39f,1
sdv-id-dsDtWF,ACC_110,ENT_UK_014,47217.654449938935,USD,2026-01-08 04:26:38,a550:bcb:2eb3:7f76:90cf:925b:8ec2:4310,1
sdv-id-WPIogr,ACC_180,ENT_UK_006,25728.13772746504,USD,2026-02-27 04:04:08,5a8a:7820:1e27:7df7:803b:656c:d4c8:b19a,1
sdv-id-LNxMVO,ACC_180,ENT_UK_008,38133.10534869735,USD,2026-01-25 05:47:45,28dc:b806:8b32:cddc:46e8:25ed:9f89:25a9,1
sdv-id-qnBNdV,ACC_227,ENT_UK_004,4447.053936635637,USD,2026-01-10 04:30:42,73da:3a44:f665:5ee5:4cf:71d6:ea3d:65d1,1
sdv-id-vMZbeN,ACC_212,ENT_UK_007,372520.44476870017,USD,2026-02-24 10:49:18,a1ff:7a6a:eab0:f83e:18c9:cf7a:5bbb:9d0e,2
sdv-id-ercrfB,ACC_175,ENT_UK_018,24269.330919282595,USD,2026-03-18 03:19:45,befc:b63a:c447:457f:b32b:d051:cff4:2bf7,2
sdv-id-BZlDTH,ACC_250,ENT_UK_003,621446.3443846939,USD,2026-03-03 09:00:41,9d35:18d7:e6da:ec49:43bf:bc2f:3c60:72b7,1
sdv-id-uYgwdQ,ACC_283,ENT_UK_004,29093.191549749343,USD,2026-01-19 08:25:46,79a3:546c:50ee:8182:1c45:ddca:f379:1d75,1
sdv-id-qDfkyB,ACC_180,ENT_UK_004,490015.2579647838,USD,2026-03-25 15:57:03,49e4:ed69:1b28:9ad9:d432:7d92:9252:9942,1
sdv-id-cXfYAJ,ACC_175,ENT_UK_003,50814.38029649665,USD,2026-02-24 12:51:57,5458:23f7:feb2:e991:8165:be6c:f5df:7e01,2
sdv-id-JZcJBO,ACC_150,ENT_UK_007,5738.998107079316,USD,2026-02-09 18:26:55,a1ce:5882:a5ea:2678:fe1d:c601:cfc8:e34f,1
sdv-id-lWDLqA,ACC_236,ENT_UK_013,1724.7031149132172,USD,2026-01-02 22:15:01,96ab:1192:f8ef:f31d:1bdf:98cc:88f6:6a39,1
sdv-id-lgvVqq,ACC_180,ENT_UK_019,126448.47815403904,USD,2026-03-23 11:44:36,2e12:a0b6:bb39:d20d:b59f:d0d:27a:35d1,1
sdv-id-EBQfce,ACC_116,ENT_UK_004,55739.60947478966,USD,2026-03-07 17:50:29,5c2e:cc92:4d50:9026:895e:8913:ed57:a7bf,1
sdv-id-skmAkE,ACC_212,ENT_UK_017,34631.62448083439,USD,2026-03-05 17:25:58,a366:af79:f825:9fd2:51a2:2bb0:168:2023,2
sdv-id-wnresg,ACC_292,ENT_UK_002,2514.3583301472427,USD,2026-01-25 18:27:14,973b:9448:e140:4a10:12f4:cf32:6912:1ef3,1
sdv-id-EdNdJe,ACC_236,ENT_UK_017,55739.078676667275,USD,2026-01-08 13:03:27,da24:c052:e5b4:2026:3ba0:9a3:c3cc:77fb,1
sdv-id-DFBioH,ACC_227,ENT_UK_003,10821.414561008674,USD,2026-02-23 11:31:26,f4d3:f57b:f265:6320:388b:82ea:bae4:f480,1
sdv-id-QCnVTS,ACC_174,ENT_UK_001,2486.4282503025443,USD,2026-03-12 02:22:18,fd6b:db63:16c2:c02d:c425:1507:eee:fdf5,1
sdv-id-MaolnB,ACC_175,ENT_UK_014,253301.2774018353,USD,2026-03-21 23:23:57,8feb:317b:607d:2f00:6a33:9f54:334:e579,2
sdv-id-fCHjGv,ACC_227,ENT_UK_015,1987.592091738769,USD,2026-02-07 22:58:45,3e48:5a7e:9128:54cd:e372:e42e:fae5:dfaf,1
sdv-id-ytKgAN,ACC_116,ENT_UK_018,919.6622281466056,USD,2026-03-27 18:41:43,26e1:f218:a087:9787:9d53:211d:3bab:1f19,1
sdv-id-AbSZGm,ACC_227,ENT_UK_002,200620.2256969409,USD,2026-03-30 20:03:05,80f7:fc3:607d:2bb2:de:2a03:58d7:5859,1
sdv-id-cMLrba,ACC_158,ENT_UK_017,159659.14139327107,USD,2026-02-21 16:27:48,7717:4f9b:a62e:7bdc:aa40:4052:269a:451f,1
sdv-id-ApbMdG,ACC_135,ENT_UK_015,6941.5895020604175,USD,2026-02-20 14:42:41,21a3:8e4:c3e2:477d:c085:c333:af54:16f7,1
sdv-id-coFArQ,ACC_150,ENT_UK_010,4926.2401122077345,USD,2026-03-31 19:09:29,c9f7:9888:145c:1404:9381:c133:3a69:433b,1
sdv-id-LOWSbr,ACC_175,ENT_UK_017,480143.3861272293,USD,2026-02-21 11:44:50,6d10:291b:b0b0:27e5:9f8a:7cbd:770a:e9be,2
sdv-id-pQwtsR,ACC_212,ENT_UK_007,350592.87578548264,USD,2026-03-04 06:21:34,ac6:2a1f:8436:8cbc:b3bc:e826:6d5b:9827,2
sdv-id-QWluvX,ACC_175,ENT_UK_019,1923603.517701141,USD,2026-03-02 19:52:39,cba3:79bc:1515:f5c4:8205:4dd5:657e:b360,2
sdv-id-qkzSIv,ACC_180,ENT_UK_005,98596.18483410034,USD,2026-01-10 18:26:56,e4d1:f8c:4222:937a:7128:54b4:ff33:ca9d,1
sdv-id-fGdpKt,ACC_212,ENT_UK_017,278949.10283550527,USD,2026-01-30 06:49:22,ca14:3c12:2a5e:7a14:76f8:62b2:c3b5:e3c3,2
sdv-id-eYUXsQ,ACC_250,ENT_UK_011,860322.2966869252,USD,2026-01-16 18:07:26,cde0:815b:666:cddb:d848:2b0f:bd24:ed22,2
sdv-id-CxfkID,ACC_241,ENT_UK_015,12251.976583261918,USD,2026-03-22 18:13:12,444b:7cbb:87fb:b2e2:fe55:41b1:d71e:fa47,1
sdv-id-ytzrII,ACC_212,ENT_UK_014,526707.3909536619,USD,2026-03-21 01:34:31,cfa4:7cf6:6500:c3d3:b8ee:77c2:48bb:1989,2
sdv-id-aVVCGj,ACC_219,ENT_UK_018,25603.386793083533,USD,2026-02-03 21:54:27,2d5d:f7cc:b687:10c:bffc:d758:a793:6ce1,1
sdv-id-ROuPCB,ACC_289,ENT_UK_001,107622.4717318075,USD,2026-02-11 17:13:45,6d63:58d0:ecf7:659c:bafb:997c:d37a:7f0a,1
sdv-id-eHMRsR,ACC_274,ENT_UK_004,198650.41226230375,USD,2026-01-25 21:14:26,4a0b:bab1:3e73:b7ee:ac5b:9690:e038:397e,2
sdv-id-Ypifpi,ACC_212,ENT_UK_017,26537.548043311235,USD,2026-01-12 15:14:29,5224:b186:8d54:82e2:4abc:88a7:2507:da6b,2
sdv-id-knqeql,ACC_236,ENT_UK_012,1363295.6349951013,USD,2026-03-20 14:25:57,1837:347d:6be7:f746:44ea:de8a:6b87:ee7a,1
sdv-id-HgQSwn,ACC_135,ENT_UK_005,4290.2059252644285,USD,2026-03-01 16:00:56,d648:11fd:2b67:dea0:3994:2f4c:c0cf:33a1,1
sdv-id-jxMjqN,ACC_212,ENT_UK_018,89094.54830098203,USD,2026-02-02 20:27:51,726f:4ebd:538a:46a0:702a:5e55:149f:e515,2
sdv-id-mdlSaR,ACC_227,ENT_UK_014,10385.451173095713,USD,2026-02-22 01:35:35,a7d6:ed44:d109:f704:eb79:5b66:5a24:2689,1
sdv-id-hrpEpB,ACC_250,ENT_UK_011,33241.62501748652,USD,2026-03-19 10:27:43,32f2:e389:90a9:adeb:789f:fe56:2663:cf9f,1
sdv-id-fgKhsd,ACC_227,ENT_UK_003,51044.66299386094,USD,2026-02-01 13:58:14,49b4:57c5:90d7:2f65:8726:5f1c:1af3:39cc,1
sdv-id-nmkSKa,ACC_180,ENT_UK_002,487837.12235814845,USD,2026-01-01 17:15:56,ad2c:de94:5edb:a8ce:f6d5:dd33:fac6:e253,1
sdv-id-NQuxTu,ACC_268,ENT_UK_012,29679.341750620893,USD,2026-01-06 22:17:24,bd33:6ca1:4f63:1f38:cfc7:f190:c317:3b7b,1
sdv-id-GqkkVh,ACC_274,ENT_UK_010,39295.18624670634,USD,2026-02-26 04:45:36,7ec2:9c9f:c8a4:bd0e:f377:410:48b9:588f,2
sdv-id-YhHrRL,ACC_110,ENT_UK_016,5810.694323292163,USD,2026-01-15 07:48:32,81c7:a4d0:bae:7b6b:aab2:32b9:2df:e54c,1
sdv-id-hmigQH,ACC_227,ENT_UK_009,11351.390924868358,USD,2026-03-15 14:26:32,c927:a1d7:8535:cdc2:fe7f:eb40:1728:b923,1
sdv-id-UDLtph,ACC_206,ENT_UK_008,159466.6679561706,USD,2026-03-15 07:07:29,e797:8fe9:cb9c:1533:6a7f:3bdc:c8b6:4d87,2
sdv-id-UkekNW,ACC_274,ENT_UK_018,5834.498704928485,USD,2026-03-14 22:11:11,ddb:f6e4:c77a:267c:3121:bb17:2f74:809a,2
sdv-id-qTfUlX,ACC_175,ENT_UK_015,158759.04781571135,USD,2026-01-19 17:10:14,c47a:df6c:800f:fae9:4897:a8d6:71cc:5265,2
sdv-id-yvMgBa,ACC_227,ENT_UK_019,90738.35656145074,USD,2026-03-04 21:38:42,a88:ef32:9604:9754:c343:36eb:c01a:124,2
sdv-id-SbNpDv,ACC_227,ENT_UK_015,346302.8171406366,USD,2026-01-17 10:55:36,edd8:455d:fa5a:ca56:5f6a:c08e:77e5:d7d9,1
sdv-id-arSwBf,ACC_194,ENT_UK_002,942.5321407909908,USD,2026-03-20 16:11:25,78a5:9310:ff0a:f280:5d2c:945c:fa2:259c,1
sdv-id-fvWGRC,ACC_236,ENT_UK_001,49783.94990794955,USD,2026-01-28 16:11:20,25ed:d1a7:47f7:fb36:b0e0:15d6:b003:fb78,1
sdv-id-YdvaTo,ACC_283,ENT_UK_005,930473.038780617,USD,2026-03-05 13:49:31,e970:8618:7c5e:823a:cb5a:3bde:a31a:a28a,1
sdv-id-dlpxti,ACC_236,ENT_UK_008,69904.87831319282,USD,2026-01-15 22:27:58,7c8:5457:c51b:eda:4ff9:db9c:18f1:2afe,1
sdv-id-LZQVfZ,ACC_212,ENT_UK_017,3689.2667845541537,USD,2026-03-17 22:07:47,42ee:2d3e:bc8c:41f0:fe97:3fe4:fb36:f4ee,2
sdv-id-BIrKDo,ACC_212,ENT_UK_006,245399.75480763236,USD,2026-03-25 23:58:56,5b91:f84c:97bb:218e:4c33:8bae:5ddc:92b0,2
sdv-id-DWMgoy,ACC_194,ENT_UK_001,344891.9555531724,USD,2026-03-18 20:53:37,ca9a:37d1:d4a5:98d4:1e29:9ee5:668c:c8cd,1
sdv-id-hGfwdM,ACC_148,ENT_UK_014,31878.30229413322,USD,2026-01-21 06:49:29,e72f:37:cf01:c767:a36f:5067:25b3:ab3a,1
sdv-id-LtRKiF,ACC_236,ENT_UK_017,581103.6206899956,USD,2026-01-19 16:32:02,82c5:d7a1:7482:da3d:ea6c:7ac9:ac44:6d7e,2
sdv-id-LDvleU,ACC_236,ENT_UK_010,5763.444596575261,USD,2026-03-05 09:57:32,b202:443c:289a:d1f9:7b16:f993:d839:1d4e,1
sdv-id-lQwCAs,ACC_292,ENT_UK_014,65869.49378096609,USD,2026-01-29 04:54:33,6dec:5789:cd37:7df7:f725:962c:c8ad:1c2c,1
sdv-id-ZJwaZW,ACC_174,ENT_UK_019,36026.14116148277,USD,2026-03-22 06:57:32,1951:98d5:bdd:dfe3:5a6d:3cef:2dc9:639e,1
sdv-id-ogRxWd,ACC_135,ENT_UK_001,354890.1826340538,USD,2026-01-30 19:00:45,9d3c:9186:439f:70bd:9cd9:9906:94e3:dc0c,2
sdv-id-YsKCYb,ACC_150,ENT_UK_012,35473.907448335674,USD,2026-03-24 05:39:40,7fd7:ae07:f2e2:c545:3f95:44f:6570:da00,1
sdv-id-qVbaYJ,ACC_110,ENT_UK_012,171214.8777819572,USD,2026-01-04 11:25:28,6408:b835:1157:e429:e62b:4957:6143:5b66,2
sdv-id-jhyIFy,ACC_148,ENT_UK_003,1884.7745403602412,USD,2026-02-18 00:02:57,da:477e:5ee2:b9a5:211b:540:dcf7:6913,1
sdv-id-nBNQcC,ACC_206,ENT_UK_001,58628.0551761738,USD,2026-03-29 18:58:04,7705:f5a5:e755:b278:1dc8:8927:6185:21c3,2
sdv-id-TgQKcW,ACC_212,ENT_UK_002,1852.9469667749336,USD,2026-02-07 03:58:08,c50c:c001:c95a:c41b:8a64:804e:e783:2ff7,2
sdv-id-pCEvoK,ACC_236,ENT_UK_014,277080.7760994928,USD,2026-03-01 07:15:44,b2eb:1646:c2f3:348c:a994:5bc0:a70d:2eee,1
sdv-id-ZoaUdJ,ACC_250,ENT_UK_011,289743.50888961885,USD,2026-03-29 22:57:02,37b2:6a14:7fc4:1177:42cf:d83f:be76:19eb,2
sdv-id-zwwPBg,ACC_158,ENT_UK_001,1328068.660350943,USD,2026-01-29 19:42:19,9af5:f287:94c1:d479:e5bb:c7d3:14e1:e329,1
sdv-id-ylHTsG,ACC_148,ENT_UK_014,944.096435027994,USD,2026-03-13 23:17:22,2cb0:4c30:ef48:7f0b:2822:1006:58da:c50e,1
sdv-id-OibFlO,ACC_292,ENT_UK_016,25955.08784217986,USD,2026-03-31 09:37:45,e1a1:531:cbed:cf79:1df3:9967:3835:6db9,1
sdv-id-TYchEA,ACC_212,ENT_UK_004,318300.5791392951,USD,2026-03-27 04:31:12,7be0:4556:ba94:5073:4209:1d3:8899:32fc,2
sdv-id-wITmve,ACC_206,ENT_UK_010,507827.4038362347,USD,2026-02-26 20:14:14,fbc0:5a00:7330:c6ee:2e46:30b1:f155:b688,2
sdv-id-uoVCDG,ACC_241,ENT_UK_019,992.6768720550835,USD,2026-02-01 06:58:33,3bf6:a365:55aa:4fd0:787:4fb4:e49:eef9,1
sdv-id-ghslGK,ACC_212,ENT_UK_017,295879.98535638413,USD,2026-03-05 12:04:28,ce28:67da:af4a:c27a:29d0:ef48:189d:46a5,2
sdv-id-FwotEB,ACC_292,ENT_UK_006,644930.8981866201,USD,2026-01-31 03:55:58,b03d:7670:acb8:2f0e:55d8:dacc:d499:5c09,1
sdv-id-lkMiss,ACC_206,ENT_UK_010,277729.36340414826,USD,2026-03-31 20:17:08,962b:ec9:44c8:22af:e521:a67c:1492:f70c,2
sdv-id-UomuJE,ACC_227,ENT_UK_009,1128818.0127035056,USD,2026-03-08 02:46:31,c64:f65c:649d:4479:43a4:b964:9789:fbe,1
sdv-id-xeRzIn,ACC_180,ENT_UK_011,60513.62460542904,USD,2026-02-07 03:29:20,2adc:375:6fc3:3e4e:54d9:b71d:343d:879b,1
sdv-id-qRjubz,ACC_283,ENT_UK_003,946.2641418404844,USD,2026-03-25 00:54:37,c7a4:fec9:e613:38ee:2cba:68ab:a88:6e16,1
sdv-id-HMFZxF,ACC_150,ENT_UK_015,419413.3717877254,USD,2026-02-23 23:27:07,6ccd:68c9:7671:ddf7:13c3:1ea7:be1a:8f9a,1
sdv-id-zOTyfw,ACC_202,ENT_UK_006,14603.50761903346,USD,2026-01-17 23:48:33,1852:5981:2418:ad30:39cd:ee8b:89df:3400,2
sdv-id-ePSSNs,ACC_135,ENT_UK_004,2451533.636604178,USD,2026-02-13 00:41:37,3b58:f7bb:97d7:6346:64dd:fcdd:2235:6b6d,1
sdv-id-uDzCFi,ACC_268,ENT_UK_008,3145.802252806976,USD,2026-01-16 03:11:41,4d02:de63:48b3:b8d7:3ff4:f40a:70d6:7192,1
sdv-id-nHoojQ,ACC_212,ENT_UK_009,4753.67158752553,USD,2026-01-12 07:15:18,576b:14d9:827:11dc:896f:a7b2:676:c798,2
sdv-id-ZVmGXs,ACC_236,ENT_UK_017,150273.9138931419,USD,2026-02-25 07:51:37,bf87:6199:cc73:9b77:f930:1aaa:b2f:cd19,1
sdv-id-uehKqs,ACC_206,ENT_UK_011,275933.67021050537,USD,2026-03-09 16:09:50,309f:3735:4ee8:984d:9766:65f0:efaa:5acf,2
sdv-id-IWVLQB,ACC_236,ENT_UK_009,1062424.368020648,USD,2026-01-23 06:05:24,aa76:c9fb:9d97:daee:e1f2:3c89:660a:693,2
sdv-id-tFjbCs,ACC_292,ENT_UK_011,163205.6585747167,USD,2026-01-25 04:15:50,f40d:38ab:235d:a830:23c4:3a9a:815d:871b,1
sdv-id-bGmrtF,ACC_180,ENT_UK_018,107800.15280048669,USD,2026-03-04 09:35:33,a251:ec36:c977:f1f7:a37c:ac95:72c:48a2,1
sdv-id-KSQKId,ACC_227,ENT_UK_012,133196.03703915814,USD,2026-03-03 23:04:38,c3af:d9e2:365f:e54b:1317:18ee:3685:a1b,2
sdv-id-jOpKSt,ACC_283,ENT_UK_008,976275.6668936672,USD,2026-02-02 10:31:12,7b93:3618:79a6:fc7:4580:7ebb:7087:42d9,1
sdv-id-FSimAy,ACC_241,ENT_UK_009,18836.269070105784,USD,2026-02-18 04:37:12,dac1:1f0d:b952:eaff:d5a5:52ab:9bb2:9663,1
sdv-id-hMyfoj,ACC_116,ENT_UK_005,161577.49573503828,USD,2026-01-08 15:36:27,ba0c:df0a:22de:f79:d55f:6695:24f:1a14,1
sdv-id-iopOph,ACC_250,ENT_UK_008,287603.2068475331,USD,2026-03-08 01:34:30,fb87:3bd5:e021:ee39:23d:5359:6ba9:9e08,1
sdv-id-PIElCI,ACC_180,ENT_UK_017,2282.9020233154815,USD,2026-02-21 20:11:10,c721:f7c1:84:38a0:d055:2908:8db6:5930,1
sdv-id-DHlvKD,ACC_158,ENT_UK_004,470031.757101769,USD,2026-03-12 16:01:53,7ddd:1c73:ffaa:f7aa:f7cd:5037:a0ad:f465,1
sdv-id-DzVbYR,ACC_227,ENT_UK_006,723814.7035194908,USD,2026-03-03 06:00:14,832c:e21a:3e20:fd0:de:6d10:f1f5:2b5c,2
sdv-id-diGFaq,ACC_268,ENT_UK_012,1107.923927255902,USD,2026-02-04 05:46:05,a742:aba5:8e8b:6980:54e5:b3e2:dc8d:a9ea,1
sdv-id-aPGJEs,ACC_292,ENT_UK_010,424463.2652871216,USD,2026-02-06 21:37:50,f648:3d78:bd8c:a209:eb6a:ce7a:1b06:4b3f,1
sdv-id-jehuYX,ACC_250,ENT_UK_013,94946.23037324096,USD,2026-02-02 15:47:06,5170:10a7:26a6:7ebf:f462:1ed0:7d4b:8260,1
sdv-id-xnnxeu,ACC_206,ENT_UK_012,965321.9092430891,USD,2026-01-13 07:21:26,21cd:299e:49fa:bde1:896f:a0c4:aa5b:1ebb,2
sdv-id-NhMNlR,ACC_274,ENT_UK_005,91179.13041791356,USD,2026-02-04 11:46:17,dceb:c58e:96f5:fdc9:6734:45d2:e2d0:4a81,2
sdv-id-dIjZeZ,ACC_212,ENT_UK_017,146270.26227276042,USD,2026-03-08 01:26:38,424c:1089:7f5d:f213:43cc:4356:1aab:b42d,2
sdv-id-ZQgIfq,ACC_180,ENT_UK_010,6535.928485659182,USD,2026-03-01 04:49:58,f126:aee:f09f:89b0:3970:f0ea:f2fd:867f,1
sdv-id-YbtvMD,ACC_175,ENT_UK_017,114551.88257120884,USD,2026-03-29 00:22:06,8080:e8c:8bc6:4001:68d0:abde:3641:2595,2
sdv-id-AlQTFx,ACC_116,ENT_UK_012,1089.01657696587,USD,2026-01-11 10:35:02,a75:c524:e9b5:bf66:3b1:964:bd9b:f82,1
sdv-id-maiVfq,ACC_236,ENT_UK_011,122937.4629070823,USD,2026-03-28 15:10:35,b667:71c1:9dc2:1d75:448a:227c:c480:3ca8,1
sdv-id-WGJOpL,ACC_174,ENT_UK_015,1057.6666727779009,USD,2026-03-28 15:11:44,9666:fe3:9632:55f5:2081:7013:ab2e:796d,1
sdv-id-yDJSgR,ACC_194,ENT_UK_006,45616.68302171784,USD,2026-03-18 10:14:59,4e63:a9fa:26bd:1016:a588:eb26:8029:58d7,1
sdv-id-ofPSAW,ACC_274,ENT_UK_002,212126.30939715655,USD,2026-01-10 21:17:45,5890:b371:488a:1741:2740:8c7a:4d14:e727,2
sdv-id-gqATmA,ACC_212,ENT_UK_011,301336.2463869565,USD,2026-02-24 11:47:35,1fea:4ddc:cbbc:6059:9586:3ece:157d:c194,2
sdv-id-oBGgDR,ACC_175,ENT_UK_014,803805.1151607238,USD,2026-02-11 05:13:08,a2e5:b890:cb05:621e:216d:5832:9f36:fd5b,2
sdv-id-dHzlwB,ACC_227,ENT_UK_011,77556.808846362,USD,2026-02-11 02:26:52,57a2:eeb4:9877:f820:8122:2a04:4a1e:b387,1
sdv-id-fllEaz,ACC_180,ENT_UK_003,120258.2399622706,USD,2026-03-31 04:30:17,4bd9:ba89:2333:ba28:5703:99c4:b19c:1480,1
sdv-id-nEYqlX,ACC_236,ENT_UK_001,80471.78549038035,USD,2026-01-17 02:26:05,23b6:bf45:ea33:f257:c1e5:dcf1:f256:3328,1
sdv-id-RJYnkp,ACC_289,ENT_UK_010,134310.94550995872,USD,2026-03-01 10:02:09,e6d9:6fd3:f7ef:706d:9a5f:bf8e:2cdf:73d,1
sdv-id-GWeMRt,ACC_110,ENT_UK_002,6634.245787100982,USD,2026-02-20 13:24:28,79dc:71b:d546:7e82:1d1:669f:1ff8:108f,1
sdv-id-axwmNN,ACC_227,ENT_UK_003,1235725.7004873862,USD,2026-03-19 08:03:03,1b3e:d359:5972:e1fb:f8f8:2f02:ba4a:bb6,2
sdv-id-wpCiOP,ACC_227,ENT_UK_002,2197.6089923158142,USD,2026-01-09 16:06:36,ea27:ba2c:1600:2e9e:d0c1:1059:7fb:5cce,1
sdv-id-kdPluK,ACC_289,ENT_UK_012,614781.773520561,USD,2026-01-30 21:33:00,cdce:deb8:3ec:5fdc:76d:2a2a:2974:ec47,1
sdv-id-gWcwer,ACC_158,ENT_UK_010,18229.49171980637,USD,2026-01-09 05:39:52,3691:7909:b6e2:9b26:4b96:5c66:7a49:fdac,1
sdv-id-egixot,ACC_110,ENT_UK_015,54923.708796366824,USD,2026-02-11 16:09:08,4208:973b:e324:2e44:67b4:bec:ed4d:60ec,1
sdv-id-HelOUe,ACC_158,ENT_UK_006,124405.81699577549,USD,2026-02-03 03:46:37,3192:44cd:a378:7c88:b0a4:bf28:e4b2:b34f,1
sdv-id-mdwcSq,ACC_219,ENT_UK_019,98458.1112300776,USD,2026-03-30 04:07:34,dd0e:113a:6526:df14:dbac:346a:8e55:7492,1
sdv-id-tdqDgg,ACC_212,ENT_UK_013,11885.041862487678,USD,2026-03-07 16:08:36,8a97:f442:8f8e:886:b98:96b0:a33a:a5d2,2
sdv-id-SXvdoF,ACC_250,ENT_UK_010,382982.5686127907,USD,2026-02-07 01:28:58,2301:badc:b9a0:8392:36e0:a5ac:332b:4dcd,1
sdv-id-KJHpTL,ACC_116,ENT_UK_019,27456.396931806932,USD,2026-01-24 11:03:03,5837:47c2:b80d:31e9:2bab:bd90:5b9b:afb4,1
sdv-id-jyjSSa,ACC_206,ENT_UK_018,960978.0012765632,USD,2026-03-20 00:59:58,3bb5:dbd0:4301:ff33:e425:4e98:6b73:e0ef,2
sdv-id-zBnEJw,ACC_206,ENT_UK_010,65571.81187409179,USD,2026-03-18 13:31:29,d763:cde6:f94d:f57a:f185:8a9d:663b:6fd2,2
sdv-id-qROWPS,ACC_150,ENT_UK_010,238830.29620946245,USD,2026-01-04 00:49:18,588f:a0c8:ebb0:1d9:da14:5890:f917:1a0a,1
sdv-id-AgiqCL,ACC_227,ENT_UK_015,7001.810353108251,USD,2026-01-30 03:54:34,69d7:e18e:b1d3:9d83:dc9f:86c:a6bd:ce63,1
sdv-id-oFeRaa,ACC_227,ENT_UK_005,1238.8573520629222,USD,2026-03-07 19:03:46,5842:632d:adc0:821b:a335:f4a1:a5f1:9107,1
sdv-id-yBTBbd,ACC_150,ENT_UK_018,327629.51232865895,USD,2026-03-07 16:58:25,e5ff:c76a:6760:fbd:b621:6be:8ad7:386a,1
sdv-id-oVrcyC,ACC_250,ENT_UK_014,38920.80174188464,USD,2026-02-21 04:03:04,67a6:a096:b8f0:7681:cbec:eb86:1e58:36f5,1
sdv-id-UtgITZ,ACC_236,ENT_UK_016,219488.6137878667,USD,2026-01-12 08:09:39,d47e:91f2:fbb9:5195:cd61:92e0:f1e1:7f4c,1
sdv-id-nDANLa,ACC_250,ENT_UK_017,449322.71950669296,USD,2026-01-31 23:27:27,cf1:1b34:f0be:9353:e578:cdab:dd66:679d,1
sdv-id-WxHNBc,ACC_212,ENT_UK_008,2030.6830009080948,USD,2026-01-27 14:13:02,6085:2202:3010:eb5a:488b:32d9:8ff4:5ddf,2
sdv-id-pFJLOI,ACC_175,ENT_UK_004,6569.986417154564,USD,2026-03-13 12:33:12,8243:5f1d:9e04:cf09:db0d:d081:ee58:ce62,2
sdv-id-yHstkJ,ACC_212,ENT_UK_006,18136.59779801501,USD,2026-03-28 05:00:10,1ae7:3d4e:db81:cda:e323:2b39:9487:5daa,2
sdv-id-PEcgaB,ACC_175,ENT_UK_006,411136.6715563265,USD,2026-03-11 04:14:06,ea4e:8585:6003:796:455f:ce5f:2ed8:d608,2
sdv-id-GidcpT,ACC_227,ENT_UK_003,36675.83525631623,USD,2026-01-30 18:30:06,1301:e507:2788:ac8e:e0af:48ec:8634:a12f,1
sdv-id-gXSzQD,ACC_289,ENT_UK_008,80394.86292883627,USD,2026-02-09 13:42:22,b979:33ef:10d0:127d:9ce1:4b3c:e35c:438,1
sdv-id-XFXOzV,ACC_180,ENT_UK_001,581158.8802397344,USD,2026-03-30 01:59:19,79ab:358:95ad:69b0:1ac4:561b:6a1d:21b4,1
sdv-id-PuPZeY,ACC_292,ENT_UK_017,95655.66459245616,USD,2026-03-17 20:26:18,59ec:6aa4:af28:1b94:a5ec:e8e0:18b6:70f2,1
sdv-id-HIIRNy,ACC_250,ENT_UK_015,1109.0419198914606,USD,2026-03-03 00:25:34,49a9:c7ff:662f:20cb:ccf9:84c6:32df:8c5e,1
sdv-id-uyZsVD,ACC_236,ENT_UK_007,1440172.2054842778,USD,2026-03-16 14:24:28,f2b3:135:ec36:8043:a2bc:40f0:fa18:4fa5,2
sdv-id-XOEGrd,ACC_148,ENT_UK_001,7823.359184389728,USD,2026-02-16 10:39:05,4fde:2684:166:bf21:c418:28f5:97b9:2243,1
sdv-id-nSpiAa,ACC_206,ENT_UK_015,17807.80154551855,USD,2026-01-18 01:51:31,2f59:271d:f11e:37fd:c78c:8d65:db95:ab28,2
sdv-id-lfoCAN,ACC_236,ENT_UK_008,397618.87507645617,USD,2026-03-29 19:19:05,4036:9fff:1170:863d:ae11:249d:3fb1:18d8,1
sdv-id-VtdRuz,ACC_227,ENT_UK_005,23016.883237797498,USD,2026-03-20 13:25:45,667:7c5a:b2b2:43c6:1ae2:9264:6cf8:2cfc,1
sdv-id-WYszRD,ACC_150,ENT_UK_015,165321.2260683401,USD,2026-03-23 04:43:49,fb97:f5a6:fbb0:abaf:526:cf26:74dc:1c0c,1
sdv-id-mblUtw,ACC_202,ENT_UK_008,4614.796416948915,USD,2026-03-23 06:15:03,5a21:1cbc:750a:a4a8:81fe:ad6e:e237:7749,2
sdv-id-YwROqC,ACC_144,ENT_UK_014,543759.0626037677,USD,2026-02-11 13:13:09,fa4d:de17:fa62:92b7:29c3:de16:bdd6:9a6e,1
sdv-id-JlfWxb,ACC_135,ENT_UK_005,725764.9860654635,USD,2026-01-18 21:15:55,aaa2:8924:3512:a46f:efbb:eb63:169f:cd6a,2
sdv-id-kfSqbR,ACC_215,ENT_UK_008,7363.080651934781,USD,2026-03-26 22:22:56,9756:a60d:4a76:f469:cae0:174a:9d77:5c62,2
sdv-id-pIOKKu,ACC_144,ENT_UK_016,766755.7196137046,USD,2026-01-30 13:15:55,67d3:8fc:b924:2a1d:223f:9d5b:8c6e:2be2,1
sdv-id-ZUWpwG,ACC_227,ENT_UK_003,136812.39185312155,USD,2026-03-16 02:12:30,d54d:8daa:ca3:923d:4e49:8ca8:da2c:5986,1
sdv-id-EsbsDr,ACC_212,ENT_UK_010,1419257.3377062057,USD,2026-01-13 22:27:27,72c9:b86a:2d5e:86f5:8b91:e64e:c3e:25ab,2
sdv-id-MGbNeS,ACC_236,ENT_UK_019,35202.48414351086,USD,2026-01-03 18:12:17,2be:155a:5e19:572f:dfe7:db36:5b39:62d2,1
sdv-id-wCAXRi,ACC_150,ENT_UK_004,70523.94240008763,USD,2026-03-25 09:07:37,35d7:7a42:597e:1760:69cb:86c8:13c6:9e1c,1
sdv-id-yFcFUi,ACC_292,ENT_UK_001,217026.16078887176,USD,2026-01-18 13:09:18,4a67:f80b:cbbb:ea17:afbf:d0da:3516:d92d,1
sdv-id-SPZDSq,ACC_206,ENT_UK_003,1207863.852103484,USD,2026-02-24 04:25:52,6a7f:2f6c:1f2e:8f25:45d3:8ec3:e34d:c62c,2
sdv-id-oItvEi,ACC_212,ENT_UK_016,13040.686050956718,USD,2026-03-03 15:32:35,aade:c236:cb5d:7a18:d5ce:39df:a171:2756,2
sdv-id-QHkmKH,ACC_227,ENT_UK_011,492384.5423692589,USD,2026-02-15 06:54:45,8a67:de69:9eca:8e:d472:3f1e:7776:8b75,2
sdv-id-ZekOsE,ACC_236,ENT_UK_011,949.0600799628734,USD,2026-03-28 09:04:33,7fc1:1d9e:cc1b:18c8:f73b:3476:8ae9:5e92,1
sdv-id-ehNbtM,ACC_274,ENT_UK_008,2397.381309801607,USD,2026-03-28 05:45:47,58e5:fcfe:9bd5:cdf0:342e:2596:a57a:a3d1,2
sdv-id-nJwCut,ACC_202,ENT_UK_008,1095476.226235198,USD,2026-03-27 15:21:46,2620:2fd8:93af:2aea:ce13:534e:771a:871d,2
sdv-id-aifsDB,ACC_144,ENT_UK_018,1982.5519657268565,USD,2026-01-29 20:26:27,c5c2:2591:4f33:3e6c:322b:b5e7:6d42:dcc7,1
sdv-id-LRpRdG,ACC_206,ENT_UK_002,4194.188531960663,USD,2026-01-20 12:35:22,7d0b:f586:25d9:9fc5:64c3:f89c:fdc9:f3db,2
sdv-id-lfNMyY,ACC_250,ENT_UK_001,58881.49735641173,USD,2026-03-14 04:50:54,bcb7:8fab:fe71:6477:878e:4cdb:239c:4ad,1
sdv-id-ufyjZy,ACC_175,ENT_UK_008,229911.56126665333,USD,2026-03-04 04:54:22,da85:ccd8:7eec:3307:c298:eb10:eb9a:2997,2
sdv-id-cgzgcF,ACC_180,ENT_UK_013,294323.44366969337,USD,2026-03-12 15:25:40,e57e:212d:6326:702e:deb2:e25e:22e7:8373,1
sdv-id-wcrKiO,ACC_151,ENT_UK_014,2092726.89843911,USD,2026-03-29 08:26:26,ab27:e614:ceb5:66fd:c8a6:4ae3:2dda:b289,2
sdv-id-WLYxnG,ACC_175,ENT_UK_010,2542.5979761563353,USD,2026-03-04 13:30:45,d851:f62c:e0eb:de0:fcce:2c31:45e8:866e,2
sdv-id-VgSUNI,ACC_236,ENT_UK_006,56530.91595400466,USD,2026-03-31 00:13:14,95c1:90f1:78c6:cd19:14fc:4dcb:3d62:e534,1
sdv-id-ldrloJ,ACC_250,ENT_UK_008,5219.748695152099,USD,2026-01-24 06:24:03,33d6:6836:9368:eb1b:3675:e20e:cbfd:80b3,1
sdv-id-iIeKgk,ACC_212,ENT_UK_005,140636.0256732755,USD,2026-02-28 10:23:44,5ff8:3a94:dd7:c60c:7cf5:693c:9528:103e,2
sdv-id-rLXwCy,ACC_212,ENT_UK_002,8566.867493733043,USD,2026-02-06 08:25:52,c4fc:8af:2678:d4e1:3427:a2f5:950d:9027,2
sdv-id-kTAjhn,ACC_283,ENT_UK_010,919056.0960229052,USD,2026-03-28 03:37:24,e629:efa7:73d2:fe77:4172:bd5e:e458:7d4c,2
sdv-id-vRBkgq,ACC_175,ENT_UK_011,63984.45928846417,USD,2026-02-13 14:01:18,246b:2149:1e84:1804:82b4:f9f3:139d:c056,2
sdv-id-ngvlys,ACC_227,ENT_UK_008,13244.467597680816,USD,2026-03-03 13:35:49,d910:8f05:f115:49d1:d8b5:e96b:5d72:ac89,1
sdv-id-xeQKJz,ACC_268,ENT_UK_019,110886.90453165476,USD,2026-02-02 01:44:05,364b:c3b5:de8f:826f:43b5:6145:6de:ab1a,1
sdv-id-vphVLA,ACC_212,ENT_UK_015,2569.336619559351,USD,2026-02-02 08:32:17,39e2:6699:6b8f:a59a:2a1a:7f73:dc70:bdd4,2
sdv-id-EFUgfw,ACC_180,ENT_UK_005,28265.495945986157,USD,2026-03-30 08:55:34,1968:6456:6117:701a:29b4:858c:af3e:a76,1
sdv-id-TdGhDd,ACC_210,ENT_UK_007,1990.463091962975,USD,2026-01-26 11:10:45,c904:60d3:6b7e:30a6:a6b:a8ec:270a:5f5b,1
sdv-id-yIzJPL,ACC_274,ENT_UK_004,393757.3241232256,USD,2026-02-23 00:50:21,b6e8:9f54:57bf:12b8:45e0:fc4d:2621:3209,2
sdv-id-Kqbkkw,ACC_175,ENT_UK_007,422958.96064164286,USD,2026-01-30 20:28:54,f85c:4cd7:868d:2e7c:7f72:6dc0:94b0:8a27,2
sdv-id-klQeiG,ACC_150,ENT_UK_011,5164.553554071013,USD,2026-01-04 12:28:07,d2fd:17da:3777:749c:de6c:1ad6:e187:1984,1
sdv-id-WZbsIN,ACC_116,ENT_UK_012,1184.5066463249052,USD,2026-03-15 20:19:24,b6:b041:f13e:83ff:f2ad:8506:7400:69c3,1
sdv-id-QQhOLy,ACC_158,ENT_UK_003,1164.4719446462948,USD,2026-02-28 16:12:25,ea16:723e:3c29:e4e1:41cc:8718:ce9c:9c76,1
sdv-id-ZcloZp,ACC_283,ENT_UK_018,298178.593309303,USD,2026-01-11 22:09:43,d70a:2fc0:2628:1cb9:ae0c:d598:fd00:a02a,1
sdv-id-Bxjsht,ACC_227,ENT_UK_003,264632.4578342666,USD,2026-02-14 02:15:47,623c:da1b:d38b:3b6f:36a2:ca7a:fa90:f648,1
sdv-id-JJkQWB,ACC_283,ENT_UK_006,147154.79602621423,USD,2026-01-04 23:47:53,263e:383f:a0cb:befa:e93d:b6df:99df:c431,1
sdv-id-iiDKiL,ACC_236,ENT_UK_013,1708.3344393036778,USD,2026-03-21 09:42:38,1afe:4314:93f:6cc1:748e:e672:79b0:330,1
sdv-id-vluDzW,ACC_116,ENT_UK_012,31173.39885305736,USD,2026-03-30 17:20:53,d5de:5976:6cf2:3cd9:ff4:a132:ff8d:2311,1
sdv-id-kKmwjp,ACC_268,ENT_UK_018,19711.58601215187,USD,2026-03-20 02:31:04,1caa:816a:8415:5723:852c:8d8a:9e0b:9eac,1
sdv-id-fxGXha,ACC_175,ENT_UK_011,852606.3286512011,USD,2026-02-12 08:34:10,737:5671:9fa2:df43:d0b1:9351:eb2b:df9e,2
sdv-id-FVewuT,ACC_148,ENT_UK_018,777983.6879092628,USD,2026-02-05 15:26:46,1b2d:3fc4:f6fc:b210:db3a:476a:1018:e4c5,1
sdv-id-JrBSIT,ACC_206,ENT_UK_006,28867.057257574885,USD,2026-03-28 13:20:50,1d8d:951a:5f0:29b2:679b:950e:5164:2c9f,2
sdv-id-rZykec,ACC_227,ENT_UK_011,318904.83186360844,USD,2026-03-19 02:04:17,6300:977c:3360:ff85:7f2a:dcf4:30cf:e41e,2
sdv-id-ueJBQc,ACC_227,ENT_UK_015,21521.12116739804,USD,2026-03-24 09:20:24,4e82:2ed:1c1b:568f:6bbc:3c3d:31bb:725f,1
sdv-id-yVrFRj,ACC_292,ENT_UK_019,32509.424524827733,USD,2026-02-18 20:14:26,10b1:8e18:3431:ac2d:ea14:f86a:af45:eeb6,1
sdv-id-nvOyOI,ACC_110,ENT_UK_008,2702.4072932399076,USD,2026-02-14 16:24:49,b3a1:398:a73c:356b:d544:f69a:a3ff:cbdc,1
sdv-id-OODEVO,ACC_212,ENT_UK_007,91761.81167209568,USD,2026-02-16 13:14:56,fde0:a984:b8f9:837a:b20a:31ab:23e:f37,2
sdv-id-yiIuWH,ACC_268,ENT_UK_008,14073.682495578189,USD,2026-01-30 10:41:08,5769:9bb9:8fb9:bcf4:2a4d:b2aa:feb0:2fd1,1
sdv-id-tqPoJg,ACC_135,ENT_UK_017,1030.8518279719365,USD,2026-01-27 11:27:34,d976:86f7:6051:c86:8e05:6e51:5b9e:4097,1
sdv-id-mFBGYr,ACC_110,ENT_UK_017,376832.2713004319,USD,2026-02-17 15:18:51,c3b0:a09c:dc52:6d17:4f9b:f9ac:f8f:b851,1
sdv-id-yRnQNL,ACC_158,ENT_UK_005,55354.72176114019,USD,2026-03-04 02:53:26,4f8e:1ef1:74d1:6b70:77c2:de6e:3cbd:562b,1
sdv-id-NMiILH,ACC_116,ENT_UK_016,27227.99804821091,USD,2026-02-03 02:07:56,a225:8137:f59a:f998:d084:d89b:d307:d673,1
sdv-id-coNSLD,ACC_227,ENT_UK_007,50558.2430690057,USD,2026-01-16 05:02:50,d1b0:d345:6752:3740:41f8:314d:97d8:b24f,1
sdv-id-efHjhU,ACC_135,ENT_UK_010,38012.46166183825,USD,2026-01-31 03:56:35,18f5:3f5e:b5fe:a563:d80:fa45:1bd1:9b6c,1
sdv-id-HuVwIu,ACC_268,ENT_UK_013,230591.8796829747,USD,2026-03-16 13:35:43,b5ac:1cb5:f3d4:8ca:3996:e4ca:4792:bc96,1
sdv-id-OAASxe,ACC_250,ENT_UK_002,776584.2810330965,USD,2026-01-26 03:08:11,3ba8:9e9a:92e4:1405:bd40:22:579e:23d9,2
sdv-id-yLGzlK,ACC_135,ENT_UK_007,6354.522825503232,USD,2026-02-18 16:34:33,e615:a411:dba9:eeca:f3d0:1183:2173:8948,1
sdv-id-ddGdsl,ACC_174,ENT_UK_009,29177.73128764694,USD,2026-03-17 22:54:18,25b3:57cd:a283:55e0:cf27:869c:37c6:c18a,1
sdv-id-plaCVm,ACC_227,ENT_UK_019,20683.093006079525,USD,2026-03-04 05:32:10,3ef1:e8c4:2530:d4a2:1ea8:28e8:10e:13a0,1
sdv-id-WpRkHS,ACC_194,ENT_UK_005,306205.7142461932,USD,2026-01-02 23:37:51,352f:8922:8315:6c13:9b80:4d5c:4687:3d40,2
sdv-id-IezuGH,ACC_227,ENT_UK_001,386723.8658105798,USD,2026-03-09 06:18:55,77:15af:2a8c:73fc:9280:da1c:4959:f213,2
sdv-id-FZMqYu,ACC_110,ENT_UK_002,755918.9233139488,USD,2026-02-08 17:04:42,c482:c6a4:de3b:3d88:8f79:52fa:44f3:5213,1
sdv-id-Qrkmvl,ACC_236,ENT_UK_014,1170757.9527337532,USD,2026-03-10 03:53:59,4d08:bab2:48cb:76d4:c2:914d:302e:5ba4,1
sdv-id-ybCIZw,ACC_236,ENT_UK_006,1287.4340490435466,USD,2026-02-21 09:47:43,e410:ba42:4723:9023:b84b:a829:ec43:eeb7,1
sdv-id-pUDNXG,ACC_116,ENT_UK_007,949.5635080635944,USD,2026-01-13 12:47:37,2e32:df4f:412d:d22b:70f0:9bf6:9936:6be1,1
sdv-id-RqLgGK,ACC_236,ENT_UK_006,403365.32256356906,USD,2026-03-15 21:35:16,eeae:9e19:a812:fd64:1c64:2e3d:5b25:a570,1
sdv-id-SyaQrk,ACC_274,ENT_UK_013,536152.88251947,USD,2026-02-12 13:53:40,61fd:580b:8d95:6434:231:b85d:b327:aa07,2
sdv-id-FllTRI,ACC_206,ENT_UK_007,11431.15107799951,USD,2026-03-09 03:04:06,efcd:87fd:42bb:9db9:6b43:a3b6:2fe2:922b,2
sdv-id-CqyabJ,ACC_236,ENT_UK_008,248560.06760197136,USD,2026-03-14 03:28:32,9ce6:d58e:5897:91e1:2ab6:16e3:f71:eb44,1
sdv-id-oVpYsQ,ACC_212,ENT_UK_014,1174.7360113650452,USD,2026-01-30 21:57:55,89c2:dba5:2de1:e845:eb96:7edf:a788:5899,2
sdv-id-PSURlb,ACC_180,ENT_UK_006,360537.43619789206,USD,2026-03-29 15:35:34,c4d:aa7a:a303:b970:abf9:8ef4:e1b7:b62d,1
sdv-id-vsjmLb,ACC_268,ENT_UK_012,130544.04086099484,USD,2026-01-31 12:19:41,c477:285d:a232:b95c:5901:221e:6df0:b400,2
sdv-id-uLPZJF,ACC_110,ENT_UK_010,5766.2213026586105,USD,2026-03-03 08:09:49,305f:9eb9:3ab3:b25:5c0b:ed91:fc62:9ba9,1
sdv-id-AlKBHO,ACC_150,ENT_UK_015,70672.34156398983,USD,2026-03-08 08:40:10,d505:7c50:5d82:733e:7280:dae4:6847:ccd9,1
sdv-id-iVZkqK,ACC_180,ENT_UK_011,43690.75554846869,USD,2026-03-29 09:13:53,78f6:164f:8bfc:f81a:10f8:96fd:2071:79d9,1
sdv-id-xBOmCZ,ACC_206,ENT_UK_015,295072.0433421393,USD,2026-02-24 08:41:44,e1ba:dd78:1f62:8cb3:bb88:cd94:ade4:c3fe,2
sdv-id-KKxXjT,ACC_148,ENT_UK_014,130546.28416030896,USD,2026-03-21 06:24:31,c35:90f2:4709:a6cf:351f:7a05:479b:28e2,1
sdv-id-xLFIJr,ACC_227,ENT_UK_013,221576.2173273075,USD,2026-01-12 12:48:58,e4bd:13de:2335:bda6:c385:155:469a:cb1e,1
sdv-id-tdGywT,ACC_230,ENT_UK_015,64568.52370141185,USD,2026-03-06 11:48:41,a2c5:8eb3:4333:962b:15d9:1e1d:dcd7:206f,0
sdv-id-nyeqRo,ACC_292,ENT_UK_004,215241.40691210737,USD,2026-03-28 16:18:24,623e:2e2b:fc07:aa2c:c4b8:f8fa:d81b:f284,1
sdv-id-CVDYOc,ACC_158,ENT_UK_015,2650.5604418164867,USD,2026-03-25 06:11:34,739f:5936:d8d6:8810:6008:72bf:be6b:56ca,1
sdv-id-vsLpUI,ACC_250,ENT_UK_015,60114.63311233067,USD,2026-01-18 03:40:27,adc4:316b:e724:2bcc:7d45:fcfe:77e:26c,1
sdv-id-GaYfxH,ACC_175,ENT_UK_015,236568.22345127707,USD,2026-01-29 06:49:18,44d3:5914:5148:c86c:185b:84a9:7842:9c60,2
sdv-id-JWwMuq,ACC_116,ENT_UK_004,199700.47514258075,USD,2026-02-20 01:43:45,fcee:74c6:bec9:605d:926e:d0cc:e6b7:1fed,1
sdv-id-cUhxvm,ACC_180,ENT_UK_004,1438.1122978065407,USD,2026-02-15 02:00:25,d920:83c:8d9f:f1a8:9964:a200:8d74:c9cf,1
sdv-id-bkQWyg,ACC_212,ENT_UK_004,73071.72207702108,USD,2026-03-16 17:18:28,831:8bea:baa9:68c7:68ba:6a5e:c1e5:4287,2
sdv-id-MMGxuL,ACC_250,ENT_UK_015,59545.69564160476,USD,2026-03-03 16:25:40,acd:ade4:66aa:ae19:f1c1:b454:ed64:8976,1
sdv-id-yDZJUG,ACC_250,ENT_UK_011,55921.68741220548,USD,2026-01-29 19:48:34,6424:d088:359f:5953:93b4:d3d:41cb:1e4,1
sdv-id-RUfeae,ACC_212,ENT_UK_004,6520.955023270141,USD,2026-02-08 08:03:15,c2e9:fa97:2e3:a905:2cc7:c431:609f:3003,2
sdv-id-jCQLAM,ACC_175,ENT_UK_015,20330.045854078664,USD,2026-02-12 13:25:14,6bad:d3a6:cabe:3316:737e:de2a:8efb:d70b,2
sdv-id-TTFbTC,ACC_250,ENT_UK_001,18610.82816245149,USD,2026-03-12 21:21:29,dbc9:2848:a03:a214:d945:9b8a:bc34:d4a,1
sdv-id-zKywPu,ACC_236,ENT_UK_007,30695.222668022445,USD,2026-01-08 03:52:29,3f1d:d7bf:4896:7aca:b077:c3b:da90:5c95,1
sdv-id-IYyjIA,ACC_212,ENT_UK_019,110209.18985303269,USD,2026-03-21 14:25:28,7dfa:573b:938d:a9b3:1f7e:7278:301a:d015,2
sdv-id-XeHNzK,ACC_212,ENT_UK_009,292411.27844312036,USD,2026-03-25 16:42:10,990d:1a47:9164:928c:a9e9:bb1:cd9f:d008,2
sdv-id-vnnFhQ,ACC_144,ENT_UK_019,2949.1800872074914,USD,2026-02-26 16:50:30,915a:1d2:6d3a:16d9:27a6:80d8:8227:a717,1
sdv-id-lnxBMZ,ACC_241,ENT_UK_011,119913.57797619006,USD,2026-01-31 14:18:50,e755:3b71:31cf:fb9e:b390:64cc:7362:91f2,1
sdv-id-rzctZk,ACC_227,ENT_UK_012,2309.5723573174323,USD,2026-01-10 16:56:38,2667:2994:f332:df75:845e:cc9:694:1f7c,1
sdv-id-cFSLPc,ACC_227,ENT_UK_016,22796.37339586785,USD,2026-02-16 16:07:38,6a3b:f727:19df:a6f:77b3:121a:3e14:4388,1
sdv-id-gknMTR,ACC_194,ENT_UK_014,1148.4523833885175,USD,2026-03-30 01:53:01,3fe9:1563:28a2:41fe:e4a3:daef:e6d1:7d43,1
sdv-id-JSfNGH,ACC_135,ENT_UK_010,981.8123271903326,USD,2026-04-01 10:05:26,f564:412b:f818:72b2:608e:b54d:71fd:1bdd,1
sdv-id-kxZdsW,ACC_212,ENT_UK_014,152500.30771818644,USD,2026-03-16 04:48:51,c22e:5a3f:9609:74d5:929c:b3db:34d7:ef27,2
sdv-id-wzuXed,ACC_212,ENT_UK_018,343539.08139093174,USD,2026-01-16 04:37:40,325a:720e:3d8d:d1f5:ca4c:a21b:ee87:32a5,2
sdv-id-bLyYja,ACC_180,ENT_UK_011,78511.46645267485,USD,2026-02-04 22:57:19,2508:4f2e:a248:f52c:bc82:6dca:c4e0:1513,1
sdv-id-vjhmhR,ACC_292,ENT_UK_014,4789.787882324023,USD,2026-02-24 03:14:50,c9c5:99ab:4d37:488a:45a1:102:2728:7600,1
sdv-id-lHMixH,ACC_250,ENT_UK_014,93116.71696285644,USD,2026-03-19 11:45:45,e92a:2087:246:f07:5bfe:644e:cf2b:3443,1
sdv-id-uYfaxK,ACC_194,ENT_UK_004,15218.1717481985,USD,2026-03-02 09:27:16,5fbb:a52f:a601:b115:2454:377f:ba3c:6b58,1
sdv-id-OXREbB,ACC_227,ENT_UK_011,337753.85529086785,USD,2026-02-23 12:14:09,f1e2:dc46:8f25:9d6d:2452:eb33:fe9e:41a1,1
sdv-id-yHiele,ACC_180,ENT_UK_011,505125.0596403392,USD,2026-03-28 05:06:54,c036:e48:8d08:5a7d:899f:1f55:7140:d385,1
sdv-id-XMDWga,ACC_180,ENT_UK_006,19243.3583624574,USD,2026-03-10 18:13:08,6c7e:4b33:97ed:1817:64fe:9c8f:7aaf:b3a4,1
sdv-id-LZtVRe,ACC_227,ENT_UK_016,81792.28004821372,USD,2026-01-16 00:55:50,f18f:cd6e:492:b9d4:a2a4:1483:ffd7:d0f1,1
sdv-id-SysFUP,ACC_268,ENT_UK_003,42540.20632143571,USD,2026-03-11 17:10:50,faec:75c7:5759:2314:fe1b:401c:3ac5:a2d5,1
sdv-id-EuAPpG,ACC_213,ENT_UK_017,15294.416493558932,USD,2026-01-13 10:56:28,2b6c:e16b:4855:99f8:a040:d5f1:cec:9694,2
sdv-id-DuigTp,ACC_135,ENT_UK_001,681646.3507634263,USD,2026-03-16 04:34:39,e612:7014:2d3b:5430:68bb:8412:a65a:35b8,1
sdv-id-LfzUSH,ACC_212,ENT_UK_011,298887.0559347828,USD,2026-03-24 08:09:28,d5b:d842:27dc:dd0:1702:29a4:e2d9:1d8d,2
sdv-id-tNnKlT,ACC_227,ENT_UK_019,121972.05979459044,USD,2026-02-27 15:30:20,f960:74eb:3c43:cfbd:454b:4b61:aaba:7f1a,1
sdv-id-NEKnXk,ACC_150,ENT_UK_012,6695.800481976556,USD,2026-03-29 03:14:04,e377:d80a:4e66:1a99:9598:eb6e:c31e:eb28,1
sdv-id-UWOVBP,ACC_206,ENT_UK_012,291391.2741324325,USD,2026-01-12 14:30:58,7e52:3c99:7a7a:3630:cd77:5fa9:3bca:97d8,2
sdv-id-gPAwFp,ACC_180,ENT_UK_003,936.302446610884,USD,2026-02-08 04:40:27,aaa1:b749:4c97:2372:9560:4c86:38:c89b,1
sdv-id-fAdWhT,ACC_212,ENT_UK_016,6113.497981340084,USD,2026-01-06 02:24:43,6084:d166:353:9648:aee8:c2bf:7f5b:7880,2
sdv-id-pdvRyR,ACC_206,ENT_UK_013,1749.9537524710022,USD,2026-01-09 04:30:39,557c:7bb7:6eb9:bb45:ee48:7a39:c9fe:2a07,2
sdv-id-GkOKMw,ACC_274,ENT_UK_007,195906.6584494089,USD,2026-03-17 03:49:43,e685:6a95:11d5:bfab:772f:76b:7aa7:ea61,2
sdv-id-wpGUEf,ACC_236,ENT_UK_007,147401.73085749327,USD,2026-02-25 08:21:52,649e:fc1e:1cea:27a3:70de:9c1a:bf3d:da2,2
sdv-id-lTuZlv,ACC_223,ENT_UK_006,1382.7819259693483,USD,2026-03-31 23:01:54,2651:5957:c1d5:46cf:79db:f5f6:e2bf:c366,1
sdv-id-FnAVSU,ACC_180,ENT_UK_014,121292.79013741863,USD,2026-03-28 03:34:26,5486:550f:227d:c4ea:d17:2428:e006:5093,2
sdv-id-QElUOD,ACC_241,ENT_UK_010,673057.6060854801,USD,2026-01-25 13:41:39,2f01:8258:8ac3:3440:5423:644a:6e2d:7e92,1
sdv-id-zPLPaB,ACC_219,ENT_UK_014,150426.95753310257,USD,2026-02-25 04:22:28,7696:b306:6501:9fb1:19fa:6e9:39dc:6c9b,1
sdv-id-FxbOzC,ACC_268,ENT_UK_008,8503.55276652236,USD,2026-01-25 18:39:29,3512:6449:f008:e136:83a7:f4f3:2b2c:a07e,1
sdv-id-FtcJAD,ACC_110,ENT_UK_017,412043.9886343405,USD,2026-03-15 14:19:19,94f:64a0:ed21:e2d1:3cfc:ce6d:daeb:2f06,1
sdv-id-JmTqbR,ACC_230,ENT_UK_015,3501.8570917841193,USD,2026-02-27 08:47:11,dd58:498c:8bbe:c884:3c5c:38ac:bc5c:5a43,0
sdv-id-qtIxLm,ACC_116,ENT_UK_012,3041.9605636003816,USD,2026-01-24 12:48:12,16cd:4e85:ca29:cc18:d755:fb90:d79f:834b,1
sdv-id-TTRuLT,ACC_116,ENT_UK_001,4776.675887865871,USD,2026-01-30 06:08:26,432b:208b:f3f1:441:57c6:c0a0:f2c7:90ed,1
sdv-id-PZlACO,ACC_250,ENT_UK_007,39304.92221609478,USD,2026-02-24 13:58:37,b422:ff77:ef62:b324:2a07:ae0d:889:e2d1,1
sdv-id-UdeiPj,ACC_148,ENT_UK_007,321982.601438238,USD,2026-03-06 10:25:46,3b20:eec8:11d7:a3ca:675d:bea5:7348:ea5c,2
sdv-id-FHeopV,ACC_212,ENT_UK_008,10846.592023934938,USD,2026-03-15 18:33:55,62e8:906:2144:5727:151c:439b:6348:ec59,2
sdv-id-iNaTqH,ACC_227,ENT_UK_001,205930.76902389628,USD,2026-02-04 16:40:41,cdc4:6f07:98e8:9737:c563:348e:4624:9d7f,1
sdv-id-ELSKhK,ACC_289,ENT_UK_007,78204.01241298363,USD,2026-02-23 16:39:48,9e2e:be01:6833:df84:d6a:e546:58e:1f4a,1
sdv-id-TEYLPl,ACC_150,ENT_UK_007,187658.1470134431,USD,2026-01-17 08:48:33,2d7c:15d3:ed0c:f779:6623:c61a:462d:e9f6,1
sdv-id-xGKsSW,ACC_274,ENT_UK_018,81148.33753272107,USD,2026-01-26 12:59:16,47b6:bf49:a354:b66a:4eb5:52fd:39a3:bf3f,2
sdv-id-FqkYAQ,ACC_250,ENT_UK_005,424263.5192228777,USD,2026-02-15 09:25:59,2422:36ad:cbe7:7b13:c9fb:7dcf:7b4e:a867,1
sdv-id-UnqbiM,ACC_175,ENT_UK_018,51384.956217188905,USD,2026-01-28 00:51:48,e2e8:7dec:c6f3:bc71:b3a6:2c60:6e62:cc19,2
sdv-id-BPelMP,ACC_212,ENT_UK_002,25856.10792731622,USD,2026-01-07 12:09:56,fd09:965e:71ff:4fbe:7f1c:9ee0:80d8:d5c5,2
sdv-id-oLOvWc,ACC_250,ENT_UK_017,111728.3424803912,USD,2026-02-01 15:14:08,9552:a7:944f:e2ef:7da8:d544:d9af:fed8,1
sdv-id-TeRaye,ACC_116,ENT_UK_018,250926.08849621224,USD,2026-01-11 20:18:45,ce70:740f:9191:9e1f:625b:344c:a60b:4460,2
sdv-id-iFRMOp,ACC_110,ENT_UK_009,1160.9114403349631,USD,2026-02-14 10:22:45,a804:b417:fc5a:fc52:73b4:8994:a124:df18,1
sdv-id-kPAAhX,ACC_175,ENT_UK_015,1263170.724642792,USD,2026-04-01 15:12:19,2ab0:210:8327:3ee0:bff5:315f:b920:6045,2
sdv-id-BkMXuz,ACC_206,ENT_UK_018,32177.494825890222,USD,2026-01-21 05:03:17,ff9a:f289:d552:5d0d:f6bd:be5f:509b:427e,2
sdv-id-FlOxyu,ACC_180,ENT_UK_011,46610.547483409806,USD,2026-03-31 11:34:55,cb3c:5186:233d:2ae2:fbe6:42b8:5a95:a45c,1
sdv-id-itjtwg,ACC_274,ENT_UK_004,392862.56284233544,USD,2026-01-22 16:23:17,ad38:b7d8:2da8:6441:11b0:4117:1df0:32d2,2
sdv-id-VSErWM,ACC_227,ENT_UK_017,60247.94021302873,USD,2026-02-12 16:56:15,4c00:a1ef:5f8a:6730:cc38:1855:b83a:677,1
sdv-id-EwCDEt,ACC_212,ENT_UK_007,1068.344363181533,USD,2026-01-16 15:59:46,f7a9:5d4e:668b:6c52:d77d:43a1:ebae:e758,2
sdv-id-kzwXRT,ACC_175,ENT_UK_011,19373.753929665287,USD,2026-03-29 01:50:20,1416:ff53:a7d9:ec92:b3b7:b914:6e01:85a,2
sdv-id-CdGDGJ,ACC_223,ENT_UK_008,239136.53643500572,USD,2026-03-20 15:34:14,476c:1201:3f9b:af25:51be:1de0:227b:6e65,1
sdv-id-QOqJJV,ACC_268,ENT_UK_017,473115.9201406545,USD,2026-03-15 21:51:05,93ab:9177:eec2:c50c:66ce:92c9:3294:4797,1
sdv-id-szdVPa,ACC_236,ENT_UK_008,334984.4306146723,USD,2026-02-09 12:51:12,b5f5:496c:96de:d1d7:bdc0:3405:843c:2bd5,1
sdv-id-bWBVKV,ACC_206,ENT_UK_008,80703.46223272092,USD,2026-01-07 08:12:10,5c1a:9032:77c2:b94b:57ac:39cb:2ff0:8d00,2
sdv-id-NxjcRM,ACC_212,ENT_UK_010,646030.1843542856,USD,2026-02-16 02:35:52,f02c:3cb8:5e13:a29e:180e:bdbb:928e:4a74,2
sdv-id-hQweTJ,ACC_144,ENT_UK_009,392551.01249601616,USD,2026-02-07 00:51:31,7839:87b9:9b3b:57a5:a03b:bfc5:8be7:b3d2,2
sdv-id-AdDbtx,ACC_236,ENT_UK_014,1872.0621891912729,USD,2026-04-01 08:03:41,5797:94dc:4d0b:efe1:2947:9458:25e8:4f0,1
sdv-id-MskpVA,ACC_180,ENT_UK_013,33514.78755332823,USD,2026-01-01 05:51:37,c2cc:537d:4b6f:bcac:7ba9:8b7c:fd24:cb15,1
sdv-id-vIaxXS,ACC_180,ENT_UK_011,388334.5193498421,USD,2026-02-23 09:25:05,dc68:c8f1:3c70:60e2:2685:3361:208e:4aa0,1
sdv-id-HlsCoZ,ACC_227,ENT_UK_003,313050.3613674528,USD,2026-02-19 01:17:24,a45a:d29d:96a1:8e0f:fb93:7942:6561:353e,1
sdv-id-rVpGXf,ACC_150,ENT_UK_019,7512.481341342153,USD,2026-01-26 23:06:56,bb6c:31ff:da5c:ce2b:71bb:641a:5b52:7f76,1
sdv-id-MfEGcr,ACC_227,ENT_UK_008,87389.94804312439,USD,2026-01-24 05:16:40,45c4:74d3:db81:b2ef:c057:e4a2:a27d:5c5c,1
sdv-id-AzzKmD,ACC_250,ENT_UK_018,6548.341127599674,USD,2026-01-11 05:05:18,4ce8:8981:25ec:33e9:51c4:d138:64d7:8027,1
sdv-id-lcROeI,ACC_227,ENT_UK_007,284056.1574706612,USD,2026-03-31 10:15:31,afc8:151c:efa7:42ef:26f4:9c0:113:db3,1
sdv-id-PyEUEr,ACC_268,ENT_UK_019,930.6271620734852,USD,2026-02-06 23:33:38,c091:1a64:2bcc:329e:ed9a:5852:526d:1236,1
sdv-id-bUnNsH,ACC_292,ENT_UK_005,16905.098116558736,USD,2026-02-10 06:42:03,fe98:f5e0:e4ea:b57d:2340:124b:504a:897f,1
sdv-id-gurXdG,ACC_180,ENT_UK_001,3370.0101926326283,USD,2026-03-02 14:36:29,839:8b51:df4f:b609:3317:950:15cc:682a,1
sdv-id-dVRHCN,ACC_227,ENT_UK_011,14217.80999220779,USD,2026-03-21 07:40:10,fb90:1d03:43d3:c74e:b82d:666:351c:9f47,1
sdv-id-DRTkxE,ACC_150,ENT_UK_014,342089.9336420489,USD,2026-01-16 13:51:44,9447:a0a2:68a6:c8df:f31b:9660:e341:6a21,1
sdv-id-odLvfm,ACC_148,ENT_UK_016,67056.76586866299,USD,2026-03-25 04:09:04,eca7:d7f0:6e68:bf20:98cf:e6e1:968b:5db,1
sdv-id-ueNigB,ACC_180,ENT_UK_011,33602.04604030103,USD,2026-01-15 22:04:52,b96f:a7f8:368a:92e8:c888:c75a:678c:b3be,1
sdv-id-FnkRUO,ACC_148,ENT_UK_003,19086.43477111393,USD,2026-01-20 04:29:20,7550:6f39:3a64:e7a8:d9d8:6903:f079:a6b1,1
sdv-id-HANMdt,ACC_236,ENT_UK_004,14674.395919713625,USD,2026-02-01 10:40:13,26f4:8d9:4948:c6e8:c7ce:1d23:31e5:e9ba,1
sdv-id-phHxjO,ACC_236,ENT_UK_006,232411.59799586897,USD,2026-02-25 00:11:47,31bf:d78e:d828:5b76:31b8:c4f6:56b2:4feb,1
sdv-id-aywWIF,ACC_175,ENT_UK_005,14410.75556488903,USD,2026-02-27 01:45:22,8de4:ae8a:f2e5:45e6:d566:659a:7826:7639,2
sdv-id-QwxkAa,ACC_241,ENT_UK_012,640417.8929750519,USD,2026-03-15 11:33:31,35e8:28cb:d875:6270:bcfd:df3c:c2a8:bb4c,1
sdv-id-RUUFMK,ACC_206,ENT_UK_007,76819.86267255872,USD,2026-02-11 20:40:46,2eae:6526:c3e3:88d3:3e14:de93:5051:1636,2
sdv-id-uYhWVO,ACC_212,ENT_UK_018,116879.72020409636,USD,2026-01-25 16:48:39,2116:54e2:95bc:d866:1d99:39d8:ab5d:65a2,2
sdv-id-wtUlxV,ACC_227,ENT_UK_008,1532.91374748524,USD,2026-02-08 20:58:47,96a4:db70:8962:39f2:d2a1:679:38c4:e071,1
sdv-id-qRXjHm,ACC_236,ENT_UK_004,210787.58249327,USD,2026-03-17 21:56:51,abad:f979:5041:4fda:fc3e:b092:3b61:699c,1
sdv-id-RPYeCh,ACC_150,ENT_UK_005,161642.28629840087,USD,2026-04-01 05:38:50,be00:cd22:65bc:fd6c:7bd1:2a5:1a05:3a0f,1
sdv-id-tbzDhl,ACC_158,ENT_UK_003,778326.5881460692,USD,2026-01-02 23:47:06,9fb6:fe6d:2ce9:98e1:e238:86e5:f748:c113,1
sdv-id-ftFwht,ACC_236,ENT_UK_004,210518.55511107817,USD,2026-03-09 02:30:15,5c5d:b5cf:253d:4b68:6ca6:c93f:cd5f:949f,2
sdv-id-ReBTsY,ACC_268,ENT_UK_004,40161.55180674473,USD,2026-03-20 02:51:33,3aec:985d:2df3:689e:b8f3:d572:706:dbf6,1
sdv-id-DsgINU,ACC_180,ENT_UK_019,965454.8164235124,USD,2026-01-06 05:27:01,4999:8c75:74ce:4936:7ee1:d669:f872:11a7,2
sdv-id-CEUnfB,ACC_150,ENT_UK_002,1153.61264676212,USD,2026-03-05 09:11:07,20f:8b39:8016:1590:1d09:77c7:c67:8f9b,1
sdv-id-oHyRSq,ACC_250,ENT_UK_015,154945.06916157843,USD,2026-03-15 22:55:47,a771:950b:fde2:ed6:7e68:97f4:9ca:7f97,1
sdv-id-RPbzNO,ACC_241,ENT_UK_013,159214.76861780745,USD,2026-01-21 17:37:19,7c8a:9390:cd76:eb7b:a53f:b3d3:9cf3:1c83,1
sdv-id-bpTkPc,ACC_148,ENT_UK_005,2174.2001152979865,USD,2026-03-30 09:33:58,e3fd:75d7:5ce9:cb1d:1357:62f4:961d:8763,1
sdv-id-rMxZPC,ACC_250,ENT_UK_012,10770.93602206617,USD,2026-02-21 14:29:30,6df7:fe28:dd35:d43c:d1d6:38f7:a01d:a257,1
sdv-id-ZbcLBH,ACC_227,ENT_UK_011,284113.1032037581,USD,2026-01-08 18:47:27,9c16:387e:1141:4460:abcb:4791:f9b7:e635,1
sdv-id-fZFTfq,ACC_227,ENT_UK_013,441882.0941185591,USD,2026-02-23 17:39:20,e9c:e57f:7896:d797:341:fca8:174c:6e37,1
sdv-id-YebDUM,ACC_292,ENT_UK_018,88610.56304079705,USD,2026-02-02 18:44:23,8b12:2126:aff1:c9c0:b423:7c4a:d51b:2d67,1
sdv-id-dSQdsm,ACC_180,ENT_UK_019,918.0598304245932,USD,2026-03-12 09:30:42,7e4d:c2eb:94ea:58f2:dd1d:8628:cb19:c7cc,1
sdv-id-lKkqfI,ACC_144,ENT_UK_003,1338388.8914520557,USD,2026-03-15 20:55:31,2004:b71b:fc51:2afc:561c:6ca3:8434:16db,1
sdv-id-KMarqF,ACC_144,ENT_UK_019,313520.6221110401,USD,2026-01-15 20:52:44,1612:fcd:820d:da4d:32c2:f7f6:aa61:4a6d,1
sdv-id-Unkbxm,ACC_274,ENT_UK_014,1117.4925886681517,USD,2026-03-23 14:31:06,2310:1a05:9d27:4b94:f6a4:c2b2:ffce:7a9,2
sdv-id-lDGlxo,ACC_283,ENT_UK_015,55864.707738796526,USD,2026-02-18 06:21:54,2f7f:6016:276c:4ab5:9dce:88aa:f113:bb71,2
sdv-id-TMXXHv,ACC_180,ENT_UK_015,1541143.956063845,USD,2026-03-03 07:05:18,15b9:895e:6df1:7dbb:9efe:cae0:f8e6:d1dd,2
sdv-id-HIQSLk,ACC_236,ENT_UK_014,737950.4144889129,USD,2026-01-26 02:18:21,5e78:a897:4004:d23:36ee:6ed3:5242:7737,1
sdv-id-aFfBav,ACC_210,ENT_UK_011,284667.2451436569,USD,2026-01-02 11:42:29,ca11:8583:42b8:2b4c:f2f1:5a59:b690:b4fa,1
sdv-id-tzHjKx,ACC_180,ENT_UK_001,72315.29494691142,USD,2026-03-17 19:15:45,f04:dd88:a23:af3f:d365:6a9:8dfe:67a3,1
sdv-id-SgLsak,ACC_227,ENT_UK_019,48041.43914083839,USD,2026-01-22 22:24:28,d815:844e:1b47:2d8e:319c:195b:3565:9d5b,1
sdv-id-vLnPBW,ACC_158,ENT_UK_003,1032.0575084336408,USD,2026-02-05 20:05:51,6a70:e341:eea5:49df:7280:dd56:881e:5be4,1
sdv-id-PqBTAS,ACC_212,ENT_UK_012,123471.66110403078,USD,2026-03-21 16:53:22,f159:b5fe:600b:f346:7158:20b6:54cb:5852,2
sdv-id-GCqPSh,ACC_236,ENT_UK_012,2343.7794225632474,USD,2026-02-22 12:41:26,26aa:a5db:5a44:f17a:a7bd:3bd1:d43d:609c,1
sdv-id-bsXdUJ,ACC_212,ENT_UK_011,217627.91345503993,USD,2026-01-10 18:13:55,408b:2918:2a12:b767:10ba:2a27:cb32:418c,2
sdv-id-IcTAwW,ACC_283,ENT_UK_006,338207.5129707979,USD,2026-03-31 02:08:41,90ba:7172:35cb:607f:60bf:2a02:b4c3:3275,1
sdv-id-NQlAQh,ACC_212,ENT_UK_016,7538.0028478224995,USD,2026-03-12 00:38:12,8f53:36d8:fa21:daf:f45d:704c:1756:edad,2
sdv-id-XhdiiU,ACC_227,ENT_UK_006,288548.60113737633,USD,2026-01-30 00:05:46,a527:e12a:ced0:174a:28d0:b615:22b7:2e,1
sdv-id-TwWKSx,ACC_135,ENT_UK_004,342377.1980641253,USD,2026-03-25 22:44:38,a2d7:ebaf:6962:2509:7c8f:5b5d:4290:f796,1
sdv-id-fhussf,ACC_250,ENT_UK_013,207083.9339537525,USD,2026-03-10 12:56:59,8445:f6ca:778a:9311:9590:4e71:5c3a:7ccb,1
sdv-id-ysFsHE,ACC_274,ENT_UK_010,61348.60347881944,USD,2026-03-16 22:26:32,4b94:60ff:9638:9968:19bb:83e2:cea8:45f6,2
sdv-id-NCQnSX,ACC_212,ENT_UK_004,268210.99586088635,USD,2026-02-14 15:52:36,4408:e8ec:4bcd:a67b:3f08:5103:bd0c:53c7,2
sdv-id-SxmQLa,ACC_116,ENT_UK_008,199435.30512244708,USD,2026-02-20 17:48:53,beb1:77e4:620c:ac06:faa3:d50c:6114:404c,1
sdv-id-evQeEb,ACC_236,ENT_UK_005,543191.8073193951,USD,2026-04-01 06:09:08,b67f:46ba:913d:f83f:66e9:597:c432:89dd,1
sdv-id-gUoBwh,ACC_219,ENT_UK_004,118271.7009801288,USD,2026-01-25 05:16:02,75f0:7f6b:2a8e:62db:2236:2ae0:e6f5:8cab,1
sdv-id-lsOOJh,ACC_180,ENT_UK_015,469486.32079832855,USD,2026-01-19 05:17:27,206d:cdc4:cf3e:39bd:c28f:e326:a48d:ee14,1
sdv-id-nzpZgN,ACC_250,ENT_UK_019,1206374.4980578343,USD,2026-01-29 09:44:48,4eda:9607:fe88:a16e:64e3:7180:3ee1:a633,2
sdv-id-tJoppK,ACC_148,ENT_UK_016,1422.1224882568115,USD,2026-02-07 11:34:15,68fe:9cf3:e78c:1fef:fac6:16a:21b2:9be3,1
sdv-id-rmjqeR,ACC_289,ENT_UK_004,26155.661552628695,USD,2026-02-16 11:03:55,406e:271:2790:c5d9:ae27:8c80:7125:945e,1
sdv-id-WFqckg,ACC_135,ENT_UK_019,938.486295162176,USD,2026-03-02 02:42:23,322e:680b:141f:4bf0:f26e:a68d:4b4a:a23d,1
sdv-id-niyyDp,ACC_227,ENT_UK_017,297131.24073613604,USD,2026-01-06 01:09:42,b4c4:6951:3b99:d450:5d1a:e012:203c:c160,2
sdv-id-XrCCqD,ACC_144,ENT_UK_019,13318.30692038956,USD,2026-03-04 21:39:01,ac61:b92e:4317:13a8:c7a0:8ed8:d566:5a26,1
sdv-id-MjqttM,ACC_283,ENT_UK_006,76576.67792811104,USD,2026-01-24 23:06:03,9bf:97bf:3195:d713:9504:2098:522e:6bd4,1
sdv-id-PJRDpf,ACC_227,ENT_UK_009,989.5503179058248,USD,2026-03-16 23:27:27,434:d9e3:2147:c08f:ca4:124d:d0cc:51fb,1
sdv-id-ZLPXMF,ACC_135,ENT_UK_003,147260.33085041033,USD,2026-03-04 06:55:00,458f:dc5:9623:863d:e544:a1f2:e2d4:e97d,1
sdv-id-dSXjcA,ACC_250,ENT_UK_005,455345.6428964762,USD,2026-03-27 05:34:33,50fd:d626:83d5:7f45:978c:e898:da7d:b62b,2
sdv-id-MgjGOT,ACC_241,ENT_UK_003,6426.774012101271,USD,2026-03-29 01:41:44,540b:9918:7447:6937:9d2d:42ed:290c:d292,1
sdv-id-oWIEHA,ACC_110,ENT_UK_011,488709.78899454424,USD,2026-02-14 04:30:50,5b29:ea9a:117a:78c5:7545:a59:da8e:28f1,1
sdv-id-gvWHbv,ACC_206,ENT_UK_012,4143.711330517727,USD,2026-03-26 05:15:45,25bd:1857:e920:aa12:c985:f0a2:9faa:3ed0,2
sdv-id-kpaEha,ACC_212,ENT_UK_015,1224.7514602068156,USD,2026-01-12 15:06:11,50a1:cf77:7212:d612:2fe9:8222:17d:2d7d,2
sdv-id-UmRusB,ACC_180,ENT_UK_008,90247.0644803446,USD,2026-03-24 00:39:52,e851:e655:3ad9:f72e:286a:2a10:79e5:7c0b,1
sdv-id-fAIYpE,ACC_144,ENT_UK_009,31385.15723695062,USD,2026-02-11 13:33:47,8c55:a5b2:9561:a9a5:b210:3550:9741:41ea,1
sdv-id-hbBSBn,ACC_283,ENT_UK_001,181176.85656112936,USD,2026-01-04 18:52:47,981:1627:a141:f238:ccde:3ec5:a481:1e00,1
sdv-id-IwZDzZ,ACC_180,ENT_UK_009,43286.03756460702,USD,2026-03-07 16:09:20,d558:4bb5:2aad:f332:276f:3fb9:8602:cf7e,1
sdv-id-kDuuFZ,ACC_135,ENT_UK_003,128096.3976771484,USD,2026-03-19 15:45:08,ead8:b4fd:269d:2c93:330d:7e86:768b:8b5d,1
sdv-id-gouldx,ACC_241,ENT_UK_018,172859.33191869053,USD,2026-02-08 13:21:46,d5f5:ddf3:f952:9150:26e6:5125:28e3:2da3,2
sdv-id-FKydmo,ACC_268,ENT_UK_016,1730.3164442730958,USD,2026-02-06 19:53:18,178:615f:bfba:627a:8ec9:1a3d:2b60:33ef,1
sdv-id-TslJNv,ACC_116,ENT_UK_006,24740.693100021566,USD,2026-02-14 12:32:59,6628:d3a6:ffcb:20d7:eeaf:4684:551f:1517,1
sdv-id-pBTmEL,ACC_236,ENT_UK_008,332411.69563759683,USD,2026-03-06 12:22:42,93c9:833a:6281:7805:15a4:7169:d9ca:6282,1
sdv-id-USejrw,ACC_283,ENT_UK_016,9112.64821942755,USD,2026-01-28 09:22:36,4877:1643:751:c198:cfac:61eb:625d:88a9,1
sdv-id-TbfEFS,ACC_150,ENT_UK_006,15472.506976853474,USD,2026-01-15 06:57:20,d04b:c039:5f93:1624:dd0c:b943:c6ee:efd5,1
sdv-id-MzWRDG,ACC_227,ENT_UK_004,223913.6275296272,USD,2026-03-17 18:36:41,c96d:33ed:dc74:a2c2:b1fa:5164:1ff6:edad,1
sdv-id-uQAmrv,ACC_150,ENT_UK_013,1859.840730518184,USD,2026-03-20 00:30:14,bf14:6167:5324:7a44:87a1:cda8:8b4b:ef0b,1
sdv-id-PbsXhS,ACC_274,ENT_UK_019,6021.2947962957205,USD,2026-03-01 13:52:07,a678:fea7:c13e:72a4:c5ae:d1e6:3343:5ce0,2
sdv-id-qmwOjR,ACC_227,ENT_UK_010,53518.347698106765,USD,2026-03-19 12:52:20,c3b1:71d9:5c3f:793f:3952:6813:c018:323b,1
sdv-id-SYzVkk,ACC_212,ENT_UK_004,3695.001118880826,USD,2026-02-02 18:57:52,ab8a:1886:e16b:5871:b85e:aa85:6a27:42dd,2
sdv-id-GKaLXH,ACC_236,ENT_UK_003,354051.1519058308,USD,2026-02-27 11:21:47,3bd5:8a4d:33df:f4f5:eb34:9890:e377:b539,2
sdv-id-SxvloZ,ACC_268,ENT_UK_006,491361.25382163125,USD,2026-01-18 20:37:59,7228:328d:212d:4c10:7bcc:2895:4f48:452e,1
sdv-id-ZeqIYK,ACC_292,ENT_UK_003,340628.528360982,USD,2026-01-01 05:12:39,a454:870d:cac2:5775:7317:3f19:965d:3632,1
sdv-id-daHctd,ACC_236,ENT_UK_018,5196.369346559051,USD,2026-03-24 14:21:58,f91:e529:8c3e:4c0a:9a87:c639:a4c7:4313,1
sdv-id-BYcgQS,ACC_250,ENT_UK_006,203891.1142207065,USD,2026-03-25 16:16:54,ecff:c07a:9679:ef03:563b:7ee1:43a9:5552,1
sdv-id-dcXxqO,ACC_283,ENT_UK_015,6319.1696569614805,USD,2026-02-02 11:59:11,eea5:f0f2:2a66:960:4051:db9e:db89:730e,1
sdv-id-VeVWIi,ACC_283,ENT_UK_016,30568.12528878292,USD,2026-02-21 22:43:49,c326:62c9:6b63:6290:726c:ed2b:b591:7429,1
sdv-id-zYtxuO,ACC_227,ENT_UK_015,212213.98526733185,USD,2026-01-06 16:06:52,963:d670:4b6c:8b83:e458:ad13:dc76:2389,1
sdv-id-ktXogN,ACC_212,ENT_UK_016,28860.054356929315,USD,2026-02-22 20:20:47,6c24:76a2:aadb:93ef:e76e:6909:72a4:3b1b,2
sdv-id-tYOZvg,ACC_241,ENT_UK_018,3955.675069249291,USD,2026-02-07 08:30:33,f7c:4644:c979:aa15:5011:44ab:8552:5a0d,1
sdv-id-XCquvH,ACC_212,ENT_UK_013,755999.0868113035,USD,2026-02-07 16:28:40,516b:ded9:30c8:d63d:fb3f:216:ac2b:7fb,2
sdv-id-wDEQJh,ACC_175,ENT_UK_002,106949.13376989162,USD,2026-03-21 17:49:14,f421:7231:323f:80a:775:9a1b:1301:8fae,2
sdv-id-yilRJP,ACC_180,ENT_UK_001,160210.46987359188,USD,2026-01-10 08:29:38,d6eb:541b:461:ddc:94ce:b851:9dc2:70d0,1
sdv-id-HkLhkm,ACC_283,ENT_UK_015,135124.68696101272,USD,2026-03-29 16:23:01,5533:f20e:166e:b9e9:d48f:1134:2ccc:c946,1
sdv-id-JeJhKo,ACC_212,ENT_UK_017,210023.05492966512,USD,2026-03-05 23:01:06,b57b:3c11:333d:f422:e633:b613:42d2:93ae,2
sdv-id-PIznHE,ACC_144,ENT_UK_008,61374.20233764893,USD,2026-02-12 20:20:00,6e1d:8e0b:8c55:8b32:2f6:1b3:1348:e79,1
sdv-id-QQZxex,ACC_150,ENT_UK_001,226070.53666834492,USD,2026-03-01 13:09:22,7f64:80f:c1c7:eecb:6108:ee8b:69e4:3712,1
sdv-id-YlzdgK,ACC_250,ENT_UK_002,370331.3813286619,USD,2026-01-06 08:55:21,528a:abbe:d438:c145:7f5a:10fe:1d6f:cb69,1
sdv-id-ZdngFb,ACC_227,ENT_UK_017,971.1495099375323,USD,2026-03-08 08:22:59,8919:b793:f28:59e7:2c35:6a87:3216:b349,1
sdv-id-BhctGw,ACC_212,ENT_UK_009,4198.5919153218065,USD,2026-02-25 10:18:50,c9dd:c60e:5ab5:475f:fd3:e4bb:eb6b:1443,2
sdv-id-sHnFJI,ACC_223,ENT_UK_003,732314.7176146335,USD,2026-02-13 14:22:29,2517:6ece:de80:42b7:7cd0:7b7e:c953:c925,1
sdv-id-qoeUar,ACC_212,ENT_UK_001,271846.4364226915,USD,2026-01-19 05:15:21,5767:c935:e86f:e75a:c9e8:87c5:9b1f:4d3,2
sdv-id-PdYEhn,ACC_292,ENT_UK_008,5750.3918049217455,USD,2026-01-01 15:38:40,f895:c40f:4ea3:9761:35f9:12e4:9ceb:11f7,1
sdv-id-dyItYi,ACC_227,ENT_UK_010,5079.4505441317115,USD,2026-03-10 15:26:03,dc94:dae:1814:4733:34e:f734:c1ea:3d46,1
sdv-id-pYEcMN,ACC_206,ENT_UK_011,54430.40455180408,USD,2026-02-26 04:46:32,8cf9:7a4c:8994:8697:a8af:4e41:2eb4:af9c,2
sdv-id-PekGdX,ACC_227,ENT_UK_003,8756.144825492529,USD,2026-03-22 17:51:33,72f2:9c93:92b0:f22e:292b:5a1e:b69f:2efc,1
sdv-id-kvuDWJ,ACC_289,ENT_UK_009,309283.4938309337,USD,2026-03-24 15:46:11,9f50:32d:91b8:3bf:10f0:311e:37b4:b893,1
sdv-id-cSKFix,ACC_212,ENT_UK_019,109739.95387073922,USD,2026-02-02 16:17:57,54fe:cbb5:1833:1848:c63:f7:d199:390,2
sdv-id-bzNmeu,ACC_110,ENT_UK_004,114343.08555172363,USD,2026-02-01 07:37:02,b84f:f7d:f9ef:f993:d69:8f48:ceec:36a3,1
sdv-id-FuppcF,ACC_227,ENT_UK_008,52527.55528949696,USD,2026-02-09 21:14:38,70f3:b2cf:2818:d804:a494:c799:9776:f7cb,1
sdv-id-HIwpra,ACC_241,ENT_UK_003,103301.9724059038,USD,2026-01-06 20:49:59,b0f3:f564:2222:ccd:2928:e3c9:d3f9:a2a2,1
sdv-id-uSunSR,ACC_206,ENT_UK_011,9159.436653283796,USD,2026-03-13 10:43:48,2798:bb0c:fc38:3000:afb8:43e1:db0e:68d8,2
sdv-id-TFiAun,ACC_250,ENT_UK_014,330837.97140906745,USD,2026-01-18 12:35:19,2671:d1e7:afc8:241c:a5f1:c9db:a36f:c9cc,1
sdv-id-gkVZVr,ACC_175,ENT_UK_011,116035.03826513904,USD,2026-02-23 16:47:04,52e8:cc4b:ab00:e960:eb87:dce7:a07d:8ae8,2
sdv-id-FdOKHy,ACC_212,ENT_UK_010,166922.26717369066,USD,2026-02-01 02:11:34,ddc3:8df1:9c26:594f:3017:48ea:83db:ac70,2
sdv-id-BVSBZQ,ACC_212,ENT_UK_007,4532.6004123491775,USD,2026-01-09 07:46:20,ac1f:edc2:e6f1:9e50:75fd:2a9:749e:88b6,2
sdv-id-ZmTNXE,ACC_250,ENT_UK_017,38687.12090557548,USD,2026-02-02 13:29:06,1ac2:41ca:8b3d:6ada:1285:79cd:6f30:45bd,1
sdv-id-GsjItZ,ACC_175,ENT_UK_002,783425.8407277374,USD,2026-03-23 08:52:48,7a5f:3cb3:4dbf:1b4b:bf62:2d83:703b:1471,2
sdv-id-KUionF,ACC_110,ENT_UK_017,1230.5905699425784,USD,2026-03-02 12:17:23,2d4b:e825:be31:9649:932e:76b3:28be:c852,1
sdv-id-dxKaSB,ACC_158,ENT_UK_013,62294.19788763024,USD,2026-02-26 18:58:30,3ea1:2681:bf02:d573:9cf5:2f0c:41c6:870b,1
sdv-id-OmIxNW,ACC_236,ENT_UK_005,91094.97623112024,USD,2026-03-30 23:39:31,52db:5f5e:e23c:e5f9:6876:bad6:4be:de3c,2
sdv-id-zpKWWV,ACC_194,ENT_UK_017,628324.9339727865,USD,2026-01-14 22:26:54,ac:3d75:e39d:3447:3464:887e:cee6:6ecd,1
sdv-id-UeMsJy,ACC_180,ENT_UK_008,9951.218784525045,USD,2026-01-30 19:17:06,d984:b912:f1ae:bf27:2e2f:8a1d:31af:4537,1
sdv-id-SpJObg,ACC_236,ENT_UK_013,204847.28340123812,USD,2026-02-09 23:39:03,288c:1833:ae77:947e:3d7a:2573:8cc2:9250,1
sdv-id-bwwhZM,ACC_292,ENT_UK_014,428287.2321491935,USD,2026-03-02 03:05:48,7552:79e4:3ce4:ee75:9335:3999:e8ca:434e,1
sdv-id-TsckiS,ACC_180,ENT_UK_008,1073377.567865458,USD,2026-03-20 19:58:10,9c75:6327:14cf:fc51:f54b:165d:fe1d:1fcc,2
sdv-id-XWfPMA,ACC_236,ENT_UK_009,141082.66250319974,USD,2026-02-08 11:40:29,f8e9:ee74:7e1c:8075:b939:2720:dfc6:de4c,2
sdv-id-PUUGIp,ACC_283,ENT_UK_011,2628.749709287212,USD,2026-02-07 14:08:13,1f77:72e5:3212:ae92:38b4:a3df:2b1f:e49c,1
sdv-id-YefHxG,ACC_236,ENT_UK_015,12466.642864904668,USD,2026-01-11 19:50:55,8ae0:f80:2141:ddb7:56af:c158:df2a:98b5,1
sdv-id-LRXPZe,ACC_268,ENT_UK_003,96455.68405278836,USD,2026-03-15 22:36:37,c53a:fee0:47ee:8e61:2a50:cf58:967d:3104,1
sdv-id-zWnwcj,ACC_135,ENT_UK_013,89314.40729790433,USD,2026-01-06 19:42:33,ed49:4676:9112:b7ec:20f9:177e:b345:7150,1
sdv-id-pCSUmU,ACC_212,ENT_UK_003,6938.079117943042,USD,2026-01-31 01:09:45,e2d0:76c:de75:21d5:a0d8:26b8:f105:58e1,2
sdv-id-beAIRp,ACC_289,ENT_UK_003,916.5296838246372,USD,2026-01-12 17:15:54,2aa4:650a:f811:9136:acb2:a5e6:5beb:a5e0,1
sdv-id-gorrAr,ACC_206,ENT_UK_012,92720.25750174164,USD,2026-02-11 11:34:48,4937:1a9c:a1b6:5b64:8561:e265:e6c5:bf78,2
sdv-id-zcJnbB,ACC_110,ENT_UK_017,213562.1629168471,USD,2026-02-12 22:56:59,870c:d22f:16ef:8b40:2696:3bd8:2b99:e3bf,1
sdv-id-MggqNS,ACC_289,ENT_UK_002,14744.546528025085,USD,2026-03-23 19:18:49,6052:a9d7:ed76:889a:495a:15e5:4312:eb2b,1
sdv-id-KVYNOJ,ACC_212,ENT_UK_001,947.9499757157536,USD,2026-01-01 15:29:27,fb26:7ace:d37d:ae62:7970:9166:5ae7:cf68,2
sdv-id-LkiLKK,ACC_236,ENT_UK_012,22094.56671643687,USD,2026-03-01 23:33:15,ad52:bd12:f710:d36c:fd7f:3663:1b2b:267a,1
sdv-id-BtUfTk,ACC_236,ENT_UK_017,368360.2668477828,USD,2026-01-21 15:39:48,1103:490a:dfaa:aa23:81d0:d422:9fcd:e295,1
sdv-id-hYPjpc,ACC_250,ENT_UK_014,14341.003898110674,USD,2026-01-02 02:33:40,54f4:4b88:4e9f:be31:6d5:3f13:b56c:dd77,1
sdv-id-vXhNoc,ACC_141,ENT_UK_010,58325.655445268225,USD,2026-03-17 10:41:26,6c83:ed35:34f8:cd6d:bd9:29e6:a55:4644,2
sdv-id-SyFBYq,ACC_180,ENT_UK_007,13050.974182758942,USD,2026-03-25 20:03:17,7fe:c76e:8104:ce4f:f802:4ef8:ac37:d8bd,1
sdv-id-exqfcE,ACC_236,ENT_UK_005,186447.0886222739,USD,2026-03-11 00:17:15,fe06:4076:2117:9f24:fca4:2ee7:d2c8:1392,1
sdv-id-LsSfRc,ACC_283,ENT_UK_004,82553.86504415401,USD,2026-02-06 02:44:12,dfd7:8739:1068:bfca:7d9e:584a:4397:c10f,1
sdv-id-LXmqIf,ACC_148,ENT_UK_006,3460.6846458923974,USD,2026-03-14 17:34:21,ec20:5fe8:d4f3:c7ca:203e:8d12:44c9:6de9,1
sdv-id-udxtEv,ACC_283,ENT_UK_011,16256.545461881637,USD,2026-01-07 17:55:33,bd61:3b1e:d64b:7d3e:27ea:7df3:71bc:8562,1
sdv-id-eoPaAd,ACC_212,ENT_UK_009,228347.33751483675,USD,2026-03-23 07:47:25,9db0:2194:3670:9be3:4444:38dd:f863:fb47,2
sdv-id-zXEMNl,ACC_236,ENT_UK_011,2192.8255681388086,USD,2026-03-22 08:39:52,3d12:f11:ed3d:4b19:6755:a02d:9869:82ed,1
sdv-id-OITwlf,ACC_175,ENT_UK_013,2323352.8879710003,USD,2026-02-03 16:43:44,d458:bf36:43bc:8ad8:7e7e:cb4f:4823:7032,2
sdv-id-wZqTXC,ACC_227,ENT_UK_006,10646.110848574925,USD,2026-03-08 04:58:11,ffd8:99da:b1c2:6608:fae3:f8dc:a20e:5325,1
sdv-id-JYeZyT,ACC_240,ENT_UK_004,1095.708876023493,USD,2026-03-09 18:38:23,80f4:b78d:87fc:64ee:e5dd:1bc9:9397:486f,0
sdv-id-QLnAfU,ACC_236,ENT_UK_004,781320.5428431955,USD,2026-03-08 08:21:01,7138:5e12:ad8d:dcfd:b09e:cf94:5781:df41,2
sdv-id-lsXgwj,ACC_148,ENT_UK_009,1633338.905211463,USD,2026-01-03 16:44:20,57a6:aba:97be:f90a:3f72:aaa6:684:c8e5,2
sdv-id-WoFIxS,ACC_274,ENT_UK_002,10327.936451929703,USD,2026-03-20 08:17:27,9261:cfef:da65:b66b:a1c6:c678:5225:23cc,2
sdv-id-syebyS,ACC_250,ENT_UK_003,252109.1068981104,USD,2026-02-06 18:30:48,8507:9eaa:e940:ee10:c804:c428:5811:1682,1
sdv-id-qnHTsX,ACC_158,ENT_UK_019,4796.468776220119,USD,2026-01-19 21:54:48,7ac7:e38f:2339:c37:5da9:b4be:a87a:a31d,1
sdv-id-aNYxtU,ACC_206,ENT_UK_002,951.2943849341344,USD,2026-03-31 04:38:35,5569:4787:9264:125b:7e1:dbda:4589:ac4d,2
sdv-id-CTIPlt,ACC_283,ENT_UK_001,255403.64433205777,USD,2026-03-14 09:47:46,e885:97b9:c39b:629c:5881:68d8:678e:58dc,1
sdv-id-AKrRVr,ACC_135,ENT_UK_007,1583.6418429548598,USD,2026-03-05 22:50:56,6c4b:46cb:84b2:6e28:c810:951d:bfe2:cee4,1
sdv-id-jEUQrs,ACC_135,ENT_UK_011,168427.49555230193,USD,2026-02-10 05:43:11,adfb:6216:8440:3592:8672:d96b:f0d3:2482,1
sdv-id-RvnCIc,ACC_144,ENT_UK_008,55337.84878073447,USD,2026-01-16 11:09:05,a33:33d6:d6a9:b0bf:5f12:39da:b829:29ac,1
sdv-id-ENDcvu,ACC_174,ENT_UK_008,93174.64715094375,USD,2026-02-02 05:09:39,1ac5:2ac0:b975:3644:77aa:b57:c3c:5d35,1
sdv-id-nDsmQk,ACC_227,ENT_UK_010,92879.5678520617,USD,2026-01-23 14:35:45,6ae2:e6eb:cac6:9071:eaea:5cae:da6f:9d04,1
sdv-id-FsOWql,ACC_148,ENT_UK_007,956.65254448059,USD,2026-03-05 09:50:00,c8bc:f6c3:196f:36fc:9b6b:744:42fb:10f3,1
sdv-id-dIAjLy,ACC_250,ENT_UK_017,3386.5759816316727,USD,2026-01-15 02:37:31,ddc0:a523:b3dd:3f09:e1c3:7e21:4405:4aff,1
sdv-id-JxQNRj,ACC_227,ENT_UK_014,40800.7406839574,USD,2026-03-29 21:58:37,6ed7:a432:f709:1b56:57a9:2023:92b3:41bd,1
sdv-id-ksqdrS,ACC_148,ENT_UK_014,950.3408607668922,USD,2026-03-22 20:49:58,d6ae:897a:beef:2334:b2eb:e20b:f585:dd2c,1
sdv-id-TrvjvO,ACC_212,ENT_UK_005,78222.32869675533,USD,2026-03-29 23:46:18,cfe0:8e58:485d:3ef2:a1db:6fab:454b:2c59,2
sdv-id-dTDGJN,ACC_206,ENT_UK_006,1320.5218832005055,USD,2026-02-09 18:30:52,41ca:a90a:f4c0:7679:9aac:92f4:4117:f528,2
sdv-id-azBZhe,ACC_268,ENT_UK_009,122911.7675616097,USD,2026-01-20 09:10:21,5b46:5714:152f:85be:36eb:fa9b:a27a:4cb7,1
sdv-id-dyfkKH,ACC_268,ENT_UK_009,1191.3154765986394,USD,2026-03-17 08:43:11,dccd:9bf:96a7:541f:fd9b:2bd0:e704:8bf0,1
sdv-id-FpziGl,ACC_212,ENT_UK_016,30417.50906165063,USD,2026-02-16 11:19:40,40ee:c5ff:9dad:4c6f:ca5d:a86a:3cf0:3e0a,2
sdv-id-cPYYYZ,ACC_227,ENT_UK_008,872108.2675361079,USD,2026-01-12 05:15:02,f013:b2d5:7665:ac38:1137:daae:6c7a:4ef,2
sdv-id-PERpka,ACC_174,ENT_UK_008,2234022.0382786896,USD,2026-01-30 16:51:42,3ccf:195f:ea8f:3783:9225:eb4b:3921:17fd,2
sdv-id-gJTZsZ,ACC_135,ENT_UK_005,232842.15937013688,USD,2026-02-13 14:19:26,8d72:bc2:5f2:99f9:4f11:cf1d:5d56:df28,1
sdv-id-LLUKdF,ACC_241,ENT_UK_012,358382.0544895077,USD,2026-03-04 07:21:49,197a:cfd:957c:a55:2227:7eb7:2704:b822,1
sdv-id-UEoIxv,ACC_180,ENT_UK_007,937.087826723714,USD,2026-01-01 05:31:28,47d6:ada5:f58:5cfb:60f5:f9f4:b82a:5596,1
sdv-id-zHgnzL,ACC_283,ENT_UK_008,237737.7190165586,USD,2026-01-23 19:03:27,f98d:ce4a:d0d6:4a92:27e7:528e:e1ce:f597,2
sdv-id-QHCGfp,ACC_236,ENT_UK_014,1298259.5746176748,USD,2026-03-23 11:01:18,9d26:7513:bd3e:f623:61f:24a2:6283:1bf6,1
sdv-id-tNtidb,ACC_236,ENT_UK_004,306041.48318495194,USD,2026-03-02 01:31:22,e1b6:a77:e6a4:dd:7519:fa42:a037:ebc9,1
sdv-id-MIKiGz,ACC_236,ENT_UK_017,648572.9613508024,USD,2026-02-10 10:16:58,ad72:de15:427b:908b:879e:2d9b:b812:d3ae,1
sdv-id-HBtKwB,ACC_283,ENT_UK_009,139836.45346062587,USD,2026-03-14 18:54:16,5d9d:1f4f:f2e:c7fe:8b20:5d7f:86e8:329f,1
sdv-id-eEuCDF,ACC_292,ENT_UK_019,10640.139084777213,USD,2026-01-07 21:11:17,3e45:302f:aa30:88c5:d61e:9cbd:4275:932c,1
sdv-id-AozCAi,ACC_180,ENT_UK_007,97714.04417667216,USD,2026-02-16 14:47:40,7d6:944f:b37:4c0f:d4f4:769a:ec3b:8ca,1
sdv-id-GzOshJ,ACC_148,ENT_UK_016,3526.9789111414857,USD,2026-03-24 11:54:43,91bb:f167:71f:d96f:81ae:7353:91f3:fca6,1
sdv-id-gciPbd,ACC_206,ENT_UK_016,587760.4160315745,USD,2026-01-19 20:30:43,c8a1:1252:3e9:f1a1:4de8:e131:8bb5:960,2
sdv-id-SXdZEO,ACC_250,ENT_UK_017,1089.0578723643632,USD,2026-03-27 03:22:40,5c21:ad66:ed87:6afe:c3e4:7a5e:da7c:6670,1
sdv-id-qYuwPH,ACC_174,ENT_UK_015,131024.6190408095,USD,2026-02-12 11:14:16,c8ad:f14a:f4be:3715:3f0b:24f5:1d74:dee4,1
sdv-id-BgalzE,ACC_180,ENT_UK_018,96670.85768278308,USD,2026-03-06 02:44:25,4e18:509:5a73:5c43:1f9e:9558:787:37e1,1
sdv-id-cnrPVH,ACC_212,ENT_UK_001,435146.7396952404,USD,2026-01-31 16:46:54,6402:758b:afd1:15ff:aa37:a46d:9ab3:320e,2
sdv-id-eDwjFf,ACC_283,ENT_UK_011,3506.837618298387,USD,2026-01-06 19:41:36,9b18:1ce0:1770:7f84:9f03:807e:864:6d9e,1
sdv-id-AcwulV,ACC_110,ENT_UK_005,1074.7315258548622,USD,2026-03-19 19:00:47,d2c9:f737:b447:537e:fd77:5053:cbcf:908b,1
sdv-id-VLohRK,ACC_212,ENT_UK_011,27930.0563864864,USD,2026-02-21 01:41:10,f126:889c:60a7:6ae4:5097:5e8:9b35:5444,2
sdv-id-XEHwun,ACC_150,ENT_UK_015,233070.92406965673,USD,2026-03-28 12:36:02,6e8d:2937:8cac:b3ed:de5c:5ea1:58c0:f186,1
sdv-id-IIoXoB,ACC_236,ENT_UK_010,1073.3546306403666,USD,2026-01-08 16:00:44,a22b:6df4:ef61:c8c5:67fb:1bd4:6fd1:8ec6,1
sdv-id-hLxqNC,ACC_180,ENT_UK_012,4136.322643207214,USD,2026-03-24 21:43:45,2f28:2215:6ae2:34c0:41c9:aedb:61ce:9806,1
sdv-id-pASfGI,ACC_292,ENT_UK_004,84294.80633413987,USD,2026-03-21 16:58:40,6a62:93f3:98a9:1a44:a7fe:e0c5:ab44:4464,2
sdv-id-idqMPP,ACC_180,ENT_UK_014,3825.0915801837114,USD,2026-03-18 17:18:44,8f04:a011:a7d7:dac9:a2f4:65a4:3983:6094,1
sdv-id-UvLXOj,ACC_206,ENT_UK_004,146663.6311883673,USD,2026-01-25 14:07:18,8431:fce4:5b71:b06b:4861:dbb8:f9a0:24c2,2
sdv-id-viWoVa,ACC_135,ENT_UK_014,1411.412515173268,USD,2026-02-12 17:30:28,b1fd:a78d:6a63:7052:69f3:b633:a3bb:a11c,1
sdv-id-QIAqsc,ACC_148,ENT_UK_017,7764.315868569598,USD,2026-01-09 04:58:02,b20:f8ff:e6ef:f48a:ac8d:18f6:954b:f3b7,1
sdv-id-PeSaNl,ACC_236,ENT_UK_012,161386.99855138015,USD,2026-03-16 09:42:51,ae4c:e795:bd4f:c9ee:549e:4529:47a9:5fa5,2
sdv-id-dnjiHz,ACC_110,ENT_UK_004,34564.09374740543,USD,2026-02-10 05:42:49,c2f6:6984:f0d:cbdc:b2c7:185d:bd21:fa96,1
sdv-id-YDfGfs,ACC_289,ENT_UK_016,86415.96567303604,USD,2026-02-16 02:05:31,f9fa:fb6:e1f1:6718:f45e:1e89:fbf4:35ca,1
sdv-id-ESMfPZ,ACC_268,ENT_UK_001,581968.594234814,USD,2026-01-11 20:17:45,28ee:29aa:64bb:64b2:6a6c:322c:7615:ee39,1
sdv-id-HECPog,ACC_148,ENT_UK_013,393900.34661166347,USD,2026-01-26 18:27:36,6711:977b:d49c:1157:db7d:b9e2:1fe1:8d9f,1
sdv-id-HNkbxD,ACC_194,ENT_UK_013,291160.65022280725,USD,2026-02-04 17:02:29,1e02:4a15:3f5d:2dfe:5c64:2ffa:eece:8fca,2
sdv-id-SkXuxu,ACC_283,ENT_UK_003,54832.89372162703,USD,2026-01-26 09:32:40,f50:edac:ea04:b3a6:d7a5:447b:4dcc:af09,1
sdv-id-yRryAM,ACC_148,ENT_UK_015,18729.5287332094,USD,2026-03-12 12:31:27,d109:37ad:9d5e:ff5f:b927:32f8:cc56:c4e1,1
sdv-id-eVsWWQ,ACC_110,ENT_UK_003,541829.1922914139,USD,2026-03-15 18:43:54,f226:ff76:d6d9:a96:242d:b833:3eb0:2e55,1
sdv-id-ElmlKW,ACC_180,ENT_UK_013,43954.97715475827,USD,2026-02-17 18:59:18,f1dd:6fe8:8cfe:e5:7952:479d:3c74:f0c3,1
sdv-id-oTaGgn,ACC_144,ENT_UK_011,110148.4631507101,USD,2026-01-25 16:20:00,7c71:3d22:d9ef:6f0f:6cac:d4dd:bee6:5dbc,1
sdv-id-emKZgB,ACC_194,ENT_UK_008,154454.55373029917,USD,2026-02-09 18:53:27,e810:5fdf:37d0:be6b:3caa:bc8a:f373:e8a9,2
sdv-id-SPwFhD,ACC_175,ENT_UK_003,100649.57978473233,USD,2026-01-18 06:36:09,c9c:5811:a3e8:ccf5:8f80:9e3d:223b:ae72,2
sdv-id-uEgVff,ACC_180,ENT_UK_003,4523.377060073481,USD,2026-03-24 02:08:29,e64c:8260:3601:2d28:8d86:a769:ae9c:4080,1
sdv-id-VyLVPj,ACC_135,ENT_UK_018,5375.68795051786,USD,2026-01-18 09:51:41,88b4:571e:b18f:946e:c7c0:cdde:408b:b13c,1
sdv-id-Reldqu,ACC_236,ENT_UK_011,39571.81198162755,USD,2026-01-25 03:22:10,48e:fda3:c854:4c68:2c6b:d33a:d5f1:afb4,1
sdv-id-kBbVFn,ACC_135,ENT_UK_006,4298.323969889492,USD,2026-01-20 11:25:52,49c9:840:130b:67a4:bdd0:3fc2:b1c9:1580,1
sdv-id-gtnaUZ,ACC_227,ENT_UK_011,18650.48326745377,USD,2026-03-24 03:43:05,b4a9:7355:3b02:5d0f:83c7:8e67:f3b3:2f,1
sdv-id-FZxFnS,ACC_268,ENT_UK_015,1900.1600256969807,USD,2026-02-24 16:03:43,a9ef:336f:440b:b36d:cf78:f6d1:9abe:3cc4,1
sdv-id-EZciXN,ACC_223,ENT_UK_008,67646.02044858421,USD,2026-01-25 20:18:01,c6b5:28fe:fe32:aa04:f85e:e4a1:91a:df12,1
sdv-id-DAGewn,ACC_283,ENT_UK_004,51551.093988806235,USD,2026-03-09 15:07:21,6c87:c4d8:e5ae:9e1f:8aa5:cc23:c22:371,1
sdv-id-OHZLRe,ACC_150,ENT_UK_008,543722.4970014237,USD,2026-02-12 14:12:36,c0d:f6d4:766b:6b05:e47a:58a5:84b:44dc,1
sdv-id-hvrtHt,ACC_135,ENT_UK_003,747555.1688264072,USD,2026-03-11 02:22:16,b2c9:41c9:50b2:3d46:574d:370c:9ffc:3f1f,1
sdv-id-QZBTSi,ACC_283,ENT_UK_016,24236.646468045215,USD,2026-01-03 15:06:43,31e7:72cd:4d8f:1443:e7a2:4998:71ce:c80f,1
sdv-id-pYduTL,ACC_150,ENT_UK_003,6574.186197788642,USD,2026-03-28 19:27:54,e11d:321b:bb79:4cd9:27d7:7a57:330d:e7a9,1
sdv-id-EWCNMF,ACC_250,ENT_UK_009,96949.80465397215,USD,2026-02-23 17:46:29,abdf:4536:6255:ce42:621a:8980:48fa:3c65,1
sdv-id-rnuMYk,ACC_250,ENT_UK_012,247445.2387934377,USD,2026-01-29 01:59:15,cb93:b692:acbd:61df:3c81:ac84:77e8:9929,1
sdv-id-jWLVFt,ACC_180,ENT_UK_007,933.9870384942508,USD,2026-02-15 16:15:38,1958:a724:fcc1:e6b0:e9d6:df69:630b:3de5,1
sdv-id-yTUSmW,ACC_227,ENT_UK_018,945.9533054457816,USD,2026-03-25 21:09:22,1f61:1309:bfed:1404:4b6e:88f0:aea7:36e3,1
sdv-id-BeQnIH,ACC_174,ENT_UK_012,121386.25592593927,USD,2026-03-02 15:11:39,b218:beb6:c6d5:29f1:2740:8318:2643:a4ad,1
sdv-id-ZegeDb,ACC_274,ENT_UK_012,70508.90009149896,USD,2026-01-13 19:53:21,31d9:f2e7:f353:e737:a6b0:358b:8ebd:96e3,2
sdv-id-CWUKch,ACC_283,ENT_UK_004,550059.688622863,USD,2026-02-14 14:33:10,1e7c:a424:4f19:f48d:93b8:f8b9:3909:ba2e,1
sdv-id-VxRpIm,ACC_175,ENT_UK_018,1021.3377197830514,USD,2026-02-11 11:29:58,995:8adb:8b97:c40c:6e85:5e2d:fcd2:15,2
sdv-id-nEqBZL,ACC_236,ENT_UK_009,2395.472887153053,USD,2026-03-02 03:11:30,bf90:6f6d:bfb6:881f:2c54:9951:17b:1b32,1
sdv-id-oYmMKr,ACC_212,ENT_UK_014,197090.79687171805,USD,2026-02-10 15:37:05,aff1:f250:ad56:9a40:2222:b43c:b3b6:6573,2
sdv-id-kjSJFd,ACC_150,ENT_UK_006,132881.16112948014,USD,2026-02-20 21:22:23,3aeb:ace:3d5e:a2f4:4573:2db0:1ca7:e2d4,1
sdv-id-oIHiLA,ACC_206,ENT_UK_005,32057.38109323373,USD,2026-01-14 01:16:06,528b:38ca:a291:c086:e36e:54:e8c4:14c6,2
sdv-id-avXxuf,ACC_250,ENT_UK_002,73971.6375103295,USD,2026-01-22 02:22:11,bbca:e897:1c6c:aa60:57a9:2202:19be:21e6,1
sdv-id-dCrcUU,ACC_250,ENT_UK_016,27107.505985638876,USD,2026-03-15 00:44:22,f4d4:4b29:9ec:af37:59c6:f8cd:2a3e:8c03,1
sdv-id-NtPgzS,ACC_206,ENT_UK_002,10126.486690362364,USD,2026-03-26 13:55:15,72c2:cb24:eef:6ca:ddc1:6ef7:6243:6c,2
sdv-id-gDowQa,ACC_180,ENT_UK_006,369278.86972491746,USD,2026-01-22 15:01:34,7364:c509:a747:e9ce:dcda:1251:d451:5c5c,1
sdv-id-hBeuIe,ACC_135,ENT_UK_009,218305.72312647224,USD,2026-02-03 04:19:50,a6a8:79a2:7fa9:eb96:14c9:9450:e5b9:e2e5,1
sdv-id-pCpUNC,ACC_236,ENT_UK_007,880919.6397840376,USD,2026-03-23 04:45:42,4387:5ace:3920:2185:d1a9:bb32:ed69:71ee,1
sdv-id-EyHelG,ACC_112,ENT_UK_012,142221.50663423512,USD,2026-02-04 14:33:06,522c:3e28:785:42f6:1430:f54b:fe54:4d51,2
sdv-id-ECifdB,ACC_283,ENT_UK_008,624851.8846608963,USD,2026-03-24 01:20:18,4ec8:dee8:2df5:9360:b4cb:6d2e:ca2c:caad,1
sdv-id-wuIaho,ACC_289,ENT_UK_013,164123.3514879058,USD,2026-01-19 12:44:30,8c8a:7653:e597:3d6a:c5bb:1a06:907:43d,2
sdv-id-HmEMqm,ACC_268,ENT_UK_008,14579.556938357784,USD,2026-01-20 00:28:30,383c:e9b1:2331:a91d:5dd:9f5b:592f:4917,1
sdv-id-kZbNIT,ACC_210,ENT_UK_014,298556.04533768253,USD,2026-03-03 09:43:37,a8a4:bec5:7c0c:47a3:40dc:f230:7711:bcc8,2
sdv-id-HUgVmP,ACC_250,ENT_UK_007,33893.882493382145,USD,2026-02-24 13:18:12,b6cc:8d2d:d5b4:3cf1:bb9:700f:cef6:1bc4,1
sdv-id-jeqdfS,ACC_227,ENT_UK_019,194727.5664638932,USD,2026-02-15 18:32:52,e39a:97a9:aa32:220c:beea:1642:6347:d06a,1
sdv-id-wjBEze,ACC_135,ENT_UK_015,1111.4609056020329,USD,2026-01-01 04:23:14,da9e:fbce:4664:bbe6:2bb6:f37f:6f39:52a,1
sdv-id-NvpCTT,ACC_175,ENT_UK_012,1155.8999920662511,USD,2026-03-13 09:28:35,a77c:c08e:9dd:3c0a:ace6:4b21:90b1:2cdf,2
sdv-id-RClfZQ,ACC_212,ENT_UK_012,284701.1145794647,USD,2026-01-05 23:56:30,8dea:ca00:dac7:a93b:a1b8:aef1:2c8b:dd9d,2
sdv-id-DaZXJz,ACC_250,ENT_UK_003,9968.347990049337,USD,2026-03-22 02:33:08,adb4:12a6:770f:7e36:4b1a:3d6c:1016:7919,1
sdv-id-GvQNSx,ACC_180,ENT_UK_003,5338.784164373014,USD,2026-03-20 17:54:35,7b26:1a0d:6d29:75bf:62e4:7c6d:451c:14a,1
sdv-id-meWcxk,ACC_148,ENT_UK_010,13252.57772480603,USD,2026-01-17 20:21:16,bd9b:b60b:38c6:db76:f0c9:31a9:da9d:bfab,1
sdv-id-jgQqoM,ACC_175,ENT_UK_014,55296.271136290314,USD,2026-01-08 04:35:54,fa6d:d0b7:c092:95f5:5a8c:786:325f:1462,2
sdv-id-dTboxU,ACC_250,ENT_UK_015,258203.0694630429,USD,2026-02-21 15:42:06,9e9e:85cf:d5b4:5952:f552:7beb:93b:dea3,1
sdv-id-RsXzaY,ACC_223,ENT_UK_006,9937.433662347255,USD,2026-03-11 11:43:48,c95a:49c2:eb3d:c071:5c99:fb25:6d68:25f7,1
sdv-id-VsEkRy,ACC_158,ENT_UK_008,14475.289749579051,USD,2026-03-18 23:04:20,b657:9b3a:ad2e:cf89:e428:8d06:9fda:b470,1
sdv-id-UqdaVi,ACC_241,ENT_UK_006,5584.4682755328695,USD,2026-02-23 07:03:59,f6e2:e46:b475:c897:3a65:2d1:8d1f:543e,1
sdv-id-MPcLem,ACC_180,ENT_UK_006,49339.4732758157,USD,2026-03-25 15:27:50,4431:c483:a7d6:15cf:2ca5:c05d:6368:55e4,1
sdv-id-WfEPsN,ACC_250,ENT_UK_016,223930.75992335225,USD,2026-03-18 06:37:29,5c2e:31ae:b62:3fa6:549c:564:96d4:b4b0,1
sdv-id-HrlBjV,ACC_283,ENT_UK_003,1805.4070606628584,USD,2026-02-22 04:31:46,f926:95a:8ce0:4ce3:c6dd:f937:c190:1a1b,1
sdv-id-LWGYlM,ACC_180,ENT_UK_001,124723.88544710356,USD,2026-01-19 11:51:27,3513:a275:15d7:be37:40bd:a487:739a:15f6,1
sdv-id-KTRYZm,ACC_283,ENT_UK_007,1826.3278906945352,USD,2026-01-25 09:50:57,60b0:424a:ee68:5df6:8cfa:a23d:468e:7b1f,1
sdv-id-lnLKHq,ACC_180,ENT_UK_006,379923.34728336654,USD,2026-01-22 08:54:48,6e78:7eb9:670e:bf65:84bc:97e4:4360:96f6,2
sdv-id-Dwiope,ACC_206,ENT_UK_008,268607.42463326076,USD,2026-01-30 22:39:37,7de4:8812:5bb6:91f4:8531:416e:6def:6602,2
sdv-id-lMTLIR,ACC_175,ENT_UK_015,593806.2089917274,USD,2026-01-24 16:29:51,7c3d:5083:6691:ee3b:2981:e3fc:7006:ac0e,2
sdv-id-InDCbM,ACC_180,ENT_UK_014,1829.071027744023,USD,2026-02-20 20:05:57,85f8:4f73:c173:92c:50c9:1bbd:f0ea:a55e,1
sdv-id-JBuazH,ACC_250,ENT_UK_006,6333.814812762947,USD,2026-03-15 01:53:15,12a3:20b0:3955:bb29:e2df:c910:bbfc:da45,1
sdv-id-jCokFv,ACC_144,ENT_UK_004,120136.2112632301,USD,2026-01-01 03:49:51,33eb:cce1:fefa:94c1:d5ea:aff0:a5fb:60d7,1
sdv-id-BVxNYA,ACC_148,ENT_UK_019,779887.3878936607,USD,2026-02-21 01:34:39,f1bf:b0f2:97e5:4b5f:fee1:f6d8:95d8:42f,1
sdv-id-aelPnc,ACC_116,ENT_UK_002,62586.69917282615,USD,2026-01-16 04:00:03,8ed8:4125:ca89:cd15:637:1d7a:77e6:f57d,1
sdv-id-CYhAHV,ACC_175,ENT_UK_011,67229.41110524889,USD,2026-02-01 22:49:42,7efc:c94e:2b88:bbfb:1917:456c:6082:33ac,2
sdv-id-BdmUgt,ACC_236,ENT_UK_005,922702.8742002706,USD,2026-01-10 06:48:18,2b2f:47a5:f7a6:27a9:109a:522e:98c6:b296,2
sdv-id-uRcqsE,ACC_116,ENT_UK_008,46327.91650519565,USD,2026-02-26 16:46:12,701f:db3d:ffa6:5edd:5b6f:770c:cd57:3b62,1
sdv-id-kZUHXP,ACC_274,ENT_UK_001,406292.80787301314,USD,2026-03-03 02:24:24,20f4:97df:1c95:bac3:413a:550d:8937:432b,2
sdv-id-Jnjxea,ACC_227,ENT_UK_008,888954.3917696527,USD,2026-03-11 05:20:05,a184:aa21:d4f:3ff1:bb3b:ad41:7d1e:f10c,1
sdv-id-MpTxAw,ACC_158,ENT_UK_005,23795.52000304803,USD,2026-01-28 13:32:59,3566:66f:9f1c:c10d:4b09:7a70:98b3:5d2b,1
sdv-id-bLgYbS,ACC_212,ENT_UK_016,1028.389945540635,USD,2026-01-22 02:00:04,cbfa:5f6f:f620:bd99:6aca:f76c:3f1e:d68f,2
sdv-id-gAMlFG,ACC_212,ENT_UK_015,84160.27468979567,USD,2026-01-29 11:11:47,8ce:cc81:ce26:1ef5:9f71:40a0:914f:2684,2
sdv-id-eezYzL,ACC_268,ENT_UK_010,4032.522091547926,USD,2026-02-12 09:02:10,a8c:dc2d:2600:563e:f393:5565:efd:f425,1
sdv-id-CALqBR,ACC_116,ENT_UK_017,1264.85503374465,USD,2026-01-28 18:38:30,d067:4032:b1d2:cf5f:4324:b158:62a3:6d87,1
sdv-id-Ycozfj,ACC_206,ENT_UK_012,175701.41356895352,USD,2026-02-12 23:53:00,1d51:133a:ac7:e332:efa7:3365:360f:3754,2
sdv-id-KpnXOI,ACC_250,ENT_UK_012,2060215.4144762112,USD,2026-03-05 12:56:20,7fdc:cc7a:a6aa:3d43:3c4d:d193:b29d:fd78,2
sdv-id-dqEWFF,ACC_180,ENT_UK_018,774183.1937634036,USD,2026-02-14 21:26:11,95f1:2cef:26bf:f3e6:535a:cff4:5059:c395,2
sdv-id-wooUJb,ACC_180,ENT_UK_013,19502.518622572337,USD,2026-01-21 04:04:16,2fda:38cc:2605:f95e:1c6:6fef:93b6:98ea,1
sdv-id-bWReSc,ACC_236,ENT_UK_011,105272.70757137552,USD,2026-01-01 12:13:28,35cc:ea23:c92a:5752:854c:d212:bbbf:38d5,1
sdv-id-rKtQjM,ACC_236,ENT_UK_014,10120.817393640507,USD,2026-02-25 13:42:25,5810:9fd8:8e13:461a:92a:ffd4:cdd1:2959,1
sdv-id-kJHZtg,ACC_180,ENT_UK_004,651848.5545727805,USD,2026-01-05 14:21:37,f50a:c15d:3851:4ef4:d078:4d86:f3d8:fa48,1
sdv-id-lwAuxo,ACC_227,ENT_UK_003,120800.78896572068,USD,2026-03-16 22:35:50,8b5:14fe:8a57:ce37:cb46:c536:8430:6db6,2
sdv-id-UiJPjo,ACC_227,ENT_UK_005,56286.657495759515,USD,2026-02-04 14:29:10,2c52:2a60:6276:8876:7d8c:12c2:e510:5a91,1
sdv-id-hUeMdP,ACC_227,ENT_UK_014,39512.18365850067,USD,2026-01-26 23:47:01,b05a:2394:6f95:ff71:1e85:d396:8eab:9c18,1
sdv-id-VDhcfN,ACC_250,ENT_UK_006,17340.020405496078,USD,2026-02-25 15:44:14,9d6:86fc:de53:23c5:b049:742a:bfb3:9a85,1
sdv-id-qXitJD,ACC_274,ENT_UK_010,184196.63310933328,USD,2026-02-18 04:13:25,d53d:2ec6:e616:a738:eccf:880a:3048:383d,2
sdv-id-XStURN,ACC_250,ENT_UK_002,729888.6910540716,USD,2026-03-08 17:06:12,85ac:8ed8:9a97:60c0:a457:a736:2828:b8f2,1
sdv-id-kCudob,ACC_227,ENT_UK_003,49374.7843155738,USD,2026-03-30 18:59:49,db8a:5b1f:fee9:510b:c38e:9efb:4eb9:e156,1
sdv-id-THjGgd,ACC_227,ENT_UK_007,41221.03371312883,USD,2026-03-30 05:42:07,c5b1:e0eb:4948:7307:7300:96fe:576f:cb37,2
sdv-id-nTAdxt,ACC_223,ENT_UK_007,61857.111215793455,USD,2026-02-08 12:28:31,78a1:279e:efc0:8324:7e16:7cdd:65f3:bede,1
sdv-id-lzGVYO,ACC_236,ENT_UK_008,1326.1991213961653,USD,2026-03-29 21:44:49,d7b8:3ab2:265c:9f8f:48a5:7a5c:1c0d:2cd9,1
sdv-id-cqzRCT,ACC_274,ENT_UK_010,158954.7703410573,USD,2026-01-23 10:48:01,aa25:aa14:e3fd:f50:f2aa:c3e8:1ed:b498,2
sdv-id-bgNnnK,ACC_241,ENT_UK_015,103712.88542642749,USD,2026-02-21 11:18:36,c3c:d7cc:36f7:f9e:f6d9:54fc:87f3:393a,1
sdv-id-XdAlhu,ACC_175,ENT_UK_014,12588.860188217714,USD,2026-01-13 02:36:14,ad8a:d2ae:3459:4201:ea63:cb3f:a67:41f4,2
sdv-id-FiJTeZ,ACC_250,ENT_UK_008,21400.38264481121,USD,2026-03-13 14:46:53,381:5679:c1b0:bacb:efbe:2557:82a9:b476,1
sdv-id-MhkXso,ACC_250,ENT_UK_018,220198.4851866417,USD,2026-03-11 14:50:10,a79c:aac9:da41:be32:1ac0:3bb:763c:bd1e,1
sdv-id-aqNDTb,ACC_116,ENT_UK_010,39732.03967643381,USD,2026-03-24 11:22:37,f884:a87:c8f5:3b9d:f568:9780:9ac9:b975,1
sdv-id-pGpqMG,ACC_227,ENT_UK_004,57009.13412362719,USD,2026-02-20 22:03:41,6508:68b0:3fb7:9b92:ea14:20e6:d249:db72,1
sdv-id-UsKOsz,ACC_265,ENT_UK_010,108922.67619368689,USD,2026-03-17 01:07:37,f6be:d9c9:59cc:1e17:266e:186c:3116:cc36,0
sdv-id-isTEmf,ACC_283,ENT_UK_013,2376.695185311151,USD,2026-01-22 23:57:54,5455:1af4:9c39:fe93:40f1:b0b2:2b36:52de,1
sdv-id-TlEdqE,ACC_283,ENT_UK_009,135468.08042430447,USD,2026-03-11 08:47:12,5ea5:8534:ac29:1ed7:f723:30d4:6296:dcfa,1
sdv-id-VgVtQs,ACC_250,ENT_UK_008,952.3717923994932,USD,2026-03-03 22:30:01,aebe:8445:e8dd:e8b3:fd3b:6d64:d75a:6ddb,1
sdv-id-RikmQa,ACC_292,ENT_UK_018,306782.20322290406,USD,2026-01-15 01:50:40,1531:afdb:f9af:cc06:e223:528d:be01:d593,1
sdv-id-sJVxHo,ACC_250,ENT_UK_011,17270.333196392563,USD,2026-03-25 11:13:26,97c8:a4d7:4e4d:e5e:c34e:e633:6806:ed54,1
sdv-id-GDvcWg,ACC_274,ENT_UK_012,220404.25256764895,USD,2026-01-13 19:19:43,4c67:acb0:869f:63bc:f239:692:8290:81bd,2
sdv-id-IxKwox,ACC_227,ENT_UK_006,6105.087923211259,USD,2026-03-31 01:45:42,4e40:cb6e:ee76:630:87b4:8db2:f029:6dda,1
sdv-id-RmLxtv,ACC_289,ENT_UK_002,924.7557510782694,USD,2026-01-28 02:09:28,270:f531:8292:7c05:d6cc:a1b8:895d:115b,1
sdv-id-bFjjXs,ACC_150,ENT_UK_005,1105.4858219358143,USD,2026-03-09 04:39:26,4431:6856:a94b:e59f:e6a4:c651:2590:4506,1
sdv-id-DXIPem,ACC_212,ENT_UK_004,1038865.818566432,USD,2026-03-03 01:38:42,efe4:f548:c230:5fa0:6c4e:a47c:cdf4:6006,2
sdv-id-OCsFTI,ACC_180,ENT_UK_019,252620.1507623343,USD,2026-02-01 08:34:16,69ea:c81d:52ee:dba2:bba2:7d0e:cf02:17b3,1
sdv-id-jRAtrB,ACC_289,ENT_UK_008,74920.76846785173,USD,2026-02-08 03:17:09,7217:4d19:56c2:4728:8ea4:c29e:5666:f967,1
sdv-id-sIzjeR,ACC_194,ENT_UK_007,6077.417952462905,USD,2026-03-26 18:11:55,e065:2587:6398:adcf:a26f:ff9b:6509:7daa,1
