msg_id,sender_id,receiver_id,amount,currency,timestamp,device_ip,label
sdv-id-UBStqt,ACC_225,ENT_UK_005,352843.1805027876,USD,2026-01-15 19:58:06,8e08:6c83:6e95:40cb:adfd:221e:4618:91d4,2
sdv-id-DkoVul,ACC_271,ENT_UK_009,209825.11194199097,USD,2026-03-30 07:13:52,5c20:dc7f:3425:ab2c:2c81:7647:768d:b904,1
sdv-id-rzNwCt,ACC_100,ENT_UK_005,598139.2513166686,USD,2026-03-09 14:24:52,684f:4710:96cf:8a37:9e2a:d576:6d40:6da2,1
sdv-id-rOxscH,ACC_253,ENT_UK_009,27240.394811293765,USD,2026-01-11 22:47:21,32d6:bd50:2978:1f18:7fd2:eb66:38da:4be0,1
sdv-id-YGruGT,ACC_146,ENT_UK_006,859692.5163093023,USD,2026-01-28 03:44:13,91e0:8172:d875:a534:5d4:a758:5f8b:1429,2
sdv-id-xOkEKz,ACC_225,ENT_UK_001,160993.6876451625,USD,2026-02-11 01:31:21,acb4:3332:6d43:a37f:39ba:9182:4663:2f7,1
sdv-id-EYzZUF,ACC_253,ENT_UK_006,2701.6842209597503,USD,2026-01-02 23:18:30,e2b9:b941:e8cf:e11a:6207:30:6979:22ec,1
sdv-id-sMDAlO,ACC_142,ENT_UK_012,8819.429690304933,USD,2026-01-13 04:34:34,98f:7748:7de3:cc59:3199:3d78:2228:995b,1
sdv-id-eUTRjM,ACC_221,ENT_UK_005,117356.58720168434,USD,2026-03-01 01:20:07,151a:c60f:27ca:36fc:d38d:c4e1:ba97:d548,1
sdv-id-OpCkDZ,ACC_211,ENT_UK_004,11080.757688972692,USD,2026-03-20 16:11:39,4285:f3b8:c621:1f2:ea19:a52f:c17d:5e53,1
sdv-id-KUosHA,ACC_273,ENT_UK_013,270244.24496021005,USD,2026-02-26 08:12:02,b58f:2ca2:b315:1b0d:d0f1:d45e:9ca5:a43e,2
sdv-id-EFAxze,ACC_176,ENT_UK_012,21123.06803900614,USD,2026-02-12 13:26:31,b311:c352:f750:477c:a23a:6036:2323:3884,1
sdv-id-dmfxDU,ACC_162,ENT_UK_015,34411.15210132959,USD,2026-01-20 19:06:08,d194:e9d6:7f76:8261:6866:a4c2:dd7f:ad1d,1
sdv-id-mxSIdC,ACC_284,ENT_UK_013,8863.536255707038,USD,2026-02-10 23:10:40,54e4:3d2c:f0:37de:144b:bb03:b3fb:1817,1
sdv-id-pqspiD,ACC_176,ENT_UK_007,955.9300197578932,USD,2026-03-25 00:10:22,7dc1:8741:103e:1910:7c1b:82d9:30a6:6a88,1
sdv-id-ubKfSm,ACC_176,ENT_UK_017,146911.60386119178,USD,2026-03-02 08:33:59,a3e3:b8ac:8b87:ecd:9cc1:4582:b82d:1e2,1
sdv-id-bXlvbH,ACC_248,ENT_UK_005,101951.9606949243,USD,2026-01-23 19:04:28,5d99:40e:823f:e442:8ab2:b9dd:4d5:e5fb,2
sdv-id-HBbeTd,ACC_164,ENT_UK_014,94493.3339522406,USD,2026-01-20 00:47:16,48c4:4431:b5bc:1113:1baa:606c:2d5c:2dc5,1
sdv-id-gQVsAo,ACC_155,ENT_UK_008,17772.420594432955,USD,2026-03-12 07:23:06,5d21:ed4d:f1ff:3fcb:103f:f594:a841:ef8d,1
sdv-id-sAnukt,ACC_273,ENT_UK_005,1139.4299239167435,USD,2026-01-22 09:15:23,91f0:312:13d8:dd8b:c214:c001:b5a1:4dcb,1
sdv-id-yfvMVs,ACC_128,ENT_UK_001,20078.140338703855,USD,2026-01-22 20:41:36,b4d9:940c:54a0:76a8:895b:2128:278:68b4,1
sdv-id-lAJvkL,ACC_176,ENT_UK_007,78945.13874902023,USD,2026-03-05 16:08:16,3f78:45a7:af1e:550:61f4:6c3b:3461:b9cd,1
sdv-id-lBKKsE,ACC_248,ENT_UK_015,83844.42807883366,USD,2026-01-17 11:02:05,edd2:b8b5:ebf6:339e:e2dd:4407:7c39:d868,2
sdv-id-HnSxBC,ACC_146,ENT_UK_013,28044.90325836072,USD,2026-01-27 02:20:09,b46b:7691:a64b:106b:425f:bf86:44c9:967f,1
sdv-id-RniEPm,ACC_171,ENT_UK_017,75257.02289073482,USD,2026-03-03 20:07:58,cdc8:c5a7:cd6a:6c62:cc46:7d5e:c82:1d44,2
sdv-id-NlZxRy,ACC_196,ENT_UK_016,747933.6491051388,USD,2026-03-17 08:20:48,b196:29f2:6a5d:26af:91f1:155a:dffb:115b,1
sdv-id-gOijaV,ACC_176,ENT_UK_007,74166.09287740184,USD,2026-03-13 05:14:04,5b98:6177:5c5e:fa7e:ac1b:26d9:154c:2215,1
sdv-id-DfnKUN,ACC_256,ENT_UK_016,351144.030300225,USD,2026-02-23 18:25:11,4f86:a9bf:75eb:5ba:7e2f:ffd3:52bc:8f4d,1
sdv-id-QyFifJ,ACC_142,ENT_UK_012,81564.01248701093,USD,2026-02-20 00:00:27,9d0:d26:be83:dfed:54c:eb2c:8f7e:a66a,1
sdv-id-umiutQ,ACC_256,ENT_UK_004,2752.966870265593,USD,2026-01-09 09:56:20,6e82:1ace:a007:d969:a481:9761:f68a:4b30,1
sdv-id-ydiWAs,ACC_199,ENT_UK_012,496920.0428069775,USD,2026-01-21 10:33:31,b8cf:9a6b:eff3:5884:290d:ce35:5ddd:248d,1
sdv-id-DgLKPi,ACC_171,ENT_UK_014,3006.871436966715,USD,2026-03-26 15:40:04,1221:4ef8:3a5a:e118:bc95:5bf8:9ed:37a5,1
sdv-id-mYiYOB,ACC_262,ENT_UK_014,62709.130452068945,USD,2026-02-13 01:02:30,e482:3366:6f18:8b86:a35:26c0:d347:e83a,1
sdv-id-Ezppwn,ACC_186,ENT_UK_007,627370.3422950875,USD,2026-03-27 02:11:08,916:4b3e:a126:f466:d8e1:e8be:b217:a742,2
sdv-id-zPSlRx,ACC_187,ENT_UK_009,942.2586739329116,USD,2026-02-09 23:10:56,4dba:2f1:9be:a790:a092:9c7c:58bf:376f,1
sdv-id-BckGFj,ACC_187,ENT_UK_017,1187.6691319437969,USD,2026-02-03 08:43:07,3c1a:6074:de35:30b7:248d:e1ec:3ae3:d35d,1
sdv-id-QUyWvd,ACC_176,ENT_UK_004,974.346285971687,USD,2026-01-27 16:08:33,a002:e029:bd94:19e1:67e2:39fa:beb7:694b,1
sdv-id-KEiVor,ACC_243,ENT_UK_003,211566.91399314167,USD,2026-02-16 05:59:33,8574:deff:677c:71e:911b:17e4:34a9:f4f6,1
sdv-id-tOvEla,ACC_181,ENT_UK_018,26222.213425407437,USD,2026-03-17 20:59:28,ba5c:f311:997f:22e1:6927:372a:a678:ba2e,1
sdv-id-pSNpOr,ACC_160,ENT_UK_016,170177.31353864985,USD,2026-02-17 02:54:45,80c7:5dc:1cd7:5ba3:9bd8:d5af:955:b10e,2
sdv-id-TYejhq,ACC_129,ENT_UK_007,171716.0008587552,USD,2026-01-17 03:52:58,bfb7:b747:676b:a52a:4940:ed24:942f:dedf,1
sdv-id-BfUdhU,ACC_181,ENT_UK_009,332880.70087118977,USD,2026-03-30 08:40:54,4843:da7d:e219:9266:2e5d:9198:14f7:a766,1
sdv-id-HALeaa,ACC_142,ENT_UK_011,7266.992214456963,USD,2026-03-26 09:06:05,ad0c:e076:3b8b:f732:aa94:ff45:cd52:c35f,1
sdv-id-EjmTxr,ACC_196,ENT_UK_018,760246.1874616632,USD,2026-03-18 14:24:57,e41d:bbff:6805:660d:7399:e9e:eb5:5eee,2
sdv-id-xtEIGX,ACC_160,ENT_UK_011,1133412.8927321448,USD,2026-01-23 12:20:18,c5b4:fc98:462e:eb9a:9473:dd1b:1888:fd5f,2
sdv-id-oCyKYC,ACC_264,ENT_UK_015,4007.517456513238,USD,2026-03-16 07:00:08,462b:707d:ce71:4e72:a192:1959:8f07:cffc,1
sdv-id-fhTTgS,ACC_253,ENT_UK_012,1977102.7419029884,USD,2026-01-01 20:51:25,bd85:e5e5:6f79:8564:63be:c288:1be4:8c64,1
sdv-id-vhWTsN,ACC_107,ENT_UK_002,13391.058805728298,USD,2026-03-27 13:54:14,2469:55b7:8c94:d1c1:f0ae:161:98f:4bc9,1
sdv-id-HYcsJR,ACC_256,ENT_UK_002,14880.521097094508,USD,2026-02-03 02:13:36,f5e4:c78f:9a86:336d:6398:3d44:c255:4e3b,1
sdv-id-MVJBKP,ACC_155,ENT_UK_010,78718.45723713972,USD,2026-02-09 17:39:26,62f7:203f:a380:5779:d0ad:84b8:5a5c:21ad,1
sdv-id-jHcWOP,ACC_293,ENT_UK_003,177685.23399837708,USD,2026-03-27 21:05:23,d8ba:cbbc:d88d:9f4d:382d:ee09:3b05:43b9,1
sdv-id-dpAPZl,ACC_142,ENT_UK_010,175319.47642635275,USD,2026-03-14 20:06:17,ed8f:e3cb:35f6:bc7e:547c:2d8a:9016:ad49,1
sdv-id-YOMRkx,ACC_181,ENT_UK_015,392892.7213247007,USD,2026-01-21 19:17:32,2221:9df5:da39:903b:a649:fccc:6586:6f26,2
sdv-id-foIJgp,ACC_155,ENT_UK_014,7848.788466475831,USD,2026-01-28 23:23:32,fe45:7639:bd8f:c05c:c2f4:c54:27ee:8567,1
sdv-id-UFCqbv,ACC_142,ENT_UK_015,938.728049067828,USD,2026-03-12 12:33:52,d6b9:61a1:79b0:2235:5484:4121:bcc5:843e,1
sdv-id-jvJXtE,ACC_176,ENT_UK_010,1406.839950335378,USD,2026-04-01 18:16:08,3a4e:abc7:ec8e:8148:3369:1651:c295:1c24,1
sdv-id-JLvrnm,ACC_181,ENT_UK_002,1950.0094933731116,USD,2026-02-13 17:42:33,9e98:af3f:5893:99c8:cdb5:d26b:45a2:f58b,1
sdv-id-cFnFyK,ACC_134,ENT_UK_014,415154.80439897534,USD,2026-02-19 22:00:32,2730:2b7f:26a1:5615:c7d0:672c:fd86:70bc,1
sdv-id-MDoqTx,ACC_100,ENT_UK_004,85866.9752151227,USD,2026-01-13 18:32:51,b2d:a477:6871:6aec:bf6a:322d:7acb:c445,1
sdv-id-ASgtaO,ACC_155,ENT_UK_012,11146.006828897209,USD,2026-03-11 19:27:49,82da:5a20:b3e2:38f1:5dca:91b9:b392:6156,1
sdv-id-VBFLCE,ACC_186,ENT_UK_011,107034.46054901223,USD,2026-01-14 06:46:46,cedc:fe62:131d:9a67:d78a:f46:32a6:c812,1
sdv-id-TkvYsT,ACC_199,ENT_UK_003,31728.1395747,USD,2026-01-02 12:49:18,7358:d3ce:2e55:3a35:4d38:735a:5404:c760,1
sdv-id-TKSFMa,ACC_171,ENT_UK_012,105623.09532203068,USD,2026-02-12 13:46:35,d0c:86bf:256:92a0:9760:8a99:b171:e388,1
sdv-id-KQOjXU,ACC_107,ENT_UK_014,945.2014490272104,USD,2026-02-13 13:33:22,ec4:16fe:13fd:3614:7295:69de:dc80:29c4,1
sdv-id-jUBdZi,ACC_176,ENT_UK_010,645277.1501984448,USD,2026-02-22 13:28:16,3870:ae94:bfef:f81a:1b77:205a:9abc:62b6,1
sdv-id-bOlhfE,ACC_134,ENT_UK_003,4176.280609612984,USD,2026-02-23 06:22:51,e244:2794:5826:a9dc:d734:a576:35de:ee81,1
sdv-id-GCmfsT,ACC_207,ENT_UK_009,67424.39076744553,USD,2026-03-12 17:37:31,eb56:dad:1785:a39a:5449:384:db99:1a14,2
sdv-id-idlRjE,ACC_107,ENT_UK_011,1178583.8579221338,USD,2026-01-24 23:08:33,a574:5c45:3026:a7de:ec83:fca:b406:a299,1
sdv-id-eZTQoo,ACC_171,ENT_UK_008,445676.1022216622,USD,2026-03-25 18:56:10,5dc6:a5e2:3b59:ea18:ee8f:f3bf:b6a9:9011,2
sdv-id-ndneAh,ACC_107,ENT_UK_014,71807.00309561304,USD,2026-03-09 00:28:40,259c:4448:e3b1:5c3b:1dcb:6d1d:c699:86d2,1
sdv-id-oGnPXy,ACC_186,ENT_UK_010,1633332.7503685406,USD,2026-03-04 10:32:31,e497:3e6d:682e:2a02:d9dd:78f2:5d59:b525,2
sdv-id-dxZXhL,ACC_164,ENT_UK_006,12257.584891730396,USD,2026-02-23 10:06:00,5cf5:6cb0:2826:45d8:e045:79ad:e4a:8577,1
sdv-id-FCqkoI,ACC_190,ENT_UK_001,37427.12884926476,USD,2026-03-11 01:01:55,7507:de0f:3c71:d129:f3ca:ccaf:7e72:a4c6,1
sdv-id-WZZXik,ACC_142,ENT_UK_004,57748.317308607955,USD,2026-01-28 20:04:45,8e3a:d171:f935:e555:3699:3fb1:5606:931d,1
sdv-id-aRYUlg,ACC_176,ENT_UK_012,248531.5488792017,USD,2026-03-24 17:50:45,5829:3386:8b3b:c91d:e90e:b922:168c:a3a0,1
sdv-id-OAvSSk,ACC_256,ENT_UK_001,87614.51499567328,USD,2026-02-24 11:47:31,b1e4:e7b:5cde:4024:c00e:49a7:86fd:2fde,2
sdv-id-FMerrB,ACC_264,ENT_UK_006,1319044.1527313902,USD,2026-03-03 02:56:56,b463:4751:3c3:aa47:a5bb:732f:b579:c382,2
sdv-id-IaEvXY,ACC_284,ENT_UK_007,34441.9659653824,USD,2026-01-06 23:09:55,a7af:effa:da92:1d48:81cd:81f4:868b:4376,1
sdv-id-XlDHcB,ACC_186,ENT_UK_017,32889.34195346212,USD,2026-03-29 22:23:05,771:4320:5266:3b0:cb26:1a43:bb73:6a05,1
sdv-id-NSfGUe,ACC_199,ENT_UK_010,352790.3746343043,USD,2026-02-22 09:23:35,9b4:87bd:c2b0:ab8:a589:271d:924d:eb21,1
sdv-id-QenkXG,ACC_107,ENT_UK_019,162549.50957293247,USD,2026-02-05 05:33:10,ccc4:3791:beaa:322a:ee1f:4a46:9ae2:de67,1
sdv-id-CAxhGp,ACC_176,ENT_UK_013,43271.14667053258,USD,2026-02-03 19:15:06,6d5a:8343:64bd:5e60:5201:99e9:7142:f4c,1
sdv-id-fqqBHI,ACC_176,ENT_UK_008,2037.3862748543363,USD,2026-01-12 17:22:17,dbc9:1e38:ea52:2aec:2ea0:11c1:a761:3d92,1
sdv-id-gUYJFa,ACC_242,ENT_UK_016,71767.67557525194,USD,2026-02-22 03:58:55,49e:302b:76a6:2cba:f4b0:4e95:e152:96f5,1
sdv-id-rxLlDY,ACC_160,ENT_UK_013,9113.339801930735,USD,2026-03-06 23:15:02,6d44:f185:2f69:9d94:600f:f575:4f54:f616,2
sdv-id-MvxBrE,ACC_176,ENT_UK_005,164571.73190587497,USD,2026-01-04 13:07:43,9a1c:c8a3:f818:3a82:7e6c:fc6c:96f1:519d,1
sdv-id-OKyCTh,ACC_164,ENT_UK_005,23386.507975343284,USD,2026-02-07 06:56:23,5e8e:478b:96fa:1df2:a457:7d8d:829:b006,1
sdv-id-FKvhuP,ACC_199,ENT_UK_008,38121.8149422288,USD,2026-02-13 20:32:40,9b8:4bc7:c780:5ade:f65b:870e:3085:7e0e,1
sdv-id-mjcmlo,ACC_171,ENT_UK_012,204494.70551089427,USD,2026-02-01 11:34:01,430e:253:e413:77b7:f3fe:db5f:6a13:318,1
sdv-id-ibNJLM,ACC_171,ENT_UK_016,2590.736845416061,USD,2026-01-03 10:49:09,6fd9:3ffa:d87:219d:7d78:b5f5:61be:fec,1
sdv-id-UDnupz,ACC_253,ENT_UK_008,19216.6908122565,USD,2026-02-20 11:27:35,fe68:774c:edf2:5cc6:4abe:5b7a:39da:3b0a,1
sdv-id-JtHCDn,ACC_107,ENT_UK_018,100332.3420997828,USD,2026-03-13 19:28:58,e257:2ec7:6da2:53c:7594:451e:8307:1332,2
sdv-id-QMAvee,ACC_211,ENT_UK_013,42217.61332447272,USD,2026-01-27 18:42:51,b6ed:67cb:6fe5:2243:c31e:5a20:30bd:c2c1,1
sdv-id-aDWBCi,ACC_243,ENT_UK_014,29768.672229720734,USD,2026-02-01 07:49:47,9a37:9a45:2cc9:c292:89e7:2a6a:9ff0:9e50,1
sdv-id-mmtTQO,ACC_176,ENT_UK_008,1409149.7303680475,USD,2026-01-20 03:53:43,9f70:2d00:71d3:ecdf:3f20:ecf9:cc78:fbba,1
sdv-id-oQpkiV,ACC_134,ENT_UK_014,24195.41704945352,USD,2026-02-04 14:21:28,a2df:8eeb:4561:5597:6e4b:967b:9f16:62a0,1
sdv-id-YmMSoq,ACC_155,ENT_UK_004,966.916152904412,USD,2026-02-14 13:52:45,24c6:550d:de40:a270:5bb8:c04f:122d:7d40,1
sdv-id-PdmpHy,ACC_225,ENT_UK_005,115643.28411301057,USD,2026-03-24 16:42:51,3d1e:5839:1ee6:4657:d7a8:3bea:219a:172,1
sdv-id-OEyCcS,ACC_160,ENT_UK_016,123968.58320199506,USD,2026-04-01 14:36:04,2523:bedc:4b9e:d20f:136:22f2:bc3a:245d,2
sdv-id-KlKRKY,ACC_211,ENT_UK_016,1110275.736251838,USD,2026-02-15 21:39:27,d7a9:5e48:b606:bab3:7ae3:9c78:be48:6f13,1
sdv-id-HHxEMz,ACC_196,ENT_UK_005,23754.443621616905,USD,2026-01-17 19:11:41,981f:94ca:c47a:18a7:c99c:fea7:b2c7:b7a2,1
sdv-id-pEKxYO,ACC_211,ENT_UK_005,2611744.4672187963,USD,2026-01-26 12:15:56,ae81:cfa1:5dcd:daf8:365a:6cf0:ad66:5ed7,2
sdv-id-jrWObY,ACC_176,ENT_UK_018,118931.59044845098,USD,2026-01-04 14:53:20,c905:1f1e:e37c:c437:b2b6:a7c0:2b83:f441,1
sdv-id-pelSjz,ACC_107,ENT_UK_015,551889.8758308139,USD,2026-03-12 11:57:50,84d2:4284:a3b0:befb:3503:b16d:f25f:a590,1
sdv-id-nGKerx,ACC_186,ENT_UK_015,1524.9700229953603,USD,2026-03-07 11:14:10,a925:cfc0:eb00:f955:a725:ddee:802a:181b,1
sdv-id-EnvMyh,ACC_211,ENT_UK_018,8638.450844589031,USD,2026-01-14 10:09:41,87d:61:7672:a77:b406:6c70:63cc:7ef3,1
sdv-id-iQdmtR,ACC_211,ENT_UK_007,19735.67693034401,USD,2026-02-27 06:28:02,ba23:da89:7ce9:2b9f:8c48:c05b:2f2e:ecb5,1
sdv-id-ZIWGol,ACC_164,ENT_UK_005,1844.5814904835645,USD,2026-03-17 01:10:02,5065:2668:52e1:e1aa:2ddc:e6e4:9484:b895,1
sdv-id-Uvqzob,ACC_271,ENT_UK_009,10275.133155029864,USD,2026-03-18 04:24:19,11f5:2837:9f:c77d:2701:9f23:da32:696,1
sdv-id-zLgpep,ACC_225,ENT_UK_019,173356.68892433547,USD,2026-01-13 19:12:00,bba5:26f7:e357:673b:403e:111f:f397:136e,1
sdv-id-FYIJhY,ACC_142,ENT_UK_001,1512.4411668392256,USD,2026-01-06 23:49:12,c556:9372:6fb5:3405:51f5:f91e:3c85:883e,1
sdv-id-HqZdSi,ACC_234,ENT_UK_016,56655.420367487226,USD,2026-03-09 21:11:10,7c10:f99b:3a12:71c5:9def:4cad:cd4c:ae7c,2
sdv-id-MnJGTs,ACC_211,ENT_UK_011,418218.7950447545,USD,2026-03-22 03:56:03,6d83:79c7:7c5e:fe4b:a1aa:fedc:3eec:3579,1
sdv-id-ekQbpN,ACC_186,ENT_UK_016,982.7157543817926,USD,2026-03-25 19:42:42,bf8f:2c45:fe0d:5088:4fd3:ad99:ee91:e23b,1
sdv-id-lTrFsF,ACC_196,ENT_UK_019,1309601.5534465243,USD,2026-03-29 13:10:26,66f5:96cc:834a:a916:e286:c4b8:ea4b:eef8,1
sdv-id-IlbpOL,ACC_176,ENT_UK_012,14112.108647976487,USD,2026-03-27 17:52:00,7e67:155:8ed7:88bf:b037:3e9:c29d:9c01,1
sdv-id-Xsmcnm,ACC_142,ENT_UK_001,1545.947271821919,USD,2026-01-21 04:37:38,1dae:2133:da40:8707:8cf7:80bc:838f:8694,1
sdv-id-MqCRDl,ACC_247,ENT_UK_001,50011.8273816114,USD,2026-03-09 00:56:45,c046:1e69:8150:5e8d:6415:ba26:95ac:c852,1
sdv-id-ZAFhHK,ACC_248,ENT_UK_006,22494.342943124248,USD,2026-01-25 06:31:15,45a:e155:1331:1463:6788:3566:7241:f5f3,1
sdv-id-nhaHDj,ACC_211,ENT_UK_015,601278.2802422451,USD,2026-02-22 05:31:46,b55:1da:6eed:b593:d143:1470:d32d:29f6,1
sdv-id-pYZkPk,ACC_211,ENT_UK_018,568259.8554684547,USD,2026-02-21 13:17:04,e019:5170:2cdb:5309:830d:ce5b:8b9e:fec9,1
sdv-id-EoHcwu,ACC_176,ENT_UK_008,1945.1558613445895,USD,2026-02-09 19:49:59,f56a:2126:6ae4:5b05:8087:d135:66a1:7902,1
sdv-id-mRrIVp,ACC_211,ENT_UK_012,45500.8630222408,USD,2026-03-24 07:00:30,bbd2:3655:6ed7:b6d5:d2e2:1b35:694e:ecef,1
sdv-id-FwnmKO,ACC_225,ENT_UK_016,76194.87495565278,USD,2026-03-18 14:43:25,fe19:5808:cd7e:5256:153e:d1b0:997e:d746,1
sdv-id-eLPZQi,ACC_273,ENT_UK_001,20660.874536851687,USD,2026-03-31 14:13:12,c62e:6018:db56:a1ff:8e18:808:cc37:66b1,1
sdv-id-LJIZIx,ACC_248,ENT_UK_011,528827.4158823191,USD,2026-02-14 07:39:28,7074:a16d:c7ea:924:d7f9:e551:2025:89ce,1
sdv-id-ZnYtBj,ACC_264,ENT_UK_016,482748.3377037243,USD,2026-02-20 04:55:53,6c3c:a1b6:7337:258a:689a:5a13:9b15:ad66,1
sdv-id-BUZAlu,ACC_253,ENT_UK_015,242045.5768455759,USD,2026-01-29 20:17:06,2072:9634:f977:43bf:30d8:1c0e:780b:2f2b,1
sdv-id-WdlpzS,ACC_199,ENT_UK_012,70113.13293536768,USD,2026-03-24 05:49:56,a7e0:89e8:d803:fc39:5a12:968c:33ef:2773,1
sdv-id-DQzUAq,ACC_211,ENT_UK_006,2172364.972635022,USD,2026-02-05 21:46:24,5829:1f3a:410f:173b:4fb0:6ac0:ac91:42ce,1
sdv-id-RwgPum,ACC_134,ENT_UK_019,398862.65018128057,USD,2026-01-08 03:19:58,fcc:600c:9f61:d79e:7d8d:2a42:f59c:25fc,2
sdv-id-psWRFQ,ACC_107,ENT_UK_007,56819.4215541504,USD,2026-02-15 09:36:42,e8:b560:d09d:d05a:9211:22d5:3651:a656,1
sdv-id-titMJm,ACC_146,ENT_UK_004,309783.7641090445,USD,2026-02-11 15:37:17,49a:787d:9e92:dd9f:dc4d:f953:696b:cd10,2
sdv-id-GVlKIm,ACC_211,ENT_UK_018,1056617.6344008895,USD,2026-01-24 19:12:22,31a9:6a34:d348:7955:340a:6bfa:90db:1ab2,1
sdv-id-vQTyWI,ACC_186,ENT_UK_002,352084.77950359206,USD,2026-03-05 12:47:24,e879:b613:2680:f644:d71d:88e3:9144:b946,1
sdv-id-jdHEQN,ACC_142,ENT_UK_008,1467.4892570282973,USD,2026-02-11 00:39:57,7fe0:ca0e:a126:c239:2e6e:2634:f773:6419,1
sdv-id-NWIOMf,ACC_199,ENT_UK_011,19551.459145720033,USD,2026-01-10 00:01:15,4fb7:edb5:798c:1477:a123:8a1d:899f:6352,1
sdv-id-itLzJn,ACC_107,ENT_UK_009,2814.424823806334,USD,2026-02-06 09:15:12,44d2:98c4:2e89:11d4:c5a3:b805:b9f4:2f34,1
sdv-id-ArAayA,ACC_142,ENT_UK_008,1506.6775096759038,USD,2026-01-13 02:41:05,2bbb:df73:4aa7:73a2:5600:c2ad:da1c:7adf,1
sdv-id-OVtSpL,ACC_271,ENT_UK_018,674114.9781771334,USD,2026-01-16 20:36:20,7b8b:ca59:1fc2:ddb3:6dc:7b76:e4ea:b46a,1
sdv-id-uePuKu,ACC_264,ENT_UK_011,408130.98216942354,USD,2026-04-01 07:49:52,965e:1d8b:cf3:e2fc:98a0:3401:c489:db1b,1
sdv-id-ZgALdv,ACC_171,ENT_UK_003,29886.826252508552,USD,2026-03-30 10:00:10,c341:dc8a:1e:3d34:66dc:c3a6:52de:7ca7,1
sdv-id-alIxKx,ACC_187,ENT_UK_014,34683.16306558009,USD,2026-01-01 04:15:46,3fb0:e4ea:e278:5379:bbe:ebd6:5e01:cde9,1
sdv-id-GapZsB,ACC_107,ENT_UK_008,48918.82812249943,USD,2026-02-19 19:14:24,91aa:9301:46d:76eb:7651:d815:6727:db71,1
sdv-id-mYSHxM,ACC_273,ENT_UK_012,490368.3655287322,USD,2026-01-06 18:08:11,8a4d:4ab8:73ff:179e:e0e:3c84:b153:66df,1
sdv-id-bnUZoE,ACC_211,ENT_UK_019,83796.12507622807,USD,2026-03-31 19:24:58,fdf4:b2bd:3d4b:4227:4f1a:d182:597c:1c0a,1
sdv-id-aHfALX,ACC_181,ENT_UK_002,484359.9293727126,USD,2026-01-20 02:44:50,e73f:a4f2:e04b:b02e:2bc7:3dc7:c0c6:3cb5,2
sdv-id-aKvQXY,ACC_273,ENT_UK_013,63095.53883387429,USD,2026-01-23 11:58:15,5fba:3a37:595e:4dda:d430:2b1f:7e63:e9c0,1
sdv-id-znEjvd,ACC_142,ENT_UK_014,46970.02775921948,USD,2026-02-03 04:36:02,ff46:b7d2:cd8a:9538:549e:bfba:a14:965d,1
sdv-id-pHQDcn,ACC_273,ENT_UK_019,74030.26631637361,USD,2026-01-27 22:58:19,73dd:d63e:efbf:2238:894d:4c56:2cf9:d279,1
sdv-id-HdTzfE,ACC_271,ENT_UK_011,6094.877571942441,USD,2026-01-06 08:54:06,d8a4:dc06:a23b:fad4:33f:298e:a161:1e6e,1
sdv-id-FVSqgh,ACC_284,ENT_UK_007,60199.86947048837,USD,2026-03-15 05:15:34,a061:53e2:680:ab41:1c7d:1112:54b4:4b9f,1
sdv-id-ojyMtj,ACC_243,ENT_UK_009,778853.5558721104,USD,2026-03-04 07:32:28,eddf:72c1:3ab6:3bce:a62c:77a5:8023:a9a5,2
sdv-id-SAkRDM,ACC_176,ENT_UK_013,63758.12184248744,USD,2026-03-20 23:54:09,763f:458d:6c3d:388d:2bce:4d2e:8355:d13a,1
sdv-id-ukiswq,ACC_196,ENT_UK_004,4075.380003826954,USD,2026-03-13 07:14:54,5380:e2ca:ce79:ee2e:8d95:5c0e:e984:d8cc,1
sdv-id-mJeZQO,ACC_107,ENT_UK_013,29819.08310132254,USD,2026-02-26 06:45:06,60d4:aa2d:8f5d:c15:89dd:1d57:9fd8:9666,1
sdv-id-FgElIW,ACC_134,ENT_UK_019,533629.5960405411,USD,2026-01-28 00:25:15,777e:52b5:ca4e:622c:6884:6242:7fb4:f27,1
sdv-id-RkcRCZ,ACC_271,ENT_UK_017,86062.29586083187,USD,2026-03-22 23:44:10,7188:85f4:6bdf:92b0:96e3:b11b:7895:2121,1
sdv-id-fZCVHr,ACC_176,ENT_UK_014,30549.030319316145,USD,2026-01-20 09:52:10,1fed:2c5b:485a:debf:8a6b:ffa8:1497:521c,1
sdv-id-dlqJbI,ACC_176,ENT_UK_017,31533.995752978375,USD,2026-02-02 22:25:48,13bb:f597:8e20:e774:82f2:3728:8895:159e,1
sdv-id-SeaFKU,ACC_176,ENT_UK_010,440298.07650971226,USD,2026-02-19 07:57:32,4636:a42b:ad52:3713:6759:eb79:65fe:331,1
sdv-id-mfMRkE,ACC_176,ENT_UK_003,516107.9345367494,USD,2026-02-07 05:04:43,d754:dfb9:c278:a0d7:b336:2a38:806c:46ca,1
sdv-id-ymzWYf,ACC_176,ENT_UK_006,93719.61152592856,USD,2026-01-31 12:28:46,9531:5c1d:4b5f:1d3a:d7d1:65ec:61bc:b50f,1
sdv-id-UkbgqH,ACC_156,ENT_UK_005,946.6041019708716,USD,2026-01-15 10:58:19,cfec:d951:59b1:6cfc:267a:fdb6:7f90:41f4,1
sdv-id-rFxnfS,ACC_176,ENT_UK_011,46665.74181905488,USD,2026-03-02 11:21:19,a696:6b9c:a6a4:6963:e94b:72c:52a3:4654,1
sdv-id-whyZvi,ACC_176,ENT_UK_017,26693.261741074595,USD,2026-03-18 07:33:07,5719:da66:15d3:fb43:5477:8fdc:799c:1f1a,1
sdv-id-FpXOWm,ACC_271,ENT_UK_017,1065.8914988394793,USD,2026-01-22 00:35:28,9c2:31a4:c37b:aac3:b809:d29d:c3ec:78e2,1
sdv-id-EhNqQp,ACC_199,ENT_UK_011,287024.4471006543,USD,2026-01-20 08:46:45,bf46:11b6:1955:749e:840c:14f7:9f67:fc4e,1
sdv-id-yrgyxq,ACC_225,ENT_UK_018,2735.139185184253,USD,2026-02-19 02:30:47,727a:6988:cc9d:46ff:8f89:dfbd:e5f5:a550,1
sdv-id-nHMEiK,ACC_176,ENT_UK_004,2423.1292309028263,USD,2026-03-17 04:54:22,bf52:67fe:5cec:f640:a190:dc38:fe61:3430,1
sdv-id-qbIaaj,ACC_107,ENT_UK_015,2603.054844219151,USD,2026-02-27 07:30:20,f502:baf0:b53d:21bd:5499:bed9:fd9d:8b42,1
sdv-id-TgGVhX,ACC_142,ENT_UK_007,178887.84238783034,USD,2026-03-24 14:29:04,8856:3296:b656:1083:6540:c9f4:b7e:4c1e,1
sdv-id-lNDXDR,ACC_211,ENT_UK_019,901105.681804194,USD,2026-01-03 06:11:48,d8d7:f053:bb80:1262:fc33:fe9c:fde5:feac,1
sdv-id-BQyIOG,ACC_107,ENT_UK_016,21991.185827084108,USD,2026-03-31 00:25:32,d1ff:5ab2:4bae:3e5d:b9d7:9fc6:af48:2679,1
sdv-id-ExEJRs,ACC_196,ENT_UK_017,258523.68936508545,USD,2026-01-15 08:04:30,a246:be26:3cb9:afad:102a:365c:81ea:823b,2
sdv-id-pKvJOR,ACC_134,ENT_UK_015,660609.9239336759,USD,2026-02-28 20:22:39,df10:f56e:386c:8aaa:c22f:957f:1f28:97e8,2
sdv-id-ohjBsX,ACC_176,ENT_UK_009,28556.279420369963,USD,2026-03-22 18:22:43,a5fc:6a6d:d71:3b12:2e87:9574:24a1:7aa0,1
sdv-id-FrGkKA,ACC_142,ENT_UK_016,92020.14981662834,USD,2026-02-09 04:46:18,3ab6:c398:720:7c:bcaa:f0fe:9d05:3dee,1
sdv-id-vfrJES,ACC_271,ENT_UK_015,1691.9763100370333,USD,2026-03-17 19:26:27,ca56:713a:739:8a07:a254:4924:7b49:c7e8,1
sdv-id-YmsmEC,ACC_171,ENT_UK_002,1229.8335602222082,USD,2026-03-31 16:30:25,4997:cab8:a2b2:f46b:6090:76d9:56d8:b3e5,1
sdv-id-XgWmYy,ACC_273,ENT_UK_009,71698.56429162172,USD,2026-02-08 08:13:14,f048:d7b2:8743:8c0a:83fb:ba89:67e3:77af,1
sdv-id-uIoEby,ACC_187,ENT_UK_003,294782.61230403744,USD,2026-01-31 03:24:19,a827:a7cb:b846:de4e:4002:e756:dfa4:75a9,2
sdv-id-pdiRAG,ACC_242,ENT_UK_002,2090.606739200322,USD,2026-03-21 00:48:48,d762:66f2:6e5f:6ef1:d30d:c9e8:170b:e03b,1
sdv-id-ZrTgoA,ACC_142,ENT_UK_011,668519.3382652161,USD,2026-01-18 12:21:01,b38f:a96d:e5af:24d:9e9b:594d:55f7:5bb9,1
sdv-id-JrGYLE,ACC_293,ENT_UK_013,245607.09854193652,USD,2026-03-08 06:58:09,ecff:37b6:c827:3dd0:51e9:b74c:a573:a819,1
sdv-id-rUVFIL,ACC_100,ENT_UK_002,263534.5532411373,USD,2026-03-12 03:11:07,e9be:89ec:fac0:8a5a:cf04:5fa8:66cb:ebd7,2
sdv-id-vhaOub,ACC_284,ENT_UK_003,674359.6828976825,USD,2026-03-18 23:36:49,81ca:f950:b597:2639:7fc5:e2cf:5dc0:d920,2
sdv-id-loBipP,ACC_248,ENT_UK_011,515920.459514526,USD,2026-03-03 01:38:48,1a42:6b3f:7a0d:f08d:e809:554f:1268:b04a,2
sdv-id-IJbZhD,ACC_256,ENT_UK_001,1291366.8284482243,USD,2026-02-11 23:32:15,e583:5728:9365:7def:20b2:b911:1c7a:95e6,2
sdv-id-XAflHH,ACC_256,ENT_UK_016,171946.4024268832,USD,2026-03-15 02:08:36,b2e3:3f79:1edc:6006:cfdc:21ee:7534:a06c,1
sdv-id-vwoPfi,ACC_107,ENT_UK_009,48151.90019762406,USD,2026-01-28 17:30:15,734e:1e27:a9ba:426b:1c49:bd26:d08b:4281,1
sdv-id-QoZhGN,ACC_176,ENT_UK_006,1452.1071071606,USD,2026-02-13 18:41:13,2fe5:885b:5ffb:6a51:b950:32f:40c1:cc37,1
sdv-id-TpWvJO,ACC_170,ENT_UK_013,496587.13784553926,USD,2026-03-08 19:16:30,a917:9941:f902:6c65:d3fd:ae03:af59:c648,1
sdv-id-nZNkvY,ACC_176,ENT_UK_012,3226.8371247838413,USD,2026-03-03 19:08:40,afaa:d20c:10bc:cba9:53fe:aad6:6969:d805,1
sdv-id-HFiAub,ACC_242,ENT_UK_013,3164.1841253988073,USD,2026-03-31 19:50:20,e8fa:a441:289d:c357:bddd:4229:af2e:e50f,1
sdv-id-RoaLOU,ACC_186,ENT_UK_019,1725.833638595426,USD,2026-02-09 03:02:56,9b8b:1c01:eea3:8fa5:72e8:687e:a678:64fa,1
sdv-id-rfLWzZ,ACC_155,ENT_UK_018,9251.701124677133,USD,2026-01-12 21:24:14,5024:54f9:883b:63dd:2e2f:668a:38c5:aa1b,1
sdv-id-ktHjWm,ACC_211,ENT_UK_004,63314.58171354762,USD,2026-03-28 18:59:39,2784:cc97:7661:f480:199f:35:fb70:4d3a,1
sdv-id-caBvYJ,ACC_271,ENT_UK_015,2257.129951302257,USD,2026-02-10 11:54:14,9732:9998:4e0a:cdef:184f:c88a:782c:41ed,1
sdv-id-jbvoIM,ACC_248,ENT_UK_013,508310.9149533069,USD,2026-01-18 04:42:38,151f:e56b:33c1:f229:228b:238e:a4ca:82b2,1
sdv-id-OlYXhd,ACC_107,ENT_UK_013,941.2762182230176,USD,2026-01-13 11:55:24,754a:b75a:e439:3673:7317:a02f:856d:9321,1
sdv-id-wGrkvM,ACC_248,ENT_UK_002,1042140.087904252,USD,2026-03-10 07:05:37,cd83:cb39:328d:c461:7d27:8667:4f03:a72b,1
sdv-id-JNmBpu,ACC_160,ENT_UK_003,22809.314426876783,USD,2026-04-01 11:06:12,607e:ad36:dab4:349c:6fca:c6c2:71ea:e326,2
sdv-id-kozIHF,ACC_199,ENT_UK_016,543079.7675670702,USD,2026-01-12 08:58:19,357b:a33a:7fb1:2755:3fd4:f2c9:cf05:7b84,2
sdv-id-YAwSzD,ACC_162,ENT_UK_013,71291.94274771886,USD,2026-03-25 04:03:11,a82e:8ade:fccd:c898:85b5:9af6:1a0:2603,1
sdv-id-YCjddR,ACC_253,ENT_UK_006,17004.037327563256,USD,2026-01-06 22:41:16,97fc:fad2:5243:babe:ad4e:298a:217b:9b43,1
sdv-id-tzgLSt,ACC_273,ENT_UK_019,5506.611604204106,USD,2026-02-01 22:54:13,c46a:e0d9:943c:804a:42b9:9422:f7f6:e46,1
sdv-id-VIBHkA,ACC_134,ENT_UK_011,7323.0227396810205,USD,2026-03-10 06:30:31,fb9b:4576:e81f:db27:62f1:308a:da13:b96a,1
sdv-id-sJyEpC,ACC_146,ENT_UK_017,591794.6004739867,USD,2026-03-21 08:32:05,c818:2719:3d4e:1e84:f2ed:a835:f7c7:cd59,1
sdv-id-NLPFAu,ACC_243,ENT_UK_009,555129.3241725329,USD,2026-02-04 05:22:45,e9da:c9a2:9ae9:e8c:3f4a:1040:76c0:d34a,2
sdv-id-qhvKnN,ACC_176,ENT_UK_006,2951.169064312807,USD,2026-03-21 07:54:31,8e7f:c3a5:e6ed:59:a6eb:ae66:6371:228a,1
sdv-id-KkrMeL,ACC_142,ENT_UK_015,38798.135791972694,USD,2026-01-27 02:26:00,f8f:3f45:332d:1e1f:3276:7074:a7fc:265d,1
sdv-id-UpGPEO,ACC_176,ENT_UK_008,29706.705845339613,USD,2026-01-03 14:48:12,4478:7a64:e6f0:39a7:ff2c:c4bf:94f7:a2ee,1
sdv-id-XrTOcW,ACC_142,ENT_UK_004,374373.17397775734,USD,2026-03-12 12:06:53,d90b:ca99:e2c4:209a:dba3:e3c7:dddd:b946,1
sdv-id-DCmXpX,ACC_142,ENT_UK_019,118240.35068981056,USD,2026-01-24 23:50:29,7189:4b85:bf26:8d0c:4a8b:5601:9508:4f28,1
sdv-id-HlthQV,ACC_107,ENT_UK_007,81330.59432723679,USD,2026-01-09 20:41:49,ac3f:62fb:eeb4:f253:331f:1eb0:5132:e6b,1
sdv-id-vvCTKi,ACC_134,ENT_UK_004,2486.078466048584,USD,2026-02-16 01:20:51,c66a:2a7f:ec3f:dce:15de:3f4c:4b14:a690,1
sdv-id-KaAaGP,ACC_271,ENT_UK_010,10190.676982818435,USD,2026-01-19 12:31:14,f62:3052:a987:96a8:f02c:7cf7:90e9:f984,1
sdv-id-cAXWry,ACC_142,ENT_UK_008,249017.2303777092,USD,2026-01-29 03:38:09,9e80:4093:f63:4fbd:8b76:6edf:74fa:e3a1,1
sdv-id-DXHllp,ACC_181,ENT_UK_016,35487.350609138244,USD,2026-03-16 12:34:34,8ee6:458b:8db3:2559:5dcc:9991:a726:637d,1
sdv-id-QEgMDP,ACC_176,ENT_UK_008,42507.75009467948,USD,2026-02-19 18:48:16,ab62:2f77:dc8a:cf81:1e86:1a7b:d9fb:a40f,1
sdv-id-pcrYBW,ACC_196,ENT_UK_008,4734.188071878827,USD,2026-03-15 16:27:47,d929:3260:eb7b:bf26:d31:459:205a:8740,1
sdv-id-PvFufL,ACC_225,ENT_UK_015,41652.878962636016,USD,2026-03-24 20:32:18,595d:64c4:1de4:7ff5:8c5a:632f:67f6:3114,1
sdv-id-ernVKQ,ACC_155,ENT_UK_017,4398.852359957003,USD,2026-01-17 10:47:07,7830:44d4:1cfa:d401:df09:4272:bc2:eb4,1
sdv-id-HKPLZI,ACC_176,ENT_UK_009,146763.81354706766,USD,2026-03-13 09:15:19,8bcc:3675:f5e9:4d41:5772:4a84:ae5a:3482,1
sdv-id-akcBCf,ACC_176,ENT_UK_014,5830.290443806386,USD,2026-02-18 12:10:04,94:f014:94f3:a855:cdfa:6b88:8ceb:67e7,1
sdv-id-bSBCaF,ACC_176,ENT_UK_009,6660.205197942324,USD,2026-02-03 16:47:28,3874:51f5:d47d:49bc:d89f:ba6f:9d7d:44d1,1
sdv-id-IiSiXg,ACC_284,ENT_UK_019,378618.4579647153,USD,2026-03-30 09:35:53,525d:82f3:cb8c:d7b5:a42f:8650:6379:7c27,1
sdv-id-tbgYJL,ACC_171,ENT_UK_016,757128.5962401308,USD,2026-01-20 15:33:58,f1dc:4970:d08:fb93:2f65:8c5:de12:6de6,2
sdv-id-FxDJOi,ACC_294,ENT_UK_001,991081.1527053824,USD,2026-01-17 05:27:11,da6:1424:cd8c:3e16:f529:a1c5:f44d:dbd6,2
sdv-id-YqqADV,ACC_146,ENT_UK_002,1474.7511230224793,USD,2026-02-20 00:23:36,6d9d:4a9:b378:d3d6:fda5:260d:e556:8113,1
sdv-id-WPYVLc,ACC_123,ENT_UK_006,61729.51797192361,USD,2026-02-28 14:08:55,e43e:7c4f:bc6f:c566:4f72:3721:215d:b1c0,1
sdv-id-BZHQzl,ACC_142,ENT_UK_008,34279.32235247604,USD,2026-03-24 14:37:01,20ce:419e:3b33:366c:d4c:f1f2:1ae3:f56,1
sdv-id-Ceznmh,ACC_107,ENT_UK_005,237337.1204541529,USD,2026-02-03 09:13:17,646:e27f:16be:5ff8:dc20:faac:c36c:e0a0,1
sdv-id-stYWhl,ACC_273,ENT_UK_012,1606.255312649751,USD,2026-03-30 22:01:02,aa86:d2c6:b9aa:ac1c:cc35:704b:197e:f99f,1
sdv-id-UNPYoF,ACC_264,ENT_UK_001,8101.331413234555,USD,2026-01-28 17:25:35,aff6:872d:1c3a:bbcd:8af6:5087:92fd:5cf8,1
sdv-id-WlWnzd,ACC_271,ENT_UK_014,494548.0645730356,USD,2026-03-31 19:24:50,e62b:48bf:7f9:2ae3:4e04:f84:40:2d6c,1
sdv-id-YOCBXI,ACC_196,ENT_UK_001,668531.3781410356,USD,2026-03-24 11:59:07,9de:d136:1e32:f835:39fe:9c7e:29bf:863c,1
sdv-id-slHsRz,ACC_176,ENT_UK_017,72710.30491883578,USD,2026-03-06 07:29:05,b6eb:3053:3541:1bd:c2b9:3c08:9dd1:df5,1
sdv-id-ejNPeo,ACC_187,ENT_UK_014,840914.2010861527,USD,2026-04-01 03:14:40,717e:46a8:58dc:448f:6c42:cfc6:e544:c12c,1
sdv-id-WCsEMF,ACC_171,ENT_UK_016,872579.8446579422,USD,2026-01-28 01:06:04,a1a5:bc76:ee5b:1f9d:89ac:a90c:8b8e:6db0,2
sdv-id-hWoATP,ACC_142,ENT_UK_015,124893.73882267487,USD,2026-03-28 07:25:02,5fe0:7a60:5b28:1b2c:2e4a:6280:5f27:c845,2
sdv-id-rAeAvd,ACC_176,ENT_UK_019,942.5139333982868,USD,2026-01-23 05:14:53,69e8:50e7:c1cf:ed55:7e6e:62af:f802:7ec8,1
sdv-id-VqjiOa,ACC_107,ENT_UK_004,2790.0912969809656,USD,2026-01-09 02:47:26,d3cb:6d28:dab7:9b34:6fd5:e169:e617:c2d1,1
sdv-id-FbhnxE,ACC_284,ENT_UK_019,1141897.8938800937,USD,2026-01-05 17:03:47,d5d2:7884:3e58:f5a7:cec5:52ef:574e:556,2
sdv-id-nalTCI,ACC_146,ENT_UK_006,371249.9949902042,USD,2026-03-03 22:52:06,8292:ca91:705e:d02e:7b31:1416:12b6:599e,1
sdv-id-fRkLGO,ACC_284,ENT_UK_011,894367.6126741365,USD,2026-03-17 11:56:13,ef0:dcdc:3cae:b54c:a5c0:5625:5d6a:416d,2
sdv-id-SSdeAx,ACC_142,ENT_UK_016,566901.8779158491,USD,2026-03-12 16:27:27,29a6:8f0a:b768:2e46:f60f:3800:6b55:ea5a,2
sdv-id-tHsbiI,ACC_273,ENT_UK_015,895668.8586417772,USD,2026-02-19 14:33:54,8e9f:cc0f:3f85:1f:4500:404a:239d:d7ab,1
sdv-id-oeVQDm,ACC_107,ENT_UK_007,93475.59051247717,USD,2026-01-23 13:46:49,eab7:f7ec:e734:5a3c:9706:f984:92c5:2bea,1
sdv-id-ZIOdcX,ACC_176,ENT_UK_014,94809.27251102457,USD,2026-03-12 13:59:38,6da0:e1aa:6a18:53de:16f0:e636:bb3b:f797,1
sdv-id-asDFro,ACC_273,ENT_UK_018,42438.209747713474,USD,2026-02-01 20:06:49,4cb:f606:2bcd:43d4:f23c:f1c1:dce6:6e78,1
sdv-id-iaDPsI,ACC_176,ENT_UK_017,22020.718575232673,USD,2026-03-28 12:11:50,a173:db6a:a76f:1c1f:2259:74c:a84c:3b4b,1
sdv-id-CQeFnR,ACC_271,ENT_UK_008,5517.968770929652,USD,2026-01-18 05:51:50,c3b8:cd85:1b48:6c96:6af3:a3f5:660b:c3b9,1
sdv-id-zsIUQK,ACC_242,ENT_UK_006,8629.919864836935,USD,2026-03-29 14:50:24,1e6f:c56b:2632:7493:38a:87f1:4043:1bbe,1
sdv-id-mTVHNj,ACC_171,ENT_UK_001,1033.922425532564,USD,2026-03-10 07:58:11,d6f6:974b:b630:386a:afe8:1038:b03:a20c,1
sdv-id-zqPYaj,ACC_211,ENT_UK_001,1109709.382434119,USD,2026-03-13 15:13:01,e206:9989:c0ff:3431:42b2:d5bb:5477:4fe1,1
sdv-id-aVNdvW,ACC_247,ENT_UK_011,3815.0904667914224,USD,2026-01-08 03:26:36,654f:bb09:58e8:8105:dfc9:5c36:df69:2322,1
sdv-id-lGlzIv,ACC_107,ENT_UK_003,48242.769164186575,USD,2026-02-15 14:14:06,7b3f:8055:85bb:c77:21be:39d9:c98f:71e3,1
sdv-id-tFNKAL,ACC_176,ENT_UK_008,2330.7159363649184,USD,2026-02-27 00:11:31,4209:6a6b:6892:b837:efd2:439e:21bf:ccab,1
sdv-id-ZjJjPk,ACC_293,ENT_UK_012,21563.913758148447,USD,2026-02-02 19:34:03,7ef1:2316:375:2b91:3e36:587f:566d:6a61,1
sdv-id-pCewBI,ACC_107,ENT_UK_001,81164.89044522117,USD,2026-03-14 21:28:50,d6b8:37a3:ce32:80a4:40e4:c3a7:d90:4cf1,1
sdv-id-lhrYTh,ACC_162,ENT_UK_008,106394.03398501276,USD,2026-03-22 19:23:17,462b:9813:3a79:df05:7399:1d1b:e73e:661c,1
sdv-id-FSZwEC,ACC_264,ENT_UK_009,1223.8766275352395,USD,2026-01-31 03:46:10,bb77:f953:7b1c:caf5:60a8:1f17:5a10:b640,1
sdv-id-UUFspC,ACC_211,ENT_UK_011,473938.66559133533,USD,2026-03-21 13:25:03,4e8a:17ec:6dee:8e6f:94bc:9e22:325a:1c1a,1
sdv-id-dFaMrT,ACC_146,ENT_UK_012,171473.63043243697,USD,2026-03-03 19:03:35,309b:7389:e79f:8d6e:a4f2:d5be:aaa4:7cf9,2
sdv-id-kazHSr,ACC_171,ENT_UK_006,90747.35585199104,USD,2026-01-20 01:12:27,3ca1:9fd9:82e:192f:840f:ca49:1831:85c7,1
sdv-id-WYZHXb,ACC_104,ENT_UK_007,930.0795191929352,USD,2026-01-01 09:17:39,fbdf:b38e:169f:7c70:90db:2821:5385:9aac,1
sdv-id-gEHjwl,ACC_256,ENT_UK_005,121384.94047705982,USD,2026-01-26 02:19:26,284a:20b2:7cbc:4209:6818:a160:7dcc:acc8,1
sdv-id-kSQHXB,ACC_211,ENT_UK_005,162103.657628956,USD,2026-03-17 10:22:52,6af1:2016:207c:dfd8:11fa:3f07:4962:24d0,1
sdv-id-TqnVjX,ACC_247,ENT_UK_010,77192.71152205257,USD,2026-03-17 17:13:54,3ccb:779e:66d5:7db2:5f94:e241:3a4a:bbba,1
sdv-id-kCsxrX,ACC_211,ENT_UK_004,488348.43270800874,USD,2026-01-27 21:17:05,758c:14f6:c4f9:bbd1:97c0:7094:768:5e7e,1
sdv-id-dorXNE,ACC_142,ENT_UK_010,1051.2241022728897,USD,2026-02-24 23:31:50,845d:4ebb:8efb:1f0:7acc:7ca4:e597:37ad,1
sdv-id-drDapz,ACC_156,ENT_UK_008,6423.086205523009,USD,2026-02-11 10:18:09,9039:8aed:6e25:d388:e03f:b0f:2f36:77e5,1
sdv-id-lmxqJl,ACC_170,ENT_UK_019,841160.7864255953,USD,2026-01-22 01:17:52,3a90:4589:3102:bec7:55e4:be7b:a512:723d,2
sdv-id-niIjMZ,ACC_293,ENT_UK_013,12626.783014741432,USD,2026-02-03 22:59:31,5b24:36f2:2ed0:fcde:2f56:f364:6bd5:dbfc,1
sdv-id-eWMtvS,ACC_264,ENT_UK_018,130738.48904030208,USD,2026-03-25 09:47:07,8169:62ad:3d0d:2c68:9e94:7847:de09:550d,2
sdv-id-XsylXo,ACC_142,ENT_UK_018,125971.61330530446,USD,2026-03-29 10:47:00,cc61:b088:6a4b:dafc:4df8:6a7c:2374:3bca,1
sdv-id-rybdBg,ACC_196,ENT_UK_005,448671.2185445722,USD,2026-01-25 14:32:34,eb57:a82f:6bf4:82c1:d0af:add5:bf66:f240,1
sdv-id-eTAqvX,ACC_176,ENT_UK_004,991.6427686862947,USD,2026-03-20 17:01:45,dbad:eccf:3e7d:4084:3ff8:f214:6cb7:f796,1
sdv-id-QcfQRB,ACC_155,ENT_UK_004,63755.93864945463,USD,2026-03-01 16:45:37,d94d:1351:e24d:9640:25f4:e2b6:8f41:b8a4,1
sdv-id-Pttkae,ACC_199,ENT_UK_010,26650.864346046168,USD,2026-01-13 08:45:42,a48e:7eaa:b4d3:711f:a0f0:d24c:f6c6:bc13,1
sdv-id-JmhLfz,ACC_253,ENT_UK_010,431265.85417348176,USD,2026-03-26 09:10:03,3b68:c714:1b69:947e:ef4a:6504:40c9:bf0b,1
sdv-id-VnOAOY,ACC_271,ENT_UK_017,824946.9468979656,USD,2026-02-04 04:36:43,918d:a749:b871:4f:4a0e:6c43:edfb:7124,1
sdv-id-elkOov,ACC_142,ENT_UK_019,114409.88345810598,USD,2026-01-02 15:51:02,d7e2:2ed7:7972:f16:8f1:aa2a:eef0:1a42,2
sdv-id-uwUweu,ACC_181,ENT_UK_015,94738.9859085392,USD,2026-02-21 14:33:13,4fcc:2c03:6ac9:f99d:f19:cb32:63c7:c33a,1
sdv-id-IpOiAb,ACC_196,ENT_UK_008,8524.37895157571,USD,2026-02-13 19:51:09,6b0:8844:b65b:2a26:e77f:58f3:f865:731,1
sdv-id-gCdQxw,ACC_186,ENT_UK_017,35858.747955574625,USD,2026-01-11 00:26:58,fd02:557b:2b0c:d4e2:69b1:46b6:18dd:cad6,1
sdv-id-LxQdyz,ACC_253,ENT_UK_010,1113.704590882783,USD,2026-03-27 08:23:35,4453:9e8d:8451:51cc:402c:4555:776e:727d,1
sdv-id-HOwKjq,ACC_243,ENT_UK_003,1465.520667774665,USD,2026-02-06 11:21:28,d91:4954:5846:cd91:a369:5674:a6e2:7f3d,1
sdv-id-ZWMxxc,ACC_273,ENT_UK_015,10427.860921853213,USD,2026-02-18 13:15:29,b2b3:4e5c:1836:3b10:9230:f2a8:8ff0:e7f1,1
sdv-id-CtWMLj,ACC_176,ENT_UK_013,5134.681772622794,USD,2026-02-27 04:01:48,a2f0:9cb9:cf36:6eea:5944:4f47:c00c:6e82,1
sdv-id-HTqqaM,ACC_155,ENT_UK_013,537307.2519625053,USD,2026-02-25 13:58:16,8972:c5c7:f155:21dd:41dc:9cac:7df8:9539,1
sdv-id-PBmmlI,ACC_248,ENT_UK_008,1731.4740682552613,USD,2026-02-06 17:02:16,b2d4:ab30:303b:4d23:5975:4cea:2687:f9c6,1
sdv-id-GTPCKE,ACC_273,ENT_UK_013,652210.596723441,USD,2026-02-03 12:59:50,49c2:bf6b:cb9a:2f5a:da49:c4aa:9e9c:ada9,1
sdv-id-kxlvIR,ACC_156,ENT_UK_006,205158.7082673401,USD,2026-03-02 08:39:04,74b2:f63b:5ecd:dfe1:71a3:4473:fa4e:5bf4,1
sdv-id-iULGjQ,ACC_171,ENT_UK_002,325719.79834111413,USD,2026-03-22 09:35:16,6fbc:5387:ea05:f5fc:11ed:66a:9895:6940,1
sdv-id-fJBhvb,ACC_142,ENT_UK_019,531145.3667952257,USD,2026-03-18 18:24:01,2466:669d:a19b:6e13:489d:dce:8e82:6443,1
sdv-id-pxORBF,ACC_176,ENT_UK_016,979.3606016271028,USD,2026-03-26 00:03:13,8035:7d0:cc75:5f4d:711c:d892:daec:da0b,1
sdv-id-iHQGVT,ACC_176,ENT_UK_012,110209.34466006048,USD,2026-01-27 10:53:14,35ba:6bca:635f:9aff:1a47:45f:56c0:66e6,1
sdv-id-SCWxct,ACC_176,ENT_UK_016,4106.506993977069,USD,2026-01-29 21:31:23,fd18:ed28:b326:814c:f919:a2c8:3a68:be49,1
sdv-id-WMiyzU,ACC_221,ENT_UK_016,55461.22074231788,USD,2026-02-22 07:40:53,a564:9af3:ae75:9ba2:b755:346c:12cf:d65d,1
sdv-id-WpnrgA,ACC_142,ENT_UK_006,54178.49551763114,USD,2026-03-08 13:49:17,2fc5:aed0:3d2a:bb44:eaac:a19f:ec24:ab60,1
sdv-id-aXHSml,ACC_253,ENT_UK_010,130447.35127940812,USD,2026-04-01 19:45:45,a5d8:6fcf:546d:165d:641e:6076:b8ff:901a,1
sdv-id-aVYHRS,ACC_211,ENT_UK_003,437146.0419282554,USD,2026-03-17 13:51:30,ecba:877:3f9:5d4:5554:1e51:bbda:321f,1
sdv-id-ABgHPz,ACC_176,ENT_UK_016,901157.7752987643,USD,2026-02-02 22:08:23,88e4:a9b6:c7e8:e21d:44d1:cc48:dcd1:4b81,2
sdv-id-rZyhlv,ACC_293,ENT_UK_017,131014.620940266,USD,2026-02-04 09:09:55,e3dd:3fce:23b5:7431:a9b3:6a51:40d6:5bae,1
sdv-id-ftWSeW,ACC_160,ENT_UK_012,362892.33112229663,USD,2026-03-14 17:57:45,b6c4:5ee1:deab:924a:4293:5900:29e8:e173,2
sdv-id-MIjjBV,ACC_273,ENT_UK_016,58461.89257587148,USD,2026-03-26 15:11:00,3bed:2584:8a8e:3b32:49f4:20eb:c447:b4d4,1
sdv-id-dTIpfM,ACC_199,ENT_UK_017,184690.17443934272,USD,2026-03-01 07:01:38,5cf8:33bb:18b4:25e3:c8bc:912b:a42c:7c03,1
sdv-id-LRudrY,ACC_248,ENT_UK_005,2823.4048874663868,USD,2026-02-08 17:50:04,e912:d7f4:c947:936d:fdae:a2bf:2d61:4f49,1
sdv-id-cbLNPS,ACC_196,ENT_UK_001,932.3513003309846,USD,2026-02-21 12:40:33,dbdb:d881:c769:2d40:108d:5ff9:2e96:332c,1
sdv-id-YfSqTk,ACC_273,ENT_UK_009,677748.6766934601,USD,2026-03-31 13:26:18,926a:6135:4e7d:7bdf:8642:9345:56c1:dffd,1
sdv-id-lFuLGq,ACC_176,ENT_UK_001,44032.11002879195,USD,2026-03-09 11:18:03,3179:4919:4ba9:5b1d:a3f5:cce1:6c26:264,1
sdv-id-npcZNO,ACC_211,ENT_UK_014,344315.74216755567,USD,2026-01-29 14:04:54,ddcb:9a1f:e091:1a4f:739e:f12d:cbc5:3a0e,1
sdv-id-BZKqMI,ACC_146,ENT_UK_001,162813.9785302594,USD,2026-03-19 01:53:18,7b5:7461:fd1e:93f5:168e:3f3c:ba40:7018,2
sdv-id-RzAzmk,ACC_142,ENT_UK_006,312187.0643170046,USD,2026-03-29 17:57:21,1d11:1cb:8a80:ab51:b27a:11d9:2216:5cb0,2
sdv-id-uAWXve,ACC_155,ENT_UK_001,480212.5128458602,USD,2026-01-28 00:31:34,59fd:d28d:b44d:98b6:1b57:c8cd:26cc:5442,2
sdv-id-llrEOF,ACC_176,ENT_UK_019,80842.27411751643,USD,2026-02-03 23:08:06,c7fd:d755:5037:1277:ade:1f7b:2514:8486,1
sdv-id-YZzaev,ACC_253,ENT_UK_018,12671.318994494692,USD,2026-02-25 14:15:20,688b:99cf:2768:2e25:50c5:deff:7af2:3b7a,1
sdv-id-RRqiWn,ACC_181,ENT_UK_017,645290.0119825857,USD,2026-03-01 20:27:01,d73e:736:b6be:b961:3b2c:5e86:7214:2508,2
sdv-id-vehgwZ,ACC_100,ENT_UK_008,466927.5316175228,USD,2026-01-13 01:16:22,e981:5803:15a1:6698:1ac6:8702:f992:fa17,1
sdv-id-uqeoxx,ACC_273,ENT_UK_003,8864.47935172131,USD,2026-03-31 20:50:19,ec8f:8035:7f0:6703:9db4:7333:3978:e0f2,1
sdv-id-UltVfk,ACC_248,ENT_UK_004,928.1904885927484,USD,2026-03-09 08:55:44,6689:9c68:16cd:be28:a6d1:7d6c:bdf8:6078,1
sdv-id-voIuoP,ACC_273,ENT_UK_008,199748.2857660092,USD,2026-02-10 03:22:17,e64d:7e93:8b0c:365b:1aed:6c3c:a93c:ceda,1
sdv-id-duWwWm,ACC_176,ENT_UK_014,32062.719177319945,USD,2026-03-28 05:25:53,9122:6bcf:6630:e42f:98e:de62:166f:1f8a,1
sdv-id-eUEnyJ,ACC_142,ENT_UK_011,7759.349502685777,USD,2026-03-14 02:10:56,616a:cc68:e02c:67f:e6c9:43ee:998:3b81,1
sdv-id-dJuAVu,ACC_284,ENT_UK_003,54146.59402930619,USD,2026-02-04 00:38:28,1738:550a:f1c0:fbf:7c30:54:e303:5b9a,1
sdv-id-nvYiZa,ACC_142,ENT_UK_018,119563.14721577504,USD,2026-02-02 17:37:19,74c1:8912:5078:6c4a:81df:2684:e0d5:452d,2
sdv-id-CIrAhY,ACC_264,ENT_UK_008,714559.4042843602,USD,2026-01-03 03:51:48,945d:2bce:c62c:3081:bd21:218a:cfe:989b,1
sdv-id-deKQvz,ACC_176,ENT_UK_009,2581.479583806992,USD,2026-03-22 20:18:11,8d8b:ad1f:ad4d:292:7651:dfc8:58d1:16e1,1
sdv-id-mePuBM,ACC_170,ENT_UK_016,30946.492795835184,USD,2026-03-25 07:13:19,f71:9314:4956:4b88:b324:4c13:453a:2769,1
sdv-id-xDzpQL,ACC_176,ENT_UK_005,60060.990496882834,USD,2026-03-29 08:54:38,9d72:374d:9abe:b53e:e013:ab5d:ef1e:4c8a,1
sdv-id-MTPWET,ACC_284,ENT_UK_004,186217.3910118462,USD,2026-01-04 15:45:25,c29f:1308:d0a1:243b:a042:6774:51d8:be2a,1
sdv-id-MsiSfp,ACC_123,ENT_UK_006,1032.25946007704,USD,2026-01-05 18:04:17,8a1f:765f:f375:3a6f:2bc1:cb9d:4f8:a96c,1
sdv-id-LIxeMK,ACC_198,ENT_UK_019,982.0948175102936,USD,2026-03-24 16:40:03,e4fa:8e03:ba12:1bd9:484e:1c19:1a1e:e094,1
sdv-id-jfivNP,ACC_176,ENT_UK_011,1047193.5185783484,USD,2026-02-11 23:35:51,c7c3:6a5d:bf85:eb92:95cc:2d5d:c370:7bd,1
sdv-id-RKnDFm,ACC_176,ENT_UK_005,186841.06829067788,USD,2026-02-01 21:16:03,e5dd:a293:873f:4587:1f97:b6ff:e0c0:570a,1
sdv-id-FfhXvn,ACC_176,ENT_UK_017,176706.7778190427,USD,2026-01-29 05:00:37,5f83:d750:5d82:77cc:2c78:5f94:58a6:27df,2
sdv-id-jPGOKv,ACC_155,ENT_UK_011,37305.273339584215,USD,2026-01-25 21:56:27,e695:c113:5873:bf73:1baf:296a:82a3:42bb,1
sdv-id-RBiBTs,ACC_186,ENT_UK_012,91301.34780347554,USD,2026-01-24 00:03:32,a0e0:687c:76d5:d116:3e5a:f06d:890e:197f,1
sdv-id-rkZAEM,ACC_107,ENT_UK_001,91904.56256707356,USD,2026-02-08 09:11:51,c46c:8b46:f8e4:b6eb:b6ec:b576:f490:b0b,1
sdv-id-AuPlKo,ACC_134,ENT_UK_016,67656.91981974519,USD,2026-01-19 00:23:27,5009:7864:3665:cb14:c6f:67a2:9cd6:6060,1
sdv-id-Qejxde,ACC_243,ENT_UK_019,21367.25645749655,USD,2026-03-14 15:30:15,df9:e8f9:b878:ddc8:b1ec:1788:dcfd:6a38,1
sdv-id-KmSeYM,ACC_107,ENT_UK_006,497329.3420910815,USD,2026-03-04 21:00:08,a221:adc5:a37a:331e:d800:a8b5:5795:bdbe,2
sdv-id-IXpfGb,ACC_176,ENT_UK_001,1269.1915140663575,USD,2026-02-26 10:21:31,43e1:2c54:9b2a:366a:601b:d5ce:94f8:bf19,1
sdv-id-ApPZQz,ACC_186,ENT_UK_018,295623.84174706147,USD,2026-03-11 13:38:57,bd3d:1ed8:9464:79e4:da15:2c2d:11cd:1885,1
sdv-id-ZuSQHU,ACC_211,ENT_UK_006,82211.55130779871,USD,2026-04-01 14:26:57,281e:7c7d:2183:e2d0:fbd7:8bf0:2a36:caa8,1
sdv-id-UhpnoS,ACC_100,ENT_UK_008,231365.56377641583,USD,2026-03-16 03:57:56,aad9:94e3:cd5e:6a6d:a976:10ce:dbb2:d46c,1
sdv-id-JfzEdO,ACC_162,ENT_UK_005,24068.77767913172,USD,2026-03-14 14:52:04,d16f:73e8:f88b:afdd:1893:232d:ed83:e76c,1
sdv-id-PkrcUV,ACC_243,ENT_UK_015,394991.259358754,USD,2026-03-24 14:50:23,c953:60f1:bd74:4c1e:43bc:bdd4:81f7:37ac,1
sdv-id-oKfwxz,ACC_142,ENT_UK_019,605880.2695750052,USD,2026-01-31 08:36:47,3242:7998:9fd9:570e:d27b:dc49:da9c:1afb,2
sdv-id-ZWNFHG,ACC_146,ENT_UK_015,308495.1070033854,USD,2026-01-04 01:47:17,f425:6761:4864:f148:85fa:eb8d:27cd:52ea,1
sdv-id-yOZpfE,ACC_134,ENT_UK_011,52924.77911567368,USD,2026-02-19 14:40:13,88a3:fe19:260e:a052:1fbe:7380:c7ba:4afd,1
sdv-id-nnZyeU,ACC_100,ENT_UK_012,409775.9392120192,USD,2026-03-14 01:36:14,2f5e:49ff:8c4d:5ba3:3d27:a003:a94d:6b6c,1
sdv-id-jCoLpM,ACC_190,ENT_UK_002,21374.530621951744,USD,2026-01-11 21:42:11,185e:c1c9:c636:66cc:d48a:6545:26bb:2f95,1
sdv-id-iXyZtj,ACC_107,ENT_UK_007,33460.069168479364,USD,2026-02-02 11:42:39,a4a8:21ae:861d:1d02:7151:e2c5:8af8:3ee7,1
sdv-id-wJAoEx,ACC_179,ENT_UK_015,101949.7084467403,USD,2026-02-24 00:20:37,8d2f:4fd:e332:eed5:1981:8fe4:34b7:4ace,1
sdv-id-KLYick,ACC_134,ENT_UK_017,31897.55038021662,USD,2026-01-09 04:54:26,41f4:37d:8ad9:ce29:29c8:ffc8:1cbe:6709,1
sdv-id-uHPrkj,ACC_171,ENT_UK_019,252176.4772507765,USD,2026-01-15 01:33:44,326a:a1ec:9844:bb8a:cdcc:6e11:6dd0:600c,1
sdv-id-UwbjYD,ACC_299,ENT_UK_019,32073.943174806573,USD,2026-02-17 06:59:02,3ada:6421:258a:f89c:ec51:b0f0:ddc8:a716,1
sdv-id-sFzLar,ACC_256,ENT_UK_011,60160.853770354035,USD,2026-03-05 20:49:49,e187:fb26:aaa:100b:981e:99cd:3d4f:af6a,1
sdv-id-sNUCGy,ACC_176,ENT_UK_019,1077.8549163188695,USD,2026-02-06 00:28:13,f5ef:e0ce:602b:25ba:694d:1f1:88cb:9e7e,1
sdv-id-boejCR,ACC_100,ENT_UK_003,8394.72748419046,USD,2026-03-18 00:23:10,191a:a4ae:c9ec:bbe3:e313:8044:99cb:a5c0,1
sdv-id-EeXUqX,ACC_242,ENT_UK_007,47345.966539623645,USD,2026-02-11 04:04:33,e3cc:fb13:db64:f4b8:c2e3:802b:a8f2:75ac,1
sdv-id-JruGtk,ACC_146,ENT_UK_007,250063.08384535913,USD,2026-03-03 20:56:06,55aa:b6a0:3c1f:2667:9b4c:1c75:b75:b7d1,2
sdv-id-ipSfDc,ACC_176,ENT_UK_015,1379.7170519077565,USD,2026-01-03 00:50:46,677f:6b07:7828:15c8:cdad:b18e:bad1:9d93,1
sdv-id-dSUZat,ACC_176,ENT_UK_009,141467.03678843076,USD,2026-02-11 19:17:05,3fca:717c:18d:6e0c:f639:622d:5d8f:ef6c,1
sdv-id-hCIuwx,ACC_196,ENT_UK_006,99805.11670278903,USD,2026-03-16 15:09:24,f0ea:2656:fc25:a6f3:3035:85ac:bb6d:8762,1
sdv-id-OMjQbe,ACC_271,ENT_UK_003,1436401.2085684098,USD,2026-01-19 20:32:05,89bb:8fa2:8167:cf69:273f:5b7b:f136:ec1e,1
sdv-id-aOvqKU,ACC_176,ENT_UK_003,113879.61970955586,USD,2026-01-15 11:04:40,3fd0:804c:64d6:7547:9d4c:8369:c5b1:24db,2
sdv-id-HEUvJy,ACC_181,ENT_UK_014,193069.45572398903,USD,2026-01-13 08:57:47,942f:9c34:a66a:3159:7c31:73b5:8ea4:916b,1
sdv-id-CQLZpV,ACC_271,ENT_UK_002,101437.73912547782,USD,2026-03-22 11:04:45,a089:8ac5:b9ce:72eb:faf6:f81a:ee87:6cc6,1
sdv-id-ggyYou,ACC_142,ENT_UK_009,19918.661025604066,USD,2026-01-01 16:36:18,cd10:3c42:aff6:6e3b:2d39:17f7:3d01:dbb4,1
sdv-id-PoXSCU,ACC_186,ENT_UK_004,112084.20134297592,USD,2026-01-24 09:02:20,92f6:1b5e:7236:4d76:326e:7110:a1b5:10e3,1
sdv-id-mqERBq,ACC_176,ENT_UK_012,19715.4213763396,USD,2026-01-16 22:59:20,dc4:68ab:cb50:9592:8273:d13f:17e1:a676,1
sdv-id-tYqoKf,ACC_284,ENT_UK_008,160998.3969011639,USD,2026-01-04 11:40:40,c235:baaf:e16d:edfa:347e:8ccf:ccf1:77a5,1
sdv-id-Elcooh,ACC_155,ENT_UK_008,26919.47894759684,USD,2026-02-14 19:28:53,a479:7882:b497:de5a:51cb:efca:b60e:dcb3,2
sdv-id-TamlSi,ACC_273,ENT_UK_011,181202.72405327111,USD,2026-03-06 14:58:08,2ebf:afe:4e3:b209:606a:e1d4:1d4:91ec,2
sdv-id-ncejqq,ACC_261,ENT_UK_010,4067.021515062821,USD,2026-03-16 17:56:27,ec2c:eba3:72b6:e665:bfb2:e2e:d271:6bff,1
sdv-id-COZgku,ACC_293,ENT_UK_017,41888.33781267777,USD,2026-02-28 16:06:00,c5f4:17f9:8dce:b09b:9dc0:335a:e922:5,1
sdv-id-dHECzm,ACC_247,ENT_UK_008,3446.687886595629,USD,2026-02-17 10:51:47,578c:cd6e:adb9:d6bd:5e55:6333:4103:d909,1
sdv-id-EuTTPI,ACC_107,ENT_UK_015,1228597.6960277867,USD,2026-02-26 17:41:54,55e3:dc98:3732:2036:c438:6252:7436:756b,1
sdv-id-FsMUrl,ACC_190,ENT_UK_016,200953.2716260476,USD,2026-01-05 11:37:14,f7e4:1d14:4cbb:67ea:8c0a:f3db:9d5e:8de,2
sdv-id-EojoGg,ACC_256,ENT_UK_001,150962.4235883146,USD,2026-02-09 15:17:50,cc99:35dd:acfd:8f61:fd27:103f:3a4e:9b32,1
sdv-id-UTJYcv,ACC_293,ENT_UK_007,6922.536927562795,USD,2026-02-11 11:26:36,4bea:2951:2aaf:4382:ad34:5345:4382:bd1f,1
sdv-id-HKayez,ACC_107,ENT_UK_017,16416.337673828446,USD,2026-03-21 06:51:08,c2a3:55eb:3416:1a6f:8479:215b:bd91:af4f,1
sdv-id-ldMleb,ACC_107,ENT_UK_003,95397.27892219748,USD,2026-01-26 15:32:30,7a86:5076:d296:e278:1248:26a2:f612:a625,1
sdv-id-hVfMmn,ACC_242,ENT_UK_001,9132.36847377205,USD,2026-02-21 21:01:52,afb0:362:6ce4:e1ea:e68a:6eb6:9080:e4a0,1
sdv-id-AaXoPl,ACC_107,ENT_UK_003,89149.9743202226,USD,2026-03-08 16:06:30,17b3:30da:b590:9aaf:6a66:1ff0:bca2:a83e,1
sdv-id-eVexrD,ACC_264,ENT_UK_018,173525.1024792866,USD,2026-01-08 07:16:24,c4d6:2e7d:9335:b9bc:b82e:3903:28e1:4ba0,1
sdv-id-irSszA,ACC_146,ENT_UK_014,3143.921962441876,USD,2026-03-30 07:11:02,dbe:bdf5:523d:c054:ab2f:858a:ead0:4650,1
sdv-id-TVGXDe,ACC_271,ENT_UK_013,142199.80612992385,USD,2026-03-30 17:40:56,eee4:687e:e8b1:f57f:2a2e:dc23:2d23:4fb,1
sdv-id-CGCply,ACC_176,ENT_UK_011,90065.89754730955,USD,2026-02-10 15:53:08,9ddd:fbdb:75f7:24cd:8115:1263:9fc7:dfe1,1
sdv-id-ggFpLt,ACC_176,ENT_UK_008,70620.6544927311,USD,2026-03-23 15:31:53,3036:2add:e56d:170d:f165:f5d9:af73:d597,1
sdv-id-tvBSkl,ACC_248,ENT_UK_012,7686.936599225187,USD,2026-01-09 23:44:21,b083:b6ed:61ab:5cb2:51ec:f9c2:3a97:a39d,1
sdv-id-VFJwbf,ACC_186,ENT_UK_002,1169.3353288942385,USD,2026-03-02 22:41:52,75c3:c7d7:c6a1:1255:21e9:c478:2e7f:f2f0,1
sdv-id-QfejBq,ACC_293,ENT_UK_008,857899.6991194002,USD,2026-01-22 10:02:18,31a5:b72e:a813:5e3f:6200:3908:724f:f012,2
sdv-id-hJzSsJ,ACC_273,ENT_UK_016,946.542836722508,USD,2026-01-12 15:57:21,bf33:e746:7e21:f473:83b:8471:bb84:1eb7,1
sdv-id-bUfCVa,ACC_242,ENT_UK_009,275919.4486562179,USD,2026-01-12 19:59:15,e59e:6170:e72d:6d85:3e9a:b655:62d9:10c3,1
sdv-id-ZYQRXK,ACC_155,ENT_UK_014,234115.71263666364,USD,2026-03-19 19:26:36,3854:5f25:7948:1f1b:49a9:4d75:cb2:9cc3,1
sdv-id-eMIrFn,ACC_107,ENT_UK_010,961313.5682494818,USD,2026-02-11 16:10:25,1251:5fb9:f555:d42d:74b1:658f:8b11:7755,2
sdv-id-ozngKE,ACC_294,ENT_UK_019,20516.385046858897,USD,2026-02-08 10:10:00,dd79:b8fc:3b9a:5cab:41e1:48a9:d5ce:5482,2
sdv-id-XHVTWn,ACC_171,ENT_UK_011,1691.8288931263469,USD,2026-03-26 20:28:38,23b4:5c79:2e24:3bae:795d:f75d:12ab:b9bc,1
sdv-id-jWrnut,ACC_181,ENT_UK_019,1380.8528466907535,USD,2026-03-28 02:58:35,d199:af26:dbae:ef0b:4996:3b8f:dc96:1a93,1
sdv-id-csEmFo,ACC_176,ENT_UK_014,2472.5401127974255,USD,2026-01-29 09:16:02,c96e:35b2:97a8:8039:fe14:cbe5:63b6:5d89,1
sdv-id-tzFzbl,ACC_211,ENT_UK_016,10189.436072933198,USD,2026-02-16 10:37:36,d37a:43ba:9df4:1f09:cbbf:54e4:f8e2:25cc,1
sdv-id-ynhAmW,ACC_284,ENT_UK_004,301918.0093998826,USD,2026-01-02 11:08:07,29dd:b2fb:5390:70b:117f:d622:e442:9dc1,1
sdv-id-FCQdTM,ACC_142,ENT_UK_010,99542.99460699593,USD,2026-04-01 12:01:31,c770:2f8d:a380:d12e:6991:c8a8:9b11:ebd0,1
sdv-id-QpVwTa,ACC_253,ENT_UK_013,546125.7707300565,USD,2026-01-09 10:34:40,7ab:e2a8:2076:3199:4ea9:1028:e7e:1c16,1
sdv-id-vKsWDj,ACC_123,ENT_UK_017,2669.72228275867,USD,2026-01-28 09:39:22,dcfc:ceb6:8369:4026:dff2:b0dd:9a24:7dd1,1
sdv-id-GzrGYW,ACC_189,ENT_UK_002,53831.61204780748,USD,2026-03-29 12:27:24,6a50:2c62:ca47:4646:e72c:2b52:c12c:acd7,1
sdv-id-wlTEyw,ACC_176,ENT_UK_007,927.8675778075608,USD,2026-03-09 06:11:33,970:d1a8:f42f:e31a:26b6:4447:d1ec:c721,1
sdv-id-BfOMQI,ACC_211,ENT_UK_008,453709.55875186936,USD,2026-01-21 22:48:31,9077:32b3:a36e:b72c:ca90:5386:7f06:b821,1
sdv-id-LqglgG,ACC_176,ENT_UK_010,39541.55957457693,USD,2026-02-22 14:06:52,ac6b:b8b4:290:16cb:cdc3:de55:d7bf:915e,1
sdv-id-vsrGOA,ACC_196,ENT_UK_008,31719.67018870721,USD,2026-01-31 11:13:03,3447:266:45e4:7ded:eda5:204d:3768:9147,1
sdv-id-SGEYFb,ACC_164,ENT_UK_009,13536.212858285662,USD,2026-01-20 11:23:08,1536:57a3:d531:7af:338:1d7f:57b2:a7a3,1
sdv-id-hJddLp,ACC_187,ENT_UK_006,238628.93136701576,USD,2026-02-28 05:20:22,b799:ad60:2394:a92e:e1ec:3c9c:8057:9e82,2
sdv-id-RFOKRO,ACC_211,ENT_UK_014,54738.27430151098,USD,2026-01-15 19:40:58,8f0f:468b:5889:3345:6320:e6fb:e856:66f8,1
sdv-id-CaGzqL,ACC_146,ENT_UK_011,425565.77763942705,USD,2026-03-07 15:16:53,3910:2a53:3f9a:d2c8:391e:e0fa:3c2e:a346,1
sdv-id-OmQaBW,ACC_284,ENT_UK_008,938.0589644321084,USD,2026-03-16 23:50:16,a881:f77:77b2:50d1:3c5d:d155:5e3d:679b,1
sdv-id-NhXcjo,ACC_134,ENT_UK_014,62791.752262604496,USD,2026-03-12 19:44:21,5420:8984:cb04:314f:e1dc:b34b:228a:fce4,1
sdv-id-JtvtSj,ACC_299,ENT_UK_017,13309.157524063969,USD,2026-02-10 19:19:44,7a0a:ee36:ce6e:c9f5:74a:99c0:4e43:4941,1
sdv-id-WZWGmX,ACC_181,ENT_UK_015,1411311.2421426747,USD,2026-01-21 21:05:26,191e:15e6:c9fc:e147:fa52:7261:c25:4637,2
sdv-id-yXeQtu,ACC_271,ENT_UK_016,127364.3530984788,USD,2026-02-26 18:07:19,c6b0:8a4:219b:166:44f6:df2e:b813:aca8,1
sdv-id-XGTGfa,ACC_171,ENT_UK_019,62188.46135471998,USD,2026-01-12 04:24:00,5021:f16f:12b9:7d7c:2400:fa9e:fc79:8bc5,1
sdv-id-ecgoGh,ACC_211,ENT_UK_008,205559.49066790583,USD,2026-02-09 09:19:29,765c:5abf:50ba:c65a:479b:1e0d:f8de:59c1,2
sdv-id-GqpCUs,ACC_171,ENT_UK_008,3475.376273632721,USD,2026-03-30 21:15:03,be3f:ffe9:692b:9bb5:21f2:6219:86d0:bc50,1
sdv-id-PhYaHG,ACC_225,ENT_UK_006,32937.17180429799,USD,2026-01-05 10:48:35,dc8b:31b8:f6bb:b63a:e12c:b4da:439f:9ca3,1
sdv-id-slBZbm,ACC_243,ENT_UK_009,929.110890446246,USD,2026-03-18 08:45:28,1618:6ea1:9d1e:e9a2:1984:60f2:b6f1:8fec,1
sdv-id-ggpJuW,ACC_293,ENT_UK_004,46080.47143954979,USD,2026-03-19 16:11:05,cb3b:c2be:2f3a:20c:ad6:39f6:3e29:2e24,1
sdv-id-CzTHWu,ACC_171,ENT_UK_015,62747.53053559821,USD,2026-03-07 16:03:51,3ec6:bdf4:7360:b824:c173:50a:9f21:db1a,1
sdv-id-tdNTQN,ACC_107,ENT_UK_001,930.9287649281084,USD,2026-01-11 15:46:57,cbd6:526:76b5:ffe9:627d:d2bf:929:6286,1
sdv-id-vNZjBZ,ACC_176,ENT_UK_011,1035.9950758408954,USD,2026-03-23 10:23:25,a2fd:ea56:d946:75cc:ed10:5265:f0f8:9086,1
sdv-id-PQLSma,ACC_171,ENT_UK_004,997407.86142686,USD,2026-01-29 01:32:18,d917:b313:19c1:382c:4f81:6e41:7cc1:9f84,2
sdv-id-XzYwJD,ACC_123,ENT_UK_016,14966.043840175656,USD,2026-02-24 18:33:40,43b9:5be7:1b07:a36f:3fba:6bea:33e3:20db,1
sdv-id-ZrvVnh,ACC_156,ENT_UK_018,74773.49416246655,USD,2026-03-17 01:46:29,a787:ae1a:9354:3ed1:1a72:e408:255d:ca96,1
sdv-id-OJCjZk,ACC_211,ENT_UK_012,106314.98668383654,USD,2026-01-26 23:02:50,f3c4:3bd2:ccaa:f582:a21c:1e87:b06e:1dae,1
sdv-id-rftzWS,ACC_155,ENT_UK_008,3478.9063172757083,USD,2026-02-21 18:46:28,c25:db12:6c16:daed:c925:8cd7:7671:ca72,1
sdv-id-iqAJRe,ACC_142,ENT_UK_016,195767.8333372849,USD,2026-01-02 03:54:43,9533:5b8b:d28b:6ff1:8e7b:5fff:e2c4:2842,1
sdv-id-ztbOCh,ACC_181,ENT_UK_005,615020.6839002955,USD,2026-01-29 02:44:22,79c8:a019:a52d:ef1c:8df1:d52b:b982:b50a,2
sdv-id-VDsjtb,ACC_225,ENT_UK_009,529791.0224185792,USD,2026-01-15 02:24:47,aa2b:e806:8cbe:538d:5cd1:cf59:a7e4:9952,1
sdv-id-ZIAhEd,ACC_181,ENT_UK_002,619803.1383107255,USD,2026-03-10 16:06:45,898a:5e19:c596:ce8c:b0e8:3f8d:802f:c9dd,1
sdv-id-BRcwmn,ACC_225,ENT_UK_015,36118.99608374256,USD,2026-03-28 10:53:01,382e:82fb:db83:3132:b58c:fab9:e01b:6262,1
sdv-id-FnZNTi,ACC_293,ENT_UK_019,198700.0537773909,USD,2026-02-26 03:32:21,a237:8af3:32ba:e95:e080:4d97:e8fc:77c1,1
sdv-id-weTJiS,ACC_142,ENT_UK_005,225631.34153434617,USD,2026-03-16 05:29:41,3810:e345:5450:44b0:183e:3fc8:5956:aa30,1
sdv-id-XQEKHs,ACC_186,ENT_UK_012,201517.03509304015,USD,2026-02-07 18:49:49,226f:923b:47b4:1c71:372e:7598:3e2d:26fd,1
sdv-id-LGGjyu,ACC_181,ENT_UK_011,495832.1333562004,USD,2026-02-09 11:39:33,251d:41ef:174a:2a01:c769:cd84:b782:d681,1
sdv-id-uAxgoB,ACC_273,ENT_UK_009,3821.234185347927,USD,2026-03-21 06:29:17,76d8:c976:dd39:a57c:9d0f:4a3b:470d:2677,1
sdv-id-ZQRTuI,ACC_199,ENT_UK_007,3696.5752710738766,USD,2026-03-16 11:51:46,cc64:afbf:28b2:f736:bb87:a1e5:3295:b410,1
sdv-id-OFJlaO,ACC_160,ENT_UK_012,317324.2672775467,USD,2026-02-17 14:49:12,700f:eeb1:7af7:a96f:b7e2:cab2:be6a:bca6,2
sdv-id-RrHMLS,ACC_171,ENT_UK_005,4577.682966983538,USD,2026-02-02 13:24:49,1955:52bf:3bdc:9a69:b0c6:5fe2:4f94:ca79,1
sdv-id-vMRNwO,ACC_186,ENT_UK_009,1610.4038734944545,USD,2026-01-03 06:46:18,2ed1:e097:a147:f068:7243:438a:c967:e556,1
sdv-id-tYEyuM,ACC_100,ENT_UK_011,1765.89987127677,USD,2026-01-04 09:03:27,ef76:dfb2:aa25:dfa4:d746:5815:cfc0:455b,1
sdv-id-uylQyY,ACC_107,ENT_UK_009,464770.58911799965,USD,2026-03-21 05:45:26,e073:fe:34d8:c674:23f8:4c53:3bb9:946d,1
sdv-id-LEpJuj,ACC_176,ENT_UK_005,27416.332939313357,USD,2026-02-03 21:22:05,aa98:c409:e230:f557:f616:7f1f:6220:a9f0,1
sdv-id-qCwgYs,ACC_142,ENT_UK_005,476599.14537479286,USD,2026-01-04 20:35:52,4a56:f487:9608:f775:8ca3:f014:68de:894a,1
sdv-id-RfRoWt,ACC_186,ENT_UK_015,310785.8581164275,USD,2026-01-21 10:41:36,1633:4b2f:151b:bda8:a242:ab86:b879:6e85,1
sdv-id-TTvJdw,ACC_176,ENT_UK_004,613351.1449839558,USD,2026-01-02 08:49:39,ad9c:7b8:424c:c4e5:7ec0:8954:a5d1:b8d6,1
sdv-id-FrAvoC,ACC_146,ENT_UK_014,168354.72368955374,USD,2026-03-01 08:11:54,c28b:9894:a53e:feab:5b93:1d06:9b4f:f9f7,2
sdv-id-FVDhOG,ACC_171,ENT_UK_013,649641.7623379455,USD,2026-02-16 22:24:52,bbd9:f15:1cb4:39d4:ba3b:b20a:34ba:151,2
sdv-id-hPewUo,ACC_171,ENT_UK_015,514949.2458394714,USD,2026-03-15 19:37:41,c741:8a3b:6e9b:52b:253f:fdec:60f0:646f,1
sdv-id-YAitzC,ACC_142,ENT_UK_001,301592.42550883477,USD,2026-03-04 08:23:02,25fb:a77b:e90e:d755:bbc8:5aab:ba73:8163,1
sdv-id-otIolU,ACC_176,ENT_UK_015,181795.34796341747,USD,2026-01-19 16:03:00,dd3:f5d7:253f:b7c8:cfa2:f4:670d:d692,1
sdv-id-SDxMVH,ACC_225,ENT_UK_018,5070.260416485047,USD,2026-01-15 15:56:32,a07f:1c64:d9e0:7aeb:3799:115b:c64b:a12e,1
sdv-id-afTLjS,ACC_271,ENT_UK_004,51661.967463174034,USD,2026-01-31 07:19:52,8e9b:902f:78b7:18b9:ec00:bddc:6f67:2deb,1
sdv-id-aKfCOv,ACC_211,ENT_UK_002,53904.279868022335,USD,2026-01-21 05:40:23,abb8:1a0:c219:5701:e6ca:21d8:cd27:fcf1,1
sdv-id-bnXkXf,ACC_134,ENT_UK_012,1237.1160794590633,USD,2026-03-20 19:24:01,98b9:6cf7:a233:c708:d4da:dead:4a2:d5b5,1
sdv-id-VjeSte,ACC_142,ENT_UK_004,8061.144823559984,USD,2026-02-09 16:36:39,8d1f:9e61:4b33:aecc:2b17:3ab:295:82c5,1
sdv-id-SLEojb,ACC_299,ENT_UK_016,167466.9996489246,USD,2026-02-06 16:42:21,3406:34b1:ac8c:d3d:bd8d:c00e:52c1:b9c5,1
sdv-id-DhCzip,ACC_156,ENT_UK_005,750688.2529750072,USD,2026-03-07 22:21:38,4b41:6804:8bd2:11ef:86e8:3c55:c166:3b6b,1
sdv-id-SqKOzq,ACC_273,ENT_UK_004,129762.33055772728,USD,2026-01-26 11:09:33,e1f1:7fda:2c57:b737:7443:7af3:aa0d:92b1,1
sdv-id-CrSZbG,ACC_164,ENT_UK_006,3267.9167598089107,USD,2026-02-13 16:40:55,7411:b6bf:c216:4740:96f2:c975:43fe:4e9,1
sdv-id-ZXjfhK,ACC_176,ENT_UK_015,118166.58757920476,USD,2026-01-08 21:12:08,7638:424c:c335:16e5:c663:3cd7:c878:7ce,1
sdv-id-gSaBLj,ACC_273,ENT_UK_019,71019.44192366977,USD,2026-03-27 22:18:57,c4a3:49be:2e8:dfc6:d278:662:3e59:91b2,1
sdv-id-fUMqqt,ACC_243,ENT_UK_016,302017.28761274985,USD,2026-01-29 12:43:12,9f42:699d:c8d5:5378:9165:7819:2de8:e2f0,1
sdv-id-AzyHPk,ACC_107,ENT_UK_016,153395.60541072878,USD,2026-02-20 13:34:13,79ff:c171:9d9d:52fd:fb52:907c:56dc:c8b0,1
sdv-id-ttoKqw,ACC_146,ENT_UK_006,105683.62514521345,USD,2026-02-14 18:26:26,1cd3:d8ae:aa10:e60:eea8:8f98:9fb8:9e8e,1
sdv-id-NKYXKK,ACC_176,ENT_UK_011,114957.7086171252,USD,2026-01-09 08:32:51,fb15:9692:a3dc:adc2:927d:7c1d:a485:1eef,2
sdv-id-QUtzIw,ACC_171,ENT_UK_002,70187.18307610112,USD,2026-01-20 12:17:45,7944:ba9:bc29:5b53:91a:a77:20fe:f81d,1
sdv-id-WDLqNb,ACC_264,ENT_UK_019,460070.123098417,USD,2026-01-15 19:35:49,c27b:183c:68fd:4bc6:ba00:47e7:1f5a:5b63,1
sdv-id-VoYzkC,ACC_107,ENT_UK_017,26602.88660313962,USD,2026-02-05 16:52:34,a6f7:11e4:7da9:1b54:45a2:8535:a5f3:99cb,1
sdv-id-eGKGvZ,ACC_134,ENT_UK_017,15563.791786399546,USD,2026-03-13 19:08:38,8b5d:f2d2:2ba0:f69f:9eea:f1b3:184e:f0b6,1
sdv-id-rDejFI,ACC_187,ENT_UK_014,548382.7189473718,USD,2026-02-06 03:59:32,aa4d:8c46:9c5a:31fa:db39:dc78:e8de:2d8f,1
sdv-id-KyIEYu,ACC_199,ENT_UK_005,87184.93358835469,USD,2026-01-10 17:29:54,4d04:3273:830c:755e:958e:3859:4946:48d1,1
sdv-id-uTOURi,ACC_171,ENT_UK_015,198089.8030001023,USD,2026-03-27 07:37:04,fc5d:45d7:6f0:1196:5595:8f46:9abe:9985,1
sdv-id-uPZyZQ,ACC_176,ENT_UK_008,8807.155918916269,USD,2026-01-03 08:46:45,bc77:d40c:61aa:b7a:36d5:b573:1746:8ec4,1
sdv-id-ktvPKx,ACC_176,ENT_UK_012,615129.1227731912,USD,2026-03-13 22:30:07,1be0:4dd8:c22a:994a:3576:56d6:8f9e:f249,1
sdv-id-GiOrNg,ACC_170,ENT_UK_005,8486.264045681855,USD,2026-02-15 13:01:22,2b15:9c17:7dc7:d238:b271:e76f:6e61:3b0d,1
sdv-id-BfNolE,ACC_271,ENT_UK_011,2114.758008812823,USD,2026-03-24 10:42:19,2d02:2793:156d:b88e:c9fa:7cbe:973a:8ece,1
sdv-id-pcoohc,ACC_146,ENT_UK_014,125353.81659531398,USD,2026-03-25 05:25:39,3ec3:2eab:f18b:e926:953:6e69:bf1f:8e88,1
sdv-id-bLquDA,ACC_243,ENT_UK_008,22377.92970769283,USD,2026-02-25 04:47:40,9bc6:12e0:a6:1969:58f5:f012:9bba:3a75,1
sdv-id-FfVFIo,ACC_176,ENT_UK_015,42916.6844421656,USD,2026-01-06 01:49:48,cf2d:1d97:9a7:2c90:fa7d:865:5b03:cdcf,1
sdv-id-sELuSv,ACC_142,ENT_UK_018,234067.40354497684,USD,2026-01-09 05:02:05,1304:abe4:58fb:b2bf:d308:b641:998c:a5a3,1
sdv-id-xIAFrB,ACC_176,ENT_UK_014,532668.0131606454,USD,2026-01-08 22:33:34,e8d:1b10:7fe7:f6cb:79dc:a40c:1bfd:8441,1
sdv-id-SRcHVr,ACC_256,ENT_UK_001,3882.539070413181,USD,2026-03-04 01:31:17,116a:acf9:a4a9:3e57:e3f4:b65:95c9:ecd0,1
sdv-id-AsQfjF,ACC_176,ENT_UK_005,169402.22820004632,USD,2026-01-03 15:05:05,269c:9072:7031:dcfa:30e:15fd:b2ab:2a42,1
sdv-id-CnuFdu,ACC_293,ENT_UK_003,31796.106633025494,USD,2026-04-01 01:20:40,f439:aeeb:eda6:dbe8:e0c3:1bab:8dcd:74c2,1
sdv-id-kxzUHV,ACC_273,ENT_UK_010,95182.14641122206,USD,2026-02-26 03:10:32,9c25:a1b7:f2e:2114:38f9:f781:d03a:7870,1
sdv-id-zXadLZ,ACC_211,ENT_UK_006,49580.97695357518,USD,2026-03-28 09:28:59,2668:b34a:e90e:df04:1e8b:527b:b4e0:9f64,1
sdv-id-NvqELN,ACC_142,ENT_UK_004,25292.59306475129,USD,2026-01-29 11:34:21,1a86:122d:a4ff:8bb6:c3f7:3e0f:559d:6d8c,1
sdv-id-kzXuco,ACC_176,ENT_UK_001,945.2921737579692,USD,2026-03-17 10:41:38,badb:d862:bab2:2301:583c:4094:bbcb:b1b,1
sdv-id-pIhpff,ACC_211,ENT_UK_017,33685.692447125184,USD,2026-03-18 22:02:26,bb37:96ce:e267:1886:6afc:2a36:a217:523f,1
sdv-id-jfUWRP,ACC_162,ENT_UK_004,1680.5409928438714,USD,2026-01-13 07:18:13,7d4f:f76:b86e:c3e5:3da7:e85a:34f7:971b,1
sdv-id-qWKLbv,ACC_271,ENT_UK_002,6866.764440090203,USD,2026-01-01 04:41:17,5fe9:5417:f2b3:ed2f:d491:5666:38f3:3c19,1
sdv-id-oQhdvU,ACC_186,ENT_UK_014,620442.4668233531,USD,2026-03-28 17:52:26,e36:516e:eeab:2dc3:40cd:cbfe:8552:24ab,1
sdv-id-mLIrKb,ACC_142,ENT_UK_016,3940.626413972312,USD,2026-03-15 12:27:06,9a79:8d5c:75ba:1a31:a2c7:7d25:bebc:c299,1
sdv-id-CDhxMP,ACC_211,ENT_UK_001,665315.4544404276,USD,2026-01-11 14:41:46,ad34:2ebb:5418:c99d:268d:977b:5177:6f3a,2
sdv-id-EDnLQV,ACC_155,ENT_UK_001,381172.3479185251,USD,2026-03-21 15:47:35,a7de:64c0:18c0:c226:e173:eeef:3789:8cbd,1
sdv-id-KVpSOw,ACC_225,ENT_UK_014,86962.45027460706,USD,2026-01-22 20:57:32,8937:c84f:3d04:b72c:ead2:9ace:33d1:c624,1
sdv-id-sbRBQX,ACC_142,ENT_UK_007,11130.529759487385,USD,2026-03-30 10:58:47,1020:3f53:173b:6805:41f1:7b50:e228:4d8c,1
sdv-id-EXLywG,ACC_176,ENT_UK_010,3188.337876532599,USD,2026-02-02 04:54:44,55e9:b9e:3abe:f362:a834:bca4:44ab:1ba,1
sdv-id-lEDynK,ACC_247,ENT_UK_019,267970.2373219587,USD,2026-04-01 09:38:39,de3f:b1a:cd13:ab9f:29d1:78d0:9dcf:f6d1,1
sdv-id-ZvvCDK,ACC_271,ENT_UK_002,90088.4769138014,USD,2026-03-15 01:16:47,aab3:6391:29fd:c840:e326:4996:5331:b0a5,1
sdv-id-duNVyp,ACC_242,ENT_UK_019,366660.15219825855,USD,2026-03-09 17:13:59,21c1:aa6e:2b78:af2c:5d96:5abc:abbe:6c5,1
sdv-id-NZRLkH,ACC_264,ENT_UK_013,2121.542925615838,USD,2026-01-03 13:56:20,515e:e731:bb66:c1ab:dcb3:a204:d698:68dd,1
sdv-id-ChOenR,ACC_225,ENT_UK_011,618558.2983433777,USD,2026-01-29 10:39:30,70b2:df5c:6c77:6e7e:6bd8:52f9:e25b:c01e,2
sdv-id-JTNemM,ACC_225,ENT_UK_011,196920.9461202497,USD,2026-01-08 06:43:33,df7a:dc0d:735c:d9d0:1732:3763:f049:c1ac,1
sdv-id-dRIcUF,ACC_243,ENT_UK_019,211876.75067714317,USD,2026-03-30 07:22:21,ce57:1c85:9054:8b39:46af:728f:f73c:d7e0,2
sdv-id-iaNsYQ,ACC_186,ENT_UK_015,5052.406852166617,USD,2026-03-18 22:42:14,94c4:db04:b603:5bc8:84a2:42f5:88d7:e840,1
sdv-id-xVqutk,ACC_146,ENT_UK_014,1104233.4168529685,USD,2026-02-23 11:11:37,e100:cab0:22dd:9b68:f2a1:fea3:dabe:374,1
sdv-id-McRWvy,ACC_142,ENT_UK_014,1559.059533047417,USD,2026-02-22 13:22:06,74f6:9d55:bc6b:cb73:466f:b86a:f182:1732,1
sdv-id-ZGaXgE,ACC_293,ENT_UK_004,236415.82441072472,USD,2026-02-11 15:38:19,3759:800e:3a2b:8f35:1b32:a62a:c76f:d317,2
sdv-id-jbNcCP,ACC_146,ENT_UK_009,8580.92067592191,USD,2026-03-31 10:26:13,d65b:aaff:683b:a764:d934:5600:ea5c:a23,1
sdv-id-mzWjnG,ACC_189,ENT_UK_008,1162.6940351317835,USD,2026-03-03 21:37:46,32d:75df:f0f8:d52c:9191:fd10:92c1:9ef6,1
sdv-id-mUXMMs,ACC_294,ENT_UK_010,994.9480837283724,USD,2026-03-31 03:32:23,97e:2b76:528:62d3:8b41:84fe:7751:f0a4,2
sdv-id-LjylTM,ACC_162,ENT_UK_009,13986.812360753858,USD,2026-01-03 02:33:58,cd9a:d330:f32c:a2c4:5ea2:e184:75f4:9137,1
sdv-id-nZKjdN,ACC_225,ENT_UK_012,946.39152031613,USD,2026-01-27 08:01:07,8d88:32da:88e6:bdf1:d94e:e6fe:803c:ca9,1
sdv-id-oaCAQp,ACC_171,ENT_UK_013,3017.4608151481793,USD,2026-03-24 13:17:03,1141:c1ca:a638:a64:c8e:cd6f:b68c:6d93,1
sdv-id-dvPrin,ACC_171,ENT_UK_013,421946.0855173944,USD,2026-03-17 02:36:42,8919:d232:f9f5:f7da:edc6:d880:e458:f34,2
sdv-id-tWiWTc,ACC_100,ENT_UK_018,74406.80123659027,USD,2026-02-05 16:49:36,55f0:c3c3:68f9:df91:ba06:aca0:d35a:ad93,1
sdv-id-ZPLlKd,ACC_211,ENT_UK_002,165598.98476866,USD,2026-02-25 05:47:58,f2ed:840b:a044:a00f:e95a:56d6:4830:b4a0,2
sdv-id-zSpjOi,ACC_176,ENT_UK_010,185246.17923706828,USD,2026-02-11 03:06:09,db47:bf1d:c147:d8ef:bc58:71da:ba4a:118b,1
sdv-id-pEYeFb,ACC_176,ENT_UK_011,26105.122851726595,USD,2026-01-05 19:29:50,d8a:9ce2:de71:67a:2cad:6fa:c751:a70b,1
sdv-id-rZZwlU,ACC_211,ENT_UK_019,14171.363486945516,USD,2026-03-21 08:33:20,200:b68b:3b11:dbea:1cc1:c302:d6f2:6e,1
sdv-id-dPGNCs,ACC_225,ENT_UK_005,2874.6867561309627,USD,2026-02-07 13:47:11,6f05:dde8:3642:c741:b227:bdf9:893c:1097,1
sdv-id-jLjiyy,ACC_271,ENT_UK_019,212612.744472196,USD,2026-03-22 01:14:17,9c24:f96f:88b8:e35f:3076:b544:5b09:d36,1
sdv-id-JdujDw,ACC_211,ENT_UK_003,117170.99435419272,USD,2026-02-03 18:57:27,f5bc:d4d4:8262:167e:6f55:3136:fa02:abcb,1
sdv-id-vJrlyy,ACC_107,ENT_UK_005,849880.1460473055,USD,2026-04-01 12:46:17,b5d8:cae0:f37f:511b:e989:9746:bba4:e0e5,2
sdv-id-TTnZmK,ACC_171,ENT_UK_007,372639.4329755316,USD,2026-03-27 09:01:42,88f7:c9fe:44a2:58b:1e97:5d94:3da:c5eb,2
sdv-id-LNIIsY,ACC_247,ENT_UK_008,30860.11044728918,USD,2026-03-29 06:57:34,310:3283:5202:3da8:d01b:4931:c158:7329,1
sdv-id-KsmLIZ,ACC_264,ENT_UK_011,88380.27982887936,USD,2026-01-11 16:57:36,4612:7bcf:9c4b:2a40:79d0:ac77:1234:8ef3,1
sdv-id-OIFUTi,ACC_293,ENT_UK_014,65566.78853720274,USD,2026-03-01 00:20:21,18fb:3a6f:5941:39ee:fcc2:edb8:231b:ceb6,1
sdv-id-kEeLsu,ACC_134,ENT_UK_017,50206.88149190098,USD,2026-03-22 12:25:58,5302:31ad:e93d:bd8b:3602:d6cf:c40f:8343,1
sdv-id-CWHBBw,ACC_171,ENT_UK_001,3749.048984809707,USD,2026-02-05 18:24:57,ff0e:45be:18da:17ac:39c5:ba74:98b7:f021,1
sdv-id-voAeAa,ACC_134,ENT_UK_008,18347.065457500405,USD,2026-01-13 12:55:14,b5c0:6835:de81:828d:2772:2234:c247:580,1
sdv-id-dbEJxs,ACC_155,ENT_UK_012,320088.89234875276,USD,2026-01-27 06:58:08,b6bc:b023:58dd:1c87:ad12:5d37:9296:87ba,2
sdv-id-AtPrcP,ACC_107,ENT_UK_003,9807.645343889217,USD,2026-01-30 23:52:48,df1e:8008:b3ab:ad15:bd8c:915e:92de:2a44,1
sdv-id-RvhIgq,ACC_225,ENT_UK_009,246934.12850496444,USD,2026-02-01 11:50:34,5c8:25b3:92e6:4324:9ea1:68e5:7b59:b5ae,1
sdv-id-bKHaGw,ACC_181,ENT_UK_003,7823.663809354836,USD,2026-03-18 14:18:08,90ff:53d8:e583:9ce9:3b42:fd1c:ee8:f4b7,1
sdv-id-YIUEDv,ACC_284,ENT_UK_012,147732.5565991064,USD,2026-04-01 12:00:09,508a:90c8:9db9:1a8:94a0:af20:f59a:87a1,2
sdv-id-QYMbvG,ACC_156,ENT_UK_015,258463.3085804208,USD,2026-03-07 05:35:23,a392:d39c:2e9e:fbd9:3fd0:48d0:4bd1:4818,1
sdv-id-GUxaHD,ACC_107,ENT_UK_007,66739.96972442296,USD,2026-02-13 04:29:55,2842:60e5:da8b:a152:e3a:1cb5:1985:1b8c,1
sdv-id-zPmayH,ACC_253,ENT_UK_019,2380813.778387281,USD,2026-01-27 23:32:55,6098:bf5f:e63f:b565:7c15:5583:21b4:2ac5,1
sdv-id-GVDUCK,ACC_107,ENT_UK_001,3334.359647846574,USD,2026-03-05 06:03:51,77dc:e6d7:e195:9bb7:762f:4102:9df2:93f6,1
sdv-id-eAhExt,ACC_162,ENT_UK_006,1102.2953681844658,USD,2026-03-24 07:59:48,69d1:d7a:8b58:4334:dfe3:78af:fe66:e621,1
sdv-id-pJCRED,ACC_248,ENT_UK_004,115143.26288503152,USD,2026-03-17 00:11:50,ee81:396f:9905:f11d:3fd9:69e4:7dc6:6393,1
sdv-id-lwSyOE,ACC_176,ENT_UK_008,87442.63620808696,USD,2026-03-15 20:12:14,a27:bd0b:89d:f559:b68c:b141:d04c:4751,1
sdv-id-vyiwof,ACC_198,ENT_UK_011,57539.8440262366,USD,2026-02-19 14:58:59,8eef:28e6:6780:933a:5bc3:f7d4:3d2f:447,1
sdv-id-qpSdaI,ACC_146,ENT_UK_019,1472.774379257134,USD,2026-03-02 03:07:09,81d3:130c:b3ca:107:f912:ea2d:8e6f:5fdb,1
sdv-id-heKEvG,ACC_186,ENT_UK_018,283793.57915761066,USD,2026-02-15 09:17:03,39d6:60d6:90f3:4c16:e931:4221:a17f:724a,1
sdv-id-FuECeu,ACC_156,ENT_UK_009,957.197930485703,USD,2026-01-30 03:19:40,9c7c:b565:c9cf:4ee1:378a:fd79:c4cb:b1,1
sdv-id-rfPXeJ,ACC_170,ENT_UK_007,148074.3347612058,USD,2026-03-10 19:13:22,935f:b2a3:1a1c:ff6e:b57:895d:8c6a:800a,1
sdv-id-pKBsKR,ACC_176,ENT_UK_012,113847.0206665877,USD,2026-04-01 02:10:52,48f3:ccff:d8fe:e821:c574:2acc:2693:8f3e,1
sdv-id-jLpfTe,ACC_243,ENT_UK_006,412410.0596731964,USD,2026-01-05 12:40:12,89c9:df50:ee10:f872:86de:2b6d:d889:dfb1,1
sdv-id-fPyUVC,ACC_142,ENT_UK_018,19611.95975102627,USD,2026-02-22 21:17:29,fc7b:febd:2190:beea:c036:92d1:29f7:b289,1
sdv-id-OKvmkr,ACC_264,ENT_UK_010,15928.52456884246,USD,2026-01-11 10:13:09,3f9c:2864:a227:415d:d560:c58c:bf54:3858,1
sdv-id-sgeOBg,ACC_134,ENT_UK_004,5323.856719853944,USD,2026-01-18 20:36:10,5dd2:c5e1:a272:9c6b:7a2d:110e:5907:3d19,1
sdv-id-iwMjmV,ACC_176,ENT_UK_015,13878.695926905151,USD,2026-03-15 05:30:19,2b07:77ce:7193:fb27:279f:cd25:fd18:d08d,1
sdv-id-VpEKop,ACC_171,ENT_UK_005,44792.84116649318,USD,2026-02-12 13:44:54,91e0:bbd6:1564:ed1b:9bc9:a909:3c9:93ac,1
sdv-id-zNMsHg,ACC_176,ENT_UK_014,6503.137450757104,USD,2026-03-30 18:00:49,cd06:3ea3:ab3d:c2bd:1d54:72f:5a50:d08f,1
sdv-id-NovMep,ACC_164,ENT_UK_019,22398.95849698326,USD,2026-04-01 18:44:21,7b9:5a74:8f4a:5849:aaac:5970:936:d4f3,1
sdv-id-QrNWQY,ACC_176,ENT_UK_012,5727.349842005544,USD,2026-01-25 07:59:24,7574:8a7e:9092:6e02:91d0:d71:af5d:e482,1
sdv-id-XfLtLA,ACC_142,ENT_UK_003,33489.80266923342,USD,2026-01-13 22:11:16,5230:f529:9782:a329:ae09:3d2e:6bc9:77f9,1
sdv-id-XNCrTO,ACC_187,ENT_UK_001,695884.1962629226,USD,2026-01-12 06:59:05,30dd:ddfb:919:745c:7215:ed12:33d3:573a,1
sdv-id-mRyBxX,ACC_146,ENT_UK_012,304125.1830522706,USD,2026-03-15 14:36:23,2482:8e89:b820:5cd7:7950:895f:3614:845e,2
sdv-id-lmwXix,ACC_221,ENT_UK_001,76711.1017332054,USD,2026-03-28 02:02:53,9e98:4b77:964d:e7ab:a311:9e08:4785:7a0b,1
sdv-id-PebYYq,ACC_271,ENT_UK_016,383070.5293328792,USD,2026-03-12 10:13:21,36d2:518b:23f:522b:83d6:f1c5:9f0:fe3c,1
sdv-id-KkWAVs,ACC_211,ENT_UK_012,1362.276154936765,USD,2026-03-29 06:48:25,d987:1906:aedd:54e2:d2e:c32e:d787:6772,1
sdv-id-qNstQL,ACC_142,ENT_UK_012,84504.09258582369,USD,2026-03-28 19:58:39,b885:9af1:9a2f:d54b:efa8:427d:28f3:729f,1
sdv-id-RuiMur,ACC_176,ENT_UK_007,20841.107419536165,USD,2026-01-28 00:43:33,582e:a338:7274:d847:2f:ed6d:8510:abb,1
sdv-id-vtxwJv,ACC_142,ENT_UK_006,93026.89481627374,USD,2026-02-27 11:41:02,7e47:83d2:bb01:9913:f617:eb9:9775:4a39,1
sdv-id-PjKiOE,ACC_264,ENT_UK_004,62845.43208188279,USD,2026-01-20 14:38:19,d9d9:2ccb:d791:dc29:3a6b:78e4:28f1:c538,1
sdv-id-sdnRyp,ACC_293,ENT_UK_016,17582.015788919693,USD,2026-01-01 02:48:08,884d:7bd6:b3fe:4522:eb57:fd91:e7a6:108e,1
sdv-id-KOhfnN,ACC_123,ENT_UK_001,357269.0405630763,USD,2026-01-23 12:01:10,2b1a:1b34:3590:c2ae:4032:934d:e97e:2cdc,2
sdv-id-uFLQJe,ACC_146,ENT_UK_014,21248.288779737675,USD,2026-02-23 22:11:47,af67:d6d:86a0:de9e:e869:d523:f67:eb1b,1
sdv-id-RDhALc,ACC_271,ENT_UK_002,34880.50296650913,USD,2026-01-17 00:49:51,62f2:96b8:d4d5:8ed1:810d:e96:9f17:5fb7,1
sdv-id-YPSJRb,ACC_176,ENT_UK_010,4979.038856047404,USD,2026-01-15 18:30:31,2b7e:c19a:4e26:6f61:c452:957c:57ff:b48f,1
sdv-id-YPerzh,ACC_146,ENT_UK_013,12807.996750672435,USD,2026-03-19 18:48:44,f28f:90ce:7ca4:9e8f:198b:1dfc:ca98:6e96,1
sdv-id-lzYoVU,ACC_186,ENT_UK_002,1398.804085011408,USD,2026-03-13 02:31:53,9be1:6c8c:7cb8:c7cd:3da6:3c9b:4e5d:469b,1
sdv-id-yCaEkM,ACC_146,ENT_UK_016,6164.263318687545,USD,2026-01-08 22:30:43,77ab:aedb:3fc0:8cbc:353f:ea87:cb65:21f8,1
sdv-id-OnKlAo,ACC_273,ENT_UK_013,634665.8887191475,USD,2026-03-11 23:21:37,10e:7ef0:922c:cb74:6559:befb:365:c90,2
sdv-id-wnxjRK,ACC_171,ENT_UK_003,61625.82689984552,USD,2026-02-07 03:07:32,429b:1832:ba23:57da:a65d:bd50:3287:af69,1
sdv-id-TINodo,ACC_211,ENT_UK_011,1132.7220829850633,USD,2026-01-27 00:13:54,1f44:776c:a39a:4876:3105:a750:57a9:fd38,1
sdv-id-jDrFUJ,ACC_107,ENT_UK_004,246949.0313613065,USD,2026-01-31 20:38:38,59b5:f96:64bb:f4c8:3447:7a42:d31f:b6e,1
sdv-id-wJQpdL,ACC_186,ENT_UK_014,161413.7123761189,USD,2026-01-20 10:33:53,d592:5260:99c2:ea92:f01e:49d2:edf3:75e,1
sdv-id-mAZVyf,ACC_199,ENT_UK_004,63179.75889352288,USD,2026-01-05 23:32:34,8559:9e32:f804:bc37:88ea:b677:fefc:e608,1
sdv-id-MqGyMW,ACC_142,ENT_UK_006,58755.30291011646,USD,2026-03-31 19:45:49,cc21:ab96:4229:4cd1:d111:c194:d5f0:f58f,1
sdv-id-tEsIfk,ACC_107,ENT_UK_003,136840.05619774282,USD,2026-03-03 12:01:18,5936:b035:48f7:ac79:784a:e29d:cf2:6123,1
sdv-id-cbSwPH,ACC_176,ENT_UK_014,13407.852396451091,USD,2026-03-02 05:27:55,335d:749c:5d3:a021:e18a:756d:db44:4fd8,1
sdv-id-XEWMwR,ACC_142,ENT_UK_008,29425.588378286444,USD,2026-01-22 21:41:18,60ff:ab23:c8ae:cffc:c086:f210:e96c:40ef,1
sdv-id-RDJlmw,ACC_176,ENT_UK_012,584385.3207892631,USD,2026-01-13 11:15:01,dd94:8eea:666e:7d5f:8cec:cb53:6288:a364,1
sdv-id-sYaqfb,ACC_176,ENT_UK_019,1830.3989575085543,USD,2026-03-05 02:37:34,ba2d:1156:4b5d:f8a2:7ad4:7781:6c22:bf39,1
sdv-id-tgXUNs,ACC_176,ENT_UK_001,57692.12756640884,USD,2026-02-19 14:41:20,8cb:6df0:a45f:4e16:e646:2305:bc8f:54d5,1
sdv-id-PKxcqn,ACC_176,ENT_UK_005,234750.6125445422,USD,2026-02-12 09:40:48,c3cb:8d64:f0c6:c7fa:3b4:2ff9:77fe:e027,1
sdv-id-keItYo,ACC_142,ENT_UK_006,565999.6177744281,USD,2026-03-23 04:02:44,e50a:787d:4ac8:fff1:5744:b222:668d:bb30,2
sdv-id-zyNixO,ACC_142,ENT_UK_018,207368.5321723076,USD,2026-01-14 14:21:14,47fe:aba2:4c1:e779:770:6c9a:32cc:a61e,2
sdv-id-wBAncm,ACC_273,ENT_UK_008,46364.00342451074,USD,2026-01-24 22:28:28,2948:4d39:e8d6:88d6:307b:91a8:7263:ba6a,1
sdv-id-nNyRSk,ACC_176,ENT_UK_018,1476.3844114861006,USD,2026-02-04 12:41:16,131f:9ab7:dc74:ff03:5e2d:51f9:9bcb:a29e,1
sdv-id-MWyMFR,ACC_107,ENT_UK_003,106457.25210951408,USD,2026-01-13 21:08:20,6bed:aab9:319d:323e:4eef:6157:1c1b:fb6e,1
sdv-id-MMzlCm,ACC_248,ENT_UK_017,1498773.024314712,USD,2026-02-09 21:52:16,cad0:b92b:3e05:591b:75e8:d3d0:8e84:e79b,2
sdv-id-vxnqQc,ACC_146,ENT_UK_007,37222.430427153406,USD,2026-03-04 11:35:13,576e:666f:7735:67f:7d51:1400:331:6abf,1
sdv-id-OCQXem,ACC_142,ENT_UK_005,132663.6405227299,USD,2026-02-16 18:22:40,dd5a:66b9:2587:6ed2:7eb5:1c4d:deae:3f40,1
sdv-id-iBAVCA,ACC_284,ENT_UK_012,86540.9732223892,USD,2026-03-27 08:46:50,d4cf:59fb:2b6a:aa87:217a:7e3a:f08c:7051,1
sdv-id-uyAbrZ,ACC_155,ENT_UK_003,255870.53545504645,USD,2026-03-07 05:09:50,1423:fa68:e152:13c5:d1a3:51:17ce:82cd,1
sdv-id-gNgMnZ,ACC_242,ENT_UK_002,864215.0030336087,USD,2026-01-14 01:50:10,595:b263:593d:5fc4:d27a:3be6:1cae:c1ce,2
sdv-id-OCWufJ,ACC_284,ENT_UK_017,22122.29111755758,USD,2026-01-01 06:40:26,f88d:95b1:d77d:198a:6d73:d935:5bc2:25a2,1
sdv-id-vAXlbb,ACC_171,ENT_UK_014,1154.7348723885289,USD,2026-02-18 11:47:26,5061:81cf:672c:23e9:424b:e54b:2f1a:619,1
sdv-id-LCtGyz,ACC_176,ENT_UK_002,5641.710670992387,USD,2026-03-25 21:13:56,9847:d977:19b:edd6:9c2b:6766:5bb9:c327,1
sdv-id-NHlRrg,ACC_107,ENT_UK_002,22873.676866404796,USD,2026-03-03 22:35:23,caf4:7a3c:b5e1:9b4b:890a:1013:5ddd:c331,1
sdv-id-UYqPsv,ACC_107,ENT_UK_008,122952.9232807298,USD,2026-02-28 21:02:06,491:1698:f82f:e5b9:f66a:8d7c:c39b:a961,1
sdv-id-WrUVTn,ACC_299,ENT_UK_010,419256.4661719941,USD,2026-03-27 11:53:12,cfe:b9a3:c54b:9b87:e43f:2f34:d03:7b6b,1
sdv-id-UHXINC,ACC_142,ENT_UK_004,54286.15063198671,USD,2026-02-19 16:34:22,91c0:64f7:22c:d037:e45:1129:aa30:b70,1
sdv-id-WEcCrA,ACC_171,ENT_UK_008,867190.4041477519,USD,2026-03-28 08:27:35,474f:1ced:7dce:5961:fbd4:2317:fbb7:b9b5,1
sdv-id-Xfakfi,ACC_146,ENT_UK_009,14957.818938246251,USD,2026-01-09 01:44:02,4b2d:f8f7:bfed:d3fd:4a63:5e08:d397:556b,1
sdv-id-JyMNKK,ACC_171,ENT_UK_012,375909.29339637415,USD,2026-01-06 03:39:10,ae6e:25c3:1235:752a:2a43:b3ef:e8bf:6447,1
sdv-id-xsGkJK,ACC_134,ENT_UK_003,272751.5835241032,USD,2026-03-31 09:12:54,336b:2201:abb5:7008:99e:7797:eff:b811,1
sdv-id-iiPOUI,ACC_142,ENT_UK_018,125039.3263826337,USD,2026-01-25 09:36:23,aa9a:2374:d889:60e5:df00:5029:e05d:d3e8,1
sdv-id-YwtNaK,ACC_107,ENT_UK_002,2208.727404145445,USD,2026-01-05 21:33:49,c7e4:dcf9:14a3:66b0:c2cb:c57b:6ce5:da31,1
sdv-id-HBLAiy,ACC_243,ENT_UK_017,92164.73281229474,USD,2026-03-25 12:44:04,eebd:f158:49f0:baff:e54e:ca4e:9f96:dbf6,1
sdv-id-QWRMNM,ACC_146,ENT_UK_014,1399078.2895704247,USD,2026-03-21 10:43:16,b69e:33ae:a1ca:db17:3254:8451:c59f:fcf8,1
sdv-id-aqFPXH,ACC_271,ENT_UK_009,350220.33170405985,USD,2026-01-30 00:58:57,1f63:df57:9d8b:cb4f:1040:a5cb:35f4:3e1b,1
sdv-id-Cmnllj,ACC_170,ENT_UK_009,151725.2868086915,USD,2026-03-29 22:08:11,c19:e454:d9c:7246:8418:6534:456f:d23a,1
sdv-id-zzhXXT,ACC_187,ENT_UK_006,35383.38311133356,USD,2026-02-17 01:33:23,97c1:7203:4f07:2d06:1fad:c16e:c46b:647e,1
sdv-id-uwcNXf,ACC_146,ENT_UK_016,576332.1729481483,USD,2026-03-27 13:43:43,6a05:ed86:563e:a306:df0:c21a:1dc2:3b41,1
sdv-id-DJqosx,ACC_256,ENT_UK_011,12307.633418537986,USD,2026-01-29 03:48:05,52e9:b2c5:262f:7031:400b:e10c:5cc1:51ed,1
sdv-id-AJUZTF,ACC_196,ENT_UK_017,97000.82141297097,USD,2026-03-14 15:21:44,3ee4:4bfc:f45e:1b58:53e3:c7d4:9037:c838,1
sdv-id-JzoFcw,ACC_187,ENT_UK_004,65702.81959623804,USD,2026-02-03 15:52:13,a861:73e0:18d3:ad7f:10ed:9c4d:6aef:cbe8,1
sdv-id-TkLkjv,ACC_253,ENT_UK_012,257580.31912119192,USD,2026-03-29 23:07:17,daa5:feba:db5a:f606:e6c9:d7a1:7273:d309,1
sdv-id-MgBtkm,ACC_293,ENT_UK_002,1340968.3990795792,USD,2026-02-23 02:20:30,b79b:4724:e97a:9444:53db:9a91:781d:fb74,2
sdv-id-eDyFvN,ACC_189,ENT_UK_018,33234.539072154344,USD,2026-01-30 13:08:29,e823:c06d:437a:d32e:d52a:9041:5c60:ae04,1
sdv-id-sRzsph,ACC_247,ENT_UK_008,1154.7361288167515,USD,2026-02-13 23:55:49,6794:77e2:b68a:23b5:636a:931d:4b10:53fb,1
sdv-id-THScVP,ACC_186,ENT_UK_010,38004.76566819717,USD,2026-01-04 09:27:21,7541:9672:30d0:31c5:da6c:5512:e4b0:9d5,1
sdv-id-WgfYmm,ACC_155,ENT_UK_011,124085.79668730526,USD,2026-01-03 18:43:02,efd4:4abb:a6bb:1334:6f8d:278a:cd17:a9b5,1
sdv-id-DlaBoN,ACC_225,ENT_UK_009,606129.9329623402,USD,2026-03-09 23:43:19,9e28:ce38:f92:943f:1d77:6b6f:dafa:8b06,1
sdv-id-MaUBbk,ACC_142,ENT_UK_006,5126.073177905761,USD,2026-03-29 22:53:44,2e19:388e:2457:7378:c880:a6f4:dfef:1ec7,1
sdv-id-RzYfZx,ACC_176,ENT_UK_003,282296.82641107007,USD,2026-01-03 04:29:32,42d8:788e:a3c4:c8d2:3f28:6e60:7d6d:2e3d,2
sdv-id-omkIvZ,ACC_107,ENT_UK_014,105239.3316672098,USD,2026-03-22 03:44:23,ab37:13bb:6467:6f56:3d40:e15c:bd45:dd97,2
sdv-id-ImtghZ,ACC_242,ENT_UK_009,1758.9853366255525,USD,2026-02-08 06:33:28,238b:1666:b338:a38e:6cff:75e5:592c:3b83,1
sdv-id-gIFVUj,ACC_179,ENT_UK_013,121082.65016872338,USD,2026-03-25 05:47:47,b1db:7b1:c607:a3:3753:4569:8c28:b9c6,1
sdv-id-KvPMym,ACC_271,ENT_UK_018,44105.09923921782,USD,2026-02-17 14:14:39,75e7:f001:29d4:c8ed:1ec2:3641:8a00:9c8,1
sdv-id-crbYzS,ACC_189,ENT_UK_015,2292.1952131277785,USD,2026-02-24 08:19:10,c5a:4e9d:ceb7:4c6c:2f59:6583:c322:2fe9,1
sdv-id-rxbkJP,ACC_146,ENT_UK_012,1450.6871539676474,USD,2026-02-25 14:38:49,6a92:b05c:9309:a359:51f8:3907:16c4:9277,1
sdv-id-ynQfru,ACC_181,ENT_UK_006,317612.4350942382,USD,2026-03-20 18:13:27,de50:d2d7:9619:afa:966b:4868:5970:54eb,1
sdv-id-XJjegv,ACC_299,ENT_UK_001,4234.2034229507435,USD,2026-04-01 03:06:41,3c07:3529:5bed:dcc4:c089:672f:d447:259e,1
sdv-id-QpsfYq,ACC_199,ENT_UK_014,24282.198965860076,USD,2026-03-07 15:22:15,b6b3:d38a:6324:5b3d:629e:7b72:b182:b23,1
sdv-id-DTstne,ACC_142,ENT_UK_017,109407.88034569216,USD,2026-01-04 17:19:07,fd1c:a2b3:67b1:be1e:12ff:4680:ddd:9c0d,1
sdv-id-FrubNO,ACC_146,ENT_UK_009,183668.48366519104,USD,2026-02-19 16:48:01,9bcc:582f:a9c2:9172:f2a1:bca8:dc0c:dc0c,1
sdv-id-gJxdzP,ACC_176,ENT_UK_014,5432.324499500243,USD,2026-03-28 04:58:14,e9e8:685a:b859:8382:239:35d0:75cc:53d5,1
sdv-id-kmCtTt,ACC_187,ENT_UK_015,961.3396415583278,USD,2026-01-29 14:37:21,243e:b19b:1bca:4715:a085:a202:aa8a:9b14,1
sdv-id-qxmNED,ACC_142,ENT_UK_007,6608.658741594356,USD,2026-01-25 02:28:19,d3da:d7ea:efc4:e7a3:64bb:cd70:c0a3:454f,1
sdv-id-FWkCXv,ACC_142,ENT_UK_005,188563.88514501063,USD,2026-01-02 00:44:36,30c6:c265:4ba5:e1a7:e3c4:c38b:76:70d,1
sdv-id-FohFMi,ACC_142,ENT_UK_017,1102.0901062069904,USD,2026-03-26 12:37:40,2046:ea6b:aac8:c0b5:6aab:b6e:91f5:5222,1
sdv-id-ETfjJV,ACC_171,ENT_UK_005,260077.48209222237,USD,2026-02-11 08:39:18,2c06:c99a:2092:4a25:7ddf:eaa2:fd34:a8c9,1
sdv-id-EHjNiG,ACC_184,ENT_UK_015,2697540.4132907744,USD,2026-03-20 15:56:47,c175:29f5:2475:5341:1052:4a7e:3c4e:e13b,2
sdv-id-IMTJnC,ACC_107,ENT_UK_004,333901.7888567996,USD,2026-02-19 08:27:28,a94f:c959:c9a7:14b1:faec:7187:2f03:c05d,1
sdv-id-cmNqKI,ACC_253,ENT_UK_006,58004.72201126868,USD,2026-01-28 03:13:58,38de:9ee5:bf2:7722:bc75:7b25:6465:3a92,1
sdv-id-gAEykS,ACC_181,ENT_UK_019,205373.5495077573,USD,2026-01-04 10:33:08,d693:1a14:7d4b:becd:25ec:f8c9:a8c3:3f4e,2
sdv-id-aSucIN,ACC_176,ENT_UK_017,7058.543921537646,USD,2026-02-02 05:50:38,8ce2:786f:2da8:a0f8:177a:aa97:5f5b:2236,1
sdv-id-DGGOnL,ACC_243,ENT_UK_012,37731.21874882294,USD,2026-01-17 08:53:57,6ca7:53cc:ab78:77c8:1e89:488c:d267:e26a,1
sdv-id-juXxFP,ACC_273,ENT_UK_002,1500770.568093526,USD,2026-03-26 06:50:31,39b1:a5b9:69f3:c9b9:ee16:6065:ee77:99fb,1
sdv-id-IjSttk,ACC_273,ENT_UK_003,47776.4629994453,USD,2026-03-04 16:40:06,b9a3:fe13:7735:8ed6:cfbf:95bd:ded2:9ce3,1
sdv-id-RYGvjR,ACC_294,ENT_UK_003,973.1453581885075,USD,2026-03-19 14:12:43,b7d4:5ddd:80fd:ba00:7cfe:4778:af11:a59a,2
sdv-id-LZlYZB,ACC_142,ENT_UK_005,7384.4083632949805,USD,2026-02-09 02:20:04,55e8:628f:c5dd:b075:8e43:97c5:fc2c:bcc6,1
sdv-id-hHrfGl,ACC_107,ENT_UK_012,236437.71202020417,USD,2026-03-22 14:22:03,4f78:c66b:446f:4a97:8c8f:2e33:a7cf:c3f5,1
sdv-id-ufGNaj,ACC_123,ENT_UK_003,102919.75184761132,USD,2026-03-27 09:59:07,8e14:1e3f:dc79:878:9904:9dfb:86a0:f807,1
sdv-id-ndRyUe,ACC_171,ENT_UK_013,373398.8100316044,USD,2026-01-23 20:39:20,c373:fc8d:8bd3:5c1d:6a05:e073:2fab:98d,1
sdv-id-QlzDBr,ACC_271,ENT_UK_006,623718.8149695179,USD,2026-01-01 02:40:19,4495:225:eaf1:cab2:4563:7fdb:decc:eecf,2
sdv-id-BZLxdj,ACC_225,ENT_UK_008,158545.41219755297,USD,2026-02-12 17:05:01,b391:acb6:1281:4af5:b8ae:d9d1:fd2d:842b,2
sdv-id-kuOWcD,ACC_107,ENT_UK_007,53955.7588215754,USD,2026-02-06 17:41:19,37bd:7cee:70b:a0e:9b03:900b:a3ea:c1e2,1
sdv-id-rOIneG,ACC_225,ENT_UK_006,138163.18803599372,USD,2026-03-03 16:20:13,ad0a:4b34:d07:444:6361:915d:dedc:6397,1
sdv-id-TnBPPF,ACC_186,ENT_UK_012,51793.38820574555,USD,2026-01-20 11:57:41,9bc9:ba34:62f5:3c5f:f7f4:5bdb:3e2d:19b8,1
sdv-id-tcxPsG,ACC_273,ENT_UK_003,140574.83186572118,USD,2026-02-18 11:52:41,cc83:f20c:9ad2:d12b:b899:7a03:488a:1e62,1
sdv-id-QULKAr,ACC_171,ENT_UK_013,342617.435672907,USD,2026-03-09 21:05:40,a47c:2878:5553:c303:ea86:c3ed:c0b5:63f2,1
sdv-id-PWBFcl,ACC_171,ENT_UK_019,329476.18945805385,USD,2026-02-08 19:28:42,39ab:46b6:612d:e4f1:d213:f2ae:49ab:cd8d,1
sdv-id-lbaimK,ACC_186,ENT_UK_003,185348.3680833358,USD,2026-01-01 18:56:25,d423:493f:8e20:d1c:4725:e810:c286:a458,1
sdv-id-iuYmpw,ACC_142,ENT_UK_004,1085.1686254404185,USD,2026-03-10 21:23:23,8cec:dc13:a631:f8e9:38ae:17a0:8b99:e80a,1
sdv-id-tsVzJt,ACC_107,ENT_UK_005,63500.24672779239,USD,2026-01-29 15:43:13,3de9:8b26:ca32:ca43:229a:fe7a:7130:7fe0,1
sdv-id-zPyxJY,ACC_284,ENT_UK_018,10078.353836432289,USD,2026-03-04 18:48:38,8eab:b606:4dfc:599d:2f4e:6b5f:c844:2555,1
sdv-id-SXzigt,ACC_100,ENT_UK_015,46381.713880110205,USD,2026-02-14 03:30:36,1442:a056:4fe1:52eb:12ff:6f43:533a:8875,1
sdv-id-UpHISn,ACC_134,ENT_UK_004,28808.414315569345,USD,2026-01-21 13:08:37,6e1d:4285:cf1e:addd:45f4:1160:ffd9:2db0,1
sdv-id-eMqvoa,ACC_142,ENT_UK_013,419629.26995284273,USD,2026-03-31 13:20:22,276:fc0e:5ccc:e446:afd9:acb3:28ef:edf,2
sdv-id-jbtjEz,ACC_273,ENT_UK_001,555563.5052050903,USD,2026-01-09 00:20:25,ff73:d05f:adb2:c6ad:f51a:9c1f:f2ec:603,2
sdv-id-rCgCGf,ACC_293,ENT_UK_009,126917.18714090309,USD,2026-03-31 17:54:02,cdf0:4a71:3c5:a077:507:220d:6e16:7bb7,1
sdv-id-QfQzAl,ACC_299,ENT_UK_010,125005.36687645088,USD,2026-03-08 01:16:48,ce3a:4a70:7709:ea27:90a7:170c:7441:36b5,1
sdv-id-SNUndl,ACC_107,ENT_UK_016,13935.880152817175,USD,2026-02-12 11:48:27,1415:9e22:e39f:b44c:42aa:cee8:647a:2036,1
sdv-id-IdQQnn,ACC_196,ENT_UK_002,13992.309784514277,USD,2026-03-16 23:11:29,fc6a:30e1:4dce:865:f8bb:fbc1:4410:6a35,1
sdv-id-DFWFJz,ACC_247,ENT_UK_008,12335.99397087691,USD,2026-03-06 21:49:36,fc83:e50e:c8d5:7579:a721:c554:7846:a45a,1
sdv-id-pikPpn,ACC_186,ENT_UK_004,17216.45774704334,USD,2026-01-17 14:47:07,2e09:d2c4:5def:8cef:8bbc:4037:842b:450b,1
sdv-id-JwXCBc,ACC_123,ENT_UK_012,726738.293856884,USD,2026-03-28 03:51:22,aafc:e4fe:812a:162f:8798:ebf:88a9:9eb,1
sdv-id-BoWETk,ACC_247,ENT_UK_019,52202.266168566945,USD,2026-02-20 10:10:13,a7d9:56ef:ab01:542d:506a:2b07:b12c:930e,1
sdv-id-nIdohm,ACC_155,ENT_UK_005,105121.0295441021,USD,2026-02-27 19:04:57,28dc:2392:856e:346f:8bc7:b80d:81c2:ec44,1
sdv-id-bAucgu,ACC_142,ENT_UK_016,136147.17251141855,USD,2026-01-20 14:07:37,1719:b79c:2715:66c:1d9a:b5fd:6ffc:2c98,1
sdv-id-MNjRQz,ACC_176,ENT_UK_002,121722.19764640638,USD,2026-02-22 17:58:08,7d49:b8b8:1a96:59a7:51ba:4fd5:4120:8ae3,1
sdv-id-DFGvys,ACC_171,ENT_UK_010,58796.9238752844,USD,2026-01-04 16:02:38,6b99:e46f:3f9f:a4fa:2e3:58c:a7b3:367c,1
sdv-id-OZvyuQ,ACC_273,ENT_UK_015,14835.579686934514,USD,2026-01-01 22:44:12,5e26:b0e:fddf:a17a:981f:99b5:a880:1229,1
sdv-id-citsdd,ACC_199,ENT_UK_010,239310.7443305254,USD,2026-02-03 21:41:11,651d:a70a:1cf5:827f:8ea6:a6a5:e291:8a2a,1
sdv-id-eYrnQG,ACC_100,ENT_UK_014,211591.77125795212,USD,2026-03-26 09:58:26,539f:2b62:2a92:84b6:12b3:780f:8562:fb71,1
sdv-id-PqqGBv,ACC_155,ENT_UK_009,35664.21267063043,USD,2026-02-18 07:22:34,2f41:fd19:dcc5:cfe8:9b9c:64:3e07:f3a5,1
sdv-id-GusRoJ,ACC_107,ENT_UK_010,112570.06125685653,USD,2026-01-10 16:48:24,2e27:ad60:9459:9057:cb20:2afd:6bcf:8216,1
sdv-id-gUJjdX,ACC_293,ENT_UK_008,204070.14969695976,USD,2026-02-22 03:38:56,8a24:24a6:c3fd:74a:8164:634c:8f93:bd31,1
sdv-id-yNUWHv,ACC_284,ENT_UK_011,1034.9391093113013,USD,2026-02-10 09:26:04,b05d:aed4:8533:5c32:294e:b04:2892:2d92,1
sdv-id-CRIfIb,ACC_155,ENT_UK_011,28099.10866978086,USD,2026-03-01 16:02:34,717d:87c0:a0a5:6382:b3e7:2a17:3b73:42f9,1
sdv-id-PNWvMc,ACC_123,ENT_UK_008,30785.713244896673,USD,2026-03-18 21:08:01,43e1:5a08:561c:1b5e:2fb2:8586:10b6:8f66,1
sdv-id-bBSbZo,ACC_176,ENT_UK_003,61665.0505337851,USD,2026-03-26 07:50:21,f6e3:1cf9:374f:dacc:3713:b48a:b867:99ed,1
sdv-id-EPoIQj,ACC_299,ENT_UK_018,26762.86158299762,USD,2026-02-07 23:54:07,e753:e540:2748:10d5:ab03:3ecf:e03c:eb0b,1
sdv-id-gvnhTo,ACC_248,ENT_UK_015,19210.456249395957,USD,2026-03-02 13:25:54,c904:48b2:c995:9a6:795f:3771:487:ec03,1
sdv-id-Wgonno,ACC_273,ENT_UK_012,1229166.5132107951,USD,2026-02-12 15:13:40,e82d:4907:a822:c1ba:5f7c:1cf0:96f2:c4d7,1
sdv-id-hFGgaZ,ACC_186,ENT_UK_013,74668.34074366883,USD,2026-03-06 14:13:44,9aa6:777:bea4:2f4:72a7:9247:da09:9a23,1
sdv-id-MpYuiu,ACC_256,ENT_UK_011,504212.218412351,USD,2026-02-15 09:49:33,37d3:ae32:8be1:fcd7:7a6f:4447:6639:39be,1
sdv-id-QJjtld,ACC_189,ENT_UK_002,11184.832460617798,USD,2026-02-10 04:19:12,ad7a:7ef4:9396:60c:fdc:8fb6:9689:d397,1
sdv-id-wyMFBc,ACC_107,ENT_UK_011,155978.40100093707,USD,2026-03-10 07:53:40,72fe:1d03:cc83:3c3e:dde8:8c52:6da0:9220,1
sdv-id-DYHJMf,ACC_176,ENT_UK_006,330873.0773697243,USD,2026-01-16 17:17:14,9a9e:5453:c0c1:129a:bf86:712:0:7b3d,1
sdv-id-NidpHX,ACC_162,ENT_UK_013,31687.206368795436,USD,2026-02-02 04:29:43,6fa6:4351:86ee:974d:27a1:8d1b:60c7:853c,1
sdv-id-YDdSiv,ACC_242,ENT_UK_008,652907.3764682801,USD,2026-01-16 07:07:00,b7f:aa8a:cd7:fc6f:6dc1:1933:4d01:6b37,1
sdv-id-xOReVk,ACC_229,ENT_UK_016,559043.571092337,USD,2026-02-27 05:18:31,33ca:cfc2:f851:2656:439c:fc24:30f5:5304,2
sdv-id-xKucfp,ACC_225,ENT_UK_002,939.1396084057628,USD,2026-03-12 00:03:09,aafc:2155:c8b:70b2:a1f4:4730:f37:eb68,1
sdv-id-hiUIyQ,ACC_155,ENT_UK_012,5721.889782417052,USD,2026-02-13 15:46:42,868c:d8a3:f98d:90e6:b9e8:cee3:4655:3b08,1
sdv-id-KySxyV,ACC_146,ENT_UK_009,20958.34939725048,USD,2026-03-08 02:38:34,52cb:6fc0:7853:d491:63e1:f961:6115:3797,1
sdv-id-qNdhhH,ACC_273,ENT_UK_007,454943.9780557197,USD,2026-02-20 22:25:58,d1c8:fd67:3201:50d5:b86c:1d4a:73e7:9ce1,1
sdv-id-vDfIIQ,ACC_248,ENT_UK_014,575533.3077617458,USD,2026-01-23 13:18:20,f9ab:25ae:3d69:95fa:a595:5b58:e92b:4376,1
sdv-id-zFtFWj,ACC_211,ENT_UK_017,273443.45635076554,USD,2026-02-19 21:59:16,e301:6ec7:9791:d28:42ce:5546:8d65:846f,2
sdv-id-smeqNh,ACC_171,ENT_UK_006,107403.2468280506,USD,2026-03-27 15:08:27,6d3e:f6ea:3ec7:ad6a:4a52:453b:32d6:4569,1
sdv-id-SWjisT,ACC_146,ENT_UK_013,42859.04397120688,USD,2026-03-15 02:59:46,b819:5fd:fd8e:9c01:8c67:7845:2567:78c5,1
sdv-id-NuaMfi,ACC_100,ENT_UK_008,57224.979450100545,USD,2026-03-07 22:06:35,3543:280a:db7d:553c:e2f2:f782:a33:1943,1
sdv-id-tqeNot,ACC_256,ENT_UK_015,1199.750897766478,USD,2026-03-01 01:35:04,e7f9:b359:d221:d5a2:b8c8:1c61:130e:f923,1
sdv-id-XIdswX,ACC_181,ENT_UK_001,2324278.0149263525,USD,2026-01-15 02:31:34,ace8:2cd6:ff09:2067:6bbb:be8f:afff:7b1d,2
sdv-id-lUMfaS,ACC_107,ENT_UK_017,1064.0149559910635,USD,2026-03-20 08:25:06,91b6:2b1b:27b0:94b8:ac0e:e2a0:ed68:7731,1
sdv-id-ybkepe,ACC_256,ENT_UK_010,113688.73442857825,USD,2026-03-28 04:07:13,e0f8:52d9:846c:fdc:2ce4:5fcc:b3ad:fa3,1
sdv-id-aaETPD,ACC_271,ENT_UK_012,156456.70997922515,USD,2026-03-02 05:52:59,501a:2eb7:a148:47fe:cf76:d702:55c1:cd50,1
sdv-id-LYzrzm,ACC_179,ENT_UK_014,89961.14152309099,USD,2026-02-09 07:34:14,bda6:5587:141f:1984:5f6c:89ad:4596:36fb,1
sdv-id-MxucDO,ACC_176,ENT_UK_014,35261.79773744009,USD,2026-03-29 07:30:00,fd98:524b:3c5a:2e61:70b:3eba:fed8:1d46,1
sdv-id-bNaXES,ACC_225,ENT_UK_018,292525.33703400276,USD,2026-02-24 03:37:00,c95e:59d1:e1a9:645f:8f59:ed8b:94d4:e0ba,1
sdv-id-QiUXoB,ACC_294,ENT_UK_008,952.6028432157702,USD,2026-03-29 19:38:33,9eab:497c:6ab1:47e8:cdcf:a3c9:11af:8c78,2
sdv-id-lXWBUL,ACC_142,ENT_UK_003,5401.282410133185,USD,2026-03-05 01:28:43,8fa1:1425:35a3:e0b5:2f3c:16c9:736e:3c1f,1
sdv-id-AimzfZ,ACC_176,ENT_UK_019,3983.712798003219,USD,2026-03-24 02:23:44,36c1:db79:f832:d901:9e5d:d5b2:c950:cb81,1
sdv-id-EJStIv,ACC_146,ENT_UK_001,269323.71563632187,USD,2026-02-20 17:01:10,6c6d:28f9:aa4e:930d:262d:2657:8aae:dc39,1
sdv-id-JycHmw,ACC_176,ENT_UK_013,1917.320625480202,USD,2026-02-13 19:48:41,3bbc:f4c9:7208:1f8c:67f1:1215:65a7:b8a9,1
sdv-id-EBIzqT,ACC_225,ENT_UK_016,82404.65572338203,USD,2026-02-10 13:56:55,60de:e3a4:2685:45e6:7b17:dd91:510d:8299,1
sdv-id-BhXhaV,ACC_142,ENT_UK_001,7659.286960357281,USD,2026-01-09 17:48:26,30c8:b3f3:c0e2:f9df:7625:915d:174e:3262,1
sdv-id-ZLzphh,ACC_142,ENT_UK_011,1217.4047836779005,USD,2026-01-23 16:39:22,3b4c:9797:4ace:2828:f7f5:4803:4a95:cba8,1
sdv-id-LAfqew,ACC_142,ENT_UK_011,19349.079256711513,USD,2026-03-24 13:38:31,ad86:a2bf:11fc:7458:defe:7537:5e65:4fae,1
sdv-id-bxJMEP,ACC_142,ENT_UK_002,579792.7117195618,USD,2026-03-15 05:23:57,71ab:2d57:acf:913e:e7fd:f3a3:e200:9647,2
sdv-id-YWMHMi,ACC_155,ENT_UK_018,92360.2568428948,USD,2026-01-07 15:09:49,858d:e4a9:f71f:36b8:153d:2134:b76a:aa0a,1
sdv-id-ejCsgC,ACC_176,ENT_UK_003,993541.3107137992,USD,2026-02-27 17:11:59,4d93:2ddd:1ca2:c487:8cec:8c95:9627:77d7,2
sdv-id-jElsBm,ACC_171,ENT_UK_010,2029.8090948980048,USD,2026-03-03 05:21:04,d7ca:8e69:89fa:982b:c12e:6049:6825:38af,1
sdv-id-sWHIsg,ACC_142,ENT_UK_015,12047.899509697274,USD,2026-03-10 10:45:25,1ce2:a3c1:792e:6012:93fd:7325:bd8c:44c9,1
sdv-id-oaWGRU,ACC_171,ENT_UK_001,136055.31847873935,USD,2026-01-04 14:36:55,74f7:23d2:23dc:a735:e307:86e2:ed1e:8565,1
sdv-id-EDioNx,ACC_187,ENT_UK_012,1300.637593334238,USD,2026-01-31 15:16:55,641:5b64:b71a:fb96:7106:c7c9:2d1b:4c0a,1
sdv-id-kVqBiZ,ACC_142,ENT_UK_008,13750.211752933932,USD,2026-03-20 23:54:43,5943:cd59:9c8f:abfd:a22f:830d:1063:642a,1
sdv-id-pneqhk,ACC_162,ENT_UK_004,191396.6514313228,USD,2026-02-01 14:01:58,943f:aa56:11c5:ff0c:e582:cc9:99e3:2428,1
sdv-id-KExClc,ACC_247,ENT_UK_004,64575.396335198144,USD,2026-01-21 22:39:50,2520:8a1b:fc86:8b1c:8fc7:3142:a6d5:a400,2
sdv-id-LQEQFi,ACC_134,ENT_UK_011,65212.81950183291,USD,2026-01-18 18:41:02,f19c:2124:686b:2b2c:e26:aae1:a7ba:5d9e,2
sdv-id-CnUUIc,ACC_247,ENT_UK_002,395261.10690609936,USD,2026-01-09 20:55:35,9ab3:ee1e:5853:b2b8:7068:43a7:976a:e400,1
sdv-id-VZyeRu,ACC_243,ENT_UK_009,364231.60195722454,USD,2026-01-15 07:59:10,550d:fdf:4a64:3c84:a667:840d:a855:6c13,1
sdv-id-sMierk,ACC_186,ENT_UK_010,87403.76998700254,USD,2026-02-15 17:27:08,5b6c:535c:c3b3:87b2:35cb:1271:a8d:885b,2
sdv-id-vgwSTG,ACC_142,ENT_UK_017,27567.349741191734,USD,2026-02-09 20:29:05,ee19:80a1:e7ac:4243:a7a:1ffd:9777:b259,1
sdv-id-MEGCkQ,ACC_221,ENT_UK_010,25037.46835638833,USD,2026-01-08 21:01:56,2667:6fa5:6d3f:9ed4:b283:eb74:3361:c201,1
sdv-id-dafMNP,ACC_211,ENT_UK_008,39250.24699159572,USD,2026-03-16 10:15:13,6d0f:f9e1:9cf2:c0e5:251f:1f0a:1cba:962e,2
sdv-id-JsqbRh,ACC_271,ENT_UK_005,7278.005234240834,USD,2026-01-02 15:49:35,31d3:ccab:852d:629:3e2d:ca01:89be:8229,1
sdv-id-nlIScp,ACC_187,ENT_UK_014,48242.99983931889,USD,2026-01-02 09:13:06,b2e2:7b81:1b7e:a738:8408:2f44:8da0:28cb,1
sdv-id-DmZUOq,ACC_142,ENT_UK_003,924.8609105301716,USD,2026-01-11 19:22:51,cdc7:40d2:ab89:e825:7449:26fe:c265:804a,1
sdv-id-FYJlVC,ACC_107,ENT_UK_014,482164.0121835415,USD,2026-03-31 13:20:40,d46d:beb4:4788:49c7:5036:1c50:a758:48ec,1
sdv-id-qMudEY,ACC_198,ENT_UK_004,6736.668235322828,USD,2026-01-14 15:27:42,1371:52dc:f1e8:b675:9924:655d:3df1:7bb5,1
sdv-id-fQInCd,ACC_181,ENT_UK_001,90056.23402105473,USD,2026-03-20 20:55:33,b48e:664e:eed7:52a0:1104:1dbc:a647:7290,1
sdv-id-GKchnS,ACC_142,ENT_UK_015,1865.7913817069243,USD,2026-01-14 07:16:51,b447:4e02:e4fc:8af0:8cb8:21e5:89da:cd2d,1
sdv-id-mVCXBR,ACC_170,ENT_UK_009,40440.33339785137,USD,2026-01-25 23:04:17,7d39:9803:e203:81b1:d245:6f3:3ad:9cd0,1
sdv-id-DuoqEA,ACC_155,ENT_UK_014,2995.86628005795,USD,2026-02-23 22:23:58,d8d4:42bd:4deb:f152:f44e:2174:9c32:4cb3,1
sdv-id-SQJHlG,ACC_211,ENT_UK_015,45172.23268827621,USD,2026-02-26 04:25:42,8116:4d27:481:7c05:7395:4160:ad7d:d6b5,1
sdv-id-qXzhpH,ACC_273,ENT_UK_002,1041.7547546937958,USD,2026-03-03 23:19:18,c785:fcc8:c0ef:ac26:4a8d:e9c1:e353:e748,1
sdv-id-RWBfhO,ACC_142,ENT_UK_018,19489.47937095288,USD,2026-03-08 11:35:05,6d4f:904d:40cc:94c5:a440:7f38:98c5:4967,1
sdv-id-omwPdA,ACC_211,ENT_UK_002,940766.3112120496,USD,2026-03-03 08:45:26,2b2b:6629:917c:ed30:eeee:a8c9:928b:9867,2
sdv-id-UQDCZO,ACC_176,ENT_UK_003,67450.64380220289,USD,2026-03-29 18:13:41,c07f:f3dc:16dc:a8c0:7761:f8a3:9947:4feb,1
sdv-id-TXElBC,ACC_256,ENT_UK_011,24961.387343873634,USD,2026-02-24 01:16:39,f46d:ea52:4b05:113c:6ae7:20fa:9891:2ed1,1
sdv-id-JWNANh,ACC_273,ENT_UK_001,40365.72389564545,USD,2026-03-03 04:04:18,d169:1de5:c81b:6a03:4beb:ce49:5d91:f70a,1
sdv-id-PbBWrt,ACC_271,ENT_UK_010,58629.6926685644,USD,2026-03-12 06:37:50,d4c6:72e1:61a6:60c2:36fb:9a35:cc68:5d9b,1
sdv-id-SJGOtz,ACC_271,ENT_UK_007,173273.8927687991,USD,2026-01-31 06:28:56,2070:da1e:af0e:c596:2997:b9b0:5798:aaf9,1
sdv-id-etOQaD,ACC_273,ENT_UK_014,161362.32696927083,USD,2026-03-15 21:59:33,a1b2:5077:d7fb:d071:62f0:e0b8:7d21:af0a,1
sdv-id-cjhkWz,ACC_199,ENT_UK_015,13321.998553204152,USD,2026-01-14 20:49:17,e309:9660:3b9f:4c6c:42f0:ab97:a398:5fff,1
sdv-id-eNqPOD,ACC_100,ENT_UK_018,2168506.5303687984,USD,2026-03-28 03:41:11,ab5c:f705:7e0c:7c00:945b:d9ee:796c:df6e,2
sdv-id-zRMQgY,ACC_221,ENT_UK_019,1659.7817312432062,USD,2026-03-24 08:58:11,b933:4329:9a42:6225:73e5:ee02:1a07:1932,1
sdv-id-GwdILo,ACC_142,ENT_UK_011,75430.83007784064,USD,2026-03-17 21:10:51,102e:d314:4404:139:e7a3:8749:2264:373a,1
sdv-id-MEcmeR,ACC_142,ENT_UK_004,23950.605733875014,USD,2026-01-18 18:47:01,9ecd:553:57af:ca28:c30b:9899:e23:3c33,1
sdv-id-LiJCyh,ACC_146,ENT_UK_010,329760.3839279828,USD,2026-03-08 13:07:23,8b36:f69e:dd4a:e055:cf17:7c81:107e:8e8,1
sdv-id-pbLEaU,ACC_284,ENT_UK_016,13815.3586724011,USD,2026-01-19 21:06:16,dec:3df8:6ece:a44a:8f27:4483:e8d8:92b7,1
sdv-id-ekFsuE,ACC_225,ENT_UK_017,41443.69086211227,USD,2026-01-30 05:36:07,7ae1:79b9:ae4f:1595:6ecf:25b6:b1f8:71a4,1
sdv-id-lsDLGS,ACC_171,ENT_UK_006,36898.096398256486,USD,2026-01-18 17:57:09,bb14:b298:f754:ad25:fecf:cc20:bf7c:a51b,1
sdv-id-kvEmZl,ACC_155,ENT_UK_019,735285.3106156295,USD,2026-02-07 15:18:17,92b9:c505:4494:82e7:221f:898d:d932:9524,1
sdv-id-KoqAuc,ACC_146,ENT_UK_004,72682.130061441,USD,2026-01-15 10:23:02,e624:8278:9e98:eb0c:e9d7:6380:4e36:a349,1
sdv-id-OFdlJH,ACC_256,ENT_UK_005,470624.2404788739,USD,2026-01-15 11:24:39,4894:9477:3a2e:a0ac:977f:5b55:eb44:4773,1
sdv-id-wFDVmM,ACC_271,ENT_UK_005,120703.23290305011,USD,2026-01-14 15:40:59,c2d4:bdc0:630:dc79:40e4:ca91:1771:b532,1
sdv-id-mRRatI,ACC_142,ENT_UK_003,39019.99917059675,USD,2026-03-21 17:14:32,df6a:16c4:7c11:a490:ec1b:f5a0:fba9:5124,1
sdv-id-qRLapo,ACC_253,ENT_UK_016,36939.373963106664,USD,2026-03-08 12:29:34,ef33:e47e:465f:9a49:e59d:17ee:73bd:159,1
sdv-id-wsIOeD,ACC_142,ENT_UK_007,224906.24075577495,USD,2026-01-09 22:51:05,85b8:f287:7277:1853:36bd:7709:d885:df4d,1
sdv-id-ikyvZV,ACC_234,ENT_UK_015,25268.495648416116,USD,2026-01-07 05:34:59,2dee:fdc4:4fec:d818:3a16:f3b2:9b0e:535a,1
sdv-id-aymvak,ACC_155,ENT_UK_018,159736.51676895402,USD,2026-01-26 22:40:10,d448:5350:fa3:301:30b5:9af6:b1da:ee72,1
sdv-id-CTNKqx,ACC_155,ENT_UK_007,470034.29914462427,USD,2026-01-07 18:38:06,dda:78a3:c0a5:aec9:32fd:b08:f680:841e,1
sdv-id-HlIuMP,ACC_107,ENT_UK_008,1409736.9206570862,USD,2026-01-30 00:19:05,e2c2:cbb9:d217:630f:43a8:8b20:5135:e9b7,1
sdv-id-QDWkny,ACC_176,ENT_UK_010,555938.8861591109,USD,2026-03-29 19:27:54,9fbd:4670:f156:b637:cd89:6e6b:6b94:aaf8,1
sdv-id-KwcOuM,ACC_164,ENT_UK_007,318285.38715991034,USD,2026-02-24 05:00:56,9548:7bba:4458:75e8:fd94:df3d:3af9:20b,1
sdv-id-MJARkR,ACC_256,ENT_UK_012,3704.679439505304,USD,2026-03-29 01:04:47,6dea:9680:4ede:f1d8:2ea8:5dc4:b7a5:3f19,1
sdv-id-XCRyIM,ACC_123,ENT_UK_011,357477.1414689338,USD,2026-01-20 17:55:07,5269:1c72:88b8:6f73:7077:bde0:8dc0:1da,1
sdv-id-mKPvPi,ACC_256,ENT_UK_014,972721.7324518393,USD,2026-01-31 18:33:18,2fee:f51a:d90b:aea6:cf52:4385:8b93:3e59,1
sdv-id-qiECoW,ACC_273,ENT_UK_007,12847.072980817213,USD,2026-02-11 04:06:46,9ab6:c3ae:d93b:aad0:dbd:ede0:a8ff:898b,1
sdv-id-jPSDXL,ACC_264,ENT_UK_015,76487.15151577289,USD,2026-01-15 22:53:43,6db7:c94d:cbf9:1168:783e:97be:d4af:913b,1
sdv-id-ekyonv,ACC_160,ENT_UK_011,981.3471703217532,USD,2026-02-19 08:37:28,2bb3:65dd:ba8a:aa55:a6d5:229d:c0da:1df1,2
sdv-id-DjcMUZ,ACC_273,ENT_UK_003,363461.6304531937,USD,2026-02-13 09:35:42,92f4:f4ad:d678:35e4:5863:5626:8d80:e88b,1
sdv-id-rULKGC,ACC_107,ENT_UK_010,941.2380579458504,USD,2026-03-03 12:17:53,9db5:dc22:b40:9fb0:33c2:772:be78:6c0b,1
sdv-id-AhBMMB,ACC_155,ENT_UK_002,1266856.3306060345,USD,2026-01-15 00:57:46,302f:b31c:3de6:6b43:e414:516d:83b1:9fef,1
sdv-id-lFqpKM,ACC_179,ENT_UK_019,107264.44999384512,USD,2026-03-15 05:14:33,9b0e:eff3:ab3d:d208:7867:1434:b266:fbc4,1
sdv-id-lGfxNT,ACC_199,ENT_UK_004,631485.934481263,USD,2026-01-02 16:34:20,5fbf:8833:bb42:c502:213a:5c66:5a7d:14e7,1
sdv-id-WfCRcz,ACC_225,ENT_UK_017,4127.950518296301,USD,2026-01-09 11:35:53,3365:47ad:58fa:cc4e:e15c:1aed:3e23:3b51,1
sdv-id-xkUwRK,ACC_176,ENT_UK_018,75243.51993024362,USD,2026-02-15 02:09:52,550:ab7:2434:41cb:1212:6997:f72a:899d,1
sdv-id-ruQWee,ACC_293,ENT_UK_004,98558.089749683,USD,2026-01-26 02:09:43,cfa4:956e:628f:f05b:d429:fdd3:7d55:f313,1
sdv-id-GrwRSj,ACC_155,ENT_UK_019,2579.584222978865,USD,2026-02-16 08:55:12,eb54:a811:5ca9:3193:e903:13eb:452b:c42,1
sdv-id-GYQJMq,ACC_146,ENT_UK_005,194033.2876100183,USD,2026-02-19 15:41:36,3cfb:f3d5:db4:dd64:62a8:233a:e4fa:3c38,2
sdv-id-qaQPkj,ACC_107,ENT_UK_003,991.6048186611604,USD,2026-02-15 09:05:01,a54d:4a3a:659e:65fb:580e:5375:4f72:3e2e,1
sdv-id-bJZgru,ACC_211,ENT_UK_013,955.3809347471592,USD,2026-03-23 22:10:44,15d6:54b4:dcb5:1898:2a30:c8b7:d9a0:97bc,1
sdv-id-FfPpVD,ACC_176,ENT_UK_018,9404.246172413332,USD,2026-01-01 23:31:33,4c2c:b3b3:7490:23b5:5d3a:75aa:86a4:fee1,1
sdv-id-rQvQGX,ACC_123,ENT_UK_002,202246.02712033916,USD,2026-01-14 18:31:18,30b0:137:cdae:d1a2:e783:80c2:974c:f428,2
sdv-id-oKzqKh,ACC_142,ENT_UK_001,25671.663095363187,USD,2026-03-12 00:37:31,883d:4d64:43fe:7940:eb19:ae81:67de:3230,1
sdv-id-DVvMgW,ACC_242,ENT_UK_008,1597.9262077955696,USD,2026-03-06 15:04:51,c1aa:d7b4:bcde:a1c1:669d:2b76:5a00:d6f3,1
sdv-id-tLqeDZ,ACC_142,ENT_UK_011,2206.5729849846552,USD,2026-01-18 16:24:57,b19e:237a:6c57:3c98:3482:d67:1759:9a95,1
sdv-id-NOhoNL,ACC_176,ENT_UK_015,2144.8627364848385,USD,2026-03-22 22:22:49,1e01:4aad:85f7:42c:25ed:b67:cc42:a012,1
sdv-id-gcKIRK,ACC_164,ENT_UK_005,35463.536027087925,USD,2026-02-12 17:46:24,e78a:c417:4058:2967:3868:2f70:41dc:4a34,1
sdv-id-LGkgeG,ACC_243,ENT_UK_009,58309.49447079752,USD,2026-01-30 06:03:16,8653:9886:c0f0:16fe:960b:b423:c69:cfa5,1
sdv-id-JrHguj,ACC_253,ENT_UK_016,2299.5827171429255,USD,2026-03-18 17:07:24,1f3b:faf:34e7:c84:a8f9:7d31:bc01:8e49,1
sdv-id-XCgKKs,ACC_176,ENT_UK_008,478424.2059546602,USD,2026-03-18 01:48:09,6ea5:15fd:d331:f605:dd7f:6f6a:af9a:3b5,1
sdv-id-QLSRRB,ACC_160,ENT_UK_016,176281.258376262,USD,2026-01-13 14:29:27,7be2:10b5:6864:75f:2534:ee93:ad83:9b06,2
sdv-id-NgilbN,ACC_107,ENT_UK_015,177434.56099418728,USD,2026-02-13 14:38:14,d6e3:77b7:1e02:8d9f:e99c:b27:5baf:e35,1
sdv-id-gwAgkx,ACC_142,ENT_UK_013,1842856.7997952297,USD,2026-04-01 00:11:06,8108:b65b:fbe2:c687:672e:f62:4af3:a661,1
sdv-id-CRhQNM,ACC_155,ENT_UK_016,3168.5140953931764,USD,2026-04-01 04:42:54,bb2a:3325:da6d:9fbf:33b2:6281:7962:c2bd,1
sdv-id-PDGSHH,ACC_142,ENT_UK_010,220722.75080868293,USD,2026-03-31 04:38:34,6f7e:b24e:72d8:e13d:855b:b58f:5d17:c74,1
sdv-id-bUQtNy,ACC_142,ENT_UK_006,90509.47050917898,USD,2026-03-09 11:15:45,e0e3:5e68:b68f:8b90:ca40:4abf:43b3:b2f9,1
sdv-id-qkPYaO,ACC_187,ENT_UK_010,26253.49296562414,USD,2026-03-17 16:01:47,b984:6409:f276:3eb7:1002:32b:f:9efb,1
sdv-id-gUaHam,ACC_196,ENT_UK_002,4962.2859810379505,USD,2026-01-10 11:30:44,ac78:8be2:1923:a318:be78:72d0:f068:d809,1
sdv-id-DEauwN,ACC_142,ENT_UK_012,9268.205337236552,USD,2026-02-21 14:36:42,314c:2d8:c2c7:6583:cc7e:ac09:b62b:17fe,1
sdv-id-YqhhAw,ACC_146,ENT_UK_011,30601.16130586905,USD,2026-02-03 13:26:44,d329:d7c0:1de0:eb22:5768:b9c2:83ca:583a,1
sdv-id-skTfSl,ACC_234,ENT_UK_007,41530.71905760871,USD,2026-03-02 01:25:38,2906:23ed:f485:d5c4:4119:2e6e:2b5f:f090,1
sdv-id-mWWWUV,ACC_171,ENT_UK_009,258483.1683125068,USD,2026-01-08 17:16:09,c227:d637:53d1:6d39:4aa2:40ea:af52:d49c,1
sdv-id-RbyXFa,ACC_242,ENT_UK_013,924.0123783934474,USD,2026-03-29 07:37:54,eb8c:6495:e28a:3612:1c8b:5ff8:e97d:86d,1
sdv-id-dBxOeR,ACC_176,ENT_UK_006,19866.15400894675,USD,2026-01-24 09:28:02,fcfd:19c6:4b57:55e9:f677:9b90:27fc:cc18,1
sdv-id-qBhCNr,ACC_146,ENT_UK_001,1613006.4556511345,USD,2026-03-27 19:04:31,c682:e7af:9bb8:686f:58dd:19bc:78:d0b7,1
sdv-id-lHqyVf,ACC_199,ENT_UK_016,114162.494543737,USD,2026-02-25 22:08:15,59fb:abf4:50f6:586d:18c:3a5b:6724:79d1,2
sdv-id-lfPBkm,ACC_273,ENT_UK_003,92999.69192884212,USD,2026-03-26 17:18:53,f917:81dc:d533:36a4:9455:6055:b700:599f,1
sdv-id-AJeREH,ACC_273,ENT_UK_001,63946.30446245282,USD,2026-01-06 01:55:41,7c66:adf0:644e:6652:dac1:1e4e:fbef:9a04,1
sdv-id-nUflNM,ACC_142,ENT_UK_001,61107.671854094326,USD,2026-02-03 10:56:13,c4b7:c347:a726:5452:932a:92cf:414d:fba2,1
sdv-id-lslHiJ,ACC_142,ENT_UK_019,243488.8767202004,USD,2026-03-05 10:54:02,62a0:7750:2706:c1fc:b940:8b9a:ca01:c19d,2
sdv-id-TfCiYN,ACC_273,ENT_UK_016,926.7604070526386,USD,2026-03-08 22:17:09,92f0:968f:b9ee:de35:b253:1220:4484:b2a8,1
sdv-id-fjAMLd,ACC_142,ENT_UK_008,90037.18747267356,USD,2026-01-14 16:21:14,83a8:c126:cf23:39c8:b9bf:aa82:a383:4c2,1
sdv-id-uACpqy,ACC_271,ENT_UK_017,770047.6949563421,USD,2026-01-12 05:15:06,f1bf:633a:b78d:ab06:80b0:7807:1a8a:f6f9,1
sdv-id-lKuYXN,ACC_176,ENT_UK_005,211975.1604005388,USD,2026-03-18 08:53:55,faa5:b7b5:5e53:6b69:3904:6a82:a526:7d6b,1
sdv-id-NIPhJf,ACC_176,ENT_UK_011,41643.65415868503,USD,2026-03-24 00:45:48,9bbf:4cb1:5eb2:64a2:217:28e3:c80d:ae3e,2
sdv-id-ujKApR,ACC_142,ENT_UK_012,712867.7399821935,USD,2026-01-20 13:21:46,bdc6:5ca2:aa7:3b20:52c9:2a66:208a:53ad,1
sdv-id-IaRdbC,ACC_142,ENT_UK_014,1117.5086146088452,USD,2026-01-03 14:30:51,f9ec:c820:9c5b:e8f0:d907:66f3:43f9:9c1a,1
sdv-id-EBHgbp,ACC_271,ENT_UK_017,14037.928994661552,USD,2026-03-22 03:35:29,94ed:32a:50ce:3fc8:619:b569:ca00:47cc,1
sdv-id-XQfGpA,ACC_176,ENT_UK_007,59635.229249754215,USD,2026-01-27 12:06:14,618b:ab87:9ff9:fd4:e5b2:812:dae6:694d,1
sdv-id-aqgozH,ACC_234,ENT_UK_007,36984.04562308255,USD,2026-01-30 18:28:09,c00:10fe:f9af:d9a6:73e:7bd4:e506:dda3,1
sdv-id-VNlLNv,ACC_176,ENT_UK_013,100340.23800971544,USD,2026-03-27 14:55:28,e69a:eea3:ae8b:5e7a:38fc:2a70:7b75:bab8,1
sdv-id-FlbVez,ACC_104,ENT_UK_011,18885.91311213356,USD,2026-02-12 08:19:55,8e98:a76b:ebdc:9db6:a642:1a27:a3ac:ef72,1
sdv-id-tdGizR,ACC_107,ENT_UK_009,188435.91130851235,USD,2026-02-11 02:23:32,4eb1:5c6d:c719:a98:1a7f:15e0:d618:e241,1
sdv-id-upNilS,ACC_107,ENT_UK_018,394034.5992806403,USD,2026-02-25 02:59:17,a8b7:cfa0:aab0:3204:2fe7:777e:5e4b:c94e,1
sdv-id-tebzex,ACC_155,ENT_UK_001,267955.25114793685,USD,2026-01-11 11:54:28,818e:e21b:e107:7c50:1ec3:662a:3d5b:13e,1
sdv-id-wsrsli,ACC_176,ENT_UK_008,26415.096918900406,USD,2026-01-05 01:30:21,603f:2aea:4e2f:543a:cae8:58e9:962d:c2a,1
sdv-id-DUGYZD,ACC_176,ENT_UK_011,15702.11023574246,USD,2026-01-11 10:39:42,981a:e699:8256:c085:d5aa:5ee1:b01:5228,1
sdv-id-CPqjaW,ACC_211,ENT_UK_010,317641.4124512269,USD,2026-01-14 15:55:49,3b32:308b:1d88:b54a:c7fb:410c:b41:e8c9,1
sdv-id-waBgte,ACC_225,ENT_UK_011,32633.00156820306,USD,2026-01-30 20:59:43,9a0a:2fc2:88f8:caac:1af5:c211:530e:dad4,2
sdv-id-ZyxWqR,ACC_186,ENT_UK_002,910908.5234195206,USD,2026-01-03 01:53:00,9549:618:8d72:a568:4af:645d:a2fc:a570,2
sdv-id-bfkJbz,ACC_176,ENT_UK_017,60151.9533116546,USD,2026-03-01 08:18:26,7f52:a051:8b2f:7342:1c95:9748:84c5:9905,1
sdv-id-MjfeEQ,ACC_156,ENT_UK_006,1586.574994405457,USD,2026-03-30 02:12:52,4208:4a7e:8653:7122:d7c6:702c:7c15:d1ca,1
sdv-id-FxzTZR,ACC_171,ENT_UK_001,49639.03151612624,USD,2026-04-01 19:40:45,4e0a:ffcc:30fa:b41e:1501:37c4:f2aa:aa,1
sdv-id-pdHrlM,ACC_271,ENT_UK_011,37684.78158672457,USD,2026-03-08 09:38:54,3a6e:8209:98cf:22d1:b2b5:af6d:ec80:d550,1
sdv-id-NrVcgR,ACC_211,ENT_UK_015,769271.8259403043,USD,2026-03-18 11:59:38,1e55:919d:10f7:3163:362c:3786:a83:de2f,2
sdv-id-rVTxeG,ACC_155,ENT_UK_003,2968.404653179561,USD,2026-02-27 14:26:59,a4d9:a8d6:8d99:a78e:7f0a:b3d1:2cb2:b3d3,1
sdv-id-kEQMnE,ACC_273,ENT_UK_017,18223.677052134553,USD,2026-01-05 04:21:52,5059:9460:c670:1305:e7b4:de13:3f4a:50d1,1
sdv-id-yuFPic,ACC_256,ENT_UK_008,25461.77200709965,USD,2026-01-27 16:27:07,ebd3:8440:22d9:3031:fddc:fd98:c821:86cc,1
sdv-id-mgxMmt,ACC_196,ENT_UK_007,358299.4374498931,USD,2026-01-05 11:32:47,439e:ccca:8662:d579:c9ae:12ef:b112:dc6e,1
sdv-id-bOYNQU,ACC_261,ENT_UK_003,97203.5482267302,USD,2026-03-02 12:31:17,5fee:599b:5a2a:a84a:e224:77c6:7632:f421,1
sdv-id-SuRVTh,ACC_155,ENT_UK_014,778229.7899774222,USD,2026-01-05 22:06:34,7525:423a:c3b1:96b9:783a:6999:a10c:768c,1
sdv-id-HEGoUg,ACC_221,ENT_UK_017,342427.6564848108,USD,2026-03-19 19:49:59,755a:f88a:e42d:cd07:e14e:3392:897c:6baa,1
sdv-id-MfJtXw,ACC_176,ENT_UK_002,855464.7244280305,USD,2026-03-27 13:09:06,1b4:c1d3:cd54:aea6:b8d3:ffef:9d31:199b,1
sdv-id-SNSmKA,ACC_107,ENT_UK_015,30860.508679456652,USD,2026-02-02 22:15:19,4135:88:4db6:7c56:7ab6:caa1:1a59:6cd5,1
sdv-id-jbmiuV,ACC_176,ENT_UK_007,75457.03553921623,USD,2026-03-14 14:05:03,4b6e:f0cb:c7da:b416:8625:807d:a8f9:69a3,1
sdv-id-IKaILh,ACC_211,ENT_UK_011,58193.97015924903,USD,2026-04-01 17:48:47,d57:202:f389:48c7:fd12:7e62:1bc3:c3d2,1
sdv-id-gUCYZf,ACC_100,ENT_UK_017,38231.39519888436,USD,2026-01-07 16:28:19,c16b:b9e:6743:6006:93e1:ad02:2d7a:9b2d,1
sdv-id-bQxjwg,ACC_253,ENT_UK_010,121916.98414294871,USD,2026-01-22 06:04:56,76:14f1:1ad4:44aa:bc07:4699:53a3:cfa9,1
sdv-id-IWfbte,ACC_171,ENT_UK_018,9980.216516557204,USD,2026-02-13 15:49:03,a561:dee4:6de0:37cd:4f24:6170:4765:1e63,1
sdv-id-UNNGZk,ACC_176,ENT_UK_015,7675.7992877855695,USD,2026-01-03 15:10:08,3a78:165f:1319:62a0:736b:d5c7:d5d3:a6d9,1
sdv-id-FguCRD,ACC_176,ENT_UK_013,2672.4298360758676,USD,2026-02-24 16:11:09,cf25:4d36:141c:ac2d:c09f:a000:632e:56db,1
sdv-id-fFlPYt,ACC_146,ENT_UK_005,303126.1128076647,USD,2026-01-04 02:01:59,4ce5:9627:88b:5c21:981c:cbde:b9c1:7dbb,1
sdv-id-mXjApf,ACC_253,ENT_UK_015,452052.595089253,USD,2026-03-11 06:49:34,44bb:d149:9b6:8cd0:36da:9b1c:b8bd:7db5,1
sdv-id-mDDAeA,ACC_107,ENT_UK_018,168108.38877393136,USD,2026-02-16 07:32:48,ae53:7ea0:6557:43e2:d2c1:2f8:b0b2:fc7b,1
sdv-id-AoiiJR,ACC_142,ENT_UK_013,701421.0003916754,USD,2026-01-08 17:12:14,789c:58dc:f2ff:1b57:262d:a884:79c4:5415,2
sdv-id-lKZULJ,ACC_134,ENT_UK_018,10164.561445111232,USD,2026-03-24 02:22:26,ddbe:ba8a:bb42:14e9:5f9:a1fb:12f8:2065,1
sdv-id-dYtjkV,ACC_142,ENT_UK_013,239006.2505762638,USD,2026-02-26 04:09:12,1014:2637:9ef0:fd97:b65d:f08b:588a:f5a8,1
sdv-id-NsrLmz,ACC_256,ENT_UK_004,12838.806271752308,USD,2026-03-06 08:01:24,d618:9309:94fa:b3c9:7c19:990c:e5bd:1982,1
sdv-id-WBPRxU,ACC_171,ENT_UK_007,784550.4478164569,USD,2026-03-17 22:19:20,6548:19f4:3a8f:b60a:49e6:44eb:a486:df02,1
sdv-id-KanVcp,ACC_156,ENT_UK_015,102984.62787594064,USD,2026-02-05 23:14:07,72a8:ea2b:f9fa:34e4:e6b4:89d3:e0b4:fce6,1
sdv-id-lDYnkD,ACC_248,ENT_UK_014,1294.1791585299595,USD,2026-03-17 05:04:05,6767:2085:d8c0:7b63:a13b:1942:2dc5:a231,1
sdv-id-fcHGdy,ACC_256,ENT_UK_005,18735.304430244065,USD,2026-01-10 13:25:18,d49c:4dd2:6e8f:33af:11f0:2280:7b11:b253,1
sdv-id-LNJHnT,ACC_142,ENT_UK_002,3136.564191667535,USD,2026-02-20 09:22:01,7c85:15f3:6b48:424f:3558:5127:9fae:65e1,1
sdv-id-XkJTZt,ACC_146,ENT_UK_015,4725.685180144979,USD,2026-03-22 16:57:08,d45b:3d1:3c2e:24d0:73a:2014:5974:f4ee,1
sdv-id-DVWnCF,ACC_142,ENT_UK_013,64300.42930229041,USD,2026-01-28 17:56:27,ed12:a686:6e9d:7ef5:ceba:f166:2aa:d115,1
sdv-id-XieVXV,ACC_176,ENT_UK_019,1049.0696803559963,USD,2026-03-30 20:57:14,a80f:95e7:1eb0:2b4a:7429:36fc:4ce5:40e1,1
sdv-id-MOuHZR,ACC_225,ENT_UK_003,21124.763824305028,USD,2026-02-06 14:23:14,799d:4e20:c21b:fbbd:3e77:d03c:a2b9:2b0a,1
sdv-id-ixDEMV,ACC_160,ENT_UK_007,35891.76145074048,USD,2026-03-08 18:18:19,e1bb:5455:4dcd:6512:a5a7:3994:a16a:5d9d,2
sdv-id-fXsAHp,ACC_156,ENT_UK_012,129935.6279835363,USD,2026-03-27 12:57:58,f34e:fecd:afec:1cd8:4e93:7bee:58b:4791,1
sdv-id-iGTneq,ACC_242,ENT_UK_010,139331.69859009286,USD,2026-03-12 18:52:44,5bee:e0f6:684a:2bc6:d907:f8d4:700c:34f5,1
sdv-id-koYpiJ,ACC_107,ENT_UK_007,499625.4865053222,USD,2026-03-27 04:36:04,da4e:f15d:24ce:1d6b:16e5:34d9:8f89:d5dd,1
sdv-id-derjrK,ACC_248,ENT_UK_019,51457.22477936041,USD,2026-03-01 14:27:36,8349:349c:b2ce:8a1c:1548:6ea5:ab7:6f89,1
sdv-id-KbyhIm,ACC_155,ENT_UK_015,4910.588433475323,USD,2026-03-04 22:28:31,7b20:f73e:98b5:1545:4c47:551e:4cb5:2ec,1
sdv-id-fWpQKk,ACC_155,ENT_UK_012,11780.825722232688,USD,2026-01-27 02:52:36,f0f7:f261:1c92:e91f:e051:f16f:a02e:fc94,1
sdv-id-FsQZUP,ACC_146,ENT_UK_016,115438.136434328,USD,2026-03-05 00:43:34,fe37:ea92:8dd4:c5a5:8cd0:e928:b:a515,1
sdv-id-SugDVm,ACC_155,ENT_UK_012,943.5529435736285,USD,2026-02-24 16:10:06,dba6:fa5e:fab5:f2e7:27f8:e153:218f:4590,1
sdv-id-JMGIjo,ACC_129,ENT_UK_016,2165.871010238598,USD,2026-03-17 20:40:16,5626:2bab:511a:ab54:ce7a:31fa:ce7e:5186,1
sdv-id-KOSFDS,ACC_142,ENT_UK_017,28426.315332571365,USD,2026-03-01 04:54:21,eddc:5de6:b5fb:5b35:7a25:7e81:ca0b:1496,1
sdv-id-BytXPf,ACC_164,ENT_UK_016,1225.4553760652757,USD,2026-01-28 03:52:58,ef34:bfe9:9ea3:bde9:c33a:4941:31ae:9b9d,1
sdv-id-fTNPHB,ACC_107,ENT_UK_013,156415.09336290788,USD,2026-01-28 22:59:56,9ff7:f3be:b2ed:750c:dd0:c7e6:228d:f4e8,1
sdv-id-hPkqSv,ACC_171,ENT_UK_005,2627.457295625494,USD,2026-03-03 09:24:38,7455:2c1e:55fe:5d3c:a4b6:58d:61e0:8c96,1
sdv-id-oaPYbo,ACC_196,ENT_UK_003,86593.39479074714,USD,2026-02-22 09:53:24,f710:730c:248d:8dc6:a3af:9fb6:9d0d:88d3,1
sdv-id-GqyNqD,ACC_256,ENT_UK_012,5404.136198274162,USD,2026-01-09 16:42:27,ffa:a2bf:129:c2f4:9940:6cd6:fae0:b36c,1
sdv-id-EaIKPF,ACC_271,ENT_UK_008,950.7679913969296,USD,2026-03-26 10:28:30,1c05:2ecb:7bc8:9fa3:8230:890:7830:426,1
sdv-id-texfGB,ACC_273,ENT_UK_009,316389.3937183157,USD,2026-01-31 22:59:21,6611:d544:e07:fb4:dfda:b73a:5912:618b,2
sdv-id-rucZMa,ACC_243,ENT_UK_018,156668.25225871796,USD,2026-03-13 03:13:40,e70:9cf7:8738:69f5:1c4d:32d1:5d91:6a94,1
sdv-id-AcBImr,ACC_187,ENT_UK_019,952.2443925804135,USD,2026-01-15 19:07:13,4c7:ae7c:eb39:1600:ef15:8efa:b5cb:eeb7,1
sdv-id-cQSzAH,ACC_181,ENT_UK_017,142117.7152758898,USD,2026-03-22 02:37:16,f7d3:7ed7:530e:b0db:4843:9425:59f1:6112,1
sdv-id-xOBFPd,ACC_170,ENT_UK_012,173323.17411936048,USD,2026-01-17 10:48:25,f86a:82e7:daf0:f7d:791a:854:d435:e7b6,1
sdv-id-OAtKHj,ACC_248,ENT_UK_015,605889.122394267,USD,2026-01-05 08:46:27,8856:32f:e3ac:9948:c27f:7b4c:a717:26bb,2
sdv-id-OQGWlY,ACC_273,ENT_UK_009,297029.7200944826,USD,2026-02-23 20:51:49,f304:94a9:2fe0:cc4e:211:e3e0:7d4:1c8c,1
sdv-id-JHMQMY,ACC_225,ENT_UK_002,3101.685330791939,USD,2026-01-24 10:04:01,3880:30cf:c074:a75a:caf5:9857:33ba:192c,1
sdv-id-rsCHyM,ACC_221,ENT_UK_019,1108653.9660401992,USD,2026-03-23 02:30:57,9b04:a76e:f3b1:eca1:101a:3078:310:40ac,2
sdv-id-QfiOFm,ACC_176,ENT_UK_018,2655.214209466853,USD,2026-01-21 22:02:50,9b69:94ac:bf36:8d4c:9edf:8cd7:efe9:fd5f,1
sdv-id-CRQiXm,ACC_299,ENT_UK_018,1180231.6276057586,USD,2026-01-09 19:15:38,a98:40a3:c9c6:1f3f:6df6:5fbf:64fc:c9b0,1
sdv-id-ttarrN,ACC_164,ENT_UK_019,146234.31642466417,USD,2026-01-06 04:54:28,83ee:4e08:9a21:730c:8429:5c91:eb98:394e,1
sdv-id-APPtsX,ACC_186,ENT_UK_016,296382.19496687956,USD,2026-02-16 20:14:26,19d5:40dd:8668:c1a7:e006:7096:c086:c6c,1
sdv-id-OyBUtz,ACC_176,ENT_UK_001,172604.95329547825,USD,2026-03-06 20:50:55,49b7:324a:dc5:1d7e:f932:b09e:5766:9b30,1
sdv-id-agvleK,ACC_176,ENT_UK_013,3069.9379898186035,USD,2026-03-05 18:33:54,b4aa:e4f5:e99d:d1f9:de25:b7b3:cc70:23b4,1
sdv-id-XjrpuG,ACC_261,ENT_UK_016,10696.431767931828,USD,2026-03-31 15:37:11,3d27:3e99:322a:572b:aaa0:55a3:d030:2dc6,1
sdv-id-PIjPAP,ACC_176,ENT_UK_014,249519.14046384368,USD,2026-02-26 09:05:01,4f82:f074:5bfb:bae8:5d3d:bdb:bf81:56b8,1
sdv-id-zIrjbY,ACC_176,ENT_UK_013,319355.23983075604,USD,2026-03-27 02:14:03,1b3e:df08:2c7d:3f7e:9d2a:8f05:3d7a:7b4d,1
sdv-id-sfyMQJ,ACC_235,ENT_UK_005,539394.3898661177,USD,2026-03-24 22:01:15,3a4:a165:1818:286c:26e3:bb9c:bcee:372d,2
sdv-id-JwEJTb,ACC_142,ENT_UK_010,361492.79214742087,USD,2026-01-19 07:17:06,75e1:cf7e:eacb:7d46:4df0:53ca:a094:9f80,1
sdv-id-vFHPHG,ACC_262,ENT_UK_011,111837.69923864526,USD,2026-01-31 23:47:34,d11:1719:d530:93ed:5a8a:81d6:69dd:eb36,1
sdv-id-DIFtfD,ACC_142,ENT_UK_011,29669.82671218813,USD,2026-01-16 02:03:51,2c5:ddf7:3776:42ec:33af:472a:b481:8575,1
sdv-id-vphPgs,ACC_273,ENT_UK_003,1628.5936931712183,USD,2026-01-27 22:28:37,ec65:5000:9fad:ee1:8a71:1c26:aecf:ba47,1
sdv-id-HGDkfE,ACC_171,ENT_UK_012,396557.2077781755,USD,2026-02-20 15:26:01,8be6:306b:f03f:3d5e:3c7f:31c0:b930:d017,2
sdv-id-EoPcQj,ACC_134,ENT_UK_012,757536.4917006972,USD,2026-01-09 01:29:45,589d:4a15:2f9f:1193:aee8:1ec3:5b57:ca1b,2
sdv-id-CfALfT,ACC_293,ENT_UK_006,49803.880854401454,USD,2026-02-03 16:54:05,db08:3ea3:8375:5d76:e854:eee3:7ac6:5811,1
sdv-id-ObWfAn,ACC_242,ENT_UK_018,946.1488784464552,USD,2026-03-30 03:46:10,ea58:4f0b:ca6:94f1:a9d3:4269:8ba8:856,1
sdv-id-PXbKDZ,ACC_176,ENT_UK_011,1050687.4058898052,USD,2026-03-05 14:00:31,f190:2fed:cc23:60c5:d3e5:534:57ca:2222,2
sdv-id-vwhiSC,ACC_142,ENT_UK_001,3547.796130548985,USD,2026-02-12 18:27:01,47a7:3961:d035:2c71:499f:669:ef84:7c9c,1
sdv-id-WRAhGB,ACC_164,ENT_UK_012,367542.98507212737,USD,2026-03-26 02:15:27,f89e:363f:66d4:fd48:8992:b46f:407:8d73,2
sdv-id-zZEjLB,ACC_176,ENT_UK_004,48869.39605052605,USD,2026-01-22 06:29:27,cac0:7b5f:38ed:81eb:ad60:2813:94f4:5a0d,1
sdv-id-AFCEwj,ACC_196,ENT_UK_008,115745.28710740796,USD,2026-01-27 06:38:02,37b8:92d7:c5e4:aadb:1c57:4c04:a1ad:a371,1
sdv-id-ONZQPR,ACC_155,ENT_UK_011,29661.087517366283,USD,2026-02-25 08:33:22,b361:26b7:3538:cd61:7d9c:9f6a:2810:f555,1
sdv-id-PrBWgv,ACC_107,ENT_UK_015,21487.927965230538,USD,2026-03-10 04:43:29,7294:51d7:65de:6a5f:8c74:1e2a:543a:71f5,1
sdv-id-PAgtxJ,ACC_142,ENT_UK_014,36010.30622604792,USD,2026-03-18 00:19:55,8838:1fd5:f2a6:7cce:591e:7bca:2bdd:6889,1
sdv-id-cphKSA,ACC_107,ENT_UK_010,3477.96878833823,USD,2026-03-05 11:54:40,48a1:b397:dc36:6f16:4e9:a205:ed7f:393e,1
sdv-id-vvJzWg,ACC_253,ENT_UK_003,245354.8946258255,USD,2026-03-06 03:43:19,1bd5:4a67:cf22:1fb8:18cd:4059:dd78:8db4,1
sdv-id-QhZmQz,ACC_107,ENT_UK_005,132911.72050568933,USD,2026-01-23 11:42:25,c23e:6d9b:4965:1432:3474:a3f3:dbfa:b0ca,1
sdv-id-tPLguq,ACC_225,ENT_UK_011,101385.49284553088,USD,2026-03-01 17:07:30,a525:2bc:d344:428a:adc1:d47:af92:ff07,1
sdv-id-fzweoC,ACC_142,ENT_UK_015,41134.097832498606,USD,2026-02-21 09:40:36,dddb:43c3:d05c:5871:5437:5536:d963:4343,1
sdv-id-iWtfRU,ACC_273,ENT_UK_001,134191.6209542611,USD,2026-01-23 06:49:26,8c4f:aba6:ef5b:744a:575d:4a0a:4c8a:a83b,1
sdv-id-UvcoCb,ACC_176,ENT_UK_010,298412.667168115,USD,2026-03-21 18:28:28,a0b3:61e5:6077:6f9c:4324:2a6a:f41c:2825,2
sdv-id-CsFPmU,ACC_256,ENT_UK_008,3064.81283440825,USD,2026-01-20 08:00:17,9773:d73a:77cc:8c96:5b2:8672:42c5:7b94,1
sdv-id-tBCSLD,ACC_225,ENT_UK_004,93368.40471574104,USD,2026-02-08 19:22:13,cedc:2506:940d:42c1:8a63:ec17:1176:fc00,1
sdv-id-ZKEZGX,ACC_211,ENT_UK_017,267845.51067827496,USD,2026-01-03 09:23:34,be2f:a070:603:ec5a:6fa:7d63:99d4:22d3,1
sdv-id-bvWhXi,ACC_176,ENT_UK_007,5402.458363446244,USD,2026-03-15 03:23:50,63e8:a23d:975e:c516:fcfd:21ed:386b:6e49,1
sdv-id-BINbQU,ACC_181,ENT_UK_006,14204.411766873964,USD,2026-01-14 02:49:23,b154:5d0d:809a:36ac:a357:6730:a3b6:9ae,1
sdv-id-INnLnD,ACC_271,ENT_UK_005,2056.609217236912,USD,2026-02-21 00:43:59,dc30:8779:f561:8958:98c1:ec24:1284:c8d,1
sdv-id-YIgcTX,ACC_107,ENT_UK_009,141095.5584951939,USD,2026-03-20 07:22:36,e1f5:d66c:3059:ca30:917a:e423:5a41:c30d,1
sdv-id-uxWdSx,ACC_171,ENT_UK_004,1781688.9587572287,USD,2026-01-27 18:50:17,6827:5f70:552d:9a04:f7a8:4b01:147c:9dd,1
sdv-id-KjBvHs,ACC_271,ENT_UK_006,121218.51875595392,USD,2026-02-06 22:50:22,122b:3ec7:3b18:8b5a:de37:2d9:7490:fef3,2
sdv-id-ndzcHt,ACC_225,ENT_UK_019,2654.998405259418,USD,2026-03-13 21:55:40,69c7:5698:2aad:2185:42a:1ff1:8fff:ef39,1
sdv-id-yQKHBs,ACC_176,ENT_UK_003,3046.964396144063,USD,2026-03-10 22:09:59,190c:7641:66c5:e500:7be9:5cb:c26e:6bc8,1
sdv-id-DeCZOX,ACC_264,ENT_UK_012,20755.51372941437,USD,2026-02-14 03:25:49,388:4bf3:3d24:2ffa:120e:d482:f18f:4268,1
sdv-id-xYFlhw,ACC_142,ENT_UK_001,105140.21599234696,USD,2026-02-24 13:49:41,fcd5:c03b:732b:fe39:cea9:6f4a:278a:c9c1,2
sdv-id-FXhGtY,ACC_100,ENT_UK_014,361980.48756955256,USD,2026-01-20 17:25:11,8455:e89d:73ca:cb93:26dd:7c14:d8d0:bfe9,1
sdv-id-hpsmpd,ACC_142,ENT_UK_006,6458.872740319329,USD,2026-02-25 22:58:54,92bb:2a97:d783:7864:decb:7689:df07:5e56,1
sdv-id-ioLCYg,ACC_181,ENT_UK_003,760821.6645812899,USD,2026-02-24 02:44:53,8451:6505:39a7:8739:2c10:33b6:71af:6668,2
sdv-id-CfQMFt,ACC_176,ENT_UK_009,3241.5120311147984,USD,2026-03-16 19:55:01,8520:a21d:45a2:8fe7:5a13:2db4:cc04:457a,1
sdv-id-eYQvwN,ACC_198,ENT_UK_014,24102.622824247606,USD,2026-02-13 13:14:20,b67a:65f5:33b7:1471:c364:286c:fe90:dd99,1
sdv-id-RkxEhz,ACC_234,ENT_UK_013,84473.55079346629,USD,2026-03-21 02:27:38,4f19:32df:a9b1:56ff:bb49:9b08:1982:14bc,1
sdv-id-APlxSK,ACC_273,ENT_UK_014,2795.9219450834817,USD,2026-02-20 18:17:27,495e:ed69:192:1a0:9c56:cb8f:99a4:42ea,1
sdv-id-vYPtpE,ACC_128,ENT_UK_005,52577.05913016761,USD,2026-01-20 13:52:10,aaa0:c698:fc89:7647:cc3:321f:65de:e15f,1
sdv-id-trUMEU,ACC_107,ENT_UK_012,6075.667193528657,USD,2026-03-28 20:58:24,11b:38d6:d4dd:b6fa:a57f:4ff6:1544:5742,1
sdv-id-DEOWCd,ACC_134,ENT_UK_013,2155667.6929935636,USD,2026-03-14 09:00:05,bdc7:d09c:e836:3ad2:c57c:6846:eb2e:8437,2
sdv-id-eFBOFj,ACC_273,ENT_UK_007,14745.539271147934,USD,2026-01-31 08:15:22,8542:1ce6:456f:2c01:ac02:4e3d:9efa:ab04,1
sdv-id-eblGOf,ACC_176,ENT_UK_002,856408.5263008615,USD,2026-02-24 16:43:50,11fe:7ba4:ee0d:f962:c3f5:9d38:9384:ac4d,1
sdv-id-HwDHrE,ACC_242,ENT_UK_013,91723.91440060608,USD,2026-02-08 08:05:35,8360:9c27:c405:4269:33c5:72c6:f155:23e2,1
sdv-id-eTnodB,ACC_146,ENT_UK_015,356709.5036649067,USD,2026-02-02 02:08:01,925a:592c:f8df:c2b3:d0ed:d87b:5405:188b,1
sdv-id-IjBHMu,ACC_176,ENT_UK_013,3107.2198723059323,USD,2026-01-31 10:37:31,d392:bd01:1c2b:81e8:1c08:6b78:479e:550,1
sdv-id-rxpxRD,ACC_299,ENT_UK_017,98622.0197723457,USD,2026-01-09 20:03:01,5ce4:a2f2:1a7c:2447:b73b:9d6b:f17f:14c7,1
sdv-id-PDTHOC,ACC_176,ENT_UK_009,955.4987169932168,USD,2026-02-28 20:11:37,1bea:1e9a:a9ef:65ba:c0e4:7e89:9a2b:e370,1
sdv-id-KjvAJg,ACC_176,ENT_UK_012,72862.64790666924,USD,2026-03-10 15:22:36,f9be:c17d:6e76:c12f:963a:c411:62e4:5f08,1
sdv-id-uhKuWA,ACC_146,ENT_UK_004,661934.5601286129,USD,2026-02-21 17:39:28,81ac:d593:efcd:1dd8:edad:caf:28e2:d7d7,2
sdv-id-KLTPPi,ACC_187,ENT_UK_002,23424.03902489449,USD,2026-03-15 07:27:40,eac9:b84:e5cc:8849:3fe7:79f3:bf4a:361d,1
sdv-id-ZIPglz,ACC_211,ENT_UK_007,1975.7445337617376,USD,2026-01-20 13:39:41,89c0:3c0d:5851:4fcb:881e:75de:394c:b91f,1
sdv-id-QdoBQU,ACC_142,ENT_UK_005,8825.704350244801,USD,2026-01-05 18:03:03,4956:8f42:5524:6e66:9eb2:dc6d:993b:63f8,1
sdv-id-ohMNwX,ACC_273,ENT_UK_019,1359388.1568624866,USD,2026-03-08 03:42:01,3ac7:7c30:355:d795:ba0e:180d:6917:448c,1
sdv-id-VdbIpO,ACC_189,ENT_UK_002,312854.9733896235,USD,2026-01-26 05:22:21,7c47:6fcd:e82b:dbc0:fbd2:aa9c:22bf:ffaf,1
sdv-id-oeVPFR,ACC_271,ENT_UK_019,2065408.602015695,USD,2026-03-18 07:05:20,a31e:8fb:9dc3:36cc:5688:4c3f:baa3:2e93,1
sdv-id-cExGBP,ACC_142,ENT_UK_016,25644.90128038347,USD,2026-02-14 14:14:47,e5a2:a4:1f29:8eed:3f69:8356:6efe:cb67,1
sdv-id-GFOHsc,ACC_211,ENT_UK_012,364744.1531813304,USD,2026-01-03 01:08:16,1880:5265:f152:fd5c:d346:eb05:b1ef:87fb,1
sdv-id-bFUuOP,ACC_142,ENT_UK_013,166708.1929514157,USD,2026-01-06 05:56:24,2349:e022:c77e:778b:41f1:5934:bf9:ba28,1
sdv-id-VFFCHS,ACC_256,ENT_UK_010,13575.543668229957,USD,2026-02-15 14:02:30,9830:ff86:94de:6dac:d704:a3ff:1991:a765,1
sdv-id-tZlrdB,ACC_142,ENT_UK_005,28638.570071342016,USD,2026-03-01 21:59:55,69dd:2b2a:2256:eb5d:de1d:86c:e8f2:fae3,1
sdv-id-gcjjNO,ACC_160,ENT_UK_013,384594.9947829502,USD,2026-04-01 06:40:25,a9fe:21e1:a2bb:fc3c:35c6:f120:813f:1f90,2
sdv-id-WYesNg,ACC_142,ENT_UK_014,1222671.1581172172,USD,2026-01-10 06:56:06,aa4b:2c01:8ad8:3647:7c63:dc6c:1d4b:2a1f,1
sdv-id-zoIyhU,ACC_243,ENT_UK_012,87819.3325479914,USD,2026-01-12 18:54:40,e7af:e531:9951:dc0e:a39d:6b6e:7f56:19b,1
sdv-id-NyFqvs,ACC_134,ENT_UK_005,993.0175283787886,USD,2026-01-03 20:22:16,f96f:c556:16ea:a222:9e15:6b4f:2ddb:defc,1
sdv-id-bIVhTl,ACC_107,ENT_UK_013,2696.873611035232,USD,2026-02-05 07:49:08,c0d8:d161:ae96:b79e:74bf:b04f:1db6:3f4f,1
sdv-id-UPzrXG,ACC_293,ENT_UK_012,147533.97477516375,USD,2026-03-06 14:58:03,2b9e:2de2:63dd:c1f9:581a:ee15:ed9a:1b8e,1
sdv-id-psTWrP,ACC_142,ENT_UK_017,324501.5300014879,USD,2026-03-15 17:46:37,5569:7e25:1ff8:9b2f:976e:4099:c86:ee5e,2
sdv-id-EdDRMt,ACC_171,ENT_UK_009,28183.903095054156,USD,2026-03-19 19:16:00,a794:44d2:9409:8b7:64de:35af:916d:80d5,1
sdv-id-QeoFgm,ACC_176,ENT_UK_016,8046.436731615709,USD,2026-02-15 08:10:48,4d6:1be2:2ae9:80c1:e085:131c:77a2:4e49,1
sdv-id-dbaYxK,ACC_134,ENT_UK_002,399511.9039103138,USD,2026-03-25 08:12:17,ca54:bb29:4d72:a54a:383a:7268:9c68:b801,1
sdv-id-dheFew,ACC_273,ENT_UK_003,957.20811434293,USD,2026-02-24 06:38:57,2561:e780:9a93:ab51:7f8f:fdeb:54df:c37b,1
sdv-id-Qfgash,ACC_107,ENT_UK_013,21486.43137288967,USD,2026-01-12 18:53:35,1138:bea:e28b:b32e:13a0:88a4:908f:833d,1
sdv-id-ckFJAk,ACC_156,ENT_UK_016,263525.3482237571,USD,2026-03-22 02:27:43,5674:9b5a:5b8c:55b9:ad0e:381e:bbd5:b0e6,1
sdv-id-GaPDQY,ACC_142,ENT_UK_017,57459.163460042895,USD,2026-03-21 01:43:41,c1ba:db2f:46d8:db21:b4f:abb5:49b3:f50,1
sdv-id-pogoyi,ACC_294,ENT_UK_012,989.5268869183988,USD,2026-02-13 12:26:41,282:f00b:435f:96b:c72:7950:4ec0:f67,2
sdv-id-ZARLVx,ACC_243,ENT_UK_019,2282.599246790045,USD,2026-03-25 04:55:51,8441:4b62:421a:706d:6fd:b7c1:1d41:570,1
sdv-id-eKhydx,ACC_142,ENT_UK_010,698859.776994407,USD,2026-02-21 08:15:36,28d5:4bc1:3e05:27ee:374c:8987:be65:b68b,1
sdv-id-HfWoaL,ACC_134,ENT_UK_006,584675.2392520017,USD,2026-03-30 22:25:41,f2a7:15c9:f14d:be3a:9a27:3375:ea82:ed9,1
sdv-id-tkjdnc,ACC_107,ENT_UK_007,26365.221509730043,USD,2026-02-08 21:48:11,f5d7:5e1e:deb0:e1f4:590e:1ca3:5daa:eaa7,1
sdv-id-fPVYae,ACC_142,ENT_UK_004,3302.989259707954,USD,2026-01-27 19:40:12,906e:2b95:50e8:26b4:d627:91e4:171a:b0cd,1
sdv-id-ZjLgnT,ACC_199,ENT_UK_014,2402.478724542852,USD,2026-04-01 19:25:28,6113:dadc:8239:acba:f804:29df:e78:386d,1
sdv-id-CYxxcP,ACC_196,ENT_UK_019,607706.1210773529,USD,2026-01-28 12:48:12,4baa:862d:9aa3:4078:932d:a98f:cdb7:c039,1
sdv-id-SzSLIx,ACC_198,ENT_UK_019,598980.7297268962,USD,2026-02-04 06:34:11,1411:de62:baa4:ebd8:4ad2:2e38:77fb:dd00,1
sdv-id-uxHfup,ACC_171,ENT_UK_018,368238.60555865784,USD,2026-01-04 22:37:33,7b4f:b4b2:156e:448f:3589:66dd:99de:a2de,1
sdv-id-sBHsbR,ACC_273,ENT_UK_010,511562.1324570651,USD,2026-03-18 19:16:06,caca:e4dc:894b:acc1:286a:3b9a:4659:92f3,1
sdv-id-taqPkD,ACC_176,ENT_UK_007,536268.5016717776,USD,2026-03-08 16:34:01,3eb:f8d1:464d:4418:a916:e13b:d770:25e5,1
sdv-id-HJLKyD,ACC_243,ENT_UK_003,118597.70370357655,USD,2026-03-08 20:30:48,4218:78f5:e146:4685:ea57:cb9b:2773:857e,1
sdv-id-JpICZP,ACC_107,ENT_UK_011,368566.4725829786,USD,2026-02-21 06:17:09,9e0:6f8c:af18:1e36:c73c:b9e6:a664:23c7,1
sdv-id-fwzYkK,ACC_186,ENT_UK_005,336410.85435066937,USD,2026-02-22 17:01:37,f046:b3ac:d0f3:e4ed:a734:ca3b:b036:a27c,1
sdv-id-APcgJJ,ACC_107,ENT_UK_009,191746.926526192,USD,2026-02-27 00:07:31,4816:eafe:2f79:4763:7aae:c483:2ff1:cb07,1
sdv-id-CfYnKi,ACC_100,ENT_UK_018,241567.23483669985,USD,2026-03-09 13:06:31,cff:c447:9f9d:494a:b6c7:23cb:811f:df61,1
sdv-id-wtRhyq,ACC_284,ENT_UK_015,261608.73043524023,USD,2026-02-16 14:26:43,1912:c037:d9a8:b0b1:b933:6aa2:5daa:ce18,1
sdv-id-HoqQzm,ACC_100,ENT_UK_011,583005.5171489309,USD,2026-01-30 03:55:16,2aa:ba4f:41bb:b94c:ad66:345e:7110:18f5,1
sdv-id-dBFarZ,ACC_264,ENT_UK_010,277914.1670803782,USD,2026-02-20 23:08:49,4362:6562:9373:b50f:e706:3ed8:25cd:9caf,1
sdv-id-LmCRQZ,ACC_142,ENT_UK_006,1523446.8480325004,USD,2026-01-18 22:18:23,1874:a7ad:481b:e752:9668:bc67:7fa8:7fc9,1
sdv-id-SfIZti,ACC_100,ENT_UK_008,118727.80762172567,USD,2026-03-04 08:00:00,38af:87c7:dbc2:4bfe:b50:e493:6a5d:682c,1
sdv-id-HtNXxF,ACC_211,ENT_UK_011,45128.09195874513,USD,2026-02-16 05:31:21,d386:e3d0:364f:cf8f:eb4b:9af6:ccae:6b6f,1
sdv-id-UQxhjo,ACC_242,ENT_UK_011,74662.50955329077,USD,2026-01-07 21:51:58,436d:7d8:d013:e45a:69ba:cac6:6a90:345d,1
sdv-id-eMGcjj,ACC_107,ENT_UK_014,227169.2253242114,USD,2026-02-23 18:08:26,b852:edfa:fc06:8427:93f:309b:552a:b4c5,1
sdv-id-KKdnGn,ACC_155,ENT_UK_009,74217.7128099925,USD,2026-02-03 22:00:38,38ed:8fb2:461a:4696:88b:82bb:70db:d8a4,1
sdv-id-RabIbb,ACC_256,ENT_UK_013,924397.7074656168,USD,2026-03-20 09:32:26,3b9f:44dd:92f8:3c11:bea3:ecc1:4086:78a3,1
sdv-id-MqnUcv,ACC_107,ENT_UK_003,192395.9467486438,USD,2026-01-18 21:18:39,b16a:fe75:25f4:54f5:f8d0:526f:bbf7:fc29,1
sdv-id-qwyYZi,ACC_142,ENT_UK_009,571292.5432792624,USD,2026-03-27 01:01:38,97bb:c558:5731:3398:abeb:1477:3789:11f6,2
sdv-id-lLbwMa,ACC_273,ENT_UK_018,5608.033333674106,USD,2026-02-25 12:59:48,a6b6:f5ef:57da:3ba1:38d7:567a:be9f:1ebd,1
sdv-id-nQGCYq,ACC_211,ENT_UK_001,1819805.768374013,USD,2026-03-20 18:43:40,fcab:d77:7674:3ea6:6183:1bd6:4d5b:88f1,2
sdv-id-wvZxtM,ACC_176,ENT_UK_006,482956.1773668188,USD,2026-01-02 14:10:49,669b:81ad:113c:5dd5:b6b2:b15d:a736:c209,1
sdv-id-iFYPPt,ACC_225,ENT_UK_016,253008.7532176216,USD,2026-02-28 12:42:19,9840:d21f:4ca4:77ba:4e4c:c274:46d:46c0,2
sdv-id-TiqZvL,ACC_299,ENT_UK_011,133855.31012040755,USD,2026-03-08 22:28:51,6954:9fb1:d31e:5056:219:caf:3c75:ec2b,1
sdv-id-agleAO,ACC_176,ENT_UK_009,208263.59377704043,USD,2026-01-07 07:18:04,b1f4:d3aa:86d6:9137:e9d9:8a9f:a9a8:bc24,2
sdv-id-rKRSgp,ACC_107,ENT_UK_008,511054.64821774827,USD,2026-03-23 00:10:47,eb66:7e2c:65d3:b7c4:176c:4ff4:2e21:9a0f,2
sdv-id-KGHZYp,ACC_186,ENT_UK_018,774648.9583411238,USD,2026-03-16 09:47:44,d65f:4e9d:6f90:4e48:1489:c5e3:9fa:a5ef,1
sdv-id-kQYwvM,ACC_186,ENT_UK_010,582439.1590597109,USD,2026-01-06 22:59:12,ec8c:5eee:a779:1ee1:a44d:58cf:49c2:b501,1
sdv-id-YKwliD,ACC_107,ENT_UK_013,1394.5333183189634,USD,2026-03-20 16:15:41,f469:d296:b88d:ec5c:5fa0:e467:4d87:3118,1
sdv-id-QlyyZY,ACC_211,ENT_UK_004,1073.5608373667817,USD,2026-03-16 07:59:54,6315:e5f7:84f0:2767:60f8:fed0:e03e:1264,1
sdv-id-LewqmL,ACC_253,ENT_UK_008,12849.898695542792,USD,2026-02-03 20:30:14,a6bf:2b19:4d2:e7c7:21e8:5bb1:23f:3963,1
sdv-id-aIpaZg,ACC_176,ENT_UK_010,1071.7373239670146,USD,2026-03-26 13:37:20,6096:f8f3:eb0e:d9a8:7da4:1884:d659:9b6,1
sdv-id-yZYBAi,ACC_273,ENT_UK_018,9429.778496856152,USD,2026-01-04 03:50:40,75eb:851b:4a60:3e5b:ca54:38a4:62c7:8960,1
sdv-id-cQieUk,ACC_107,ENT_UK_017,20185.778084080095,USD,2026-01-23 23:00:49,de45:6f11:67da:14c7:f098:2bbb:1d0c:ca9f,1
sdv-id-Pphhkc,ACC_142,ENT_UK_009,66138.176969917,USD,2026-01-05 17:15:15,9d15:9d8e:7f2c:caba:1b9f:1d1b:6650:291b,1
sdv-id-GuQOpD,ACC_176,ENT_UK_005,1480.5606938933572,USD,2026-01-14 23:55:56,e193:b139:715f:c0e0:cb4a:c000:9fdd:7287,1
sdv-id-DWPaKj,ACC_186,ENT_UK_010,119918.95196663184,USD,2026-01-20 04:27:15,a8bc:5650:59d0:a583:af7:2de8:4158:1145,1
sdv-id-QuJdQV,ACC_142,ENT_UK_002,60980.965345295495,USD,2026-03-27 05:28:37,d5d5:dcd8:1e0c:9dea:b2d0:c6c1:d460:b02c,1
sdv-id-BbhjCN,ACC_271,ENT_UK_014,2107.1471209645483,USD,2026-03-01 10:09:34,5dcc:129a:bca:f9b1:afaa:5e9b:458f:6760,1
sdv-id-IWwUqP,ACC_107,ENT_UK_015,960.401140763002,USD,2026-03-25 02:35:49,af31:bc09:ffd8:e7f0:fd5b:f58e:ea87:5fbd,1
sdv-id-LspGMi,ACC_271,ENT_UK_008,594533.1834153632,USD,2026-01-21 14:45:43,459:8f16:1fb7:d664:b9b5:78c2:d177:84a6,2
sdv-id-LecTrP,ACC_211,ENT_UK_003,1348.3463324620795,USD,2026-01-22 10:04:26,eb41:564e:8b3:ce0b:9ded:af6f:5d6:6c94,1
sdv-id-RAxvUi,ACC_176,ENT_UK_007,124522.8234351762,USD,2026-03-30 10:30:04,c81c:c581:b599:4c31:971f:741b:3f68:e8e8,1
sdv-id-AyVslm,ACC_176,ENT_UK_018,6327.131386272475,USD,2026-03-07 15:17:24,dcb5:e5c8:8b67:d8ce:4953:78:4235:b90d,1
sdv-id-OtRqbX,ACC_171,ENT_UK_003,3104.2922643370066,USD,2026-02-18 15:45:38,f55b:759f:b680:7c2e:8092:bbc8:86c8:4354,1
sdv-id-RNfOyA,ACC_176,ENT_UK_013,2112.956846659074,USD,2026-03-08 09:24:13,b191:7931:56cb:5077:1b6e:7672:66b0:5e7f,1
sdv-id-VLeGnp,ACC_155,ENT_UK_007,42307.7897739278,USD,2026-01-21 10:14:25,90b5:eeb5:5ff8:66c7:2730:d68c:1e02:f9f7,1
sdv-id-ymuheO,ACC_142,ENT_UK_004,64174.43978557413,USD,2026-03-28 04:56:08,1130:4ee7:7720:83a:67cb:a5ac:1b31:c3d7,1
sdv-id-HgqSez,ACC_187,ENT_UK_015,28409.408872754277,USD,2026-01-11 08:34:12,4adb:b7e:ea39:853c:30d6:39e2:e7bd:63db,1
sdv-id-KNsgmJ,ACC_176,ENT_UK_013,91235.2523846791,USD,2026-03-18 23:41:32,24fd:3798:908b:7161:6a2a:4c25:d2c1:49fe,1
sdv-id-lbUtNd,ACC_142,ENT_UK_003,590260.708514685,USD,2026-01-30 11:14:06,9cef:272f:f359:94d5:b441:87a2:ca02:79b5,1
sdv-id-PUcgds,ACC_199,ENT_UK_017,4793.4688897175865,USD,2026-01-10 10:49:32,f545:4dc4:ebad:c735:946b:9c0a:a3c7:8712,1
sdv-id-KfPCVI,ACC_273,ENT_UK_011,38895.40367858533,USD,2026-03-20 15:01:14,887a:358c:9ca8:808f:bc3c:1597:65f5:5b49,1
sdv-id-WAxMBz,ACC_142,ENT_UK_014,8456.032198960209,USD,2026-01-21 01:32:48,9b44:df32:a072:9c76:a460:f078:d167:42c8,1
sdv-id-ZbNxwQ,ACC_211,ENT_UK_013,106111.143736358,USD,2026-03-27 23:29:23,4e0e:b590:e77:bd4f:a825:3b0e:a848:5224,1
sdv-id-moCfON,ACC_155,ENT_UK_010,930.3180690546634,USD,2026-01-07 17:59:55,3a51:ae83:2dd:140b:ba81:cc9a:448d:c611,1
sdv-id-HDFLuw,ACC_253,ENT_UK_013,666813.2878041704,USD,2026-01-31 18:50:17,fef4:b43:25e9:5f44:3d95:862c:aa7:bef1,1
sdv-id-VMlkPH,ACC_142,ENT_UK_003,13128.427586331847,USD,2026-03-03 03:46:19,4a12:86a8:35c4:c0c5:b74a:7200:aa75:2585,1
sdv-id-eqxWjz,ACC_199,ENT_UK_005,168843.05649655766,USD,2026-01-08 08:32:17,7283:8fa9:f7c8:4e3:bde0:ee91:b477:c77b,1
sdv-id-nLENYR,ACC_155,ENT_UK_006,1336.3488341974228,USD,2026-01-29 20:40:01,2f8:6284:30e9:f160:d6f7:99e1:50b8:fc3a,1
sdv-id-KrPFmF,ACC_284,ENT_UK_003,6687.292441889768,USD,2026-03-20 11:48:13,e3d6:be40:cb47:4f0b:bcfd:cb57:6839:f591,1
sdv-id-UBMTOg,ACC_100,ENT_UK_003,508755.4695520503,USD,2026-01-11 08:02:27,5a4c:461a:161f:8e02:7612:1f53:55c4:4524,1
sdv-id-OChJmp,ACC_176,ENT_UK_002,7686.147162376732,USD,2026-02-17 12:39:30,92f2:2a15:704b:bd53:4770:e9f3:e3c2:e826,1
sdv-id-GezUfd,ACC_176,ENT_UK_012,6652.105723142079,USD,2026-03-09 22:23:39,379c:2ea0:d60f:92ff:961f:b335:a068:bf7,1
sdv-id-LiqJQI,ACC_242,ENT_UK_005,1373.5679335382024,USD,2026-03-24 00:56:52,b2c7:3341:5ddd:6a20:74d3:17c:f12a:18a9,1
sdv-id-gFnBiH,ACC_107,ENT_UK_011,28426.552753685573,USD,2026-01-17 18:16:35,c1e9:4e94:5482:f48:bb57:628a:8bed:d463,1
sdv-id-SVasIm,ACC_176,ENT_UK_002,13001.595365080337,USD,2026-03-29 07:33:53,d2f4:1322:e18:7172:7535:1d78:930a:4c1f,1
sdv-id-oTxXez,ACC_107,ENT_UK_018,10119.599556995125,USD,2026-02-11 08:20:34,2810:d1db:b2ce:3f70:1f02:275e:230c:1cfa,1
sdv-id-MdAlsB,ACC_181,ENT_UK_010,85878.54198358789,USD,2026-02-08 07:46:25,ac19:c40e:9903:6535:1fd5:ffa9:ec0a:597b,1
sdv-id-pfZmiX,ACC_164,ENT_UK_005,175876.226845273,USD,2026-01-28 23:45:07,f5fc:8a79:54bc:5349:e04f:d319:54fe:4d8e,1
sdv-id-LQNWqT,ACC_142,ENT_UK_017,304308.3939500879,USD,2026-01-07 17:28:50,44ac:58f:aec6:72d2:302a:9f99:acb1:f0f4,1
sdv-id-ACdYxO,ACC_271,ENT_UK_001,181130.13385891987,USD,2026-02-12 12:48:38,e79c:34e4:de67:fc1e:2469:1c25:7451:2670,1
sdv-id-JoYbaD,ACC_211,ENT_UK_019,1192.3696573485204,USD,2026-01-18 18:09:34,52af:32ca:1e19:f9bd:269d:c047:761:911c,1
sdv-id-zBDJin,ACC_107,ENT_UK_010,39712.16380348198,USD,2026-02-21 10:11:02,9cdf:cd48:fa93:316b:bcab:16d2:549e:d624,1
sdv-id-ROVCZq,ACC_142,ENT_UK_014,13427.662669237678,USD,2026-02-09 18:29:05,46ce:388e:16db:56c6:4782:6b92:8529:e185,1
sdv-id-PSnrDi,ACC_142,ENT_UK_009,198318.35537538215,USD,2026-01-03 14:26:24,a82e:f3b8:5115:4812:11ec:e9de:d27f:84e3,1
sdv-id-aBqRhx,ACC_273,ENT_UK_005,185042.08458608392,USD,2026-01-11 23:41:15,868d:2082:4b3c:3e32:a479:b605:d65e:378d,1
sdv-id-yyTVpv,ACC_142,ENT_UK_008,10940.938608815575,USD,2026-02-22 05:00:52,9a19:ee6e:2c59:adfc:f5ba:d830:3f9e:a4d3,1
sdv-id-kALdeK,ACC_155,ENT_UK_001,656798.8864498658,USD,2026-03-30 02:10:45,766d:98f5:877d:225a:8d84:54eb:e72b:a3c5,2
sdv-id-GjqYas,ACC_196,ENT_UK_011,218615.89945578965,USD,2026-03-25 16:11:24,4f78:cb6b:9904:4429:5a0:7e5a:7ea3:1f16,1
sdv-id-lIlFLQ,ACC_273,ENT_UK_018,47003.83424030378,USD,2026-01-05 00:57:48,8cbd:f67a:1ca9:5ca9:7600:40b5:c7e6:a493,1
sdv-id-hqaSnr,ACC_181,ENT_UK_012,1298758.3585362055,USD,2026-03-21 22:00:34,aca8:8dd7:2b66:348b:beae:c6fc:fd9e:ef1,1
sdv-id-eSPPyg,ACC_176,ENT_UK_013,131684.7954560089,USD,2026-01-17 12:12:31,68b9:eb29:ce3e:f71f:8822:9601:c2e3:eebb,1
sdv-id-TFlIrY,ACC_142,ENT_UK_004,248423.22780200577,USD,2026-03-04 08:41:04,6d7f:fe7d:449c:725:7d72:c488:b404:7ac1,1
sdv-id-JTYdwS,ACC_107,ENT_UK_010,2024.7664158323523,USD,2026-02-02 09:29:20,dce8:c887:8675:b2fd:5314:f67d:2297:16f2,1
sdv-id-QkmuaD,ACC_284,ENT_UK_018,108442.30591779444,USD,2026-02-10 17:18:50,b0c7:dff8:fc9c:a327:d7cc:8605:9c26:cc10,1
sdv-id-kKTlNb,ACC_271,ENT_UK_015,1137.9707015338493,USD,2026-01-25 10:20:16,67d4:cec9:c8e5:2448:3565:bae4:31d7:4c37,1
sdv-id-WPqWDs,ACC_248,ENT_UK_010,95449.65363916436,USD,2026-02-21 22:04:38,32cd:c506:97eb:1ed6:7af6:2431:412c:cc0a,1
sdv-id-alDEiy,ACC_249,ENT_UK_008,12998.357869219988,USD,2026-03-14 14:36:54,184b:ebaf:b9e4:4a8e:471e:8e36:66ac:bf37,1
sdv-id-fuqTPx,ACC_160,ENT_UK_007,12701.878503679409,USD,2026-03-28 09:48:12,c3d7:2971:d929:855e:c741:ce51:abee:6599,2
sdv-id-QcVqpv,ACC_211,ENT_UK_001,809810.465910997,USD,2026-01-19 16:32:51,6dd7:a88a:6e06:986b:209b:33fe:a71f:eed1,1
sdv-id-rquRPQ,ACC_284,ENT_UK_006,440641.0496223233,USD,2026-01-29 03:15:09,9bd7:e45d:989:e484:b96d:56bd:a2d7:2296,2
sdv-id-RMtZKQ,ACC_142,ENT_UK_013,842821.6817938214,USD,2026-03-09 18:07:37,6a89:8e14:5aaa:d30:e2c4:6310:b8a0:9ad2,2
sdv-id-xQnYtH,ACC_187,ENT_UK_013,76889.67766308862,USD,2026-02-20 15:51:35,aa19:5f78:f861:ffb7:8906:d13f:9234:8048,1
sdv-id-KuvxpA,ACC_181,ENT_UK_017,5989.860447864852,USD,2026-03-19 03:27:22,9b3a:8801:94e2:1ed1:a31b:ec82:5584:36a5,1
sdv-id-sjuetA,ACC_221,ENT_UK_019,137911.18689706002,USD,2026-01-06 14:09:20,dc09:9d0d:dd78:1e53:5e3a:fcad:344:c3df,1
sdv-id-QnqXlm,ACC_271,ENT_UK_013,8180.21447662929,USD,2026-01-13 19:46:59,4908:7203:2904:6e04:43fb:a629:95c7:4139,1
sdv-id-aCdvzy,ACC_248,ENT_UK_006,33669.15361126226,USD,2026-01-06 10:03:49,95d2:a90d:d259:ffb1:9e84:d365:d3fc:c8b6,1
sdv-id-LhHwYU,ACC_273,ENT_UK_006,2277.904292144744,USD,2026-02-16 16:33:27,639c:9607:64b1:2d8:b623:9206:6841:4597,1
sdv-id-xZvcxw,ACC_271,ENT_UK_019,474351.4554228579,USD,2026-01-16 04:18:19,da5f:6793:8384:319d:f851:bb3e:1248:82ce,2
sdv-id-pGRJJf,ACC_271,ENT_UK_003,3431.8713537584354,USD,2026-03-28 07:45:33,582e:961f:97e9:d1b9:dfb7:1ca1:7250:9ad4,1
sdv-id-qFEabd,ACC_156,ENT_UK_016,4921.796937235692,USD,2026-02-19 23:22:14,23c0:6528:ed78:2426:1976:88bb:a6bb:3dac,1
sdv-id-jOmsxR,ACC_171,ENT_UK_012,955.1580835906204,USD,2026-01-19 00:29:34,af0:30e8:c09:7e09:fb07:1e4a:bd38:10d1,1
sdv-id-grLgcA,ACC_211,ENT_UK_005,823978.9051980507,USD,2026-01-26 10:11:49,6b2d:46a3:4383:da83:bc99:b5:385c:f90a,2
sdv-id-MdPVKI,ACC_142,ENT_UK_009,1974709.4811462169,USD,2026-01-17 13:36:46,99e1:bdca:9241:838f:d94c:bda0:5c38:129f,1
sdv-id-atopxz,ACC_107,ENT_UK_008,6449.521659934014,USD,2026-03-07 04:17:46,99bf:c201:8fee:42f5:52dc:13ee:736d:3c0a,1
sdv-id-dkiRMq,ACC_187,ENT_UK_007,246555.3421743093,USD,2026-03-03 19:34:27,d579:eabe:c00a:3bf7:97d1:b187:1dd9:30b5,1
sdv-id-oHwKLO,ACC_107,ENT_UK_006,961.6487031795928,USD,2026-02-03 02:01:12,7bcf:427b:ddbd:bac9:2268:f2c2:f10a:de4d,1
sdv-id-ahTmbz,ACC_284,ENT_UK_018,191561.004981327,USD,2026-01-21 13:54:20,a3ad:98fc:6e2c:44d8:3a9f:cc79:1514:1d2a,1
sdv-id-WMdvDj,ACC_146,ENT_UK_006,1456.0539724859,USD,2026-02-08 00:30:26,e0e1:2c62:5025:3beb:616e:3259:e01:f214,1
sdv-id-ghIdKp,ACC_225,ENT_UK_011,6650.049242631098,USD,2026-01-12 02:03:28,511c:d645:12be:8218:ff50:46f0:5ba:f3f0,1
sdv-id-gOQYuX,ACC_284,ENT_UK_010,1651.4777734147203,USD,2026-02-09 20:29:38,9039:229e:9ce1:d11d:7978:9b77:743:d45a,1
sdv-id-wGlYIi,ACC_176,ENT_UK_013,918119.9212280164,USD,2026-02-02 05:06:27,81e4:9b52:4d1d:c4c2:41c4:58fa:33a2:6c11,2
sdv-id-MnxTyk,ACC_123,ENT_UK_010,2693.368859794385,USD,2026-03-04 23:06:01,fc10:deee:a3d9:ef87:ad4f:cc70:b2cf:8f0c,1
sdv-id-nORtqV,ACC_176,ENT_UK_015,1156.1534589409798,USD,2026-02-27 04:36:38,6aa8:2e55:98cd:d5bf:8940:532b:e1f2:12ec,1
sdv-id-ygmBXf,ACC_107,ENT_UK_009,374780.6944388771,USD,2026-01-08 15:54:00,cc6b:b33f:3a13:c77a:36fe:9ccf:1e66:9f7d,1
sdv-id-ikuACe,ACC_170,ENT_UK_002,43702.26481224012,USD,2026-01-29 04:24:30,d9f7:2e04:5dd0:36e4:55b4:c285:c668:9e20,1
sdv-id-NmYxln,ACC_186,ENT_UK_001,715224.850244109,USD,2026-03-28 03:15:55,fb7b:29f3:ab78:9653:f6bb:5303:6855:8c04,1
sdv-id-nKxHOq,ACC_186,ENT_UK_008,554837.6863400195,USD,2026-03-15 13:01:28,395a:4eb3:f739:46cf:4f02:9c6d:176c:89e1,1
sdv-id-hicjGC,ACC_186,ENT_UK_008,46875.23569194384,USD,2026-03-08 12:40:44,4967:79bb:c0bf:c634:95e7:863d:261b:70a9,1
sdv-id-yJbofJ,ACC_181,ENT_UK_004,57648.84814317184,USD,2026-02-05 10:42:22,3bb:ef2c:12bf:e9a5:bcd6:db38:843:e913,1
sdv-id-yVGeZi,ACC_181,ENT_UK_002,957.359186886366,USD,2026-01-12 00:50:58,215c:b538:a233:b2b7:5320:8afa:8e9e:3e52,1
sdv-id-XcBEek,ACC_134,ENT_UK_009,944.5606024216492,USD,2026-03-03 20:24:26,4f48:2b41:7ea8:a727:bff4:f61:eaef:6a5a,1
sdv-id-WNPpvz,ACC_264,ENT_UK_005,5172.355404279361,USD,2026-03-05 13:13:28,1e3e:b7:8d5c:ed38:8c84:2e5b:c3bb:6a12,1
sdv-id-rSnDfF,ACC_294,ENT_UK_014,23097.276288506335,USD,2026-02-18 00:06:52,abd:4624:a048:3a31:18a4:4c8c:fdbd:d831,2
sdv-id-PtYWpe,ACC_171,ENT_UK_006,31872.315040432142,USD,2026-03-29 09:28:07,e76b:7404:32a8:9322:96d0:652:9386:e613,1
sdv-id-FcteiM,ACC_176,ENT_UK_010,1109227.4213825627,USD,2026-03-28 16:15:00,4463:52f1:30d1:bcec:5333:f706:dbef:32be,2
sdv-id-epPgsc,ACC_162,ENT_UK_014,113843.5855906867,USD,2026-01-11 04:45:42,262d:75e5:ca0e:bb20:b445:b4ef:5c53:22fc,1
sdv-id-ZwgVLb,ACC_142,ENT_UK_016,6086.775683471126,USD,2026-01-14 21:45:48,69d:7c2d:16f2:bfbb:d4ac:43c0:6d2d:f054,1
sdv-id-LOuElA,ACC_186,ENT_UK_002,719643.352975027,USD,2026-02-18 08:54:08,5398:66a6:3e9b:aa93:90f:b6d5:d4c2:c26e,1
sdv-id-ggxcOv,ACC_134,ENT_UK_007,355612.1984213302,USD,2026-02-16 12:34:44,4b5a:1334:93df:b9de:fc2b:d2d8:bb40:d536,1
sdv-id-dpGPAU,ACC_146,ENT_UK_016,199181.44629087037,USD,2026-02-19 18:30:50,9faf:e5e:9600:ea9d:e153:9466:ff42:54ae,1
sdv-id-VfEcUv,ACC_162,ENT_UK_016,5918.049522553736,USD,2026-03-15 07:02:49,e317:615:4240:443c:aab2:9b47:1d56:d6a0,1
sdv-id-GnvRqu,ACC_211,ENT_UK_005,26840.54771753924,USD,2026-01-25 18:06:58,2e5e:6251:f6b7:3719:f422:72c9:5554:a205,1
sdv-id-WiZJtg,ACC_256,ENT_UK_008,5858.577662573341,USD,2026-02-21 08:55:07,b4:a4b1:463a:3d50:8328:d2a7:919:4101,1
sdv-id-ZiPUwT,ACC_107,ENT_UK_005,613934.333059663,USD,2026-01-25 21:18:00,c45:3bb7:5c34:f7dc:35dc:d0e0:f457:505b,2
sdv-id-DQujSY,ACC_256,ENT_UK_011,4159.128741512193,USD,2026-03-31 16:54:24,dd8d:bf01:f514:5649:e8b7:39d6:7287:7cbb,1
sdv-id-zdWMKx,ACC_249,ENT_UK_003,1909936.263984986,USD,2026-01-30 16:12:52,3fc2:418b:a131:35f2:3f3a:ca0e:dbf0:29b9,2
sdv-id-HgncIu,ACC_164,ENT_UK_018,141811.75242746723,USD,2026-03-14 02:51:12,d037:da9a:8a3a:9ba2:f605:96b3:a8ac:198d,1
sdv-id-gRKJEd,ACC_187,ENT_UK_005,650685.800350801,USD,2026-03-28 11:42:51,2685:a864:1cce:d61a:55be:a0fd:b503:e8a,1
sdv-id-JdFCHo,ACC_171,ENT_UK_016,27069.79918709087,USD,2026-03-18 14:02:22,ae64:dea0:3f59:11b5:796f:5006:6111:751b,1
sdv-id-EcmnbK,ACC_172,ENT_UK_008,10283.492346653016,USD,2026-03-21 04:02:07,75f1:8928:5140:4345:2e71:2f98:5d64:9a8d,1
sdv-id-DChcmH,ACC_184,ENT_UK_011,1254.91844056641,USD,2026-01-23 13:59:00,428f:67b3:ae12:c43e:f0db:6d6d:3f6:12ea,2
sdv-id-iKVjwV,ACC_248,ENT_UK_009,1094630.7207212253,USD,2026-02-21 01:34:08,532a:4df6:691c:6483:8e55:37e7:cb4b:f1c6,2
sdv-id-SdkFhg,ACC_273,ENT_UK_010,66138.25024579442,USD,2026-03-14 12:21:40,e10:f673:2af2:26c3:305:80b3:81fd:1289,1
sdv-id-Pcujig,ACC_164,ENT_UK_002,10400.617149214911,USD,2026-02-15 08:18:01,2445:e324:62f1:9ab7:4f54:ea1f:2f3b:4cfb,1
sdv-id-vDfKqE,ACC_294,ENT_UK_006,929.5806313080732,USD,2026-03-12 11:54:06,2203:a143:2e5d:14da:a3b:3617:2565:b98d,2
sdv-id-hxgqZf,ACC_172,ENT_UK_016,75377.08345255344,USD,2026-01-12 07:36:48,7a86:c8dc:f0d:95f4:8eb9:f0ae:fab1:a626,1
sdv-id-kidzgk,ACC_225,ENT_UK_012,371764.5992491732,USD,2026-01-01 13:04:04,1c7d:a39d:f844:139e:4869:c2f9:1405:1ed0,2
sdv-id-PtZEcw,ACC_100,ENT_UK_016,526508.0417985029,USD,2026-04-01 09:23:08,b7ac:b181:df01:c72a:52f4:f9e6:b77b:451d,1
sdv-id-bSdYmJ,ACC_176,ENT_UK_001,334516.63317309844,USD,2026-03-14 17:03:32,6ea0:b721:8d38:fcf7:83f9:9c42:9510:a2b2,1
sdv-id-zcbDGU,ACC_242,ENT_UK_016,1018.8457865847822,USD,2026-03-11 00:35:57,41ca:b114:94b4:45d7:53b1:313e:c892:95fd,1
sdv-id-RweLPa,ACC_232,ENT_UK_002,658350.5778958531,USD,2026-02-19 12:41:31,1427:ecd9:dc6a:acbc:1471:d84d:e289:f82a,2
sdv-id-EyvwSe,ACC_221,ENT_UK_019,47366.39659488378,USD,2026-02-09 13:03:54,5b48:cdde:41b7:eb5a:4b34:a47e:685a:bafb,1
sdv-id-nkgZtp,ACC_186,ENT_UK_004,72197.79751914187,USD,2026-03-25 11:48:10,9a33:98a9:115a:41a4:1251:4012:c0a3:9fa8,1
sdv-id-wtaeON,ACC_176,ENT_UK_019,47714.01069342723,USD,2026-01-07 17:54:24,b7f3:e8b2:3e0c:ff7b:a047:7e7c:8fdf:45ac,1
sdv-id-MDZNOZ,ACC_134,ENT_UK_018,27240.14875021997,USD,2026-03-12 20:44:04,843e:a35f:1de2:d0d1:54d2:df12:b44d:51ed,1
sdv-id-dYDYfo,ACC_142,ENT_UK_002,229250.18810697203,USD,2026-03-02 06:18:26,b1c9:e0b8:3da5:eb18:9024:b6f3:4eca:ab79,1
sdv-id-ZfpGXi,ACC_164,ENT_UK_017,65300.32132006069,USD,2026-02-11 10:58:22,1f2c:b3d8:45be:b3f7:92cb:20c8:c52f:5c19,1
sdv-id-iHLQME,ACC_199,ENT_UK_018,362764.0350733832,USD,2026-02-18 13:16:01,3c65:2b09:2101:5a6:30b6:4a7a:2a4e:edef,1
sdv-id-myKRss,ACC_253,ENT_UK_012,129630.32916280995,USD,2026-02-06 21:56:42,6cc4:f6a2:d1d0:9f5e:d185:a0ec:b1ce:277a,1
sdv-id-pyqkcq,ACC_176,ENT_UK_011,28298.05263680775,USD,2026-02-07 20:27:45,3087:9a54:1bd5:6204:b9a4:5647:a548:3ed8,1
sdv-id-zrvCxo,ACC_181,ENT_UK_014,655952.9446640122,USD,2026-03-11 05:48:15,541:52eb:12d6:223d:2c53:62a2:d67:275a,2
sdv-id-LRsjDd,ACC_187,ENT_UK_005,125927.8086819236,USD,2026-03-28 23:46:35,47f1:abc7:40fb:b82f:8b6c:3328:ae1a:c6fb,1
sdv-id-LAIDCj,ACC_107,ENT_UK_019,3221.4740388162168,USD,2026-03-28 23:11:49,2848:6ab2:abcd:ec92:fe84:d43b:a1c0:c77b,1
sdv-id-zdRizI,ACC_176,ENT_UK_003,2445.5991622784063,USD,2026-03-05 01:55:15,78e4:3066:e4eb:1a76:d317:668e:55ff:6dce,1
sdv-id-PHMCfC,ACC_187,ENT_UK_006,45012.287938219175,USD,2026-01-19 19:11:50,70a3:dbb4:af01:ee02:861a:a717:ee3f:5b91,1
sdv-id-eCwtkl,ACC_107,ENT_UK_014,290603.53189875686,USD,2026-03-15 18:09:46,a7ef:890d:fbc5:5b36:e89c:8604:446d:56fb,1
sdv-id-aFgeTm,ACC_100,ENT_UK_008,60133.36475767738,USD,2026-02-01 17:20:22,655d:a774:72d7:d058:5119:12c1:10e4:ebf7,1
sdv-id-EtlPFB,ACC_146,ENT_UK_010,93869.9731185121,USD,2026-03-18 02:25:18,67b0:899f:a771:6e4e:e3eb:fa96:76fb:78dc,1
sdv-id-TCTYto,ACC_279,ENT_UK_010,274570.39676553087,USD,2026-02-07 02:06:46,d613:55b:e667:4d96:82a:3fc7:1d00:3c24,2
sdv-id-OsulHx,ACC_100,ENT_UK_004,2220.9584816790048,USD,2026-02-26 10:40:52,7280:f230:4c7c:b6cb:a113:544b:a5b0:2eb7,1
sdv-id-WfFuQv,ACC_243,ENT_UK_009,28847.530274397945,USD,2026-03-05 10:54:59,608a:27c4:165e:fb73:a16b:6220:f243:e172,1
sdv-id-dHZwQK,ACC_123,ENT_UK_005,138501.26723414788,USD,2026-04-01 19:23:14,6ef8:5011:cade:5eab:efdd:5e31:d1ea:d90,1
sdv-id-eOKwpy,ACC_155,ENT_UK_010,4847.690271008971,USD,2026-03-23 04:50:42,a8b7:fe0e:7552:60fe:1265:8d23:bdd8:1374,1
sdv-id-CJWpEO,ACC_247,ENT_UK_007,227861.1310605413,USD,2026-01-18 06:04:13,81cf:7fbd:37df:801e:f90a:1023:b950:2f43,1
sdv-id-FxTosX,ACC_123,ENT_UK_005,17623.765008023125,USD,2026-02-24 18:05:41,19d:bc51:d00d:e6fe:f04a:3d03:dfed:e672,1
sdv-id-fWKToa,ACC_271,ENT_UK_003,6675.748375172588,USD,2026-03-30 16:22:40,10d2:dba5:7eb4:c990:ac79:b877:24f7:76c5,1
sdv-id-PRkRyL,ACC_186,ENT_UK_003,811326.7917913672,USD,2026-01-16 17:06:13,37:8d84:bf26:668:c375:c50a:2b2d:94af,1
sdv-id-jyfDtq,ACC_107,ENT_UK_006,143962.02531152102,USD,2026-03-06 03:39:23,a29c:3026:9696:a320:f1da:76b7:e79f:ba09,1
sdv-id-cbGNiW,ACC_221,ENT_UK_007,988.6914113536176,USD,2026-02-12 10:28:51,41cf:11c1:c000:f4aa:530a:8f37:ac8b:6c30,1
sdv-id-EHjuJt,ACC_198,ENT_UK_003,281632.79479251604,USD,2026-03-12 23:57:01,3663:c742:6a83:ffc1:b18f:e52f:43e6:6eb0,2
sdv-id-vJIwGq,ACC_293,ENT_UK_009,500331.528375574,USD,2026-03-15 21:42:18,e71c:84a0:301a:439d:522b:a096:70c4:e970,1
sdv-id-QPvxJE,ACC_225,ENT_UK_010,11357.922108405062,USD,2026-02-12 20:40:34,3035:4db8:df9f:5656:bcca:83de:4c39:8dfb,1
sdv-id-UEVgMs,ACC_264,ENT_UK_013,180433.0882144996,USD,2026-01-12 23:00:00,73bc:fed0:fe9:744e:c59e:b93d:1d75:3e57,1
sdv-id-HzJqXy,ACC_273,ENT_UK_012,14925.300799615512,USD,2026-02-13 23:55:43,bd45:7c35:545a:12da:ef3f:db89:3797:de5e,1
sdv-id-ZQhFBb,ACC_146,ENT_UK_008,668029.636774554,USD,2026-01-27 20:48:00,7edd:4bb0:c766:c8b8:f1b1:7492:6e9e:44df,1
sdv-id-DyKTAy,ACC_248,ENT_UK_018,41092.31631871495,USD,2026-02-14 09:25:49,625f:da18:eacf:f9d9:432f:e87:b760:1465,1
sdv-id-KRidwr,ACC_211,ENT_UK_018,57253.5866289676,USD,2026-02-28 19:02:33,57fa:b6bb:3eee:29dc:5dc4:9388:ebf3:24b6,1
sdv-id-nFrkNi,ACC_146,ENT_UK_006,119310.48901902747,USD,2026-02-14 22:47:50,1d18:3ea9:b1e5:823:d29f:81f9:c83f:5134,2
sdv-id-kbphiK,ACC_273,ENT_UK_019,164688.51598118633,USD,2026-01-02 01:45:01,639b:e9ff:8332:a258:d095:410c:d22f:4771,1
sdv-id-Ggrmut,ACC_225,ENT_UK_009,413127.5436665878,USD,2026-01-20 10:45:05,aad9:91b2:3c29:9abe:3a24:7b66:bf78:3203,1
sdv-id-IzdvGc,ACC_248,ENT_UK_016,13154.960192184752,USD,2026-03-17 02:33:12,ff6e:9a7e:3599:6c53:ed41:6d54:66e8:cc2f,1
sdv-id-JotleQ,ACC_273,ENT_UK_012,166579.5343777344,USD,2026-01-31 13:51:23,3ca0:7c37:a0da:51c7:50ed:d2a4:bbf8:c8e6,1
sdv-id-YLVHGI,ACC_172,ENT_UK_003,165606.56241669686,USD,2026-03-18 23:21:20,c54c:8ea9:d2db:3db:159:d7a3:5bd8:2665,2
sdv-id-mXVLKj,ACC_156,ENT_UK_006,102507.35056507398,USD,2026-03-17 12:41:21,be85:5bfc:4d10:8a92:7b55:4a94:8737:e74a,1
sdv-id-wlTnlb,ACC_142,ENT_UK_007,961.7745456924796,USD,2026-03-17 06:17:47,336:551d:d836:2da0:a112:39dc:8690:2fe7,1
sdv-id-DnmUcf,ACC_142,ENT_UK_006,12585.98091217166,USD,2026-01-05 16:53:37,a973:93e1:8194:ef60:21bd:9558:b83a:61f,1
sdv-id-qpoUPk,ACC_123,ENT_UK_019,22811.52494314027,USD,2026-01-13 18:12:01,16cd:fba4:853b:1934:4d6f:7ab3:8f95:e88c,1
sdv-id-yMhaJi,ACC_171,ENT_UK_016,458063.4607426992,USD,2026-03-25 10:34:13,9704:5a19:a0a6:9e4f:2c7:545f:8629:aa4c,1
sdv-id-DgLqyp,ACC_186,ENT_UK_019,25844.800810880788,USD,2026-03-01 04:01:07,2beb:2328:1936:ca82:f46:cac2:63e3:e777,1
sdv-id-mFysTs,ACC_242,ENT_UK_011,86347.65416700469,USD,2026-03-29 15:51:34,701e:b977:f15c:883a:123c:c97:ff03:7f39,1
sdv-id-EJLmLz,ACC_262,ENT_UK_008,404372.445247009,USD,2026-01-21 05:10:27,d0c2:1ca6:a558:639b:74ff:66a8:a76:c0d8,1
sdv-id-pIUBny,ACC_181,ENT_UK_006,349931.06329599576,USD,2026-02-15 09:56:43,1142:af55:cfad:588a:ce22:5097:8a94:ff3f,1
sdv-id-grrFpk,ACC_181,ENT_UK_004,1179.5312172350923,USD,2026-02-10 14:47:41,5ef8:6e70:ff1f:fc45:32fb:467e:923b:6484,1
sdv-id-iBqSqA,ACC_162,ENT_UK_019,31842.03021926996,USD,2026-03-01 22:31:17,2488:4448:1bec:3c9f:a9f8:8722:ccaa:ce74,1
sdv-id-KPMnVs,ACC_107,ENT_UK_018,48498.09830696032,USD,2026-02-11 23:08:15,d95e:247d:73f1:721:3c86:a60e:b43d:77d7,1
sdv-id-VWugKb,ACC_181,ENT_UK_007,47536.63087847265,USD,2026-01-06 00:02:13,cd40:7a5b:b5b2:1abb:711a:8c21:b975:b42e,1
sdv-id-SiJGOt,ACC_186,ENT_UK_013,945.1632783744278,USD,2026-01-28 20:09:23,d451:b791:b41a:a029:d429:b258:d659:92fd,1
sdv-id-jATfWx,ACC_279,ENT_UK_004,8512.677419344745,USD,2026-03-27 19:37:22,e3e5:3102:3afa:d97f:63c8:10f0:d8ca:f286,2
sdv-id-NFvZyO,ACC_171,ENT_UK_005,36858.7318388939,USD,2026-03-31 02:02:42,9e31:a14a:c265:12dd:c46e:bef9:54cb:104d,1
sdv-id-vhDWQz,ACC_273,ENT_UK_017,33864.83887973763,USD,2026-01-02 00:54:25,47bb:9986:1122:a192:32a7:eef0:318e:21e3,1
sdv-id-aJfzCu,ACC_225,ENT_UK_009,4289.9362395002545,USD,2026-01-24 00:25:45,c077:acc5:7eb2:7880:df86:8846:6298:8b41,1
sdv-id-LLEGHA,ACC_271,ENT_UK_001,166543.08023557838,USD,2026-04-01 18:28:35,71d3:b020:59a:2909:406b:ed70:8606:8ff4,1
sdv-id-JRjUAS,ACC_243,ENT_UK_018,197032.03466410117,USD,2026-01-10 05:44:23,5c97:22df:bd71:afb6:2c42:db97:f940:457,1
sdv-id-bBSggR,ACC_142,ENT_UK_008,2694.1547342395907,USD,2026-03-15 20:38:00,2741:e351:860f:137c:a215:495b:6cf:23e4,1
sdv-id-OgGrgZ,ACC_171,ENT_UK_017,224997.88672926553,USD,2026-01-04 20:57:18,2333:f2:1a09:8da7:2057:6cf:a01f:af22,1
sdv-id-QlVTld,ACC_107,ENT_UK_019,568774.1966063398,USD,2026-01-07 01:37:56,96fd:60f7:38c0:16dd:cdc6:d366:92b8:87a5,1
sdv-id-VSnvlO,ACC_264,ENT_UK_015,87506.95083407294,USD,2026-02-03 05:29:00,8641:f042:f337:1d43:c77b:3f8d:c355:6e5f,1
sdv-id-FXNgqJ,ACC_273,ENT_UK_008,776275.6962039876,USD,2026-02-17 08:38:35,6528:71b7:f8b1:1d49:ba82:210c:d31a:3f86,1
sdv-id-ZPPgOZ,ACC_176,ENT_UK_016,246503.88161799044,USD,2026-01-24 22:43:14,c8e3:9b51:c02b:e078:8f9c:5377:9e0f:e265,1
sdv-id-WtXiSZ,ACC_155,ENT_UK_009,251232.79423012116,USD,2026-03-29 17:59:17,8904:aab3:a4da:c36b:67eb:821a:a5ca:186a,2
sdv-id-JAWAsj,ACC_256,ENT_UK_008,66838.05224059326,USD,2026-03-11 08:24:12,8ab1:ad6c:9fc:d429:7495:e9b9:c581:fc4,1
sdv-id-sRIXfj,ACC_247,ENT_UK_009,231266.2771215823,USD,2026-03-13 22:52:01,bfa9:cce8:2554:8a6f:bc5f:a4d5:d09:2359,1
sdv-id-dIFQke,ACC_100,ENT_UK_007,349765.69045835524,USD,2026-01-17 16:46:29,c2e8:2b90:cc4c:2f85:22c1:6e92:8481:8458,2
sdv-id-stFmXF,ACC_176,ENT_UK_006,763810.444317773,USD,2026-03-30 19:05:00,5db6:96ef:a872:c436:38c6:2f4:dbae:7018,2
sdv-id-lAjZaA,ACC_107,ENT_UK_004,398593.13429152063,USD,2026-02-18 15:01:45,9b05:2df2:6804:f4bb:f6ed:f79f:4328:fe1f,2
sdv-id-hQtVfa,ACC_156,ENT_UK_019,998.150420698858,USD,2026-02-23 08:57:07,5f17:80c0:75ac:e61b:8730:1637:5df1:17ba,1
sdv-id-uFdJDh,ACC_123,ENT_UK_008,1103108.344552702,USD,2026-01-30 16:29:55,8c1b:a289:da4c:a5ec:a6e6:28c4:ee32:ee9a,2
sdv-id-EelUCC,ACC_142,ENT_UK_016,1136.3288097973675,USD,2026-03-13 20:36:51,55cb:9d55:3e5b:b3ef:325a:930:9da8:776,1
sdv-id-zuUjPV,ACC_242,ENT_UK_007,12110.1463640635,USD,2026-01-12 00:00:00,75b5:2b1f:3843:d326:5504:3a20:29bc:e09b,1
sdv-id-IvKfET,ACC_142,ENT_UK_015,82190.43089264575,USD,2026-02-21 08:31:08,bda3:2c4:444:66e5:91c:db96:d04a:3781,1
sdv-id-QyKLVC,ACC_171,ENT_UK_014,28292.983071981893,USD,2026-01-16 04:53:55,7c36:202d:b7e8:8c7d:ce54:ef00:b6b1:417c,1
sdv-id-rPWdQk,ACC_160,ENT_UK_010,399845.8897547709,USD,2026-02-12 23:56:13,3333:ede0:30f4:b5cb:b795:5864:c1ca:ac0b,2
sdv-id-SkRDWO,ACC_284,ENT_UK_010,1260.3936478520468,USD,2026-03-25 12:41:23,564e:e145:682a:bce5:9165:2073:231:8945,1
sdv-id-pwQgmd,ACC_248,ENT_UK_002,944117.2798403607,USD,2026-03-26 17:28:45,249e:b15f:fc31:defe:2e52:4f51:8a9a:3bc4,1
sdv-id-sWsMmR,ACC_142,ENT_UK_016,5371.031432118715,USD,2026-03-03 08:43:17,bdc9:dcf0:4331:6edf:7cc8:71e5:4a43:167c,1
sdv-id-sHztCc,ACC_225,ENT_UK_003,6773.528730596777,USD,2026-01-16 10:35:58,f612:c762:8b6e:ed77:f28:e4bd:6137:9aa9,1
sdv-id-ZRjfoH,ACC_156,ENT_UK_003,6969.335364123602,USD,2026-01-26 17:32:17,fcd0:8662:e740:5b59:2c72:41ee:daea:1bf2,1
sdv-id-VvhjAJ,ACC_211,ENT_UK_006,80934.29999589112,USD,2026-03-24 14:23:49,891f:8e47:5487:d38d:751e:8d9c:72b1:82c5,1
sdv-id-KaDbTg,ACC_225,ENT_UK_015,442965.9298721232,USD,2026-02-18 02:31:34,7485:62a7:4977:b13:e72b:5c7b:beef:58f,1
sdv-id-uEjeRh,ACC_176,ENT_UK_003,92785.21925899886,USD,2026-01-22 22:29:29,7dc:da5e:4687:9369:4eb4:975e:4acd:285e,1
sdv-id-vDbAjm,ACC_146,ENT_UK_002,177489.8546623164,USD,2026-01-07 00:48:31,8f6b:bdf9:a4bd:a538:72e4:b2a2:4e1c:fbfb,1
sdv-id-Xmucah,ACC_123,ENT_UK_013,18745.22244248332,USD,2026-02-17 03:35:06,f053:d902:930b:5bda:82db:f1e6:ff53:192d,1
sdv-id-dIzqix,ACC_107,ENT_UK_015,934557.107624454,USD,2026-01-26 15:20:11,e39e:2bd7:991:bae8:4b2e:b62:5619:cb6c,1
sdv-id-xEvrlI,ACC_107,ENT_UK_004,73347.81778387947,USD,2026-01-25 22:32:55,a2eb:7ca3:3aa0:77f0:c7ed:2dad:58db:dda6,1
sdv-id-ZfXQrv,ACC_176,ENT_UK_013,1948.346415222596,USD,2026-01-08 00:26:13,d86c:214:86ee:8a95:6085:fdee:eefe:2bb6,1
sdv-id-syLdNT,ACC_134,ENT_UK_007,1187.0806468396866,USD,2026-03-15 13:23:12,ee97:c13c:2bfe:93ba:277:164:eac9:4f1e,1
sdv-id-mnoHSE,ACC_211,ENT_UK_015,2830.2173656946047,USD,2026-03-07 05:25:18,983c:82f8:dc2d:e93b:e137:9b1e:d908:b0a6,1
sdv-id-GJwiep,ACC_221,ENT_UK_014,320865.8914171598,USD,2026-02-20 15:54:07,9ce8:69b8:1a89:25cc:7383:709b:75e2:8a44,1
sdv-id-gLATuH,ACC_187,ENT_UK_017,386248.5421259477,USD,2026-01-08 09:39:47,5951:3d52:7af6:65b8:14e6:67c6:9ff7:3f2c,2
sdv-id-ChnNkG,ACC_253,ENT_UK_007,1863300.0773152015,USD,2026-01-18 23:45:14,7b85:1a05:b11a:d2c:35ba:5f4:fbc4:bf77,1
sdv-id-MWeifI,ACC_176,ENT_UK_014,4954.6888747832145,USD,2026-02-11 15:54:36,3a0e:e2b:3616:c25f:7d98:4332:1d6c:652f,1
sdv-id-pMWdrs,ACC_142,ENT_UK_007,109897.6053536347,USD,2026-02-27 03:28:01,892b:7426:44b0:fd85:b4fb:eab0:dd73:b45d,1
sdv-id-zPorCD,ACC_196,ENT_UK_011,302548.46962010907,USD,2026-01-27 16:54:41,3e0b:e0ed:9f90:d01b:10ca:a2b8:978:e9f3,1
sdv-id-oxfjXZ,ACC_164,ENT_UK_016,2254.923392226812,USD,2026-03-31 21:53:24,8922:86dd:aa2c:322d:ec0d:69ac:1ff3:b9b6,1
sdv-id-mIiGfL,ACC_142,ENT_UK_002,152165.18579593726,USD,2026-01-03 21:36:36,452:4f23:34cc:4dba:fcad:ae38:ef9b:923e,1
sdv-id-cqHyEf,ACC_107,ENT_UK_019,62917.64624357015,USD,2026-02-23 00:33:56,8730:f387:abc3:b8c8:eb82:43b0:169a:4961,1
sdv-id-vjTjxq,ACC_256,ENT_UK_011,389098.8115092118,USD,2026-02-09 04:17:34,85e5:a8d8:b679:aebe:3853:14df:9b9f:a98f,1
sdv-id-AhnaMv,ACC_293,ENT_UK_011,4226.552911609659,USD,2026-02-14 11:32:55,e787:15c0:72d8:e10c:c470:3e4f:8606:782f,1
sdv-id-jQEJMO,ACC_299,ENT_UK_007,31373.072618653816,USD,2026-03-12 03:34:30,cbe7:a191:1bd0:c5d7:a930:eebb:6ce4:ec53,1
sdv-id-RmkqBK,ACC_155,ENT_UK_012,374098.2295679402,USD,2026-01-06 01:53:25,78e4:3eaf:af7d:636e:996e:ae6d:fdd5:cda3,1
sdv-id-oBclxo,ACC_100,ENT_UK_018,34154.2610192271,USD,2026-03-28 10:27:50,4c1f:d3c0:8b4f:774c:c418:428:7f4a:8dd9,1
sdv-id-mMxEZV,ACC_294,ENT_UK_009,29903.61820244336,USD,2026-03-27 22:02:49,d88c:1388:25b9:7baa:d13a:6e60:a60d:3ccd,2
sdv-id-xmmVWE,ACC_256,ENT_UK_009,2023.3583106431995,USD,2026-01-22 13:37:31,cc5a:1818:b47f:4c27:88a7:384a:7958:9056,1
sdv-id-TpGRBo,ACC_183,ENT_UK_008,529929.9621197914,USD,2026-01-02 11:09:57,da0e:c7a3:4dea:72d3:983d:afeb:d686:6686,2
sdv-id-fBZAZN,ACC_248,ENT_UK_006,923.7636411534388,USD,2026-03-19 14:07:52,6203:5a85:aab8:f1d1:cd82:f85b:b37c:4a2f,1
sdv-id-EmHAFW,ACC_134,ENT_UK_014,724430.7234003778,USD,2026-02-24 21:57:01,6b36:1bd5:4253:e1b9:4c9a:700b:f777:89b,2
sdv-id-imsyUD,ACC_247,ENT_UK_004,241868.53931227265,USD,2026-03-31 07:27:22,2741:a413:21e8:44f1:8e0d:9175:e83c:5f1d,1
sdv-id-ztjlFq,ACC_293,ENT_UK_016,774961.5710506346,USD,2026-02-25 16:13:47,cfcd:e83e:eed1:a3a5:e00f:131c:3a75:fe1d,1
sdv-id-jFIOvq,ACC_142,ENT_UK_013,867744.4363384484,USD,2026-03-25 04:04:47,d4af:d016:2ffe:4f63:f3c4:2e1d:70df:50f1,1
sdv-id-yMGFKc,ACC_271,ENT_UK_016,2933.6366289917437,USD,2026-01-20 22:10:52,60bd:d9fd:ac11:6bd6:d1bc:140e:4d63:d7c7,1
sdv-id-xvegDy,ACC_162,ENT_UK_013,9171.507221905267,USD,2026-01-14 20:47:32,d1ae:fe18:d116:437e:25f9:80f8:5cc0:cac1,1
sdv-id-NTBPdT,ACC_176,ENT_UK_003,246025.75618197865,USD,2026-03-26 13:10:38,e566:4da:34e1:17dd:d735:690f:aca1:ff25,1
sdv-id-HvLcrO,ACC_273,ENT_UK_015,10600.36946497963,USD,2026-03-25 19:41:50,d17b:2403:56a9:215b:d60a:c352:7697:888e,1
sdv-id-fFBqid,ACC_156,ENT_UK_002,35807.82016740115,USD,2026-02-17 12:02:09,7852:e87f:dd7e:a174:119b:ec2c:a28d:583b,1
sdv-id-VvewGp,ACC_176,ENT_UK_002,339218.3776941895,USD,2026-01-08 13:21:24,882c:2dd6:1537:dabb:9545:384c:172a:b36e,2
sdv-id-iRNVtQ,ACC_176,ENT_UK_006,1078.2113137310653,USD,2026-02-15 08:07:39,20f7:dcd6:4969:8be3:f138:e9e:85d6:7a59,1
sdv-id-qJqMAO,ACC_142,ENT_UK_009,2447.5934502491104,USD,2026-01-11 14:33:59,63bf:3d8f:1274:cee5:6d72:3e3a:68b7:6566,1
sdv-id-eWUdQz,ACC_247,ENT_UK_010,221652.01079788432,USD,2026-01-07 12:49:48,3587:f623:9db5:1efd:fb63:6b28:b967:2191,1
sdv-id-LVgdhb,ACC_142,ENT_UK_007,619297.5152396966,USD,2026-03-26 11:39:44,c310:f5ee:aef0:ecc7:49a1:4254:3cb9:f32f,1
sdv-id-kkTXAY,ACC_211,ENT_UK_006,665598.1849820944,USD,2026-01-11 20:59:46,6165:8b1e:eccf:cc4d:1760:c33e:378b:c2b0,2
sdv-id-fswkjS,ACC_211,ENT_UK_014,274782.1277905532,USD,2026-03-06 10:56:14,3ce7:42b8:9497:a712:49c9:f5f2:2146:2a4f,1
sdv-id-TLRPDm,ACC_107,ENT_UK_007,399224.12887590856,USD,2026-02-18 21:20:28,49dc:fc38:412:1937:42c3:cc9e:f2c5:bcc1,1
sdv-id-rbCalM,ACC_142,ENT_UK_018,113804.3823281992,USD,2026-03-17 02:21:05,58f4:560b:feb:5211:e94d:6728:d048:56ab,1
sdv-id-wvanbY,ACC_181,ENT_UK_016,1008.915092674741,USD,2026-01-20 13:49:38,ec1a:80ea:c341:cdd4:b4c0:c56b:5218:5b87,1
sdv-id-QBzrtG,ACC_284,ENT_UK_010,71049.22755701275,USD,2026-03-02 10:56:19,de36:c7e:a6b:fdc8:49b4:5fe9:aa8c:74c5,1
sdv-id-ktkAKp,ACC_256,ENT_UK_006,47452.5945344291,USD,2026-01-11 10:16:46,7b49:20ca:a5aa:9db2:b0e4:dbcf:b763:6b08,1
sdv-id-AbnivT,ACC_186,ENT_UK_012,380258.41950405017,USD,2026-02-20 13:27:22,5d17:d8b9:9d8c:6a7d:7236:4532:af8f:f373,2
sdv-id-jySBIv,ACC_211,ENT_UK_007,24154.710570973577,USD,2026-02-13 10:59:35,a899:f6d4:be19:b0c:47e0:f10a:53c8:fa40,1
sdv-id-XucQTL,ACC_171,ENT_UK_003,210724.4856547312,USD,2026-02-27 06:16:30,f5e9:b711:ce86:ac9:62c9:e9ed:656c:dcac,1
sdv-id-oUSBPh,ACC_176,ENT_UK_013,129056.12345053516,USD,2026-03-25 10:18:14,8bd2:16a1:ec5f:b2ad:6e76:35f9:632d:d770,1
sdv-id-msvAyX,ACC_176,ENT_UK_017,54891.03041199176,USD,2026-02-06 12:55:08,258b:162c:888f:b9b3:17f0:2caa:c7fa:9504,1
sdv-id-CIwBQf,ACC_107,ENT_UK_006,2189.483096745892,USD,2026-03-06 09:58:25,8:7370:636b:8325:42d6:a868:31a4:571f,1
sdv-id-iZuVNx,ACC_176,ENT_UK_004,227922.34207411503,USD,2026-01-16 07:04:08,2c4c:f942:d967:fe1b:147d:75cd:2a40:9620,1
sdv-id-SbEmeA,ACC_176,ENT_UK_003,38258.71972326994,USD,2026-03-14 03:22:13,64c2:7cf3:ed3a:3ad4:b29c:d62f:9747:37d9,1
sdv-id-xbtfcR,ACC_293,ENT_UK_019,145525.531367118,USD,2026-01-15 17:15:42,2f5b:6c25:2a32:b6e4:f412:daa1:919d:34c0,1
sdv-id-xqeKZo,ACC_107,ENT_UK_010,113974.8057082485,USD,2026-03-10 07:18:10,c409:75e0:5352:579f:1754:ac8b:33de:b7ac,1
sdv-id-OylhpK,ACC_176,ENT_UK_015,1811.6782796148427,USD,2026-01-23 14:36:03,6a6:5d5e:c3e5:bcde:fb9a:8461:51e8:93c7,1
sdv-id-jOpQSn,ACC_247,ENT_UK_016,3612.961485340203,USD,2026-01-08 10:13:50,10be:6932:ce35:32ab:eebb:82ec:f988:cc22,1
sdv-id-SHqWJb,ACC_261,ENT_UK_003,251076.20319631704,USD,2026-02-17 15:45:08,cad0:9e8:c67c:7e2a:4bde:ba9b:24ba:b53b,2
sdv-id-MprGDX,ACC_181,ENT_UK_017,200335.25619283505,USD,2026-02-24 22:02:56,c5ed:9d91:92b0:7614:829c:591b:f6:e22f,1
sdv-id-yNUVQZ,ACC_171,ENT_UK_004,1067612.8796928818,USD,2026-01-08 20:19:52,eae9:a603:4c09:29e3:37b9:e784:321d:2d2a,1
sdv-id-zrqlRQ,ACC_155,ENT_UK_009,52210.40470424061,USD,2026-03-01 03:55:37,b73d:eeec:d0eb:c147:241e:6ba8:8704:a375,1
sdv-id-vmPZlg,ACC_142,ENT_UK_009,6499.22684451782,USD,2026-02-23 05:11:57,84e9:34a0:536f:bc14:eaad:ad23:fb3:b13d,1
sdv-id-QOLpkc,ACC_107,ENT_UK_011,39250.29719693011,USD,2026-01-30 19:16:25,9048:55d8:a4e8:b745:50f3:25df:a46a:c83,1
sdv-id-VTRAYk,ACC_187,ENT_UK_001,11000.755885533834,USD,2026-03-25 20:33:07,3eb3:d733:2be5:298e:3274:6741:fd78:c5ab,1
sdv-id-tyTzhS,ACC_107,ENT_UK_011,1200.01868969724,USD,2026-01-24 07:48:30,aecf:5fb5:9179:1fdf:1bf4:2c9a:af14:3c48,1
sdv-id-KJMYUw,ACC_273,ENT_UK_013,276915.5617810957,USD,2026-03-10 05:38:07,1b55:43ee:90b8:f20d:2a54:8b4d:b24:bf87,2
sdv-id-FOxgaa,ACC_155,ENT_UK_010,8434.109770782256,USD,2026-02-20 00:27:15,f5c6:ea0:df0d:589c:6c21:254b:6cda:3b63,1
sdv-id-MPAJRP,ACC_176,ENT_UK_001,43793.763932442904,USD,2026-04-01 08:58:43,306f:9d6a:7a1c:e195:383b:4481:b776:705c,1
sdv-id-tHXIIU,ACC_242,ENT_UK_012,28443.6231460365,USD,2026-02-19 13:03:06,8d4a:9889:15ca:7cfa:f407:b1b6:f6e3:7df0,1
sdv-id-ZoIIsT,ACC_142,ENT_UK_007,201346.22124452295,USD,2026-02-17 08:08:35,73a1:c764:2dc0:b607:45ea:2f98:7d8:d423,1
sdv-id-VVOJmI,ACC_271,ENT_UK_014,62591.09713079975,USD,2026-01-02 20:45:47,6dbc:9ac8:ddd8:b9b3:9905:59e1:4a48:8df4,1
sdv-id-xSHWky,ACC_284,ENT_UK_013,2173.3854858641516,USD,2026-02-27 04:08:03,c78a:dc26:dc71:978:27f3:268d:f407:5803,1
sdv-id-sAAhrB,ACC_162,ENT_UK_015,92231.36881878584,USD,2026-04-01 05:13:58,c1a3:7cbb:3170:3d69:8753:f8e4:1744:ab39,1
sdv-id-lCyLmI,ACC_247,ENT_UK_017,2354.277810568727,USD,2026-01-03 08:30:28,e07f:a3a4:67b5:6174:1d99:4fd4:323b:9017,1
sdv-id-ceMXha,ACC_247,ENT_UK_011,113633.69454375388,USD,2026-02-17 04:38:30,ea1e:43ae:6bbe:9533:63cd:8679:a53b:713,1
sdv-id-pXkDnK,ACC_171,ENT_UK_009,36835.39959326721,USD,2026-01-15 20:22:46,f218:e33c:6848:eeea:c8d8:1579:a821:438b,1
sdv-id-FGMhyv,ACC_171,ENT_UK_005,447064.2371705256,USD,2026-03-08 09:27:38,bbfe:619:927d:b699:1a43:a8e8:b86e:8638,2
sdv-id-XPQcJT,ACC_181,ENT_UK_009,1083.81250484142,USD,2026-01-28 07:18:18,15e5:54:fcbb:2540:bbc6:35f8:e75e:d3ef,1
sdv-id-OnHkMS,ACC_293,ENT_UK_018,265010.2284552171,USD,2026-03-26 01:04:34,52d:94f4:e81a:de8a:3511:4ab0:ffd2:f0c0,1
sdv-id-NZpqCl,ACC_176,ENT_UK_009,92713.88219135604,USD,2026-01-18 20:28:12,b6a0:9c76:423:a895:cb03:1202:eae2:3746,1
sdv-id-obbTZe,ACC_248,ENT_UK_003,419936.22000258137,USD,2026-01-27 23:29:16,8aee:3c09:eefb:e02d:2c10:cf3:6431:2088,2
sdv-id-oKOUvk,ACC_243,ENT_UK_016,15263.0609130186,USD,2026-04-01 15:45:17,3db2:5895:4b62:9c6b:e879:5ed9:3d57:cc2b,1
sdv-id-MtGiEU,ACC_293,ENT_UK_009,208637.53302640564,USD,2026-02-02 09:57:02,cf14:c129:9f73:9fdc:4d77:82e4:8aeb:8b5d,2
sdv-id-szFpBP,ACC_107,ENT_UK_017,72620.17489465086,USD,2026-02-14 12:45:31,3149:de81:32c2:839d:e881:6635:fafd:718a,1
sdv-id-flZigJ,ACC_134,ENT_UK_016,1288052.4895301107,USD,2026-01-07 11:12:13,6a99:606e:597:3a51:d830:dcbb:134d:7db5,1
sdv-id-tKcmqa,ACC_211,ENT_UK_009,17274.275257902296,USD,2026-01-28 03:37:14,863a:6d25:58fb:f7bf:f196:6c85:fd1f:ff1c,1
sdv-id-GDQAnr,ACC_273,ENT_UK_014,2466.615891606457,USD,2026-01-23 03:40:13,8e3e:a237:bd0f:490a:b88a:8852:34cc:b3a5,1
sdv-id-MjPHSM,ACC_273,ENT_UK_019,503149.3543276084,USD,2026-03-20 20:22:26,e0be:ed67:fc90:51a2:b21e:e2b6:10d6:4d16,1
sdv-id-kLcnDt,ACC_242,ENT_UK_010,2025419.3139922912,USD,2026-01-07 01:53:27,5058:56c6:35df:ce9e:bcb5:dae6:52f1:c155,2
sdv-id-MLbRRU,ACC_196,ENT_UK_012,1089.9490807157808,USD,2026-03-26 16:04:21,75d7:2e5d:5d31:c21c:b0e0:e52b:4103:4fd4,1
sdv-id-gGaTpI,ACC_107,ENT_UK_001,397076.06473039126,USD,2026-02-21 08:21:08,bd22:f6ce:f887:41f7:87c:edf:3c5f:123b,1
sdv-id-wmrLfZ,ACC_186,ENT_UK_001,103402.46723431844,USD,2026-01-31 08:12:33,32b2:7888:d19a:50f8:daa3:5f02:e72f:eac2,1
sdv-id-MKNReD,ACC_107,ENT_UK_012,163618.74490729716,USD,2026-03-11 19:11:31,70c4:fdf4:e481:b51:6364:b960:ea3b:d91f,1
sdv-id-PqwLFb,ACC_293,ENT_UK_019,24766.407791650156,USD,2026-03-27 08:23:58,cf1d:b08a:d410:8bbd:3a4a:390a:9142:a83e,1
sdv-id-LSJzKE,ACC_164,ENT_UK_010,75656.00193159618,USD,2026-03-20 09:20:13,fa73:111d:df9e:da7a:efb4:2742:cfc0:1c2b,1
sdv-id-bJJARZ,ACC_107,ENT_UK_008,105050.98446631814,USD,2026-03-21 18:23:37,1df3:32e3:5c5d:1ac6:e333:c98a:7fb9:c5d9,2
sdv-id-BVbCun,ACC_271,ENT_UK_005,990.8882650903602,USD,2026-01-18 14:08:50,9c4d:e6be:dce5:5411:6291:d01f:326a:c6cb,1
sdv-id-VgenzK,ACC_186,ENT_UK_010,572432.7860769622,USD,2026-01-29 08:48:16,5a1a:8f6f:ff63:c590:e5d4:a611:5b4a:c46,2
sdv-id-itCgpc,ACC_187,ENT_UK_008,11203.363003196097,USD,2026-02-26 15:51:40,bcaf:fe70:5a03:ae2b:3c80:3d10:16b1:b131,1
sdv-id-kMOGRB,ACC_107,ENT_UK_010,34449.72605762234,USD,2026-01-11 07:24:54,54dc:d0ab:99f8:9918:75a7:3fc5:3957:e25,1
sdv-id-EaWObC,ACC_271,ENT_UK_001,312010.1459603858,USD,2026-02-10 07:09:12,b1ad:54a6:2e20:859:acbc:c5c7:9d10:132f,1
sdv-id-NyYWiu,ACC_123,ENT_UK_014,81919.31873608404,USD,2026-02-01 10:29:10,cf84:847b:e4c:4383:2ccf:9290:b499:a57f,1
sdv-id-Vkjpwe,ACC_249,ENT_UK_010,87533.98411272104,USD,2026-01-04 12:30:35,fa12:59a6:79f6:60b9:db6d:14e:bb8e:741e,1
sdv-id-zSoVEI,ACC_142,ENT_UK_005,26288.414132016173,USD,2026-02-25 13:20:42,b2e8:edf5:5942:4867:3055:564b:b0e6:425d,1
sdv-id-vqntMS,ACC_176,ENT_UK_001,324600.79887753096,USD,2026-02-24 10:39:55,59c9:3028:8221:785e:c8d:29d1:e482:e8bd,1
sdv-id-rDihNr,ACC_164,ENT_UK_018,246300.4976907563,USD,2026-03-27 09:19:23,1d0c:80ee:b002:4137:efec:a8b:78c5:cccb,1
sdv-id-MMsokV,ACC_181,ENT_UK_006,13419.876468737502,USD,2026-02-11 01:17:04,2819:c84e:5d0c:8ba2:355f:beb0:785c:83f9,1
sdv-id-DJooJi,ACC_160,ENT_UK_008,563055.6156246059,USD,2026-04-01 10:40:29,b51b:9267:6a95:8c28:ae49:5edd:1b56:9219,2
sdv-id-aojwjS,ACC_253,ENT_UK_015,97807.5020213564,USD,2026-03-29 10:39:44,208f:9fb3:be8a:353b:3e95:90d7:eac6:f703,1
sdv-id-SjmouO,ACC_155,ENT_UK_001,47851.76050856372,USD,2026-01-04 09:06:32,d404:652c:7b3:f4de:eb91:5183:f1c0:3a25,1
sdv-id-pSdkaA,ACC_181,ENT_UK_017,976.820512524781,USD,2026-01-29 01:55:13,5fb5:c83e:f69d:5069:1b:19df:b13e:5674,1
sdv-id-zrJvyF,ACC_107,ENT_UK_013,51791.31443592948,USD,2026-01-03 16:32:31,ae45:72f6:5538:cc6d:f6f5:ab42:93f2:b902,1
sdv-id-aSgukC,ACC_156,ENT_UK_005,370482.3656924945,USD,2026-01-18 05:32:45,55ab:b6ff:e494:d7ba:d275:278d:6e2f:7285,2
sdv-id-TBkJmJ,ACC_247,ENT_UK_015,17913.4508961201,USD,2026-02-21 12:43:11,f216:1cc1:f557:440d:a496:7655:8eff:dfbb,1
sdv-id-YuNiGU,ACC_171,ENT_UK_015,658903.5756464122,USD,2026-02-02 05:25:37,59e6:38bf:2e1f:4173:c992:acdc:82c6:75d3,1
sdv-id-fIrZyM,ACC_171,ENT_UK_002,1411.5538431238435,USD,2026-02-08 12:16:59,bbbe:e1f1:8ac7:898e:3dbd:388b:69ca:a39d,1
sdv-id-jflaFM,ACC_146,ENT_UK_010,396505.36789812753,USD,2026-03-28 07:06:12,9ca2:149e:3ceb:98cf:fede:774f:46ed:c409,1
sdv-id-wwLLxi,ACC_196,ENT_UK_014,32669.913573627666,USD,2026-01-20 23:02:42,3236:615d:2468:d2f8:b574:e871:7bee:ed02,1
sdv-id-ovCybh,ACC_273,ENT_UK_016,212388.3626369461,USD,2026-03-23 01:39:24,ef21:f5a6:b86f:754b:79cf:f564:90fc:331b,1
sdv-id-BmBZzy,ACC_273,ENT_UK_011,1369.3692461478424,USD,2026-01-25 02:40:13,f779:dd30:3714:c127:814a:904d:fe6d:e287,1
sdv-id-vsLXrg,ACC_299,ENT_UK_010,79941.30692351292,USD,2026-01-30 05:27:26,fdb:e42c:82:ffd5:f9a:7f37:8b86:ed2a,1
sdv-id-dRdDZm,ACC_187,ENT_UK_004,52931.19603510226,USD,2026-03-15 23:05:47,77db:1643:f862:6ca4:c7e2:c223:ba0c:21b2,2
sdv-id-pSXAhh,ACC_100,ENT_UK_005,70647.23217994152,USD,2026-03-01 02:55:11,aef7:2e58:217:f67f:3073:ff71:ffa1:6d24,1
sdv-id-hupXXd,ACC_107,ENT_UK_013,18506.258870009664,USD,2026-02-13 07:02:02,9af5:951e:5966:822a:c601:6545:e5d2:4986,1
sdv-id-AJqbLZ,ACC_170,ENT_UK_016,234955.2137351926,USD,2026-03-01 20:17:10,d244:bb78:a626:2857:5078:53fc:98d:a9c1,1
sdv-id-HSePJk,ACC_176,ENT_UK_004,61040.74636597606,USD,2026-01-07 05:00:53,5ff5:9d21:1978:895f:c46a:284c:5a0:9332,1
sdv-id-iqqutB,ACC_211,ENT_UK_008,191977.6587098395,USD,2026-02-03 18:20:35,9b0c:d205:f460:7a6c:7312:18b7:2e52:167c,1
sdv-id-vMhxQL,ACC_176,ENT_UK_013,347354.925888308,USD,2026-02-07 06:56:16,9b5f:b3d2:b51a:18fc:a93f:b203:fccd:a112,1
sdv-id-yqpONY,ACC_273,ENT_UK_009,232904.88089939515,USD,2026-02-12 20:38:22,857f:9d4b:caba:669c:3519:be01:d23b:3e71,1
sdv-id-cBscLd,ACC_171,ENT_UK_017,306744.6647157415,USD,2026-02-01 14:56:25,9922:1b77:9adb:2f6f:d602:ec35:9f90:7508,1
sdv-id-civZYM,ACC_248,ENT_UK_010,566743.4657691164,USD,2026-01-27 00:29:07,6e3d:6770:f83:4c90:e961:51b0:3ad4:17a,1
sdv-id-mArbqX,ACC_171,ENT_UK_005,11479.534357135508,USD,2026-01-07 14:12:48,6f8:eef3:23c7:1702:7580:63f7:4d70:e875,1
sdv-id-wzhwza,ACC_261,ENT_UK_018,71798.89096489882,USD,2026-03-02 05:14:32,95c4:c433:b765:558a:943b:14bb:4581:2136,1
sdv-id-cdeuXv,ACC_242,ENT_UK_008,50758.456765220195,USD,2026-03-23 00:18:10,5eeb:c900:4d10:bc37:c929:af8f:f390:3c1c,1
sdv-id-PVJjFl,ACC_293,ENT_UK_015,3174.31034656915,USD,2026-03-05 21:21:51,c6cb:c006:3ef5:cd3a:9e4f:c1e2:6e2b:33cb,1
sdv-id-OGJUaf,ACC_293,ENT_UK_018,1225.7410460629728,USD,2026-03-19 19:34:29,9474:4d98:2e53:151f:c6d9:1206:616d:22da,1
sdv-id-mtHxvt,ACC_162,ENT_UK_010,41802.32753977178,USD,2026-01-20 08:25:46,15b3:e6b8:25e1:87a6:bf8b:ef47:797f:b8d6,1
sdv-id-Vddbyh,ACC_271,ENT_UK_005,974.8363748923676,USD,2026-02-08 04:48:16,d42a:2e52:22f2:c2a:b94:e981:ac9f:d808,1
sdv-id-PiNyvU,ACC_100,ENT_UK_001,1101728.5379480384,USD,2026-01-22 05:12:02,d6b6:6cc3:81ab:1e87:b2ef:fc4a:e45a:312,1
sdv-id-JHQgZD,ACC_171,ENT_UK_015,6178.371736529745,USD,2026-03-05 20:57:15,6dd5:8ffa:1945:9373:6529:b966:7a4c:360c,1
sdv-id-BhKpOF,ACC_176,ENT_UK_015,169208.3894904133,USD,2026-03-19 22:19:27,e0a2:c3af:65c1:d225:dc07:4cd8:7f1:9ae,2
sdv-id-byMPPK,ACC_271,ENT_UK_015,55245.90134935592,USD,2026-02-25 03:12:50,9925:6751:2d9d:cf4f:ae7b:6418:2bdd:12fe,1
sdv-id-atDbBF,ACC_164,ENT_UK_019,197294.95993112813,USD,2026-02-14 14:00:38,7490:8570:dc6:ebe:46d7:f9f7:669:63e3,1
sdv-id-bUKeco,ACC_100,ENT_UK_006,278614.6244087997,USD,2026-03-18 16:10:46,66c8:1ad8:7faa:86d4:1e14:ed1b:4d7b:cb6c,2
sdv-id-jcVtuh,ACC_273,ENT_UK_005,601168.121711346,USD,2026-03-10 10:32:05,2ae4:6b5:5bbe:6533:c7a2:e0f4:142b:67e5,1
sdv-id-zHTKhI,ACC_134,ENT_UK_018,700013.5474228468,USD,2026-02-25 00:45:53,2718:cd44:cade:b315:df77:4c21:85a8:4278,1
sdv-id-GDQmLD,ACC_176,ENT_UK_004,121879.52515705553,USD,2026-02-04 17:07:06,4abf:ef11:c9bd:c70c:87aa:4fcd:cc06:5976,1
sdv-id-NcmAyZ,ACC_253,ENT_UK_008,135251.70567067093,USD,2026-02-28 21:42:03,e259:2337:6305:7cea:e07d:1002:5f6f:1933,1
sdv-id-Ljmycu,ACC_242,ENT_UK_006,31202.658300700303,USD,2026-02-16 21:20:28,5e92:b303:66e0:8de1:ee24:2eff:8e51:cc4f,1
sdv-id-VRZmuv,ACC_134,ENT_UK_011,141684.55914443542,USD,2026-01-16 18:55:18,306d:379b:8cc4:64f0:df37:bc4f:49f1:1581,1
sdv-id-ezPREQ,ACC_284,ENT_UK_010,123222.38342685948,USD,2026-03-23 21:18:07,af5e:9e30:108:599a:f447:2ea:4d0:da17,1
sdv-id-FsqvMj,ACC_107,ENT_UK_015,33463.52528913464,USD,2026-01-16 04:39:45,af5d:303c:4287:a574:f742:ee7:869f:3229,1
sdv-id-crGrdQ,ACC_299,ENT_UK_018,100443.5374403379,USD,2026-01-12 14:23:09,48b6:946c:a608:4ae:7dba:e47d:8b7:741,1
sdv-id-sDeeqB,ACC_155,ENT_UK_011,135933.69003580147,USD,2026-02-14 14:46:20,8b1:475e:6a80:ad37:496e:88f5:56c9:cba8,2
sdv-id-FvItCU,ACC_181,ENT_UK_008,42107.8750731414,USD,2026-01-11 16:53:41,233c:8a11:2e95:b4d4:355a:e39:caf4:6fc6,2
sdv-id-ISrvFp,ACC_293,ENT_UK_011,405924.3044127725,USD,2026-01-11 07:02:18,3323:a79e:fe89:2b43:3f03:b412:4f82:b781,1
sdv-id-EvFcFr,ACC_142,ENT_UK_017,966.4865568485524,USD,2026-02-09 11:34:33,fad6:33e9:9dfb:525e:65a7:b5c6:eacd:f085,1
sdv-id-kGLarx,ACC_187,ENT_UK_009,27721.236625876893,USD,2026-01-07 19:03:58,424c:d7a2:fc7f:d859:fede:5725:50e4:41be,1
sdv-id-rJCKbT,ACC_142,ENT_UK_013,210777.329487712,USD,2026-02-16 18:14:04,4779:d9aa:9cb7:87d8:2bbf:af8d:96de:807,1
sdv-id-wOYQPA,ACC_211,ENT_UK_009,5906.057593858076,USD,2026-03-02 15:56:37,be09:3360:c45d:30db:e36a:d6e:38c6:34b9,1
sdv-id-prBOyr,ACC_273,ENT_UK_006,10141.747131869784,USD,2026-01-30 04:28:20,939b:87c0:7fc:90d8:1612:255c:86d3:793a,1
sdv-id-rfrqOa,ACC_221,ENT_UK_003,50418.030516062914,USD,2026-01-22 10:33:15,f79a:421f:3383:4eac:5aac:d99c:1ae6:6e9b,2
sdv-id-qherGD,ACC_134,ENT_UK_015,145897.50256771597,USD,2026-03-31 20:01:17,6677:c1b7:91c7:58ab:d3f4:e0c0:89d1:f387,1
sdv-id-ZvlZMl,ACC_211,ENT_UK_001,45200.89414876136,USD,2026-03-24 13:08:37,8ae3:25d7:d127:2491:4a00:aa0e:1686:ad6f,1
sdv-id-winqmt,ACC_211,ENT_UK_014,158413.30833899466,USD,2026-01-04 02:07:02,6741:8d76:7ee5:6655:f94:ce25:2e67:8bb,2
sdv-id-hJHVNv,ACC_248,ENT_UK_014,993.1508079139531,USD,2026-03-10 10:33:13,8318:9d4f:d875:a02f:233c:79f5:16c8:e18b,1
sdv-id-VNziMi,ACC_176,ENT_UK_005,721899.3341197362,USD,2026-03-06 06:40:46,567f:4f8f:85f0:f24d:ce1e:8613:e5f2:eb9d,1
sdv-id-nJycKt,ACC_271,ENT_UK_011,1233.7177350819222,USD,2026-01-25 21:35:58,c4b1:d62f:f23d:91e9:524f:4e2:4c05:79c4,1
sdv-id-yJHkBW,ACC_176,ENT_UK_017,7304.301042207732,USD,2026-01-02 02:39:01,fe41:ef1a:70ac:4568:8a22:a016:9c0c:dc84,1
sdv-id-BqOAhr,ACC_253,ENT_UK_004,138887.9551812396,USD,2026-01-05 18:26:25,90d8:5f98:aa1c:7afa:726:b8e2:8094:d480,1
sdv-id-KQYmoo,ACC_248,ENT_UK_001,120816.08782573718,USD,2026-03-01 07:48:52,7ad:9499:778b:fe6b:1768:1b28:c1ab:d213,1
sdv-id-dbSCbM,ACC_155,ENT_UK_018,32309.347783240155,USD,2026-02-18 15:02:04,b61e:9f90:d9a7:cd7f:4328:d0f:37ef:3a51,1
sdv-id-EbRtEy,ACC_273,ENT_UK_008,128128.6713973502,USD,2026-03-22 05:19:44,3c61:3850:67a0:d82c:1f81:ec3d:9f0c:b6e3,1
sdv-id-oWqsWB,ACC_242,ENT_UK_018,148193.84571268817,USD,2026-02-13 16:53:59,5715:96c6:950b:c105:5cd6:5822:ae5:c842,1
sdv-id-UfLxSp,ACC_187,ENT_UK_018,51708.25499605409,USD,2026-02-03 11:08:00,1287:258c:c913:1a02:b428:3750:59f2:29ff,1
sdv-id-WIooHr,ACC_261,ENT_UK_005,135370.86468023475,USD,2026-02-09 12:46:41,a44a:68b7:a784:32aa:450d:994c:268e:df6f,1
sdv-id-sQBFvK,ACC_160,ENT_UK_017,749591.7255552218,USD,2026-04-01 17:03:11,3043:9e9c:8af9:f134:69cb:fd5:672b:3aa6,2
sdv-id-RFtIAJ,ACC_243,ENT_UK_004,1242621.5454134443,USD,2026-03-21 04:41:16,6402:d712:c050:64f8:190d:1f6e:5317:d7d5,1
sdv-id-PMNScC,ACC_176,ENT_UK_018,2178.435875978334,USD,2026-03-09 21:55:08,7118:bb16:cc8:37b2:5610:8607:e2c2:349e,1
sdv-id-MMVOuL,ACC_211,ENT_UK_017,560570.6685411778,USD,2026-03-28 14:20:23,4e7f:7200:1d31:10df:8236:299b:e6a4:c300,1
sdv-id-HkKrLs,ACC_176,ENT_UK_009,178526.56625914856,USD,2026-01-17 04:51:01,9d0f:d69c:680d:5a68:d521:df03:bdfe:1bf7,1
sdv-id-Mtuqyv,ACC_162,ENT_UK_003,85719.67040127915,USD,2026-02-24 12:21:07,df8d:caf2:c2a5:c611:62ce:8b02:2394:8f3c,1
sdv-id-JAfMyZ,ACC_176,ENT_UK_001,86187.80349144306,USD,2026-02-04 12:14:24,5d1a:7f0d:8757:254d:bdf1:6a65:8c51:64ca,2
sdv-id-kyjoFP,ACC_107,ENT_UK_010,8947.75119985466,USD,2026-02-08 16:29:24,192:6049:bbcf:cac1:cee2:7ae8:8d7b:723e,1
sdv-id-FBBKeE,ACC_142,ENT_UK_003,571240.7757925256,USD,2026-02-27 14:27:26,d18d:e4e9:6432:a7f1:646f:2919:f9eb:ea25,2
sdv-id-ecyijM,ACC_271,ENT_UK_015,28825.928039811108,USD,2026-01-20 11:12:13,df74:8317:b21f:81f2:e67d:5033:a56e:3626,1
sdv-id-oCxXdI,ACC_247,ENT_UK_011,77953.99561104068,USD,2026-02-11 16:06:29,ad40:fe66:ba42:282d:d2ce:7b2c:4afa:44d1,1
sdv-id-pdkUJK,ACC_107,ENT_UK_006,13665.539487443528,USD,2026-01-22 14:14:40,ba26:8446:d087:2990:86ce:4cec:c686:2ac9,1
sdv-id-zWQROP,ACC_247,ENT_UK_006,948.7017345577784,USD,2026-01-10 06:00:32,63ff:8bed:8663:d2b7:e85:d375:abf2:e9e7,1
sdv-id-fwgeEc,ACC_248,ENT_UK_009,3550.5920277924142,USD,2026-02-03 15:49:06,23ea:e51d:7040:1b7b:e2e9:a3e3:dc87:56b0,1
sdv-id-upbAoZ,ACC_249,ENT_UK_010,35057.72702454609,USD,2026-03-29 12:09:28,9472:a4b6:6ab:13e0:e5cb:ad4a:9470:ba99,1
sdv-id-QnQOOE,ACC_176,ENT_UK_004,13172.152470899002,USD,2026-01-29 14:19:24,dd4d:26d6:5013:9678:4c75:964d:f937:4f77,1
sdv-id-DeGLQn,ACC_170,ENT_UK_017,56235.628733074715,USD,2026-01-17 09:16:03,246d:ad6:4652:ca96:b5fc:3b09:159a:3816,1
sdv-id-VimLfN,ACC_261,ENT_UK_002,326721.932584109,USD,2026-03-27 18:04:37,df60:179b:2638:165c:1aa1:fe6a:d970:13c6,1
sdv-id-TCLykM,ACC_155,ENT_UK_014,44509.27588517674,USD,2026-02-11 12:29:53,9d06:5e8f:1bb2:3ea2:acee:4965:b487:efc8,1
sdv-id-VUiZpB,ACC_186,ENT_UK_014,89232.12583561624,USD,2026-03-20 18:34:27,24f6:abc5:d2e3:db12:646e:d185:501c:cd40,1
sdv-id-zylaFv,ACC_171,ENT_UK_014,108390.09696437404,USD,2026-02-09 17:02:07,3ad7:3163:5aec:2dd6:ccc7:66a:3aec:eb91,1
sdv-id-keeOAS,ACC_107,ENT_UK_008,2968.132641581991,USD,2026-03-01 05:41:15,c012:9079:25f4:9eb2:32b5:d565:c77d:16c5,1
sdv-id-wdclwZ,ACC_243,ENT_UK_013,86915.59872865675,USD,2026-01-24 09:04:54,32f7:fd11:9986:9e2e:3bd7:2aae:c783:cbdd,2
sdv-id-nRaRro,ACC_176,ENT_UK_017,335738.1947016684,USD,2026-03-05 17:15:26,bb4c:43aa:9c74:3c43:8fbe:f13a:2082:976a,1
sdv-id-GQLJzg,ACC_176,ENT_UK_001,72797.59271610051,USD,2026-01-09 18:55:37,77b3:34:fe4a:4bfa:aab8:e495:548d:87b,1
sdv-id-HMvvKf,ACC_196,ENT_UK_009,112884.0291140595,USD,2026-02-20 08:05:23,64b6:6433:b9b8:a90:9e89:7214:939f:5fc8,1
sdv-id-DePGDR,ACC_164,ENT_UK_013,4028.933940740831,USD,2026-02-01 23:16:03,be4f:e0a0:e0b6:cb81:45ec:4dc0:19a9:2666,1
sdv-id-CHsxfh,ACC_100,ENT_UK_011,422596.9275455475,USD,2026-02-03 22:46:12,8149:d91c:363c:d5b3:38fa:8ba6:ecf4:97b,1
sdv-id-tFyKSG,ACC_196,ENT_UK_009,948.3074043689024,USD,2026-03-10 05:44:53,f344:3556:6e32:d820:6462:4bb7:cfba:56b,1
sdv-id-JqBncF,ACC_187,ENT_UK_005,687349.4379689987,USD,2026-02-03 04:15:02,6b83:8c76:e228:6153:eeb5:4179:21c9:cabc,1
sdv-id-xbhQux,ACC_186,ENT_UK_016,103610.15057529647,USD,2026-01-18 21:44:04,5c72:aae0:49fd:e710:d857:711f:dab1:e1d,1
sdv-id-FOZWKx,ACC_249,ENT_UK_019,933.1780551771474,USD,2026-02-17 13:59:09,44a6:d342:6ef7:9782:d19a:20cb:75ca:1dff,1
sdv-id-BPTaeA,ACC_247,ENT_UK_013,13303.856594639032,USD,2026-03-18 10:26:59,a9a4:f089:765c:284:4025:e312:6098:f11e,1
sdv-id-LTrlPd,ACC_155,ENT_UK_004,15169.995303823534,USD,2026-01-24 10:34:18,b69c:7d20:1fbc:bcf:6de7:6d9a:bbbf:4e57,1
sdv-id-wLPVku,ACC_176,ENT_UK_015,111440.99704196464,USD,2026-01-14 01:12:00,d352:443e:92a9:5f72:68c5:78da:6091:1282,1
sdv-id-PtpUjw,ACC_142,ENT_UK_013,8305.373229631039,USD,2026-02-11 21:11:46,c967:55c:69c5:ce25:a3e0:9d3d:1f1:517c,1
sdv-id-xHsYKf,ACC_176,ENT_UK_002,3052.388923675637,USD,2026-03-17 05:40:19,2ea5:1c57:3cef:f9de:cc41:6fac:dad6:225c,1
sdv-id-JFNIkl,ACC_271,ENT_UK_013,46338.66313623721,USD,2026-03-06 18:19:25,4b8e:f843:7f35:ad11:dec0:2db3:4c17:3fb3,1
sdv-id-ztoQOw,ACC_107,ENT_UK_012,480849.28945431934,USD,2026-02-25 10:23:58,35b2:daa9:7f86:2ce4:8c25:297a:c872:9750,1
sdv-id-wbHCdn,ACC_176,ENT_UK_002,31420.249781771658,USD,2026-01-01 07:56:57,70f8:525f:4b0f:7ec0:53fd:bcdb:76c8:47b1,1
sdv-id-vldker,ACC_225,ENT_UK_004,538981.0967419929,USD,2026-03-06 08:05:55,51c9:3c79:8ea2:3247:9a48:ce13:2741:6376,1
sdv-id-aytSLg,ACC_176,ENT_UK_006,780456.6745470747,USD,2026-03-27 18:16:34,6179:6916:82a1:b1c4:2b72:1f83:5784:d0e7,2
sdv-id-HTpqyj,ACC_211,ENT_UK_008,946.8643766661944,USD,2026-01-06 14:19:20,40e0:cb20:995e:ce3f:da3c:916d:adcb:3f00,1
sdv-id-petDYW,ACC_261,ENT_UK_003,63279.00677722048,USD,2026-01-16 10:19:17,75ae:473f:247e:6418:333a:160a:9a3e:36f0,1
sdv-id-MNYlYq,ACC_248,ENT_UK_005,954.7817686121324,USD,2026-03-18 22:38:12,53cb:b946:510b:51d6:ae2f:f416:2cf:fcca,1
sdv-id-cAkhJp,ACC_142,ENT_UK_013,10851.468777707125,USD,2026-01-17 18:04:28,ac11:70b5:3ed2:9c3e:d01c:c0a3:c956:5b05,1
sdv-id-ohZPBD,ACC_242,ENT_UK_011,6632.924749699293,USD,2026-02-07 21:46:34,c324:26c1:e6:ba3e:1147:2c19:d218:880,1
sdv-id-DAMXbn,ACC_142,ENT_UK_007,135949.25497703682,USD,2026-03-17 14:57:50,5596:4de2:38a1:976c:b5b9:2709:f200:8b0e,1
sdv-id-pvAFsx,ACC_271,ENT_UK_001,4981.439414897405,USD,2026-01-20 00:42:38,417a:2e8:d480:6aea:b9a1:8018:136f:dac,1
sdv-id-OuIWaT,ACC_225,ENT_UK_008,64897.08871241973,USD,2026-01-12 02:00:10,583e:8c01:a8b2:9520:3115:ea7f:bc8f:52a6,1
sdv-id-wSVJyT,ACC_225,ENT_UK_005,25204.58722473902,USD,2026-02-17 16:55:33,6f39:ae63:29b8:c900:2776:8b4d:2fae:ae8b,1
sdv-id-YoumLX,ACC_107,ENT_UK_011,7385.904744796857,USD,2026-01-10 22:14:41,7cdc:aca9:debe:c41e:7e99:8e07:7633:8dc5,1
sdv-id-LAIiLR,ACC_155,ENT_UK_004,53530.8506565554,USD,2026-01-09 06:44:48,65d3:74cd:a312:602c:c24e:11bb:c6f5:85f4,1
sdv-id-cjxvWx,ACC_273,ENT_UK_014,61035.76380831499,USD,2026-03-12 02:03:21,405b:ba81:bee3:13bf:3fa8:26f0:d107:b3a7,1
sdv-id-YVFSeC,ACC_273,ENT_UK_005,5058.618618874069,USD,2026-03-06 15:21:35,2380:9e1a:3acb:1539:4a40:8fd7:defe:8ff1,1
sdv-id-OFPWMn,ACC_271,ENT_UK_004,460818.6896197966,USD,2026-03-30 04:31:58,4b54:b9e1:dc08:2aec:a924:a2a6:ab66:7189,2
sdv-id-JOBRWE,ACC_142,ENT_UK_019,3066.876977983955,USD,2026-02-05 23:40:17,b9f5:5b05:9094:2854:9e12:e725:eeeb:c83b,1
sdv-id-UQvcDO,ACC_211,ENT_UK_016,7155.968433846461,USD,2026-02-03 15:24:23,d179:c3cd:b30a:e9b3:12f:e2a3:e9ef:ef4,1
sdv-id-SphGjo,ACC_155,ENT_UK_001,349270.14984204556,USD,2026-02-03 12:15:55,7f29:bfd7:c186:e1c5:5d74:18b9:d389:ac5e,2
sdv-id-NOmNTW,ACC_176,ENT_UK_002,39090.29123927103,USD,2026-01-26 00:27:57,80fc:ad76:c905:91c3:41c2:e4e9:8cd:c4ac,1
sdv-id-fnmuSM,ACC_176,ENT_UK_010,35508.766478068,USD,2026-03-13 08:03:31,6dda:cbc6:ec04:fb9b:7252:9c90:97c2:70d3,1
sdv-id-YwIVQa,ACC_176,ENT_UK_003,14730.413643930176,USD,2026-03-31 14:48:03,daf8:dfe3:5d58:fcf9:5794:30d8:2e7:3abb,1
sdv-id-wGHEAe,ACC_253,ENT_UK_016,65611.46516614241,USD,2026-03-05 06:22:04,a1dd:96d7:b5f:da73:ab46:4d98:dd5:871,1
sdv-id-zOHxkR,ACC_142,ENT_UK_011,30700.41964782897,USD,2026-04-01 05:04:36,9b9e:cbc1:7fc1:ecc9:7e7d:ebec:b91f:6889,1
sdv-id-GELEpj,ACC_211,ENT_UK_003,780442.448213124,USD,2026-02-24 15:59:17,b355:f072:391c:aa1b:15c6:343d:f962:2630,2
sdv-id-JEogjo,ACC_293,ENT_UK_003,1127.6313403102235,USD,2026-03-17 08:08:36,790:f9a9:1497:e409:fa3c:8cfc:ee63:39f3,1
sdv-id-mZlOfY,ACC_248,ENT_UK_006,129565.54518947592,USD,2026-01-24 21:01:04,b7f0:bdb5:ae8e:493c:dccb:93a8:1b36:62d,2
sdv-id-PIzqOC,ACC_176,ENT_UK_016,46621.159930717055,USD,2026-01-13 16:07:06,a23:e2d2:7128:bd6:550c:28b4:d408:79db,1
sdv-id-PfMfdf,ACC_107,ENT_UK_003,102581.3462752915,USD,2026-02-04 04:19:26,f74c:1256:41a:1343:4463:7aa5:285b:a36a,1
sdv-id-HUJnof,ACC_176,ENT_UK_002,226855.43774701163,USD,2026-02-22 21:53:47,59de:a863:7b6b:f8af:aee6:d25e:3c87:ff7c,1
sdv-id-dIpuGt,ACC_155,ENT_UK_019,460594.9954550868,USD,2026-03-05 01:33:15,56e9:c1e2:d8cb:86e4:b0ba:a262:74e5:83d,2
sdv-id-qdzPcZ,ACC_142,ENT_UK_014,59959.03798840585,USD,2026-02-22 04:22:54,934c:d3b6:15f7:7383:bc65:3b68:3d8e:78d5,1
sdv-id-ITfBpp,ACC_253,ENT_UK_006,25032.612021331213,USD,2026-01-04 18:14:45,d5a5:3f44:228e:9d73:65ff:125c:92e2:4842,1
sdv-id-GZOrDH,ACC_225,ENT_UK_013,53557.05251202517,USD,2026-03-14 12:03:23,150:40d:4e1:e5cc:222c:3393:5f47:7b18,1
sdv-id-mQFjLE,ACC_225,ENT_UK_013,11388.704363141327,USD,2026-01-20 11:57:57,47f0:16b9:1456:87c5:6568:2fb0:392f:da44,1
sdv-id-RPfLqQ,ACC_225,ENT_UK_013,3241768.076255398,USD,2026-01-21 18:18:36,511d:2f6:d1c7:8d50:318b:4b7f:1606:2ece,1
sdv-id-uvSCRG,ACC_155,ENT_UK_015,470063.0969192874,USD,2026-02-20 11:57:55,ee4c:f2b3:ce79:eb3:4818:42fc:eb9f:3087,1
sdv-id-WypfiR,ACC_189,ENT_UK_010,948880.278489618,USD,2026-01-29 19:04:27,41a:a415:61be:edee:5acf:8c75:cdf1:7ac8,2
sdv-id-pDUKYK,ACC_186,ENT_UK_007,55715.62922265244,USD,2026-04-01 17:10:59,75aa:2753:151a:d193:1780:d822:9460:4ec6,1
sdv-id-ryuWAF,ACC_221,ENT_UK_009,1258.8510632416796,USD,2026-02-05 01:33:45,7764:b034:1b52:2e31:26ae:9967:ad1d:5554,1
sdv-id-NQzjLJ,ACC_142,ENT_UK_002,16344.364476860072,USD,2026-03-01 14:08:10,35b:4d10:5d29:c341:9a79:f36a:f589:c8ad,1
sdv-id-OHAXdL,ACC_142,ENT_UK_007,20815.66397547524,USD,2026-01-30 20:50:31,675d:7e12:9821:a9b2:6d7a:15c2:edb8:947b,1
sdv-id-VLaMnQ,ACC_155,ENT_UK_012,92018.05725609224,USD,2026-02-28 19:56:37,7a6c:e864:78f5:bda0:e066:8836:8e47:ceb8,1
sdv-id-gQXGiR,ACC_142,ENT_UK_009,964187.459921695,USD,2026-03-26 15:00:48,a10a:6630:3cd7:953e:80e4:eb63:d261:c459,2
sdv-id-YvVAxg,ACC_186,ENT_UK_019,269144.9931711475,USD,2026-01-02 20:23:38,76ab:e59:dfda:5b9a:f37e:65bb:3752:2afe,1
sdv-id-mAZZwM,ACC_211,ENT_UK_003,25168.99029351855,USD,2026-02-08 22:42:59,8d47:f070:4a70:e520:db21:740a:9284:6b2f,1
sdv-id-BhluqB,ACC_181,ENT_UK_013,1087.8995684695974,USD,2026-02-10 14:25:17,4fb:20c0:6893:b7fc:e3c0:4fee:6098:3e12,1
sdv-id-wpyPsJ,ACC_142,ENT_UK_005,1207.09692165301,USD,2026-03-24 07:29:17,93b0:ccbc:a654:fe8c:aa43:541c:2b19:abc3,1
sdv-id-QDXVsZ,ACC_293,ENT_UK_005,189013.0617609987,USD,2026-03-21 12:27:08,58c:3485:9795:9862:4c44:4628:b960:1f0c,2
sdv-id-vLSZiA,ACC_196,ENT_UK_019,6786.497148128529,USD,2026-02-05 07:04:57,5627:12ed:ce7:ead1:e9c8:ab7f:ee71:61cd,1
sdv-id-FIgPMD,ACC_273,ENT_UK_008,230263.8337564839,USD,2026-01-03 06:52:37,d394:4030:d560:60a8:475f:4b10:8b23:924d,1
sdv-id-VZmsXj,ACC_179,ENT_UK_019,111205.847489464,USD,2026-03-21 19:13:43,c317:1493:7e1:67:379b:d9ed:b17f:f48f,1
sdv-id-qDKhPv,ACC_293,ENT_UK_009,122225.1316032752,USD,2026-02-21 13:29:24,3c4e:1a15:1661:7150:890e:e631:961a:a334,1
sdv-id-ivDVqY,ACC_107,ENT_UK_007,1519.409109273368,USD,2026-01-30 09:29:10,62f6:a7dc:455:68bd:f137:67d4:81fe:72fc,1
sdv-id-HFYywX,ACC_273,ENT_UK_015,180759.65375350488,USD,2026-03-11 01:23:02,c31:285d:4a92:9dcc:4692:22d7:bd06:1770,1
sdv-id-XvYgzz,ACC_271,ENT_UK_016,300288.8271746758,USD,2026-02-05 11:49:57,d3dc:d1b8:90d0:7db:d14e:d8b9:3c5c:5a9b,1
sdv-id-yklREG,ACC_142,ENT_UK_003,9639.999253426387,USD,2026-02-22 02:51:23,a5b4:276a:667d:7280:edb3:9150:5962:6df,1
sdv-id-PRxByR,ACC_107,ENT_UK_014,825787.4671851209,USD,2026-01-27 07:48:50,59b4:592e:db6:9f4a:1e45:1d8c:d0ef:f683,1
sdv-id-kXinKH,ACC_171,ENT_UK_012,4979.50202417082,USD,2026-01-19 04:46:06,c16c:d978:fb15:ae54:1b17:e056:3607:9e47,1
sdv-id-JeUKSV,ACC_196,ENT_UK_007,29073.41208933045,USD,2026-01-05 15:20:50,9a5b:9de7:53bb:af0b:4a62:441e:5022:c572,1
sdv-id-QmaEWg,ACC_146,ENT_UK_005,140533.85239138152,USD,2026-03-31 15:40:19,7ff4:db8b:230c:1ba5:835:8e66:892d:c14d,1
sdv-id-ZOaiSS,ACC_284,ENT_UK_010,289842.2541548455,USD,2026-03-29 19:07:17,c63c:eab0:4faa:3a82:f745:2f43:ece6:15f8,1
sdv-id-cqVTPI,ACC_199,ENT_UK_011,65643.66342427887,USD,2026-03-28 12:56:48,4ad3:cf52:422d:89ac:59d0:f0b6:ac4b:b3aa,1
sdv-id-KJYTrs,ACC_248,ENT_UK_005,30119.48138157485,USD,2026-03-09 03:25:19,bc9e:75f4:fac5:f0ef:d0d3:6d99:ef9:c83e,1
sdv-id-jfeNif,ACC_146,ENT_UK_008,169790.580399194,USD,2026-02-21 14:43:15,66c9:fda5:513d:2eb:a5a5:6793:a1d:b547,1
sdv-id-ZOhiVh,ACC_107,ENT_UK_001,1343458.6727381514,USD,2026-03-09 06:19:39,3f16:5ffe:6059:1992:e4cc:f6a5:a2a9:d8b0,1
sdv-id-DyeUdL,ACC_146,ENT_UK_008,42354.40585941362,USD,2026-01-26 05:01:58,3aa4:d236:7bd2:afb5:4c5f:8868:c5fe:519b,1
sdv-id-UCYZKq,ACC_211,ENT_UK_001,7084.012007886004,USD,2026-03-19 14:58:15,5ef8:e5ca:8a3f:f59a:6671:85fb:e7e9:3eab,1
sdv-id-xPwjjW,ACC_284,ENT_UK_004,368627.921098376,USD,2026-01-07 00:41:43,86d7:811c:4178:b3ae:fc66:9e03:f7e0:63ed,1
sdv-id-BSPKwS,ACC_273,ENT_UK_009,379444.18329893326,USD,2026-01-17 19:04:51,9601:b43b:8187:9f04:fa29:84f7:1a34:52e4,1
sdv-id-YEHNWz,ACC_211,ENT_UK_019,720487.6534007601,USD,2026-01-10 06:19:14,214a:b33c:5a41:4a2:5c10:f964:b7f4:cf1e,1
sdv-id-iSLaUB,ACC_176,ENT_UK_008,5845.695686620538,USD,2026-01-12 11:45:40,8704:3c7c:a3a:a6f9:1e5f:4cec:efc8:596f,1
sdv-id-aXQDRx,ACC_170,ENT_UK_002,40361.066048894696,USD,2026-01-04 03:14:28,a6c9:1a83:2cf9:fc50:44ae:71f9:2382:46ea,1
sdv-id-obYnKz,ACC_171,ENT_UK_014,99351.46161413836,USD,2026-03-14 10:36:42,6dac:d563:b811:53ac:296:1646:5fa5:fbd0,1
sdv-id-pgXXYW,ACC_123,ENT_UK_007,3910.504140275172,USD,2026-03-23 07:01:20,27a7:20b3:d28c:6249:c527:a110:b402:da6a,1
sdv-id-SkSilk,ACC_142,ENT_UK_014,1070.2153919690918,USD,2026-03-27 09:27:56,2f2b:ce8d:c5ff:6796:334e:8a4c:9202:87c8,1
sdv-id-lsCTPv,ACC_155,ENT_UK_004,59295.12321432422,USD,2026-03-30 01:16:50,d9cd:954a:f6b1:aba8:146b:2644:b996:6546,1
sdv-id-RLTsxf,ACC_211,ENT_UK_008,1403.2122154317358,USD,2026-03-09 16:41:07,4227:1493:79a9:b40f:3b78:6791:53d:9fe4,1
sdv-id-prBRoJ,ACC_176,ENT_UK_018,80547.57431166635,USD,2026-01-15 13:55:22,ebd5:119f:d648:af3b:e0f6:a21d:8d45:c10c,1
sdv-id-zRlAON,ACC_273,ENT_UK_007,109200.77547898638,USD,2026-01-29 21:28:04,b9d8:7b5e:4ec9:67f:8908:f0c9:68bb:ae7d,1
sdv-id-BoXBaE,ACC_179,ENT_UK_003,82747.38447152806,USD,2026-03-25 02:35:30,bf1e:59f1:3943:2208:85a0:fa33:b92:8314,1
sdv-id-CyEoeU,ACC_273,ENT_UK_001,49490.06216031765,USD,2026-03-30 22:52:05,3af4:3599:1985:3be8:235a:de25:7174:88ae,1
sdv-id-OjWGoQ,ACC_170,ENT_UK_018,1272.551075684736,USD,2026-02-11 22:06:30,395a:efdc:aa5e:5f99:b227:6359:3da1:ea88,1
sdv-id-BdAZMN,ACC_100,ENT_UK_013,10859.613314216776,USD,2026-03-30 13:13:45,aa35:15b2:f234:16f4:cce7:f06d:58b3:bf39,1
sdv-id-MmtraY,ACC_243,ENT_UK_008,6384.980416152149,USD,2026-02-15 07:53:25,5598:2b77:a1c8:2cc0:3cac:dac7:4e14:e011,1
sdv-id-OkziVM,ACC_273,ENT_UK_010,70315.87952818922,USD,2026-02-07 17:45:04,cd10:9390:3153:f144:629c:fd8a:7881:2a0d,1
sdv-id-LlPUdv,ACC_176,ENT_UK_012,923.6332038698164,USD,2026-03-31 18:01:00,a777:8614:1e7f:b99b:4012:3ae8:30db:269c,1
sdv-id-FBHnoC,ACC_211,ENT_UK_018,247883.1909106329,USD,2026-03-03 08:16:08,f0e4:b30c:d659:1aaa:3c45:b6e3:8b89:25b9,1
sdv-id-xiOJoo,ACC_248,ENT_UK_017,1705.9240539216128,USD,2026-01-27 23:35:06,a81e:b1b8:57ee:4d90:d38d:9290:e412:105,1
sdv-id-ejKEvd,ACC_293,ENT_UK_010,777766.3173279054,USD,2026-02-05 07:58:02,32f7:265c:25d7:ac82:f202:ea71:10d:e676,2
sdv-id-oUmDPh,ACC_171,ENT_UK_013,985.708470157803,USD,2026-02-11 00:13:48,20b4:9061:e912:664a:9a9f:b002:8e73:3026,1
sdv-id-RnbIvZ,ACC_146,ENT_UK_005,1415.2129041859992,USD,2026-01-03 14:11:41,a655:af8a:3e45:b98a:ead9:88ab:14de:3726,1
sdv-id-eQOuZS,ACC_142,ENT_UK_008,16161.7785275005,USD,2026-03-04 19:22:59,eae:35cb:107f:5a0b:7eeb:7983:4a61:3b7f,1
sdv-id-mlvtjr,ACC_155,ENT_UK_010,19103.85088123588,USD,2026-03-09 22:11:19,f5ae:e77c:f201:3345:a4a:2dca:ba3e:7624,1
sdv-id-jdjiIM,ACC_187,ENT_UK_001,42902.61361395408,USD,2026-02-12 18:33:33,c7df:7585:6c4c:49d9:2022:8d3:ba74:e1f6,1
sdv-id-mMDBsW,ACC_225,ENT_UK_008,799630.125978238,USD,2026-02-13 23:57:19,8871:b058:a459:2154:b779:b5f6:c413:f7b9,2
sdv-id-LDtYds,ACC_123,ENT_UK_006,40067.74193446583,USD,2026-02-15 01:47:00,683b:47ed:8032:d54d:da48:cefb:939a:a514,1
sdv-id-LmizUJ,ACC_162,ENT_UK_010,686472.9914362233,USD,2026-03-27 23:37:01,a7af:6acb:d3e7:9d8d:5ee5:2fb3:7753:8ccc,1
sdv-id-afCDQn,ACC_164,ENT_UK_015,26808.121085689247,USD,2026-02-04 06:11:12,418f:fc0:4ea3:35ea:7a61:cf6e:baf9:59ed,1
sdv-id-pvHHXa,ACC_299,ENT_UK_004,220890.10428424607,USD,2026-03-28 04:24:57,6799:eaf6:b40b:6314:a83a:6f89:ba2d:be75,1
sdv-id-YXZoBg,ACC_164,ENT_UK_016,5903.28427641741,USD,2026-02-21 13:32:27,e5a0:7d9d:72f3:44e2:160a:c28f:a0ec:b25b,1
sdv-id-knRevv,ACC_142,ENT_UK_014,5258.365169469746,USD,2026-03-11 15:34:57,f173:40c3:c3ed:6a54:141c:ce21:96d0:f6be,1
sdv-id-AeCSKu,ACC_181,ENT_UK_008,853402.660484967,USD,2026-01-04 09:40:45,6e76:4a77:8627:79c8:9aed:1245:c3f9:c168,1
sdv-id-EiwYrD,ACC_155,ENT_UK_007,431583.1407948898,USD,2026-01-26 01:06:14,b2e4:26bc:4bfd:abe:b954:cc3e:74d4:5dcb,1
sdv-id-aIaQKH,ACC_100,ENT_UK_018,264243.81297031813,USD,2026-02-16 07:27:01,f814:3f7c:d4b8:996c:ee97:cafe:cdbf:9321,1
sdv-id-MMMBJO,ACC_186,ENT_UK_005,145057.15711872236,USD,2026-02-27 14:43:32,68f8:591e:57c9:96f2:ef56:b4ee:9aed:f0ab,1
sdv-id-wNaqky,ACC_142,ENT_UK_013,109831.00973733082,USD,2026-01-24 10:25:43,34c4:a538:a31e:d859:1f91:58d8:dbc6:3901,1
sdv-id-PeczyJ,ACC_243,ENT_UK_016,141356.12156341554,USD,2026-03-21 20:31:15,21d2:c91c:f760:3ec5:3a56:aa8:cbf5:886d,1
sdv-id-XIiRAu,ACC_100,ENT_UK_004,67750.69019735428,USD,2026-02-04 10:19:21,e68f:6a8:9924:56a8:9473:37f3:3e0c:b98b,1
sdv-id-otuZmh,ACC_170,ENT_UK_013,12052.894553283084,USD,2026-03-18 04:55:39,4a1d:3166:7588:df28:f595:1f7e:8c4c:1b7,1
sdv-id-CORFTk,ACC_284,ENT_UK_005,17382.666496481244,USD,2026-02-11 20:26:16,7fe2:5bfa:2439:1b8:de50:9947:2eb7:1512,1
sdv-id-EVWkGM,ACC_273,ENT_UK_018,930.7295121101586,USD,2026-03-22 10:46:04,fc93:4a50:92a9:b2d7:5b03:2e22:5e4c:8566,1
sdv-id-MIKTQQ,ACC_176,ENT_UK_006,80495.13729097573,USD,2026-02-12 20:29:14,f68c:eb22:dec1:8a64:e9d6:9fe5:5671:687d,1
sdv-id-PkuGcr,ACC_176,ENT_UK_001,11698.15626559787,USD,2026-03-12 01:35:37,a2ce:aec0:809f:824d:92ae:f40d:7118:abbf,1
sdv-id-MMJVBa,ACC_164,ENT_UK_018,112827.83002355191,USD,2026-03-21 03:18:18,98dc:c740:6ae0:a5d6:2bba:170f:d63e:94be,1
sdv-id-yHUPYQ,ACC_155,ENT_UK_009,1045635.0192509812,USD,2026-02-26 19:45:19,6af9:a17a:75ec:9953:a186:4ed5:15ef:df9f,1
sdv-id-FXRvgi,ACC_176,ENT_UK_013,4675.503920713083,USD,2026-02-26 08:52:16,d0b4:6d25:fd92:baa3:2c64:3f0:9edd:ab18,1
sdv-id-NHMIym,ACC_142,ENT_UK_001,3577.303598854412,USD,2026-01-02 07:53:24,e7e7:9680:9982:da21:c4d5:b2ca:4470:3f5e,1
sdv-id-wzHzLR,ACC_100,ENT_UK_017,1239067.1449156862,USD,2026-02-10 06:35:09,fe96:2e42:7489:3de6:ef00:d55a:ac7c:7b75,1
sdv-id-lMSTmS,ACC_156,ENT_UK_016,103564.48594677247,USD,2026-01-24 21:38:40,55e9:eed:cd4:8183:3321:7374:687c:3123,1
sdv-id-AzCeNd,ACC_247,ENT_UK_012,105693.4879919489,USD,2026-01-30 12:55:26,b663:e05c:5e4e:3b2b:c10b:d0cf:5547:e5b9,1
sdv-id-SIKICJ,ACC_271,ENT_UK_004,138473.57784890596,USD,2026-01-23 14:05:17,1fef:5349:2ed9:562f:f73c:90d6:1046:6000,1
sdv-id-DpaRkc,ACC_253,ENT_UK_007,2077.229564510714,USD,2026-01-07 12:44:13,efd8:b366:6cc5:3a8f:379f:e452:4b1a:f3a5,1
sdv-id-dWzDdY,ACC_253,ENT_UK_001,1444.8937974559722,USD,2026-01-20 17:06:06,6cb2:2fd1:8d55:9419:c452:172c:c2d6:1336,1
sdv-id-Ldpnlr,ACC_294,ENT_UK_012,344026.7496001454,USD,2026-02-27 12:53:38,1659:a89f:6a12:e07a:f79f:1d81:dd83:70cd,2
sdv-id-BIFKJV,ACC_142,ENT_UK_016,29217.352465612257,USD,2026-03-21 03:13:44,b0c7:379b:d4c3:b449:599e:215a:3157:c7a6,1
sdv-id-bWUevs,ACC_293,ENT_UK_018,91363.79368179996,USD,2026-03-26 12:24:01,6b1e:fc01:a7b4:d0f8:2d20:6f65:f1a6:d8bb,1
sdv-id-TfVSod,ACC_170,ENT_UK_018,355516.78704599704,USD,2026-03-19 06:54:31,602c:cbe1:f105:6585:d316:3142:91f:6aff,1
sdv-id-zUfnOO,ACC_176,ENT_UK_015,945.0888222804216,USD,2026-02-11 10:51:49,aad7:5aa6:a29b:f68:7656:314d:7eb8:8cf8,1
sdv-id-kWVSdO,ACC_176,ENT_UK_002,114339.3733136103,USD,2026-01-21 01:27:40,b3f0:cd6:966e:1e88:539c:4b62:f381:f868,2
sdv-id-gfRckM,ACC_176,ENT_UK_005,86460.63283498437,USD,2026-01-28 01:57:29,47cb:791b:af00:1c82:e5b3:4c37:544e:cbfe,1
sdv-id-gwdznn,ACC_176,ENT_UK_013,334973.8415884166,USD,2026-03-30 22:37:14,db42:fee3:7ecd:3f90:b730:d458:6716:9c8b,1
sdv-id-LjMXfc,ACC_176,ENT_UK_003,170038.70335940277,USD,2026-02-10 04:43:26,eb70:bde1:c6e8:283c:b81c:539b:2930:3b91,1
sdv-id-eWjrCk,ACC_171,ENT_UK_011,946.3644236464723,USD,2026-02-19 06:16:41,1ad6:8263:6dd7:8a39:7f53:309f:af38:5e05,1
sdv-id-ORPKMZ,ACC_176,ENT_UK_013,3754.168073708511,USD,2026-01-13 11:01:07,197d:18c9:23ba:8848:9f22:b353:d76f:3b32,1
sdv-id-lIXRpI,ACC_134,ENT_UK_007,71166.23175242853,USD,2026-02-21 07:11:30,71c9:1817:3edd:6b85:4371:4be0:6efb:4b61,1
sdv-id-pwtNur,ACC_142,ENT_UK_014,60520.30792276243,USD,2026-02-04 07:22:27,e0fe:ebd3:ad0d:b4c6:c638:261c:e450:5e30,1
sdv-id-FqGvZb,ACC_242,ENT_UK_015,62471.66965474098,USD,2026-02-13 10:35:17,9644:d0b0:1827:1ce:fe17:ca5e:790c:637d,1
sdv-id-ZfZrto,ACC_176,ENT_UK_008,2349.6622063961254,USD,2026-01-15 21:14:01,19b7:a312:81f3:d0f1:ccef:4714:e209:ad26,1
sdv-id-tFFQhi,ACC_264,ENT_UK_010,240817.8831911419,USD,2026-02-26 17:22:17,f709:aecf:943c:c5bc:710b:2d3b:3484:e4fa,1
sdv-id-ILHhOK,ACC_142,ENT_UK_013,3284.533121850557,USD,2026-02-28 12:58:45,e1b2:bd14:5a1:755e:82fb:127:f4bb:8c87,1
sdv-id-uhmGkP,ACC_107,ENT_UK_004,1021.7843407106352,USD,2026-03-17 02:51:29,c5e3:f1a5:ac5a:d76e:3158:389:8e28:3069,1
sdv-id-svoiOF,ACC_273,ENT_UK_017,6247.906166884984,USD,2026-03-20 02:45:08,eb4e:590:f5a1:a28e:9a26:3047:bcd1:16ba,1
sdv-id-fCehve,ACC_271,ENT_UK_015,38417.58563525056,USD,2026-03-01 11:54:45,f5a3:e554:8aa9:d825:799f:1665:7ab3:f31,1
sdv-id-fZnYDj,ACC_155,ENT_UK_019,436029.2361651738,USD,2026-02-08 05:02:58,fcc8:393b:1c1b:d7a9:7b40:7484:c63a:b347,2
sdv-id-KGyGzR,ACC_155,ENT_UK_009,92953.22126130956,USD,2026-01-04 21:32:11,88c8:5d87:66a:d4ce:6d23:44c5:ba91:e63b,1
sdv-id-ngppVT,ACC_243,ENT_UK_011,623714.0457792556,USD,2026-03-18 23:30:57,2dd1:9c83:d63e:b7a7:3759:4215:a790:b9e9,1
sdv-id-SNOsWe,ACC_186,ENT_UK_010,98965.56928732625,USD,2026-03-30 06:46:06,87fd:41bb:46f4:85cc:1647:d2bf:3fd4:4fdc,1
sdv-id-uADerl,ACC_211,ENT_UK_013,426180.81806026935,USD,2026-03-06 22:18:17,9381:36cc:1933:fc54:e3bb:c2ed:3733:a1cb,1
sdv-id-Omnqgj,ACC_142,ENT_UK_003,9739.749741366237,USD,2026-01-21 22:36:07,49be:1d8:ce43:1acc:3211:dc0f:133c:74bd,1
sdv-id-iQoacd,ACC_176,ENT_UK_012,262295.91067497403,USD,2026-02-20 17:43:32,210c:6469:fa73:bdfa:1867:be00:dd9d:6713,1
sdv-id-PFgLYz,ACC_253,ENT_UK_006,173249.9204299611,USD,2026-02-27 02:15:01,c92d:3c37:1dfb:6571:a9aa:3d2b:1c96:3de9,1
sdv-id-YRXuiU,ACC_134,ENT_UK_013,228996.19236220105,USD,2026-03-28 03:48:22,1ca9:67cf:94eb:5367:2bf8:efaf:1e13:24d3,1
sdv-id-iNfakf,ACC_176,ENT_UK_013,100958.95893043694,USD,2026-02-07 11:03:51,692b:6cde:210d:6792:15d1:5b6f:207a:9776,1
sdv-id-jrjiok,ACC_196,ENT_UK_017,80040.35489068253,USD,2026-03-25 02:00:45,3c71:f105:1749:63d:a0bb:d36a:fbd2:b289,1
sdv-id-fWbhSz,ACC_211,ENT_UK_001,832166.2772951275,USD,2026-01-07 14:18:05,7614:e6f:4a24:e078:7888:1295:f44b:1679,1
sdv-id-oshleZ,ACC_256,ENT_UK_001,2416.1599775450363,USD,2026-03-01 04:49:32,8126:aff5:43c6:471d:898b:fd5e:eddf:85e0,1
sdv-id-sbIsiX,ACC_186,ENT_UK_015,20542.915419373327,USD,2026-02-25 04:17:05,55a6:8d5c:feff:334e:fe66:74e4:ad2b:d9b9,1
sdv-id-XGJnGl,ACC_273,ENT_UK_002,240462.29514384965,USD,2026-03-16 05:17:19,2eb3:f4d5:674a:df96:dc8b:9458:603e:3c66,1
sdv-id-LVacIJ,ACC_211,ENT_UK_001,108128.96449465734,USD,2026-02-07 23:37:27,b85a:f52:3d6e:97e:bd58:ced5:c1f4:cf08,1
sdv-id-yksfVN,ACC_156,ENT_UK_012,1875.7474462844264,USD,2026-01-24 11:27:39,e0af:1883:17f5:feb0:eea1:8e0d:2460:421d,1
sdv-id-ZFuKOE,ACC_299,ENT_UK_009,44725.22408598251,USD,2026-02-17 11:27:26,4c7b:d08d:1b2d:6e2f:ac24:e6a0:4999:7ef4,1
sdv-id-IbyXZj,ACC_176,ENT_UK_005,21034.24460938801,USD,2026-01-04 19:28:35,5c36:df78:64d9:558d:6c97:37f6:6a0e:4b25,1
sdv-id-DkDuVf,ACC_146,ENT_UK_011,57894.883574481944,USD,2026-03-03 00:03:44,42c3:2d79:c:cd89:3116:ff2f:6a5d:51ed,1
sdv-id-zdnxOK,ACC_142,ENT_UK_007,4872.304289488166,USD,2026-01-01 14:52:01,fdd9:f629:a0c8:ded2:a143:dc89:452:99e1,1
sdv-id-qxdnem,ACC_196,ENT_UK_011,36740.05470897672,USD,2026-02-17 14:02:44,cbf2:bcba:db3e:b821:83a1:e7e9:4e2:749d,1
sdv-id-ioNtzS,ACC_134,ENT_UK_016,6824.577789802013,USD,2026-03-03 04:55:27,5679:de60:f80d:bb5:29ef:d831:1fb7:8dbc,1
sdv-id-NUWWXQ,ACC_211,ENT_UK_006,371415.8086940806,USD,2026-02-26 07:35:20,9d3a:f17c:9249:f6a0:d633:31d0:4e43:1d0d,1
sdv-id-rHFsFl,ACC_243,ENT_UK_018,4201.367968270169,USD,2026-01-26 04:47:13,f80:7793:19e0:1969:2b3a:9f62:64e2:2bfc,1
sdv-id-UNmbZk,ACC_162,ENT_UK_007,60123.14517481516,USD,2026-03-01 16:49:03,abb5:3ce5:189b:36e7:628f:b6d4:7ed2:941b,2
sdv-id-aZZFza,ACC_107,ENT_UK_014,1503399.8815964877,USD,2026-02-06 03:41:31,dcd6:cd99:b7da:3194:480:6b2f:ed97:149d,1
sdv-id-tSYnwy,ACC_123,ENT_UK_011,3888.9115287944455,USD,2026-03-31 08:29:44,2194:aab6:a27:3862:3806:4ca:a472:5e71,1
sdv-id-XptNaa,ACC_170,ENT_UK_011,92774.78180956624,USD,2026-02-12 09:47:43,dd6c:939f:fbb:d8ae:a503:4957:70e8:ca5d,1
sdv-id-Bbeipc,ACC_247,ENT_UK_017,931906.9997397878,USD,2026-01-12 08:05:33,1999:ede:2135:c7e7:c355:449a:7bd8:2b82,1
sdv-id-YVSaPI,ACC_299,ENT_UK_015,8195.430704013545,USD,2026-02-16 11:31:15,8b8a:6f64:dbde:a856:eadc:40de:fb89:a4f7,1
sdv-id-PYjIMW,ACC_142,ENT_UK_007,893394.4579540172,USD,2026-01-24 11:51:34,9461:55c0:89a3:3e2a:73eb:2636:b37b:38f4,2
sdv-id-eXRMqx,ACC_273,ENT_UK_014,159925.61431085155,USD,2026-03-31 06:40:59,6fc1:2045:4df0:d0f5:bbfe:8e2d:6ae3:694d,1
sdv-id-SImOyw,ACC_271,ENT_UK_018,549491.5019652954,USD,2026-02-24 22:42:19,d419:5ec1:55c5:f4dc:1563:74b0:d0c7:a3f1,1
sdv-id-WvcDDa,ACC_261,ENT_UK_015,4645.557875640761,USD,2026-02-08 04:01:19,2709:3918:83f5:d203:a401:f8ec:88e3:d6b6,1
sdv-id-ymohEI,ACC_186,ENT_UK_015,4322.827778478153,USD,2026-03-19 00:51:22,f56c:d272:587f:e5fb:b805:c57e:35c5:77cb,1
sdv-id-UduixQ,ACC_156,ENT_UK_019,127757.87387083788,USD,2026-03-29 16:14:07,5120:7db0:4abe:9f1d:84ce:fad7:4eb8:8a05,1
sdv-id-wRJhKo,ACC_187,ENT_UK_008,143705.1217801771,USD,2026-03-05 01:19:30,28cc:f3ee:45ee:bc3d:af68:a1e7:fd89:81d9,1
sdv-id-fvMFXi,ACC_164,ENT_UK_010,120439.9834793317,USD,2026-02-15 10:24:05,1b8c:4c89:bab8:141a:f8e9:dde5:8d3:fba3,1
sdv-id-gpyLjf,ACC_164,ENT_UK_008,90039.89373310239,USD,2026-03-30 17:38:45,30d:2a46:b42f:8533:9008:fec3:9219:7833,1
sdv-id-PRqYbI,ACC_134,ENT_UK_006,1435.511237654145,USD,2026-03-06 15:00:15,b79a:f71d:232:dcd3:cb6f:18f9:fc67:1db2,1
sdv-id-GLAgzw,ACC_176,ENT_UK_007,6475.854079698548,USD,2026-02-28 12:51:24,f58a:568a:435b:1ca0:b306:6c19:e8b2:74fe,1
sdv-id-UttiyD,ACC_235,ENT_UK_002,18474.403089689487,USD,2026-03-13 17:22:00,e4da:506b:2e40:ac2e:dc8b:dff4:e959:528f,2
sdv-id-jqmXVC,ACC_211,ENT_UK_016,153777.79871811304,USD,2026-03-06 16:55:11,1b64:9d2a:b6ac:ac28:980d:13b8:2e3b:353,2
sdv-id-bqDGQG,ACC_181,ENT_UK_011,7207.89143311656,USD,2026-02-14 19:15:57,28b:3f38:7910:f6df:cad9:18e7:f222:ef8d,1
sdv-id-LTLEOv,ACC_272,ENT_UK_016,83318.26640489203,USD,2026-02-06 18:33:16,243d:71b5:f0ff:97c6:c14a:fdd8:c127:8adb,0
sdv-id-xVrERf,ACC_134,ENT_UK_004,2141.9691809262995,USD,2026-02-23 07:56:12,82e7:bb8:3e74:d1c4:326f:b841:1509:c647,1
sdv-id-ChyeiG,ACC_146,ENT_UK_019,1185.6134821571754,USD,2026-03-06 07:48:26,3a1b:6ec5:64df:b54:f2af:45a:3641:7592,1
sdv-id-lQAMwg,ACC_248,ENT_UK_003,1120.7358422516716,USD,2026-03-25 12:30:21,737d:2825:4188:d33f:408:b4ce:1efc:65ee,1
sdv-id-uixTnJ,ACC_107,ENT_UK_004,8791.891765132521,USD,2026-02-09 04:43:52,df4:a179:910c:d30e:3b2d:7683:568a:3acd,1
sdv-id-nJOfan,ACC_273,ENT_UK_019,421878.2439798824,USD,2026-02-14 11:21:04,9812:fc8a:8cca:bce2:fa93:c46f:3510:3463,1
sdv-id-qKRXlH,ACC_176,ENT_UK_011,3925.654803340005,USD,2026-01-01 10:12:47,82d:c64e:a6:5093:fbc9:bfac:a62:b130,1
sdv-id-dtkidq,ACC_284,ENT_UK_004,1775.308722030196,USD,2026-03-28 07:38:48,7398:5eaf:2963:8e44:7a08:c90d:549e:5df1,1
sdv-id-lvVigo,ACC_162,ENT_UK_002,195785.35529172356,USD,2026-02-26 04:05:10,9a53:f04:14a1:ae51:263:f316:8865:67c5,1
sdv-id-sDJqTw,ACC_146,ENT_UK_002,89305.30945325572,USD,2026-01-12 21:28:55,9455:c589:4aec:7c3a:185b:ff80:ec17:6f97,1
sdv-id-iplRYH,ACC_171,ENT_UK_015,89923.58388442242,USD,2026-01-05 03:26:17,9519:af58:8f2f:1e50:29e7:854:9367:ee83,1
sdv-id-bszgdD,ACC_272,ENT_UK_019,228686.80654932535,USD,2026-02-21 10:24:48,ffd4:c164:fc2e:360a:8632:dce0:5966:e669,0
sdv-id-yyCbzx,ACC_271,ENT_UK_003,17319.85004384667,USD,2026-03-03 22:33:30,a695:fdcd:31c3:9d60:5040:f7cf:74c4:daf0,1
sdv-id-cEhdsp,ACC_234,ENT_UK_013,19623.202510280185,USD,2026-03-23 13:36:33,4279:3245:f94a:b898:957d:30be:f0a:cfdc,1
sdv-id-mGgEzK,ACC_293,ENT_UK_005,29405.97150194208,USD,2026-03-17 20:25:25,8377:5da2:e5d9:3ef0:9389:afce:ab71:d96f,1
sdv-id-XoebUD,ACC_171,ENT_UK_006,9978.61365546013,USD,2026-02-14 22:36:20,2da:8fde:b9db:9bfc:158d:f855:3981:b427,1
sdv-id-fwAXai,ACC_162,ENT_UK_003,1540.1450874714233,USD,2026-03-07 04:08:05,24de:41f8:6e7d:e554:bbf8:8523:84cb:2fc2,1
sdv-id-wVgfZm,ACC_171,ENT_UK_016,946.1471720188472,USD,2026-01-16 16:46:00,aee9:af45:6468:1254:c9a7:1a43:be41:5b69,1
sdv-id-cqPhJT,ACC_247,ENT_UK_015,1020.634083650926,USD,2026-01-06 20:07:59,9337:fbb4:1377:ea74:ea32:296b:76d8:1292,1
sdv-id-IomhNp,ACC_176,ENT_UK_012,1106334.839692189,USD,2026-03-23 15:40:00,adb0:b726:b71f:a70a:7fef:458:e138:549e,1
sdv-id-LdKkDG,ACC_142,ENT_UK_003,81237.54490356607,USD,2026-03-14 00:02:43,1db0:ece:7fa6:c7fb:b18c:5b15:6cc6:976f,2
sdv-id-oTxqba,ACC_142,ENT_UK_005,9778.809319633818,USD,2026-03-02 06:25:12,1b56:db51:245b:2d71:e8da:72fe:a699:1e6f,1
sdv-id-rmffGJ,ACC_176,ENT_UK_019,20409.99604847142,USD,2026-01-05 07:47:03,c716:38fe:b711:e18c:196d:3281:7714:a565,1
sdv-id-MXMnZU,ACC_225,ENT_UK_009,10657.866711481996,USD,2026-02-08 01:39:02,7387:5b70:54c1:b917:a60c:3d74:6c57:3bf9,1
sdv-id-JSHbug,ACC_248,ENT_UK_007,932.430007800678,USD,2026-02-05 16:48:36,351f:de88:5b13:fd66:e467:88d1:19d6:43af,1
sdv-id-CLEQok,ACC_142,ENT_UK_009,4726.457299575049,USD,2026-03-02 00:37:58,b581:2ad4:b392:ebbe:9dfa:c451:3b8e:97eb,1
sdv-id-PEjZsM,ACC_123,ENT_UK_008,10999.907573451725,USD,2026-03-07 23:26:39,ba0c:dcd4:7404:ee69:19e2:252a:a37f:cea,1
sdv-id-VNnjPV,ACC_294,ENT_UK_018,44964.46115664817,USD,2026-01-01 13:32:46,33f0:1329:661f:53ad:6aad:46de:6181:cca9,2
sdv-id-jSdibA,ACC_176,ENT_UK_006,131910.8233795799,USD,2026-01-15 05:09:29,ce9:820e:cc0c:ec79:d2a6:619a:d820:235c,1
sdv-id-cSCgoT,ACC_176,ENT_UK_013,206358.1387934516,USD,2026-03-09 19:10:32,ed16:446b:ea97:63b4:6ff0:4adf:4613:af13,1
sdv-id-TSeViB,ACC_225,ENT_UK_007,618671.0196100061,USD,2026-01-04 21:38:52,f2:d6c:7447:c331:344e:3d68:8f53:3a12,1
sdv-id-bdTcKe,ACC_134,ENT_UK_006,143017.0925528135,USD,2026-02-07 22:14:44,a8e2:eb5d:2e79:2040:eed1:d6b8:5dd7:d887,1
sdv-id-IbdmQY,ACC_156,ENT_UK_018,1642.2451528844122,USD,2026-03-21 22:51:02,2880:f797:ae24:3889:54a7:b5c5:427b:4596,1
sdv-id-sJPcDD,ACC_181,ENT_UK_010,1762.7604613288654,USD,2026-02-09 23:56:07,74c1:8d11:cfa9:62e2:59c2:5f0a:279b:d9e7,1
sdv-id-YvxDkD,ACC_211,ENT_UK_017,413812.2323192577,USD,2026-03-10 00:37:13,e90b:eaa2:d29:83b0:ff59:5ad0:af9f:ab,1
sdv-id-dsqKOw,ACC_142,ENT_UK_019,6021.339015250542,USD,2026-01-31 04:01:38,c847:ab3d:ce12:b441:248f:a47d:4723:d101,1
sdv-id-ExgYVc,ACC_211,ENT_UK_016,1345.283419760228,USD,2026-02-28 08:44:30,b434:717:2c92:8d12:6683:9aa:67a3:16c2,1
sdv-id-IhSTrM,ACC_155,ENT_UK_005,368120.6182292025,USD,2026-03-25 23:01:04,df13:c787:2854:ea37:e88c:82a0:5129:18da,1
sdv-id-mzpoas,ACC_221,ENT_UK_019,35816.747909526304,USD,2026-03-02 07:33:24,c5c0:c43d:4d01:755a:ecb:9d8a:862b:7a8c,1
sdv-id-nDLwhW,ACC_176,ENT_UK_018,126154.67281989066,USD,2026-03-26 04:44:33,a415:26fd:9389:5b88:7484:e3cb:67f:ed1e,1
sdv-id-mJLWcS,ACC_225,ENT_UK_014,12967.89449235106,USD,2026-02-01 09:56:35,bb33:7f77:b3e1:f597:22ef:3c0a:7789:e6f4,1
sdv-id-xhbatB,ACC_107,ENT_UK_013,926.672193535094,USD,2026-02-15 06:54:01,6e98:f9a3:f92a:e495:d418:f0db:b58:bd8f,1
sdv-id-xhlGTW,ACC_181,ENT_UK_009,76993.95336533271,USD,2026-03-09 10:47:17,237a:4ef6:bae4:e266:7c1e:18ee:3a0e:45c3,1
sdv-id-viiJqA,ACC_243,ENT_UK_008,59373.73115173169,USD,2026-03-25 16:58:16,4231:18d7:529f:7819:b986:ddd2:78d4:a830,1
sdv-id-IJbIAU,ACC_142,ENT_UK_002,84088.40493771501,USD,2026-01-05 15:36:01,8a6e:8328:8c22:78d0:75ae:cab0:3fcb:1d38,1
sdv-id-DzAFxP,ACC_176,ENT_UK_005,934.522156079562,USD,2026-01-26 01:17:13,c642:6529:5e4c:54b4:d301:f8aa:7c40:d28d,1
sdv-id-yVLoJQ,ACC_271,ENT_UK_005,923.9486674801811,USD,2026-03-31 17:55:41,c185:c26:6386:e1a7:8d55:5fd6:3824:feda,1
sdv-id-YlrxnU,ACC_186,ENT_UK_019,79584.50978232917,USD,2026-01-26 17:16:05,9f93:6c86:670:b5e1:50bf:b67e:78a5:998c,1
sdv-id-neTeDC,ACC_256,ENT_UK_012,10528.534251929335,USD,2026-03-29 02:02:31,a91e:b5ee:a658:a3d9:9067:3576:c76f:1e24,1
sdv-id-nsTBYu,ACC_107,ENT_UK_009,361305.6128300581,USD,2026-02-14 03:03:24,66a5:3e1b:ccea:d314:101d:3f09:2c58:4284,2
sdv-id-KjMylb,ACC_176,ENT_UK_001,433547.1017811595,USD,2026-03-08 20:43:49,3296:91ed:917b:fcfd:e367:99f1:a0c:8387,1
sdv-id-GaNiHr,ACC_211,ENT_UK_008,545901.7024383035,USD,2026-03-06 14:07:34,6eb0:da93:df45:bcc6:aa50:ca27:5944:671,1
sdv-id-vhmYxJ,ACC_176,ENT_UK_011,77591.62986098755,USD,2026-01-05 14:56:18,8cb:bc64:b29c:1c05:bf45:b9f7:3079:7e1c,1
sdv-id-HQexVN,ACC_293,ENT_UK_001,433154.1376921714,USD,2026-03-19 22:18:34,ce61:1989:531f:342:d3c4:e7c7:89fc:112e,2
sdv-id-CCOdLI,ACC_171,ENT_UK_011,88773.35631545595,USD,2026-02-19 09:59:18,a1d4:8bb0:b092:1dcb:ce29:ff6:cbd8:496e,1
sdv-id-lhcKlv,ACC_142,ENT_UK_001,47454.73709931541,USD,2026-01-14 15:29:44,985:4174:f9f8:8b32:472d:8c07:d607:509d,1
sdv-id-TZfFzy,ACC_256,ENT_UK_016,235709.4191054071,USD,2026-01-14 20:57:01,1203:bfec:6de0:9192:708:5558:1086:165d,1
sdv-id-tvttux,ACC_232,ENT_UK_007,487510.9497294765,USD,2026-02-23 15:56:40,71f7:209c:4396:e6f4:38c3:a83:1d5a:857c,1
sdv-id-wDQGKl,ACC_243,ENT_UK_004,37638.73909717801,USD,2026-04-01 14:14:19,114d:a446:3873:a9d6:8f06:88a0:1b9b:cb90,1
sdv-id-jGSfAB,ACC_146,ENT_UK_015,281501.60463350336,USD,2026-01-10 18:48:57,4345:3b2e:4b2a:4108:7a75:6ec4:dfc9:f1ad,1
sdv-id-DBbvuL,ACC_211,ENT_UK_018,545484.4105747363,USD,2026-02-11 03:38:34,bc60:33b4:fc42:3ac6:be74:b331:3e62:1d42,1
sdv-id-BvjQKJ,ACC_142,ENT_UK_003,97532.67718890683,USD,2026-03-29 04:35:59,9782:2d95:5cec:a3ce:5799:7db2:e4f5:de68,1
sdv-id-Jwlurt,ACC_271,ENT_UK_009,2069.4453837592105,USD,2026-03-22 08:16:54,5d60:2034:403e:5576:8c2a:73dc:fecd:b54e,1
sdv-id-gojfMz,ACC_179,ENT_UK_015,701224.3223981952,USD,2026-01-29 11:47:26,aefc:7159:b747:93be:de5a:d40b:e9e3:662f,1
sdv-id-wFKmme,ACC_176,ENT_UK_003,107910.59113548648,USD,2026-03-22 02:40:34,984a:3e8d:4b0:3e3:a65c:2469:1ba4:42d1,1
sdv-id-ynGwyd,ACC_196,ENT_UK_002,167013.13526747617,USD,2026-03-17 03:06:06,299c:db5c:ca1f:759a:3349:ef1a:1abd:e72c,1
sdv-id-TTvUaZ,ACC_142,ENT_UK_001,5249.681488286852,USD,2026-03-08 12:38:27,99b7:4628:a67e:fa84:ec78:1f3e:3663:24be,1
sdv-id-gxdtOQ,ACC_171,ENT_UK_011,343935.22563701164,USD,2026-03-07 22:42:24,4033:9bfe:bb9e:3381:c740:8ddf:7185:b2c1,1
sdv-id-ZcLJAm,ACC_225,ENT_UK_002,37655.06448520754,USD,2026-02-10 06:35:15,182e:32be:39c3:b4fb:f909:e9ed:5499:da44,1
sdv-id-UdGQDX,ACC_107,ENT_UK_019,2900.9585503218273,USD,2026-03-08 23:50:02,347c:69e6:f4e6:4610:53cc:fafe:f9fd:1494,1
sdv-id-TutfwQ,ACC_100,ENT_UK_002,314577.7633033458,USD,2026-03-23 17:10:18,5ed:54b0:3449:3f36:5f43:569b:ebad:1c4f,1
sdv-id-SgIcTC,ACC_162,ENT_UK_004,701336.8915948535,USD,2026-03-11 05:50:23,9197:8859:98a7:2012:1dec:b83e:78c6:74c4,2
sdv-id-UsXmMR,ACC_256,ENT_UK_008,71056.38268753908,USD,2026-03-07 12:43:39,7067:117:24c8:2aaf:c371:d7c2:20d5:8d7e,1
sdv-id-kbQomF,ACC_273,ENT_UK_007,646687.2542844521,USD,2026-01-06 14:49:34,29e8:d759:b0be:1502:fce6:ac62:e291:e675,1
sdv-id-wYiYLx,ACC_160,ENT_UK_017,13798.787084083076,USD,2026-01-06 01:51:52,64b1:d69d:8249:6596:c7d2:2340:2493:9286,2
sdv-id-BSbkLn,ACC_142,ENT_UK_018,3512.4434812982936,USD,2026-01-19 22:47:45,dc82:b412:e9b3:c07:b538:21ca:870e:ccf2,1
sdv-id-PvKSDc,ACC_225,ENT_UK_008,63910.71538461927,USD,2026-02-19 23:15:30,aadb:72d3:10f:fa6:23e7:5633:3794:f0f6,1
sdv-id-AuYthS,ACC_171,ENT_UK_008,132038.41524351604,USD,2026-01-13 10:30:19,a547:a865:eb01:e85a:d3a5:be17:4741:9ad8,1
sdv-id-SVKvqY,ACC_186,ENT_UK_019,190289.50290140143,USD,2026-03-18 21:41:14,e239:7d45:24dd:6be9:cd57:6f7d:83e1:8580,1
sdv-id-zKHrAc,ACC_146,ENT_UK_012,1046.8498458761974,USD,2026-01-26 12:47:43,fe40:3fee:ad25:7203:f5b7:1e9e:58e4:2c4b,1
sdv-id-SGIXln,ACC_142,ENT_UK_012,954.5504746431264,USD,2026-02-07 20:20:35,2093:c81d:e24e:93ba:a549:3fed:b3ef:f7f2,1
sdv-id-BUPxbf,ACC_264,ENT_UK_010,1325.1803722162426,USD,2026-01-07 22:07:32,612:95f0:1f82:d51f:c62d:8cb8:c733:2793,1
sdv-id-PSlsZY,ACC_107,ENT_UK_015,165413.41242354436,USD,2026-02-12 09:56:01,b349:d75a:27bb:a9e9:bd70:4aae:6d83:5fe4,1
sdv-id-tplsZu,ACC_142,ENT_UK_012,23929.642922192037,USD,2026-02-10 18:13:09,8e66:c426:2672:4ce:bd68:e9e9:ae7f:3e6e,1
sdv-id-FhjBPV,ACC_134,ENT_UK_008,514187.71882376034,USD,2026-01-16 15:51:54,d5dd:5575:55ef:3629:4240:6d3c:4a34:6ad3,1
sdv-id-EXdEZF,ACC_187,ENT_UK_019,385334.67796967394,USD,2026-01-23 10:42:40,5214:f1c3:1b66:6c1d:a67f:7f74:16c3:9422,2
sdv-id-IPgIph,ACC_146,ENT_UK_016,2001417.719189615,USD,2026-01-25 05:27:58,8dec:a5ce:9e82:1456:402:1d85:866:95dc,1
sdv-id-fNwAnI,ACC_273,ENT_UK_019,193460.56645942823,USD,2026-03-05 16:06:04,4436:3e8d:236c:5b5c:fc0c:368:c03:ef4b,1
sdv-id-MdPBUB,ACC_284,ENT_UK_002,46866.245366975214,USD,2026-01-15 13:07:36,9e94:afbc:581c:9ec4:1a63:5156:d4e2:bb46,1
sdv-id-dtjxyc,ACC_142,ENT_UK_009,942.0234890346552,USD,2026-01-08 07:14:27,8218:d195:b4cd:bcc5:c3c:f08f:1de6:fe4c,1
sdv-id-dLUQmq,ACC_187,ENT_UK_008,45297.67909043709,USD,2026-02-18 02:33:03,b614:4cb6:aec4:2e6e:ec8e:40d:6d11:8260,1
sdv-id-FPlfwT,ACC_273,ENT_UK_013,840084.3580764101,USD,2026-03-10 16:21:39,e4e5:f7fe:7bb1:2307:7de:108d:232a:4b39,1
sdv-id-wSLHwR,ACC_176,ENT_UK_005,46261.44454931833,USD,2026-01-08 12:18:59,908d:9025:1e60:197e:b448:7de9:581e:27fc,1
sdv-id-Lajdjf,ACC_176,ENT_UK_018,80648.80107444996,USD,2026-02-19 09:51:30,cd45:4041:8f38:4791:87fb:2b26:11d:acfd,1
sdv-id-iXixbu,ACC_176,ENT_UK_018,238805.01777245215,USD,2026-02-28 17:06:00,acc5:9373:3071:125f:833d:2988:a4f2:a6e,1
sdv-id-fcdLDl,ACC_243,ENT_UK_003,576054.4136760075,USD,2026-02-02 09:17:42,3664:f2ac:a429:e096:2d39:d44d:b668:3b68,2
sdv-id-depTzS,ACC_160,ENT_UK_010,2008337.7204500332,USD,2026-03-01 04:49:48,ec3b:ff61:b893:71bf:4e05:6b16:8957:e936,2
sdv-id-qMIKeS,ACC_156,ENT_UK_005,343778.83613396774,USD,2026-03-23 21:27:31,3c84:cfba:5a0a:c0d7:ce3:dacc:ca07:bee2,1
sdv-id-CSERMt,ACC_225,ENT_UK_012,3990.9077765435823,USD,2026-02-20 00:31:32,724f:2ec1:a2c5:3744:7fa9:518d:c232:c85b,1
sdv-id-awQjrW,ACC_211,ENT_UK_002,194740.5369431728,USD,2026-03-21 07:57:54,2b4:87f9:bd7b:2901:f95d:eb4c:7357:7e5e,1
sdv-id-JvtvmK,ACC_264,ENT_UK_009,68537.09230696918,USD,2026-02-21 06:40:02,fdce:ca12:d559:c4d1:58a3:248a:c954:c295,1
sdv-id-RDxtiR,ACC_176,ENT_UK_009,98730.35306209886,USD,2026-03-04 07:21:08,1e69:78bf:755c:5ec0:f6bc:f160:fb4:3bba,1
sdv-id-vEvawf,ACC_171,ENT_UK_002,58686.72486473258,USD,2026-03-15 12:30:25,f51c:69fc:2992:8280:eec:7017:f0b3:3d22,1
sdv-id-SOIKpP,ACC_181,ENT_UK_008,1063.956367621462,USD,2026-03-03 02:00:48,a00f:fe3f:9ae2:611:24c0:d51d:2452:88a9,1
sdv-id-qptOmh,ACC_299,ENT_UK_017,62275.22624931305,USD,2026-03-31 02:00:50,17df:9cd1:2406:5d44:b2a4:3c85:e24a:e8ac,1
sdv-id-NtJELQ,ACC_176,ENT_UK_019,136316.398505794,USD,2026-02-23 15:47:43,8ff0:6579:efe:e5f7:2e63:4ca7:9cee:1004,2
sdv-id-qWNZEB,ACC_181,ENT_UK_001,2248.9567820569227,USD,2026-03-23 19:47:30,e9d6:876e:e74:c0fb:eb13:ebe4:c685:5aa6,1
sdv-id-xlsZCu,ACC_243,ENT_UK_001,20124.08118482946,USD,2026-01-14 12:57:15,575d:b528:52b2:e666:51e6:4608:de01:bb68,1
sdv-id-yFnwCC,ACC_211,ENT_UK_012,3407.935736116365,USD,2026-02-03 10:52:22,aaae:b59c:d1ca:4de5:f9d0:6791:b02:3995,1
sdv-id-lUDfxY,ACC_176,ENT_UK_016,521451.47037154087,USD,2026-02-07 17:03:54,f803:5ac0:8312:e4:f120:b96a:5a96:27b9,2
sdv-id-KXkznL,ACC_211,ENT_UK_006,26490.85140092572,USD,2026-03-29 11:46:35,27bc:29a2:90f4:3461:dc8:6ba7:8846:6302,1
sdv-id-hutBTW,ACC_273,ENT_UK_010,10017.560116485927,USD,2026-03-29 16:17:17,7f18:f148:5e22:dd49:1d26:955e:7a57:bc9c,1
sdv-id-tpRcou,ACC_190,ENT_UK_006,1805156.4502759369,USD,2026-02-02 13:02:41,7294:a630:21d:801e:7cb1:72ab:f97:d19,2
sdv-id-DiodcA,ACC_273,ENT_UK_011,108021.82506877808,USD,2026-03-24 17:03:49,692d:8c1b:8a5f:d7eb:db7f:7e36:f3eb:7909,1
sdv-id-ghpXGJ,ACC_211,ENT_UK_009,331399.3335020231,USD,2026-01-03 15:09:29,3fc5:c62:dd8a:37d:4461:22da:30e4:7ec6,1
sdv-id-RTXzCu,ACC_176,ENT_UK_003,48662.54815063019,USD,2026-03-01 09:23:07,8ef4:3fd0:c234:ac4e:aa46:50e6:7390:eb49,1
sdv-id-UiQJEg,ACC_171,ENT_UK_013,48866.413721817546,USD,2026-03-26 05:44:04,3a8d:fe2b:2479:89e4:7886:4f93:9f93:f877,1
sdv-id-uVQHNh,ACC_211,ENT_UK_019,10342.819535130564,USD,2026-03-13 19:17:36,33e:1066:e5e8:9b19:d61b:29b4:a400:a570,1
sdv-id-GzItaT,ACC_181,ENT_UK_019,1139996.3715357736,USD,2026-01-12 14:32:52,b9ac:ae9b:59c8:46ef:4258:10dd:ba59:fdd4,2
sdv-id-RyJsZu,ACC_211,ENT_UK_019,35466.9521667379,USD,2026-03-17 17:55:35,f1db:6840:2f65:67df:e3f9:8128:85e0:8cf6,1
sdv-id-dmKeVS,ACC_181,ENT_UK_017,4713.884752255372,USD,2026-01-07 13:59:44,1a5f:45ad:2526:c0af:7c4d:bcb7:678:6635,1
sdv-id-cWYceG,ACC_146,ENT_UK_003,248356.3161630901,USD,2026-02-14 06:06:21,e1e5:e3f4:86fc:79f2:e3e3:addf:3ae1:39dd,1
sdv-id-DpQqtT,ACC_181,ENT_UK_003,28888.54399422089,USD,2026-02-18 04:45:57,28b9:e18:63:8b8d:9d25:8c5d:cb7f:1d53,1
sdv-id-gJqxWk,ACC_164,ENT_UK_001,228717.98465716443,USD,2026-01-19 03:27:40,e4c6:62c9:2e97:b76b:6439:68ad:3e0c:2d3,2
sdv-id-whLNac,ACC_273,ENT_UK_014,116722.95450560463,USD,2026-03-07 12:56:14,9d97:d828:35d6:33ee:dfcd:ece5:461c:b216,1
sdv-id-yxQmgw,ACC_142,ENT_UK_007,217700.45312113484,USD,2026-02-07 14:42:40,c3ff:d593:9c5c:e473:ee56:7f0b:daf4:ab96,1
sdv-id-hPDFLu,ACC_107,ENT_UK_015,88823.23564070041,USD,2026-02-11 17:54:34,cc97:e957:1616:57ec:5ebf:8ff7:2541:3287,1
sdv-id-mHepgP,ACC_176,ENT_UK_009,399131.42784911185,USD,2026-02-19 13:52:41,9007:55f3:35e7:7b51:8049:e213:6d5e:5d06,1
sdv-id-iwtIvi,ACC_176,ENT_UK_004,149859.22051941857,USD,2026-02-22 09:59:34,48d8:1a54:eedd:cc9f:5556:fe65:4a3d:c37b,2
sdv-id-cUytuL,ACC_242,ENT_UK_011,930.6687216356888,USD,2026-04-01 12:09:37,3ce4:c03b:84f:e41a:c1a4:3015:4a91:998b,1
sdv-id-JPpoCj,ACC_107,ENT_UK_011,292169.6245995654,USD,2026-01-23 12:30:43,d081:846b:7a33:4e55:5176:6b12:9748:e7,1
sdv-id-HZiPRa,ACC_243,ENT_UK_008,15164.484300370108,USD,2026-03-12 11:10:29,c401:5477:388f:9c4:dcd1:fb70:48ca:3e1a,1
sdv-id-VJBTfN,ACC_186,ENT_UK_012,220402.22391476185,USD,2026-03-09 14:52:52,284f:5d27:9c1b:fed3:e2a1:48e1:f947:6408,1
sdv-id-WdhzXx,ACC_171,ENT_UK_005,482191.4127080231,USD,2026-01-15 20:14:38,caaf:4012:3fca:8eb4:7f70:b0cb:db5b:40c2,1
sdv-id-NYlnmV,ACC_170,ENT_UK_005,11258.853966359906,USD,2026-03-15 22:51:45,68f7:4b47:3d58:f568:ad09:b62a:5224:40a6,1
sdv-id-YcyGiV,ACC_142,ENT_UK_006,23632.7261811544,USD,2026-01-25 19:50:08,bba8:2854:6973:e527:7a0b:2444:3376:9289,1
sdv-id-pTCdfi,ACC_176,ENT_UK_015,216599.32481454377,USD,2026-03-13 00:46:01,896:d1d2:9b5a:cd54:e528:27ab:5cd8:36ce,2
sdv-id-xbBkhr,ACC_253,ENT_UK_019,11707.202671860769,USD,2026-03-13 18:01:38,6929:184a:cc7b:6e9:76d1:15:fc26:370a,1
sdv-id-dWytaS,ACC_142,ENT_UK_019,378039.791019208,USD,2026-02-06 07:03:25,9af3:2767:1b7b:dfc9:6df2:647a:d597:156f,1
sdv-id-iBQfYH,ACC_273,ENT_UK_017,312034.4229110249,USD,2026-02-09 17:20:31,623d:df4f:680b:dddc:6cda:b0e7:b2f7:b912,2
sdv-id-gqEAoH,ACC_247,ENT_UK_015,1272.1206548520224,USD,2026-01-30 09:46:35,ad77:c5ae:8cb5:a06c:ca78:3698:3e65:7546,1
sdv-id-PTkGpJ,ACC_123,ENT_UK_002,114608.68958928491,USD,2026-03-27 00:40:27,cc13:ae4b:b1b5:cada:ed6b:99ec:7dfb:1845,1
sdv-id-EndNPc,ACC_187,ENT_UK_001,7949.652741641708,USD,2026-03-01 01:25:54,a2d6:d6bd:233:e27a:632a:2899:57ad:2635,1
sdv-id-IAqubI,ACC_256,ENT_UK_005,816618.9223462681,USD,2026-02-11 07:44:05,1e6d:b630:dbd0:4e0c:c2bb:a62f:155a:3a0e,1
sdv-id-nwLzpQ,ACC_225,ENT_UK_019,3394.780894935318,USD,2026-01-19 01:39:31,136d:1997:7732:d945:32d3:2bcf:be32:e9d7,1
sdv-id-MzYrwH,ACC_155,ENT_UK_010,11293.640732464006,USD,2026-01-06 14:26:02,fff3:568d:6254:1a32:4112:41e0:3204:81b7,1
sdv-id-dFTYtV,ACC_211,ENT_UK_016,626700.7782439617,USD,2026-03-17 21:59:40,a45d:2269:7ecb:c01a:2ad0:9724:49a6:a782,1
sdv-id-haZKiE,ACC_155,ENT_UK_012,12633.338797251236,USD,2026-02-23 16:39:30,6ea6:bfb2:4947:139f:7bf6:b17f:3222:a3c1,1
sdv-id-KRbotj,ACC_187,ENT_UK_016,4033.831053364988,USD,2026-03-28 04:21:51,afdd:52ab:fba1:ff72:dba8:c842:fc39:20f9,1
sdv-id-ABpjtz,ACC_225,ENT_UK_001,42610.16618560099,USD,2026-01-18 10:00:41,2913:2ee6:34e1:95db:ee4d:e5af:2e6b:38df,1
sdv-id-nwLffB,ACC_299,ENT_UK_006,9784.071952605243,USD,2026-03-02 10:53:42,96ce:531e:639e:6404:b562:e204:16a0:bfe3,1
sdv-id-HsBtwt,ACC_284,ENT_UK_012,2035.7402828619904,USD,2026-01-03 09:13:57,b591:e30f:2a2a:a086:6cd3:9273:f122:b9b1,1
sdv-id-pTLMWt,ACC_264,ENT_UK_002,1247747.2832042505,USD,2026-01-21 19:11:21,c85:73bc:881:9fa6:e6e1:97ac:b8c3:6754,2
sdv-id-NtQlzO,ACC_242,ENT_UK_011,293449.56059363077,USD,2026-03-05 18:52:59,b688:2466:93b:f70d:2aab:1d3f:b600:ef73,1
sdv-id-Pnjtpb,ACC_273,ENT_UK_011,1815.2498851532323,USD,2026-01-07 21:39:53,35c0:fe32:109b:2df4:fc43:6027:cad4:7c19,1
sdv-id-vRuimZ,ACC_107,ENT_UK_009,34137.902648547206,USD,2026-03-29 12:50:56,6019:19da:2e01:168a:4b60:276b:938f:bd46,1
sdv-id-osMMYD,ACC_171,ENT_UK_008,169303.63641625276,USD,2026-01-11 15:34:23,a11b:4d22:36fd:643:9bca:96c1:39ed:375a,1
sdv-id-maMGvT,ACC_271,ENT_UK_006,966.2622690723488,USD,2026-02-20 13:12:49,4eb4:1084:9884:de16:c392:8fa0:198a:fe31,1
sdv-id-ZKUUdu,ACC_253,ENT_UK_011,748702.3316852427,USD,2026-02-01 00:37:24,c2af:70df:2107:da72:965:b21f:e999:2cf2,1
sdv-id-CsMkmQ,ACC_176,ENT_UK_018,1381176.5450610537,USD,2026-02-19 04:05:33,7ea3:ee67:2e21:bd96:55ca:e996:b711:4cfb,2
sdv-id-VLybAY,ACC_293,ENT_UK_012,277046.06480744947,USD,2026-03-08 19:23:59,c876:ad84:8509:1130:e6ea:e72c:d997:6ec7,1
sdv-id-PSwqSQ,ACC_284,ENT_UK_004,258084.78351367032,USD,2026-02-03 11:38:37,d441:5c33:9762:2f22:b895:d22e:120b:f290,2
sdv-id-tdefaK,ACC_171,ENT_UK_002,127648.66367522358,USD,2026-01-12 07:16:30,7980:8835:601:ba40:ba2b:850:1569:628c,1
sdv-id-wnUsls,ACC_271,ENT_UK_019,1937.5054511181104,USD,2026-03-24 16:01:11,340e:f3cb:db66:f61b:e7e4:4090:5d3c:5f47,1
sdv-id-KVuelK,ACC_160,ENT_UK_011,1413.581675884402,USD,2026-02-20 11:02:37,b1cd:457a:3da2:53df:9e5e:c0d1:9b9d:7436,2
sdv-id-fxSUnW,ACC_211,ENT_UK_017,133364.88223474633,USD,2026-03-05 23:54:00,9ed:9a19:ae5:5636:6217:9da2:5778:dc5e,1
sdv-id-TOzGyC,ACC_171,ENT_UK_015,90017.56974020165,USD,2026-02-01 13:21:00,77b9:29b8:2c99:ccf1:f401:435a:f700:79aa,1
sdv-id-kISrtU,ACC_293,ENT_UK_016,2781.8105646367726,USD,2026-03-10 03:14:14,27d1:a715:8251:f71c:3e70:aa61:e7ae:3280,1
sdv-id-nvqxZG,ACC_247,ENT_UK_005,122705.94133844954,USD,2026-03-12 21:42:56,b12d:1951:1c1a:3220:c9a4:a98c:af2d:e446,1
sdv-id-HsKbkH,ACC_176,ENT_UK_016,123749.74652164224,USD,2026-01-14 09:01:39,c45a:9a76:628:40ce:9db:284f:42c0:fc01,1
sdv-id-aafaAM,ACC_134,ENT_UK_014,367750.264819159,USD,2026-02-20 06:07:05,873d:cf15:904f:5a45:d097:8a6e:da1e:950e,1
sdv-id-lhgKCs,ACC_142,ENT_UK_001,1022235.0434547032,USD,2026-02-27 04:42:30,b568:f7b7:ba94:a45e:2747:fd7e:5c96:9eb1,2
sdv-id-XeFbKU,ACC_242,ENT_UK_013,105344.58872260449,USD,2026-01-05 18:34:25,a3ef:4e0:8b69:4ae:bd00:3d07:c39e:3722,1
sdv-id-kMeHra,ACC_211,ENT_UK_009,3928.930849231708,USD,2026-03-31 12:14:09,8e60:9bf0:edf6:61e2:e138:b760:5589:19f1,1
sdv-id-uxNFCz,ACC_142,ENT_UK_017,17744.393433098467,USD,2026-02-20 20:48:23,df5b:fa21:ef8c:60ef:ba10:35d1:8cbb:c882,1
sdv-id-AjKgOy,ACC_225,ENT_UK_015,1441.540357562906,USD,2026-02-04 20:52:33,7c36:46c6:dc71:8c97:862e:6a30:4815:2758,1
sdv-id-EUGZDt,ACC_225,ENT_UK_014,356091.0682587792,USD,2026-02-27 09:00:50,908a:489:3697:25b6:94c3:48a0:5ee4:adec,2
sdv-id-RsHAoc,ACC_181,ENT_UK_015,131913.4247000412,USD,2026-02-08 14:18:03,789f:d342:5982:d89e:272:8307:35b:4bd4,1
sdv-id-DnwWbk,ACC_100,ENT_UK_005,85995.58451247535,USD,2026-03-24 22:05:46,b0d4:8178:a7c9:835a:481e:3c96:7333:2231,1
sdv-id-nHLmpz,ACC_235,ENT_UK_008,1005.0584780987604,USD,2026-02-06 05:35:48,9e23:93c7:838f:685a:4d25:328c:39b6:43d6,2
sdv-id-HfHPMX,ACC_156,ENT_UK_009,500174.7706147473,USD,2026-03-20 03:12:35,7125:388:14c:4592:71d7:68c4:f838:bc51,2
sdv-id-DYDtHD,ACC_171,ENT_UK_001,193225.01782647075,USD,2026-02-27 18:42:37,51d3:cc0d:f1fb:5fc5:bcac:a8b3:5c24:baf3,1
sdv-id-QeFsgL,ACC_155,ENT_UK_002,6343.654638166111,USD,2026-01-02 05:35:21,4d4d:576d:5c84:9670:8114:1822:4814:5c48,1
sdv-id-PjkgRZ,ACC_243,ENT_UK_012,160043.90058096804,USD,2026-03-21 15:08:17,5453:9555:6d5b:467b:54a9:ef82:9076:6508,1
sdv-id-xmpLbx,ACC_142,ENT_UK_005,550883.3514143921,USD,2026-01-03 18:20:22,405b:a733:7a30:d6d2:6ddd:f1f9:8551:4a3c,2
sdv-id-pdmYcI,ACC_248,ENT_UK_019,177701.3779963073,USD,2026-02-25 16:04:15,5f78:5c5f:9baa:22cb:e7b3:e42:efaa:59aa,1
sdv-id-VUMBCh,ACC_186,ENT_UK_009,1043.570166102701,USD,2026-03-25 01:21:11,b806:b78b:e708:2c31:fd3a:9fe0:d70f:30c6,1
sdv-id-ZrlgTa,ACC_176,ENT_UK_003,245692.48777680413,USD,2026-01-22 18:55:09,28f7:69fa:4f7d:27d8:bec:58e9:2611:4fdd,2
sdv-id-Ifazxu,ACC_211,ENT_UK_002,9696.527812352364,USD,2026-01-15 04:11:05,87d9:68d9:17d5:15c4:b5da:9509:f739:7e63,1
sdv-id-sBhIkT,ACC_160,ENT_UK_010,74661.20306365682,USD,2026-01-13 12:56:28,7fe5:3f4e:2890:a377:aef2:3ea1:3120:47a2,2
sdv-id-MOdjwF,ACC_179,ENT_UK_017,390509.4648802062,USD,2026-01-20 15:07:36,5801:db5:4fe2:9773:89f0:5ca7:95d9:c0cf,1
sdv-id-olVlUE,ACC_164,ENT_UK_012,14084.51362897504,USD,2026-02-18 02:35:25,a84f:b51e:82ef:c2a1:e66f:4a41:477d:4468,1
sdv-id-sGLVCe,ACC_176,ENT_UK_016,29760.622674117025,USD,2026-01-14 00:43:40,7c8f:37d7:b310:cdd6:a89d:c5ec:cc6b:204d,1
sdv-id-cAgVWa,ACC_189,ENT_UK_005,98087.48361966206,USD,2026-02-16 00:08:00,3d42:c804:d6c1:6c8b:acdb:3f3:c1bb:5da0,1
sdv-id-CcleQr,ACC_176,ENT_UK_012,114410.38176997744,USD,2026-02-24 12:27:47,9f05:9396:2090:fb4d:78dc:220:6729:5f5e,1
sdv-id-NHUbdz,ACC_171,ENT_UK_004,918.6554189350164,USD,2026-02-14 12:43:51,3b27:9b59:92a3:f013:accc:c0b8:480f:8fce,1
sdv-id-mAkDpQ,ACC_171,ENT_UK_018,532586.0334446275,USD,2026-03-10 00:38:11,a848:ee3a:fe34:daaf:47b4:c57c:ae8:4e12,1
sdv-id-IrvQJw,ACC_176,ENT_UK_013,1222.6862642091928,USD,2026-02-02 13:14:05,a012:70c0:b3ab:17de:600e:be35:e629:e141,1
sdv-id-ZAjIhg,ACC_155,ENT_UK_014,1555.7766576323534,USD,2026-02-14 14:37:07,b441:6eae:d78c:547c:7be3:b735:4445:5292,1
sdv-id-irBCBe,ACC_162,ENT_UK_004,40835.02595350999,USD,2026-03-22 20:41:29,1f04:5886:c24b:1241:3846:7807:2e20:2c48,1
sdv-id-bRclWD,ACC_271,ENT_UK_011,14358.298685165726,USD,2026-03-02 17:29:07,e1a6:de88:fb8b:9c6:2fbe:a09b:a0d7:7369,1
sdv-id-aBmJXn,ACC_107,ENT_UK_011,206830.54624340727,USD,2026-02-11 12:36:26,51b7:3105:b4b:bc5c:16ff:d916:6dee:c9ea,1
sdv-id-lkEghV,ACC_225,ENT_UK_004,14800.394118850942,USD,2026-02-22 11:58:06,5748:5822:2cbb:b408:7b23:a1c6:9a9d:8a75,1
sdv-id-eNYwHI,ACC_211,ENT_UK_011,9327.014407099516,USD,2026-03-26 18:42:39,e63b:dbc8:3e58:65d5:5fb7:89da:1ae0:f36a,1
sdv-id-UGbLzb,ACC_248,ENT_UK_004,107750.0886520108,USD,2026-03-20 06:07:52,559c:6ba5:124c:5384:6dc0:b1ff:1ea2:3847,1
sdv-id-ubKBbR,ACC_273,ENT_UK_004,1308417.1884859626,USD,2026-02-01 01:46:06,8839:8075:e33d:89b9:132d:8b26:854a:21d3,2
sdv-id-IdPzuy,ACC_107,ENT_UK_005,93851.4798277903,USD,2026-03-01 17:18:48,4143:84d:cd6b:5f8a:9440:2d10:aab1:6fc,1
sdv-id-BiyTGG,ACC_248,ENT_UK_011,384080.0485647829,USD,2026-01-26 13:20:19,5b7:f038:8ded:807f:29a6:1682:6dd5:6a20,1
sdv-id-URmIFI,ACC_142,ENT_UK_018,951.1485346723368,USD,2026-03-14 20:20:29,f935:49e2:ddb7:4c92:68ee:468b:50d1:465c,1
sdv-id-XoWxIo,ACC_176,ENT_UK_004,1332444.1118015286,USD,2026-01-12 02:00:08,38da:6bb:7730:6531:919:658e:3b62:d1a2,2
sdv-id-RVZVbd,ACC_187,ENT_UK_001,910495.8412397348,USD,2026-01-01 10:49:29,280a:e3a3:2bc0:cd0b:e8fb:1f55:40f2:1135,2
sdv-id-VIHODN,ACC_142,ENT_UK_003,213083.88050426744,USD,2026-01-21 06:47:50,ccd5:91cc:9096:60f3:ff32:fc57:4217:3583,1
sdv-id-UcSHSK,ACC_142,ENT_UK_013,303167.32918033976,USD,2026-01-17 18:16:15,e99:9358:1630:6321:5297:88b7:389d:de65,2
sdv-id-gWhssC,ACC_107,ENT_UK_013,647684.6327582918,USD,2026-02-15 11:07:06,594d:bcfa:df9f:a81e:766b:f3dd:efeb:aea1,1
sdv-id-JOnEne,ACC_142,ENT_UK_017,568101.8256234922,USD,2026-03-21 16:52:38,3cf2:f043:7381:b939:c094:ae4d:8a1d:d125,1
sdv-id-LwQJrl,ACC_248,ENT_UK_001,27267.84021326796,USD,2026-03-30 14:16:38,f1e8:4173:8bce:4012:7f04:f805:d12b:c470,1
sdv-id-ZxCqKO,ACC_243,ENT_UK_005,10896.83755394339,USD,2026-02-18 03:47:46,45e3:8e81:dd4d:7aa2:2d11:8884:e219:7374,1
sdv-id-oCIzSw,ACC_225,ENT_UK_005,635898.1723509735,USD,2026-02-22 22:13:36,865d:7713:185d:15ea:25da:cb79:680a:e9b3,1
sdv-id-EjmHJl,ACC_107,ENT_UK_015,1476781.4100167414,USD,2026-01-25 09:32:47,aa3b:6c17:2e24:647a:a003:6bd5:1080:50a3,2
sdv-id-pbmBes,ACC_142,ENT_UK_014,91392.22154832663,USD,2026-01-13 14:49:38,a218:e332:71e5:87b2:460:907c:3fd3:cd3f,1
sdv-id-EdrYzK,ACC_181,ENT_UK_003,233369.17405615095,USD,2026-03-14 03:31:28,a571:b617:e4e:86a7:183d:8291:71ff:6b3d,1
sdv-id-EWhwIZ,ACC_271,ENT_UK_012,54932.60657176554,USD,2026-03-13 09:51:10,1eea:4f41:8528:663a:80a4:69cc:e24a:eea9,1
sdv-id-oMATye,ACC_171,ENT_UK_012,254168.6477241806,USD,2026-01-20 07:20:08,169:5d4d:68f:3620:f6e4:1442:b353:3b5c,1
sdv-id-kjQKYm,ACC_273,ENT_UK_005,558427.1150009765,USD,2026-03-12 20:33:06,472d:83de:8570:ec6:a2da:8514:7ee3:59d8,2
sdv-id-XiekVn,ACC_248,ENT_UK_009,2724.5602123142835,USD,2026-03-15 08:02:52,f807:cd98:9514:55a6:4181:95a8:bfa0:636a,1
sdv-id-UVhsKd,ACC_211,ENT_UK_017,517576.23470536806,USD,2026-01-05 12:22:36,df88:b493:a7cc:5664:a4fe:eaa8:28c9:7990,1
sdv-id-eBlxAG,ACC_271,ENT_UK_012,73857.86477324514,USD,2026-01-02 02:23:18,9e36:dd35:f7f9:899c:9564:29c1:a0ce:1e83,1
sdv-id-yacTSm,ACC_142,ENT_UK_016,36589.78883742874,USD,2026-03-25 10:40:44,8cc7:1072:ffbb:ef65:c33:7943:a5b5:3101,1
sdv-id-ypKgAq,ACC_155,ENT_UK_013,1394.216731082824,USD,2026-02-09 12:57:56,43e7:89b1:e44a:73f1:cd1a:c49c:e981:5fba,1
sdv-id-PKtfVp,ACC_242,ENT_UK_012,298292.7437766163,USD,2026-02-24 09:44:47,b1d6:3a83:9fdb:a915:f75e:98d6:bea6:9956,1
sdv-id-BYprKf,ACC_273,ENT_UK_015,27385.19341293886,USD,2026-02-14 02:53:00,48c2:52f0:faee:4bfc:5785:d98b:24ca:244b,1
sdv-id-ICXccN,ACC_176,ENT_UK_006,64894.96656031045,USD,2026-01-29 14:46:26,5f73:6204:8ff3:e340:39df:d1b9:c1d4:2ca3,1
sdv-id-yyKhRm,ACC_271,ENT_UK_012,232497.764180726,USD,2026-03-17 09:00:53,dcda:46d3:4ebf:7abe:7cc3:dc79:a939:4eb9,1
sdv-id-rhUvYv,ACC_155,ENT_UK_007,475675.2232301311,USD,2026-01-11 04:51:20,4afb:1cb2:4ca0:1872:9a02:e5a6:e007:b9c0,1
sdv-id-sxFuIn,ACC_256,ENT_UK_018,103360.58797649604,USD,2026-02-14 05:39:57,deec:84e2:6d79:727f:ea9c:8fee:9a7b:f505,1
sdv-id-FgmnOr,ACC_211,ENT_UK_001,11480.481560733895,USD,2026-04-01 11:23:07,b0ae:a21f:998e:2814:efbd:3140:457a:1d0a,1
sdv-id-UCvrAZ,ACC_107,ENT_UK_008,67882.70952001993,USD,2026-03-27 18:42:34,368:6c62:d3a0:8833:d543:60b2:7dfb:4ae3,1
sdv-id-AeJyOT,ACC_128,ENT_UK_012,24349.893940002996,USD,2026-01-31 09:47:27,7f8c:33c4:f1b4:df83:20d6:21bd:15fd:206b,1
sdv-id-wQEdUt,ACC_176,ENT_UK_019,840358.6578262916,USD,2026-02-14 17:21:26,44d2:ad31:c19b:931b:3290:2199:117d:5c29,2
sdv-id-rKZBAQ,ACC_256,ENT_UK_010,968607.9725867832,USD,2026-01-12 02:47:05,2b40:3090:298a:952b:1862:c0c2:35ac:adc5,1
sdv-id-wzPNJX,ACC_176,ENT_UK_011,22690.723813391327,USD,2026-01-21 14:06:06,cacb:5b3d:371:8a5e:bd19:8d04:9dc1:e3b6,1
sdv-id-lGbqOl,ACC_181,ENT_UK_004,34963.56398498,USD,2026-02-04 11:18:21,c1e5:e659:36ad:556f:8553:a268:163b:facb,1
sdv-id-ZGVTCg,ACC_123,ENT_UK_003,5084.260098558789,USD,2026-01-23 12:28:37,dd07:266f:7b54:bdb2:c1f:5191:c1bf:4ba4,1
sdv-id-fzMDRu,ACC_134,ENT_UK_002,28290.86294253148,USD,2026-02-13 19:14:40,798e:1505:3707:1d8a:32fc:e786:4f02:972e,1
sdv-id-flLkRW,ACC_181,ENT_UK_009,840038.9517668405,USD,2026-01-13 17:56:16,ded:6400:8c86:ad5d:3418:2d3d:5e86:ff63,2
sdv-id-XyqeFe,ACC_134,ENT_UK_016,27537.281082948564,USD,2026-01-21 08:58:30,ba9e:dfd7:9d13:4707:7024:314c:55f5:dfda,1
sdv-id-RHqRXg,ACC_176,ENT_UK_003,1676.6573449388015,USD,2026-03-02 03:07:16,d8c0:413b:a5df:8d4d:9b56:5316:1e99:8a56,1
sdv-id-ftdWOO,ACC_156,ENT_UK_015,543151.0623678766,USD,2026-02-02 05:09:04,1d1d:a1b8:6cf8:7fc8:60ad:a06e:654f:1534,2
sdv-id-JDBfks,ACC_176,ENT_UK_013,287169.74134676077,USD,2026-03-16 07:57:55,3b42:1eb6:33fe:ea02:b8c7:f5a6:6cce:a4fb,1
sdv-id-oddLzG,ACC_273,ENT_UK_012,101002.1870947417,USD,2026-01-15 07:19:41,534d:ca05:153b:5c94:8f2c:398:c98b:5d54,1
sdv-id-RswzfE,ACC_273,ENT_UK_016,1097.0835524217468,USD,2026-03-21 18:00:08,e145:f895:7b71:129d:abff:c814:7771:8dc3,1
sdv-id-OPKstU,ACC_211,ENT_UK_008,459960.4442738717,USD,2026-01-07 05:42:16,d0b3:3774:70f7:c1a9:dd48:ef4:18df:aebf,2
sdv-id-GVDYQF,ACC_248,ENT_UK_013,395292.48654618784,USD,2026-02-15 20:17:53,5d:9f7c:b498:e72c:d61b:4b56:8d5a:eedb,2
sdv-id-WICUqC,ACC_155,ENT_UK_012,14564.282629736195,USD,2026-01-26 07:08:14,cfb:2aeb:6993:3ba6:aa9f:27a4:bae3:64e4,1
sdv-id-FBlxKq,ACC_186,ENT_UK_018,1196934.3836646962,USD,2026-02-25 19:21:21,c680:4242:4403:d616:4d58:e8d3:418a:e7f2,1
sdv-id-WcGsmB,ACC_134,ENT_UK_019,15530.711936656293,USD,2026-03-23 01:51:33,3c6c:cc23:18a2:df24:ae7d:9e3b:4bce:c37,1
sdv-id-plvCJv,ACC_211,ENT_UK_005,326199.8786146859,USD,2026-01-23 00:48:02,66ba:18b0:58d7:22ae:7b61:b18c:cd7:de67,1
sdv-id-tKPGGc,ACC_142,ENT_UK_002,635024.6345656151,USD,2026-03-23 07:35:40,95a4:8d60:e7e9:6872:fe7a:9278:cf94:4f47,1
sdv-id-ivEIzY,ACC_225,ENT_UK_015,10708.636946612536,USD,2026-02-11 14:03:43,ebe9:380e:96d3:6933:44e0:3d9e:515c:eb4f,1
sdv-id-CSCTnQ,ACC_199,ENT_UK_016,45569.80705430019,USD,2026-03-31 02:20:18,7a1c:b464:bf2b:aaeb:f7a1:32d:c249:e06f,1
sdv-id-dczEqE,ACC_176,ENT_UK_012,115564.24947244769,USD,2026-03-28 06:28:12,53e6:411b:3e39:bd8:3977:f63:b2f:9736,1
sdv-id-JiNmnn,ACC_142,ENT_UK_017,1012.7584894507668,USD,2026-01-20 19:25:58,bd24:537a:d18:f679:cf9c:add7:3382:70cb,1
sdv-id-yZgBWF,ACC_248,ENT_UK_002,5857.384636947292,USD,2026-03-09 04:46:51,c8c3:8a75:e5e7:cb4b:5689:acc:c6e5:a488,1
sdv-id-daHZoP,ACC_142,ENT_UK_001,51545.87005501602,USD,2026-02-15 00:50:19,f3b8:54b6:1cc9:dfea:607b:276a:6cdc:d334,1
sdv-id-HuVtAM,ACC_156,ENT_UK_008,1320994.4424255951,USD,2026-03-30 16:45:48,42a3:fc1b:e471:7ba0:249:d7fd:87bd:2a8d,2
sdv-id-qSGrWA,ACC_107,ENT_UK_007,283044.89939661964,USD,2026-02-01 13:28:01,a725:661a:b0cf:9b12:3367:1684:fb96:23f7,1
sdv-id-KFxFgG,ACC_264,ENT_UK_014,74603.27437986601,USD,2026-03-27 16:04:48,dbfb:a5f5:74f1:197:f200:adc8:ac84:eaa0,1
sdv-id-pNmMxC,ACC_176,ENT_UK_019,216539.0372867823,USD,2026-01-14 13:13:00,721f:1b4b:6a44:f9eb:5baa:51bf:1fe:4e01,1
sdv-id-cTUEOy,ACC_271,ENT_UK_006,1087.304254660684,USD,2026-03-11 13:43:58,77c2:dd5d:2aaa:a7f6:2e21:bb8:5496:37b,1
sdv-id-rqEkZE,ACC_134,ENT_UK_007,4273.4401813407585,USD,2026-03-31 18:59:57,df83:94f1:fd2d:9768:bfb:7adc:134:5bd5,1
sdv-id-yagWif,ACC_181,ENT_UK_016,132765.7968659108,USD,2026-02-01 00:50:54,c10:c538:9283:76ed:becc:b002:7e0d:1aee,1
sdv-id-pOJhQD,ACC_176,ENT_UK_008,36611.62606114246,USD,2026-03-12 23:22:02,2223:de9d:313b:ea12:6d47:4a52:c08e:1d4e,1
sdv-id-QkDGvv,ACC_176,ENT_UK_017,299431.04663379135,USD,2026-01-03 12:47:10,dec6:c215:2ba7:9381:83f7:954f:5e:b9a1,1
sdv-id-cQlZop,ACC_256,ENT_UK_010,1237.454932040211,USD,2026-01-26 16:40:26,9a32:35ce:ad6e:3e16:25e:3f0f:59b5:b075,1
sdv-id-srCGCL,ACC_142,ENT_UK_007,1215.6382655116051,USD,2026-03-28 00:58:07,d9ce:f09d:a27a:7bdb:5703:c60e:eeea:8dc,1
sdv-id-SGqSpS,ACC_142,ENT_UK_007,1505937.5731146964,USD,2026-01-14 11:56:20,bcdf:a5b1:cd26:dd3d:51ea:1d0c:9549:69c6,2
sdv-id-AKuiSH,ACC_142,ENT_UK_019,55520.81367713468,USD,2026-03-20 20:17:56,7655:8078:543d:1a52:5288:68bd:962d:8960,1
sdv-id-lNWToH,ACC_299,ENT_UK_009,530697.6996252896,USD,2026-02-03 19:30:46,4e19:2b23:670e:183f:fb62:34cb:1e2a:b53b,1
sdv-id-eIcuxm,ACC_253,ENT_UK_004,615268.450832186,USD,2026-03-23 09:21:34,1771:b07e:ee31:a27:c373:3f2c:71ec:705c,2
sdv-id-ZhuwuT,ACC_142,ENT_UK_011,405611.1381698997,USD,2026-02-08 23:09:19,16ba:8bdf:b82:2d0:1691:ef1c:51ac:c579,1
sdv-id-fITQwY,ACC_176,ENT_UK_004,330918.4912215741,USD,2026-01-08 04:15:09,4d3f:16c8:7442:7f04:208b:ea28:51c3:6855,2
sdv-id-DylEoW,ACC_142,ENT_UK_005,72485.10276252132,USD,2026-01-22 00:22:21,eb0a:f185:8399:39d1:710b:32c8:6889:e580,1
sdv-id-frjery,ACC_211,ENT_UK_010,83318.22064241537,USD,2026-03-11 04:50:20,8f66:a3e:a7cf:5509:ae24:f32a:d13:9c,2
sdv-id-mOdLKi,ACC_273,ENT_UK_011,1108.1391231444104,USD,2026-03-21 12:35:18,a17a:39cc:3c9c:5c34:3e5b:761f:7f63:6a8f,1
sdv-id-ZXmabb,ACC_142,ENT_UK_009,31069.55313730984,USD,2026-03-11 07:24:35,c291:60c4:d397:eb0f:cc4a:45ea:cece:45e0,1
sdv-id-HSEXVW,ACC_176,ENT_UK_003,991.3466280437716,USD,2026-01-14 23:25:13,dafb:6e75:98f8:93b4:a92b:d027:4fa8:3abd,1
sdv-id-DIRHqD,ACC_196,ENT_UK_006,625105.3380625405,USD,2026-02-07 00:49:14,b930:8af7:30c3:eb89:f87a:fcb0:2b40:fc23,1
sdv-id-yJcxxa,ACC_273,ENT_UK_008,9892.654148022772,USD,2026-01-04 21:18:35,4653:d24f:d476:faed:d209:196e:d6a7:47c9,1
sdv-id-ekGojP,ACC_142,ENT_UK_002,8259.31987053332,USD,2026-03-16 16:46:22,1577:c3a6:46fa:1575:cad2:d601:c68e:805b,1
sdv-id-nJCguZ,ACC_107,ENT_UK_003,442284.3210858742,USD,2026-02-13 02:07:23,d6e7:81cb:3f64:b2cd:ea01:d389:db53:ea64,2
sdv-id-gRPrcg,ACC_142,ENT_UK_007,2512.346777810493,USD,2026-01-10 10:51:47,912d:b72e:68c7:64bf:5614:c89c:a1a:cc40,1
sdv-id-hIQFdy,ACC_186,ENT_UK_001,26632.973616554213,USD,2026-02-23 04:26:31,a3c4:3f2f:c94c:bb57:1180:c2f5:a48b:5c6,1
sdv-id-IXKBOa,ACC_134,ENT_UK_002,87921.71918927834,USD,2026-02-18 10:18:32,d9c3:3f04:4e43:2de3:7237:2f3f:bf2:5ae2,1
sdv-id-smeTch,ACC_142,ENT_UK_019,81039.22977978039,USD,2026-01-14 13:28:53,2930:76c:47d4:2f82:6095:7644:47d4:a63b,1
sdv-id-JkbOtL,ACC_176,ENT_UK_014,188970.44789819105,USD,2026-01-23 23:40:41,c749:7b94:14ca:d218:f04a:d988:e867:16b,1
sdv-id-djPxPn,ACC_176,ENT_UK_013,22444.41923042103,USD,2026-02-16 19:42:27,ae86:541a:5712:5a28:cdb2:d982:ea3:6242,1
sdv-id-lAJTEh,ACC_284,ENT_UK_002,261214.6730673124,USD,2026-01-18 05:20:12,13cc:8afe:37c9:3ef7:6559:2193:41b3:ef72,1
sdv-id-AyubmY,ACC_211,ENT_UK_019,10294.128869743792,USD,2026-02-11 19:04:08,3e71:787e:4bac:3ad5:23bb:a790:e460:efc8,1
sdv-id-iddBXw,ACC_142,ENT_UK_009,314459.87373135705,USD,2026-01-27 01:14:43,2e90:ec32:6d74:cd4f:bf5f:55c:3bdc:9ac0,2
sdv-id-FQEEzv,ACC_142,ENT_UK_004,199826.89050905855,USD,2026-01-01 09:00:24,f405:e305:2354:936c:abbd:32f2:8312:2e6f,1
sdv-id-xgsXIZ,ACC_176,ENT_UK_007,503932.5025861045,USD,2026-03-17 00:28:25,2f5a:5946:3bdc:21bf:f73e:5504:d941:df0c,1
sdv-id-aBFXbT,ACC_248,ENT_UK_018,593384.7744873427,USD,2026-03-20 10:46:32,3c70:a3f0:6093:84a:e2c:fbd2:62c3:2af1,2
sdv-id-Enxwnh,ACC_155,ENT_UK_010,361407.36981002433,USD,2026-03-08 17:49:03,d235:d694:e85d:937:899f:4c05:37fd:a9e9,1
sdv-id-XYwnig,ACC_293,ENT_UK_014,19244.50582550898,USD,2026-03-31 04:12:23,8d9:982b:162:e7ef:3830:14ea:221:a43f,1
sdv-id-ocKMuV,ACC_186,ENT_UK_011,32678.00667268953,USD,2026-01-09 15:45:18,b81b:6f97:8468:9abb:d8f1:277e:5554:d50d,1
sdv-id-WeSWKy,ACC_256,ENT_UK_008,16022.42414299761,USD,2026-02-05 17:23:27,aedf:9f9:a1f9:1bc4:4946:7910:eaec:b54f,1
sdv-id-gNPDsi,ACC_248,ENT_UK_009,95645.18895427504,USD,2026-04-01 19:01:55,feb7:a1ae:34d3:457c:8db5:4ed0:2319:578a,1
sdv-id-aRpeol,ACC_262,ENT_UK_008,12201.962029663784,USD,2026-02-25 23:10:46,2242:b303:5914:ee77:66cd:b208:d723:4e35,1
sdv-id-hSstRj,ACC_248,ENT_UK_001,11239.369461545908,USD,2026-03-18 03:50:03,ac3a:b605:42d2:d980:9692:bdf2:903c:3f80,1
sdv-id-qREEcL,ACC_271,ENT_UK_014,1171633.6510637004,USD,2026-03-20 08:10:59,f80b:f44d:278a:40ae:abfd:25a7:65b8:332,2
sdv-id-TGZYLr,ACC_264,ENT_UK_009,938.359518524938,USD,2026-02-11 00:49:36,9432:dfed:8f27:94ad:6f8c:52c2:409c:ebd2,1
sdv-id-cMluCu,ACC_284,ENT_UK_014,16661.308108970898,USD,2026-01-24 03:11:03,5d37:bd9b:72de:4e91:6d6b:eb7:41df:c54e,1
sdv-id-vIMFBL,ACC_242,ENT_UK_007,12511.154727342557,USD,2026-02-08 06:02:02,ea5e:67f:7d1f:af8:3def:a385:d76d:6668,1
sdv-id-VMwTQo,ACC_179,ENT_UK_018,1089.775950895875,USD,2026-01-16 20:52:32,ff63:44aa:c19d:a27f:a079:dfdb:236b:6d09,1
sdv-id-nsCxxd,ACC_176,ENT_UK_005,436311.73271210224,USD,2026-01-03 16:47:03,8a53:db2d:3bca:cef1:356d:d64b:e6c5:937f,1
sdv-id-KsGWAn,ACC_155,ENT_UK_018,1252.1059558063375,USD,2026-02-16 12:46:59,9efa:828f:eed3:74c7:e2da:608c:4f30:7297,1
sdv-id-jMRzrj,ACC_211,ENT_UK_007,734645.3552303808,USD,2026-01-12 10:38:34,1aca:d376:ef2b:3189:d39f:5f56:15fc:edb5,1
sdv-id-HHNFhO,ACC_176,ENT_UK_005,72405.09916335758,USD,2026-03-28 20:01:37,6e87:9e77:7c37:184b:16e9:b8d:e675:2b78,1
sdv-id-Fvtxvk,ACC_273,ENT_UK_015,405189.92930518655,USD,2026-03-05 12:03:53,dfdf:ebe7:121d:201d:3a80:94af:54fb:bd1,1
sdv-id-vWKRID,ACC_107,ENT_UK_013,227672.8893581205,USD,2026-01-03 05:06:09,edb6:d666:b5c2:f34e:7f58:5dce:7ea5:f199,1
sdv-id-xcdFob,ACC_155,ENT_UK_004,914.3274106911932,USD,2026-03-12 20:49:35,6562:f691:52b6:8b6b:572e:e27b:732a:6637,1
sdv-id-wRRYom,ACC_187,ENT_UK_014,22060.508856155066,USD,2026-03-08 01:53:47,f607:fca0:4a4:e43b:da1e:398:8543:6bf8,1
sdv-id-BiTqVO,ACC_249,ENT_UK_011,306833.43321607605,USD,2026-03-21 06:12:26,28ae:8707:9d31:7b79:6de5:6151:7dc9:5bcd,1
sdv-id-eFtecz,ACC_176,ENT_UK_016,3709.519929230114,USD,2026-02-21 06:11:25,877f:a295:915e:e37:817b:b989:a28:9d5a,1
sdv-id-XIFWhA,ACC_107,ENT_UK_008,440866.3590773317,USD,2026-03-11 02:54:17,e390:45d9:6a2d:3fcc:86e6:cedf:8c80:e022,1
sdv-id-CGxsQn,ACC_162,ENT_UK_002,1645.2849422980382,USD,2026-01-23 06:37:12,49b6:fba5:501c:6288:7827:7ce5:b9dc:d052,1
sdv-id-DgDKPg,ACC_211,ENT_UK_008,3460.294364882243,USD,2026-02-06 21:23:01,3fd5:3891:b0f:9cd0:cc7e:7e8e:c726:3bcf,1
sdv-id-zHYoFz,ACC_187,ENT_UK_002,1051722.2497086355,USD,2026-01-10 03:08:43,dee9:6b5d:21dc:876e:141f:7b53:3c9b:2b50,1
sdv-id-ZpbFBW,ACC_142,ENT_UK_004,47431.49589046061,USD,2026-03-26 07:37:46,7121:efc8:488f:6eff:e583:669e:1880:9227,1
sdv-id-vwIDSp,ACC_284,ENT_UK_014,3278.3809260340645,USD,2026-01-10 01:54:12,f941:19e0:99d3:497:66e6:65c1:594d:d529,1
sdv-id-fkstfr,ACC_155,ENT_UK_005,246327.2749308934,USD,2026-02-06 16:52:05,bd99:6e0:e1e9:6bac:69be:5ddd:5f91:c632,1
sdv-id-GTsBUc,ACC_100,ENT_UK_005,437364.2166615769,USD,2026-02-04 10:44:12,5a6e:9c34:32f8:701a:f695:670:fba8:95cf,1
sdv-id-wKrMXC,ACC_107,ENT_UK_011,5123.625252271797,USD,2026-01-04 13:27:37,15c7:a3aa:9b46:eeb2:ed67:d5b2:640e:49e3,1
sdv-id-fPNvbA,ACC_211,ENT_UK_019,109066.99080695644,USD,2026-01-23 03:03:47,a408:5874:6db:7291:ea94:1c8d:1a4c:7a54,1
sdv-id-dgrlju,ACC_170,ENT_UK_010,391560.3184205908,USD,2026-04-01 05:56:33,24d6:8bfa:3131:e201:799c:ee06:eac6:ab40,1
sdv-id-FgedTt,ACC_264,ENT_UK_011,239380.81507962057,USD,2026-01-09 06:19:44,cff7:8137:1f0d:7df6:70d:3cb5:d31a:5b7b,1
sdv-id-aVaJvf,ACC_107,ENT_UK_012,25812.854290155858,USD,2026-03-31 06:17:58,50a8:ccb:2e85:77a2:7874:ade6:fac0:228b,1
sdv-id-ICZuOk,ACC_142,ENT_UK_010,9634.119187077087,USD,2026-03-29 17:26:36,f1cb:aff0:1626:4f1f:c41f:5944:ee98:9f51,1
sdv-id-LtVQJy,ACC_171,ENT_UK_017,491775.4051954138,USD,2026-02-27 07:39:02,aed0:b43:85d9:c269:e99c:7898:61aa:afa4,1
sdv-id-dettpe,ACC_176,ENT_UK_018,1007.6331829607652,USD,2026-02-28 05:56:45,241b:764f:8840:9fc1:9ea4:23f0:52fc:efb9,1
sdv-id-ppVCxV,ACC_142,ENT_UK_015,555807.0139802295,USD,2026-03-14 17:36:19,a19a:b19:2640:169f:5380:a1d0:a1a2:b0e5,1
sdv-id-GFcRXF,ACC_176,ENT_UK_008,15463.729578357355,USD,2026-03-29 11:29:19,70de:aaaa:9644:1b16:774d:98ef:67ee:54da,1
sdv-id-xwvUgf,ACC_187,ENT_UK_008,66233.11300862745,USD,2026-04-01 16:13:39,2592:e4f0:c01:b629:db22:b177:3f99:61ec,2
sdv-id-pAFrqr,ACC_184,ENT_UK_014,85395.00825419478,USD,2026-01-04 02:36:25,40e4:4bfa:73a4:96f9:f35b:3473:e6e0:b55f,2
sdv-id-BbIRnZ,ACC_253,ENT_UK_017,18060.346177097446,USD,2026-03-10 00:59:33,c77a:3f41:138:8023:506:37f9:fa51:a461,1
sdv-id-LYiQmk,ACC_100,ENT_UK_008,311463.56245373015,USD,2026-03-29 19:38:48,58d4:98d9:8db:360e:64de:4e18:af22:f01d,1
sdv-id-BteVmF,ACC_189,ENT_UK_011,165437.96203791068,USD,2026-03-08 22:09:37,ac8a:38b0:9159:f15a:a532:6c40:ed49:a74c,1
sdv-id-RQCqlF,ACC_156,ENT_UK_002,1383956.2630251262,USD,2026-03-20 01:00:36,afbc:284a:2a91:5aa:511e:4883:59cb:3811,1
sdv-id-EKccMR,ACC_155,ENT_UK_003,43670.45786485844,USD,2026-01-11 04:31:30,99d6:6352:73a5:5327:ec27:bd62:e53d:85fa,1
sdv-id-LaVFoJ,ACC_100,ENT_UK_010,354863.2301998593,USD,2026-03-02 08:26:40,76ac:9709:a213:c8e8:f248:9a06:a759:77e8,1
sdv-id-PXwJeG,ACC_142,ENT_UK_007,30135.14773033191,USD,2026-01-08 04:15:31,3e49:17c:e6c8:7ac0:9392:d0e8:171e:ae88,1
sdv-id-vSEveB,ACC_211,ENT_UK_002,9296.997120876034,USD,2026-02-01 03:25:44,aa8f:7494:5d55:de86:5144:efc8:f50b:81af,1
sdv-id-upvViN,ACC_181,ENT_UK_018,126466.49383529829,USD,2026-02-04 08:16:25,1d13:f081:c81c:5879:c064:fd15:8b85:6926,1
sdv-id-JpSsHp,ACC_243,ENT_UK_001,22922.86009382532,USD,2026-03-09 05:37:16,7952:994f:7146:dc38:daba:a2e5:542a:c5a,1
sdv-id-chjGEq,ACC_142,ENT_UK_017,919.502824199684,USD,2026-03-18 22:34:53,dacd:5cde:6309:3e10:9520:7999:adb0:a7b,1
sdv-id-BgheJt,ACC_142,ENT_UK_003,158049.32030265895,USD,2026-02-13 04:27:39,3a58:d943:98bb:8657:4398:eff7:3cb1:186a,1
sdv-id-VDkfGL,ACC_146,ENT_UK_004,1057.5549635149696,USD,2026-02-23 21:05:10,5f54:1433:ef47:936f:538e:500:2863:34,1
sdv-id-DNDQYk,ACC_107,ENT_UK_005,103754.6308219048,USD,2026-03-08 18:22:36,5d4d:d73d:720b:2b80:c000:d679:613e:b4e1,1
sdv-id-wzWKpr,ACC_211,ENT_UK_015,300736.45362775587,USD,2026-01-31 15:33:31,1865:1f10:c98b:2f0a:93b9:362d:15b7:79da,1
sdv-id-QbfaOH,ACC_271,ENT_UK_003,47094.703305851544,USD,2026-01-20 22:25:35,c0d3:c0c9:5642:3d1b:e0e:b0d:a599:ee88,1
sdv-id-ZFLTym,ACC_187,ENT_UK_014,1563363.0011009048,USD,2026-01-06 07:36:30,ab96:3da2:f27d:651e:d23c:efc9:8687:d51e,1
sdv-id-XnfaqZ,ACC_273,ENT_UK_015,7268.973034140179,USD,2026-02-07 03:19:28,ece5:9f88:7564:c02e:9809:34bf:b249:2435,1
sdv-id-nwzVpK,ACC_104,ENT_UK_004,130920.50676955654,USD,2026-01-11 16:42:37,1b57:9df2:5ead:5bb7:c19b:e07a:a59a:1c1a,1
sdv-id-HwFPTZ,ACC_253,ENT_UK_017,91773.11550552383,USD,2026-01-09 19:15:10,72bd:4559:5338:5889:58ab:31f4:21ee:8d33,1
sdv-id-KUeKXy,ACC_273,ENT_UK_006,455501.9427673432,USD,2026-03-06 09:56:21,b2c6:792:11e3:94a4:b270:f1ca:33e4:e238,1
sdv-id-tECLtt,ACC_264,ENT_UK_008,90415.42274359729,USD,2026-02-20 11:13:26,4684:4646:8e2:ca82:4ff7:c5cf:b63b:661a,1
sdv-id-pVffKH,ACC_164,ENT_UK_009,956438.856234476,USD,2026-01-28 16:36:00,655d:a3fc:79e2:7790:4c12:4e6:2b0c:c753,2
sdv-id-kvqfeQ,ACC_294,ENT_UK_009,208542.78291116585,USD,2026-02-27 00:20:46,5237:f2d3:7831:f709:837a:5f13:3575:5b3e,2
sdv-id-FymDCX,ACC_273,ENT_UK_015,70986.71905084893,USD,2026-01-20 16:35:15,3a8d:7519:d50:9953:5dc7:d9be:164f:342c,1
sdv-id-ZrSWmY,ACC_146,ENT_UK_004,7261.018658831271,USD,2026-02-04 11:58:29,e80f:5fb7:bc10:abac:68ed:df40:7f4b:2aaf,1
sdv-id-EHpDUG,ACC_199,ENT_UK_004,54087.19718505068,USD,2026-03-27 18:50:17,fc75:8d26:2f1a:c556:690e:bee3:a6f1:a645,1
sdv-id-TWeARu,ACC_234,ENT_UK_014,43578.981984453,USD,2026-03-26 05:48:20,74b7:f4ce:236e:424f:3b3:993e:94fc:ff09,1
sdv-id-jELetr,ACC_107,ENT_UK_008,27466.97015427215,USD,2026-02-22 20:32:21,b463:62b6:f72c:b2f0:fd44:4e4b:ac17:b8da,1
sdv-id-oUsljV,ACC_142,ENT_UK_002,700200.2988059764,USD,2026-02-25 08:40:31,7a5e:e594:5f29:6ba8:ccc4:5c5c:74a1:4f50,1
sdv-id-ofaEWJ,ACC_176,ENT_UK_004,24344.276786097336,USD,2026-03-12 16:14:36,ef23:baad:302:dbb2:a85d:d39a:6eaa:ee76,1
sdv-id-dzhslX,ACC_271,ENT_UK_018,655778.8818122859,USD,2026-01-02 03:15:03,e8e9:3196:7717:1c07:172f:3aef:6a0f:e8ce,1
sdv-id-GIXYvY,ACC_264,ENT_UK_005,236725.722503923,USD,2026-02-06 19:03:59,9d73:5f41:dc20:a681:2ea6:f6b4:566b:2d0f,1
sdv-id-nEFKUH,ACC_248,ENT_UK_007,1536.6406484257034,USD,2026-02-08 00:30:01,5f3a:13b2:81bd:6daf:2092:4ee7:436f:592,1
sdv-id-ceSpKd,ACC_176,ENT_UK_005,49036.00851461831,USD,2026-03-22 08:52:19,6eed:b9a8:6e00:b674:6809:445a:7e61:741,1
sdv-id-amjRte,ACC_181,ENT_UK_002,10621.005703207884,USD,2026-02-27 17:05:54,9510:c3d9:f74c:13ba:21e6:8019:afc5:d7d1,1
sdv-id-OJUViB,ACC_273,ENT_UK_006,1498.574616882164,USD,2026-04-01 11:43:49,9a93:58c2:1464:ae74:f2e2:7188:788b:c2c4,1
sdv-id-BZIDGK,ACC_196,ENT_UK_018,728763.0152797037,USD,2026-02-26 08:31:03,c058:e94a:119a:2bb0:f342:ee6b:767f:1bf8,1
sdv-id-ZlcOiz,ACC_234,ENT_UK_002,797501.7242174726,USD,2026-02-13 00:28:48,ad85:92ec:f3bf:b244:b537:41f9:11bf:a9d7,1
sdv-id-CqmKLC,ACC_196,ENT_UK_003,306051.38585588086,USD,2026-01-30 20:45:17,9011:35af:a398:7cd2:8ac3:598d:7a47:affd,1
sdv-id-TtkFPR,ACC_142,ENT_UK_001,463532.59149834776,USD,2026-02-05 18:26:37,6faa:c531:2920:fc44:cf57:8f77:8a0a:1dee,1
sdv-id-rmDraa,ACC_181,ENT_UK_004,409980.94185057504,USD,2026-01-31 06:13:12,b2e4:981d:4f85:4761:1882:11be:8568:259a,1
sdv-id-exRaCO,ACC_142,ENT_UK_004,1006.1219580847832,USD,2026-03-26 15:00:03,4236:412a:7af6:7be0:4a68:7862:4056:e3e8,1
sdv-id-vNGTSQ,ACC_176,ENT_UK_005,10321.689982910606,USD,2026-02-10 19:17:42,997a:5bb6:97c5:53d9:af9f:4393:da33:3daf,1
sdv-id-KMJDHU,ACC_264,ENT_UK_006,747984.5687045186,USD,2026-02-08 11:22:53,a5fa:14ee:39e0:fd35:d29:edab:9ab1:af6b,1
sdv-id-lOxqhO,ACC_273,ENT_UK_004,935.641449857756,USD,2026-02-20 22:14:14,700c:e296:37d7:3d65:ee0b:dba8:c0c0:23f4,1
sdv-id-HpWQLl,ACC_146,ENT_UK_008,9183.659787482511,USD,2026-03-21 11:42:00,617f:3706:8ec3:d6f4:823:a3fb:9fe8:5577,1
sdv-id-LcoCBP,ACC_107,ENT_UK_012,2636.819811092785,USD,2026-01-07 09:28:11,7a80:a449:d69:c508:585:e936:1a27:b457,1
sdv-id-EOhehk,ACC_142,ENT_UK_008,1037.928430046249,USD,2026-01-20 22:03:54,7896:af61:a562:4ece:b0cb:dc6a:fb5a:9ae1,1
sdv-id-ysdrrN,ACC_134,ENT_UK_012,71913.75463870456,USD,2026-02-10 10:43:02,920e:1ffe:cd17:2887:ad09:7a4b:486a:9700,1
sdv-id-DTYWFj,ACC_221,ENT_UK_019,1128.0622906798062,USD,2026-01-02 08:41:19,347:77d4:e3b5:c69d:4df:f02b:8cbc:eaf9,1
sdv-id-hjBpzO,ACC_176,ENT_UK_017,3881.063578677378,USD,2026-02-20 07:17:37,c2d4:aa99:c7cc:92f:cffd:c7d:7dac:b0dd,1
sdv-id-zySYiV,ACC_107,ENT_UK_014,225414.25802831567,USD,2026-01-05 22:51:02,66aa:266a:fff9:198b:8125:509b:bdf4:a930,1
sdv-id-VnbMbW,ACC_273,ENT_UK_009,1147.389161696679,USD,2026-01-16 15:53:05,39fc:cc8f:f78b:2713:588:2506:41dd:6629,1
sdv-id-VfussM,ACC_134,ENT_UK_011,8627.03793845679,USD,2026-02-15 03:25:59,64d7:9f7d:c0e2:3636:bcb3:b92f:b5d4:26f,1
sdv-id-uhrBTg,ACC_176,ENT_UK_005,4498.621335699935,USD,2026-04-01 07:16:33,7863:51b:a80f:858c:c588:27cc:3fe9:a285,1
sdv-id-KvepEa,ACC_142,ENT_UK_006,7957.385831188878,USD,2026-03-27 17:49:00,1bad:cf03:89be:2e65:bd97:e552:bbcb:62cf,1
sdv-id-cErGKW,ACC_142,ENT_UK_009,273723.44170282374,USD,2026-03-31 12:49:18,469:db11:d2e:463e:78e2:257b:3271:f91c,1
sdv-id-sNeyQK,ACC_176,ENT_UK_006,29603.410782019553,USD,2026-02-03 09:59:31,2d91:e352:9ab2:7b84:5871:ad90:a530:bc5a,1
sdv-id-ZWXNuL,ACC_107,ENT_UK_005,8671.426269128056,USD,2026-01-24 07:21:39,b637:a840:3cf5:d713:c89f:b553:7934:c7d5,1
sdv-id-ysnqtJ,ACC_264,ENT_UK_003,299275.48682422534,USD,2026-01-17 09:41:04,be9d:11a7:cc07:5d37:db62:fdb0:9a05:304a,1
sdv-id-TUQgTB,ACC_171,ENT_UK_016,4692.020381547107,USD,2026-03-27 02:39:33,5067:e34e:3a93:4649:d45f:ce7:86d7:8957,1
sdv-id-WAKLKe,ACC_142,ENT_UK_014,1112128.2636891692,USD,2026-01-05 04:20:24,db6d:c203:ccf8:6154:da13:6844:29ea:74e1,1
sdv-id-EYihty,ACC_271,ENT_UK_005,173897.3292440832,USD,2026-03-09 16:02:55,c51f:df70:63ee:ba7b:66c:f580:fe6a:fc6d,1
sdv-id-DaoHyE,ACC_256,ENT_UK_004,249683.36656934928,USD,2026-03-20 14:44:01,6613:9e8f:46b4:c547:f499:eada:56f9:8aa1,2
sdv-id-aXUYmq,ACC_155,ENT_UK_017,3151.39456113161,USD,2026-01-24 20:54:57,41ca:2874:80cf:f68:1806:6fa4:e4d8:26a6,1
sdv-id-FonZog,ACC_196,ENT_UK_007,85586.05580687718,USD,2026-02-23 02:18:08,6412:e8e6:dcd3:3ff0:4eb:cc33:3980:e2d0,1
sdv-id-TbdbTM,ACC_170,ENT_UK_002,30599.143357505385,USD,2026-03-16 13:49:24,67d0:f9b0:f9eb:7ea2:e4d4:cec:3cf2:b2db,1
sdv-id-DHNUxy,ACC_256,ENT_UK_018,9246.172275808098,USD,2026-02-07 15:06:02,99fb:3bc7:85c7:89b8:e3b1:c822:3b01:5380,1
sdv-id-fDjNJO,ACC_256,ENT_UK_012,6724.050477445331,USD,2026-03-21 00:23:38,e6c4:e70:733e:fcb7:6826:9c53:f7c8:e4c2,1
sdv-id-ZzhHnV,ACC_134,ENT_UK_006,2890.924662253934,USD,2026-02-14 07:09:59,8263:cfd3:8e53:20aa:1e33:6e24:e114:606a,1
sdv-id-nFYKmn,ACC_273,ENT_UK_009,16915.541118213947,USD,2026-01-08 22:37:05,80c8:7a43:c71:629e:fa4e:bf17:f4d8:cb3e,1
sdv-id-xqWwhR,ACC_273,ENT_UK_018,16456.23992477267,USD,2026-02-21 09:52:23,184c:eb68:7fd3:59a5:625a:2a14:5656:938,1
sdv-id-mvvluV,ACC_142,ENT_UK_018,3931.222152901721,USD,2026-04-01 04:57:56,98e2:40b1:99bb:c5dc:1f5d:20e0:ad3e:8c5a,1
sdv-id-tzdtci,ACC_181,ENT_UK_013,123348.14727496653,USD,2026-01-23 16:25:46,cda:94b4:1a84:4a82:e444:91e3:7d9e:ded2,1
sdv-id-LXkZwE,ACC_211,ENT_UK_016,92414.21860740829,USD,2026-03-12 11:20:50,f8de:95c4:dba4:794b:853a:6a0:d81d:8c4d,1
sdv-id-RvGrxv,ACC_187,ENT_UK_012,365991.0071608392,USD,2026-03-16 13:07:07,daf0:d5af:662b:7488:72fb:de39:363d:4d03,2
sdv-id-JxAuBk,ACC_155,ENT_UK_014,2197.917207364466,USD,2026-01-07 15:09:23,e60:c48a:a55d:8478:14f5:8916:91a3:57d9,1
sdv-id-SKdNDD,ACC_134,ENT_UK_003,145365.80319656435,USD,2026-03-24 10:01:28,8b5b:50e8:9c89:54f:4f42:c40c:e379:b50b,1
sdv-id-GArFNZ,ACC_186,ENT_UK_009,10296.891643193449,USD,2026-03-17 20:07:16,1164:5825:a52a:8b3:6859:b7da:8e0f:a8c,1
sdv-id-hvJZhx,ACC_155,ENT_UK_010,1363.8256665248755,USD,2026-01-03 04:38:16,c8a:2ad8:a42f:ffb6:1bf5:c09a:97cf:5340,1
sdv-id-vPDodq,ACC_134,ENT_UK_004,31440.430535659856,USD,2026-01-09 13:52:29,8766:c990:3051:73cc:3171:77b9:b53f:bc96,1
sdv-id-OajeFE,ACC_243,ENT_UK_002,539762.5454197599,USD,2026-02-25 06:54:58,c916:ae57:413b:ea13:d2a7:8e7c:14e:616,1
sdv-id-PdPmOK,ACC_253,ENT_UK_017,124487.91671787215,USD,2026-01-10 04:22:59,5521:b1b6:cff9:8cde:cf10:e2e:309e:ded8,1
sdv-id-cWlszL,ACC_299,ENT_UK_010,28615.96694828217,USD,2026-02-16 22:52:13,f82a:cca5:cfb6:2cad:f11d:4c12:d0de:9cfb,1
sdv-id-mopGBP,ACC_187,ENT_UK_006,97507.7161332742,USD,2026-03-05 00:37:02,2ceb:a036:d020:9f8c:ac87:e85b:502d:602b,1
sdv-id-UCZwVu,ACC_142,ENT_UK_009,169644.66181788643,USD,2026-02-05 17:30:25,4f54:e3fb:7efa:3e2c:5b10:d474:55a6:f69,1
sdv-id-YaVbgw,ACC_107,ENT_UK_003,71592.1888423006,USD,2026-02-11 06:54:38,534f:1592:b5aa:bc03:39aa:d544:7801:2f02,2
sdv-id-oddZhf,ACC_146,ENT_UK_017,28811.91140338457,USD,2026-01-16 03:14:35,91b2:b665:c6bb:b029:54c2:17c6:615c:4934,1
sdv-id-RUKNtH,ACC_176,ENT_UK_008,312130.1483308438,USD,2026-02-05 13:43:31,66b4:74c1:3b19:9d6a:aab6:29b4:affa:58e7,2
sdv-id-cGYMBr,ACC_256,ENT_UK_001,1918456.6024146408,USD,2026-02-21 23:51:20,4997:5a1b:d287:d197:95de:6182:da56:6bb8,1
sdv-id-amCMfL,ACC_107,ENT_UK_018,31639.85935458165,USD,2026-02-02 15:35:19,dedb:2e77:23e5:7f2c:7d8c:2f35:702d:6c63,1
sdv-id-cVqSsa,ACC_181,ENT_UK_014,12617.067364263474,USD,2026-02-09 19:24:29,5326:bce2:b8f1:86c4:8666:e3aa:7ece:1725,1
sdv-id-GzQPwe,ACC_107,ENT_UK_006,174970.16062562892,USD,2026-01-04 19:08:15,8c4f:bd8e:26be:1396:8a20:9ee8:d982:a661,1
sdv-id-pZDAlP,ACC_142,ENT_UK_010,12241.12147800646,USD,2026-01-24 17:17:42,6e8e:3c30:5d0:d2c3:73a5:28fa:c14a:da5a,1
sdv-id-TePixC,ACC_211,ENT_UK_010,565445.8657179831,USD,2026-01-25 07:45:43,4f71:2069:5d5d:c25:22a7:b7b4:85a8:af3b,1
sdv-id-pXqBSQ,ACC_299,ENT_UK_010,89163.88794958517,USD,2026-02-08 15:27:52,4543:c3ac:f675:e71d:ada6:e84c:684b:27c5,1
sdv-id-GxRCUL,ACC_155,ENT_UK_002,174525.5649121884,USD,2026-02-14 00:59:52,9383:879b:7cd4:1a7b:3acb:9b18:47cd:e08a,1
sdv-id-BxZiPV,ACC_186,ENT_UK_009,33999.743432723444,USD,2026-01-04 23:27:56,e8d0:8dbf:2c82:6253:2f2b:ddc0:443b:ee30,1
sdv-id-dmCEBB,ACC_171,ENT_UK_007,323036.69773908885,USD,2026-01-13 04:08:55,d1d6:d754:19e4:49d:6861:fe9a:e4cd:4563,1
sdv-id-aGJdoO,ACC_142,ENT_UK_005,1655.2766491795153,USD,2026-03-08 00:43:55,792a:ed13:4d08:8ef1:26d7:1d21:4cc1:76ec,1
sdv-id-kfCVSM,ACC_211,ENT_UK_019,12813.786077164135,USD,2026-02-28 03:53:54,ea60:bae:91c2:2db4:469c:be1f:6603:b11b,1
sdv-id-dNLpal,ACC_142,ENT_UK_015,101709.2489701931,USD,2026-02-26 23:13:13,19f2:ad11:393d:111a:7130:7b1f:d3d9:8f3d,1
sdv-id-AsfQkY,ACC_176,ENT_UK_013,6943.400132007796,USD,2026-02-15 11:10:28,60ca:ce32:4d71:699a:ce7c:d552:3be8:93e5,1
sdv-id-byOUes,ACC_196,ENT_UK_013,269834.1757191361,USD,2026-01-07 16:50:47,a418:5694:d0e0:9ab9:42fd:661:3d5f:aacc,1
sdv-id-YYNKQe,ACC_176,ENT_UK_014,211247.7339495103,USD,2026-03-26 00:32:52,42f5:f866:c2bf:fbf9:1cd6:bba0:34a9:5791,1
sdv-id-JOhHSR,ACC_146,ENT_UK_007,24699.72754097703,USD,2026-01-13 23:43:36,e175:1980:bbae:b391:3351:f093:a7de:9d9,1
sdv-id-HILKiz,ACC_211,ENT_UK_016,63142.75994576143,USD,2026-01-17 16:51:37,40a1:6cfc:206a:4b08:982e:f80a:fdd9:c2dc,1
sdv-id-rvOQKf,ACC_107,ENT_UK_017,462768.2129243184,USD,2026-01-06 16:16:43,1fb5:dcc8:637:60a0:7b40:eb33:575f:fe0d,2
sdv-id-JEjtyo,ACC_176,ENT_UK_008,185029.09183048687,USD,2026-03-07 19:50:18,7675:60b2:a773:913b:7c72:cfe9:87e7:d254,1
sdv-id-NnMNtR,ACC_142,ENT_UK_005,3868.28997282175,USD,2026-03-30 14:13:24,fe89:2bc5:9002:c91c:3cb1:4905:17d1:db18,1
sdv-id-cEZDIM,ACC_162,ENT_UK_008,1096.760955057365,USD,2026-02-02 00:03:11,bb97:781:4930:52f5:75b3:9447:b5e6:363f,1
sdv-id-btUoLF,ACC_156,ENT_UK_009,1693.2583586623814,USD,2026-02-28 15:37:06,3d7:6cc4:b101:7cfa:27a6:1350:4136:d924,1
sdv-id-pkkZbw,ACC_142,ENT_UK_017,512631.1666665699,USD,2026-01-13 01:55:25,8e61:37a1:b83d:6587:c9b7:a7c6:ff92:58cb,2
sdv-id-fWSBBj,ACC_196,ENT_UK_013,245499.37447825287,USD,2026-02-24 09:49:57,6562:6b45:ac0f:5e36:2e7:13bd:1617:4e0e,2
sdv-id-BqqNbi,ACC_176,ENT_UK_018,23569.46009279853,USD,2026-02-26 23:40:54,ff09:ab61:ce6b:dde8:464f:f779:415a:f464,1
sdv-id-DTbVVc,ACC_256,ENT_UK_012,47058.69700012344,USD,2026-01-04 12:05:54,ef2a:a78d:5763:9c70:3a0d:2e42:f06e:4154,1
sdv-id-WDIeot,ACC_164,ENT_UK_006,781426.4628096945,USD,2026-03-02 19:53:04,56e1:6148:105b:f115:f05f:a1d8:ed9d:87d6,2
sdv-id-piEIMJ,ACC_146,ENT_UK_004,253569.061317306,USD,2026-01-01 07:56:46,4437:82b7:53de:b927:dcdf:70dc:3ada:da7d,1
sdv-id-iNLeuO,ACC_107,ENT_UK_018,264808.8695931155,USD,2026-03-31 19:40:43,9665:8951:2e85:a9aa:1bea:dad9:7e0f:ad34,1
sdv-id-CJUTON,ACC_146,ENT_UK_009,134243.57521234296,USD,2026-03-05 10:42:20,10ae:f87c:f651:7aae:491e:4e40:8b4b:d2a5,1
sdv-id-ssxnMY,ACC_142,ENT_UK_008,164122.77633083714,USD,2026-03-18 06:50:32,d49f:5e86:c98:41a6:1e36:1152:d809:3916,1
sdv-id-QhJVxH,ACC_142,ENT_UK_004,9533.44081880651,USD,2026-02-05 00:06:41,1dd2:2a4e:243:ea49:75b5:4860:9383:eee,1
sdv-id-mhCXrM,ACC_134,ENT_UK_005,91252.93554650036,USD,2026-02-02 16:39:29,7a81:1afc:9cd8:bbb4:15f2:ee0e:a27f:d29c,2
sdv-id-CFABlc,ACC_107,ENT_UK_010,204669.0625860802,USD,2026-01-30 18:43:32,8862:97b0:1ea6:209c:c533:9b0c:a672:f351,1
sdv-id-xzLTcr,ACC_225,ENT_UK_016,779757.8927319812,USD,2026-01-31 17:20:37,8666:2869:6eea:12d8:65ca:4325:8ec1:7aec,1
sdv-id-wkprIo,ACC_142,ENT_UK_006,104862.74081709028,USD,2026-03-07 05:12:51,2b2f:6df7:f57:af5:3c4d:d909:a491:8914,1
sdv-id-BxSonU,ACC_187,ENT_UK_013,152358.6910104789,USD,2026-02-26 04:14:29,e902:30b8:facb:968e:8640:bbdb:b8a8:7be,1
sdv-id-IlDZdU,ACC_176,ENT_UK_015,37368.186784204576,USD,2026-03-02 20:58:05,a590:fd34:8bc1:fd22:b0c9:aa70:45e4:27df,1
sdv-id-JKFWuU,ACC_196,ENT_UK_007,1139287.1225291786,USD,2026-01-09 06:44:09,982e:1449:1707:af1a:cf83:1767:32fe:5f57,1
sdv-id-MXdPNy,ACC_229,ENT_UK_013,1493.4395969062,USD,2026-01-01 01:47:27,ae74:ef13:4521:39e8:6ea:ffda:b93d:7e44,2
sdv-id-QZBfWb,ACC_142,ENT_UK_016,31724.794756410654,USD,2026-03-14 01:24:12,d6e7:1d83:ca0e:4f3e:21b4:3a1f:1e0f:de2d,1
sdv-id-hbvuWN,ACC_107,ENT_UK_016,44012.637878254194,USD,2026-01-07 02:23:13,9cf7:366e:2088:f925:b8b1:2ef:10b8:a365,1
sdv-id-qkyrSU,ACC_176,ENT_UK_002,378119.3418525787,USD,2026-01-08 09:29:59,5923:c19e:48ff:de5b:6588:97f:8c5b:1867,1
sdv-id-mTVJeO,ACC_273,ENT_UK_004,1091.1616598867065,USD,2026-03-15 10:09:36,46c3:2cf0:150f:af31:d74e:666f:d484:f9b1,1
sdv-id-AuFRVv,ACC_242,ENT_UK_018,10510.930773804695,USD,2026-01-20 01:47:53,a815:68f8:79a0:f01c:9703:a657:6bf2:e4c2,1
sdv-id-VCYsag,ACC_155,ENT_UK_008,18634.33488626904,USD,2026-03-14 16:26:32,c78:adc5:672f:1e81:59eb:c663:ec87:f9b8,1
sdv-id-PgABQW,ACC_156,ENT_UK_003,177480.16464179024,USD,2026-01-20 00:57:37,9333:79d9:c9e8:99:9891:11b5:262e:90fc,1
sdv-id-kMIYrz,ACC_242,ENT_UK_018,1027156.4184289932,USD,2026-02-01 02:58:31,d19e:fea:e58e:72c9:bd85:d4ec:f9af:24b8,1
sdv-id-OhHVTX,ACC_164,ENT_UK_010,1690.6898979911973,USD,2026-03-29 11:21:30,5208:cb81:eec5:118f:cfbe:a43f:47c7:8bdb,1
sdv-id-GCLKuO,ACC_142,ENT_UK_017,247161.81644430483,USD,2026-02-11 23:02:49,8160:dc2d:4daf:4ffd:cce7:a8a6:178a:e564,2
sdv-id-bOTNxo,ACC_142,ENT_UK_003,153879.6741045431,USD,2026-02-11 15:32:45,6c63:f982:4d23:e439:2efc:725d:90af:d458,1
sdv-id-bCoTQj,ACC_247,ENT_UK_009,71330.95462265413,USD,2026-02-12 14:43:06,5c0c:aef1:3a82:aed2:8112:f52f:868f:5d0b,1
sdv-id-ozlBeB,ACC_293,ENT_UK_008,87233.92281835244,USD,2026-02-13 22:46:09,c2c6:f9a4:1194:6ac1:629b:6897:cc74:f8ec,1
sdv-id-dTXxAn,ACC_284,ENT_UK_007,390335.4826000104,USD,2026-01-06 03:09:07,c692:6342:8e98:8488:bd05:4069:c5ec:9f93,1
sdv-id-etTaFg,ACC_176,ENT_UK_013,51495.65903321328,USD,2026-01-16 15:14:42,2ce3:372a:bff1:d4bc:c1aa:f357:a385:89f4,1
sdv-id-cPWWis,ACC_248,ENT_UK_010,15322.981114372218,USD,2026-03-13 10:19:47,2030:7b5e:b44a:f665:c0d5:33d9:b02f:35bf,1
sdv-id-yoTPKS,ACC_142,ENT_UK_003,986.024698743162,USD,2026-02-16 17:02:40,6bd6:f416:b705:7514:7da2:2278:e003:15f4,1
sdv-id-JsgYEk,ACC_221,ENT_UK_008,264665.52537004126,USD,2026-01-25 21:07:12,d153:cee8:b0b7:67a5:19e6:2255:1441:4611,1
sdv-id-IepakX,ACC_293,ENT_UK_019,1841.1578527513648,USD,2026-04-01 14:55:31,7fde:a59c:fc57:7aaa:5f3f:c77e:655e:50fd,1
sdv-id-fNipmL,ACC_176,ENT_UK_002,705946.6168763421,USD,2026-01-29 04:35:46,74:4eec:71ed:ece3:4db6:694d:1d94:76fe,1
sdv-id-rpNqvn,ACC_134,ENT_UK_011,27832.873128892057,USD,2026-01-24 00:05:13,a261:7e59:1aaa:e956:3d80:1f1b:3cd1:6fd2,1
sdv-id-rwLWHF,ACC_142,ENT_UK_007,16756.451799232524,USD,2026-03-19 12:25:15,a3ca:2154:ba71:a04a:7d05:5dd7:b3b6:f8b,1
sdv-id-RGrXqg,ACC_294,ENT_UK_013,950.2498120879892,USD,2026-01-09 23:56:12,fb57:8e8:2c79:7dbb:1148:d3eb:40ec:13f9,2
sdv-id-tQADMr,ACC_253,ENT_UK_005,627450.957502368,USD,2026-03-16 00:45:29,95d6:9927:c35d:fcba:d15:5c90:9a0f:ea2b,2
sdv-id-fnzxaw,ACC_107,ENT_UK_004,286252.25339033466,USD,2026-02-07 09:43:49,7e79:88e3:7dbc:b4e1:f99b:9f15:2d61:cbc9,1
sdv-id-SPDMcw,ACC_146,ENT_UK_004,49959.02276498665,USD,2026-01-21 09:36:11,dec9:e5ea:117:fa45:268:3f68:60e2:5ece,1
sdv-id-FJCDSb,ACC_142,ENT_UK_008,535196.5721538002,USD,2026-01-23 01:50:04,80b5:45a3:45d4:b42c:65e6:48f4:519c:73ea,1
sdv-id-Yzzfpf,ACC_256,ENT_UK_018,348537.22227181593,USD,2026-02-07 16:43:08,55a:e98e:933e:a55a:d3fa:607d:e335:8ef4,2
sdv-id-kzkSme,ACC_100,ENT_UK_018,755682.9932676904,USD,2026-03-13 15:48:30,6da6:abcc:716f:c071:4154:9766:fbb8:fcd1,1
sdv-id-OCzUca,ACC_107,ENT_UK_013,1137.884097444048,USD,2026-03-23 11:46:08,40a8:26e9:8093:9a62:e167:642b:35fb:8359,1
sdv-id-hILIVE,ACC_271,ENT_UK_008,410452.73308684095,USD,2026-03-22 17:00:06,1c88:4cd5:5f1f:7b2b:f5f3:4614:5444:574a,2
sdv-id-gWlboL,ACC_264,ENT_UK_017,1073.284907066262,USD,2026-02-11 20:21:10,fea5:7ce5:e58a:8c41:6fe8:c553:ac3b:b680,1
sdv-id-qHHPBf,ACC_123,ENT_UK_008,1450304.966394564,USD,2026-03-03 06:04:06,d7dd:a156:3751:ef31:de52:ee20:e162:707,1
sdv-id-uRqlQf,ACC_253,ENT_UK_005,25290.82223508206,USD,2026-03-27 03:06:04,fda6:39dc:6dfb:14b5:7bd5:4132:5fc0:4f05,1
sdv-id-sVoiyQ,ACC_186,ENT_UK_004,314104.66935229645,USD,2026-03-04 19:59:05,32b5:5c9d:11c8:8d39:c3ee:c965:7307:7504,1
sdv-id-NKIJKv,ACC_107,ENT_UK_017,1019.9005262789408,USD,2026-01-21 03:25:24,2644:f170:d369:5edc:1486:aa52:57df:ca8,1
sdv-id-KbJbrk,ACC_243,ENT_UK_004,3671.744169566215,USD,2026-03-30 14:20:31,51ae:69e:2f52:aa02:23d4:ff4d:83e0:57e2,1
sdv-id-Hyzwqb,ACC_176,ENT_UK_004,138462.41489130966,USD,2026-03-31 10:37:58,3b0d:b223:288a:eac7:5203:f33c:8d64:5d85,1
sdv-id-JOTEzX,ACC_142,ENT_UK_010,102612.08724943631,USD,2026-03-05 22:18:13,f7cf:5f93:91c2:46c0:d310:e263:bb75:b61d,1
sdv-id-geHrae,ACC_107,ENT_UK_008,15045.968418508255,USD,2026-02-05 00:35:53,8ac6:53d7:9164:e52d:54cf:c65f:627a:6527,1
sdv-id-uqtDwo,ACC_164,ENT_UK_003,37393.392649860914,USD,2026-03-29 16:52:36,74f3:4707:d16a:7fdf:2b22:9f20:9832:21ae,1
sdv-id-QNfuss,ACC_142,ENT_UK_017,436478.69636577583,USD,2026-03-02 08:43:04,b391:aa76:a16d:f4f4:ca2b:2a20:ec6d:e48e,1
sdv-id-JdfEXR,ACC_176,ENT_UK_004,54331.95992496572,USD,2026-02-10 17:40:48,18bf:1d21:7e8d:5f2f:1ac3:8eae:5da1:79b2,1
sdv-id-EYhCWF,ACC_176,ENT_UK_001,2836.2384856259755,USD,2026-01-05 15:47:54,8c1d:607a:93dd:afff:54c8:730:4fd:7f78,1
sdv-id-EbcRzC,ACC_142,ENT_UK_008,13600.943584776784,USD,2026-01-09 17:53:45,25d0:8511:7738:7594:a5cb:8036:4111:bed4,1
sdv-id-PeDHLx,ACC_142,ENT_UK_003,193394.5154163479,USD,2026-03-21 19:53:27,43e:ebc8:a0d7:a8c8:65f4:1626:f564:ea5c,2
sdv-id-EfqKUT,ACC_100,ENT_UK_018,982.2600239431168,USD,2026-01-21 23:21:47,ce93:db8b:8032:d919:9d46:c361:6a10:666b,1
sdv-id-DWspHs,ACC_176,ENT_UK_003,141312.20949390458,USD,2026-02-20 03:51:12,6491:6dd8:7565:9e66:4e20:f80c:cec4:7387,1
sdv-id-AQNhZv,ACC_107,ENT_UK_018,1218045.7595216269,USD,2026-02-23 03:36:11,a7e6:4309:feb7:7fb5:55d0:2062:7f16:ed9d,2
sdv-id-VVEfsT,ACC_176,ENT_UK_004,233416.19018912243,USD,2026-03-29 05:14:06,3afc:5db6:4146:84d9:ef1a:a9ee:7bd:64db,1
sdv-id-HeqxOQ,ACC_162,ENT_UK_002,956188.145868024,USD,2026-02-18 00:20:36,9e36:1d50:3fda:7939:d6bb:80fc:aec0:29fe,1
sdv-id-xbbVQN,ACC_273,ENT_UK_004,109103.67530410094,USD,2026-03-19 00:36:44,b6b7:4801:117c:4df6:6d26:40a3:929b:3f14,1
sdv-id-KeIgDD,ACC_171,ENT_UK_012,116127.7856653591,USD,2026-01-15 14:21:37,66c7:efad:f4f:6ee3:f684:fca6:79a0:9764,1
sdv-id-XxVpZN,ACC_284,ENT_UK_016,580840.4849117004,USD,2026-03-24 04:27:13,89d3:ddd7:9d33:8a3a:53d0:735:3b96:eaed,1
sdv-id-zPachK,ACC_199,ENT_UK_011,53457.77348885833,USD,2026-03-31 07:11:02,20f8:a3fb:9a2a:7f5e:838:fffc:cc08:a9ba,1
sdv-id-xwawff,ACC_176,ENT_UK_011,54907.302248819,USD,2026-03-18 05:00:28,e0bd:5199:715d:e45e:b578:1cb5:9167:335e,1
sdv-id-uVmMQM,ACC_162,ENT_UK_017,931.8485657612716,USD,2026-01-31 18:06:52,e077:d454:2f29:d46d:4cfa:68bb:a23c:7c53,1
sdv-id-AZveVr,ACC_234,ENT_UK_003,876581.7102541127,USD,2026-03-05 17:04:50,5612:74ba:ca48:ac91:7758:9b67:71e:582d,2
sdv-id-QSjJtn,ACC_273,ENT_UK_007,16081.767337868368,USD,2026-01-27 19:00:37,90a8:1c3c:448d:d756:a7a:1aea:24fe:f061,2
sdv-id-QXdbNF,ACC_100,ENT_UK_010,1151.1432178483046,USD,2026-03-27 14:14:41,529d:2264:e65a:8f1:27c2:5ce1:4c6c:9b52,1
sdv-id-PFMgtR,ACC_248,ENT_UK_016,47854.71734088899,USD,2026-01-20 08:42:58,da21:5fa0:e197:8789:d78c:6e54:2b1f:bfbe,1
sdv-id-bCLUmC,ACC_253,ENT_UK_019,246121.54337926564,USD,2026-03-05 03:07:06,d3a0:81c7:15a2:a31:f1c1:8f70:9985:c81e,1
sdv-id-lRrbwZ,ACC_176,ENT_UK_015,793188.7875848173,USD,2026-03-05 17:47:59,8c10:a890:8e39:7f14:f0b:815e:f76e:5c27,1
sdv-id-YarzTv,ACC_176,ENT_UK_002,8443.540853795032,USD,2026-03-15 00:12:21,75a1:672c:b3ee:4b70:cb82:4e2c:9b6b:7225,1
sdv-id-kCrSsR,ACC_211,ENT_UK_006,6469.5830666613365,USD,2026-03-29 05:43:45,b20f:f723:ae30:dd22:4755:8e6e:b238:2041,1
sdv-id-TbyyFA,ACC_107,ENT_UK_002,9517.483215226932,USD,2026-01-18 08:38:47,8256:b84f:844b:e8dc:dcad:f691:7adf:28ca,1
sdv-id-IEHyhU,ACC_176,ENT_UK_016,902901.2540135538,USD,2026-02-25 12:39:30,e9dd:66ce:e305:3735:24d2:2928:5f9f:ab45,1
sdv-id-bIWPXD,ACC_176,ENT_UK_006,951.1039105353468,USD,2026-01-06 07:36:13,ed56:88e0:7660:7244:d83c:76d3:108a:5877,1
sdv-id-qVzOgw,ACC_242,ENT_UK_016,56233.21479802116,USD,2026-01-06 02:58:24,2997:7c0f:acbb:202f:2a25:a255:60f9:7be9,1
sdv-id-HbkIPf,ACC_248,ENT_UK_013,25067.963646668424,USD,2026-03-06 00:24:29,4273:c127:fa30:40ba:976b:f467:e5b2:b12d,1
sdv-id-HViJTM,ACC_243,ENT_UK_012,69887.50991866966,USD,2026-01-21 03:14:35,8632:8946:3cbb:c17e:2dba:7c8f:2e66:46eb,1
sdv-id-XtbxbN,ACC_146,ENT_UK_010,270219.98335190996,USD,2026-02-01 10:47:50,3da7:77fc:bb1a:d120:3973:7304:6a76:619,1
sdv-id-ynWLZH,ACC_171,ENT_UK_005,8263.69534030531,USD,2026-03-12 14:07:33,4226:4ce7:8ece:902d:f41a:73cd:ad32:cff3,1
sdv-id-ZUUUXY,ACC_186,ENT_UK_017,118907.76661463686,USD,2026-02-02 19:15:37,f96d:e3ac:9022:3e8e:7bc2:12d4:bafa:347,1
sdv-id-yFHREZ,ACC_155,ENT_UK_005,940156.450119762,USD,2026-01-09 02:29:17,9aa4:5b9c:dba8:851c:ede1:d1d9:369f:2b26,1
sdv-id-Qnqcln,ACC_107,ENT_UK_019,1151.990202908672,USD,2026-03-13 22:11:10,64aa:e37c:ff7:19b5:7990:8ad9:92fd:e3a8,1
sdv-id-MiSEQN,ACC_293,ENT_UK_003,124485.54062273006,USD,2026-03-06 14:50:03,8953:a804:e8ee:27bf:edd7:8dcf:9bdc:c847,1
sdv-id-IGUdVB,ACC_271,ENT_UK_014,23507.37948666143,USD,2026-03-07 03:34:21,be8a:5f0e:2300:817b:8b35:b539:586d:b313,1
sdv-id-XCQdPB,ACC_294,ENT_UK_017,323426.29998966237,USD,2026-02-28 13:59:52,66a0:237:18e6:6075:b2e2:b517:9e19:bc88,2
sdv-id-tGWpJu,ACC_243,ENT_UK_003,203241.0555621178,USD,2026-03-19 04:32:55,1526:cd68:899b:8972:d89b:b0a:2f10:195d,2
sdv-id-tdEXXU,ACC_142,ENT_UK_011,4310.857130789399,USD,2026-03-04 08:20:40,96f3:c84e:97b8:a865:4380:489e:9bc5:a24c,1
sdv-id-SeyzpZ,ACC_176,ENT_UK_006,72551.67022898795,USD,2026-01-30 12:17:00,573b:659d:d07f:a18:799c:7fd9:df50:bf39,1
sdv-id-xUqGEw,ACC_243,ENT_UK_013,97466.47257484953,USD,2026-02-25 05:00:40,edbc:1661:f43b:c857:e6db:33ea:9c4:c6b5,1
sdv-id-KaqFMq,ACC_225,ENT_UK_002,6834.609852666192,USD,2026-02-28 13:50:11,799b:d311:b54a:2a9a:8d3:bd57:7544:30d7,1
sdv-id-yOLaRh,ACC_211,ENT_UK_017,7758.926682689428,USD,2026-01-27 23:03:08,ea55:30b:f711:4a83:adc2:61f0:efc6:8ad2,1
sdv-id-OayQqw,ACC_142,ENT_UK_004,939.0328202653524,USD,2026-03-29 02:45:42,887e:9bf1:f78e:80c0:b145:b60e:8adc:c2e1,1
sdv-id-lIcnAk,ACC_273,ENT_UK_018,954.7865751788866,USD,2026-02-23 02:36:00,19a4:8f43:5274:d635:2aa:8f59:f1a5:46e3,1
sdv-id-VsOEXP,ACC_155,ENT_UK_015,1070615.610372588,USD,2026-01-07 18:34:40,925d:7aee:2cd1:8950:6b99:fa51:82a2:1406,1
sdv-id-TsQkLC,ACC_142,ENT_UK_003,32761.677420793058,USD,2026-03-26 11:10:15,9c3b:8499:6dfe:359:10f6:34b2:78ca:9134,1
sdv-id-AtAyYS,ACC_271,ENT_UK_019,155973.75048216226,USD,2026-01-05 15:28:17,8fee:c860:6c6:6674:f53e:8221:4d12:ea43,1
sdv-id-qhuEGD,ACC_299,ENT_UK_010,21261.52485322408,USD,2026-03-11 22:19:40,745:a48f:68c9:7c4e:b85b:ba5:f6df:4a0f,1
sdv-id-EJQvve,ACC_256,ENT_UK_013,548210.1604824618,USD,2026-03-13 17:56:09,5dcb:41e8:2bf5:c9c2:1eac:72a1:2ca4:1b81,1
sdv-id-BLBbXA,ACC_176,ENT_UK_009,21377.392662517763,USD,2026-03-30 11:20:17,d57:9fe4:3f30:9278:8016:dc24:b374:cbf5,1
sdv-id-UoWTpP,ACC_293,ENT_UK_010,189877.4250314091,USD,2026-02-11 01:38:14,5892:409b:8bc9:be3c:3353:e29d:fc4e:a76c,1
sdv-id-VNpScy,ACC_271,ENT_UK_011,21750.886757650744,USD,2026-01-07 21:34:30,cb2f:a92e:fb3d:1236:9c0b:e0ff:8c04:1ddb,1
sdv-id-oEVQJx,ACC_243,ENT_UK_011,1562.1114347244272,USD,2026-03-13 13:04:32,aec6:ddba:ba81:af27:cf89:5e2c:f5d8:c2f3,1
sdv-id-DFOmPI,ACC_273,ENT_UK_006,110474.1396397378,USD,2026-01-25 20:14:46,8015:74a6:e101:6568:23c6:38b9:905d:f955,1
sdv-id-UkpAkt,ACC_264,ENT_UK_014,287444.0538061147,USD,2026-02-19 09:59:07,3d78:697c:119a:d36a:c864:226a:5123:b063,1
sdv-id-oXIbPj,ACC_187,ENT_UK_018,21628.670228484032,USD,2026-02-20 04:31:04,f3ca:e8eb:b7e3:5d31:198a:1615:3084:a604,1
sdv-id-KgHihz,ACC_164,ENT_UK_016,55321.85266236978,USD,2026-01-23 05:30:17,1f8a:c3a4:10eb:8004:c248:8c40:feea:9e08,1
sdv-id-JgoZhl,ACC_171,ENT_UK_009,13111.384712125828,USD,2026-01-11 02:01:26,2460:300a:5f4a:472:5fe4:64d3:5af7:1ca6,1
sdv-id-DSemjr,ACC_142,ENT_UK_012,4039.833488421465,USD,2026-03-05 13:07:53,cc4f:92fa:2d8b:a379:d3b4:f904:9422:40bd,1
sdv-id-tlVBld,ACC_211,ENT_UK_010,414799.25151321734,USD,2026-04-01 09:21:46,7d3a:313d:6db6:234:9349:5728:b711:d7a4,1
sdv-id-HRefRz,ACC_273,ENT_UK_006,6244.135797654628,USD,2026-02-22 22:46:06,f11a:7fb6:956e:dedd:2963:56e7:6040:66d9,1
sdv-id-aEgNpx,ACC_155,ENT_UK_002,991235.9640665896,USD,2026-02-06 02:58:12,d08d:cf44:cebe:a339:bc7c:4cc6:9dd1:7246,1
sdv-id-AWyqQI,ACC_176,ENT_UK_004,59126.62767628276,USD,2026-01-27 13:43:55,a42c:83ba:859d:b375:afc3:b08b:7d4f:33ee,1
sdv-id-NVfFYA,ACC_107,ENT_UK_013,1008.2664637410868,USD,2026-01-13 17:53:32,a283:a9c4:cf52:8c8d:3776:6f04:e913:151a,1
sdv-id-FVOZHC,ACC_100,ENT_UK_002,778297.6531876238,USD,2026-01-08 13:01:55,f605:245d:ea9b:3764:8b52:b76f:e22a:d8e7,2
sdv-id-RVHddA,ACC_181,ENT_UK_007,2818.852503759716,USD,2026-03-22 12:30:11,4115:464d:6139:ed20:a052:f4b9:8470:ca29,1
sdv-id-lveAOq,ACC_107,ENT_UK_019,11872.986989644283,USD,2026-03-25 16:14:44,b899:ec5:8e5e:fcfb:9025:bfb8:c6b7:cf94,1
sdv-id-XFhUGK,ACC_142,ENT_UK_005,50590.9906882516,USD,2026-02-23 16:42:35,7103:fea2:2ed8:3b70:959f:e498:e189:7ec4,1
sdv-id-eXaNRC,ACC_181,ENT_UK_007,298282.9532855054,USD,2026-01-02 19:36:51,613a:3f6d:dff9:b318:c5c:d17c:c7e0:1a86,1
sdv-id-VDKMwu,ACC_176,ENT_UK_008,107315.55637202418,USD,2026-02-24 12:07:11,c3d5:4f9b:d946:2585:1bb9:f90c:141a:b8f5,1
sdv-id-wSzZSe,ACC_176,ENT_UK_003,10264.86778156586,USD,2026-01-17 05:29:41,8733:af9c:fdff:d6db:75c9:9c91:b3cb:29ed,1
sdv-id-pppSKU,ACC_181,ENT_UK_002,9781.383426235916,USD,2026-02-17 15:56:21,1e05:eac:c99:5a9:5f05:935:e76e:4c32,1
sdv-id-eVwSGM,ACC_134,ENT_UK_019,1667.925747080279,USD,2026-01-10 00:40:37,6d49:ef41:4ff9:4fcf:3b9b:be5a:3527:a556,1
sdv-id-SnVmSm,ACC_142,ENT_UK_003,3554.8701388686104,USD,2026-01-07 01:32:29,1a8:c728:652d:7d01:9b91:f1f1:98ff:aca5,1
sdv-id-oYAIsf,ACC_100,ENT_UK_012,11595.84663738394,USD,2026-03-14 11:54:57,1f27:6ab5:6f86:10c:fada:2fab:c7e8:7d03,1
sdv-id-CbmHJe,ACC_142,ENT_UK_007,28461.608867484443,USD,2026-03-30 04:05:24,5c0b:4f4b:6602:172c:2f2b:4441:8548:93ee,1
sdv-id-HkfPPd,ACC_107,ENT_UK_008,74071.74286690672,USD,2026-02-06 03:34:04,2d93:734c:36ab:c485:2088:f54b:802:ab89,1
sdv-id-LtDHsx,ACC_162,ENT_UK_006,431444.1163497382,USD,2026-03-29 10:54:50,a8cf:d450:dc3d:2a3a:4277:a9f3:be96:9ba6,2
sdv-id-vttqYg,ACC_176,ENT_UK_005,62033.86986530197,USD,2026-01-11 15:23:13,b89f:16d8:f16b:ebe:4227:93c7:12be:c9ec,1
sdv-id-MJJbVQ,ACC_155,ENT_UK_011,966.21566167223,USD,2026-03-10 23:18:06,a0ce:affe:b6b0:786:c731:5759:db7d:88f,1
sdv-id-KaBNOE,ACC_186,ENT_UK_006,53454.633692661366,USD,2026-01-15 05:21:22,8f85:c3e:361b:3fd5:6bfe:173a:537b:d52,1
sdv-id-XqLxaE,ACC_142,ENT_UK_017,20192.157016826022,USD,2026-01-03 08:57:39,7f8c:4fee:aa6b:acb9:21c8:246e:fc89:6084,1
sdv-id-MYourS,ACC_142,ENT_UK_002,439418.06519927504,USD,2026-01-29 20:15:44,115c:2d71:7d55:26ab:2eaf:82c8:65ba:d34f,1
sdv-id-XlUZLd,ACC_176,ENT_UK_013,1018944.7256136,USD,2026-03-14 10:27:53,682d:9a9a:928:c7ad:d327:d658:aa84:fe99,1
sdv-id-aUHmds,ACC_142,ENT_UK_009,65916.11645057755,USD,2026-01-05 06:38:21,8650:8a23:9608:299:ac9:b190:acd5:e89f,1
sdv-id-fYicpJ,ACC_211,ENT_UK_001,411575.6768581214,USD,2026-03-23 22:39:02,aab8:80da:15c7:9af7:624b:71ae:48cc:c2c7,2
sdv-id-hqRNqM,ACC_264,ENT_UK_019,343318.3158039718,USD,2026-01-28 20:07:29,e55d:5b0e:23cb:15fd:c3c8:3f62:6bdc:308c,1
sdv-id-iCcDpI,ACC_211,ENT_UK_010,52744.177398490894,USD,2026-02-20 03:12:06,1e0b:70d3:590c:77bc:1223:e398:333e:ad91,1
sdv-id-eCLwAE,ACC_261,ENT_UK_004,11744.99401331314,USD,2026-01-28 11:49:37,91c2:f386:e161:67e2:cf9d:d02b:f1d4:bd7f,1
sdv-id-oQjWTC,ACC_221,ENT_UK_018,110941.6679551401,USD,2026-03-28 21:54:49,caf0:1d8e:d696:b55f:9bbb:84b8:3428:c240,2
sdv-id-QeatVD,ACC_271,ENT_UK_005,373168.0644976788,USD,2026-02-13 20:17:33,b0a0:4d86:a77b:4de2:bc00:2b69:d2ff:ab0f,1
sdv-id-mgdurq,ACC_176,ENT_UK_013,26245.463382327423,USD,2026-01-21 20:49:48,e8d6:bd9a:9d4f:c755:fa2f:9de4:1b00:f11b,1
sdv-id-TVjgFF,ACC_176,ENT_UK_014,1808617.4815847848,USD,2026-03-06 17:26:07,fd39:9340:e026:2e8f:38b:6030:c7c5:d3bf,1
sdv-id-WNPgjy,ACC_196,ENT_UK_017,120282.3800706318,USD,2026-02-04 23:41:38,2876:6d2d:4b5a:334f:e050:f931:9155:7283,1
sdv-id-UNzRLJ,ACC_171,ENT_UK_006,490357.6082951404,USD,2026-02-03 09:12:40,8f36:7ad:ec9e:fc0e:43c:47f8:106a:eb61,1
sdv-id-atHSGk,ACC_271,ENT_UK_019,324918.76516099175,USD,2026-04-01 11:24:23,17f2:2294:a74c:5ce8:f1a8:61d9:f1a5:7415,1
sdv-id-yzgTUx,ACC_107,ENT_UK_011,226373.770166423,USD,2026-03-11 22:57:57,6720:1813:380b:f64e:f7d4:bb84:4286:9163,2
sdv-id-uJqDlB,ACC_107,ENT_UK_013,961.6704229013956,USD,2026-01-10 11:12:56,cb93:32c:49eb:9d3a:6d7c:dda7:d911:7d4f,1
sdv-id-GbfDNq,ACC_176,ENT_UK_007,342799.88690897217,USD,2026-01-05 20:13:13,c760:fe89:526:3262:aff2:37cc:1f4e:47,2
sdv-id-FvsrCZ,ACC_142,ENT_UK_019,499775.6702772085,USD,2026-03-16 06:41:31,46cb:beb3:fb56:aba:363e:35ba:d6f4:3fb1,1
sdv-id-yMLPhy,ACC_142,ENT_UK_019,1811.5601181860225,USD,2026-01-28 15:39:18,d022:be72:1cbf:1bf9:6f95:a4c:7a3:5e9a,1
sdv-id-ULvxvd,ACC_155,ENT_UK_018,46641.89614949744,USD,2026-04-01 10:07:23,5571:6ac2:1aba:a7ca:9502:721a:a090:efbd,1
sdv-id-mUfDPL,ACC_256,ENT_UK_016,134937.50240955304,USD,2026-01-01 16:46:32,eda0:6c06:e1fa:7b3c:c9eb:8f3:a1f8:6e96,1
sdv-id-mMhMbq,ACC_187,ENT_UK_010,743664.7920764146,USD,2026-01-24 07:11:23,9400:19e8:911:3ae6:340c:e74b:2902:2294,2
sdv-id-SqGFAh,ACC_146,ENT_UK_001,27556.5804834933,USD,2026-02-07 05:12:22,e40b:902c:17be:6e7c:daac:dc45:a276:2f99,2
sdv-id-EADHNC,ACC_271,ENT_UK_009,1051.693744546976,USD,2026-01-02 06:16:15,ef34:5f2e:f6b9:7ce5:38f5:65a3:a02c:88f9,1
sdv-id-euIyDO,ACC_186,ENT_UK_019,42599.18543249913,USD,2026-03-01 16:54:18,cfbd:95d5:63ea:900a:4c2b:960f:12c9:4884,1
sdv-id-hXArZn,ACC_211,ENT_UK_011,74592.81402882576,USD,2026-03-22 17:56:23,9b1d:297b:9f2b:1a45:da08:59ff:685c:96d7,1
sdv-id-opqkte,ACC_271,ENT_UK_003,246258.4162742011,USD,2026-03-18 00:55:23,eb7d:bd7c:4781:3e4b:6c6b:c57f:cf03:f30f,1
sdv-id-ACIAqw,ACC_176,ENT_UK_006,150027.00055363367,USD,2026-03-30 16:37:57,2cda:7363:abf2:7a70:96ba:387e:f955:c53,1
sdv-id-ggquWC,ACC_171,ENT_UK_012,16243.16602883173,USD,2026-03-12 07:52:13,3b2b:b97f:4a8b:d1e0:a827:e90e:9dcc:fae3,1
sdv-id-DFaKja,ACC_253,ENT_UK_007,24296.80132493459,USD,2026-03-08 23:33:07,bd69:4d14:2ae9:3571:d2b2:c43a:227b:b92d,1
sdv-id-SelhDA,ACC_261,ENT_UK_008,24255.8961646556,USD,2026-03-16 14:48:49,6370:bd11:cf88:5071:14d2:8e4d:c55b:eab2,1
sdv-id-GIpgVG,ACC_264,ENT_UK_017,52941.066797234824,USD,2026-02-20 18:11:37,c2ca:9fce:a1d3:77ed:36b:c119:4cb8:1a37,1
sdv-id-sOxvjm,ACC_142,ENT_UK_018,32657.14552924059,USD,2026-03-17 23:01:06,1a45:2bcd:8fa7:2821:7336:db50:fcd2:3182,1
sdv-id-vyNFPc,ACC_134,ENT_UK_003,38392.675656799634,USD,2026-01-11 17:34:05,5ef7:f2a8:8d77:4ab0:3d8e:4461:d730:f160,1
sdv-id-MMzJNd,ACC_146,ENT_UK_008,83195.2112196352,USD,2026-03-04 17:30:29,c2cf:a9d8:fd6a:a1ce:f673:afb0:7d34:31a0,1
sdv-id-xuPGth,ACC_196,ENT_UK_009,18920.08188417252,USD,2026-03-14 22:11:39,f928:272a:5d26:fd81:6203:dbba:f77d:81fe,1
sdv-id-jSfRYF,ACC_134,ENT_UK_001,1180.149201005608,USD,2026-03-31 10:13:01,318c:b93f:5cb0:45e6:a78e:20:2bdb:19a6,1
sdv-id-hOahHw,ACC_176,ENT_UK_007,101435.73270874708,USD,2026-01-06 11:01:01,5bc9:675d:ad1b:c886:ab37:c159:ef54:8109,1
sdv-id-YDxJEJ,ACC_196,ENT_UK_010,176114.22915266934,USD,2026-01-23 03:33:08,9238:bc8d:f881:256c:6a0d:a13f:2db9:3c9,1
sdv-id-QUcmec,ACC_299,ENT_UK_011,792576.6714981224,USD,2026-03-15 08:50:09,19f7:2112:26bd:f34a:f21d:f077:19e6:e3f9,2
sdv-id-LpAEiH,ACC_284,ENT_UK_018,68285.43874787955,USD,2026-03-18 05:06:57,ec0d:c341:af0b:ea:1ca4:8d88:414a:1dd3,2
sdv-id-ImcjoU,ACC_171,ENT_UK_015,1176568.0611118814,USD,2026-01-30 19:28:40,bf71:90e6:e12d:5b7c:dde0:12eb:acb9:9757,1
sdv-id-KLFEFV,ACC_100,ENT_UK_010,327790.4042902785,USD,2026-03-02 14:00:42,5169:534e:7ecb:4df4:7b35:3ca2:6c78:748f,1
sdv-id-dtFlyG,ACC_198,ENT_UK_007,90206.34507664986,USD,2026-02-09 00:19:07,23:e7b2:1bea:b39e:1e79:60fd:544d:b097,1
sdv-id-KfWMJf,ACC_248,ENT_UK_016,1215.8077408808745,USD,2026-03-09 05:36:46,fe66:4db6:b900:8793:a093:6281:e298:27ad,1
sdv-id-xbWFWf,ACC_253,ENT_UK_003,1032.1100873404528,USD,2026-03-30 21:58:30,4d2:e5ab:f359:84e2:13d1:2793:7d41:8ff9,1
sdv-id-iNYRil,ACC_187,ENT_UK_008,1262.064647930855,USD,2026-03-21 15:52:48,9419:fca0:ebe3:12c:5cde:df1b:da6:4cf0,1
sdv-id-ActdoR,ACC_234,ENT_UK_003,1376.8725463951505,USD,2026-02-22 14:27:12,b4f3:f64f:4b47:be97:9559:18a5:38c6:1cb5,1
sdv-id-JFGAYH,ACC_256,ENT_UK_002,14113.552770498562,USD,2026-02-09 05:10:34,f3e5:8fd5:873:97c1:6942:f6b8:99ab:3da,1
sdv-id-fUdYyp,ACC_176,ENT_UK_014,45682.63911660377,USD,2026-01-09 22:50:38,14fe:d397:cd63:5369:d542:a9e3:ddc7:77e0,1
sdv-id-zNQRjw,ACC_199,ENT_UK_018,2439.2657209103363,USD,2026-03-27 20:25:31,2b86:6ec2:8fe4:15aa:1c9a:13f7:8efc:2bdd,1
sdv-id-KAjxBb,ACC_107,ENT_UK_001,36137.21998929071,USD,2026-02-07 11:08:21,3232:8916:b2d8:4632:ad4e:2eea:760e:5d90,1
sdv-id-OdAODC,ACC_134,ENT_UK_018,346108.16254254547,USD,2026-03-03 22:20:41,62e5:78a9:afee:a93:e319:3c80:722f:f56d,1
sdv-id-OUhYrb,ACC_162,ENT_UK_019,1585.51770008703,USD,2026-02-26 13:04:00,859d:4976:fd75:eaa3:9331:80f0:c6a7:821b,1
sdv-id-RJxyLw,ACC_107,ENT_UK_013,18918.005167467603,USD,2026-01-25 23:58:04,282a:e7ad:1d23:166b:c72:ea30:8411:c234,1
sdv-id-vIPAjp,ACC_176,ENT_UK_005,284810.1638990691,USD,2026-03-29 04:53:18,cecc:f650:d50b:a7be:aa73:eeb0:ae61:9163,1
sdv-id-tEMxPD,ACC_142,ENT_UK_007,4766.3921822737975,USD,2026-03-11 00:16:18,99c7:1422:45eb:7331:af2:55e9:cd5f:b223,1
sdv-id-rGKtnM,ACC_155,ENT_UK_011,10271.513231957324,USD,2026-03-12 05:01:14,840b:9dae:8bc1:274b:8169:729d:ed59:105b,1
sdv-id-DQFcSg,ACC_181,ENT_UK_007,66083.41764057799,USD,2026-02-19 00:35:54,2d5d:649:7d62:6ce4:8943:12ef:fd0b:8f40,2
sdv-id-zGPRtq,ACC_134,ENT_UK_018,953.8661066438672,USD,2026-01-10 19:44:13,4076:302c:74ae:16d2:a127:a873:8747:91e,1
sdv-id-qMzBaf,ACC_261,ENT_UK_017,15555.4802810581,USD,2026-01-04 11:51:49,2964:120d:2088:11f3:a86a:f699:29e3:3db9,1
sdv-id-irKSch,ACC_176,ENT_UK_004,96101.897050287,USD,2026-02-09 03:23:20,d4af:6c07:615d:6cdd:58ea:a789:bf89:2009,1
sdv-id-kOsvNg,ACC_171,ENT_UK_002,172548.8937580579,USD,2026-02-11 18:19:03,d7c5:1f77:c695:a3e8:bb86:2d82:dbb2:87f9,1
sdv-id-yMGgsu,ACC_256,ENT_UK_006,60859.990112993706,USD,2026-03-12 08:19:05,7da4:6334:36b7:8c11:cf07:8d5:3b33:4903,2
sdv-id-SDViKF,ACC_196,ENT_UK_012,360342.6897425021,USD,2026-02-05 22:43:48,9d5e:bcfb:5b4c:d35c:cdb8:be0d:b67f:88b0,1
sdv-id-hDlsEO,ACC_186,ENT_UK_012,118698.741637417,USD,2026-03-26 21:41:28,6f6a:3d6b:4e29:e3c6:6ff8:5ce0:f20:44b3,1
sdv-id-HKhnzw,ACC_170,ENT_UK_008,14780.581177502365,USD,2026-02-23 02:58:57,c23f:daa6:26eb:2c05:7253:f376:260d:9b73,1
sdv-id-azNWxi,ACC_271,ENT_UK_019,500615.59246320423,USD,2026-02-26 23:21:18,3101:2b44:df05:e80e:b9ed:8d6c:961a:5de4,1
sdv-id-rkoDLd,ACC_253,ENT_UK_002,10708.708658456451,USD,2026-02-22 07:25:23,167f:f904:31ac:da6b:90e3:433e:39ab:3f45,1
sdv-id-STRfJF,ACC_196,ENT_UK_015,163508.2335344514,USD,2026-03-31 03:55:28,ccd3:fb5e:efbf:680:e621:f027:f1a:8532,1
sdv-id-PWPjTN,ACC_264,ENT_UK_014,129959.8122410802,USD,2026-01-12 13:08:59,3bef:ec55:d665:e12b:3fb7:5f39:5174:51cc,1
sdv-id-IuCDuD,ACC_234,ENT_UK_019,23755.47829936664,USD,2026-03-04 03:55:49,91fb:dfb9:8cb9:4e86:1e3b:f354:3bd2:7443,1
sdv-id-Unzaso,ACC_107,ENT_UK_012,31953.229500750975,USD,2026-03-22 04:32:06,7910:4ec9:c67e:ca48:ebab:5f8:9f68:fdb9,1
sdv-id-KHJRhO,ACC_176,ENT_UK_010,23253.30545936766,USD,2026-02-17 00:29:31,89d:3d3a:1d27:92ed:3c1:8b5d:6227:b795,1
sdv-id-XclsyH,ACC_142,ENT_UK_017,30832.514459223617,USD,2026-02-01 18:42:24,248e:35dc:f97d:a966:acab:a58e:d199:e8cc,2
sdv-id-reCdSH,ACC_196,ENT_UK_005,468147.8819290298,USD,2026-03-09 04:08:25,bef7:aa61:69bc:50b:f44a:211:8c77:ee4d,1
sdv-id-KGtGmB,ACC_146,ENT_UK_007,791069.318299269,USD,2026-02-14 04:22:26,72ad:a2c9:673f:3fce:3724:66b2:e23b:3a1b,2
sdv-id-IZBujK,ACC_248,ENT_UK_008,191394.36336218475,USD,2026-02-18 15:37:32,1efb:e5e9:cddd:127a:5c33:492e:dc62:c18a,1
sdv-id-wCmqLU,ACC_164,ENT_UK_004,170856.0553243349,USD,2026-01-26 07:53:47,3d7b:b77f:965:2016:a7aa:9551:66bf:386b,1
sdv-id-vFpzCI,ACC_142,ENT_UK_004,1187408.2756531308,USD,2026-01-24 01:52:34,d2a4:4b9d:c1f2:c7c0:348:35aa:e0c:fc35,1
sdv-id-ZqzejD,ACC_171,ENT_UK_008,20524.35657187406,USD,2026-03-04 03:09:58,db3:22d5:88c2:def3:93a6:876:ed86:399e,1
sdv-id-NUyAsT,ACC_142,ENT_UK_016,17124.06149194762,USD,2026-01-26 01:52:24,8879:5eaa:37f1:3118:992:656b:6657:b27,1
sdv-id-aoiLrX,ACC_107,ENT_UK_003,123174.26371187768,USD,2026-02-25 14:28:25,bdef:864c:4709:6768:a507:ce8c:23c0:349a,1
sdv-id-HqQOrJ,ACC_176,ENT_UK_010,52501.037099607194,USD,2026-03-25 04:02:42,f461:f6c9:bd3a:b525:f8dc:94aa:d9bf:e5c6,1
sdv-id-xoBZrt,ACC_262,ENT_UK_001,2364.9078815493544,USD,2026-04-01 16:09:55,f914:e679:1087:e380:7fbc:9e11:15b:6172,1
sdv-id-QhZbPs,ACC_248,ENT_UK_006,314761.0944779593,USD,2026-01-31 16:09:05,4361:eb6c:153d:fb:656c:d1e:6de4:8424,1
sdv-id-gTwuNh,ACC_107,ENT_UK_011,7747.735445153987,USD,2026-03-28 13:41:34,e6e0:a862:c727:8be0:51ba:3b0e:2c52:188b,1
sdv-id-voWqsT,ACC_164,ENT_UK_014,45538.06914230794,USD,2026-03-11 20:49:17,5fc9:5b1c:ae57:770b:8f5d:1f38:f80e:7e03,1
sdv-id-ZWHFJc,ACC_273,ENT_UK_001,144869.1397242893,USD,2026-01-25 09:25:44,ea01:257b:4f62:e491:3bfe:860d:bad6:26d8,1
sdv-id-RlOOsm,ACC_100,ENT_UK_012,275969.2447624056,USD,2026-02-11 12:06:51,d7d2:9131:e090:8d77:73a9:82c:9cae:572,2
sdv-id-bVguDA,ACC_253,ENT_UK_004,207975.3817708541,USD,2026-03-18 13:36:34,ab96:9620:7983:23f6:b72b:60fc:23dc:65f,2
sdv-id-zEQgsG,ACC_107,ENT_UK_018,14932.271457610766,USD,2026-01-21 09:46:37,e901:8c3d:4b11:e812:ea4:d787:f647:226,1
sdv-id-mrsLmQ,ACC_211,ENT_UK_012,9308.331321840344,USD,2026-01-13 13:18:30,f63e:296a:77a1:a1b5:de4f:fa7d:ece1:b465,1
sdv-id-CikrnS,ACC_142,ENT_UK_009,65728.47747350081,USD,2026-03-20 14:07:18,88fc:da44:4cd1:dc1a:26db:3477:edb7:9cc7,1
sdv-id-ofSrgo,ACC_107,ENT_UK_012,183076.27805797372,USD,2026-02-24 10:18:52,5374:441:5759:87a3:87b1:de8c:e72e:41b1,1
sdv-id-cKlIUp,ACC_273,ENT_UK_014,923.7202874546396,USD,2026-02-26 09:18:08,f12f:7ca1:c852:6107:a4ec:8b04:b290:7f4f,1
sdv-id-qcMajy,ACC_262,ENT_UK_017,2422.6637410079347,USD,2026-02-25 06:53:00,c1c5:2ee:520:80f:ec2a:d392:498b:b8e,1
sdv-id-UjvlQV,ACC_134,ENT_UK_002,404484.26046610146,USD,2026-03-23 18:11:39,1f7b:d00e:4aaf:ae2c:bfa8:685a:af6b:ea2a,2
sdv-id-nIBNzc,ACC_107,ENT_UK_004,229791.6534171617,USD,2026-03-08 01:00:16,ac40:2cba:89a5:682:452f:c4f5:6d86:8cd8,1
sdv-id-gvWDRI,ACC_100,ENT_UK_003,5361.004679354747,USD,2026-03-04 17:56:26,abe0:1233:31c:84aa:7c5b:dcdc:4e1c:98d2,1
sdv-id-zTOTMh,ACC_176,ENT_UK_009,164789.38211720606,USD,2026-04-01 02:21:41,3282:abd3:f017:8951:da0b:9ad1:e743:760d,1
sdv-id-qqwBaL,ACC_211,ENT_UK_017,889773.2370901493,USD,2026-01-04 05:08:52,4af7:1f33:92c1:5aef:7a2d:ea51:b180:2058,2
sdv-id-DMtSxM,ACC_181,ENT_UK_006,11591.165169655324,USD,2026-03-27 20:24:46,5027:a6a2:7c57:dea6:9b56:6b61:d624:c3fc,1
sdv-id-WnOvzh,ACC_176,ENT_UK_013,24823.466023947665,USD,2026-03-24 10:08:19,b1d4:b223:54ec:5a94:b346:1691:fcd3:da16,1
sdv-id-yTNNMo,ACC_186,ENT_UK_006,8954.251869741587,USD,2026-03-09 03:56:45,dbdd:4c96:e888:ca98:961a:1a90:1add:e833,1
sdv-id-VcZmhb,ACC_176,ENT_UK_011,18254.81906556088,USD,2026-01-19 20:11:10,9045:f3f8:d6ae:ec8e:a326:cc6:6c98:9abf,1
sdv-id-btVkYU,ACC_242,ENT_UK_001,12185.45005966924,USD,2026-01-15 20:12:05,d212:76f5:9f6:938f:e1d4:b596:8dfa:9aa2,1
sdv-id-MeJUVK,ACC_171,ENT_UK_017,1174.9635533583105,USD,2026-02-10 06:25:14,99c8:ac50:11e6:78df:6af:933b:6576:9ee9,1
sdv-id-NSzdWA,ACC_142,ENT_UK_016,2365.7394594893976,USD,2026-01-22 09:54:01,d01b:e2b7:f8a:713a:1af1:40ee:d50:69bf,1
sdv-id-yTrYQt,ACC_176,ENT_UK_001,1170.9280871027686,USD,2026-03-12 22:49:52,7ddd:9f8b:a7aa:dca0:f84:1b70:d9a9:f50d,1
sdv-id-flyIfQ,ACC_186,ENT_UK_004,39006.635222424,USD,2026-02-26 08:40:22,a5fc:32a2:c53f:6bd0:b869:6d74:bd4:b5a3,1
sdv-id-BoEfpa,ACC_256,ENT_UK_015,929990.2371793592,USD,2026-03-10 02:39:36,2458:bd06:c254:f9f4:80:cd8:5c59:8669,1
sdv-id-qMaIKJ,ACC_211,ENT_UK_001,91756.91363264696,USD,2026-01-03 15:56:26,fe8e:34b3:2038:c265:31c8:808f:2cc7:ea15,1
sdv-id-XtJOYq,ACC_107,ENT_UK_013,67335.10169469993,USD,2026-03-13 04:53:05,445b:a680:4da9:5105:8a9c:fc7d:f364:fe53,1
sdv-id-NCnmUH,ACC_294,ENT_UK_008,397822.3376972031,USD,2026-01-08 22:28:58,11db:d5a6:cdfa:1e76:b92d:64e3:3179:1faf,2
sdv-id-mICHuO,ACC_176,ENT_UK_017,1226.8183813281476,USD,2026-03-12 06:13:08,3ab2:29b:fc6c:e4ed:9501:6b53:cfdb:7038,1
sdv-id-TdveXd,ACC_264,ENT_UK_008,941.4625454272352,USD,2026-03-10 09:46:24,e6fc:f3f8:abd5:9f4d:5c17:6faf:563e:33e5,1
sdv-id-ShfzlO,ACC_146,ENT_UK_004,112078.25162675673,USD,2026-03-27 10:06:59,d9ac:7810:82b2:1534:f616:a88b:5bf9:3c6d,1
sdv-id-MZoGsT,ACC_107,ENT_UK_018,232738.6865648319,USD,2026-01-27 18:58:11,b86b:492a:4416:e47d:d2d0:b485:4386:eca,1
sdv-id-AbHvlG,ACC_171,ENT_UK_014,42214.12232196095,USD,2026-03-27 10:59:19,c268:5976:5ca7:ec1:6932:369c:8db9:29b8,1
sdv-id-gZYriR,ACC_142,ENT_UK_016,306193.0938027006,USD,2026-02-07 10:08:58,41c4:5640:a135:be75:2c7:878d:5795:d91f,2
sdv-id-TjKhRV,ACC_186,ENT_UK_002,37963.17793579496,USD,2026-01-10 15:28:04,cdde:1fc:f6b0:5cc2:5f25:650d:7c85:48a7,1
sdv-id-TeBNrg,ACC_273,ENT_UK_002,160824.65717029816,USD,2026-02-20 08:13:11,fa65:591c:b402:20be:9799:5fc8:848e:fdde,1
sdv-id-dWkswh,ACC_176,ENT_UK_015,950.9772701617349,USD,2026-01-07 21:34:37,35d2:23a2:3ba7:51fb:5ffa:1270:281d:694c,1
sdv-id-ODBsOX,ACC_142,ENT_UK_012,759200.2564702177,USD,2026-01-16 01:19:55,6cbd:55a6:1827:3faf:61e6:51f:aed:ebfa,1
sdv-id-nWOwBK,ACC_187,ENT_UK_015,6834.083600461525,USD,2026-01-25 05:17:30,584f:8949:fb9b:67e5:bf0d:3916:2f28:4d6,1
sdv-id-HXNIlT,ACC_264,ENT_UK_005,156176.36887495752,USD,2026-03-29 19:36:54,b0b:605b:690c:57a5:5628:b7a6:f6f1:6727,1
sdv-id-dxnxAI,ACC_271,ENT_UK_016,76929.15690509292,USD,2026-02-23 02:48:39,bc76:7698:b6bd:19cf:3872:c1a1:b209:794d,1
sdv-id-kJXNfr,ACC_142,ENT_UK_018,131470.75984022382,USD,2026-01-10 07:26:10,a386:86c7:ebe:f3af:3258:9765:6613:973e,1
sdv-id-KNUvdR,ACC_198,ENT_UK_009,247915.4043943519,USD,2026-01-27 03:24:32,673f:7fc4:eeff:aded:da3f:30d5:9d2e:49b7,2
sdv-id-oNFpPO,ACC_242,ENT_UK_009,187345.91961484365,USD,2026-03-14 18:15:15,bdfa:d101:80f1:8fbe:ab00:eeeb:b590:5b0e,1
sdv-id-GMOKEq,ACC_171,ENT_UK_010,41751.46409125339,USD,2026-03-08 01:34:35,4687:6d48:96f8:77c7:fb32:feed:aba8:1b31,1
sdv-id-fDLhCr,ACC_162,ENT_UK_013,45995.45833620786,USD,2026-03-08 05:49:16,ecd:3c1:6488:2a1:7bab:63a6:a647:5772,1
sdv-id-oneMvV,ACC_189,ENT_UK_018,1619.8901315150906,USD,2026-03-28 01:22:58,de56:b802:9f01:cb51:ccfc:b0f0:1375:fa2e,1
sdv-id-muOsrO,ACC_249,ENT_UK_016,77771.42038219793,USD,2026-01-28 11:52:21,9bb9:21b:6cec:eb9f:797:fde8:5abe:3a43,1
sdv-id-SqKUMQ,ACC_176,ENT_UK_012,9075.139804360142,USD,2026-01-26 01:51:40,4dd2:dfc8:3441:e67c:8e05:b9fb:8b98:60a,1
sdv-id-PgwOIb,ACC_299,ENT_UK_016,26264.41427285212,USD,2026-03-31 05:30:12,e2c3:730b:f670:3716:431c:7a28:4880:f985,1
sdv-id-XdHCTD,ACC_155,ENT_UK_005,698687.2154864987,USD,2026-01-01 03:46:24,841c:a381:7cf3:436d:5f04:1ad9:53b7:58bf,1
sdv-id-JpZSzd,ACC_142,ENT_UK_001,8991.810081913458,USD,2026-03-07 11:18:12,31b7:f45f:e938:1404:61f1:8e9e:7089:a989,1
sdv-id-rTlFMu,ACC_146,ENT_UK_018,12581.884165843829,USD,2026-03-27 10:48:18,1185:e3ca:49e4:b9f3:a08e:2f14:bebc:7eaa,1
sdv-id-GpQMiP,ACC_107,ENT_UK_009,424462.8535722539,USD,2026-02-22 00:03:24,82c9:33b1:58c2:e514:286e:bdeb:f6a2:c949,2
sdv-id-NIgkUx,ACC_176,ENT_UK_019,937.9374317720816,USD,2026-03-19 07:30:36,a607:2e15:9368:2c54:9946:5bbd:bbad:99eb,1
sdv-id-UpiARB,ACC_107,ENT_UK_010,7004.736970556653,USD,2026-03-28 19:28:22,af69:a0af:2045:e4cf:e265:98df:7c2f:85dc,1
sdv-id-VIjqTg,ACC_196,ENT_UK_013,17710.426159228176,USD,2026-03-25 17:15:58,6982:52bd:36bc:e6de:33f8:1171:fdc3:e57d,1
sdv-id-lceWVM,ACC_264,ENT_UK_001,31837.358975503168,USD,2026-02-02 23:17:48,421c:1a0e:c8f1:5d0a:df87:697:7e91:7ffa,1
sdv-id-dVJbBu,ACC_176,ENT_UK_005,371374.81689006,USD,2026-02-06 19:28:33,7614:c329:9cd2:5f5b:b6c0:4e26:8949:a5be,1
sdv-id-wLLyFX,ACC_162,ENT_UK_001,23813.25896946124,USD,2026-02-16 20:07:01,973b:9931:4ed4:e140:9b0c:65c8:8430:20bb,1
sdv-id-wsNsWQ,ACC_299,ENT_UK_010,19425.8523632053,USD,2026-01-24 17:39:10,fa44:b070:6411:de6d:f19a:144c:65ae:65e5,1
sdv-id-jIfBQX,ACC_181,ENT_UK_015,154110.19498551925,USD,2026-03-15 16:26:26,a190:57ec:4a1c:edeb:98c3:1b02:320:34bb,1
sdv-id-swpfSG,ACC_134,ENT_UK_017,159554.7737788706,USD,2026-01-22 08:35:18,63bf:824e:6a51:999f:a04e:9d4b:2624:9fc1,1
sdv-id-VnHSya,ACC_123,ENT_UK_007,49546.19365311639,USD,2026-02-13 03:12:06,4dd:2d0:4de4:9c94:7bbc:2356:f88e:7e8b,1
sdv-id-XFSJAp,ACC_176,ENT_UK_009,430925.1589839276,USD,2026-01-27 03:58:36,c60c:8168:4728:587f:443b:63d4:e074:3be0,1
sdv-id-fALjOu,ACC_183,ENT_UK_001,44174.72241203775,USD,2026-03-13 18:23:14,593a:f776:36b5:ccc3:30a2:1b98:f3cf:8920,2
sdv-id-TBrWiq,ACC_176,ENT_UK_006,27894.35265587347,USD,2026-01-07 11:49:04,8cdc:a7d6:37f6:7330:d137:ba41:c66b:3ec5,1
sdv-id-IgdCOp,ACC_107,ENT_UK_003,372443.39804220526,USD,2026-03-30 19:55:22,c81f:5025:2438:2e57:3888:45a2:7b85:41bd,1
sdv-id-NaGUze,ACC_293,ENT_UK_004,186039.5629617092,USD,2026-03-27 19:19:27,9791:c9ab:cf4f:e48a:c657:2255:5db4:b156,1
sdv-id-oWiAvi,ACC_293,ENT_UK_014,260554.3150281396,USD,2026-03-27 21:34:37,b07c:ba3f:9538:2de1:8b4b:7df6:e255:7093,1
sdv-id-hOMRSD,ACC_155,ENT_UK_006,1306.9697305368386,USD,2026-02-25 09:30:00,f6b3:d599:e4de:b73a:1ec5:3ff1:c060:aada,1
sdv-id-nrkzpU,ACC_187,ENT_UK_014,272227.6310308849,USD,2026-02-21 02:23:11,80d6:58b7:d2b1:4220:4e41:e161:185d:1b73,1
sdv-id-ASPoDv,ACC_155,ENT_UK_018,946.8718449579748,USD,2026-02-15 11:34:19,1859:1740:9e4c:713:99ac:6a6:21d9:1b19,1
sdv-id-cBbDlZ,ACC_273,ENT_UK_011,4385.483823234392,USD,2026-03-31 01:07:47,3da5:b9a6:7f81:c69e:1247:b809:68dc:8036,1
sdv-id-YUPJZM,ACC_196,ENT_UK_007,97272.21456792658,USD,2026-03-20 23:08:55,5322:5329:744d:8bf:3372:ca87:91cc:515e,1
sdv-id-RKUBck,ACC_107,ENT_UK_016,89459.56699201967,USD,2026-01-06 22:56:21,450c:891b:f526:eb77:b45a:60d1:9527:14b1,1
sdv-id-GiAWtZ,ACC_176,ENT_UK_008,9339.904785205425,USD,2026-04-01 08:55:24,ed2b:d943:d2cc:7088:6021:800:b7a:19c1,1
sdv-id-dyejwB,ACC_107,ENT_UK_008,40529.40589724506,USD,2026-01-08 04:43:20,75a2:4590:5136:f75d:4734:212c:ff5f:bd0c,1
sdv-id-GVmcKO,ACC_146,ENT_UK_014,192748.036319447,USD,2026-01-15 04:39:37,a8bf:ac92:62ee:a0a:af85:5e7d:3c0a:5e2,1
sdv-id-ViiWLn,ACC_247,ENT_UK_011,51529.96769258647,USD,2026-02-16 07:33:26,22e5:2fd:fb47:fcb6:3644:c057:6d05:6ce2,1
sdv-id-aIuEBa,ACC_162,ENT_UK_010,1000620.8992097748,USD,2026-02-05 07:39:35,295c:3de4:8047:6ac2:8d77:fe66:fffe:fdd7,1
sdv-id-zkwxZr,ACC_160,ENT_UK_015,1018678.1769299884,USD,2026-02-24 20:55:34,8c2d:9473:2463:ff0d:1e8e:5e6:2c0f:236c,2
sdv-id-NjtEcJ,ACC_248,ENT_UK_010,15972.44328702842,USD,2026-02-27 14:20:38,3353:5174:b2c9:c229:ce9d:e81d:9b99:7e51,1
sdv-id-rbQxlu,ACC_186,ENT_UK_004,2042.686318093728,USD,2026-01-10 16:35:59,70f7:507c:e389:a755:a9da:adcf:4d8b:9de5,1
sdv-id-IoAWCD,ACC_225,ENT_UK_003,34584.696529515626,USD,2026-02-18 06:00:34,6949:dd73:5c54:409e:cf74:7ed3:d210:b08,1
sdv-id-PlaySB,ACC_211,ENT_UK_018,1813450.8587695772,USD,2026-01-12 16:39:04,8ee:f3f9:659e:b6ba:6ebb:626:8b06:edb3,2
sdv-id-ZXCYes,ACC_142,ENT_UK_003,59099.10988008247,USD,2026-01-20 00:13:20,5e3f:2ebf:3af8:bcd6:6e06:305b:143a:c742,1
sdv-id-krvmUH,ACC_142,ENT_UK_001,320935.4024135644,USD,2026-01-03 07:16:19,f868:d110:f0ef:89af:1398:9a8a:5941:1323,1
sdv-id-CrBNsY,ACC_107,ENT_UK_008,225804.4983308228,USD,2026-03-24 20:20:48,8f7d:ac18:e102:db67:882d:9728:edf5:bbb5,1
sdv-id-VAzAPP,ACC_123,ENT_UK_003,1045802.202330757,USD,2026-03-20 17:40:55,17a8:3c0c:ba93:937b:da07:ce05:e376:82fa,1
sdv-id-KLYtOx,ACC_142,ENT_UK_013,21990.94668725114,USD,2026-02-03 03:04:27,fcc0:32ef:b145:dda6:8827:19d4:2278:a37,1
sdv-id-VJyHfv,ACC_189,ENT_UK_003,1093.899478600023,USD,2026-03-09 17:00:49,1fb1:7744:4bd9:5df7:7279:bc32:ad43:f8ae,1
sdv-id-PtFSOS,ACC_248,ENT_UK_002,971.615672011889,USD,2026-02-04 07:27:30,9f6a:f260:42a3:d3eb:7dc:2603:f5b7:2f87,1
sdv-id-LxdfdT,ACC_176,ENT_UK_003,10432.418761682546,USD,2026-03-25 01:10:59,9a6e:cef0:98be:f227:84f4:e266:ac8:af82,1
sdv-id-jObhkz,ACC_142,ENT_UK_003,268566.7554699727,USD,2026-02-09 10:24:19,9405:2e9a:ac5b:f1b3:7e06:3d7c:a015:948,1
sdv-id-WCDMgk,ACC_155,ENT_UK_006,62855.64555557596,USD,2026-02-22 12:54:59,f4a4:2ed2:ee91:9929:14a6:86fa:dd67:77a0,1
sdv-id-Fddkhm,ACC_176,ENT_UK_010,79266.55201710889,USD,2026-01-03 00:10:16,fd8a:ceda:847b:c9eb:7553:65d:1612:39d1,1
sdv-id-qfXdWT,ACC_293,ENT_UK_002,532152.6263262245,USD,2026-01-13 20:32:18,a494:57e1:6910:80f1:2ffa:9bb3:367a:7128,1
sdv-id-AKXspA,ACC_248,ENT_UK_015,231350.96153377072,USD,2026-01-25 21:10:40,3207:980b:bfbd:a4cf:2e78:6779:fc45:fe22,1
sdv-id-DRclYe,ACC_128,ENT_UK_003,6332.656429176858,USD,2026-03-03 20:24:16,bee8:cdd:5b66:1e89:de28:f5a9:7834:7c3e,1
sdv-id-cmdOeU,ACC_196,ENT_UK_017,35305.05232996254,USD,2026-03-16 11:45:37,fa1d:8b5a:707:62:e4c3:be69:d38b:dcc2,1
sdv-id-HSJyCZ,ACC_271,ENT_UK_014,1043.3104454391232,USD,2026-01-01 20:40:36,d71e:4f02:ccf9:c849:9b63:157:e56:4021,1
sdv-id-LbAFQb,ACC_181,ENT_UK_004,1243.034854930626,USD,2026-02-24 15:14:08,2ecc:4126:f148:9d3c:a2ee:7674:65b8:de78,1
sdv-id-huHUby,ACC_134,ENT_UK_011,92777.22604690444,USD,2026-01-28 23:37:53,6fc6:66ca:dce7:7f93:e77b:db6c:50ef:7d90,1
sdv-id-oNztFP,ACC_273,ENT_UK_008,42030.58015172629,USD,2026-01-26 01:35:00,8b84:6367:d907:b023:b709:a5b4:1e6f:f40d,1
sdv-id-lnbKPY,ACC_187,ENT_UK_006,221948.44558044235,USD,2026-03-10 00:42:36,9974:e04e:662f:12bd:d4dc:c6c6:36c5:b9ed,2
sdv-id-pLrkYr,ACC_176,ENT_UK_014,210582.14353537772,USD,2026-03-04 14:52:28,fc7:1079:b9ae:de4c:c757:f4e0:5364:6e41,1
sdv-id-paZAJc,ACC_273,ENT_UK_001,1877.0757808795888,USD,2026-01-14 02:29:19,9e41:cb95:8b12:3c1f:2271:a6a2:ac82:8722,1
sdv-id-LjaGLh,ACC_155,ENT_UK_017,4228.883841989444,USD,2026-02-25 01:03:10,828e:eca9:34d3:a400:9aab:1c5d:94e8:e131,1
sdv-id-nKdGDI,ACC_176,ENT_UK_010,664585.99952598,USD,2026-02-13 06:46:03,ad16:7da4:38aa:65d5:2d73:be2d:c87f:a12b,1
sdv-id-sHOTxf,ACC_181,ENT_UK_012,3126.0461240327304,USD,2026-03-17 14:12:07,d9f:3867:b5f2:b0aa:4e31:35b7:95b0:2bee,1
sdv-id-zaokoq,ACC_107,ENT_UK_019,295859.36280560197,USD,2026-02-05 13:42:24,40bb:7492:d33e:4f48:f7d2:e52e:3118:9601,2
sdv-id-UyHyTP,ACC_271,ENT_UK_012,2561.6676484568034,USD,2026-01-13 17:08:26,6c87:b9fe:a7fe:139a:35cf:2f24:2ec3:5f3d,1
sdv-id-WJvqRe,ACC_142,ENT_UK_002,2256.649734040662,USD,2026-01-28 03:13:08,253a:4a83:4b43:245:a0b:e8c5:2f6a:94f9,1
sdv-id-jFUSTw,ACC_187,ENT_UK_013,17404.18538123749,USD,2026-02-03 15:10:03,af33:c7ab:103e:ec45:b246:1b7b:2560:bfa8,1
sdv-id-rdPLtR,ACC_134,ENT_UK_005,222202.72606577276,USD,2026-03-23 17:57:04,a998:5948:689a:9160:e393:8720:47d4:2f52,2
sdv-id-igJoJx,ACC_225,ENT_UK_006,267678.9428824694,USD,2026-01-27 02:33:07,fd70:8b3e:7bda:e0f2:91c3:74:31de:ed1d,1
sdv-id-LGqTkX,ACC_142,ENT_UK_003,225331.6716735761,USD,2026-02-25 23:23:32,f1a4:f5d7:fc68:9404:aa3c:ddec:e32c:d4f7,1
sdv-id-GFKSdz,ACC_134,ENT_UK_003,129578.624741886,USD,2026-02-10 05:41:29,eeb7:6936:7986:da98:3fe7:2f3b:7120:5f3f,1
sdv-id-JuNIiO,ACC_107,ENT_UK_005,4498.350722650954,USD,2026-03-26 21:00:58,ca45:c34b:8239:6f3b:ac86:e680:d8b3:999c,1
sdv-id-iyCXXC,ACC_196,ENT_UK_002,13253.905353955408,USD,2026-04-01 18:56:44,36d9:d547:56e4:8af6:8a24:5f7a:72df:2807,1
sdv-id-uKeGwE,ACC_176,ENT_UK_019,79218.83913834437,USD,2026-01-17 11:19:34,9b04:8fa9:191b:f211:33d6:a0a5:edb7:8181,1
sdv-id-pjnMdH,ACC_211,ENT_UK_006,86974.07073696604,USD,2026-02-12 02:26:56,40e9:cb2:68da:f6ea:2d7c:b2fe:5a78:3ac8,1
sdv-id-SdNNQW,ACC_142,ENT_UK_016,96086.49338549832,USD,2026-02-28 05:44:52,9fb4:3c1c:d9ad:4eb0:81f1:2b0e:2e46:4452,1
sdv-id-mrZBRJ,ACC_176,ENT_UK_001,948.2676554701568,USD,2026-02-15 13:03:05,4d7:961f:27c5:6c7b:21d6:265:616:1157,1
sdv-id-DrBjHb,ACC_186,ENT_UK_014,1791.7463824552378,USD,2026-01-27 02:16:26,4915:fc13:de67:c88:f8a0:23d9:ce68:218c,1
sdv-id-DiUCtC,ACC_271,ENT_UK_009,27684.44550981145,USD,2026-03-20 11:45:04,6c80:1cf6:d820:1067:a66a:5a52:dec5:309a,1
sdv-id-MPoXHv,ACC_107,ENT_UK_007,494410.4606524694,USD,2026-02-20 10:25:58,b03a:c7b0:3892:309a:8708:c5e8:2fcb:12e5,2
sdv-id-jhvqFv,ACC_176,ENT_UK_002,29562.405419389703,USD,2026-02-14 04:31:43,59c4:ac8a:1bb8:7fb1:6b46:bc49:374f:d25e,1
sdv-id-ZlOyuP,ACC_171,ENT_UK_007,746946.9529366088,USD,2026-02-23 06:21:57,c880:9856:f130:c532:d260:c162:cb01:39f,2
sdv-id-rhJhwO,ACC_211,ENT_UK_019,129458.71756541308,USD,2026-03-28 14:19:20,86d8:4c1:dd09:1ce0:5a48:4bd3:42a1:444b,1
sdv-id-HKduuf,ACC_294,ENT_UK_016,193833.19262859228,USD,2026-03-02 11:01:17,f899:72ff:286e:b190:563e:b453:d57d:1a4b,2
sdv-id-FfYlpy,ACC_142,ENT_UK_005,11954.68605801864,USD,2026-03-21 09:16:21,e51d:c678:e280:e52b:988c:7cd2:3aac:ec6c,1
sdv-id-fmWSTo,ACC_271,ENT_UK_019,1018276.191378912,USD,2026-02-26 05:05:39,c090:3607:1d6b:6cea:fe9b:8975:c8e7:fc87,1
sdv-id-vEOORu,ACC_211,ENT_UK_018,97753.17915592594,USD,2026-03-16 01:27:59,cec5:95f5:73b9:3c14:27ec:cdc0:7aae:535,1
sdv-id-bfzGfo,ACC_170,ENT_UK_002,14486.214678840548,USD,2026-03-31 06:02:45,7382:1aa4:c3e9:ff2a:6c5a:61cc:1916:de1e,1
sdv-id-gELytC,ACC_243,ENT_UK_007,4740.6902696886955,USD,2026-01-08 16:35:35,20d8:4e48:b01f:b608:50b7:7597:7530:7734,1
sdv-id-YOUSTR,ACC_107,ENT_UK_009,301668.66662485607,USD,2026-02-13 09:11:03,7b9e:a6c7:88a:b704:a370:c07a:9ea4:5063,1
sdv-id-dHXQzZ,ACC_253,ENT_UK_003,146789.79144327017,USD,2026-03-31 03:05:48,af16:eb52:9d5d:bebf:b861:4074:9a7c:1db,1
sdv-id-MnUaGG,ACC_176,ENT_UK_007,1483.0923424692312,USD,2026-01-27 10:59:54,b583:d36f:7093:4e43:8a3f:a71c:9b7:10a0,1
sdv-id-hzgfAr,ACC_142,ENT_UK_012,567279.0642215043,USD,2026-01-28 10:50:31,f0cd:fb45:9672:c0c0:25c1:6cc2:cced:eeec,1
sdv-id-rWNjUZ,ACC_243,ENT_UK_019,1933414.854382864,USD,2026-02-07 17:01:08,59b:3224:1a6a:9637:aa24:2fcb:b6eb:f395,2
sdv-id-UbHSXI,ACC_187,ENT_UK_014,5090.184019561309,USD,2026-02-05 14:25:47,df59:a499:d4fd:69b6:8010:dada:1e3c:93f0,1
sdv-id-KsyBkA,ACC_142,ENT_UK_013,32210.62971163638,USD,2026-03-30 20:35:06,c78c:6376:9a48:51fd:cbc6:3d01:ee53:ffd5,1
sdv-id-qaUAQD,ACC_176,ENT_UK_012,2248.2600915935595,USD,2026-03-01 13:53:22,907b:741:3c4b:c9c8:9d66:d4ca:52e4:8078,1
sdv-id-yzKKoz,ACC_155,ENT_UK_016,5998.85036987723,USD,2026-02-05 08:51:44,a879:bf25:7208:3621:67ca:6b5e:80d4:4c88,1
sdv-id-EvTtOg,ACC_142,ENT_UK_001,12358.076631510445,USD,2026-02-26 12:00:09,5fc2:371c:6930:9b8b:28bd:3e1:dc09:caef,1
sdv-id-MbiHyR,ACC_264,ENT_UK_007,15842.397669675982,USD,2026-02-15 05:29:08,b01e:cee8:767f:fd68:794:ad69:a3e:17fb,1
sdv-id-IZVbND,ACC_176,ENT_UK_005,208392.1397438097,USD,2026-02-27 09:23:50,4619:52c2:ef3c:9cd:a7e8:3e65:9216:aed0,1
sdv-id-nKFumC,ACC_134,ENT_UK_012,223693.80675937983,USD,2026-03-23 09:46:18,2fd4:3009:dc37:5cbf:abff:5e24:bda3:72c5,1
sdv-id-SVakOc,ACC_264,ENT_UK_004,23470.73008697443,USD,2026-01-10 12:52:09,7103:af62:f82:bf0e:b29:a968:6f1:f842,1
sdv-id-cNwhaI,ACC_100,ENT_UK_019,29366.87386362787,USD,2026-03-19 00:04:54,a3fd:70b1:528:ad8d:686b:db15:4008:fc34,1
sdv-id-vKLpPe,ACC_142,ENT_UK_002,5212.276758165069,USD,2026-03-20 20:43:20,b18e:74ed:a4ce:148f:e065:fac2:5862:4e0,1
sdv-id-ISHRQu,ACC_243,ENT_UK_011,74451.7064611774,USD,2026-03-27 22:31:12,a893:4c51:ae9:ce47:ca8c:f02d:e13a:fa09,1
sdv-id-imFHma,ACC_196,ENT_UK_019,10146.974828002703,USD,2026-01-24 08:09:06,3edb:a00b:39d7:433b:e1e2:7d8:ea22:7fac,1
sdv-id-ZqLjoV,ACC_264,ENT_UK_008,934.1169502841668,USD,2026-01-02 09:13:13,92a1:2d85:d20d:93ed:97b:3a73:6a23:19,1
sdv-id-aGTNjJ,ACC_211,ENT_UK_013,1112418.874480491,USD,2026-03-02 21:07:18,ae2b:a20f:2660:6557:c294:e034:d6ad:67ae,2
sdv-id-oXSHus,ACC_176,ENT_UK_012,1445104.316855202,USD,2026-01-01 20:27:28,a5bf:192d:2b1f:c880:7ba:7552:33f9:9283,2
sdv-id-dflvBV,ACC_284,ENT_UK_019,13420.748829475371,USD,2026-02-16 06:37:55,574c:f3b7:70e5:163b:c182:8c0d:6c0b:8743,1
sdv-id-plIlpV,ACC_176,ENT_UK_002,13589.864555721331,USD,2026-03-21 19:42:04,2ea0:c2c1:dee4:9282:10d9:72c0:a3d7:3fda,1
sdv-id-OdLCtg,ACC_176,ENT_UK_019,2224.861943799994,USD,2026-02-12 11:44:38,6949:9db5:c1e8:9bad:6976:9a96:10c4:45bc,1
sdv-id-kIOwKf,ACC_142,ENT_UK_013,9221.606733982677,USD,2026-03-07 14:10:03,46be:b8c8:569a:ff5c:c758:19c1:f6d8:959d,1
sdv-id-QuBxXK,ACC_176,ENT_UK_014,339147.1380702577,USD,2026-02-05 11:56:15,124b:a70:5101:bdee:7c8e:9671:e038:9e47,2
sdv-id-mAHsic,ACC_107,ENT_UK_013,9162.806064385097,USD,2026-03-28 17:28:10,7385:5caa:a31:49bf:b29:1ba3:211:4ed2,1
sdv-id-MXzlRm,ACC_176,ENT_UK_007,136298.5454378896,USD,2026-02-25 22:07:53,5cce:16da:9cb5:191e:3aed:b1f2:43d8:70a3,1
sdv-id-fFmrNV,ACC_176,ENT_UK_018,928.8477075351582,USD,2026-03-08 06:41:36,acdd:9859:f4c4:bfb9:2cef:2da7:ef1:b0f0,1
sdv-id-oDRwRX,ACC_211,ENT_UK_018,114785.28686414631,USD,2026-02-08 11:18:27,d09e:29b8:b1c9:e5de:a8cd:a108:e48d:3df0,1
sdv-id-XYcWma,ACC_155,ENT_UK_006,30371.285092403697,USD,2026-02-15 04:58:16,b5c3:5c02:7753:4974:5bd7:e0a4:77dc:807f,1
sdv-id-WrqpEl,ACC_107,ENT_UK_015,440462.3310608951,USD,2026-03-10 10:48:58,960c:b48b:eb0d:a864:cba3:1385:cb6:3ca2,1
sdv-id-IlKeIZ,ACC_142,ENT_UK_015,479212.6272640802,USD,2026-03-11 06:55:06,7dc0:f7cf:75f6:e598:eccf:468a:b8c7:d56d,2
sdv-id-pGxSOk,ACC_187,ENT_UK_017,139238.58636546295,USD,2026-02-12 01:01:51,e15f:37ee:6f2e:bff4:7fe6:1a5f:6a3e:bebf,1
sdv-id-JVGhzy,ACC_181,ENT_UK_001,1304305.349566311,USD,2026-03-04 08:06:29,f450:40cf:b2b9:a2fe:3fab:705a:375f:49c2,1
sdv-id-ohwbSW,ACC_155,ENT_UK_005,203624.1708685502,USD,2026-01-26 16:41:51,d004:a11d:cb38:45f9:bc15:a01c:c16b:1927,1
sdv-id-iajVaM,ACC_242,ENT_UK_001,361515.05045710225,USD,2026-03-26 03:25:28,9c64:ae23:3fa4:88ff:3197:221d:a34e:7f8e,2
sdv-id-wypHcI,ACC_273,ENT_UK_002,378399.469573639,USD,2026-01-31 03:41:15,8d9a:2379:4336:58c0:cdc2:df4a:ab00:f107,1
sdv-id-aliMpB,ACC_256,ENT_UK_001,269659.8596547759,USD,2026-01-19 02:17:35,83ec:a0bb:8d5f:fb79:d70c:67c5:e4d7:c4a3,1
sdv-id-umnvEV,ACC_107,ENT_UK_005,522544.8896951074,USD,2026-03-20 06:38:44,be80:1dda:ee0e:fe80:c55:59df:d13:f763,2
sdv-id-kurbPj,ACC_264,ENT_UK_012,11632.001836696649,USD,2026-02-10 04:28:23,2f6c:d089:c364:1fef:7b44:5fd1:6c04:85f4,1
sdv-id-iAxcwf,ACC_142,ENT_UK_005,121465.15486612184,USD,2026-01-01 21:58:04,dfe6:c522:cebc:b30e:4f9f:14cb:ea9a:2e8e,1
sdv-id-BjMRGk,ACC_176,ENT_UK_012,211392.80259552583,USD,2026-03-10 22:52:24,832c:110d:dee1:ba97:d81a:a601:bd28:57f2,2
sdv-id-gZkFJl,ACC_264,ENT_UK_007,382038.1805717245,USD,2026-03-11 12:16:59,39b1:b324:ff33:2e1a:9cdd:ab2b:e910:5e92,1
sdv-id-xGzJkz,ACC_196,ENT_UK_015,175350.02977647222,USD,2026-01-04 14:58:47,c79f:afa7:a03d:3cca:959a:d9c5:54c6:c25a,2
sdv-id-tyfpil,ACC_176,ENT_UK_014,1826.8753261697289,USD,2026-02-03 00:30:15,d316:a872:e321:50b9:2e5b:585:cc9d:16aa,1
sdv-id-KFLLGW,ACC_155,ENT_UK_003,2404.7799243889326,USD,2026-02-06 20:03:50,b235:725e:d26a:aa9a:a5e7:7afc:8fa0:17d4,1
sdv-id-ZtvZKM,ACC_253,ENT_UK_012,125401.66893834496,USD,2026-03-31 12:23:56,7e8:e9d2:8845:e7ff:f65f:a7ed:7d61:4b9d,2
sdv-id-rkUEqi,ACC_181,ENT_UK_014,1363848.86520353,USD,2026-01-05 15:15:52,693c:3cb4:ca64:5398:5423:b418:4f53:6ace,1
sdv-id-TxYVBC,ACC_253,ENT_UK_019,1072033.8007759105,USD,2026-02-03 05:00:38,e7e8:7226:54c3:7e9f:1351:71d6:7e2c:9706,1
sdv-id-OMVwWP,ACC_189,ENT_UK_019,21547.686743255184,USD,2026-03-18 01:41:51,13ee:ca9b:4f70:aae0:48d0:258e:bc0e:8b42,1
sdv-id-WrsFcv,ACC_273,ENT_UK_012,50981.0008614236,USD,2026-03-08 23:26:08,c41f:f394:64f9:c19:8844:daf7:6478:69,1
sdv-id-qKOBtA,ACC_142,ENT_UK_009,336898.6700454717,USD,2026-03-18 21:42:54,95af:9704:3223:e615:b5c1:f0ec:8b7a:e47f,1
sdv-id-FKqSjG,ACC_211,ENT_UK_006,59398.33331669606,USD,2026-04-01 16:09:33,8fbd:6384:8bf4:394b:2961:71f4:c3b3:3354,1
sdv-id-sugchF,ACC_134,ENT_UK_018,357003.15111620846,USD,2026-03-20 21:48:27,739:6c6:ccdf:d3b1:ccdd:7be8:1b81:2941,1
sdv-id-NGLyPP,ACC_171,ENT_UK_017,423762.07374118495,USD,2026-02-04 07:28:09,14db:542a:4bff:b55a:3386:df7d:82ef:4eff,1
sdv-id-nppWmk,ACC_164,ENT_UK_012,602502.6357681708,USD,2026-03-21 07:42:26,ca11:f95d:4044:460c:2c:1a96:6235:319,1
sdv-id-EnCNrV,ACC_186,ENT_UK_001,191545.67832354095,USD,2026-01-25 02:28:30,85:20b6:3683:4a3e:4670:65c7:e9bd:e5fd,1
sdv-id-KlHtDn,ACC_264,ENT_UK_010,10305.812281974677,USD,2026-03-01 23:45:25,5799:a6d0:94e3:9232:b9f3:e5ac:e3b2:1788,1
sdv-id-GaZeHJ,ACC_142,ENT_UK_008,180582.08164432537,USD,2026-03-22 06:29:17,a7fe:3cb9:3b9d:d375:88ef:52b1:37ef:9a3a,1
sdv-id-QRDfuS,ACC_176,ENT_UK_002,1793.093090336194,USD,2026-01-27 06:27:10,b65a:43f9:5c34:b36e:1358:ba:379e:87e3,1
sdv-id-EnLhhH,ACC_171,ENT_UK_003,19161.652559588176,USD,2026-01-20 17:27:20,7234:78b6:c815:796a:bd10:8a94:d19c:974c,1
sdv-id-FmaruE,ACC_271,ENT_UK_005,100030.01300909034,USD,2026-02-25 17:51:15,982e:5ab7:ed81:e2b5:9972:5c78:a734:1998,1
sdv-id-fOdOdH,ACC_181,ENT_UK_011,21062.689203814727,USD,2026-04-01 17:33:30,7018:8048:c902:a4f8:5d78:a5ca:3d8d:78a1,1
sdv-id-kaIQKk,ACC_176,ENT_UK_009,67679.41461905012,USD,2026-01-01 19:19:12,1331:1ee4:e42c:57fc:15d6:628:2492:df0b,1
sdv-id-MKNIcR,ACC_196,ENT_UK_005,829571.995879791,USD,2026-02-10 11:55:57,8dcb:fa5e:469b:f6b3:d329:fe0a:40d0:b195,1
sdv-id-sqbMTU,ACC_164,ENT_UK_016,272681.00276996504,USD,2026-01-08 07:47:39,effa:d2bd:fdad:3930:a499:f21a:54c2:cb08,1
sdv-id-sDKRsU,ACC_293,ENT_UK_019,89890.3735880504,USD,2026-03-02 00:11:16,c2bd:33ca:a796:e38f:92f5:9ccc:b0a4:e6f8,1
sdv-id-wgwknn,ACC_142,ENT_UK_003,158791.99756423957,USD,2026-03-29 11:03:18,7421:9c08:cb4c:5f27:409e:1e49:cef8:4e4a,1
sdv-id-EJuTTb,ACC_176,ENT_UK_003,311271.414653849,USD,2026-03-31 21:22:45,a506:8326:781a:ccd9:4fe8:7ceb:95aa:65cf,1
sdv-id-gLajPl,ACC_176,ENT_UK_016,29422.82542055964,USD,2026-02-24 09:34:41,2b9c:b76a:acd5:22e7:9210:2bea:6cb3:fab,1
sdv-id-wJwqjc,ACC_264,ENT_UK_009,1174.4821681257183,USD,2026-03-18 15:24:59,3938:3d08:2780:28:954a:1a9b:3259:2c4d,1
sdv-id-tiOwvv,ACC_211,ENT_UK_002,49523.30748656832,USD,2026-03-28 05:27:06,e126:d31a:c38a:e716:8e85:5c8b:1645:7439,1
sdv-id-NkhTOi,ACC_253,ENT_UK_011,80645.9126931644,USD,2026-03-13 00:27:39,46dd:5faa:fc39:82f9:be36:c82b:81bf:a4e7,1
sdv-id-KTKIhs,ACC_196,ENT_UK_002,45129.45065517755,USD,2026-02-18 19:52:43,9cce:dd66:ed6b:abe5:b0:4e2b:2b37:6338,1
sdv-id-JtKbLw,ACC_176,ENT_UK_004,6735.1741753311435,USD,2026-03-04 16:06:06,cf61:1975:c31:14ab:9ebf:a670:30fb:9fc2,1
sdv-id-WeuLCq,ACC_271,ENT_UK_009,59856.007178704174,USD,2026-02-27 16:43:35,e897:42b3:df50:43fd:d965:1665:fdca:1cfa,1
sdv-id-YaRWEb,ACC_142,ENT_UK_010,225808.82486961575,USD,2026-03-26 04:09:41,3fb:ffb8:8e90:f819:1e40:3309:9be1:6b8b,1
sdv-id-jyWQSb,ACC_176,ENT_UK_005,1076296.1853917132,USD,2026-01-27 03:03:19,9fef:73de:86fe:5b6a:c075:3e12:a924:5ab8,2
sdv-id-hRKyPv,ACC_107,ENT_UK_014,123883.77407926192,USD,2026-03-06 21:56:06,2cc:e038:498a:74c7:a153:47ac:88b6:7e4a,2
sdv-id-AylXEh,ACC_242,ENT_UK_016,22282.728180790233,USD,2026-03-28 03:54:09,8fb6:783a:92b0:7dee:cc46:66a6:c5e:afcb,1
sdv-id-zHWfLm,ACC_176,ENT_UK_007,12326.251477713004,USD,2026-03-16 10:29:24,e65:d754:d7b3:deea:bffd:f58d:3377:b05e,1
sdv-id-gAWoMH,ACC_142,ENT_UK_018,225254.34857715055,USD,2026-03-17 13:07:06,5ac7:ab45:21b8:fe0c:9a05:6a65:3b03:5015,2
sdv-id-chkvWZ,ACC_155,ENT_UK_019,115217.18461507068,USD,2026-02-01 20:12:55,8544:4e71:26ea:c4db:7a9b:7eaf:6ec2:a88f,1
sdv-id-MAYifr,ACC_248,ENT_UK_009,130853.66665470996,USD,2026-03-01 09:03:51,b09e:fc1a:5a3c:d183:3c38:bf51:9ffe:32d0,1
sdv-id-mfCsAW,ACC_256,ENT_UK_002,13641.64764418022,USD,2026-02-07 18:52:10,5da0:cfe:b3bb:8368:ffab:3264:d913:c5d8,1
sdv-id-XuMOZK,ACC_211,ENT_UK_007,104248.89227670078,USD,2026-03-04 05:52:01,89f2:1fe9:c0da:7079:267a:66e1:fd32:6424,1
sdv-id-nJxQua,ACC_107,ENT_UK_010,3789.022153334692,USD,2026-03-20 06:34:16,97e5:6446:7d50:eb55:532e:1fb9:fa78:d1aa,1
sdv-id-cgHSHH,ACC_142,ENT_UK_013,621042.5209711827,USD,2026-01-28 05:40:19,53e4:3e48:94ff:18cf:5ba7:8b54:25c6:6561,1
sdv-id-ujTAOL,ACC_142,ENT_UK_017,1066.9616322368252,USD,2026-02-12 20:16:24,4fa4:bb28:d6fb:6b5d:1798:72b6:2215:6e5a,1
sdv-id-vrRWau,ACC_107,ENT_UK_002,126130.2169555378,USD,2026-02-06 17:40:57,25ae:a694:732f:a22b:8e0e:21fc:4c3b:df59,1
sdv-id-lJZkjV,ACC_176,ENT_UK_010,22673.93393263649,USD,2026-02-21 09:11:45,3ece:3ee6:e310:19e7:c5b8:5e49:8c68:cc3d,1
sdv-id-AUkiHN,ACC_211,ENT_UK_015,21021.97222595746,USD,2026-03-20 06:27:18,bcf8:d076:9711:fedc:75ee:ecbd:236d:c877,1
sdv-id-lWLITX,ACC_271,ENT_UK_011,121557.08246707635,USD,2026-03-11 05:12:03,948c:ae2a:dad9:6406:76c4:b8c5:bcae:2b2d,1
sdv-id-fFFcgx,ACC_293,ENT_UK_019,198232.38995418596,USD,2026-01-20 15:57:01,6544:fb3f:6a8b:e40a:5888:4f68:4c91:e27b,2
sdv-id-pMYJwD,ACC_107,ENT_UK_013,29843.655143162487,USD,2026-01-15 11:49:20,32a8:cb64:6dcc:b98b:1f5:eafe:8c84:a726,1
sdv-id-eyxISa,ACC_196,ENT_UK_008,178056.6545809745,USD,2026-03-15 04:53:17,2840:f6e5:d9bf:202c:4bef:414f:e3f0:94d4,1
sdv-id-QXqMuU,ACC_256,ENT_UK_019,305674.92367051815,USD,2026-01-04 07:52:24,7e8e:36e4:9d45:1762:a0ff:3c85:5c79:7a33,1
sdv-id-QjPrvg,ACC_146,ENT_UK_011,13826.380219083258,USD,2026-02-14 04:33:17,a194:4430:2a09:a3fd:67e2:af6:cebe:7eb9,1
sdv-id-TRBPtd,ACC_162,ENT_UK_019,2124.810160184497,USD,2026-01-03 10:27:55,a42c:5889:9750:3dc8:80d8:3e54:64c4:3ecf,1
sdv-id-xpzekE,ACC_196,ENT_UK_003,1302.9118503686616,USD,2026-02-12 11:53:13,3b66:a201:d95b:e1c9:484a:5f6f:e9eb:7a63,1
sdv-id-ZIQpvl,ACC_142,ENT_UK_009,1390.347982958638,USD,2026-02-24 16:23:30,6ef4:b2a2:24cb:ce2f:146f:3d8f:fb77:18ce,1
sdv-id-HomxlL,ACC_107,ENT_UK_002,114046.2450985142,USD,2026-03-22 04:55:59,ab21:76d6:b7bc:285a:f58b:8fc9:d8c2:2dfc,1
sdv-id-WUExti,ACC_179,ENT_UK_001,1789.077493636844,USD,2026-01-27 14:27:22,281b:d141:91f8:fb7c:a298:86d3:e764:d318,1
sdv-id-UGBKSt,ACC_253,ENT_UK_004,4002.3011426043904,USD,2026-03-25 12:23:00,662b:3d83:e573:9b02:4b35:acdf:812e:d649,1
sdv-id-uiTJcN,ACC_271,ENT_UK_019,109105.51170869176,USD,2026-01-31 16:33:14,279:ce:8923:5c8c:27a:2a3e:5880:1fce,1
sdv-id-UatPgz,ACC_271,ENT_UK_012,10010.856631085211,USD,2026-02-14 04:05:54,4e2f:6ff0:39e:9142:a7c:db9a:6b25:6d0a,1
sdv-id-csjsmj,ACC_271,ENT_UK_009,5535.107981048142,USD,2026-03-26 12:35:35,ad78:147:ed47:c886:ed14:2073:c60e:e0fc,1
sdv-id-KLYfup,ACC_155,ENT_UK_014,10671.474340338837,USD,2026-03-25 18:15:03,85f2:2dd5:8550:358a:e854:9b72:fc8:1d75,1
sdv-id-tyUrzK,ACC_186,ENT_UK_002,54484.68224516494,USD,2026-01-30 04:56:47,fa7d:90e:917:115c:3c1d:a868:a27d:192a,1
sdv-id-fhqknW,ACC_123,ENT_UK_004,35661.35240703526,USD,2026-03-29 06:14:27,eb68:b489:cfff:fbc9:80df:ec77:bf5:e457,1
sdv-id-PfcvGn,ACC_242,ENT_UK_019,964.589201311156,USD,2026-01-29 09:01:53,36ed:1208:4060:86f9:ab6:87c2:d9af:9f08,1
sdv-id-YtaFfs,ACC_211,ENT_UK_007,529598.0771438928,USD,2026-04-01 07:28:12,3929:4b10:477:7a9:3197:10f8:fbdd:2ac6,1
sdv-id-WEIOBC,ACC_107,ENT_UK_001,94806.74476826611,USD,2026-03-23 06:22:02,2e87:80ab:63f0:8c86:a288:6560:80c5:6d7b,1
sdv-id-hwRAAy,ACC_134,ENT_UK_003,61112.74114259059,USD,2026-02-02 06:42:57,5055:368f:e03e:336a:abf:a91f:f047:fb3a,1
sdv-id-vWYHgF,ACC_176,ENT_UK_007,141084.66410705756,USD,2026-02-03 21:11:39,245a:885b:8515:e268:3783:7467:404d:4785,2
sdv-id-puptpq,ACC_181,ENT_UK_001,54984.843099075006,USD,2026-03-04 03:56:15,3f4d:4cee:288f:6afe:b9ef:34b6:86c9:347,1
sdv-id-thZCJG,ACC_146,ENT_UK_004,8686.095719863306,USD,2026-03-15 02:00:00,e607:da78:9326:375d:1a0:de04:c4e4:1770,1
sdv-id-uCeitB,ACC_107,ENT_UK_013,790580.8963956661,USD,2026-03-21 10:40:57,a93a:fca5:4d34:c5eb:a1c1:8285:8edd:189e,1
sdv-id-hBUchJ,ACC_107,ENT_UK_010,601480.8513837075,USD,2026-03-24 16:12:15,67e8:d225:d399:c991:3fe0:72d8:18cc:632c,1
sdv-id-WtDvVS,ACC_247,ENT_UK_015,58068.844620779666,USD,2026-03-22 21:39:40,83ae:a12d:a4f1:25be:37b9:f7e7:aaa6:8e7d,1
sdv-id-LAySUa,ACC_176,ENT_UK_019,312019.1859533509,USD,2026-03-03 08:51:41,1e0b:f6c:5ba:2b34:6809:740b:9912:8bf0,1
sdv-id-BdTIkz,ACC_142,ENT_UK_006,23985.03831469358,USD,2026-01-08 08:20:34,b77f:8dbb:3c92:9b60:bbd8:c26f:e914:a305,1
sdv-id-LCUFdD,ACC_176,ENT_UK_016,189204.8597603049,USD,2026-01-11 22:49:50,b8c1:2a87:d6d2:6832:8521:b311:cb32:b8a,1
sdv-id-qfoVYF,ACC_107,ENT_UK_006,54033.3069227761,USD,2026-03-18 06:52:06,ea2b:b20:a7d8:9ea4:8a3a:261f:8187:b262,1
sdv-id-rCndIH,ACC_107,ENT_UK_014,17522.895048125916,USD,2026-03-25 19:33:39,ba55:993c:f219:8d50:aaa5:7609:a16a:2aed,1
sdv-id-YsvhNx,ACC_142,ENT_UK_013,944.238737311503,USD,2026-03-18 21:25:29,f0db:83cf:54f2:8bcf:8d48:bac3:ed83:7ed8,1
sdv-id-pFmEsY,ACC_107,ENT_UK_011,946.3162441158368,USD,2026-02-16 13:06:56,bfa:fcd7:5b02:2c93:b10e:8a62:8a5f:ca7,1
sdv-id-BPcftd,ACC_176,ENT_UK_004,445529.0009726613,USD,2026-01-25 23:49:04,f56:f016:5b2:da2a:128f:c42d:a8f8:1442,1
sdv-id-zuoVOs,ACC_142,ENT_UK_014,10905.40336620149,USD,2026-02-27 01:25:24,f1fc:feee:2d5c:7f74:838b:6d85:556f:8200,1
sdv-id-nWlASL,ACC_234,ENT_UK_004,1089.9285727693214,USD,2026-03-08 14:57:23,8873:2f79:7fa1:7c7e:1099:8a75:5b:7657,1
sdv-id-ntUFEz,ACC_234,ENT_UK_009,846821.6909360341,USD,2026-01-11 10:04:49,4667:d68b:56fb:15f7:433b:d98f:9110:668e,1
sdv-id-lEaumA,ACC_207,ENT_UK_009,960.9103162497196,USD,2026-03-14 20:59:36,3005:a3a2:ffc4:ba07:6625:ceab:ed63:36d8,2
sdv-id-CupuHd,ACC_176,ENT_UK_005,68805.04607856805,USD,2026-01-29 08:17:51,722d:a334:90c4:bec3:5ddf:358f:76e7:817f,1
sdv-id-VcoKPX,ACC_134,ENT_UK_006,619727.0137298575,USD,2026-01-07 14:56:43,4ec3:dda9:9cf1:6d09:fafb:e3c0:732f:c5b9,2
sdv-id-lQoCKI,ACC_142,ENT_UK_006,14256.084451011857,USD,2026-01-17 04:42:56,616a:fce:ffc3:bead:eda3:ee6b:d058:d249,1
sdv-id-giqrpa,ACC_271,ENT_UK_010,79621.52756890675,USD,2026-01-03 22:38:39,29de:5203:96fa:31af:b987:c474:ecfa:5036,1
sdv-id-sZOFNT,ACC_107,ENT_UK_016,25179.42593636071,USD,2026-03-11 04:30:27,4885:3776:3752:999d:a5cf:873e:e675:8eb4,2
sdv-id-ELEEmv,ACC_271,ENT_UK_008,880446.7478115846,USD,2026-02-08 21:53:56,5e1e:e502:4ab8:d188:6224:5434:a1b7:5d31,2
sdv-id-XpSQoo,ACC_176,ENT_UK_002,66656.17497639045,USD,2026-02-19 01:42:46,d05f:af8c:8027:7d85:79f:de94:ff50:2064,1
sdv-id-phApds,ACC_253,ENT_UK_008,6496.1020891701,USD,2026-02-07 10:37:50,2aa5:8df9:bec1:7c3c:a84e:8853:b96f:3434,1
sdv-id-nwIpTa,ACC_146,ENT_UK_004,22805.832355926545,USD,2026-02-13 04:06:51,c979:2373:286c:5623:8dff:93fa:7b15:c398,1
sdv-id-ImYGRH,ACC_107,ENT_UK_015,936.7398059549422,USD,2026-02-27 18:20:37,f993:714b:aad:4ecb:4eed:5267:d762:974f,1
sdv-id-IfqbMe,ACC_107,ENT_UK_014,17505.39134134463,USD,2026-03-09 02:42:04,f60a:f293:5f02:9c96:3dbd:55a3:e410:5da2,1
sdv-id-HIfwad,ACC_142,ENT_UK_006,64166.26913939117,USD,2026-03-25 05:56:32,6b25:be5f:622b:88a9:4e31:79c8:5cfc:fb9d,1
sdv-id-QuKdrO,ACC_211,ENT_UK_019,152164.98943485034,USD,2026-01-16 03:02:39,87f8:c95c:5f2f:8c62:eaf7:6a81:c36c:2b1c,2
sdv-id-cXeiAY,ACC_211,ENT_UK_007,4149.266386855102,USD,2026-03-22 05:19:13,5f4b:4fc:fe77:8f68:f6f2:78b2:c39:81b3,1
sdv-id-DfxvUS,ACC_176,ENT_UK_010,43349.08988530093,USD,2026-02-13 04:24:05,df5f:e8f6:4224:301b:9b26:ca4a:22fb:80b,1
sdv-id-mXwCsr,ACC_142,ENT_UK_017,184112.0550362644,USD,2026-03-17 07:24:57,1c49:641b:ae:172a:1951:b13f:fa48:ddfc,1
sdv-id-jpMmoM,ACC_107,ENT_UK_011,141700.20239141834,USD,2026-03-18 04:55:43,61ca:4666:a797:761b:6421:1c58:1c3:ae1e,1
sdv-id-kWQQue,ACC_142,ENT_UK_002,2174034.6587625938,USD,2026-01-19 01:29:53,6ffc:dbbe:bc38:77e1:253d:af7c:5f84:829c,2
sdv-id-GQneEx,ACC_225,ENT_UK_005,9728.41654399307,USD,2026-03-10 18:52:18,5b10:a39e:cd9a:84a9:8bb1:e2c7:63dc:3aa,1
sdv-id-qMKmBW,ACC_211,ENT_UK_017,6635.630004066538,USD,2026-01-06 15:19:12,1b2a:6395:66eb:dbb1:4bfb:9022:f83f:d98a,1
sdv-id-cRrDoq,ACC_264,ENT_UK_008,30243.40346610701,USD,2026-03-27 15:23:25,d1e3:ca69:b724:339e:7ecf:fb79:959e:d56e,1
sdv-id-aFwhJn,ACC_284,ENT_UK_001,529076.4418331772,USD,2026-01-24 04:33:27,6d88:437:21e7:6be:a1c8:9ca7:6c74:804a,1
sdv-id-IFCsny,ACC_225,ENT_UK_006,695261.7934586788,USD,2026-03-14 10:06:59,9975:4527:2256:3fb7:8069:89e7:6a30:c424,2
sdv-id-GdRPXh,ACC_293,ENT_UK_010,73087.77137632415,USD,2026-03-21 18:59:46,2c8e:8903:c00d:e82c:3bdd:f85:985d:9887,1
sdv-id-qfaNkM,ACC_107,ENT_UK_014,35721.1807627135,USD,2026-01-26 12:56:28,7c99:8916:b1b2:9f23:891a:7df:96f5:f7f8,1
sdv-id-BwjwKA,ACC_100,ENT_UK_013,74662.96988936183,USD,2026-03-11 03:10:12,3a98:3311:eb99:d843:21f6:e6cb:dd65:ebce,1
sdv-id-yzobvi,ACC_211,ENT_UK_009,1353424.1482669364,USD,2026-03-09 17:39:10,ea:3ee6:5feb:5cae:e4db:8a76:b8d2:d29a,1
sdv-id-ZTWVsF,ACC_225,ENT_UK_006,527826.9913765145,USD,2026-02-27 21:47:31,3554:aaa1:392:41e3:3020:b86f:69f6:549b,2
sdv-id-iXrwqK,ACC_142,ENT_UK_001,1418.9156798527156,USD,2026-03-07 08:14:15,618:2059:c365:3482:29dd:e58:1e4c:ecbe,1
sdv-id-wcvftt,ACC_196,ENT_UK_008,2247948.0041561993,USD,2026-02-28 20:58:29,7f4f:85bf:83a:eb31:b509:a016:7b7:5769,1
sdv-id-tQLXbf,ACC_271,ENT_UK_003,44902.98846898596,USD,2026-03-06 14:03:32,344f:2077:bff4:9297:435:1301:9ecd:dedb,1
sdv-id-EWvbKU,ACC_264,ENT_UK_004,185399.9016903211,USD,2026-03-18 20:29:10,c0a1:748b:7c05:fd60:43f3:8761:a464:4b31,2
sdv-id-hbrcxb,ACC_142,ENT_UK_001,674146.0095266828,USD,2026-01-05 21:39:46,9c8e:6288:741e:4378:a9b4:971:7d3e:ee67,2
sdv-id-uxzCCH,ACC_155,ENT_UK_011,74831.25884715132,USD,2026-01-10 19:33:20,6d00:3f2d:df3b:7e47:23a5:b2b8:ecb2:fd19,1
sdv-id-pSzwYK,ACC_196,ENT_UK_018,1692.9859621675162,USD,2026-02-24 03:57:00,d7e7:8d80:d21d:814c:4570:bb4f:25be:c2d4,1
sdv-id-tUOSTF,ACC_107,ENT_UK_010,1036.3830400212885,USD,2026-03-23 07:20:25,4872:4ce9:7e48:2327:9e62:9bbf:cacd:20ed,1
sdv-id-itjMtt,ACC_293,ENT_UK_006,745518.6906588075,USD,2026-03-06 00:49:28,d38a:2d38:14ac:1906:873f:92bb:4215:270f,1
sdv-id-AEZlvD,ACC_123,ENT_UK_014,627176.7740298673,USD,2026-01-11 14:44:12,62fc:a334:bd67:c34d:52a1:c5f1:d323:adc4,2
sdv-id-HmsgAL,ACC_134,ENT_UK_010,379536.6599673018,USD,2026-02-03 04:30:32,de36:d459:8f03:dd63:bd18:a7b4:df37:78f4,2
sdv-id-HnuHfX,ACC_142,ENT_UK_011,261754.9330234667,USD,2026-03-22 03:52:11,e391:c4d6:f599:f333:7803:b410:884d:45b4,1
sdv-id-ETPdKQ,ACC_123,ENT_UK_010,47526.12110154899,USD,2026-02-18 16:42:25,34b3:496f:b758:7bbf:e3f:3b02:7186:4622,1
sdv-id-yIPolJ,ACC_299,ENT_UK_019,945.9342809770072,USD,2026-02-18 17:58:15,8e80:3425:aeeb:1d7e:f9cf:dc31:6264:9a44,1
sdv-id-NZLccz,ACC_225,ENT_UK_015,71442.24646656102,USD,2026-03-27 19:54:47,f9be:f46d:f298:7480:9386:449:de30:d5fc,1
sdv-id-aguXux,ACC_176,ENT_UK_002,234706.32780502472,USD,2026-01-19 00:25:27,b97f:56a8:a5e3:ebfc:9206:b5d0:a086:9b49,1
sdv-id-ZdAtUc,ACC_262,ENT_UK_015,1644247.9219469028,USD,2026-03-05 08:01:22,e512:ebd:26bc:30a7:28ec:8cf9:5fc2:a4d0,1
sdv-id-BVzXkQ,ACC_271,ENT_UK_003,36777.596154451094,USD,2026-02-17 15:22:58,cb87:ece:110b:86b4:556e:f2d5:2bf0:70c9,1
sdv-id-iefXqb,ACC_134,ENT_UK_019,1345432.6827196504,USD,2026-01-22 00:52:53,b3b3:1a9:cc54:559d:ade0:617e:9abf:aca3,1
sdv-id-BEnpNB,ACC_242,ENT_UK_003,750408.5621268208,USD,2026-03-30 21:54:51,ffc4:ebbb:97aa:caac:10d4:db82:9662:2a6,1
sdv-id-TwnAbo,ACC_190,ENT_UK_016,291767.80232105276,USD,2026-01-29 13:59:22,b2cc:fa74:60f1:48fe:7f65:fe22:b4f7:de5e,2
sdv-id-Wnzrtg,ACC_176,ENT_UK_001,540750.9358599574,USD,2026-03-22 10:18:39,460b:4880:13b3:25c6:8507:50be:c50a:6a61,1
sdv-id-nhTQKl,ACC_107,ENT_UK_019,161485.94481816576,USD,2026-03-19 00:59:09,ce10:9bb1:ee0d:c0a3:b333:bff9:ca9f:1db7,1
sdv-id-pdvppZ,ACC_107,ENT_UK_001,22315.309501146385,USD,2026-01-17 21:42:15,5560:9ffa:60f2:5f6b:bbdc:4881:f1ef:879f,1
sdv-id-wSERQQ,ACC_176,ENT_UK_015,1751.8684089972678,USD,2026-03-26 06:50:25,8a54:2184:44c4:48e5:1864:d462:6ecf:3461,1
sdv-id-tQmlzY,ACC_171,ENT_UK_017,159470.9971214446,USD,2026-01-27 01:38:50,6ded:fc26:7410:a44e:d1d4:2da3:47f6:6ea4,1
sdv-id-CLlYNC,ACC_155,ENT_UK_012,3965.791030163693,USD,2026-03-23 22:52:07,5138:343f:767b:9b71:20c4:4eca:fbea:8c98,1
sdv-id-tNKjIR,ACC_248,ENT_UK_013,76132.3256090906,USD,2026-03-07 17:16:35,44bd:f932:700b:263e:9664:f434:d5ea:2220,1
sdv-id-lFWYBa,ACC_176,ENT_UK_015,1246.7473768921166,USD,2026-02-06 23:01:49,953c:d656:9263:c9dc:ba3d:9a7e:e603:9eee,1
sdv-id-jWlygJ,ACC_225,ENT_UK_001,10504.03261026961,USD,2026-01-29 19:09:51,193a:88c5:9fba:55c8:9ab5:742a:9d05:8b3b,1
sdv-id-soEZbc,ACC_256,ENT_UK_017,41910.45061563209,USD,2026-04-01 17:39:55,3236:4beb:305d:953f:dc1:5e17:91dd:eb5d,1
sdv-id-wEGjbe,ACC_243,ENT_UK_009,66170.29085958499,USD,2026-03-03 04:18:14,581b:ea43:56d1:f885:cd44:a2fe:b717:a6ca,1
sdv-id-ImZEwL,ACC_107,ENT_UK_007,71502.03574913468,USD,2026-03-11 19:55:06,36b0:b4cb:6637:89db:68e7:69f3:5fe3:fd37,1
sdv-id-kFwUOk,ACC_225,ENT_UK_003,486115.79125019856,USD,2026-01-09 11:27:41,987:965f:eb92:6ea1:4656:f8b6:6d61:a51a,1
sdv-id-uthSiC,ACC_253,ENT_UK_002,406705.0902452532,USD,2026-03-19 02:09:40,9666:5f6f:3cec:bd02:9bcf:1c72:75e5:b7cd,1
sdv-id-XZlcBL,ACC_134,ENT_UK_012,781108.783472848,USD,2026-02-01 23:22:57,4f2e:38e0:e9f8:910d:76a6:92e6:3b60:61d1,1
sdv-id-uYhZok,ACC_134,ENT_UK_001,520277.6488166989,USD,2026-02-06 04:36:25,c3b2:483c:13be:6d2d:c980:c837:6f55:727,1
sdv-id-MXvcDf,ACC_243,ENT_UK_018,2980.0857910191944,USD,2026-03-07 00:46:35,7f4a:da46:aa:bda2:ef68:8bf3:c26e:441a,1
sdv-id-ZVRHGd,ACC_176,ENT_UK_017,7442.113782636454,USD,2026-01-26 03:44:06,676a:668e:bfc8:9d20:1116:6ab1:e21f:adbb,1
sdv-id-FfJWKW,ACC_181,ENT_UK_017,121766.81960759156,USD,2026-03-24 10:59:35,78fb:48c0:d9e5:a3b0:a51f:4e63:e52b:2886,1
sdv-id-RcMrBN,ACC_181,ENT_UK_007,88897.23626896372,USD,2026-03-21 21:19:59,c443:a76:a212:12d2:cb4c:3dfc:8e84:fed9,1
sdv-id-mQeWWk,ACC_142,ENT_UK_013,84811.16641216635,USD,2026-03-06 01:39:08,2584:173e:5706:ebf8:fd66:c5e6:5ea6:295c,1
sdv-id-ZKhAnq,ACC_176,ENT_UK_015,3956.143087398435,USD,2026-04-01 06:17:52,5fed:ff5f:3ba9:6c34:c8ed:968a:f055:ae80,1
sdv-id-rsKseX,ACC_155,ENT_UK_017,8933.80296097938,USD,2026-02-17 02:04:59,162a:f759:9f8:aa31:9dfa:9c13:1790:cf1f,1
sdv-id-qQmaYn,ACC_273,ENT_UK_008,203681.92179990123,USD,2026-02-25 10:26:59,d990:df91:57d3:96bc:9873:350c:b702:dd5a,1
sdv-id-TNnDDL,ACC_196,ENT_UK_013,21364.766827239884,USD,2026-03-17 04:12:10,ad2a:ee7a:df4d:ec82:7ef6:1efe:a384:57c2,1
sdv-id-dvJOFf,ACC_155,ENT_UK_017,1153.4496452999667,USD,2026-02-22 10:37:27,cbed:da35:bde2:a1f3:e729:2656:84fd:35d2,1
sdv-id-armZQo,ACC_176,ENT_UK_007,1466.0729833841142,USD,2026-03-08 17:56:27,8622:f437:bebc:a2de:87eb:b146:a0b8:1c2e,1
sdv-id-MIOTWG,ACC_273,ENT_UK_003,26798.098921288376,USD,2026-03-01 09:11:23,30ea:a61:a457:6a84:7a6a:2e95:23dc:d311,1
sdv-id-kdliMg,ACC_156,ENT_UK_014,962.8783207939184,USD,2026-01-05 00:59:53,dcbd:7f59:c11:6e77:c2b5:a8a6:8449:d768,1
sdv-id-tRAsUS,ACC_176,ENT_UK_016,38952.6341392861,USD,2026-02-20 02:55:00,aea1:cb56:fce9:23b8:c8d7:b3b1:7328:d137,1
sdv-id-mFeKdD,ACC_176,ENT_UK_012,212376.9903801717,USD,2026-01-27 03:24:20,3d83:1da:254a:5b4b:441e:aeae:4de6:829,1
sdv-id-OTpjwz,ACC_176,ENT_UK_004,20444.390258254414,USD,2026-02-24 20:22:25,1d38:daf5:92f2:8362:642c:b43f:531e:3ee2,1
sdv-id-SLqLcf,ACC_293,ENT_UK_005,186066.79470295965,USD,2026-01-17 12:46:49,fd87:432b:3221:ec07:9db3:1f23:92fc:861c,1
sdv-id-INafLV,ACC_294,ENT_UK_001,7888.998021773662,USD,2026-03-23 18:04:59,5d13:232d:38e3:9be6:e38:6fb2:6b2a:b073,2
sdv-id-eRXFts,ACC_271,ENT_UK_012,992.1470292335858,USD,2026-01-06 17:02:00,e2ac:9d59:7600:a4aa:dc80:ec36:cdb0:be4e,1
sdv-id-VCguiG,ACC_211,ENT_UK_003,809841.5564906199,USD,2026-01-31 19:29:07,91ff:4335:30dc:2c3:456e:13be:4938:6116,2
sdv-id-AGpNHJ,ACC_176,ENT_UK_013,47415.99786326065,USD,2026-02-21 05:40:19,d712:8cde:6748:f95d:69bc:5a61:6e49:4578,1
sdv-id-OYVKPP,ACC_107,ENT_UK_012,361593.4047330086,USD,2026-02-22 22:04:47,67e7:44c5:7467:69ae:bc60:3108:eaa7:3c33,2
sdv-id-XjOMxy,ACC_211,ENT_UK_001,410441.05540960183,USD,2026-02-18 06:28:50,1ef8:30cc:1ffb:f6b7:4b8d:6fc4:d082:9e21,1
sdv-id-pytmgz,ACC_184,ENT_UK_004,588649.4600512683,USD,2026-02-27 14:21:05,cd23:aa9e:6b5a:7ff6:312d:8457:1a6e:cf5,2
sdv-id-DQzuDD,ACC_107,ENT_UK_016,123471.80809449116,USD,2026-02-10 01:04:13,423a:f733:f112:c086:ae6d:8a7:9e5a:ffdc,1
sdv-id-cVYSuZ,ACC_171,ENT_UK_007,159776.87969348513,USD,2026-03-08 22:23:06,f1af:24fb:46bf:c42a:bb1:e9c8:e6f1:c3ae,1
sdv-id-dltNhQ,ACC_186,ENT_UK_016,2720.693430832354,USD,2026-03-07 08:18:18,ffc7:e081:43e3:1cf5:7774:e60f:77b5:429e,1
sdv-id-yFyvHO,ACC_176,ENT_UK_019,286139.746640259,USD,2026-01-14 10:18:17,e2d9:af9b:d02b:39d0:b764:2a6e:ed60:9432,1
sdv-id-uUcXLJ,ACC_156,ENT_UK_012,1112.358700990112,USD,2026-03-21 21:24:31,27cc:2af7:26d0:68e3:8eea:96b9:1a2d:759e,1
sdv-id-USmEkE,ACC_142,ENT_UK_001,47008.42178771052,USD,2026-02-11 12:28:58,13c6:447c:96d6:cea9:410a:1050:fad5:3cc0,1
sdv-id-uOqZwX,ACC_284,ENT_UK_002,11309.625674087514,USD,2026-02-03 10:38:36,8efb:8444:4f92:cd37:317b:f8cc:8d9e:64b,1
sdv-id-GdHKXh,ACC_176,ENT_UK_001,1586.2849710580165,USD,2026-03-22 05:46:07,d833:be00:808e:f0d7:93e9:5e53:1449:329f,1
sdv-id-iHVKBs,ACC_264,ENT_UK_014,23286.2610917315,USD,2026-03-31 10:25:32,7bfe:3141:6270:ed63:3a62:5f3d:c2e2:314d,1
sdv-id-XjgVWA,ACC_142,ENT_UK_011,123467.7751338316,USD,2026-03-28 13:26:39,31d:c45a:3015:da88:7dd8:73db:f3ed:edba,1
sdv-id-VHZjZY,ACC_261,ENT_UK_001,173643.5070622911,USD,2026-03-18 21:15:10,2ffe:1940:93d0:fb78:87a8:ccb8:24db:b02c,1
sdv-id-sbcNkn,ACC_171,ENT_UK_001,283918.96225930506,USD,2026-03-23 05:06:51,69aa:6588:acc2:15e5:f4f6:d990:88cb:47af,1
sdv-id-IZbZku,ACC_279,ENT_UK_007,1074688.9698586897,USD,2026-03-31 09:11:18,6561:52b3:3455:61d4:1267:7fc4:e20e:4813,2
sdv-id-SleRoA,ACC_176,ENT_UK_008,1590.928415969733,USD,2026-03-19 22:20:21,d757:4fb:63e0:8f19:2eb2:c76d:20b7:376e,1
sdv-id-xIuAKA,ACC_248,ENT_UK_013,57588.79989604141,USD,2026-02-03 10:10:32,b7d3:c4e6:320:7ad4:ccba:fa8b:e210:f7c,1
sdv-id-hBkMxR,ACC_293,ENT_UK_002,22472.492347941592,USD,2026-01-21 17:26:26,9da2:498:78b7:1167:8a33:9538:e5e9:c4cc,1
sdv-id-PaNEHO,ACC_211,ENT_UK_001,31747.857341279137,USD,2026-03-26 15:06:31,d654:7652:a85d:fc82:c529:b87d:6a68:4a4f,1
sdv-id-PnfDHH,ACC_171,ENT_UK_010,21151.02931076963,USD,2026-02-17 23:19:43,cfec:d418:c033:268c:c84c:2892:45ad:772,1
sdv-id-ZWBWZJ,ACC_107,ENT_UK_012,975.2476146134936,USD,2026-03-27 06:48:46,90d9:6793:1ff6:e9ad:df08:6d33:8bf0:9bd1,1
sdv-id-uFpdAW,ACC_264,ENT_UK_015,846394.7364611798,USD,2026-03-31 03:43:03,e433:a7be:a89b:4b86:2a3:ecfe:2151:fdf6,2
sdv-id-bExgLb,ACC_242,ENT_UK_014,352490.0949723827,USD,2026-04-01 05:16:26,131a:d3d3:3d2c:b13c:6d2e:e9b0:6ca7:b486,1
sdv-id-nlyNvN,ACC_199,ENT_UK_010,5175.558462898681,USD,2026-01-23 18:40:10,bcaf:8080:5b37:2ba2:e1a7:e623:1679:94a1,1
sdv-id-YtofrA,ACC_176,ENT_UK_014,290619.2500502531,USD,2026-03-10 10:05:52,e6d7:8aae:fe84:72ac:4b4a:4bd4:37f3:a177,1
sdv-id-kLIzBC,ACC_171,ENT_UK_001,127274.76417819007,USD,2026-01-10 03:01:01,e299:f0a5:a39d:2365:9bb8:6fcc:7d11:5b12,1
sdv-id-KfIlNw,ACC_221,ENT_UK_017,163154.74137872749,USD,2026-03-12 01:33:02,8925:e371:b8c:c6b:37bd:bfef:7765:5e26,1
sdv-id-EKawzq,ACC_134,ENT_UK_018,15399.076908448324,USD,2026-03-16 11:18:30,fec9:91b1:a43c:5a3a:727a:279b:b09d:82bd,1
sdv-id-ZIKvDP,ACC_273,ENT_UK_003,74916.21540570767,USD,2026-03-29 03:40:19,d0fc:279:9fed:77a2:5111:576a:d200:5bdd,1
sdv-id-yCkUXR,ACC_242,ENT_UK_006,15888.49758339368,USD,2026-03-25 15:12:40,8994:f717:9bf7:4698:aff1:ec4e:83cc:f93c,1
sdv-id-LZXvuE,ACC_142,ENT_UK_012,929849.7622379458,USD,2026-02-09 21:59:26,4c26:b606:d184:aeed:f463:b516:cb20:eb5d,1
sdv-id-IEWFzS,ACC_142,ENT_UK_003,907784.4659454864,USD,2026-03-18 02:52:52,5787:bb00:e624:3ade:5f89:f7dc:aa5b:704d,1
sdv-id-iWVUZu,ACC_107,ENT_UK_001,25924.359872895224,USD,2026-03-13 02:59:57,7982:b6dd:221a:33dd:8719:b96c:15de:2874,1
sdv-id-txfxJY,ACC_211,ENT_UK_001,1885.7294695953033,USD,2026-04-01 00:08:51,83be:457b:9889:b1b2:741d:7d5e:46ea:dd1,1
sdv-id-pmwwxc,ACC_211,ENT_UK_015,276642.5582012755,USD,2026-03-12 20:21:22,2615:3a2a:42f2:739c:49dd:51df:b790:c64,1
sdv-id-fwEREg,ACC_211,ENT_UK_013,48922.182229803606,USD,2026-02-28 02:18:15,e57c:8ba8:5de1:da9:1fd0:2656:2efb:85d5,1
sdv-id-ByzZoQ,ACC_176,ENT_UK_019,767093.0949192384,USD,2026-03-03 10:00:14,71b2:7d23:ebe9:9389:ecc3:2a6:8967:717f,1
sdv-id-iIMrXq,ACC_142,ENT_UK_004,14448.89533614137,USD,2026-01-29 02:14:25,e738:7576:6683:e56f:82ae:637a:54e7:79db,1
sdv-id-TkwUIQ,ACC_264,ENT_UK_006,155466.20603343158,USD,2026-01-23 09:29:24,3cc7:3c01:edcc:7a11:3de9:d82d:7d59:f104,1
sdv-id-sWmcsb,ACC_181,ENT_UK_009,240452.4297058047,USD,2026-04-01 10:10:46,f571:c015:bdb0:d4b8:420c:1ec6:abec:4a52,2
sdv-id-VzcmzZ,ACC_176,ENT_UK_005,697682.5556282215,USD,2026-03-15 18:45:43,9926:d3ab:d280:7097:ded1:e5c:27da:d6d,1
sdv-id-KmxKTt,ACC_123,ENT_UK_018,238546.44031427984,USD,2026-01-17 05:48:36,179f:deec:1afc:f87b:18f8:4870:c9a9:1110,1
sdv-id-ECjUfe,ACC_155,ENT_UK_010,50412.62330834594,USD,2026-01-21 10:27:49,45ca:883a:67ff:69c9:3b12:f6aa:461e:2a03,1
sdv-id-DLSMZP,ACC_142,ENT_UK_010,23804.06879088105,USD,2026-02-05 15:11:50,e8b8:3ea4:5a34:ee17:1000:dbc1:4c48:799,1
sdv-id-uVYSdI,ACC_107,ENT_UK_006,1431.8819975187257,USD,2026-03-24 21:45:45,3ab5:20be:d456:c6ce:35c4:d117:4f64:8d0d,1
sdv-id-WJgDWo,ACC_273,ENT_UK_019,3196.6020378490693,USD,2026-04-01 05:37:38,a3f7:19cc:8352:bdef:a7b7:6dac:55f2:28b4,1
sdv-id-oXhbCm,ACC_155,ENT_UK_007,42175.53565249935,USD,2026-02-22 02:25:52,d5d1:72d8:5635:1ba6:bb19:4969:cb58:81ac,1
sdv-id-nkTRKJ,ACC_176,ENT_UK_007,1845.962506755296,USD,2026-01-13 17:38:33,8a83:5c63:17a0:10c5:473c:7385:cd53:f93d,1
sdv-id-ZZPSgq,ACC_134,ENT_UK_008,12743.817484811154,USD,2026-03-15 02:35:41,905a:9e1c:617f:6759:6d3a:9ee3:9751:335e,1
sdv-id-REWACM,ACC_171,ENT_UK_007,1487.4142278150457,USD,2026-01-06 04:20:04,a3d:b038:1cd3:f099:abbf:648b:98df:9079,1
sdv-id-QvFFvQ,ACC_142,ENT_UK_019,4665.8715839231,USD,2026-01-30 10:38:51,e9b:b26a:adea:3dbe:87e6:865c:f6ae:297c,1
sdv-id-qKurPE,ACC_176,ENT_UK_015,150032.16980950854,USD,2026-02-11 21:23:22,ebb6:f1ee:a200:baf5:cd3a:760c:b066:e7c0,1
sdv-id-QJyUyD,ACC_211,ENT_UK_009,912082.9068774172,USD,2026-03-18 18:16:29,2779:241d:9ac6:211d:42af:b829:91aa:8ac0,1
sdv-id-ogteYU,ACC_264,ENT_UK_004,461957.9928471989,USD,2026-02-05 22:09:49,bbe2:9623:ef87:f73:85e7:fa09:17a6:9c80,2
sdv-id-vDDqST,ACC_176,ENT_UK_001,1260752.988400502,USD,2026-03-12 07:47:51,5e32:19b1:ff73:7289:4a97:3b70:6aec:2b51,2
sdv-id-wNHwoT,ACC_107,ENT_UK_013,83915.10792549793,USD,2026-01-15 05:06:39,123e:d2e4:6571:5edb:b34b:6d86:bd81:63f3,1
sdv-id-rMgxuw,ACC_100,ENT_UK_018,64927.937045438535,USD,2026-03-29 01:48:01,6176:c614:db55:1d4d:3b12:fc75:dfd5:60e0,1
sdv-id-AJksyP,ACC_221,ENT_UK_017,924.5503117853614,USD,2026-01-08 08:12:32,32dd:cac:1399:3585:1d95:5a03:85c6:cf7a,1
sdv-id-vQcnNI,ACC_171,ENT_UK_009,48876.07592885295,USD,2026-01-15 09:35:44,b41:f584:4789:6835:7e3b:699a:ff3d:e5c3,1
sdv-id-hrLGPp,ACC_187,ENT_UK_002,9068.964138707715,USD,2026-03-07 19:17:11,2091:9cab:adcd:478d:641b:280:228:11d6,1
sdv-id-BGlTBO,ACC_253,ENT_UK_015,336016.1640579944,USD,2026-01-10 01:07:41,2913:fba2:7809:5da3:1a59:2eb6:5405:d514,1
sdv-id-aJsdyJ,ACC_146,ENT_UK_003,3604.354697966337,USD,2026-03-15 03:26:28,2ef7:eba2:4051:99b0:bcfc:97d6:262a:2a4d,1
sdv-id-MMJHzY,ACC_253,ENT_UK_002,90559.7974106952,USD,2026-03-16 08:19:26,15d6:8886:7236:602a:1174:7586:8775:8380,1
sdv-id-sTbKgo,ACC_234,ENT_UK_010,5633.419952281259,USD,2026-03-28 11:27:40,3732:64fd:4ca:8193:eabe:b5d0:f30c:21f5,1
sdv-id-kMimYR,ACC_294,ENT_UK_005,1182.3549131148006,USD,2026-03-14 04:32:35,3512:4a41:9dc7:ed40:14aa:ca61:4610:944c,2
sdv-id-TZzvDG,ACC_176,ENT_UK_010,503570.3531815594,USD,2026-03-07 15:56:29,75c4:d243:8e77:bdc:cd7d:1965:6a62:cef7,1
sdv-id-fyuhzB,ACC_142,ENT_UK_009,192377.08064785152,USD,2026-01-02 00:38:59,a955:f0e4:2ada:406d:1243:fd1f:55bd:d8a1,2
sdv-id-TIOywf,ACC_256,ENT_UK_013,116906.81170269876,USD,2026-02-17 05:28:17,c44f:83be:e27a:d876:6b:41df:ede9:4a09,1
sdv-id-vYfyjF,ACC_176,ENT_UK_010,459797.9782421002,USD,2026-01-18 16:47:26,ea03:80bc:2063:8c4:173:5b97:1c38:a149,1
sdv-id-QZalVc,ACC_142,ENT_UK_013,800223.1882754759,USD,2026-02-17 14:20:24,48e2:63b6:dfb8:681e:b9b5:293b:398d:33b0,1
sdv-id-qzKWtb,ACC_162,ENT_UK_012,1150.9844774047338,USD,2026-01-30 10:05:57,19a2:ea09:c9ef:70ca:4aa6:7dc8:dcba:b3f5,1
sdv-id-BbCAgZ,ACC_164,ENT_UK_004,286137.57091074344,USD,2026-03-07 17:04:55,60a:3134:52d0:4dc:e515:dbe7:9e3e:2016,1
sdv-id-nwYrpV,ACC_155,ENT_UK_004,7510.631464492275,USD,2026-03-21 01:15:45,a5cd:7ce7:f68d:cdfc:28be:c119:f5:3636,1
sdv-id-nICZMY,ACC_176,ENT_UK_001,30531.9986805356,USD,2026-02-20 17:21:09,34e2:e775:2d2b:ee75:959b:b284:f373:1439,1
sdv-id-hDCDzb,ACC_171,ENT_UK_016,145824.97328884815,USD,2026-03-21 22:57:30,bf1e:b2d3:4e31:dda6:db04:1307:4ed3:3a6e,1
sdv-id-ZqIDIo,ACC_264,ENT_UK_016,41432.34971680131,USD,2026-02-28 19:20:48,4cde:3f5:74db:f577:9e02:f145:fe1b:6f1,1
sdv-id-isPOCZ,ACC_262,ENT_UK_013,958.7125881979506,USD,2026-03-14 14:19:19,e3a3:97a1:78f5:cd87:9802:4db1:e358:de3a,1
sdv-id-uSTCVn,ACC_107,ENT_UK_007,42634.114091681295,USD,2026-01-18 20:07:21,4ef5:63ea:d214:55b3:69ce:71c:6d43:2e18,1
sdv-id-LIsdnI,ACC_186,ENT_UK_006,271294.0008732025,USD,2026-02-10 10:00:19,d151:a03e:c7d9:6d4a:5c80:178:a1c9:4d7c,1
sdv-id-BVrPBo,ACC_181,ENT_UK_006,13163.108567233849,USD,2026-02-15 04:18:48,acb3:327f:3c65:c97a:385e:98d0:53f0:e20b,1
sdv-id-cVFCjO,ACC_176,ENT_UK_012,22825.216446605275,USD,2026-02-12 00:17:34,7179:cc77:3efb:d2ba:eaff:12f:b3ff:78bf,1
sdv-id-mdsgCh,ACC_107,ENT_UK_001,20285.57387440915,USD,2026-01-30 21:54:06,8a23:3fff:a678:9775:41f0:1cbc:5de8:cbe7,1
sdv-id-hCiseN,ACC_264,ENT_UK_011,950.7271085930583,USD,2026-03-18 16:08:30,c2c6:6aa1:c687:7bfa:3a94:530e:913b:9fe9,1
sdv-id-PPyfuR,ACC_142,ENT_UK_010,2866675.8215325843,USD,2026-02-25 06:04:41,c30a:7b4:b021:77cb:229b:d745:deaf:7b7b,2
sdv-id-apeNMr,ACC_146,ENT_UK_011,118819.89338349474,USD,2026-03-08 23:42:55,a17b:bd94:e455:c46c:96cd:cd33:e02:d3d4,1
sdv-id-zoldtq,ACC_134,ENT_UK_004,770279.1355925126,USD,2026-02-17 04:17:16,ea67:26a4:5fdd:7143:77cb:4d07:9d9c:b6cd,2
sdv-id-OLUOnd,ACC_284,ENT_UK_019,27568.173602593142,USD,2026-01-13 08:35:26,9f86:6b59:b4d6:d7b9:56ac:532a:b77:1083,1
sdv-id-kaHPyi,ACC_211,ENT_UK_008,81047.16069288306,USD,2026-02-10 13:48:33,f6b2:c0a2:9f2:6eaf:2c8f:1bfe:1923:238,1
sdv-id-IWKaXd,ACC_107,ENT_UK_012,1526.0704380454113,USD,2026-02-12 21:05:54,3d83:42a0:f323:f243:26d1:9d59:9a8:c7a2,1
sdv-id-RGgjkE,ACC_187,ENT_UK_014,854156.0667527097,USD,2026-01-28 06:49:59,1f22:6638:44d2:8e0c:8897:8b56:5d93:f321,1
sdv-id-VuSQmV,ACC_253,ENT_UK_004,1271.6556778436266,USD,2026-02-15 08:35:20,a5f:6ee7:8281:3eb1:c6de:7c2f:a431:c1b0,1
sdv-id-nZqTyi,ACC_196,ENT_UK_003,40684.501784100874,USD,2026-01-31 15:46:13,2a38:fb14:2e73:35a2:f4bf:14f6:a1dc:da12,1
sdv-id-wLyham,ACC_211,ENT_UK_018,75513.33279545348,USD,2026-01-05 06:36:51,1b50:8522:5209:4b74:60c:d757:a40b:5fa6,2
sdv-id-JpFlIR,ACC_221,ENT_UK_011,13385.52402934167,USD,2026-01-05 05:56:58,ead8:b5ad:bb0c:f152:fa03:9bd6:689e:d4b,1
sdv-id-KLpUvT,ACC_142,ENT_UK_002,43935.99826492051,USD,2026-02-18 18:21:50,6c30:241c:a1a8:8839:6110:1ce8:91f5:c045,1
sdv-id-SmmyDJ,ACC_107,ENT_UK_018,1044166.8490665668,USD,2026-03-24 10:29:58,e82c:fa2d:ae35:e0f7:4aa0:50c6:a237:b7d8,1
sdv-id-cfdiUb,ACC_264,ENT_UK_016,105378.2531844413,USD,2026-03-16 15:42:16,9aa9:1609:6336:f1ba:4575:c2b8:5fd4:f849,1
sdv-id-wltFNS,ACC_242,ENT_UK_016,941.1633331858392,USD,2026-02-19 08:29:50,f23:e0e8:f291:4b94:f53a:1849:9c12:f78a,1
sdv-id-AWwPZb,ACC_271,ENT_UK_001,256088.8902453977,USD,2026-01-06 14:30:25,baa5:56a3:835b:c4da:c036:9f69:9b47:b6dd,1
sdv-id-nnsCDP,ACC_176,ENT_UK_007,9315.15897693544,USD,2026-03-04 21:10:52,4d05:667e:861c:17f2:ecbc:537e:cf42:98e,1
sdv-id-TyBfUU,ACC_123,ENT_UK_007,5926.1842221407815,USD,2026-01-04 21:00:10,4041:d6f6:6677:ce1c:234e:76f1:7573:2197,1
sdv-id-rIhZKG,ACC_243,ENT_UK_009,148988.5022183614,USD,2026-03-18 21:39:03,23ae:fc21:b1e0:47b6:e93f:ffec:5fe4:ecef,1
sdv-id-pwzJSL,ACC_273,ENT_UK_004,195278.54097658183,USD,2026-01-10 18:28:55,6ec8:8eb0:68b4:67bd:1794:ec1:9c58:c0c,1
sdv-id-cGXggt,ACC_271,ENT_UK_006,172421.40929542697,USD,2026-03-27 10:16:26,ac45:e494:9f8d:ff99:ed64:1a97:bcc0:a001,1
sdv-id-HkYBwk,ACC_196,ENT_UK_013,18055.714281957284,USD,2026-03-15 05:10:02,3fad:6371:6476:b5a7:60df:118e:97e1:b804,1
sdv-id-EPGLYC,ACC_221,ENT_UK_008,324188.5957769098,USD,2026-03-19 01:21:18,99c9:3cab:6c05:80ff:9a0f:2ea8:b488:9ee3,2
sdv-id-vizoSK,ACC_211,ENT_UK_018,184650.4423490823,USD,2026-02-27 13:40:39,1b05:61d1:aea0:a998:72fd:2c8c:ae54:4e61,1
sdv-id-sOoIXq,ACC_225,ENT_UK_005,235575.08420663947,USD,2026-01-08 04:32:31,105:6624:201:26a1:77ff:a9de:b5df:741a,1
sdv-id-ohCOZV,ACC_189,ENT_UK_017,224782.81191540745,USD,2026-01-07 19:36:54,cb99:e33c:2aed:de5a:4741:9f8e:60ff:1e85,1
sdv-id-nTvyKr,ACC_142,ENT_UK_006,100734.87805790946,USD,2026-02-12 01:51:47,c2a0:c6bf:8f31:35ba:ad54:df60:fd53:b013,1
sdv-id-wEPYZq,ACC_107,ENT_UK_007,159334.42090974867,USD,2026-03-26 20:28:38,4224:3990:b1ae:b906:66f1:f041:bec9:8101,1
sdv-id-UuYHrT,ACC_176,ENT_UK_010,74126.9590380624,USD,2026-01-18 23:48:50,e199:16d2:ad34:77d5:d108:5e13:cc5d:8ba6,1
sdv-id-irlsSl,ACC_181,ENT_UK_006,953.4077841569258,USD,2026-03-15 13:26:30,c3b2:d160:27be:71f:4602:2094:9d65:b81c,1
sdv-id-VKWAvs,ACC_142,ENT_UK_007,37117.644408277374,USD,2026-01-24 08:35:24,f6d2:d3a4:7350:4430:fa9a:579:99b2:3ba2,1
sdv-id-QFXPGJ,ACC_199,ENT_UK_003,11391.27634740594,USD,2026-04-01 01:43:01,4acc:2d17:7445:901c:7821:b0d:19fd:11b5,1
sdv-id-dIBZQX,ACC_187,ENT_UK_014,30715.55234787072,USD,2026-02-15 12:45:37,6c4d:39a:b393:fade:ee70:5c23:3d1:460c,1
sdv-id-oqShTC,ACC_142,ENT_UK_015,325687.29543929396,USD,2026-01-26 07:37:32,63fa:a50e:e0fa:eb79:beb8:d237:acdb:6efd,1
sdv-id-RRjmGU,ACC_181,ENT_UK_016,255051.6094039771,USD,2026-02-08 12:15:07,1c85:71c2:959f:2f53:a9ce:d0bf:ac9c:a1db,2
sdv-id-MCLBcQ,ACC_211,ENT_UK_015,184561.1375679904,USD,2026-03-04 01:09:23,48a5:b740:bb25:e054:e909:bcd1:4da6:5752,1
sdv-id-rwJzIa,ACC_189,ENT_UK_012,43834.323142721376,USD,2026-03-31 08:03:46,b53c:1775:6cc1:94f8:ad56:430d:f177:8e1c,1
sdv-id-ImNqvp,ACC_264,ENT_UK_008,22342.82960623236,USD,2026-02-20 02:30:25,c48a:adf7:fb48:de06:7ee:354e:bcef:f43e,1
sdv-id-RVhNSg,ACC_262,ENT_UK_013,21177.16886810159,USD,2026-01-04 14:50:18,42b5:747f:73ce:b947:ec9d:1133:b76:f66f,1
sdv-id-NZbVoM,ACC_176,ENT_UK_005,334034.56516761123,USD,2026-03-22 17:45:19,77a3:6f10:48ed:11fd:a65b:c104:a5b1:1889,1
sdv-id-qjnsKR,ACC_176,ENT_UK_003,264938.1189059958,USD,2026-02-03 17:57:58,a38d:b680:7dd7:5237:f6db:4379:fc0d:1459,1
sdv-id-UcRGFZ,ACC_186,ENT_UK_016,64516.666564086176,USD,2026-03-24 12:30:09,6961:b655:a60e:fe1:d675:5bfd:464c:34fd,1
sdv-id-EpOiRd,ACC_170,ENT_UK_010,1476.449753056003,USD,2026-01-16 17:49:08,b2a3:9572:6cc4:14f:88f7:41b3:f8ec:557,1
sdv-id-qGFgTM,ACC_176,ENT_UK_019,10431.718689716889,USD,2026-03-19 21:50:50,b8b8:b4ca:cc69:67ee:dbd:d9a0:1872:bcb7,1
sdv-id-uVMUFZ,ACC_142,ENT_UK_004,20152.577418212382,USD,2026-01-03 20:04:05,b19c:ca44:938a:b621:206e:4b4c:9a9c:1f68,1
sdv-id-AHzGtI,ACC_142,ENT_UK_005,1088155.8325968306,USD,2026-01-02 15:57:07,3bfe:29f9:9963:f091:144b:9ee8:cb0c:9a7e,1
sdv-id-jOryCz,ACC_107,ENT_UK_005,4584.003870184269,USD,2026-02-04 08:33:23,27fa:4172:430a:b5c:9ebf:1b86:3326:18b5,1
sdv-id-qAIPiV,ACC_142,ENT_UK_014,341988.77301552164,USD,2026-02-16 19:14:14,c1c6:ba09:7fee:5f8d:940e:f5cf:941b:563b,2
sdv-id-WPaIiH,ACC_211,ENT_UK_005,1258.5265318303575,USD,2026-02-26 06:28:01,392d:4c8e:350b:84e4:3cc9:14e0:9c26:eec5,1
sdv-id-klUVBQ,ACC_100,ENT_UK_002,3919.015114001474,USD,2026-01-31 09:45:37,b269:a7c9:333d:e4b6:a719:7f39:2048:4cee,1
sdv-id-eykFti,ACC_273,ENT_UK_009,6745.737895919143,USD,2026-02-27 22:36:54,8e16:86a0:b764:9952:920e:5c5e:e76b:75d5,1
sdv-id-TNnRGb,ACC_142,ENT_UK_005,917.8505510124822,USD,2026-03-28 10:37:00,bca1:4fd6:fd27:effb:ff87:b611:6e92:cb13,1
sdv-id-PMPeaj,ACC_271,ENT_UK_015,1068249.0313110538,USD,2026-03-01 09:29:45,117:e74e:90a6:3fe2:1640:e2d3:8d51:cd1a,1
sdv-id-cSJBdH,ACC_221,ENT_UK_009,646139.4676052857,USD,2026-01-02 09:29:44,b0ee:f101:af9d:68de:4a8f:427e:4138:985c,1
sdv-id-UVnzye,ACC_186,ENT_UK_001,2322.664792498379,USD,2026-03-23 17:39:04,b639:d135:ff0d:a49f:dfde:430a:523d:a861,1
sdv-id-OhLhLN,ACC_256,ENT_UK_007,1379640.1235746087,USD,2026-03-16 18:34:03,4382:95cf:9738:e70b:6234:74ff:7b2a:dd2a,2
sdv-id-WIJPIv,ACC_107,ENT_UK_017,266605.58557024447,USD,2026-01-04 04:55:38,401a:944f:4054:6777:2029:324a:73ae:e25e,2
sdv-id-crqWSF,ACC_186,ENT_UK_015,55132.51351531365,USD,2026-02-28 21:45:06,2ac2:2519:65dc:e45f:1081:1849:29e:3a8a,1
sdv-id-LhrNEg,ACC_186,ENT_UK_004,229892.61397148544,USD,2026-01-23 14:21:10,d36b:c090:f6a0:a4e2:c538:7a6f:cdee:fe94,1
sdv-id-TpHwcs,ACC_100,ENT_UK_015,72423.53585518556,USD,2026-02-03 23:47:28,f1ac:24be:e446:9522:17c:b8bd:903:313a,1
sdv-id-vkzYgS,ACC_271,ENT_UK_019,985.0499886814634,USD,2026-03-01 09:18:23,e4c3:792e:b977:65f4:c154:d23c:da89:2018,1
sdv-id-cvymSU,ACC_142,ENT_UK_014,53927.96675186318,USD,2026-02-26 06:20:47,a850:5ea2:5420:e31b:f029:ffa2:6c24:926b,1
sdv-id-UHoSUT,ACC_273,ENT_UK_019,148529.8665324376,USD,2026-01-14 21:12:05,5445:1f70:f1d9:46f9:3745:75b0:b16b:14d1,1
sdv-id-wBegTN,ACC_229,ENT_UK_018,177621.72637136938,USD,2026-01-19 17:38:09,3014:1151:87e6:ba99:25b1:9e6e:9a3:d342,2
sdv-id-UGlwgQ,ACC_299,ENT_UK_015,678930.3751580127,USD,2026-01-27 23:04:57,cbea:dd97:4e46:fee5:82ad:cb96:a107:28be,1
sdv-id-hVZZTi,ACC_134,ENT_UK_003,575167.960669432,USD,2026-02-05 03:41:05,4687:1b2a:fd21:ae2b:a39c:27c1:df1b:94d2,1
sdv-id-moLWZJ,ACC_176,ENT_UK_012,2923.904777848334,USD,2026-01-07 07:54:37,324b:b0be:fb20:c97b:1d6d:6304:519c:62b9,1
sdv-id-pTFyaV,ACC_271,ENT_UK_018,7451.299166687892,USD,2026-03-05 11:53:01,60c4:e97c:5c15:84d7:23f0:accf:5550:4b01,1
sdv-id-YXwSqe,ACC_284,ENT_UK_003,233609.26841761128,USD,2026-03-19 12:10:31,8933:5361:272d:72dc:702f:55bd:f97e:bfd9,1
sdv-id-fFCORJ,ACC_293,ENT_UK_006,5495.612821507233,USD,2026-03-22 21:06:16,d9f5:e982:5c08:7edf:498:47e9:6ce8:cdac,1
sdv-id-NERHBR,ACC_176,ENT_UK_007,984.6200026298114,USD,2026-02-26 19:19:33,a44:23a3:e1ce:48b4:be65:4fb6:6701:aa35,1
sdv-id-eqxOQR,ACC_256,ENT_UK_010,413676.0907050756,USD,2026-01-17 03:41:51,8aad:ac8e:7f97:3f30:110a:fd4d:592d:79b8,2
sdv-id-Chljgc,ACC_211,ENT_UK_006,4660.735428654955,USD,2026-03-30 10:22:42,67a6:d514:9b36:47ae:2a2d:237c:19c5:ab89,1
sdv-id-FibfmR,ACC_176,ENT_UK_005,56784.84177950406,USD,2026-02-20 22:31:25,adcf:10ce:1f88:b24:7d8e:d074:b64a:246,1
sdv-id-JglDmc,ACC_142,ENT_UK_017,158205.1831306001,USD,2026-03-26 10:42:36,122d:b010:3b8c:f759:353c:e7e1:bd25:13dc,1
sdv-id-WSvPlR,ACC_146,ENT_UK_016,403825.5400312061,USD,2026-03-25 15:52:07,e307:e9d3:cac6:8672:c0a3:bc33:a21a:cb0b,2
sdv-id-QcXJbC,ACC_293,ENT_UK_017,165804.35365280128,USD,2026-02-22 03:08:32,9ca3:2230:fb1e:19f4:25cf:e6df:21e9:828b,1
sdv-id-TJyvUN,ACC_186,ENT_UK_009,341183.52794182167,USD,2026-01-05 09:03:25,bb6a:84de:c5aa:4700:ae5d:46f8:f903:7c85,1
sdv-id-sftoaD,ACC_186,ENT_UK_005,164012.7973782733,USD,2026-02-21 01:43:37,6b11:a290:3c2e:7fcd:aaa4:64eb:e41f:c644,1
sdv-id-fhseLz,ACC_171,ENT_UK_016,1002.9708769028128,USD,2026-01-08 15:33:36,f394:23d2:7855:3bdc:2c95:3533:12d8:1d34,1
sdv-id-cwUvtx,ACC_107,ENT_UK_016,64306.46193897043,USD,2026-01-01 22:43:15,626d:e600:e071:b9e8:950f:8cd8:3c54:cea2,1
sdv-id-WLNUEL,ACC_142,ENT_UK_019,1082594.9515686186,USD,2026-03-14 12:25:03,1d48:58d9:c1eb:13aa:50a8:ce00:7378:e0bf,2
sdv-id-roieuH,ACC_293,ENT_UK_008,287339.5876438814,USD,2026-02-18 23:01:04,81e6:49a:770c:1c3a:8e7e:db8d:d528:c45e,1
sdv-id-wVpPIB,ACC_164,ENT_UK_014,72720.63235267503,USD,2026-01-11 20:17:45,b77c:baed:9702:eb6e:228d:4543:1990:421a,1
sdv-id-baUQnw,ACC_186,ENT_UK_004,431101.6992546405,USD,2026-02-11 11:53:15,fe03:fbcc:6ab2:3623:8518:7f9d:9679:1c2b,2
sdv-id-YlCbZR,ACC_273,ENT_UK_018,354416.0952513457,USD,2026-01-04 06:39:08,af0f:5015:66f9:2990:49f3:bed4:320b:2ca5,2
sdv-id-DerORT,ACC_142,ENT_UK_006,1720.372760152336,USD,2026-03-31 03:50:58,c160:1e25:2bee:2cef:6b61:a2f1:ad05:1a10,1
sdv-id-exLYtT,ACC_181,ENT_UK_007,7949.076967799468,USD,2026-02-04 13:44:03,5d31:23ff:679c:c5d7:9fad:d23b:7498:1ffd,1
sdv-id-GAumJD,ACC_186,ENT_UK_011,22002.172453550676,USD,2026-01-21 21:47:26,c64f:eaed:db0:68f7:825e:7f79:22f3:ffb1,1
sdv-id-xwfWPm,ACC_107,ENT_UK_004,663104.6420947701,USD,2026-02-17 18:24:12,8a87:8380:7419:588e:a07c:407b:92c6:7a1e,1
sdv-id-DyAAAq,ACC_171,ENT_UK_001,1871.1902187259332,USD,2026-03-08 12:42:57,9c65:d6a6:fb6e:2283:c2ca:c2a:22ef:5533,1
sdv-id-YfJBPM,ACC_142,ENT_UK_009,24336.610530173588,USD,2026-01-18 22:15:37,64b5:dbd8:336:3dc5:e17e:bddc:3cf2:c69e,1
sdv-id-zCwUPE,ACC_232,ENT_UK_018,681036.0247988448,USD,2026-03-24 14:40:50,ee40:8c5a:acad:c5d9:42c7:bf8c:3502:b772,1
sdv-id-iEQNlu,ACC_179,ENT_UK_003,1022687.1023653116,USD,2026-04-01 07:06:19,7402:875f:f991:2095:6886:18a0:c941:4018,2
sdv-id-MVuBOX,ACC_155,ENT_UK_013,989766.0834710912,USD,2026-01-29 01:43:57,65e5:f21:8c8f:a213:5cff:719c:5619:152,2
sdv-id-vMWJMQ,ACC_186,ENT_UK_018,22999.337272807075,USD,2026-02-22 01:00:31,df19:53db:37ed:ba86:9ec5:a13c:742:6442,1
sdv-id-YsSiPb,ACC_186,ENT_UK_013,949.6040848484053,USD,2026-01-18 13:03:36,d99c:1a0d:102:341b:9b88:6ed5:42ec:751a,1
sdv-id-JdVcWm,ACC_211,ENT_UK_018,1336136.5128872255,USD,2026-02-15 02:05:04,7638:40b6:306f:f86:62af:6598:7d56:9d37,1
sdv-id-eqIwsZ,ACC_156,ENT_UK_005,4918.090162584812,USD,2026-01-24 01:02:01,8257:794f:11b8:5ebf:6469:e6f0:6fc5:b5ce,1
sdv-id-uZPboH,ACC_248,ENT_UK_005,15655.968093903048,USD,2026-01-19 08:55:54,487b:22c5:64b1:dc2a:ed33:68ca:f956:7526,1
sdv-id-cJsbkr,ACC_242,ENT_UK_014,974.094594040898,USD,2026-03-11 04:56:16,8d9:2798:6107:aceb:b959:d8da:54e0:10e,1
sdv-id-uFnIYv,ACC_293,ENT_UK_007,42527.57032808477,USD,2026-02-08 19:06:02,b896:9bce:21ca:93a5:9839:8ff:8f58:fa8a,1
sdv-id-ZPlRjd,ACC_134,ENT_UK_009,2578.7100017701696,USD,2026-02-01 14:47:49,e443:6fc:a499:f1b2:2a66:21eb:f1e3:81cf,1
sdv-id-bGiVMp,ACC_107,ENT_UK_019,4264.827461452314,USD,2026-02-19 21:28:07,10d3:ca93:511:c46a:13a0:5a0e:b6a:1480,1
sdv-id-wHXQGU,ACC_107,ENT_UK_013,1457538.528178538,USD,2026-01-03 07:50:22,bd57:e16d:3a2f:78cb:912a:ac3:cc17:fe29,1
sdv-id-VZNKea,ACC_176,ENT_UK_019,1476.2322216750056,USD,2026-02-23 11:57:10,be0c:42f3:c2e2:4780:82e4:3bf9:b70d:6de9,1
sdv-id-eVCqNh,ACC_273,ENT_UK_002,266344.7932980152,USD,2026-03-28 00:48:38,81ad:376f:b419:3466:edf9:9386:5994:5aef,2
sdv-id-zYZndi,ACC_142,ENT_UK_019,8237.245025835768,USD,2026-03-10 19:24:18,43a1:59af:23a6:7b41:340f:b776:87ca:df2d,1
sdv-id-icJfPH,ACC_142,ENT_UK_017,915.9941753670952,USD,2026-02-22 06:19:54,4b14:efe:1ad7:7fd8:69a7:18ab:1159:9b56,1
sdv-id-BaGtPs,ACC_123,ENT_UK_008,58840.10736967544,USD,2026-03-03 07:44:02,8b4b:7efb:4140:d625:569a:b47a:6c89:c914,1
sdv-id-IeQBrn,ACC_107,ENT_UK_017,30346.465289128493,USD,2026-02-18 17:09:54,2d74:db1c:bb99:86f:4933:9d70:18b1:5169,1
sdv-id-WyNBSr,ACC_171,ENT_UK_004,17267.15661430451,USD,2026-02-20 12:01:20,47a5:178f:6343:eade:a6b1:4dab:97f1:2825,1
sdv-id-INETKH,ACC_176,ENT_UK_011,34704.422585543995,USD,2026-02-10 13:20:11,a5f8:8ede:8b36:d28:df99:d0dc:55d0:a32b,1
sdv-id-aeseYh,ACC_221,ENT_UK_004,1444.7544510129878,USD,2026-03-05 15:32:03,7195:3bde:1ee9:555c:fb7b:b18f:205a:352f,1
sdv-id-ZPxUcB,ACC_248,ENT_UK_010,67579.88387798742,USD,2026-02-25 20:28:11,d749:1738:2f4a:5498:a460:c5d3:b029:b419,1
sdv-id-lqohAs,ACC_256,ENT_UK_001,100392.52367419122,USD,2026-03-24 15:29:05,a368:2fdb:128a:99ef:8466:f089:2077:c32a,1
sdv-id-sNznpw,ACC_271,ENT_UK_012,6388.155390089145,USD,2026-03-04 07:38:45,cb36:c356:44da:8ef7:d278:ce37:b588:301f,1
sdv-id-DxsOkF,ACC_284,ENT_UK_013,18854.799872018695,USD,2026-03-21 12:44:08,669d:7316:2287:c059:4a4a:fd82:981c:d1a0,1
sdv-id-hIbefo,ACC_107,ENT_UK_006,625703.138474004,USD,2026-03-31 00:15:56,e6d0:f2d6:2366:c996:33f4:b570:386e:e3dc,1
sdv-id-lEfVnb,ACC_155,ENT_UK_004,158719.397047037,USD,2026-04-01 09:00:46,aa0c:5c5a:4080:6f2d:2c39:1389:1326:8b39,1
sdv-id-TXcbYe,ACC_247,ENT_UK_017,210391.1111688893,USD,2026-01-05 22:53:25,23c1:ffc:306f:7d5b:81:4b0f:cbde:c02,1
sdv-id-JoAWte,ACC_187,ENT_UK_005,1756.002760929739,USD,2026-01-11 00:19:42,54ee:5d2:3089:f7ad:5551:5fc8:6b3f:37c7,1
sdv-id-sQTHht,ACC_176,ENT_UK_012,477057.4245629192,USD,2026-02-15 12:26:33,4a02:5c3b:5579:38e8:fb35:fac:ea1d:765e,1
sdv-id-yMEtNX,ACC_107,ENT_UK_004,33250.05834090253,USD,2026-03-25 06:35:20,2671:7572:aada:f2d1:cf39:50d1:d602:aca7,1
sdv-id-OhNiRK,ACC_294,ENT_UK_004,13269.405761794853,USD,2026-03-16 06:43:42,50b5:ec29:4698:d360:85e8:448a:aae4:30f0,2
sdv-id-hxwaPm,ACC_253,ENT_UK_003,417371.8236543888,USD,2026-02-01 05:07:58,3da6:11e1:3b01:ea58:456:638c:8138:78d0,1
sdv-id-lIvneO,ACC_176,ENT_UK_004,375061.8405309488,USD,2026-01-24 20:43:40,f374:21d2:1393:f214:6948:2a32:b563:4462,1
sdv-id-tePajK,ACC_186,ENT_UK_018,869956.9280560309,USD,2026-03-02 21:47:23,fa0f:dc87:49d3:762c:9a73:ff07:afad:a5a7,1
sdv-id-hEBTBK,ACC_196,ENT_UK_004,8239.075726636614,USD,2026-02-12 04:30:44,d1f2:4034:d0fc:18be:ac38:be1f:2f89:7e12,1
sdv-id-KSgMtm,ACC_225,ENT_UK_004,1522461.221953455,USD,2026-02-13 13:56:48,f369:d24:cc2b:2135:efb9:dd1f:ca9d:745e,1
sdv-id-YjSmrW,ACC_107,ENT_UK_012,247171.4012374913,USD,2026-02-23 09:54:38,7988:4284:f40e:d9e6:55d2:36a2:cc00:eebc,1
sdv-id-HvOBgl,ACC_211,ENT_UK_005,21490.734289271775,USD,2026-02-03 18:42:54,1a11:2b4d:c6dd:b3d7:1183:5ffa:b5e3:1bdb,1
sdv-id-zxyKKf,ACC_187,ENT_UK_007,177108.27090268294,USD,2026-03-01 04:26:16,a22b:6efe:33e5:2029:2ca7:ec6d:b0d7:9858,1
sdv-id-WWWKeO,ACC_171,ENT_UK_011,103265.59292361572,USD,2026-02-08 19:32:49,1d27:c7a:f19c:f32f:af89:396d:3016:6a60,1
sdv-id-XVVeKb,ACC_134,ENT_UK_014,16974.34334028124,USD,2026-02-26 00:35:54,d014:7884:dc2a:c7ba:6c9c:a234:59e:4e57,1
sdv-id-ZmOOON,ACC_273,ENT_UK_015,1202.4215570592385,USD,2026-03-02 12:29:45,5dfb:2820:29d4:2323:c45d:8f6f:f2b2:49ff,1
sdv-id-GlOzKk,ACC_211,ENT_UK_018,6282.266679231956,USD,2026-03-21 09:50:15,6e7a:4cfd:1c01:4392:984c:4134:47eb:10f8,1
sdv-id-CSxswl,ACC_264,ENT_UK_010,4184.972479469234,USD,2026-02-19 20:45:09,319:eca7:7630:5fb3:e8ea:521d:88e7:ee82,1
sdv-id-WmYjrf,ACC_164,ENT_UK_009,234940.2740775341,USD,2026-02-20 17:32:12,92de:d3c0:eabd:5d59:ce2d:b064:6f74:6531,1
sdv-id-XGOGqn,ACC_248,ENT_UK_015,461328.9588047382,USD,2026-01-16 17:16:51,edd8:91d2:34f:fd3:cbb:9a7b:ac49:5c31,2
sdv-id-YvATwj,ACC_142,ENT_UK_001,216591.61789511377,USD,2026-01-17 12:31:37,e95:93e:e57d:e0e:226e:eb6c:3966:8b9a,1
sdv-id-dXlgZr,ACC_107,ENT_UK_013,34976.674343003906,USD,2026-01-05 20:16:14,e046:350b:463b:66af:26c6:af6b:49cd:62df,1
sdv-id-jooIap,ACC_134,ENT_UK_012,17570.902655288734,USD,2026-01-13 13:31:28,f7a2:1026:cc1d:88:4ebd:83e1:51f0:dcf4,1
sdv-id-KZYHtD,ACC_211,ENT_UK_003,145899.73634184216,USD,2026-02-03 06:46:07,a6c1:c6d:8607:f15d:b08e:ffb5:6467:4612,1
sdv-id-xocbuq,ACC_171,ENT_UK_015,64273.39310875546,USD,2026-01-14 09:53:04,90a1:bb72:68f3:40a0:c250:213a:17fb:b6d7,1
sdv-id-NtcikE,ACC_142,ENT_UK_007,968.8455373885154,USD,2026-01-22 22:10:53,85d8:352c:a21f:b052:4776:2221:c81c:1233,1
sdv-id-rhPieW,ACC_187,ENT_UK_006,50553.26327903395,USD,2026-01-03 00:28:53,ac7a:5313:dad2:b3f1:fa34:80e2:f48a:95b7,1
sdv-id-AHOjgc,ACC_242,ENT_UK_004,1321345.9417756514,USD,2026-03-01 05:20:55,d45b:22ce:fc3e:559:d8fd:55ee:8bab:d0d0,1
sdv-id-SpTUCS,ACC_134,ENT_UK_006,528675.5908262124,USD,2026-04-01 18:04:41,624c:a8c4:a65f:47cd:41ba:afc1:ac6e:6e5f,1
sdv-id-ESQlGQ,ACC_253,ENT_UK_001,239123.026644022,USD,2026-03-15 01:52:35,397c:f56f:511c:46fa:344:6d7a:3c31:5fc4,1
sdv-id-VRZncg,ACC_273,ENT_UK_017,1253220.480047661,USD,2026-01-02 11:25:26,f69a:9fb5:541c:7c21:4593:247e:5fc5:8775,2
sdv-id-LnIqlk,ACC_176,ENT_UK_013,814635.4536793601,USD,2026-01-23 07:00:44,183e:5da0:758a:39eb:6896:1157:c7c6:2119,2
sdv-id-zVqVLz,ACC_171,ENT_UK_007,138193.5812198277,USD,2026-03-14 15:23:53,5222:9ee0:fbb5:358a:7897:fe0e:9d4:f130,1
sdv-id-LQYRHF,ACC_264,ENT_UK_003,935003.886001698,USD,2026-03-10 00:54:42,6c2a:954a:9247:75cc:ee32:c214:3bfe:e82,1
sdv-id-Oiimir,ACC_107,ENT_UK_006,1081.4671468255167,USD,2026-01-02 21:31:16,e6b4:45e1:914d:3ddd:5449:68d1:605e:cc3d,1
sdv-id-YbYwtu,ACC_142,ENT_UK_019,579696.3925053324,USD,2026-02-05 20:07:26,b4d8:a8bf:37e1:520b:4361:1666:bfde:968a,1
sdv-id-OcbuOt,ACC_176,ENT_UK_017,458904.8899387706,USD,2026-03-25 11:30:33,9dd:84a3:a752:d5d2:6373:def5:e14c:b1a2,1
sdv-id-rDNFPv,ACC_187,ENT_UK_006,7523.360177143599,USD,2026-03-09 05:12:57,aa8:5900:6b40:8ac7:cd5a:a910:b42e:cffd,1
sdv-id-RnrciX,ACC_155,ENT_UK_018,5548.778232640798,USD,2026-02-20 00:12:28,81e5:8bbb:5d2a:55a7:70f8:596:28f7:1f28,1
sdv-id-sWOlEy,ACC_142,ENT_UK_014,394889.80707496806,USD,2026-03-18 08:32:22,5557:d5d4:eb65:bb4f:5a3e:68bc:3e9:804e,1
sdv-id-cXcWcm,ACC_164,ENT_UK_016,2755536.336756071,USD,2026-02-17 20:10:59,27f5:6001:efc5:1a84:d7b:1c60:3b48:a5a,2
sdv-id-QsZitv,ACC_181,ENT_UK_017,571731.7406332742,USD,2026-02-18 16:50:15,bab8:8412:66f8:8519:a756:70b0:91a8:f1fe,1
sdv-id-yFABvI,ACC_176,ENT_UK_008,1803.8625726840955,USD,2026-03-27 23:04:29,dd72:db05:8c67:3d5b:be64:36df:448e:188a,1
sdv-id-xxISBW,ACC_142,ENT_UK_017,165508.94617830188,USD,2026-02-04 14:37:46,4bcd:bac7:13cc:6f8c:3a1b:db4e:b590:d4de,1
sdv-id-fvlWCd,ACC_107,ENT_UK_019,296795.80820694007,USD,2026-01-02 00:30:17,7be0:3ec6:b018:60f9:8daf:ee1c:1cf1:81ca,1
sdv-id-qRaltx,ACC_293,ENT_UK_013,20229.91954191128,USD,2026-01-26 01:31:50,9498:801f:38b1:88c9:72e4:5df0:ae36:865c,1
sdv-id-LmJNJU,ACC_264,ENT_UK_019,10138.274470213097,USD,2026-02-09 07:20:16,83be:19d4:5686:f12f:7e62:f945:cadb:5f08,1
sdv-id-aHxQTj,ACC_176,ENT_UK_011,149202.77633580097,USD,2026-02-28 08:27:19,228c:bad3:53e:de9e:beb2:b78b:7c03:de2a,1
sdv-id-ioBDXr,ACC_162,ENT_UK_017,39679.837146456135,USD,2026-03-29 21:26:58,ecf5:962f:a51c:5b17:a352:a683:c4e0:858,1
sdv-id-vDJZLJ,ACC_134,ENT_UK_006,186600.25382053613,USD,2026-01-16 22:12:49,9451:52f4:a13a:8092:73a4:abe9:b783:e93c,1
sdv-id-zelvdw,ACC_253,ENT_UK_019,5382.542964817452,USD,2026-03-28 06:35:28,cdc0:49ee:c114:b8f9:60d7:6643:3fd6:968e,1
sdv-id-klqbuD,ACC_221,ENT_UK_018,114441.21227466504,USD,2026-03-23 14:45:40,1b22:d612:37e5:128b:2aee:97f9:ee9f:e70e,1
sdv-id-YqOOJy,ACC_142,ENT_UK_009,90961.4238632359,USD,2026-04-01 01:09:21,2323:394a:4541:f284:32c0:2d7a:99d6:5349,2
sdv-id-UayksY,ACC_248,ENT_UK_001,34766.79727871679,USD,2026-03-31 03:07:15,53d6:9358:8cd:a50d:c697:ba88:689:2922,1
sdv-id-fOYDKl,ACC_247,ENT_UK_008,11006.718879813394,USD,2026-03-05 08:42:55,51d2:7210:5a92:b793:e60f:e45f:2373:45c0,1
sdv-id-HAFhHO,ACC_142,ENT_UK_005,176981.367570769,USD,2026-01-14 07:08:18,c9dc:1946:5c46:b280:5760:dde1:8c89:915c,1
sdv-id-wVdJzB,ACC_155,ENT_UK_008,24093.91726123299,USD,2026-03-18 03:45:59,6061:606d:7699:ac35:a570:6977:37c1:7410,1
sdv-id-vqObub,ACC_196,ENT_UK_011,21269.791964554228,USD,2026-01-04 17:33:07,cb0c:b948:f49d:8c0f:3e62:1013:ca3c:260f,1
sdv-id-LuTRSn,ACC_142,ENT_UK_017,2982631.0290518957,USD,2026-02-10 03:17:10,ee70:88a9:201f:47da:2b09:23af:577c:5e99,1
sdv-id-LMiqKq,ACC_271,ENT_UK_013,1140.2130239275762,USD,2026-02-21 10:03:22,c396:1fb3:3a57:bf71:754:541d:ef9e:ffee,1
sdv-id-cdvGLX,ACC_293,ENT_UK_006,987.02179092549,USD,2026-01-12 03:41:35,d3c4:3a59:5c54:b124:5249:2de9:45ec:dbb5,1
sdv-id-iTJyIl,ACC_107,ENT_UK_002,178024.82087524916,USD,2026-04-01 10:07:19,9458:19:7695:c62:f43e:2053:ed7f:895c,1
sdv-id-xImLkf,ACC_271,ENT_UK_016,955544.2753909554,USD,2026-02-02 22:53:09,187a:1a8e:e6a8:2a2b:9a5e:3c3b:e96c:24ca,1
sdv-id-cWnmhl,ACC_242,ENT_UK_007,1376.2571849866952,USD,2026-03-06 14:19:27,3488:ec4e:ea2a:432c:13ad:e511:8387:5f7f,1
sdv-id-OsIRef,ACC_142,ENT_UK_009,22684.3659318842,USD,2026-01-15 06:42:31,f36f:ec94:65dd:b9cc:f474:521:2371:cdf7,1
sdv-id-sBLpqS,ACC_247,ENT_UK_001,48017.55612316442,USD,2026-01-31 19:11:27,a2a4:bf33:4025:cd63:30e4:bd9:a4ba:3a14,1
sdv-id-gUNNpl,ACC_243,ENT_UK_006,192548.07770038457,USD,2026-03-07 03:54:20,3645:d4f5:f832:1356:7453:4f6d:8afc:65e4,1
sdv-id-vZFASe,ACC_271,ENT_UK_011,1292468.053078331,USD,2026-01-26 12:15:28,8b4f:8fb2:f804:5919:ce8b:474c:8feb:c2e2,1
sdv-id-Ldllna,ACC_156,ENT_UK_010,230881.72201897125,USD,2026-02-07 15:30:34,db73:e879:3375:13f2:fe33:7a0c:80d2:ca2b,2
sdv-id-sCoNCM,ACC_273,ENT_UK_011,929.3110437873216,USD,2026-02-19 13:24:19,aa89:7d64:1574:1c3e:1769:20b4:56b8:f63e,1
sdv-id-PRDlPJ,ACC_273,ENT_UK_016,26916.169132847794,USD,2026-02-05 05:13:13,9334:e769:1c19:68ac:4198:cd45:333d:775b,1
sdv-id-epbBSX,ACC_273,ENT_UK_005,23655.682315468195,USD,2026-01-28 23:41:04,f189:4c6c:66a4:8248:ab8c:cdf5:772e:16c8,1
sdv-id-XQyeWM,ACC_273,ENT_UK_006,36602.05847308699,USD,2026-03-06 07:01:39,ee86:9aea:feef:ed5e:fc36:8e9b:3b42:bacc,1
sdv-id-ScVwNB,ACC_142,ENT_UK_004,1940121.552631489,USD,2026-02-14 02:35:34,4160:379e:f89:6a1b:385a:96f3:3c23:916d,1
sdv-id-SQlTXt,ACC_234,ENT_UK_009,503262.9980307668,USD,2026-01-09 02:46:45,f0cb:1a5c:919a:b9af:881c:35a8:623a:e522,1
sdv-id-kMKqWQ,ACC_264,ENT_UK_002,928.8912914201572,USD,2026-02-06 16:56:10,e94f:1ee7:9cdd:c6a7:bad9:d3a:b50d:2e17,1
sdv-id-IkrREr,ACC_142,ENT_UK_006,72573.63060660659,USD,2026-01-22 18:19:55,24fa:7ced:cd2e:ec3a:4841:ac97:7ccc:3fb1,1
sdv-id-gRtUmL,ACC_294,ENT_UK_015,1405189.4042659132,USD,2026-03-26 01:33:13,19f7:e2b5:c47a:e57c:51a1:5cf:dda6:fb4f,2
sdv-id-BFyfsV,ACC_253,ENT_UK_004,808736.642958918,USD,2026-02-08 10:44:46,28cd:4c63:6237:45d4:75ba:bbeb:2885:9183,1
sdv-id-cykDqB,ACC_170,ENT_UK_001,67211.65679983195,USD,2026-03-28 05:46:59,c4e2:50ba:625a:d4f3:62cb:8e28:5575:e827,1
sdv-id-ePtmMc,ACC_273,ENT_UK_003,2388207.5590754943,USD,2026-02-07 19:32:06,ad49:3a4c:d76f:6d83:e034:d135:3dbd:9ef8,1
sdv-id-JzDZWx,ACC_142,ENT_UK_014,936.2938975198466,USD,2026-03-04 04:26:48,442d:b168:7d3:eef4:75e2:f780:6bf0:f0e2,1
sdv-id-kcHipb,ACC_155,ENT_UK_010,3083.715655848397,USD,2026-01-02 17:57:16,c614:cedc:6046:a8b5:9e8:472c:4331:742,1
sdv-id-qtmYLI,ACC_107,ENT_UK_010,559186.5390782661,USD,2026-03-19 04:55:01,d95d:5c0c:7f4c:54d4:a036:92f4:a5ab:22bb,1
sdv-id-rYkjNk,ACC_261,ENT_UK_014,45632.49848989262,USD,2026-01-22 02:52:17,faf9:ea6d:874a:3488:35a5:2bed:b97d:11a3,1
sdv-id-XLevwx,ACC_162,ENT_UK_003,35302.67495128267,USD,2026-01-15 22:19:47,ebf9:d032:ac99:572:ddeb:3755:c5e3:e115,1
sdv-id-IFQHpJ,ACC_221,ENT_UK_016,431404.6022122691,USD,2026-03-17 16:29:34,97de:18d8:748:4812:1ba2:a26b:85d0:feaa,1
sdv-id-aMkXLL,ACC_176,ENT_UK_009,49676.44630351682,USD,2026-03-25 08:02:45,f083:921f:e63a:3c3d:d584:18d0:1ecd:bbe4,1
sdv-id-UGpvje,ACC_196,ENT_UK_019,3368.72941739738,USD,2026-03-07 01:32:00,d34d:ac37:4eb6:80a6:dc0e:1dd9:1856:128a,1
sdv-id-hfOMSI,ACC_221,ENT_UK_005,952330.1517580363,USD,2026-01-18 15:12:06,d404:7d50:2ce7:ca26:c051:48f3:93ae:38c3,1
sdv-id-sXpBME,ACC_211,ENT_UK_016,360705.859379172,USD,2026-02-25 03:42:16,a7d6:5b95:bb3:8c2b:31e3:d227:2402:ccb1,1
sdv-id-eaJnuX,ACC_142,ENT_UK_006,6466.083970932366,USD,2026-03-19 10:46:02,f90e:22d3:9dd5:874d:9b14:8ec:fe79:a7b9,1
sdv-id-IKMAXD,ACC_264,ENT_UK_016,696167.0633304641,USD,2026-02-19 02:38:05,a3ec:329:d58d:5fc9:54d8:6007:c04a:5c0d,1
sdv-id-sgkbkS,ACC_189,ENT_UK_007,78226.04787952066,USD,2026-01-22 01:30:02,787a:bacb:c5ae:f9d:ef19:f733:8efe:9249,1
sdv-id-uHLVXD,ACC_107,ENT_UK_005,61537.49963183373,USD,2026-01-21 03:44:24,484:8b14:d8f4:92f3:91cb:405:a1d5:9915,1
sdv-id-joYASR,ACC_142,ENT_UK_005,375036.714876805,USD,2026-02-25 07:55:37,790c:352:d18c:7a3f:f06a:30f1:9460:653a,1
sdv-id-JpzCtI,ACC_211,ENT_UK_017,141524.17089796675,USD,2026-03-07 19:04:02,80cd:e81c:83ac:3ec5:1698:2db7:bbfe:8c78,1
sdv-id-BgPZZh,ACC_264,ENT_UK_011,1181379.2294512745,USD,2026-02-02 17:29:12,b71:6577:6dba:4475:bec2:d454:69cf:150e,2
sdv-id-IjqOEi,ACC_253,ENT_UK_016,1288846.2187734924,USD,2026-01-17 00:12:11,a425:bc4e:460d:d4db:2441:ed37:77a2:4e48,2
sdv-id-emcQGu,ACC_179,ENT_UK_004,4461.356391337797,USD,2026-01-09 17:36:41,fb8c:c9f1:75b5:6407:9145:c149:a95e:4047,1
sdv-id-JpweKp,ACC_176,ENT_UK_011,257859.7403814889,USD,2026-01-28 02:19:19,41:a2dd:105e:5068:68d:7943:5f2d:20c2,1
sdv-id-BzpLAb,ACC_142,ENT_UK_019,48161.0248641232,USD,2026-03-25 07:19:24,1614:deeb:95e4:9ae1:2bc1:1ed5:22c9:5234,1
sdv-id-GqIGkK,ACC_176,ENT_UK_016,1004831.3650029856,USD,2026-03-05 06:39:19,d402:e22d:aa22:e213:4bd3:4643:9d5e:d28a,1
sdv-id-kxyDSn,ACC_176,ENT_UK_015,703558.582772315,USD,2026-03-14 04:22:01,b779:7767:9a6a:e38c:ba71:79d8:8d82:9998,2
sdv-id-PEzhjf,ACC_170,ENT_UK_016,50496.275985151966,USD,2026-02-11 11:39:06,d5f0:4fb5:44f1:f84f:931d:dca4:2956:a4ba,1
sdv-id-KWinMv,ACC_107,ENT_UK_006,185516.87763089617,USD,2026-03-05 14:23:10,ee41:1108:60de:e781:a4e0:50e0:f292:98d7,1
sdv-id-ZjYOOw,ACC_243,ENT_UK_001,191731.88269432072,USD,2026-03-05 02:42:28,656:7b6a:c6c7:b15e:3af0:ffc0:ffa1:409d,1
sdv-id-MyBnOm,ACC_107,ENT_UK_016,969899.8705395634,USD,2026-03-21 15:30:49,3db:d9c3:149e:6472:d4e3:b259:97e2:f634,2
sdv-id-MgngvM,ACC_211,ENT_UK_003,728463.6569399824,USD,2026-01-04 23:15:21,73da:4ed6:2c76:1052:379a:782a:26b5:710e,1
sdv-id-zyXops,ACC_248,ENT_UK_001,2477.7334478762778,USD,2026-02-24 15:14:25,3bf4:de5b:89d6:3ec1:f1a4:7ad3:8472:29ff,1
sdv-id-BwLxbZ,ACC_176,ENT_UK_006,202506.58616782312,USD,2026-01-14 23:37:10,1373:c97c:56ae:d271:9e1a:c06a:c819:e186,1
sdv-id-DSrLPt,ACC_107,ENT_UK_015,5823.719075636462,USD,2026-01-16 19:55:57,b58f:60b:3802:5ba2:e4d4:6df0:de0d:3f93,1
sdv-id-EVHaES,ACC_271,ENT_UK_001,1240.8636357131138,USD,2026-03-08 08:34:17,55a0:a2de:30fc:a3cd:a8eb:9554:fedc:ab0e,1
sdv-id-vXHugi,ACC_171,ENT_UK_008,31207.383456154297,USD,2026-01-07 06:24:45,889f:9c74:a4eb:3b66:28c3:73a5:4afd:9c3b,1
sdv-id-fJSsSb,ACC_293,ENT_UK_015,31059.181467764905,USD,2026-03-24 07:41:35,5bf8:640a:f1cf:a350:4b42:db96:7ae8:9951,1
sdv-id-SpkZlB,ACC_100,ENT_UK_007,13024.476231966866,USD,2026-02-13 20:54:49,e854:5a7:8608:3dba:4469:640e:286:7e24,1
sdv-id-MTMilG,ACC_211,ENT_UK_016,45792.484387820805,USD,2026-01-03 14:37:11,6614:9e5:859e:de63:77d0:d4f2:f8e:806c,1
sdv-id-ORcGKZ,ACC_107,ENT_UK_019,833117.9736455809,USD,2026-01-19 16:28:52,f698:768c:cdf5:3ec9:2370:88b9:f46d:b8ba,2
sdv-id-avbPTv,ACC_100,ENT_UK_017,135814.86565095017,USD,2026-03-22 22:56:24,d280:3608:fb56:5294:b575:4124:482a:9f9,2
sdv-id-zEIyzp,ACC_248,ENT_UK_017,1288738.662124477,USD,2026-03-29 21:00:13,489a:e9bd:2ae0:4829:ab99:1c0a:73f1:1d5e,1
sdv-id-tHylSo,ACC_211,ENT_UK_001,342380.5071349532,USD,2026-03-22 12:25:27,bcac:3ba4:50ea:256b:2460:253d:8ff:141f,2
sdv-id-wLbnAZ,ACC_261,ENT_UK_010,326202.0491935776,USD,2026-03-08 09:21:19,9d88:f21b:ef60:1e97:b59b:d628:6b84:2a71,1
sdv-id-GRqLvy,ACC_100,ENT_UK_005,454811.32879010006,USD,2026-01-12 16:20:10,de86:2e56:6eee:7be5:fb8c:c0f2:ea38:844a,1
sdv-id-SGikHf,ACC_181,ENT_UK_004,38515.226421830266,USD,2026-01-22 09:15:28,a76f:205:344f:1b74:9061:4c78:2419:9e20,1
sdv-id-ONwPuF,ACC_176,ENT_UK_010,229756.34173320697,USD,2026-03-26 04:11:46,1381:ad0e:f44b:fa6f:5d0a:dc8f:d047:e543,1
sdv-id-McEOdA,ACC_186,ENT_UK_003,358064.00728969934,USD,2026-03-08 08:34:48,3a2:a079:24ac:5c6e:4e27:8d27:2877:1d2e,1
sdv-id-VYyugb,ACC_211,ENT_UK_010,173785.47089722092,USD,2026-01-10 14:11:45,341e:a231:7754:b059:1e3a:e30c:907d:b9d7,1
sdv-id-rdHqmc,ACC_253,ENT_UK_010,2094.2331796971303,USD,2026-02-25 11:21:14,c341:db4e:b893:d0d5:d889:b8c2:cef0:235b,1
sdv-id-LUIevh,ACC_221,ENT_UK_002,970.9197333925052,USD,2026-03-17 12:16:57,1513:65a3:dc63:1373:9d16:c2c6:3ed3:580b,1
sdv-id-BVeHev,ACC_107,ENT_UK_003,186976.32114720828,USD,2026-01-13 23:24:06,2dff:8613:62c1:7224:f09a:686f:8437:d01f,2
sdv-id-alleQW,ACC_211,ENT_UK_008,4678.160682317713,USD,2026-03-19 03:48:20,21e0:7cb3:df36:1391:234:bc24:74c4:c889,1
sdv-id-UydwYu,ACC_104,ENT_UK_013,1091.594149279657,USD,2026-03-19 14:33:23,9997:c2cb:ae68:aef2:c1c7:de77:da46:361f,1
sdv-id-HHcnWr,ACC_171,ENT_UK_002,432822.2499201024,USD,2026-04-01 02:33:41,d4d9:28ef:d86:9b93:2e3d:412d:efbc:cefb,2
sdv-id-oFWewv,ACC_211,ENT_UK_015,423826.975351144,USD,2026-01-24 03:31:32,f87b:3c07:100:4fad:abb4:2d24:74f7:4317,2
sdv-id-gIUGeO,ACC_264,ENT_UK_002,230903.4112476695,USD,2026-03-03 06:02:07,640b:2a69:d069:f3ab:5765:bd81:f074:5905,1
sdv-id-TedyMm,ACC_123,ENT_UK_001,124077.81740844031,USD,2026-03-07 17:57:10,73b0:6c28:da76:770a:ad13:e028:6851:3fdc,1
sdv-id-MaBJSV,ACC_186,ENT_UK_005,2799475.4402503963,USD,2026-03-23 12:29:41,3640:9363:ccf6:99fb:fe0e:3d0f:ad2b:6dde,2
sdv-id-pqgPRB,ACC_271,ENT_UK_006,8045.804907532706,USD,2026-02-07 03:02:45,6c68:d974:4c69:599c:19b0:4ef9:2908:7fde,1
sdv-id-uUFqsx,ACC_243,ENT_UK_014,41584.53752170583,USD,2026-02-02 19:28:27,21a7:905a:bb3f:e59a:198c:2974:45a0:252e,1
sdv-id-JLDzvj,ACC_211,ENT_UK_010,42735.41854000587,USD,2026-01-22 18:59:59,9631:0:8af6:c8da:95c1:7d9d:1e7f:2d4c,1
sdv-id-cQnVVF,ACC_142,ENT_UK_004,177213.04230820155,USD,2026-01-14 14:51:21,44e3:35b7:d059:8604:e9d7:bc23:96af:6a9c,1
sdv-id-aRDiVX,ACC_248,ENT_UK_005,6924.038861041858,USD,2026-02-04 09:02:38,f249:1ef1:5916:d800:52b:af7c:f7e7:9b6,1
sdv-id-ooLGhU,ACC_273,ENT_UK_003,84493.65034405052,USD,2026-03-20 04:12:13,31a0:efa6:d2c6:e50a:fdb2:3400:8a4f:e15c,1
sdv-id-bQyfjc,ACC_187,ENT_UK_019,40369.18216576853,USD,2026-01-06 13:12:34,23c6:c57:d327:24bf:2301:c253:bc6a:51ce,1
sdv-id-HRBbHq,ACC_100,ENT_UK_017,159248.36427967553,USD,2026-01-30 16:02:16,6397:21ad:9f9f:3995:91fb:6959:62cb:d6d9,1
sdv-id-aNbjim,ACC_107,ENT_UK_009,269051.00311169407,USD,2026-01-05 23:07:39,6dbc:c2da:d77e:9608:e150:1b0e:86e7:3da2,1
sdv-id-ClssVF,ACC_271,ENT_UK_016,209438.52823927216,USD,2026-03-31 21:54:19,7333:ce39:df4b:fe18:5d58:c978:4394:987a,1
sdv-id-aJenEX,ACC_146,ENT_UK_008,191474.1649918444,USD,2026-01-18 08:06:57,1428:9dbe:9cb5:33c1:7d75:9a68:76fd:4688,1
sdv-id-YpnvOf,ACC_155,ENT_UK_006,148405.187155967,USD,2026-01-03 04:06:43,edc8:c82e:bfed:f4a4:22a0:1b68:2e83:54d7,1
sdv-id-XqUFEM,ACC_181,ENT_UK_008,1660.9730277230487,USD,2026-01-21 17:57:31,372d:bee4:b510:5920:ed5a:250e:83a0:a86d,1
sdv-id-NOHXbu,ACC_176,ENT_UK_015,699925.633689118,USD,2026-03-18 08:56:39,b5ff:9bc9:8d45:80eb:6ed2:eb12:e47d:15cb,2
sdv-id-vAInYi,ACC_176,ENT_UK_016,80632.76229139279,USD,2026-02-10 04:57:12,7d7f:1519:7435:8e67:8754:4410:d02f:203,1
sdv-id-cORXBt,ACC_155,ENT_UK_007,84766.36933649563,USD,2026-02-09 10:16:25,d934:9dfa:cdec:d97d:b4f8:bc6e:5137:c1d8,1
sdv-id-YePszP,ACC_100,ENT_UK_019,48546.01554358635,USD,2026-02-19 12:44:31,8ce8:cf38:5194:5884:38ad:c2a3:c506:e607,1
sdv-id-OiRXYe,ACC_142,ENT_UK_008,6078.77340421764,USD,2026-04-01 07:20:18,d72b:1ed0:937c:3ed0:5438:93ea:274e:ae8d,1
sdv-id-DqVogN,ACC_146,ENT_UK_016,234378.3719433241,USD,2026-03-28 04:45:50,a29b:136b:c36a:bdab:de8c:c82d:e78d:526f,1
sdv-id-bPFkbF,ACC_242,ENT_UK_008,1048.4328340815894,USD,2026-03-06 22:45:10,b740:4c1a:2197:ec5e:7187:4d02:9415:102,1
sdv-id-wYiRqn,ACC_221,ENT_UK_001,251010.38446353067,USD,2026-02-08 09:07:25,8004:84bb:ce19:5003:3486:9caa:d3c7:2db7,1
sdv-id-hwjgBq,ACC_211,ENT_UK_014,156500.5138087139,USD,2026-03-06 21:51:48,8052:2d7e:52bc:5ee5:e18:9f14:65d1:8484,1
sdv-id-ZzMGab,ACC_273,ENT_UK_003,908871.4882970834,USD,2026-03-19 16:27:39,cc0e:b6de:1fe9:183a:b5f7:bc04:f09:70a2,1
sdv-id-fYqHkl,ACC_142,ENT_UK_005,301348.16743502836,USD,2026-01-28 12:34:13,f278:6fb0:a2c7:4c74:249a:291d:fee6:2cb3,1
sdv-id-vihITc,ACC_271,ENT_UK_004,297948.642677588,USD,2026-01-30 02:38:56,26c5:c660:be31:39c:1bb5:ee34:cbd2:2c85,1
sdv-id-kKLzah,ACC_196,ENT_UK_001,349436.73224563093,USD,2026-02-06 02:33:53,f381:f6d5:fc54:9d21:9d1d:c52f:a9d7:5b1e,1
sdv-id-JAPJZV,ACC_134,ENT_UK_005,74130.87313063325,USD,2026-03-29 10:22:41,8e84:a065:2d2:23f5:d481:df8f:ae8c:deb0,1
sdv-id-llXOtz,ACC_104,ENT_UK_006,11568.068745525254,USD,2026-03-15 00:42:28,febe:efbf:9be4:57b3:3550:58d5:c254:7bd9,1
sdv-id-hDaQbp,ACC_107,ENT_UK_008,4251.20364398177,USD,2026-03-06 09:51:50,e0af:8a04:2520:f935:bf18:f564:2baa:92f5,1
sdv-id-MkUGyM,ACC_186,ENT_UK_011,70453.46859023634,USD,2026-01-22 03:13:23,faf1:1f9b:6588:66ef:804:4de4:d4ef:9a74,1
sdv-id-zWqfaC,ACC_107,ENT_UK_015,445539.836455819,USD,2026-03-28 04:46:00,d3cb:6b5f:f1f7:fc61:5579:5cb4:312b:f334,1
sdv-id-tqcJgi,ACC_171,ENT_UK_005,2846.031131116624,USD,2026-03-15 08:09:07,8ef0:5777:263c:8ef4:1b80:6939:debf:e559,1
sdv-id-IkFVQi,ACC_142,ENT_UK_007,15554.626323977376,USD,2026-02-25 16:29:16,1f10:1367:6627:72e9:8dc6:81b0:c4e7:f37b,1
sdv-id-WgqnSa,ACC_142,ENT_UK_002,69429.35454098161,USD,2026-01-18 14:11:55,51d7:3d16:6b5a:59db:ef45:94b7:a7b4:1aca,1
sdv-id-ZySSGn,ACC_176,ENT_UK_016,124206.72612372448,USD,2026-02-07 16:46:23,d5e7:ce20:29aa:557b:38cc:a8f0:4556:3a71,2
sdv-id-eHetcd,ACC_142,ENT_UK_013,1077.658965279904,USD,2026-02-24 03:57:46,7965:2bb8:b924:f1f9:7855:2a14:b897:6b1,1
sdv-id-JvDbUg,ACC_256,ENT_UK_007,6001.018950797767,USD,2026-02-16 06:55:10,2666:4d06:f015:d5c8:30cd:e87e:2c0f:4ebb,1
sdv-id-dLsXPs,ACC_187,ENT_UK_003,43242.639564836405,USD,2026-02-02 10:38:01,5581:49c3:af4c:e4e3:5747:7c32:f2d2:39ee,1
sdv-id-KOSPNc,ACC_142,ENT_UK_005,1489.9554583215818,USD,2026-01-10 08:51:36,9ee2:b28f:62b6:c1e9:eeb:2e06:956e:c30a,1
sdv-id-dnJQzI,ACC_179,ENT_UK_009,223304.04962025295,USD,2026-02-26 12:34:58,9781:cd5c:829e:5615:5b9b:62c7:7c56:af7e,2
sdv-id-SOXIXM,ACC_273,ENT_UK_003,290107.93483634945,USD,2026-01-13 02:32:20,494:bee8:34e9:1a71:e686:41bf:368b:212a,1
sdv-id-CxEMac,ACC_164,ENT_UK_012,23573.19660335481,USD,2026-01-26 01:05:11,20aa:54c6:7e00:dcb3:9a4c:2e7f:b8bb:f21d,1
sdv-id-LjKngo,ACC_186,ENT_UK_007,59041.58914636737,USD,2026-01-01 17:09:37,11b6:36d7:9c92:9065:eb16:c3c5:ed71:a204,1
sdv-id-yMdKKs,ACC_294,ENT_UK_019,87534.39392621019,USD,2026-03-30 18:59:44,fdf0:a1f9:8ab1:31fa:bc3a:4c6:2462:c5a3,2
sdv-id-DvMtUC,ACC_155,ENT_UK_008,3923.450322056895,USD,2026-03-24 22:06:14,9e46:7372:1b0e:9687:d6a4:9d22:4ab4:aa70,1
sdv-id-scdRpG,ACC_146,ENT_UK_014,57757.003372972955,USD,2026-02-01 16:12:54,83f:7c4f:7e51:e74f:9635:e2fc:ff0c:dfeb,1
sdv-id-Vqbrsk,ACC_171,ENT_UK_012,308242.40541544434,USD,2026-03-29 23:17:17,bca7:ded8:9035:7db4:1919:fc32:2e9:ca45,1
sdv-id-NJXnJZ,ACC_176,ENT_UK_009,390396.0051243995,USD,2026-03-11 06:18:29,40e2:d636:4113:c0c7:ca2e:cf8a:8f9e:ce6b,2
sdv-id-esFPvc,ACC_273,ENT_UK_010,127953.74911305342,USD,2026-01-20 00:56:11,d066:ab92:810a:ba3d:bef2:f037:21eb:ec14,1
sdv-id-eWorNW,ACC_273,ENT_UK_012,1607.888805536791,USD,2026-03-26 17:23:17,ab23:1774:83cc:7493:aeb3:f97b:894:46c1,1
sdv-id-Ewvzgw,ACC_100,ENT_UK_014,105576.9306971762,USD,2026-03-01 06:32:06,7da6:ac0e:947a:6039:7547:3065:e08b:b2d6,1
sdv-id-GSUChh,ACC_142,ENT_UK_015,163026.10821747317,USD,2026-02-08 23:10:27,a2b3:a675:da9b:312d:db82:d251:20ce:bac4,1
sdv-id-cJdswB,ACC_211,ENT_UK_010,50964.91660698794,USD,2026-03-18 12:20:01,800f:2e37:1fa2:e3d0:29d2:510e:918e:fb49,1
sdv-id-XSYwyM,ACC_186,ENT_UK_013,632983.2593404246,USD,2026-02-18 06:12:20,4a64:d629:d5e:b523:8dc4:923:4ef1:6844,1
sdv-id-KJCcIr,ACC_176,ENT_UK_004,422412.7392915448,USD,2026-01-17 17:07:10,45ee:14ad:3933:5cba:74a:859b:5e96:357b,1
sdv-id-prOklq,ACC_142,ENT_UK_005,1560501.505529532,USD,2026-03-27 07:43:45,e949:d302:b9d:8563:1efd:dcaa:c78b:16ea,1
sdv-id-gmMZSm,ACC_211,ENT_UK_006,678374.5619594249,USD,2026-02-18 17:14:40,5ad3:9ff5:eb72:15bc:8aa1:f1ef:440a:d056,1
sdv-id-oIXjNo,ACC_107,ENT_UK_003,887703.220207846,USD,2026-02-07 08:40:28,eac9:dfb1:7213:31eb:22d0:8f52:8a78:c356,1
sdv-id-YAHluK,ACC_221,ENT_UK_012,3410.2024428181485,USD,2026-02-15 00:10:01,778e:d291:e0c8:f4a:c58a:4ade:ae2:ce25,1
sdv-id-DwlvTU,ACC_176,ENT_UK_017,940.7072737142424,USD,2026-02-10 07:55:56,189c:9c86:87f3:ed73:34ed:d940:41d3:65de,1
sdv-id-LMrFhE,ACC_273,ENT_UK_008,991.4026262776218,USD,2026-01-04 00:07:03,456a:c5e:7f2:ef80:3697:3f15:7cd8:1005,1
sdv-id-Yiglsd,ACC_264,ENT_UK_013,541348.0484581826,USD,2026-02-18 01:37:35,2ce7:51b5:fdc7:eede:4e9b:493b:6d65:144,2
sdv-id-LmuyKm,ACC_128,ENT_UK_006,51392.693375616735,USD,2026-03-31 11:14:20,ea7:e105:1288:5fed:c269:8039:1e84:25b,1
sdv-id-VAoEnE,ACC_171,ENT_UK_019,60515.51447140147,USD,2026-03-16 04:28:05,8c05:829a:aa97:74a4:80f:680e:c75a:20ec,1
sdv-id-cFXjZo,ACC_155,ENT_UK_007,15063.704680604398,USD,2026-02-16 09:33:06,1bee:940d:1169:d44e:b074:837a:82f7:77ec,1
sdv-id-llWxgO,ACC_273,ENT_UK_013,276582.5759899416,USD,2026-01-31 17:40:45,293e:6e4:e818:8e8b:17c8:96da:cf8:8a7a,2
sdv-id-Ytvhsm,ACC_176,ENT_UK_011,28595.011699896608,USD,2026-03-31 01:36:03,e8db:5db0:1f86:3feb:6a82:7f37:10db:7049,1
sdv-id-SoeHzI,ACC_271,ENT_UK_019,47261.581848622154,USD,2026-04-01 11:17:28,bb18:2358:95b3:8f5b:7908:4c62:f4e3:3a49,1
sdv-id-uKrMxN,ACC_107,ENT_UK_014,3947.8894569584295,USD,2026-01-13 03:19:56,7a98:8360:106f:577c:f5e9:9a98:7d43:bcd2,1
sdv-id-GSdZkG,ACC_189,ENT_UK_012,800810.2351201493,USD,2026-01-22 22:57:19,a64f:ff15:755f:8a50:d36c:152f:9477:c055,1
sdv-id-laUAut,ACC_189,ENT_UK_017,3048.394615077503,USD,2026-01-21 08:36:09,5f08:700a:1488:68d4:b4da:b898:db14:2e18,1
sdv-id-TdPHoe,ACC_176,ENT_UK_002,1205.9747691257555,USD,2026-03-04 00:37:23,db7c:d3ff:43c8:e90e:418f:221a:e002:d5bb,1
sdv-id-cvPaUK,ACC_164,ENT_UK_003,243024.92187511487,USD,2026-01-27 09:06:58,e8e3:23d:fd6c:b221:b8fd:12eb:bfe2:5080,1
sdv-id-cGfCAr,ACC_142,ENT_UK_003,91670.61027036584,USD,2026-02-25 01:01:23,41fb:80ee:818:91e4:6746:2a6b:803c:22c2,1
sdv-id-LlqLbq,ACC_172,ENT_UK_010,14756.898846993354,USD,2026-03-14 13:48:33,7caf:ba23:c4e:5683:7014:8ec:b031:6ac0,1
sdv-id-gApgPb,ACC_142,ENT_UK_016,121275.74364047297,USD,2026-02-02 06:11:57,a7e:5d19:72d4:5b6e:bff6:31fc:96f6:dbe,1
sdv-id-RyrJjc,ACC_176,ENT_UK_014,2172.1206620987973,USD,2026-02-10 11:53:00,46dc:8595:1b84:2c43:3ed5:7b8a:82d6:e8df,1
sdv-id-iOnuKE,ACC_262,ENT_UK_013,1477238.9062686963,USD,2026-02-05 07:02:21,8e6e:4ae0:2975:4810:56aa:a61a:8f6e:3eaa,2
sdv-id-yONQVy,ACC_181,ENT_UK_015,482404.7872050073,USD,2026-01-08 13:09:35,457e:4748:6a5:155a:5861:f143:f5a8:ff3,1
sdv-id-zNvOPj,ACC_176,ENT_UK_002,331117.4149744899,USD,2026-01-27 05:23:14,11ec:9547:54b3:29a5:dea7:f04c:31f3:2c4f,1
sdv-id-EbsIYk,ACC_211,ENT_UK_014,52144.888037804594,USD,2026-01-13 06:28:08,3e9a:e61d:98db:aca2:1aef:9928:16b7:dca1,1
sdv-id-tRxbSH,ACC_253,ENT_UK_005,363111.28161035245,USD,2026-01-03 19:05:44,f49a:a3e8:dd70:5aee:b56e:8b0a:3007:760a,1
sdv-id-uEKCrk,ACC_271,ENT_UK_006,221378.51161406105,USD,2026-03-18 11:48:16,57de:9cc8:c03c:e69c:4059:10ff:9b67:af78,2
sdv-id-UKvkEj,ACC_176,ENT_UK_006,685855.7353553647,USD,2026-01-15 23:52:12,53e3:b917:3eb5:5e84:9950:9b27:817b:5b32,1
sdv-id-gYzfYD,ACC_273,ENT_UK_012,1429.4608166505725,USD,2026-02-13 10:26:35,1656:7f:e5b8:f968:c310:5757:7f45:4772,1
sdv-id-YCpcOU,ACC_273,ENT_UK_016,12948.356363058992,USD,2026-02-17 16:03:17,413a:7fa3:77c5:e6be:b31f:c0b4:1ce:16dd,1
sdv-id-ZApJRV,ACC_176,ENT_UK_014,68421.09162240906,USD,2026-01-16 18:34:49,8d6f:ff50:aaf7:3e1d:6d7e:9d51:553b:d250,1
sdv-id-bBIXlA,ACC_155,ENT_UK_018,4013.8397830430463,USD,2026-01-12 01:54:53,254f:3746:f454:8204:73bc:1797:78db:7f5a,1
sdv-id-wXwSva,ACC_284,ENT_UK_012,8716.473073616055,USD,2026-03-30 05:56:35,483b:75ea:4091:c603:fc1c:289e:1f5e:d9a7,1
sdv-id-IEwiYf,ACC_211,ENT_UK_004,16331.888059490702,USD,2026-01-03 08:56:27,93d0:e507:7639:a23e:1665:b4f1:7226:6131,1
sdv-id-ezpqeN,ACC_142,ENT_UK_013,321963.027712458,USD,2026-03-21 05:48:00,6070:6f08:87d:b2f8:989f:6ea:b62:d30a,1
sdv-id-ZUlPkP,ACC_142,ENT_UK_008,510787.1927775817,USD,2026-03-27 04:04:45,3a63:7006:e682:1c84:cbe3:8b52:8e0d:4e50,2
sdv-id-DIvXHK,ACC_211,ENT_UK_005,1707.5802250304448,USD,2026-02-25 13:01:02,5208:e5a2:6d20:beea:83e9:17da:ecbd:9eb4,1
sdv-id-BaIaVe,ACC_176,ENT_UK_019,30551.946991327233,USD,2026-02-03 12:46:05,b537:bec1:c0ed:4e5f:f998:e4f:3307:67f5,1
sdv-id-hwclcq,ACC_211,ENT_UK_006,98322.3404138435,USD,2026-03-25 04:12:52,3c5d:8e16:d00d:d831:22e4:4bd8:3fa0:8d77,1
sdv-id-SFIuYN,ACC_256,ENT_UK_012,8555.086840867087,USD,2026-01-20 10:15:23,30f4:cb6e:d25b:7ca6:e508:9fe6:2f63:d0a,1
sdv-id-VfnoLJ,ACC_142,ENT_UK_001,6513.181646719453,USD,2026-01-05 20:17:40,6ccc:ab22:11a0:8619:2f6a:901a:8a7d:1699,1
sdv-id-JsTval,ACC_162,ENT_UK_015,34028.90837696521,USD,2026-02-20 08:23:46,a821:e4ab:824c:44f0:4888:3428:3fc0:3b32,1
sdv-id-xvENDA,ACC_293,ENT_UK_006,21871.692697541992,USD,2026-03-15 05:00:52,db13:36bc:83d:f932:c4ee:cf21:2c6c:8320,1
sdv-id-aJbUMz,ACC_142,ENT_UK_009,186723.1873940421,USD,2026-02-28 21:10:37,a319:6c91:2f5:eabc:db18:1799:9a0e:2688,1
sdv-id-TfiYWP,ACC_293,ENT_UK_004,70192.64685493601,USD,2026-01-22 10:21:19,57ba:bdf4:dc55:558:93e8:ea7:83a9:6f88,1
sdv-id-miEWOa,ACC_186,ENT_UK_019,9521.76200082934,USD,2026-03-09 13:56:02,652d:87a5:9bc6:b2c4:b446:f029:a426:74a,1
sdv-id-gGsqAP,ACC_142,ENT_UK_015,107242.13549774436,USD,2026-03-20 22:22:15,1ec0:129e:79d6:61d1:1265:9869:fdb9:d31,1
sdv-id-VPFLSO,ACC_211,ENT_UK_014,142377.17153695683,USD,2026-02-24 15:07:41,14c2:4d98:8984:6e85:56ec:3193:3089:c851,1
sdv-id-KNNkmm,ACC_142,ENT_UK_001,478507.429356036,USD,2026-01-27 20:52:52,2958:b81b:aa44:bfff:49f1:6709:6b42:e02f,1
sdv-id-iPuhvr,ACC_171,ENT_UK_002,21989.59858199554,USD,2026-03-14 21:59:46,7bd9:3a18:efb0:5652:e735:3de:879:a749,1
sdv-id-fkwbvJ,ACC_211,ENT_UK_009,66911.746025995,USD,2026-02-14 09:19:39,b74c:26e7:cf86:ff9f:f71c:fe48:f8c:cb49,1
sdv-id-vGFoys,ACC_171,ENT_UK_006,352342.3179477614,USD,2026-03-07 19:11:59,ada4:f518:7ef9:5cd1:5d2:7713:64f9:e854,1
sdv-id-RmkqlZ,ACC_146,ENT_UK_015,3814.5870758196647,USD,2026-01-02 05:39:54,ec2:512:a8fa:97d4:e910:c60f:1ede:ebdb,1
sdv-id-HIWywc,ACC_176,ENT_UK_017,13140.388277800865,USD,2026-03-26 21:33:55,912b:2a90:9b57:5719:6017:8988:7e09:bfed,1
sdv-id-aHfWgk,ACC_155,ENT_UK_015,935.702269179926,USD,2026-02-20 00:40:43,a2fe:a4fb:ae2f:397:879a:4b56:7c2a:398f,1
sdv-id-DpdNvS,ACC_142,ENT_UK_007,1833114.201712765,USD,2026-03-31 21:29:21,36f7:4bac:600a:f5c6:7691:42c6:7014:9af,2
sdv-id-unkgtX,ACC_186,ENT_UK_009,2638.305375119154,USD,2026-03-08 20:26:14,efd:887c:ec7c:10d5:544f:d9c4:66b4:e0fb,1
sdv-id-niNFHK,ACC_176,ENT_UK_012,163240.78444412802,USD,2026-02-15 14:16:20,2d39:9e8e:7b5e:804d:d4b8:35a5:47fb:74fa,1
sdv-id-nhWuXQ,ACC_294,ENT_UK_018,185962.6250563709,USD,2026-04-01 07:39:16,2b85:4035:d899:b7e0:c3d2:8a53:e72e:408d,2
sdv-id-pArTdz,ACC_176,ENT_UK_014,254706.46114679307,USD,2026-03-16 11:09:51,9bd7:3681:3b3b:9c83:198:367e:81c3:c538,1
sdv-id-tloHVW,ACC_225,ENT_UK_015,54144.56747225541,USD,2026-01-11 19:34:17,7873:f911:8be1:ce69:a11b:a0d7:3c6:c64e,1
sdv-id-mJALlh,ACC_199,ENT_UK_019,296410.3223589158,USD,2026-01-25 14:18:55,8feb:c0a0:3d5d:83d:b71a:cdf8:8422:499c,1
sdv-id-eBtDoa,ACC_176,ENT_UK_006,10529.139298098107,USD,2026-01-30 18:43:58,ec9d:b3fb:5dad:ff54:cecf:8881:2003:8277,1
sdv-id-PfsDlq,ACC_170,ENT_UK_009,167161.61517232686,USD,2026-01-09 18:48:02,c710:70ba:fb0f:e4f4:a10c:a35a:43b0:24f8,2
sdv-id-iKscii,ACC_156,ENT_UK_017,183520.30706358675,USD,2026-01-28 15:44:46,e6fe:1ce7:1117:3907:9eab:a5c0:a093:a330,1
sdv-id-VJRCuk,ACC_142,ENT_UK_010,621798.9392223334,USD,2026-03-15 04:01:32,d718:a3d6:7cda:53e6:a9e5:63ad:eb8c:5e31,2
sdv-id-UBqMBG,ACC_142,ENT_UK_010,33423.40512729595,USD,2026-01-25 19:20:55,2bdb:6040:8b43:e57f:3064:eaf1:b30d:9914,1
sdv-id-uxqowL,ACC_171,ENT_UK_018,206200.7741578529,USD,2026-02-22 19:19:56,334b:bbf2:26e9:ecc8:2b1d:8cab:aa98:b2cd,1
sdv-id-sdhoko,ACC_186,ENT_UK_016,50598.44575793442,USD,2026-02-16 20:16:15,c1a1:d7eb:6c69:dd:5faa:636:7a34:d731,1
sdv-id-sEQLHb,ACC_273,ENT_UK_017,364950.3215769733,USD,2026-03-23 02:18:17,4359:a865:f3b3:ba30:966a:c637:d3db:1035,1
sdv-id-xkumgw,ACC_176,ENT_UK_009,517731.9422190969,USD,2026-01-04 00:19:21,248e:2f:6b15:8b1b:4339:b5a7:edf8:2c6d,2
sdv-id-NVPciJ,ACC_134,ENT_UK_003,59246.31204792624,USD,2026-03-20 08:04:49,8a89:29e9:d907:eb25:900f:aa9d:205e:a25c,1
sdv-id-OreVFQ,ACC_107,ENT_UK_002,833739.0299941787,USD,2026-03-16 19:05:07,6199:3000:aaa7:cace:6f3b:2562:5a49:a690,1
sdv-id-lvQYrG,ACC_176,ENT_UK_013,106745.2046702679,USD,2026-02-16 20:40:11,6175:a966:2585:b57e:a817:7e85:6760:6e6a,1
sdv-id-YGNIBK,ACC_186,ENT_UK_009,62320.172892135495,USD,2026-02-09 08:46:52,a3a3:c614:af28:626e:6387:d06e:717a:b7fe,1
sdv-id-ZzKXdH,ACC_190,ENT_UK_015,2099.6078404249565,USD,2026-01-15 09:23:53,31e4:a82a:b904:1717:e82c:7e00:95b0:7085,1
sdv-id-CRTFcZ,ACC_243,ENT_UK_005,12414.391937076864,USD,2026-02-16 14:51:08,9979:1613:217b:d6c9:565c:2b9c:afcf:ef53,1
sdv-id-EAbOnR,ACC_176,ENT_UK_014,16894.29488927182,USD,2026-02-27 06:58:03,a83d:7ee0:ba14:685c:11e8:a641:e4ba:9cc,1
sdv-id-qlVSKg,ACC_273,ENT_UK_004,7651.375578682224,USD,2026-01-13 18:20:55,bc5e:2c50:6301:c625:6858:30a5:c003:4e26,1
sdv-id-vAepKc,ACC_211,ENT_UK_011,953326.9157520356,USD,2026-03-14 02:30:08,7063:c786:453:a731:f690:a517:2ac2:fb7e,1
sdv-id-VkrEeO,ACC_171,ENT_UK_016,4558.75816006113,USD,2026-02-27 04:32:24,e5cf:1338:3806:685d:167e:d267:eb2d:a50,1
sdv-id-okNFJH,ACC_294,ENT_UK_017,23614.56960190763,USD,2026-03-03 02:48:41,a4cf:e67b:e35e:c614:f96e:6eb5:7aa3:3d,2
sdv-id-kiechZ,ACC_176,ENT_UK_003,26494.76013803534,USD,2026-03-17 22:06:09,7240:ff89:bff9:9e71:ceeb:af3a:bd77:9943,1
sdv-id-XETFSJ,ACC_100,ENT_UK_018,8625.759798855202,USD,2026-02-13 02:54:58,919f:b78f:ab4c:2e8b:5b28:98bd:8879:68b0,1
sdv-id-pVrCDY,ACC_211,ENT_UK_010,950051.8889541056,USD,2026-01-17 12:09:09,9b74:5389:b4ae:3086:e32a:8bf2:bd98:aa79,2
sdv-id-cRgxrb,ACC_189,ENT_UK_004,92650.35179300651,USD,2026-02-19 05:41:53,eb5:2a16:da49:fb77:ac05:fea8:d9fe:dfeb,1
sdv-id-MLGRZR,ACC_225,ENT_UK_001,33763.135593226594,USD,2026-03-26 04:52:10,b3fe:74a2:1a39:49a6:fcf9:8bdf:87d5:e4ff,1
sdv-id-RthMDr,ACC_142,ENT_UK_009,2692.619767688487,USD,2026-03-28 17:49:02,9e37:3b30:8f57:beb2:75d8:36f2:489d:bfa4,1
sdv-id-drOMlo,ACC_211,ENT_UK_004,18436.98509530056,USD,2026-03-24 01:32:56,b415:29ab:f3a8:5ffe:b810:d6f6:411c:10f1,1
sdv-id-TSKVPP,ACC_164,ENT_UK_016,9643.24723122967,USD,2026-01-01 05:03:24,a94d:224d:ef2d:a011:b036:be6b:1e8c:92ac,1
sdv-id-MyBCnF,ACC_142,ENT_UK_018,49152.23601166452,USD,2026-01-22 22:33:30,cd52:f0ca:c331:2e64:2622:e2b8:98a8:480a,1
sdv-id-GVqFIY,ACC_253,ENT_UK_010,70198.22066636654,USD,2026-03-03 07:54:04,850c:66af:eba4:eb9e:123:95d0:306d:6c97,1
sdv-id-ODubBe,ACC_186,ENT_UK_013,2488.2750407187145,USD,2026-03-09 13:41:14,caef:676b:2b3c:37ce:102d:55d0:7a69:d65c,1
sdv-id-fHZpUQ,ACC_273,ENT_UK_001,945.5920499356396,USD,2026-02-02 13:38:37,fd1c:2cea:dd39:c3d:155f:66c:e7f1:b250,1
sdv-id-gpidft,ACC_247,ENT_UK_015,942.1002381998196,USD,2026-03-16 02:23:59,ff49:ba0e:af50:f6f1:e5f5:8f4b:8e2:70a7,1
sdv-id-nfndKb,ACC_155,ENT_UK_013,279752.72017008986,USD,2026-03-23 22:56:18,b993:23a1:b863:3cee:6fbe:dd86:6f1c:9e7c,2
sdv-id-YhiXwH,ACC_107,ENT_UK_015,59321.8766678388,USD,2026-03-21 03:18:47,399e:c879:cd66:c3b5:2929:175f:f30:9fc2,1
sdv-id-LwsKKH,ACC_176,ENT_UK_014,35704.60705761335,USD,2026-01-20 12:06:13,c8e6:6621:21a9:309a:9093:a447:10f6:7209,1
sdv-id-DMTOZX,ACC_264,ENT_UK_009,3293.393169991638,USD,2026-01-30 03:22:01,433a:ed22:5de5:aae4:4a86:ce4c:624d:a36,1
sdv-id-dHwSLJ,ACC_181,ENT_UK_014,14497.429322241176,USD,2026-01-11 04:06:14,8c4e:3f71:8429:2ef4:495b:ceca:f69f:f375,1
sdv-id-iAcYer,ACC_171,ENT_UK_018,26327.860251625832,USD,2026-02-19 12:02:56,1634:afcc:7d07:8ecd:9d6f:1d92:4b6b:51a2,1
sdv-id-MqpKcB,ACC_176,ENT_UK_003,35389.18539068664,USD,2026-03-02 18:55:58,f452:5004:e8d:f5b2:9ec5:7423:5ea:6a5a,1
sdv-id-siDHLQ,ACC_164,ENT_UK_016,3674.4701023585553,USD,2026-02-25 05:31:38,b8aa:48e4:d2fa:ee48:656c:614:3733:65eb,1
sdv-id-cZjdTj,ACC_264,ENT_UK_004,271020.84637561056,USD,2026-02-04 07:40:27,9015:a077:bdf0:c27d:323a:a7d5:c874:1b93,2
sdv-id-ultPkp,ACC_162,ENT_UK_006,4528.109337823476,USD,2026-03-12 12:33:39,e70d:88ce:9a7:116b:3632:3415:3827:1855,1
sdv-id-CNphHF,ACC_264,ENT_UK_008,101157.84343972444,USD,2026-03-09 07:21:44,bce8:a7e9:5396:27ae:d920:4160:10d6:e2d5,1
sdv-id-gfoHqA,ACC_187,ENT_UK_008,1282.4590491845238,USD,2026-02-13 22:18:04,695b:78c:1d3b:7a98:2392:4367:2893:a79d,1
sdv-id-GoyMXr,ACC_256,ENT_UK_011,100720.91706492944,USD,2026-01-25 07:38:51,b5e3:cff9:e778:4c75:c37c:8241:1493:e669,2
sdv-id-VQgdhL,ACC_128,ENT_UK_017,7150.661681723248,USD,2026-03-09 15:15:56,a9ef:5bbe:9ca9:87cc:3800:bc46:69af:1bc4,1
sdv-id-uqjuPw,ACC_181,ENT_UK_010,865733.4694511532,USD,2026-03-30 07:22:28,2ea3:7cd9:9e29:fbe3:2322:6bf:6491:9c46,1
sdv-id-GFOvvC,ACC_107,ENT_UK_002,759578.0751516968,USD,2026-02-24 16:26:37,f19e:f3ee:b3e4:977f:2f91:763b:44f6:9eb0,1
sdv-id-KBTKyu,ACC_170,ENT_UK_012,135232.66812572468,USD,2026-03-31 12:02:11,f6ed:a93f:90fc:7556:1b6:d7b5:c155:efb,1
sdv-id-EGFBat,ACC_261,ENT_UK_010,3076.01459363146,USD,2026-03-11 19:41:35,a1e9:704d:82c:7168:fa3a:4648:7797:c85e,1
sdv-id-SihAYy,ACC_155,ENT_UK_001,138229.2121507046,USD,2026-03-04 16:58:00,8ad9:dfd1:3238:f554:2d64:c9d8:5e56:2796,2
sdv-id-iakxoh,ACC_186,ENT_UK_003,22209.61157102592,USD,2026-01-17 14:00:59,dbdc:5e49:7c07:85a0:bcae:8c0a:f638:440a,1
sdv-id-KJufvg,ACC_155,ENT_UK_012,159489.93701184265,USD,2026-03-28 04:49:54,8481:5b3:c913:ab94:7c1a:d59c:d920:790e,1
sdv-id-ZgUJfh,ACC_242,ENT_UK_008,7215.669915300245,USD,2026-03-28 22:16:47,6150:2d74:bae3:8476:ee14:7de8:8b16:3961,1
sdv-id-TTxubz,ACC_199,ENT_UK_004,161914.25813024936,USD,2026-02-07 21:39:05,9417:c371:c3b4:95b3:6a:721c:c234:237b,1
sdv-id-VroaDa,ACC_176,ENT_UK_007,142305.28359885662,USD,2026-02-14 00:58:46,898d:f940:1efc:ab29:205d:bde1:6adf:9595,1
sdv-id-LUVfVi,ACC_187,ENT_UK_019,5638.815432992107,USD,2026-03-25 23:43:10,c916:78b2:8348:2503:e690:f6c0:3b95:facb,1
sdv-id-uNPEXg,ACC_146,ENT_UK_010,68791.39256708093,USD,2026-02-23 07:52:08,efff:84a:f2da:6eaf:7149:71ed:adde:d69a,1
sdv-id-FyzzOJ,ACC_211,ENT_UK_016,1349471.9615531142,USD,2026-03-20 19:35:44,89e9:f943:7de0:9f83:c495:d0f7:43bf:1cc8,1
sdv-id-ohofyT,ACC_186,ENT_UK_003,1123.6202671728436,USD,2026-02-08 10:22:38,ef2d:f754:cb9c:8fc7:ded:8484:2e54:b3f9,1
sdv-id-ZTQocd,ACC_142,ENT_UK_009,2626291.7322258754,USD,2026-01-03 12:54:04,ff9f:6a4b:62bc:69cc:a3f2:f327:89eb:f31,1
sdv-id-ttkCbj,ACC_142,ENT_UK_004,28530.487893716436,USD,2026-02-09 07:11:33,451f:5a32:eb61:da8a:9192:acec:4641:a004,1
sdv-id-cdpWdS,ACC_155,ENT_UK_012,1570662.6591244964,USD,2026-01-21 00:48:51,9ce9:8f00:9b6:4eb5:4199:c69d:516e:f0bc,2
sdv-id-cSCYwY,ACC_107,ENT_UK_014,341084.76737456466,USD,2026-03-25 03:18:29,d842:233e:4dbe:f3ce:2c6b:7011:5e74:7415,1
sdv-id-kiHpyE,ACC_253,ENT_UK_004,185241.71630501756,USD,2026-03-31 17:12:54,5c6b:e3ac:f040:ef57:97ca:be87:fa20:c71f,1
sdv-id-HIWKTn,ACC_273,ENT_UK_002,171600.23605474498,USD,2026-02-28 06:09:49,32a7:9acf:7ec1:9962:16aa:6474:56d8:4474,1
sdv-id-awtdyD,ACC_134,ENT_UK_018,13085.134089455898,USD,2026-02-07 16:13:24,2cd6:d421:1ecc:b92b:8197:b4ee:5192:77b4,1
sdv-id-zxXmzG,ACC_107,ENT_UK_006,121244.47923460498,USD,2026-01-06 19:52:17,d443:a747:c792:f4ec:9f79:7086:73f0:ff14,1
sdv-id-vAZDNW,ACC_162,ENT_UK_003,32154.008333223832,USD,2026-03-16 10:37:17,64d2:4c6f:7307:a5c2:6c5:19f5:737c:9219,1
sdv-id-DKlQoH,ACC_264,ENT_UK_001,998228.271430508,USD,2026-03-05 11:28:11,fb4c:918:7816:d097:2656:204d:2e82:160c,1
sdv-id-WSiknv,ACC_107,ENT_UK_002,667408.0389957111,USD,2026-03-08 02:51:41,2f31:97bb:2926:d7f6:d7c:c6fe:6902:b298,1
sdv-id-SSNUir,ACC_271,ENT_UK_009,2238158.8957633516,USD,2026-03-15 23:27:49,b67a:be96:9779:e294:e080:a531:95f5:d530,2
sdv-id-SgzDXl,ACC_271,ENT_UK_010,11117.406032936136,USD,2026-02-14 15:47:39,d6b4:2671:4727:fcce:759e:669d:f760:ad80,1
sdv-id-KRUuwV,ACC_284,ENT_UK_008,1787.601645640122,USD,2026-03-28 16:48:03,6796:6a58:bebf:7456:932:6ad5:c014:dccb,1
sdv-id-KvkvmL,ACC_123,ENT_UK_011,34791.93804286722,USD,2026-01-16 14:47:35,9749:bbd0:c7f3:1d81:2fac:b114:848d:13fd,1
sdv-id-DZWQlW,ACC_171,ENT_UK_010,366864.9128280415,USD,2026-03-19 01:37:09,6754:dbb3:9d0a:5fa4:603e:dc4a:49fe:1f1b,2
sdv-id-wOkpVZ,ACC_256,ENT_UK_017,181904.35528227617,USD,2026-02-12 22:00:09,a1fd:73c7:a4a2:45a2:7ec5:f736:ed40:bb8a,1
sdv-id-equzwQ,ACC_187,ENT_UK_016,24162.49302891791,USD,2026-01-02 11:16:49,7e6e:57bc:7df9:3c9f:50b9:5949:1d52:26a3,1
sdv-id-AGagAr,ACC_155,ENT_UK_006,200961.41538520108,USD,2026-03-21 23:17:15,754f:dd92:a0c0:720:f7f3:9667:fd9a:264,2
sdv-id-aLFyEI,ACC_248,ENT_UK_003,417844.0031773272,USD,2026-01-03 11:51:52,a81a:982f:d98b:5f80:3f:1f67:c21:231b,1
sdv-id-mhrxkZ,ACC_211,ENT_UK_016,107059.60601563969,USD,2026-03-25 23:25:13,1ea0:6e4e:914d:c852:c93d:d5d5:fbb2:e55b,1
sdv-id-qXFDTc,ACC_256,ENT_UK_012,330256.3021885842,USD,2026-01-24 12:26:29,6f23:8013:b9d9:215f:b47e:e0a3:bf9a:a226,1
sdv-id-fkenQy,ACC_176,ENT_UK_009,53545.90395782647,USD,2026-01-16 17:43:29,dbb9:d15a:c6c2:d975:d603:8ac2:3b55:fdab,1
sdv-id-CoPqKV,ACC_273,ENT_UK_019,19408.334357914853,USD,2026-01-20 12:34:02,f97:af73:9092:1856:166d:b428:260c:aeb,1
sdv-id-capyci,ACC_271,ENT_UK_013,11292.093523031344,USD,2026-03-22 20:32:06,a94e:c3bd:5f5f:617c:804e:439:e917:88d,1
sdv-id-ziPihL,ACC_294,ENT_UK_019,18049.467036214137,USD,2026-01-28 01:35:10,840c:bc7:9ca6:e52a:54c3:657f:77b3:1390,2
sdv-id-lgRpwZ,ACC_123,ENT_UK_012,935.3224170745972,USD,2026-02-20 13:48:54,abad:82ba:fef3:d47c:e1cb:3916:57dd:3894,1
sdv-id-yqTfTX,ACC_176,ENT_UK_009,2639.1676694649136,USD,2026-03-25 14:30:53,afa9:d439:f09d:8415:fa0:c56b:b569:26d0,1
sdv-id-rcvMOc,ACC_187,ENT_UK_014,98836.3565536563,USD,2026-01-01 04:35:43,75fa:7b2c:46a1:474b:ede0:31fc:3510:4cb8,1
sdv-id-ctnEDc,ACC_253,ENT_UK_004,592868.5094576149,USD,2026-02-28 15:08:30,625c:9927:1eb0:3220:3a6d:db0d:b355:ef10,2
sdv-id-yAtWEo,ACC_107,ENT_UK_018,742283.6596494807,USD,2026-03-31 03:38:22,3356:d807:6d90:9e75:4178:50e6:2ca6:7468,2
sdv-id-NnEVuT,ACC_171,ENT_UK_012,44903.47490471501,USD,2026-03-31 13:17:03,7045:845:e061:a4f:7386:6335:2b61:6e64,1
sdv-id-FcZVld,ACC_249,ENT_UK_013,68530.6392265411,USD,2026-02-25 07:10:33,ef99:52a8:ad55:8d4d:c661:c275:d8a1:e565,1
sdv-id-rEFBtx,ACC_284,ENT_UK_004,225720.86824719727,USD,2026-02-19 23:00:28,6751:5241:ba87:c975:e42c:3e14:12f8:5e96,1
sdv-id-jmOGKw,ACC_271,ENT_UK_009,75188.31520970412,USD,2026-03-17 09:26:15,f4e7:47ff:435:9297:1c3d:51b6:cf64:58c5,1
sdv-id-XafnYG,ACC_273,ENT_UK_001,135961.46019518253,USD,2026-01-22 21:28:51,5174:d46b:6610:150f:20d2:e704:9426:f0e8,1
sdv-id-UJhrZy,ACC_211,ENT_UK_011,30064.822013702294,USD,2026-03-11 08:06:28,aaa5:cea4:3c3d:9e8b:7d02:b893:29fa:d7e1,1
sdv-id-BngYcL,ACC_242,ENT_UK_005,12342.833478700735,USD,2026-03-21 04:37:00,e723:13ac:fd9f:9b3a:4832:f825:88e:c46f,1
sdv-id-RpZXcS,ACC_186,ENT_UK_005,10183.023173397289,USD,2026-01-07 10:53:08,d957:67a8:b23d:c811:9871:9376:cbfe:8beb,1
sdv-id-kJSmHo,ACC_181,ENT_UK_003,91724.35498401652,USD,2026-01-21 17:45:44,4aa1:7210:c4f8:aa64:bfba:e3d2:b109:48d9,2
sdv-id-xWKGXD,ACC_171,ENT_UK_003,2472.7069493555996,USD,2026-01-13 00:02:15,99e4:e36:3613:d171:912b:69e0:8ee2:10e8,1
sdv-id-HzDFCW,ACC_156,ENT_UK_005,43275.88078059335,USD,2026-01-10 19:53:18,7be7:da27:41e9:cc6d:f77e:c32e:ca80:327e,1
sdv-id-kGmnIt,ACC_107,ENT_UK_008,75233.71104335469,USD,2026-03-12 08:19:47,c023:bb8d:f8c3:c594:3995:ce05:7425:9c2e,1
sdv-id-dDFiUO,ACC_211,ENT_UK_001,86990.93172672151,USD,2026-01-03 23:06:38,4416:6bc6:9328:2b2c:78f:fa72:4b94:d32b,1
sdv-id-uMkNtY,ACC_134,ENT_UK_010,4130.839821130322,USD,2026-01-23 06:23:13,6c4b:cf9:32ed:d126:b35d:a9b7:6474:edca,1
sdv-id-OcEGuT,ACC_107,ENT_UK_008,346435.2052629202,USD,2026-03-05 18:04:13,10b0:d2b8:f19c:d9e8:76dc:a62c:57a0:9bae,2
sdv-id-PpwWvM,ACC_271,ENT_UK_013,665532.1998521811,USD,2026-01-13 06:27:55,c731:5923:5169:a523:c5c6:ff0e:5abd:14fb,1
sdv-id-pazKnP,ACC_181,ENT_UK_009,4956.815268236309,USD,2026-01-06 13:59:59,b2dc:851f:9070:3823:47c2:979c:8dc4:3502,1
sdv-id-LhSFWi,ACC_134,ENT_UK_014,28818.050167556972,USD,2026-02-27 17:58:47,8fee:7261:4c81:70a3:ffd:c189:60f6:8f11,1
sdv-id-DxWjJE,ACC_225,ENT_UK_015,944.6901745921856,USD,2026-03-22 13:27:13,6db8:6764:741d:f743:5f44:28e8:386c:8683,1
sdv-id-nIXRWL,ACC_155,ENT_UK_004,14073.63994978334,USD,2026-03-06 13:32:09,49cd:3736:ee8e:a157:2e6d:eeb2:13b6:77c2,1
sdv-id-OdiMZD,ACC_142,ENT_UK_012,5915.257163194416,USD,2026-01-08 11:32:35,6ba4:e370:301c:5ccb:b3da:1d92:4f47:bdeb,1
sdv-id-LfTDqd,ACC_176,ENT_UK_016,23852.228539676336,USD,2026-03-05 10:55:30,d4aa:ddd:18bf:b651:8a6b:93c6:8a28:a2f4,1
sdv-id-vNrtaM,ACC_181,ENT_UK_018,652579.0890672108,USD,2026-01-11 11:59:02,7770:d068:c5e0:4361:21a7:6c16:63f2:f1f3,1
sdv-id-vcsiIv,ACC_107,ENT_UK_006,185119.9494609615,USD,2026-01-30 14:34:33,acd3:d40d:259:ac1f:e765:2699:ef77:7838,1
sdv-id-hzxGjK,ACC_221,ENT_UK_011,11175.860411797346,USD,2026-01-08 06:36:07,faef:701b:f8cc:8a14:d0cc:ded4:35af:432c,1
sdv-id-dVDUWg,ACC_247,ENT_UK_015,6619.268833923195,USD,2026-02-11 13:21:06,8bce:5baa:6890:c6a1:ef59:eea6:46bf:cdf,1
sdv-id-CrxeFj,ACC_146,ENT_UK_003,130400.15428129808,USD,2026-03-18 18:15:37,3fad:24bc:9e47:6a77:2eba:47b3:f85b:4c03,1
sdv-id-BDOglr,ACC_107,ENT_UK_011,8308.311004119878,USD,2026-03-23 02:53:25,1e15:940:8474:fcab:3639:961b:c7ff:3c7b,1
sdv-id-xmDRii,ACC_273,ENT_UK_013,654699.1327505044,USD,2026-03-25 15:24:38,f616:76b5:efb5:c149:cd7:5cc7:fe34:f386,1
sdv-id-whRKqJ,ACC_107,ENT_UK_007,11897.209819391366,USD,2026-03-07 00:11:23,a067:8008:2529:dcb1:4c31:f482:8196:94d2,1
sdv-id-FBlBdf,ACC_186,ENT_UK_016,79927.8424496072,USD,2026-01-10 15:39:11,dabd:4317:12b2:9b2b:59:ae78:db64:2a02,1
sdv-id-hBAyzy,ACC_142,ENT_UK_007,124010.69801509184,USD,2026-03-29 21:11:07,95c5:a733:6d46:da03:152b:96af:c4ce:aec9,1
sdv-id-NWYOZY,ACC_162,ENT_UK_013,10731.29565143039,USD,2026-01-07 17:41:46,ac59:830e:ab66:b7c:c662:2ee8:71:1cef,1
sdv-id-mRrzlx,ACC_186,ENT_UK_010,179755.36962130712,USD,2026-03-21 16:03:11,84b6:dc9:367f:afee:12c0:984:7321:db68,1
sdv-id-nwKplf,ACC_176,ENT_UK_004,499943.41844293266,USD,2026-01-19 20:35:54,f67e:b223:1546:f4d9:42bd:6456:8cef:50b5,2
sdv-id-DHsqzj,ACC_176,ENT_UK_013,21514.404235388283,USD,2026-03-15 22:03:19,cefe:1a8e:a597:ed85:dd18:fff:b56b:31e7,1
sdv-id-tarDiH,ACC_186,ENT_UK_001,442392.35545477294,USD,2026-04-01 12:53:30,f16a:d2b:83fe:753c:e35:9f64:bf71:7590,1
sdv-id-WpUQeN,ACC_294,ENT_UK_018,16205.92013919599,USD,2026-01-10 10:27:06,4ef0:e554:89a1:6681:5e74:2b7a:a627:fd9d,2
sdv-id-Iosqcu,ACC_199,ENT_UK_006,607899.1699967408,USD,2026-01-16 16:49:08,72c4:9155:fb5f:b14d:3a84:c1d8:ac8f:b8c1,1
sdv-id-cxLKcW,ACC_142,ENT_UK_010,340741.29949027643,USD,2026-01-30 08:20:19,e8a7:6163:5b62:56e:a132:76c1:7f38:4dae,2
sdv-id-SxeFSA,ACC_196,ENT_UK_015,197569.92699358653,USD,2026-01-08 15:54:49,b441:232a:7819:f3d1:1d27:6fb9:6d0d:a792,1
sdv-id-ngiAll,ACC_273,ENT_UK_014,89019.32620935007,USD,2026-02-06 23:38:26,a310:2827:2f6c:6:fb7b:83b9:64db:704f,1
sdv-id-mumJqx,ACC_211,ENT_UK_008,305113.6126926425,USD,2026-03-17 16:48:45,a99d:8986:ca26:4e43:16de:9778:303:63c5,2
sdv-id-JnNasW,ACC_107,ENT_UK_015,66588.28539628533,USD,2026-01-09 21:39:52,525f:3a6c:75d4:94cb:b9d6:796b:3d0c:9106,1
sdv-id-uoztii,ACC_196,ENT_UK_004,6025.819975285351,USD,2026-03-26 17:25:14,36dd:7a4f:b0c5:4553:ec2f:ccb6:1615:1d09,1
sdv-id-VHIdUj,ACC_142,ENT_UK_003,161973.71657243243,USD,2026-02-26 19:15:55,dfb9:edd:95ae:eef0:5b26:a4e1:317b:5e18,2
sdv-id-lYietu,ACC_294,ENT_UK_019,83821.72076765932,USD,2026-03-28 23:13:43,2598:e151:2e7c:47f5:89ee:a48a:7f73:b7d8,2
sdv-id-HDtVGP,ACC_187,ENT_UK_013,158679.47165409598,USD,2026-01-23 12:42:11,da7d:4cce:c73b:3c82:6989:f6b9:4301:482e,1
sdv-id-GFiyqV,ACC_248,ENT_UK_001,12749.337711340711,USD,2026-03-11 00:47:02,9d5c:b490:84f0:37ca:1448:e51:f26b:dc31,1
sdv-id-UasjFC,ACC_134,ENT_UK_014,1475.525651284884,USD,2026-02-08 11:44:41,7f98:4fd9:8ab0:f439:7c88:171a:8b9d:b389,1
sdv-id-hfBbXh,ACC_262,ENT_UK_001,974843.6661919756,USD,2026-01-27 11:20:25,845a:765c:2241:d925:9ddb:f921:eac2:4cd7,1
sdv-id-GONwQt,ACC_221,ENT_UK_016,150610.62377349657,USD,2026-03-18 04:01:51,42be:8df8:e64c:ff0d:d6d3:bc5a:52d8:af66,1
sdv-id-FYWPQE,ACC_211,ENT_UK_006,6071.014693644591,USD,2026-01-04 15:47:00,34bd:4bdf:a9f9:679f:246a:2a3d:b962:ac1e,1
sdv-id-NUCGyf,ACC_176,ENT_UK_016,172687.82082817878,USD,2026-01-02 10:30:43,a58:cf56:d53b:a791:9e40:1acf:861d:5094,1
sdv-id-ZzfPlm,ACC_187,ENT_UK_001,933.5299046752334,USD,2026-01-29 17:19:17,fa6f:e594:3b6d:551c:2269:5ccf:4f4f:34c8,1
sdv-id-mNbDbJ,ACC_162,ENT_UK_010,37518.79744443697,USD,2026-03-05 16:24:31,9fba:89d0:397f:a3e4:775b:e023:37c8:c3c3,1
sdv-id-SLbiIY,ACC_299,ENT_UK_005,41904.12004640045,USD,2026-03-15 19:37:52,a48b:e78a:9348:bee5:2e53:8dde:27a6:3202,1
sdv-id-jZYiBQ,ACC_171,ENT_UK_003,411557.8891749968,USD,2026-03-31 03:09:52,d3dd:e100:19a4:2e95:b21b:4756:46e8:ea5,1
sdv-id-fciLsJ,ACC_176,ENT_UK_014,119530.8027395638,USD,2026-02-08 13:21:58,b022:951f:ccf0:19df:70f1:d820:c796:d861,1
sdv-id-UnsVuw,ACC_156,ENT_UK_014,28503.67591517487,USD,2026-03-21 06:04:04,d19b:b0ed:edaa:4ad8:a947:429a:50b4:9443,1
sdv-id-EUJUqA,ACC_164,ENT_UK_002,1432642.0113236848,USD,2026-02-12 09:54:19,bd93:24de:3234:6fc9:edca:c136:dcc1:b956,1
sdv-id-uzBAKw,ACC_146,ENT_UK_009,14730.532503516544,USD,2026-01-24 03:28:52,f4bb:4b9:1849:c5f5:e56e:a005:f86c:5ed9,1
sdv-id-OXEtSl,ACC_248,ENT_UK_019,3116.4884024452763,USD,2026-02-12 03:10:05,21b8:4915:1345:70d9:d7bd:e6bb:6345:51d4,1
sdv-id-rDOUKU,ACC_176,ENT_UK_018,24425.83897193961,USD,2026-02-04 03:39:54,cbb5:c85d:a8a0:5b86:19eb:7a88:844c:6746,1
sdv-id-iQwWzY,ACC_100,ENT_UK_012,1800452.8733889365,USD,2026-03-18 16:29:55,fdad:6fe5:988c:ab5f:1304:76ff:e710:30ad,1
sdv-id-eIqTEH,ACC_248,ENT_UK_011,20506.715577453542,USD,2026-03-31 14:01:14,2f0f:bd69:d01a:63d8:1fc7:3249:761d:ac5c,1
sdv-id-lmdfej,ACC_107,ENT_UK_016,745556.4177636324,USD,2026-03-30 02:50:05,4eee:ae15:f224:41a6:8c20:2b21:388c:37e6,2
sdv-id-IIQuFB,ACC_243,ENT_UK_008,997.6029018324696,USD,2026-02-12 21:45:58,9298:215e:f508:b2f:bbbe:1357:1177:411d,1
sdv-id-qfKykI,ACC_211,ENT_UK_007,23320.165393117128,USD,2026-01-28 13:49:29,68c9:7115:6531:7b9:971a:1b1e:1d4f:403d,1
sdv-id-iuVphS,ACC_176,ENT_UK_006,6479.748696308554,USD,2026-01-20 07:47:16,7545:44c9:1da5:f2af:598b:ba4d:9a10:9fbd,1
sdv-id-WcvGcH,ACC_273,ENT_UK_005,1138023.2497038974,USD,2026-03-15 23:44:09,a2c5:9b81:da64:b7e9:a126:6f87:1794:723c,1
sdv-id-adhXgi,ACC_155,ENT_UK_019,37580.22810951486,USD,2026-01-01 07:32:05,1be3:ab31:b6db:ee00:2244:35e4:768e:41e1,1
sdv-id-ZXdsvF,ACC_184,ENT_UK_014,26736.242880085814,USD,2026-02-18 03:03:01,8c35:1e95:968f:6966:c5a7:ad4b:7578:c6e6,2
sdv-id-lZAWNE,ACC_176,ENT_UK_001,631603.8324088578,USD,2026-01-30 10:43:42,c16c:6349:a6ee:ec9f:b13c:6b25:74e0:91c0,1
sdv-id-Oobrlu,ACC_211,ENT_UK_018,932426.7159082836,USD,2026-01-08 03:59:35,82b:db98:521b:6f2b:a310:1f46:6045:c681,1
sdv-id-LLaBGF,ACC_176,ENT_UK_019,26180.27358343214,USD,2026-02-12 17:05:00,d0ef:6358:53a:c484:be80:e247:9783:c8d4,1
sdv-id-xBqohm,ACC_142,ENT_UK_012,1021.2465969201102,USD,2026-03-16 09:44:20,5295:1071:d090:cf18:32db:9c64:c28e:141,1
sdv-id-tyzePQ,ACC_199,ENT_UK_013,108481.78823256685,USD,2026-03-24 11:07:20,15f3:474f:f22:552f:cd6b:fb5a:e77f:cf6b,1
sdv-id-WUtVrg,ACC_207,ENT_UK_019,43756.709478477576,USD,2026-01-26 21:39:04,f65f:b4d5:2a52:d976:7765:12e:fec1:cbb8,2
sdv-id-BLKyOc,ACC_155,ENT_UK_016,178285.83086610667,USD,2026-03-14 06:38:13,94fe:6b40:957d:9d47:f682:779c:610:a63c,1
sdv-id-kFIfzN,ACC_211,ENT_UK_016,2682.8502692516454,USD,2026-03-25 02:04:06,3a12:5aeb:bfa2:6212:7823:b2fc:12e2:f3f9,1
sdv-id-RECPOL,ACC_100,ENT_UK_007,1069.551932472932,USD,2026-03-29 08:18:34,3921:3e76:9540:1015:6235:8705:11e1:85c5,1
sdv-id-aYVMJg,ACC_243,ENT_UK_014,1575.9965265617743,USD,2026-02-10 05:58:39,3aa2:e25b:2d8d:54a6:4ee6:6c:91ca:9a2b,1
sdv-id-UqzNHk,ACC_299,ENT_UK_004,2160.717194909425,USD,2026-02-26 21:46:27,b65b:3ee:e49a:d7fa:88b5:9912:8a6b:2b58,1
sdv-id-BHANVz,ACC_155,ENT_UK_014,7219.080562358784,USD,2026-01-15 02:20:46,d085:475b:5745:c587:606b:930:3996:55f1,1
sdv-id-PmHYIz,ACC_273,ENT_UK_010,40405.84577403252,USD,2026-03-26 11:19:09,807b:4a7b:3aef:d52e:9d0b:3307:6b66:139b,1
sdv-id-AGSJKz,ACC_171,ENT_UK_010,31793.028745457566,USD,2026-03-04 10:26:07,1aa8:dcb0:8075:cd2:3bf5:cb5f:3f56:f52b,1
sdv-id-RuMmQA,ACC_164,ENT_UK_017,446385.02239817585,USD,2026-01-23 16:08:58,bc66:7bfc:964d:98c7:141f:c67:8cc0:eccb,1
sdv-id-iWeZHj,ACC_242,ENT_UK_004,106273.58336729484,USD,2026-01-09 11:11:29,a10f:4270:3a54:1bef:7555:ab72:caaf:7cf7,1
sdv-id-awuDfH,ACC_155,ENT_UK_005,1283695.9291402716,USD,2026-02-07 18:30:40,f03c:9fd2:ec0a:e0c2:c00f:4796:98b3:622b,1
sdv-id-ITJRBC,ACC_225,ENT_UK_013,314883.21188122156,USD,2026-03-10 19:13:49,aac6:7989:d8f8:eedb:6ee5:fbe8:7381:6512,2
sdv-id-YJqeUy,ACC_162,ENT_UK_001,928.3259529992072,USD,2026-03-14 07:14:06,fd1:e64e:ba91:9412:ab77:9fb9:682f:35a0,1
sdv-id-wfUaSD,ACC_162,ENT_UK_014,1675.1141663603316,USD,2026-01-05 19:18:13,b121:65b8:c56f:a3d6:329c:3efe:c983:2da8,1
sdv-id-XsvSld,ACC_176,ENT_UK_009,165644.94018392684,USD,2026-02-01 03:18:23,e2cd:c9f1:e933:d5e7:4731:e7b3:737e:7e89,1
sdv-id-PUSvsR,ACC_187,ENT_UK_009,10749.35860993923,USD,2026-01-23 07:50:37,b4a8:247a:b551:cb9a:4204:fd5f:f127:78c9,1
sdv-id-HIyszL,ACC_134,ENT_UK_015,19593.030317024935,USD,2026-01-10 01:12:14,d862:1913:d2ef:c3cd:1fe2:f6aa:814e:b28f,1
sdv-id-OAolPB,ACC_264,ENT_UK_010,3730.5283796809754,USD,2026-01-04 00:20:14,148b:5b28:1542:feb8:1295:4048:dba2:4d5f,1
sdv-id-kVXTcA,ACC_107,ENT_UK_006,19277.969441543493,USD,2026-02-12 20:01:02,3ec7:e526:d82d:f3f1:54ce:1722:7d44:8579,1
sdv-id-ShCOir,ACC_171,ENT_UK_018,21920.87079184682,USD,2026-03-27 11:34:50,8fb2:2b35:d3ef:b72c:a64a:fd6b:93cd:6d35,1
sdv-id-CwBRir,ACC_273,ENT_UK_017,339422.402399455,USD,2026-03-21 14:57:27,5381:1480:4860:2621:d732:c1e8:e1a9:5fcd,1
sdv-id-AuOhXE,ACC_171,ENT_UK_013,2521.9131322766725,USD,2026-01-06 01:52:09,26db:c983:da91:a698:dfb7:fd38:a99a:7be6,1
sdv-id-mNcDZH,ACC_164,ENT_UK_004,285408.9828033062,USD,2026-03-25 08:05:41,b1db:d9fe:32e0:6ee1:7571:e1:cdf6:98d0,2
sdv-id-EIJCHI,ACC_146,ENT_UK_008,624902.5664992939,USD,2026-02-03 12:18:36,fc33:807c:7631:1768:e2c9:1e09:f5fe:f07b,1
sdv-id-FkVJiA,ACC_176,ENT_UK_019,65515.71787446056,USD,2026-01-08 01:58:37,2e90:2376:ca02:e149:b59f:96d3:6a96:8117,1
sdv-id-BFJurl,ACC_142,ENT_UK_019,117936.32870298292,USD,2026-01-29 06:33:32,6b06:9de1:815:f784:88c0:749d:f74f:6825,1
sdv-id-Ycapfs,ACC_176,ENT_UK_008,592655.2598258079,USD,2026-01-14 03:56:27,1677:d4c4:9e99:c3ee:4389:260b:f580:8f67,2
sdv-id-MSNRdL,ACC_142,ENT_UK_017,1381542.4293503058,USD,2026-01-20 01:36:28,fa9c:1194:18bd:5c9:49a2:794e:9d28:e2d9,1
sdv-id-scyMXs,ACC_164,ENT_UK_005,1336147.049921528,USD,2026-03-19 16:44:23,45e9:f3f:2b6b:400d:6cb6:3875:57c:21f5,1
sdv-id-BgwxYl,ACC_211,ENT_UK_010,711047.7655629042,USD,2026-03-19 23:36:00,2d6a:47d2:3583:4d79:2320:70b5:b7f4:fde4,1
sdv-id-JkdwAh,ACC_142,ENT_UK_008,54245.95342777547,USD,2026-01-17 19:39:08,70e2:738a:e81:40ca:171b:ced5:4023:9a9b,1
sdv-id-UowooT,ACC_176,ENT_UK_009,19609.405018661895,USD,2026-03-19 19:29:38,45d4:cf4:519a:303d:63f:a1e1:c169:7152,1
sdv-id-nbhHSK,ACC_107,ENT_UK_004,1244.836861469905,USD,2026-01-13 08:37:34,a185:b47a:f5e0:b688:2c8:780:d73e:1d0a,1
sdv-id-VXultl,ACC_107,ENT_UK_017,292994.23518420616,USD,2026-02-15 02:23:05,d1f6:606f:a2d3:8518:e141:45af:4b67:fb96,2
sdv-id-lmdPgb,ACC_170,ENT_UK_008,181546.9988162799,USD,2026-01-19 22:56:36,59b3:87e0:6ed1:a9ab:a6d5:33d2:c490:2c07,1
sdv-id-WKjizi,ACC_100,ENT_UK_013,405082.1093545388,USD,2026-02-07 18:50:18,f990:7453:cbd1:fcd5:cac4:5700:28a2:121b,1
sdv-id-szOxma,ACC_211,ENT_UK_008,1452.7935524512395,USD,2026-01-19 13:06:31,e110:a2d8:e111:cb3c:bc6d:fa41:4095:5cbf,1
sdv-id-nKIGTF,ACC_179,ENT_UK_017,406654.0606761492,USD,2026-03-19 01:08:40,ad9c:f3d8:3f6a:f0f7:327e:4744:5a9:c81c,1
sdv-id-jBfJNB,ACC_211,ENT_UK_001,47002.46924322228,USD,2026-02-05 07:12:43,2871:c84:5dc8:e6c3:e6c7:2e3e:c552:d3a9,1
sdv-id-DJBXBJ,ACC_253,ENT_UK_002,1147.814270694888,USD,2026-03-04 07:54:47,1468:e1e8:7a3c:2c87:5297:9c4b:10ea:fc0,1
sdv-id-CJxVnz,ACC_181,ENT_UK_002,4754.145634383692,USD,2026-03-28 07:09:49,463b:ee12:625a:513e:42a:74c5:c2dd:9b5a,1
sdv-id-FlghDz,ACC_225,ENT_UK_008,62669.39578369356,USD,2026-02-13 03:15:21,469:ef7b:dcef:dfa0:eb2a:657:170:da06,1
sdv-id-tUbWOj,ACC_107,ENT_UK_005,4916.457140341325,USD,2026-02-13 14:30:41,bfd6:6cb7:8459:b1f3:20df:e368:782:8a34,1
sdv-id-fHTzfe,ACC_256,ENT_UK_010,48756.14528413517,USD,2026-01-01 02:46:44,d404:2bf9:e00:1574:7951:f9c7:fb7e:3cce,1
sdv-id-KQgnvp,ACC_171,ENT_UK_005,414996.5453677502,USD,2026-02-05 18:25:41,9126:6bdd:78a8:f1b7:2b00:b12:56f8:3e43,1
sdv-id-PDvoAz,ACC_273,ENT_UK_010,57918.62230552502,USD,2026-03-03 19:33:30,f439:8930:b51c:bc64:e438:ea70:9ca4:4671,1
sdv-id-beghRo,ACC_142,ENT_UK_014,337930.99861755455,USD,2026-01-27 01:41:26,bbd3:c361:cde7:70ab:1c52:4402:2867:a207,1
sdv-id-jYjEJG,ACC_248,ENT_UK_012,9263.68523894786,USD,2026-02-10 06:55:05,3fab:e8e:a73a:c481:6acf:49bf:2355:4dca,1
sdv-id-IzKHud,ACC_146,ENT_UK_017,249444.78994030436,USD,2026-01-31 16:07:33,9d62:479f:7017:1b37:29b2:6c1e:c445:a735,1
sdv-id-JPqSVQ,ACC_273,ENT_UK_017,982.8882134441068,USD,2026-01-07 15:57:34,6d8b:7f2:de6c:f3bb:502a:3695:3198:5dea,1
sdv-id-rgSRQy,ACC_176,ENT_UK_012,1236780.0459427857,USD,2026-03-14 08:32:02,d683:1f48:2964:b22b:99a:f31c:219f:f760,1
sdv-id-gpubab,ACC_242,ENT_UK_003,474796.6602556283,USD,2026-03-08 01:24:16,3ee4:2ed0:da38:3563:138c:cf41:23ce:4eb1,2
sdv-id-qwGRpX,ACC_242,ENT_UK_003,3130.3641454819444,USD,2026-03-16 00:44:37,b729:4f95:2197:eb33:975f:212a:c41d:71e3,1
sdv-id-PhIpsH,ACC_100,ENT_UK_002,236731.31392260577,USD,2026-01-25 18:35:35,f5cc:5b64:d912:6b98:eb3b:dab7:a191:311c,1
sdv-id-zkAczs,ACC_181,ENT_UK_004,23247.062410167917,USD,2026-01-20 21:40:04,1c74:bf65:bb5c:7735:ef62:64b9:c1f0:fb9f,1
sdv-id-FZgApY,ACC_146,ENT_UK_014,382542.8449854789,USD,2026-01-10 21:10:57,608b:8451:a4b:98aa:5c10:4875:20f9:8559,1
sdv-id-BQlYbe,ACC_211,ENT_UK_001,3005.0088614037745,USD,2026-03-20 20:47:28,9992:f744:8b79:9d80:78c5:9c0:615f:a416,1
sdv-id-pQILGG,ACC_211,ENT_UK_006,384626.60593561974,USD,2026-03-19 07:33:44,45aa:8d5b:dbe6:1c36:d12b:5950:6fcb:68fd,1
sdv-id-LOosnt,ACC_225,ENT_UK_013,47073.268655560314,USD,2026-03-12 08:06:33,d59:3780:4f9c:9054:e2da:22bd:8d56:85e9,1
sdv-id-xuNpiO,ACC_156,ENT_UK_018,243163.3283128648,USD,2026-02-05 21:16:19,5c2a:6f18:3c35:55e7:40d6:75c6:8cae:be5b,1
sdv-id-rvzdTD,ACC_248,ENT_UK_001,400258.5220898441,USD,2026-02-17 06:22:44,4cf8:2cb1:24a5:9224:62f5:69d4:68e9:b20e,2
sdv-id-sgFpJe,ACC_123,ENT_UK_001,5340.508786657599,USD,2026-02-22 16:06:36,627:9d7a:98d6:b527:4a13:61b3:cb02:3f87,1
sdv-id-aRfAeX,ACC_186,ENT_UK_007,31099.38054114913,USD,2026-02-17 02:58:10,a206:fa5e:f969:10b4:21ed:a8d9:b8de:db71,1
sdv-id-xfALvR,ACC_146,ENT_UK_004,499719.2123472121,USD,2026-01-31 18:11:03,bcb4:11cc:5436:6384:e993:2145:8c1c:ea63,1
sdv-id-VwJWHm,ACC_187,ENT_UK_018,1672.6452751386607,USD,2026-02-28 22:59:36,c074:a412:2409:43fd:b92a:20b8:fd64:8900,1
sdv-id-Zqjcor,ACC_176,ENT_UK_012,267912.0335188331,USD,2026-01-10 05:54:37,5e91:5706:fca0:180a:c307:8b84:a344:43b3,1
sdv-id-WlUpEj,ACC_176,ENT_UK_008,231189.3371987914,USD,2026-03-14 12:50:03,1c70:7beb:ce3b:4fa7:1f42:c83b:2bb:2d4b,2
sdv-id-IMemaZ,ACC_284,ENT_UK_014,35145.82873439403,USD,2026-03-15 19:22:30,3279:996b:8889:d99:efba:ba8e:486d:4463,1
sdv-id-HKzCuw,ACC_142,ENT_UK_003,1342769.8561665886,USD,2026-02-05 21:23:58,ba44:79cf:8a67:fff5:fbb:43e3:c69b:8a9e,1
sdv-id-WeWHwS,ACC_171,ENT_UK_018,6854.915118426058,USD,2026-03-08 06:33:19,4de4:34f5:6e64:e14d:9bed:f2e5:668f:e0d7,1
sdv-id-vpyOqK,ACC_164,ENT_UK_016,122926.01059040282,USD,2026-01-10 02:34:16,2644:5bea:6f5b:c51b:fa32:cd31:94d8:df9b,1
sdv-id-RCkRrD,ACC_134,ENT_UK_014,1044.9477769109526,USD,2026-01-30 15:26:06,6033:c42e:1b8:5777:6a0e:e05f:2796:33ec,1
sdv-id-HQAAip,ACC_171,ENT_UK_005,213777.4791060347,USD,2026-03-21 12:35:47,1c8f:7b0f:c7e7:c7d2:994c:e474:e6ce:4b3b,1
sdv-id-ZLWDyu,ACC_176,ENT_UK_006,112150.8935726595,USD,2026-01-29 11:40:00,3032:b40f:b1e5:84f8:1f9f:494:ed6e:489b,1
sdv-id-BrcRDM,ACC_271,ENT_UK_011,243671.44451867475,USD,2026-01-01 21:42:01,2176:a1ce:fa0:c185:fbfa:1d18:2568:1df5,1
sdv-id-pEjcFT,ACC_146,ENT_UK_002,6780.350333933644,USD,2026-03-02 12:12:13,6d81:49c:fa1d:5bd4:481:6fe0:2f42:97f2,1
sdv-id-tvheQa,ACC_155,ENT_UK_019,847165.3821296345,USD,2026-01-07 11:49:14,df37:73b:fae9:1e7e:cb4f:df30:932c:78ab,1
sdv-id-oirjjs,ACC_243,ENT_UK_013,42753.04002104892,USD,2026-03-01 19:16:51,323c:a3ba:b161:ffa6:41ed:9875:ecf:a2ce,1
sdv-id-fRiUwv,ACC_253,ENT_UK_015,40026.26012713497,USD,2026-01-30 04:55:37,6cc0:ee61:47a7:f846:7eac:351:5a91:306,1
sdv-id-aYKaQD,ACC_186,ENT_UK_019,65687.04877540017,USD,2026-02-15 05:14:47,3449:6164:912a:843e:302b:1851:b8f2:72f0,1
sdv-id-SBQVhY,ACC_221,ENT_UK_008,2719.4076817106343,USD,2026-02-14 21:00:29,4935:d0ab:b62c:296e:777d:cf57:a22f:3a8d,1
sdv-id-IdMPCh,ACC_164,ENT_UK_002,47319.89955344203,USD,2026-03-07 00:07:13,b44d:3378:a801:c025:f2a7:a68b:1cbc:74c4,1
sdv-id-BCHVRb,ACC_176,ENT_UK_006,398893.5711732821,USD,2026-02-02 11:21:06,301:baf6:a76a:8c0:5378:632b:784:1222,1
sdv-id-DnCxEC,ACC_176,ENT_UK_007,532528.9212651231,USD,2026-03-15 22:11:40,6f42:846b:c3ff:78dd:2c0f:a6ed:db2a:d9a1,1
sdv-id-kfUKJK,ACC_253,ENT_UK_008,68388.13613702329,USD,2026-02-07 16:04:40,eb03:43ce:b1b2:1510:e221:c98e:9ec0:5868,1
sdv-id-hYqBAD,ACC_181,ENT_UK_005,457277.5943656618,USD,2026-02-24 02:58:16,1c7f:15f3:fbb5:5257:7a16:684c:c9b8:f3f8,1
sdv-id-XkdXec,ACC_196,ENT_UK_005,1701.7037020994462,USD,2026-02-26 06:06:51,b417:c036:e354:d67d:19c8:af0b:95e1:80f2,1
sdv-id-bblXtx,ACC_142,ENT_UK_003,17757.545893062204,USD,2026-02-28 07:11:23,76e2:9ffe:3728:f5f2:d4d1:84dc:cd87:4a42,1
sdv-id-yHYcCI,ACC_248,ENT_UK_006,1394.669124376983,USD,2026-02-16 20:47:42,654a:b450:d736:5887:ec5a:30c6:a9d8:4c24,1
sdv-id-cnMNki,ACC_142,ENT_UK_001,1129427.4257802616,USD,2026-03-23 07:30:41,d977:6834:e5ac:a8e3:4d1:4e85:f63a:167b,2
sdv-id-QKUViI,ACC_142,ENT_UK_011,226304.61182049796,USD,2026-03-05 20:07:14,813b:83f6:b28e:bfe7:5d1c:d7b1:86:5b76,1
sdv-id-CujyAM,ACC_107,ENT_UK_005,166823.27512194365,USD,2026-03-06 23:00:39,7986:111f:6ca8:4d48:484d:dd2a:ef43:a5d,1
sdv-id-BcKxhN,ACC_186,ENT_UK_018,664669.4056482058,USD,2026-03-27 11:49:39,d66f:f547:aef8:8483:98f4:9e87:b7c1:f627,1
sdv-id-JBmubt,ACC_179,ENT_UK_016,17995.094851155176,USD,2026-01-29 22:22:16,c2d3:4499:e5c6:dbab:7c3b:227a:743a:51ad,1
sdv-id-ZRAmxJ,ACC_264,ENT_UK_003,958.1057505281608,USD,2026-03-29 10:37:53,3b1a:674d:fcdc:c69b:eff4:3031:7142:bebb,1
sdv-id-ZqtTPu,ACC_142,ENT_UK_011,5957.16968117352,USD,2026-02-16 07:44:46,cb00:fabf:371f:38fe:f4b4:f622:c509:996,1
sdv-id-YmRsuT,ACC_155,ENT_UK_011,944.3704426941308,USD,2026-04-01 09:52:51,56fb:f3d9:5032:34a2:ee0f:2461:2ce:85d5,1
sdv-id-SIEpEC,ACC_176,ENT_UK_007,237401.74050113923,USD,2026-03-08 19:15:04,ec55:c384:ce12:63c3:6fb2:fc2:9602:7f13,1
sdv-id-vpwgyh,ACC_107,ENT_UK_013,764299.4031036209,USD,2026-03-10 15:17:15,593b:805f:9c31:a670:6b7:2830:7366:757c,2
sdv-id-eiBLsJ,ACC_176,ENT_UK_018,3943.747672394929,USD,2026-01-02 18:59:55,1816:59e3:c20f:2114:e44f:9c09:486:53ce,1
sdv-id-TmOAUT,ACC_186,ENT_UK_005,195207.2541578645,USD,2026-03-23 04:03:32,ba7b:5699:287f:3703:21a6:59d9:8311:f6d2,1
sdv-id-kiQcfd,ACC_171,ENT_UK_007,6758.023994479227,USD,2026-01-02 05:38:56,e48e:b034:22c8:7a41:a14d:4d2c:62d7:9849,1
sdv-id-MZZAuC,ACC_160,ENT_UK_009,263631.82017237175,USD,2026-02-03 18:52:59,32a7:f6f0:48e6:1506:adba:df32:285:5a39,2
sdv-id-LjXQzW,ACC_155,ENT_UK_001,2326.610012124632,USD,2026-01-19 15:13:30,e6af:f064:8dbe:cedd:211d:730d:b2c9:cd55,1
sdv-id-ctTZtR,ACC_253,ENT_UK_015,37165.22968699464,USD,2026-01-28 20:31:37,9db2:fd6e:cdc:2963:258f:b12e:3856:4c03,1
sdv-id-epmZtk,ACC_253,ENT_UK_018,7782.478582236362,USD,2026-02-18 15:54:52,1744:82ff:38c6:baa9:27e8:2c23:2508:5e61,1
sdv-id-IvgpIY,ACC_176,ENT_UK_004,343491.867835077,USD,2026-03-31 16:34:12,c09d:7689:b67a:c5a9:3dd:9788:89a4:2531,1
sdv-id-pyoUWS,ACC_142,ENT_UK_005,17939.805483566677,USD,2026-02-01 22:12:53,eeda:1ca6:d1e4:d9f7:3b3a:283a:4462:9ec,1
sdv-id-LxkTKa,ACC_170,ENT_UK_007,968.209922409789,USD,2026-01-29 13:42:47,6e22:f7a6:4b41:1789:a4c3:8f05:7022:2f76,1
sdv-id-dUaqxd,ACC_273,ENT_UK_004,5481.557211781066,USD,2026-03-09 05:49:29,2a2f:25f8:baba:73e5:21e2:f210:135e:a7ab,1
sdv-id-nJTqgd,ACC_243,ENT_UK_010,16651.26804574979,USD,2026-01-29 19:28:43,72bb:4ce0:90f9:2da2:6a37:14e4:e336:c13a,1
sdv-id-YaTUkY,ACC_142,ENT_UK_012,446022.7117355209,USD,2026-02-17 02:25:40,1050:206f:6038:6ef4:df0b:6a55:5092:9cb9,1
sdv-id-dbKWHP,ACC_242,ENT_UK_008,10603.10777630034,USD,2026-01-03 11:31:24,bcd0:26b1:8639:86aa:d408:6879:42a9:3106,1
sdv-id-CBMKhS,ACC_242,ENT_UK_010,1892390.536802996,USD,2026-02-16 07:53:58,a97:e574:c538:8dd1:1bff:3d17:9868:30a6,1
sdv-id-SFGPfm,ACC_186,ENT_UK_009,172997.95855202398,USD,2026-02-05 09:15:13,150f:1fec:93b6:95bb:75ef:2540:3ff3:7be3,1
sdv-id-HmoCww,ACC_107,ENT_UK_016,279041.2958389103,USD,2026-02-25 16:30:35,d539:5cd0:5024:d8d1:1051:434a:d5d0:528,1
sdv-id-ZAiEzA,ACC_176,ENT_UK_002,86922.72539393164,USD,2026-02-26 17:15:19,2bb2:5069:b276:d7a5:8415:316f:92cf:5642,1
sdv-id-OPnvNk,ACC_171,ENT_UK_005,125564.38944162524,USD,2026-01-13 02:20:13,ba06:d42f:4e29:29c4:114d:6666:65e8:e2e0,1
sdv-id-rsbwLC,ACC_142,ENT_UK_012,5555.434781069163,USD,2026-01-06 16:50:57,8847:a534:ac3f:a52b:931e:929f:aa8b:2484,1
sdv-id-zvDRiF,ACC_176,ENT_UK_005,962612.7357729822,USD,2026-02-01 12:29:57,3201:89b1:3306:eb58:daa6:e60d:1efc:62f0,2
sdv-id-ZFAmaY,ACC_211,ENT_UK_017,165409.60838790945,USD,2026-03-23 11:06:22,615c:5861:f66b:7492:e5d7:a47d:f5aa:9595,2
sdv-id-zSCMZR,ACC_164,ENT_UK_019,182214.71307906436,USD,2026-03-12 02:40:02,d5fa:6977:7885:cb8e:b436:b49c:6beb:a4ad,1
sdv-id-wRynAy,ACC_176,ENT_UK_006,131085.62298241063,USD,2026-02-10 16:29:19,1618:52a8:394:71f9:b452:8c2b:60ab:65fb,1
sdv-id-cjWklN,ACC_211,ENT_UK_012,1603.389329989574,USD,2026-03-08 12:26:55,89e7:1d28:e18c:7798:ca69:d6ba:fb39:f7db,1
sdv-id-XWyrNL,ACC_211,ENT_UK_016,210548.27483802373,USD,2026-03-16 02:46:12,e6ef:ac6f:958c:57d6:5ba5:c9fc:ee30:256a,1
sdv-id-HSjZNw,ACC_187,ENT_UK_013,11271.563838709724,USD,2026-01-22 18:12:13,38e1:ac8a:7a11:c617:26df:a95c:2ae9:5599,1
sdv-id-ETKRmv,ACC_123,ENT_UK_011,937.699396977508,USD,2026-03-16 23:44:44,1b01:71cb:84d:c6c3:b906:ba3f:2f2d:2257,1
sdv-id-HIcftZ,ACC_134,ENT_UK_003,20755.55231061785,USD,2026-01-08 02:59:39,4650:4de4:519f:2b:440d:6884:eff7:75fd,1
sdv-id-uPrkuV,ACC_176,ENT_UK_004,359893.09146802605,USD,2026-01-16 02:38:50,8de4:79a1:78b:c07a:ebed:5a89:5ebd:ae6a,2
sdv-id-WdZaTb,ACC_211,ENT_UK_019,220214.32246469133,USD,2026-03-09 09:41:36,151b:16fd:7c11:6d3e:fcca:63d5:d9cc:d8fd,1
sdv-id-QgSWOW,ACC_256,ENT_UK_016,182152.7695695657,USD,2026-02-02 07:10:18,8f36:a6d3:8d08:514c:4e2d:d7:5d26:1fd2,2
sdv-id-MVRPDO,ACC_271,ENT_UK_013,1217.3746778499822,USD,2026-03-30 20:50:05,433c:da00:f03f:bfda:6d15:ff61:6610:36e4,1
sdv-id-qJeboB,ACC_211,ENT_UK_002,39296.31507365395,USD,2026-03-20 11:42:22,3fca:f9ab:65f3:7873:6f51:98d5:190f:fdc6,1
sdv-id-zYLNdf,ACC_156,ENT_UK_007,92648.01047731854,USD,2026-04-01 09:32:51,b172:4e27:2564:2f50:b7da:da3c:504c:44b6,1
sdv-id-kljolY,ACC_107,ENT_UK_007,1634545.4144130098,USD,2026-02-28 02:37:32,e80e:a0e6:fc2a:2a4a:e62c:4868:cfc3:1016,1
sdv-id-rTDFZQ,ACC_273,ENT_UK_012,208950.08742853964,USD,2026-03-15 16:02:50,fc67:25eb:ba72:4d04:fd1d:4239:9928:6114,1
sdv-id-bJRHyS,ACC_211,ENT_UK_006,1512.3286448196206,USD,2026-01-05 16:14:52,4610:3a1c:4a10:e1d9:48ca:a1ce:62e8:5d07,1
sdv-id-aPTodw,ACC_176,ENT_UK_007,97276.09633706108,USD,2026-01-07 16:19:15,1501:48e5:944f:8b5f:9aa5:37ff:6927:6f2a,1
sdv-id-faYjhM,ACC_211,ENT_UK_016,1851196.9248995243,USD,2026-02-08 03:26:02,18f9:1c48:732b:afbd:d145:c5e5:7252:73c6,1
sdv-id-banaJn,ACC_284,ENT_UK_003,301078.9246114791,USD,2026-02-06 22:01:21,1fe1:b935:7fd0:a405:f27c:907b:f4f5:d966,1
sdv-id-CRohVU,ACC_176,ENT_UK_014,221080.71603596077,USD,2026-02-26 13:03:17,fc76:f810:8aaf:219c:8590:107c:d6ef:5919,1
sdv-id-DNRRbZ,ACC_171,ENT_UK_013,282383.2705831377,USD,2026-02-22 14:32:32,1961:caf1:c33e:e16b:915a:35ec:f3f5:e227,1
sdv-id-kuyjOI,ACC_107,ENT_UK_019,467388.6045539723,USD,2026-03-23 23:03:54,86e0:6fdd:6a11:73a7:c58:a7cd:8be1:47f8,1
sdv-id-lYtCzR,ACC_128,ENT_UK_018,15042.573702882091,USD,2026-02-05 16:23:45,2f32:82aa:8b36:8c4a:27d3:aaed:1936:53a6,1
sdv-id-WGPSwa,ACC_196,ENT_UK_014,35060.81471351037,USD,2026-02-20 07:55:49,dcdd:9771:69d9:7f2b:36ff:7402:7e64:a78c,1
sdv-id-rzHxNM,ACC_176,ENT_UK_012,43790.187821689455,USD,2026-02-16 08:34:14,40e0:dd9e:3991:15c:998e:cfe3:9025:778f,1
sdv-id-AyQtZE,ACC_134,ENT_UK_010,48979.67568008012,USD,2026-03-19 01:41:04,de42:7315:d544:ce19:1970:99a7:b79f:519a,1
sdv-id-cNvngC,ACC_156,ENT_UK_011,45875.90635781784,USD,2026-02-10 14:06:11,f7a5:3320:6222:a66a:d334:e486:a308:a68b,1
sdv-id-etSqpN,ACC_171,ENT_UK_009,875498.861417682,USD,2026-03-31 16:04:42,60c:c68a:7cc6:78a3:754e:58d2:222c:2b26,1
sdv-id-IlUxtx,ACC_146,ENT_UK_018,363619.69863549666,USD,2026-01-05 15:45:18,1fba:47cd:c309:4419:864a:d2b9:b48d:2254,1
sdv-id-DkfEay,ACC_176,ENT_UK_007,1175.8036745156558,USD,2026-01-01 04:35:03,d1fa:ea6a:1bb3:cdd:aa80:5c27:654:abff,1
sdv-id-ozTYan,ACC_284,ENT_UK_017,953.6978091556276,USD,2026-02-01 18:38:38,a8b0:603e:6381:fdd4:1ca0:c55f:b449:b921,1
sdv-id-boQkLV,ACC_107,ENT_UK_002,595274.0795631238,USD,2026-03-18 17:29:13,db1a:6733:41b5:ded:a39:6b75:e9da:8b15,2
sdv-id-KsUhNq,ACC_187,ENT_UK_005,2689.831866838879,USD,2026-02-13 19:57:18,28ba:1a8:d72c:d289:360e:3fc0:9a5a:7ac0,1
sdv-id-QOPGxX,ACC_142,ENT_UK_006,84928.48317826839,USD,2026-01-11 23:56:13,44d6:e743:7197:a0c7:9bd0:985f:b566:c175,2
sdv-id-OwIwIx,ACC_186,ENT_UK_005,659503.805641467,USD,2026-03-10 12:50:59,a915:e949:c9d2:e711:665f:1526:f500:42f7,1
sdv-id-IObxmB,ACC_186,ENT_UK_008,166183.572097948,USD,2026-03-18 18:45:56,b648:478a:9590:363f:26ca:4e84:7aca:453e,1
sdv-id-tUtSYO,ACC_181,ENT_UK_006,1477.5247963862298,USD,2026-03-24 05:58:19,3d72:7e3d:84c7:602e:a27b:c3f5:a424:4809,1
sdv-id-MQCDdp,ACC_199,ENT_UK_013,412529.0229061696,USD,2026-03-23 14:43:54,a20a:4cc3:ff7e:3048:b92c:541f:1895:60a1,1
sdv-id-EvAnaf,ACC_176,ENT_UK_013,1198216.1635442704,USD,2026-01-09 00:27:38,27e9:5fdf:c41a:4564:418f:ace2:e1d6:1ca9,1
sdv-id-PLVqlF,ACC_142,ENT_UK_018,3634.816614995121,USD,2026-01-21 13:09:23,1b:e4c3:6553:9eb5:9f9e:1145:144b:6acd,1
sdv-id-FCzvMs,ACC_142,ENT_UK_005,77796.53775122018,USD,2026-01-06 08:54:05,201e:416f:c148:31a:3315:1361:768a:f5c2,1
sdv-id-vUwuED,ACC_273,ENT_UK_007,944.0253221788872,USD,2026-01-22 23:20:29,9fb0:4cd7:1283:8277:9e5:64e3:1105:3284,1
sdv-id-lvexav,ACC_211,ENT_UK_009,529192.4696599146,USD,2026-03-25 06:25:19,2c17:c70c:2a05:2273:7833:763:b75b:ced3,1
sdv-id-oBJwgq,ACC_176,ENT_UK_015,1151.210560769469,USD,2026-02-10 01:21:45,41c8:38d1:3f45:7a66:2f57:700f:cd30:c33d,1
sdv-id-ZpyrEt,ACC_107,ENT_UK_004,376170.2570647979,USD,2026-01-30 05:33:36,1d3:719b:f36f:5167:60a3:6ef6:e802:2616,1
sdv-id-leZrVd,ACC_189,ENT_UK_007,4638.279121575433,USD,2026-02-02 16:17:56,2d37:7445:115d:4ffe:edd8:36d2:53ba:ce9a,1
sdv-id-iKovyW,ACC_142,ENT_UK_003,107127.72885139182,USD,2026-04-01 12:12:24,9c52:8efb:1252:9b1e:f96f:e564:b5e:1025,1
sdv-id-qKlqEk,ACC_142,ENT_UK_004,3580.3211547187097,USD,2026-02-02 02:34:50,7c06:a2c3:7615:ed4d:45c5:a838:f790:44ba,1
sdv-id-swMrOK,ACC_248,ENT_UK_017,133253.81365970336,USD,2026-03-23 22:31:39,7be6:d8ed:74db:60c4:60c7:286f:4b6b:aa12,1
sdv-id-AqDcyi,ACC_164,ENT_UK_008,1681.2931744346618,USD,2026-03-31 02:26:54,cbca:60a6:c115:ba72:6e71:da72:6178:3497,1
sdv-id-XNPNvZ,ACC_186,ENT_UK_009,1474.338050513097,USD,2026-02-23 00:34:36,9e5f:4de5:54a1:cc32:97e1:acda:b4ed:fd,1
sdv-id-ynZZKe,ACC_107,ENT_UK_013,35391.91600131665,USD,2026-02-28 20:40:37,c38:cca9:de2d:dc99:8e64:975c:b81f:8288,1
sdv-id-vUsRHY,ACC_100,ENT_UK_002,40951.20839939446,USD,2026-02-28 11:18:24,2b2a:9088:6234:2b2d:38ce:5009:3381:da41,1
sdv-id-CZCqIm,ACC_234,ENT_UK_013,87192.6500979076,USD,2026-02-28 15:18:15,349c:a03e:71d1:b35e:96d3:be28:406c:575,1
sdv-id-EJFhmD,ACC_176,ENT_UK_008,49458.798153607575,USD,2026-03-26 17:24:19,f26f:a21a:8483:dad6:feb0:ff9:9a35:68d,1
sdv-id-dvZJtd,ACC_199,ENT_UK_009,202775.6789842673,USD,2026-01-02 22:40:21,d4fa:f577:b73e:a5e9:62b4:721b:36aa:dc92,2
sdv-id-ceFVRz,ACC_176,ENT_UK_005,115779.6251157972,USD,2026-03-14 11:48:20,c19d:8261:7619:4929:7792:4f51:6b83:def3,1
sdv-id-BkkVUZ,ACC_181,ENT_UK_017,13770.14698654651,USD,2026-02-19 13:42:59,f818:bae2:827c:bd45:d13a:2747:e2b5:d3de,1
sdv-id-srIKgz,ACC_142,ENT_UK_011,615828.5630453364,USD,2026-03-26 02:46:12,67de:ff86:89cb:64a8:92d3:3098:9533:d4bb,1
sdv-id-ToIiAC,ACC_142,ENT_UK_014,2446.481565684492,USD,2026-03-31 03:34:07,84e6:5f02:b51b:db81:6494:581e:a2f1:6dff,1
sdv-id-EVtfBa,ACC_176,ENT_UK_011,845651.692689315,USD,2026-02-16 18:52:08,70a:3e15:ac0a:f744:fe62:171:caf8:49a3,1
sdv-id-xTLxRV,ACC_176,ENT_UK_004,64944.72908326117,USD,2026-02-17 17:52:26,40a8:8b7a:5dd:e6c8:4b00:22bd:8f39:7b09,1
sdv-id-yRcMWE,ACC_211,ENT_UK_007,133957.50684619255,USD,2026-02-14 05:34:14,a234:2e39:58a:1c20:2313:adcc:1ff3:dc0c,1
sdv-id-SQkwmi,ACC_134,ENT_UK_011,357869.2371434723,USD,2026-03-25 16:08:15,ba91:3a91:d65d:f41e:f8fe:ee83:c7d2:c5da,2
sdv-id-poRzzk,ACC_176,ENT_UK_019,622419.554128452,USD,2026-03-12 02:41:18,a0b3:ea60:b87a:cbfe:ce9b:ea7c:f1e3:3feb,1
sdv-id-wCgRgR,ACC_155,ENT_UK_001,49825.73062290765,USD,2026-01-26 08:06:03,bc26:7748:5c70:38a0:d0dc:ebc:9699:d646,1
sdv-id-RhGJeE,ACC_171,ENT_UK_004,54664.712665116094,USD,2026-03-06 12:14:21,1e31:2782:846e:a47d:2c2d:b8aa:deb9:7668,1
sdv-id-ycSCay,ACC_160,ENT_UK_008,44578.236040077296,USD,2026-03-20 23:06:48,c8b2:46ae:f054:410c:7fd0:4ebe:1bb6:3131,2
sdv-id-djYJYK,ACC_176,ENT_UK_011,936.9174838672384,USD,2026-02-23 13:05:16,2b32:8f39:bb4:ac1d:2cd7:dd58:2c1f:2e32,1
sdv-id-LHxOPR,ACC_293,ENT_UK_014,12960.825358343622,USD,2026-01-28 04:46:11,8ec1:5907:ea92:6e55:26b:2ad3:18d2:868f,1
sdv-id-OoHUrL,ACC_242,ENT_UK_003,20060.791549748097,USD,2026-03-11 05:18:51,94a3:42d2:8d66:7c18:67b8:7fc7:cda4:7a91,1
sdv-id-WnlXTe,ACC_176,ENT_UK_012,234368.81657142003,USD,2026-03-13 04:24:28,a62:a1c6:9b47:95a:2d7c:9219:31fd:8202,1
sdv-id-kVpwPM,ACC_243,ENT_UK_003,107681.13345888472,USD,2026-03-03 22:32:07,290a:7efe:e6f5:e1b0:d602:4210:6608:1771,1
sdv-id-qwjtUy,ACC_142,ENT_UK_011,10838.78431069976,USD,2026-04-01 08:06:09,c52d:96b6:5d63:bb36:79bb:9923:6332:ce3e,1
sdv-id-DvELgf,ACC_211,ENT_UK_002,25370.734233032406,USD,2026-02-28 18:12:55,c2bc:5153:e228:1d98:fb4f:e16c:66cd:ad97,1
sdv-id-MopPES,ACC_284,ENT_UK_006,186479.91754112847,USD,2026-01-21 10:17:53,4be:9478:8e6f:a5e4:dff2:36ff:f7a3:2c35,2
sdv-id-ZuaSOs,ACC_284,ENT_UK_019,120059.09165305342,USD,2026-01-18 10:20:21,4546:3d56:2bc0:5059:a0f7:a8c2:36ac:7bc6,1
sdv-id-RAjSwO,ACC_155,ENT_UK_008,705644.1474921673,USD,2026-03-31 00:37:41,76b0:6d7b:6403:3629:31e6:a9a6:65ee:ed8c,2
sdv-id-dMGhxE,ACC_176,ENT_UK_005,38568.458896364136,USD,2026-02-21 13:12:48,c721:9511:1c9c:a0e3:6b70:605e:1346:a6e,1
sdv-id-FuxATe,ACC_176,ENT_UK_019,5053.7173351407855,USD,2026-03-20 19:11:07,d4e1:eb9a:6fd6:866e:85f7:b677:24b6:554e,1
sdv-id-qkZSJU,ACC_142,ENT_UK_016,4598.99646542371,USD,2026-02-28 03:17:09,26f3:3e58:71f0:a6b9:fa2a:16b8:ae91:59dc,1
sdv-id-ZFqTXF,ACC_123,ENT_UK_018,242525.5342197999,USD,2026-02-23 22:56:22,b535:8eab:ca3e:8ed8:6bee:792c:83da:afd5,1
sdv-id-uPCTXz,ACC_156,ENT_UK_002,111694.35614540707,USD,2026-01-31 14:42:59,c48b:37e:46e:53cf:2cae:e8e7:f9be:ba28,1
sdv-id-xeiLOt,ACC_142,ENT_UK_011,69247.49673151075,USD,2026-03-25 09:13:21,a1df:743c:6bd1:1a8d:16bb:a7bd:90e6:ad6c,1
sdv-id-ICRuoX,ACC_294,ENT_UK_015,1206561.059159931,USD,2026-01-22 08:52:25,7ae3:d8ad:fca3:4c1d:2772:82b3:7afe:8b15,2
sdv-id-obsCaI,ACC_253,ENT_UK_007,3517.874403591435,USD,2026-01-21 20:39:11,de37:140f:1718:d0b9:49d4:ec42:9fda:ba82,1
sdv-id-RrYqAB,ACC_187,ENT_UK_009,923.3327364492284,USD,2026-03-27 17:47:25,1689:8541:4158:3c8c:4139:83e7:ad54:295d,1
sdv-id-lChqHZ,ACC_186,ENT_UK_014,1027.6142629663962,USD,2026-01-21 19:23:58,2e7e:4205:17da:bbfa:4500:7c92:8006:e257,1
sdv-id-AoEAKt,ACC_134,ENT_UK_019,186318.33078580876,USD,2026-02-18 03:43:34,aa3a:1e10:d198:7863:9591:4d7b:3595:9216,1
sdv-id-mGCLXG,ACC_271,ENT_UK_010,52007.1085616606,USD,2026-03-30 17:50:54,f7f2:762:70c6:b7b:c8cc:f627:9e0f:a8f3,1
sdv-id-zsQQUA,ACC_211,ENT_UK_019,969012.1597125556,USD,2026-02-16 03:31:40,cb85:def9:a12:e1b:46a9:8e78:b416:eef3,2
sdv-id-VpkRqt,ACC_176,ENT_UK_019,1024.8369594737767,USD,2026-02-28 14:59:59,f4d4:fe8f:90ea:ed24:9f1:56c7:f84d:f8a7,1
sdv-id-fWRfvg,ACC_279,ENT_UK_012,442713.4884017097,USD,2026-03-23 23:41:49,91d:a062:a859:aee1:8dfb:3487:778:ab49,2
sdv-id-PoonhC,ACC_176,ENT_UK_018,11549.73774486873,USD,2026-03-17 11:47:06,6635:f81a:6bb:4e21:b4de:f992:dfe1:55ef,1
sdv-id-UJBRJY,ACC_142,ENT_UK_008,437187.819751214,USD,2026-01-20 00:16:35,8081:d025:60cc:82d2:13ad:a907:b67:bc97,1
sdv-id-vSiGre,ACC_179,ENT_UK_008,1501150.6694149813,USD,2026-02-01 15:42:19,f276:6240:50c7:84d5:469b:4f4b:f63:fe2a,2
sdv-id-YuSeUi,ACC_155,ENT_UK_001,41680.99163734265,USD,2026-01-12 06:15:43,fc8a:d05d:55c6:91d4:acd6:1295:eecb:ba9e,1
sdv-id-wOMAJt,ACC_155,ENT_UK_004,291496.2125817101,USD,2026-03-10 01:07:44,5d55:95d8:28a0:28e0:30dd:afa7:f1ce:385f,1
sdv-id-YRZIjx,ACC_176,ENT_UK_007,25526.391700495387,USD,2026-01-20 11:30:06,55cd:cac3:1274:6693:4a58:ed38:7221:e401,1
sdv-id-loYuVC,ACC_196,ENT_UK_002,447521.29199594446,USD,2026-02-17 10:21:46,35b1:9148:5434:a12d:8577:707f:418e:1963,1
sdv-id-DlGAfj,ACC_211,ENT_UK_003,2928.4932014335213,USD,2026-02-09 08:49:24,cded:4412:e123:49c6:ee3f:f052:be5b:3370,1
sdv-id-qbqozo,ACC_123,ENT_UK_011,13027.514486763865,USD,2026-03-19 01:21:45,df5b:793b:6de9:d2cb:e:2aa4:5f74:66b4,1
sdv-id-rAobYn,ACC_271,ENT_UK_018,19888.99049376071,USD,2026-01-16 12:34:54,dcb7:bb6a:128b:5bb6:423f:8588:13ed:7bd,1
sdv-id-VvPiWY,ACC_273,ENT_UK_017,27353.355777481127,USD,2026-03-30 00:52:11,eed4:9176:9bf9:e0ef:afef:2041:63f9:3750,1
sdv-id-ZYZUno,ACC_171,ENT_UK_009,83319.87522038307,USD,2026-03-03 12:08:40,4318:e58e:56c:d58:7919:ec2e:41ed:21a,1
sdv-id-xRRCXL,ACC_271,ENT_UK_007,514031.4614194851,USD,2026-01-13 14:56:23,8689:73b6:66b9:7d2e:455e:8d72:c7ff:7859,2
sdv-id-RPgmwL,ACC_142,ENT_UK_009,50216.499999541586,USD,2026-01-15 08:33:34,5a80:1242:3606:1cad:725a:f498:e8b3:e2dd,1
sdv-id-QYKuGm,ACC_134,ENT_UK_003,5177.571683233002,USD,2026-03-13 10:09:24,dc63:d20e:5cd6:8e89:7d2e:63c6:cb3e:316c,1
sdv-id-hjgYIf,ACC_171,ENT_UK_009,8435.870879594382,USD,2026-04-01 01:17:24,6bf3:10d7:c72b:543c:b98:9aa1:8c0b:4c7b,1
sdv-id-ujOFog,ACC_248,ENT_UK_002,17889.329609819222,USD,2026-02-25 01:29:00,6f6f:4e29:69d5:399:c75c:67da:40e9:477,1
sdv-id-eVprqL,ACC_211,ENT_UK_015,10225.69342134361,USD,2026-03-18 13:36:09,3a82:a788:5150:cc58:c10b:153a:22ab:bb27,1
sdv-id-VbThdt,ACC_162,ENT_UK_019,30847.686533083648,USD,2026-02-25 00:28:31,ec67:e268:4595:77a3:fe80:9c86:7f03:e9ae,1
sdv-id-vYwbWm,ACC_107,ENT_UK_005,387305.1127769951,USD,2026-03-28 22:35:56,6376:4e69:3490:1e36:4ee8:25d:6590:914c,2
sdv-id-KDJZuU,ACC_107,ENT_UK_011,363265.0669996754,USD,2026-01-02 22:14:04,ccdf:3010:ae13:583d:97cc:631f:1b96:702f,1
sdv-id-bPZAwh,ACC_176,ENT_UK_017,293182.1654988213,USD,2026-01-01 19:48:59,f085:4cea:679f:2eae:26cc:2466:9e52:ba72,1
sdv-id-mntXkS,ACC_134,ENT_UK_001,41990.404032389015,USD,2026-01-08 14:31:58,269e:9068:bc75:d136:7aa0:a738:5a92:4634,1
sdv-id-tSnUFY,ACC_273,ENT_UK_009,251989.7310817932,USD,2026-02-09 19:26:33,a9e3:d62:9e7b:620b:9f14:2a00:de7d:625b,1
sdv-id-wsfOlD,ACC_176,ENT_UK_003,26434.87166843949,USD,2026-01-05 02:34:46,fd01:74ef:f1e5:7d62:d53d:3e38:7afc:9121,1
sdv-id-gBOFKh,ACC_176,ENT_UK_008,826692.3968562743,USD,2026-03-24 16:56:34,ea32:f5a9:681f:6dd3:4bb8:8643:1b1:578d,2
sdv-id-uGEHAc,ACC_142,ENT_UK_009,510825.7811127642,USD,2026-02-03 23:24:22,b425:1cd5:e1b1:2d09:1998:e699:5cc6:c457,1
sdv-id-zZvSVL,ACC_176,ENT_UK_017,3780.803152038579,USD,2026-01-25 03:51:18,226f:d5fb:3f3b:2490:4551:d054:deba:c0bc,1
sdv-id-rzwFUz,ACC_176,ENT_UK_018,605822.7184473493,USD,2026-01-16 07:55:28,882c:c310:b43e:20e:dfac:9c23:9625:7b58,1
sdv-id-QadUHt,ACC_211,ENT_UK_016,131097.2671168429,USD,2026-02-20 11:43:04,c1ec:a530:b776:6828:deb6:b695:aff9:fba4,1
sdv-id-zGIouD,ACC_107,ENT_UK_009,767301.1844221016,USD,2026-01-01 03:22:49,b37:6ad1:71a:8d89:ba04:b0f8:56b3:e99b,1
sdv-id-ytqVSY,ACC_247,ENT_UK_016,31105.294867126755,USD,2026-01-22 23:30:15,4166:f693:7354:558e:a4d6:3a3c:c78f:352a,1
sdv-id-UocDte,ACC_176,ENT_UK_004,574870.6102329772,USD,2026-03-01 10:53:23,3bec:8d96:2764:257f:d395:4a46:53b6:4fb,1
sdv-id-douNBJ,ACC_170,ENT_UK_015,63446.63081654643,USD,2026-03-20 10:45:54,6464:e94:b357:66b1:4c29:15d1:e8b0:24f6,1
sdv-id-HnDhsY,ACC_187,ENT_UK_013,25871.90031733591,USD,2026-01-14 17:46:36,8592:b67:7a3c:9d7e:14d5:4fce:760d:6cfa,1
sdv-id-GfRqpW,ACC_181,ENT_UK_011,136929.27307097655,USD,2026-02-17 03:09:13,1aaa:534d:cff4:d61:9075:988e:9bb6:8a46,1
sdv-id-msdmlF,ACC_256,ENT_UK_013,119819.79073486714,USD,2026-01-02 05:27:42,a229:ed9c:fc76:fb8:e4e5:91a7:2a14:e784,1
sdv-id-iOUCwL,ACC_155,ENT_UK_001,26867.08675822157,USD,2026-03-14 21:55:17,1fd8:acdc:d46b:e5b7:6774:c34d:4a8c:12c1,1
sdv-id-fndhPK,ACC_242,ENT_UK_008,167707.28327287716,USD,2026-02-25 04:44:03,5962:b800:cd79:4df3:1cf4:51a3:361c:491f,1
sdv-id-DECvoy,ACC_271,ENT_UK_019,2562.992516930419,USD,2026-03-07 12:32:12,287d:8b80:5508:289d:3d05:1d2a:7f85:6116,1
sdv-id-Bvjpta,ACC_284,ENT_UK_015,9009.96924442197,USD,2026-01-27 11:47:00,1d06:44f7:3822:3419:19d8:f8c5:8883:86bf,1
sdv-id-jWMcTq,ACC_155,ENT_UK_008,17410.60221449268,USD,2026-01-14 04:40:54,f1dd:c281:1b2c:8d10:e48c:7449:3dd0:6aae,1
sdv-id-Hikinw,ACC_176,ENT_UK_008,3403.4163023089855,USD,2026-01-11 00:49:49,4258:c88b:4a20:8bca:c6ba:2ae6:8073:ae2f,1
sdv-id-ANLeiA,ACC_196,ENT_UK_017,105103.5729077582,USD,2026-03-31 15:23:22,e6b5:f506:fc39:db73:c46:2208:673b:634e,2
sdv-id-YAlhxa,ACC_142,ENT_UK_009,26191.371822505655,USD,2026-03-10 15:15:26,ccc2:f80:6d63:4f39:c721:6e2a:211e:25bf,1
sdv-id-JfYRke,ACC_196,ENT_UK_014,4689.369527736837,USD,2026-01-16 06:13:56,6c4f:27b1:8a25:45b3:de2d:9ac7:4a1a:faaa,1
sdv-id-ZmlQnw,ACC_211,ENT_UK_011,28356.352775521285,USD,2026-04-01 16:33:27,be37:8932:a23d:d894:7840:6ba4:6bdb:9321,1
sdv-id-iqMSVd,ACC_142,ENT_UK_014,752506.5294633008,USD,2026-01-16 04:21:18,9750:7070:c4e2:da9:6b30:dca4:bf7b:a0a9,2
sdv-id-ReNhTk,ACC_273,ENT_UK_010,831999.9863002956,USD,2026-02-13 16:30:36,4d1d:e65:758b:1301:fa:5651:1aa0:2f82,1
sdv-id-sTDBlX,ACC_271,ENT_UK_006,78915.92769714646,USD,2026-03-16 11:48:16,9089:e3f4:ae6e:4a0d:5634:400e:e3d1:9050,1
sdv-id-tVcBIx,ACC_293,ENT_UK_018,73576.09519003793,USD,2026-02-23 20:29:19,d00c:f12b:9551:2072:b67:d3b5:7f6b:20f6,1
sdv-id-XFCStj,ACC_164,ENT_UK_017,1108275.6838305758,USD,2026-01-22 16:35:49,dc65:efd5:fec2:966:3184:3467:8ed2:ee46,1
sdv-id-sajeUJ,ACC_156,ENT_UK_009,32594.183162072222,USD,2026-03-17 20:40:01,bd7d:cb88:8dc6:4d3d:1c6b:fa71:f2d9:6e2e,1
sdv-id-Jtzdij,ACC_186,ENT_UK_012,110413.55590428684,USD,2026-02-08 19:36:10,5b11:c21b:abd:f1cf:d93e:b13e:6365:cd9b,1
sdv-id-YPiXHh,ACC_186,ENT_UK_017,945.8278882157545,USD,2026-03-19 11:40:10,7f77:294:af38:1ead:3156:7a52:3ddc:eaf6,1
sdv-id-mazvFZ,ACC_234,ENT_UK_018,110153.90760100236,USD,2026-03-28 16:59:38,8914:fea4:4c55:f2f3:684c:3c3:18a:4071,2
sdv-id-QxCdja,ACC_176,ENT_UK_008,3433.5683007491425,USD,2026-03-18 10:44:42,1f95:6564:79df:1fd2:73b1:7974:4de4:749a,1
sdv-id-WkOicx,ACC_170,ENT_UK_008,89241.18176818926,USD,2026-03-04 15:38:48,839f:a4c7:133f:f1e0:3b13:826e:5ea7:3cea,1
sdv-id-pAFJeM,ACC_186,ENT_UK_002,660445.0624678351,USD,2026-02-26 00:25:43,231e:29db:57f:c2df:4347:2fe8:1bd9:f50e,1
sdv-id-nPTqvm,ACC_176,ENT_UK_009,7642.636103247819,USD,2026-01-01 02:24:25,285:b666:8517:2aad:e937:c337:4c0f:f6b0,1
sdv-id-XFwrrN,ACC_146,ENT_UK_013,4864.286621936242,USD,2026-03-16 14:04:12,32df:46e9:4d30:2298:899f:2ff7:23ac:9926,1
sdv-id-jqgvzl,ACC_253,ENT_UK_007,2052.2096952371817,USD,2026-02-05 17:27:54,a7be:3ac5:62c:fb27:ae1:83b9:5e1c:5b0f,1
sdv-id-nXcxYA,ACC_142,ENT_UK_005,355821.8334550143,USD,2026-03-24 19:40:51,a898:7851:e0a1:454d:2226:1ffa:d379:b11f,1
sdv-id-czUJsF,ACC_196,ENT_UK_001,36596.747895155095,USD,2026-02-03 06:21:11,174e:62f8:3b52:dbeb:b1ae:f7b:f1b8:df2,1
sdv-id-eLTybF,ACC_134,ENT_UK_019,938.6326435258408,USD,2026-02-11 20:02:04,7cd:22b2:9c7a:9056:2387:dae8:b397:c57,1
sdv-id-WQNpev,ACC_176,ENT_UK_015,2698.2423144427707,USD,2026-03-29 18:59:49,f080:a177:353:a009:fe50:beef:d69f:ae07,1
sdv-id-pstNVd,ACC_176,ENT_UK_003,4920.9110753788,USD,2026-03-13 01:30:07,f5db:ae01:5479:1bda:8f8e:6f8c:24e4:c064,1
sdv-id-UcGIMc,ACC_248,ENT_UK_001,90229.63454694745,USD,2026-03-21 11:36:52,f849:1b40:22b4:f395:2d96:117c:e9d5:3eaf,1
sdv-id-cqAqSd,ACC_128,ENT_UK_003,939.514829535128,USD,2026-01-28 16:22:18,af2a:558e:946a:a3e:9443:ba71:e609:dfe9,1
sdv-id-PtzvFX,ACC_156,ENT_UK_007,88961.8112681197,USD,2026-02-06 13:25:28,fda8:cf21:85de:9afa:7a8b:57ba:8f45:94da,1
sdv-id-rAkDCo,ACC_107,ENT_UK_018,806021.1922724089,USD,2026-03-07 22:19:35,533c:3533:ce74:daa1:a624:6751:c614:47b,1
sdv-id-jFXXmT,ACC_187,ENT_UK_012,165730.97378258882,USD,2026-01-15 10:51:43,1eaf:f056:d326:c468:4d21:fbe5:fb78:422,1
sdv-id-MLEJAk,ACC_264,ENT_UK_013,9127.814679516572,USD,2026-03-03 18:24:37,e27b:b615:342f:1ed1:8c2a:5cd:f0d3:fca5,1
sdv-id-eXWOPc,ACC_284,ENT_UK_008,748609.8705051199,USD,2026-02-25 10:08:40,b93f:a473:bc7c:d9ab:9ad3:de6d:6086:9adc,1
sdv-id-HnPmss,ACC_176,ENT_UK_018,1018.0621554193356,USD,2026-01-05 13:03:27,3e64:4083:864f:6b3d:8d4c:907f:f983:3c56,1
sdv-id-GKEhyh,ACC_273,ENT_UK_008,154249.84535839682,USD,2026-02-04 00:53:27,e615:72fd:30d7:6d34:192:7be5:e54a:e3bb,1
sdv-id-kOUTPa,ACC_128,ENT_UK_014,324150.4845264658,USD,2026-01-27 04:51:32,3d2a:4a80:55ea:bf40:7ebc:3dd2:4f91:9ca5,1
sdv-id-gninhr,ACC_107,ENT_UK_019,2075.207820816482,USD,2026-04-01 13:25:53,8f5e:15c7:5f6f:d62a:349f:1dd8:1c79:8938,1
sdv-id-pNKEAD,ACC_155,ENT_UK_010,75513.47793462907,USD,2026-02-18 13:08:07,36c8:ce4:d6f2:177:8dee:3ba5:44ad:2b6e,1
sdv-id-CGMLrm,ACC_134,ENT_UK_003,1595515.921307349,USD,2026-01-21 00:01:56,b635:dbb1:6b27:ca03:d201:22a5:5d27:6735,1
sdv-id-FGYaDm,ACC_261,ENT_UK_006,148649.64262714828,USD,2026-03-01 19:20:17,2b54:6378:68a6:5cec:9c11:5a60:e6bc:3fb5,1
sdv-id-LAorZA,ACC_142,ENT_UK_008,2126790.4456385663,USD,2026-01-21 02:40:13,3ef7:5d3b:5d51:3e51:a48d:fef3:d021:5d30,1
sdv-id-ARqIBq,ACC_142,ENT_UK_019,49968.92699858802,USD,2026-02-25 03:35:38,586f:2fc:9d05:3959:a08c:b2df:b45a:5572,1
sdv-id-CXrjXH,ACC_293,ENT_UK_013,549423.2335719694,USD,2026-03-29 00:05:09,6f45:2540:81e9:b90d:7a23:d13d:f4cd:91e7,1
sdv-id-FkLEdy,ACC_211,ENT_UK_006,323751.1436282823,USD,2026-02-08 18:52:42,b56:139c:5bb9:1aa6:e7e5:6356:39a6:f6cc,1
sdv-id-wOXyZZ,ACC_123,ENT_UK_002,293971.4853585556,USD,2026-03-27 17:25:30,bda0:f7e7:b3a9:6d1d:2120:efbf:9395:caed,1
sdv-id-BlKojC,ACC_273,ENT_UK_015,1011305.546974014,USD,2026-03-07 20:57:45,6f27:fc44:e787:f3ca:f1dd:e023:3657:d036,1
sdv-id-eVOsnL,ACC_221,ENT_UK_016,4266.577239044678,USD,2026-03-04 10:36:03,853a:6645:d988:ab8b:2da8:1714:5529:ca74,1
sdv-id-gsklbG,ACC_142,ENT_UK_001,962.3646917590964,USD,2026-01-16 21:46:35,246c:fa5a:24bd:caa:58d2:4acd:22f6:f61b,1
sdv-id-WJaxid,ACC_107,ENT_UK_005,58627.83946875422,USD,2026-01-02 14:10:04,bddf:9e24:3b22:e24a:bc19:4f01:8013:70cb,1
sdv-id-LTXGeC,ACC_294,ENT_UK_009,14054.916763128644,USD,2026-03-20 05:56:07,b9f2:187:82bc:c825:df8:e12a:31e6:42f3,2
sdv-id-HxwdnA,ACC_196,ENT_UK_003,211632.34927158593,USD,2026-01-31 12:16:21,54e2:b8f3:9d27:7858:75bf:2eef:e2a7:b153,1
sdv-id-LpJBvC,ACC_107,ENT_UK_016,29738.284259734064,USD,2026-03-21 22:12:55,9b16:6115:5e56:779a:7fd:35e5:565a:36b6,1
sdv-id-quJkCs,ACC_256,ENT_UK_003,69623.96232006905,USD,2026-02-27 16:52:48,be4b:39b0:f379:e727:efcb:34b0:9554:e67c,1
sdv-id-EdluDo,ACC_273,ENT_UK_014,444936.28235668706,USD,2026-01-02 10:48:47,61ca:859a:a092:5e3c:662:8d7b:ffac:b644,1
sdv-id-SbIsHo,ACC_142,ENT_UK_007,256453.7888824772,USD,2026-03-31 10:36:25,545d:3aa9:c37c:6601:e3e7:213a:b4e8:f0bd,1
sdv-id-GIZtKg,ACC_176,ENT_UK_006,138149.05418568477,USD,2026-02-05 18:34:11,e3eb:de10:e363:f05c:70ea:ef87:c168:c563,1
sdv-id-QQpRDo,ACC_253,ENT_UK_011,14469.626812328042,USD,2026-03-15 03:47:31,9528:ff53:4548:8308:24f9:97a9:e76:1470,1
sdv-id-zahXJC,ACC_186,ENT_UK_018,76962.59192734247,USD,2026-03-30 11:41:57,90da:ebcf:5940:e846:3e74:9ce7:abb5:355,1
sdv-id-OrljYb,ACC_181,ENT_UK_010,76224.00213320248,USD,2026-03-11 06:46:15,b36d:dd6e:c862:7f40:fea2:d07a:67d6:3443,1
sdv-id-vgVogz,ACC_187,ENT_UK_006,526949.8709571433,USD,2026-01-16 19:47:47,594d:32a9:4491:20e2:3090:a991:e9ef:f429,1
sdv-id-GoYRaW,ACC_176,ENT_UK_013,929.0724165996346,USD,2026-02-17 02:36:02,772e:b3df:ad38:fe80:beda:30a0:188d:84d,1
sdv-id-iegcDp,ACC_176,ENT_UK_003,58299.05003050812,USD,2026-01-27 11:12:57,addf:473c:bd1e:db3:d873:a828:736c:1f24,1
sdv-id-NtRBPu,ACC_181,ENT_UK_011,96236.8539226984,USD,2026-01-03 16:15:43,58f6:abad:ba7c:1e1c:194a:6a8f:d233:81a5,1
sdv-id-dRDVEE,ACC_242,ENT_UK_009,52763.69079739928,USD,2026-03-29 14:28:46,22d5:5d49:e1df:4c3:ffd1:6bd0:4b89:729e,1
sdv-id-mJlxid,ACC_107,ENT_UK_005,200343.8581459376,USD,2026-02-07 03:56:28,70b:28fb:fb5b:9974:344:2e99:c9bd:dd94,2
sdv-id-MxsnMw,ACC_107,ENT_UK_009,1637358.1148045752,USD,2026-03-21 15:28:57,aa:5997:ac9e:ddf5:6156:f6c6:dfa4:4429,1
sdv-id-pZEzXI,ACC_284,ENT_UK_019,1297.9098397804396,USD,2026-04-01 18:07:27,ba0a:3fc3:3584:33d:2a4:9421:2890:40d3,1
sdv-id-ucxLUN,ACC_107,ENT_UK_004,945987.3545924904,USD,2026-01-15 10:44:50,6889:f044:b365:523b:3686:5dc9:8f6d:a411,1
sdv-id-gCLKWv,ACC_211,ENT_UK_016,48968.6794728848,USD,2026-01-03 13:51:51,81:a4ac:374f:ad9b:6c:797f:165d:f819,1
sdv-id-rtRmzo,ACC_256,ENT_UK_014,18399.752475965943,USD,2026-02-05 05:20:40,1305:19d5:af5a:64d1:5e7c:5f2b:eeb7:c8fe,1
sdv-id-dYBfQD,ACC_187,ENT_UK_005,201781.71294082288,USD,2026-02-21 06:27:46,3c60:7b47:40f5:6e20:e0c2:6248:e1f3:75f8,1
sdv-id-Nwvgrr,ACC_247,ENT_UK_002,63086.187770581586,USD,2026-03-31 04:34:50,aeaa:1f59:d013:27f9:312b:92c4:ba72:7f55,1
sdv-id-Lyljax,ACC_176,ENT_UK_004,39560.13538753006,USD,2026-02-09 23:28:48,5184:271f:ebde:27d1:96e8:139b:bf3:8715,1
sdv-id-Ixmydv,ACC_155,ENT_UK_013,261591.42672164392,USD,2026-03-06 17:22:00,44d3:a04d:e29c:263d:2f4b:413f:4a76:5031,1
sdv-id-wbokiR,ACC_155,ENT_UK_013,47774.58363122062,USD,2026-02-25 17:55:22,ae95:e7da:4177:a2cb:2c27:2b7d:a2a6:8dc5,1
sdv-id-NaFoVS,ACC_142,ENT_UK_019,17347.38761465289,USD,2026-02-26 15:23:11,4827:b580:245e:f023:2f2:dcb6:1faf:6275,1
sdv-id-fgyxZi,ACC_176,ENT_UK_009,65481.672954739865,USD,2026-02-08 01:58:40,a9f8:b29:ab0e:b6aa:1fab:933c:7003:a224,1
sdv-id-hCkoGt,ACC_187,ENT_UK_004,147374.71621810587,USD,2026-01-21 14:41:34,7a6:b9de:8d68:35bd:3090:abc5:f346:21c7,1
sdv-id-WsTWiy,ACC_142,ENT_UK_005,212334.4100918936,USD,2026-02-27 02:02:46,81ca:caba:6c0e:29a5:2fbe:8f48:3b59:5cfa,1
sdv-id-BnDwWX,ACC_142,ENT_UK_009,22154.357884148947,USD,2026-02-19 22:04:44,7be2:a152:8a6d:7ba5:c030:15c8:d92b:eda4,1
sdv-id-HEzoMJ,ACC_211,ENT_UK_015,438168.5540010959,USD,2026-01-17 06:54:57,511:36a8:2490:717:cc06:4a23:a904:b58a,1
sdv-id-AUyKHl,ACC_247,ENT_UK_006,58542.38204299232,USD,2026-01-29 19:11:58,f25b:1229:ee17:704:3075:c021:a438:ce04,1
sdv-id-uGyfPx,ACC_273,ENT_UK_017,365620.2049406995,USD,2026-01-30 04:45:42,96d7:955b:3b5d:f0a5:7a79:3dc7:aa26:9ea,1
sdv-id-ZKwcYZ,ACC_273,ENT_UK_009,626249.1557352646,USD,2026-03-04 21:11:06,6d46:81be:6f14:5cf8:3931:350c:c3c5:7d8e,1
sdv-id-fBpFIK,ACC_271,ENT_UK_013,132635.87206255764,USD,2026-02-16 11:48:57,a332:ab2c:2b42:5942:9b30:fc23:ae5f:40e1,1
sdv-id-SpxLIb,ACC_247,ENT_UK_005,4809.933601073948,USD,2026-02-24 05:51:28,e756:ef4d:4dbc:a820:3490:f2ed:5747:8ea9,1
sdv-id-njzaBt,ACC_107,ENT_UK_015,850950.400605293,USD,2026-01-02 09:16:56,3705:e450:652c:a452:5ebb:fa94:270d:a76c,1
sdv-id-OIVssJ,ACC_134,ENT_UK_018,370911.4110970359,USD,2026-01-18 09:16:43,ef61:f360:3f43:19dc:560c:39db:9282:5f5b,2
sdv-id-qlfRCB,ACC_273,ENT_UK_002,5801.649799648202,USD,2026-02-04 22:58:36,22c2:b504:d720:6356:72ab:e730:d231:ce40,1
sdv-id-JidHUT,ACC_196,ENT_UK_019,231090.11873627003,USD,2026-01-14 14:22:42,df5c:5b96:250c:6632:1ca3:84ed:bc29:dc9,1
sdv-id-WRinNM,ACC_107,ENT_UK_016,935.8403958182944,USD,2026-03-31 20:06:30,fccd:ffc1:c5d7:5a47:18d2:2b14:fe48:db03,1
sdv-id-IKkpqB,ACC_142,ENT_UK_003,37988.636756439075,USD,2026-03-27 10:50:29,536f:1956:d18b:d887:c6b1:77d3:8d9:64ad,1
sdv-id-pLFlDC,ACC_176,ENT_UK_014,206986.4782795303,USD,2026-02-05 09:29:22,df52:1788:5038:39a:b3af:c9ef:d6d:adda,1
sdv-id-gxzZee,ACC_243,ENT_UK_016,98280.60411070882,USD,2026-03-12 19:56:15,a9b:94a4:f67:ed24:677c:2cf9:8142:d441,1
sdv-id-UrKcLD,ACC_146,ENT_UK_019,32586.01416420951,USD,2026-01-16 07:59:51,f4a7:f205:b607:f86e:2a13:480e:269c:347f,1
sdv-id-gpULMZ,ACC_155,ENT_UK_011,23958.28832783646,USD,2026-01-15 09:48:35,2337:672c:a21:5722:12aa:145:1ca5:f53,1
sdv-id-FbtJKO,ACC_100,ENT_UK_008,32770.37976868542,USD,2026-02-22 13:49:15,c8c8:9fb5:e7e3:1446:deff:7a25:39a2:361c,1
sdv-id-FlzlCi,ACC_225,ENT_UK_013,12289.664072300831,USD,2026-03-22 05:24:44,8837:d8d9:f422:6e27:6111:b089:178c:abe4,1
sdv-id-ThWhPy,ACC_273,ENT_UK_012,6699.837693037808,USD,2026-01-08 10:23:15,64aa:74d1:9c57:349d:6120:1efe:9296:a3d7,1
sdv-id-CrbOTZ,ACC_107,ENT_UK_011,58408.52321218673,USD,2026-03-26 16:31:38,6ac2:21ae:c323:c7fe:7f1b:f49a:8bb8:1bcc,1
sdv-id-DXwaxe,ACC_273,ENT_UK_016,3371.397778699525,USD,2026-03-29 06:46:11,9b94:c693:cc31:e2b4:44a:21cf:7081:87b0,1
sdv-id-jJlRTD,ACC_176,ENT_UK_018,19309.98101139674,USD,2026-03-04 19:53:50,35df:169:50c3:75d0:3b5c:4ee:6de7:367e,1
sdv-id-fEiloU,ACC_211,ENT_UK_011,107068.3603233136,USD,2026-03-22 14:26:49,260b:3986:d16f:658c:80bf:7eee:7590:1e10,1
sdv-id-eXBRfM,ACC_176,ENT_UK_017,2023622.7915299744,USD,2026-03-30 13:04:29,1d7b:3352:c993:adb3:cc8d:cc79:f731:1d97,1
sdv-id-KVqqeg,ACC_176,ENT_UK_017,273938.13745241973,USD,2026-02-03 04:57:30,4fea:9186:492:23f8:16cb:cac0:dd92:9fb6,1
sdv-id-HLMWOJ,ACC_164,ENT_UK_012,86454.98561122108,USD,2026-03-09 01:12:03,856c:cf84:99b4:fcde:e2cb:11ab:c21a:50de,1
sdv-id-jNzgyA,ACC_171,ENT_UK_001,228095.41691163197,USD,2026-02-03 06:06:52,477e:294c:a5ea:e0a4:b924:76fd:31f4:e4f7,1
sdv-id-JipJvI,ACC_248,ENT_UK_014,3719.0286535845057,USD,2026-02-06 11:27:25,9dbd:46fb:e9de:465d:7162:5543:1d08:2721,1
sdv-id-TWDXfd,ACC_162,ENT_UK_018,72234.73578671848,USD,2026-03-15 20:12:19,60c1:d216:9afa:9a4:fc53:8777:d681:ded1,1
sdv-id-ALMaAi,ACC_176,ENT_UK_003,574161.0832739105,USD,2026-04-01 19:14:46,614b:3562:3287:bfd7:1d3b:3fd:f93d:a20f,1
sdv-id-ehpsMV,ACC_273,ENT_UK_004,198771.9952020887,USD,2026-02-08 07:50:18,70ca:1478:894c:6ea7:d2ca:ba79:de78:473f,1
sdv-id-vpyYAv,ACC_248,ENT_UK_006,1365.386010236819,USD,2026-03-22 09:03:18,5fb:a54:a0ee:4e0b:a395:6de3:a6e5:5f15,1
sdv-id-NQDmuK,ACC_242,ENT_UK_002,493947.2930777165,USD,2026-02-23 03:41:22,e80d:1c7c:df1c:d01a:5234:6328:bd07:dac2,2
sdv-id-zPnMrQ,ACC_187,ENT_UK_008,56176.03003932094,USD,2026-01-31 08:10:09,6a8d:70de:cd7c:ad49:b220:4624:cf8f:3dc3,1
sdv-id-EQrEeX,ACC_107,ENT_UK_013,1009.9224149430154,USD,2026-02-01 06:43:47,2f03:5601:119f:d380:f193:4856:ff92:c69c,1
sdv-id-qPiteJ,ACC_142,ENT_UK_006,63740.58617391992,USD,2026-02-02 08:39:50,3cd8:7fa:61fb:14d0:add4:7370:5adf:9e77,1
sdv-id-BreHog,ACC_273,ENT_UK_006,82370.63471677051,USD,2026-02-17 04:14:56,489c:6518:66b2:a014:1baf:3cd5:27d8:bc62,1
sdv-id-McIjQk,ACC_211,ENT_UK_007,22932.228461253468,USD,2026-03-18 07:15:06,c82b:4d09:7142:f448:4823:a8b8:9165:6456,1
sdv-id-BXOXuA,ACC_134,ENT_UK_012,15868.864074483628,USD,2026-02-04 11:11:37,122a:66fd:a424:5e63:d7a5:87cb:6af3:8d00,1
sdv-id-MHjdMZ,ACC_146,ENT_UK_004,1780.426916390745,USD,2026-01-23 17:15:11,d245:413a:3672:ddab:702d:cbf9:2dd4:b1e4,1
sdv-id-KgfGdJ,ACC_142,ENT_UK_018,418919.6022776436,USD,2026-03-24 18:33:18,23fb:b07d:243e:4dd6:d5fa:7fd1:b4a7:5ea,2
sdv-id-RbdBSx,ACC_271,ENT_UK_005,10158.567460565935,USD,2026-03-08 03:07:20,52cb:4d5a:28a7:b9bd:c9d2:9617:c05b:a3a0,1
sdv-id-yCHYBL,ACC_248,ENT_UK_015,25970.483890371535,USD,2026-01-23 21:18:33,1166:3ced:e343:f7e0:5ee1:3e24:44ea:e9f8,1
sdv-id-naImGc,ACC_164,ENT_UK_013,5384.066535479418,USD,2026-03-19 12:18:28,a73f:96ca:49c3:56ce:5e86:9d73:c94b:8f4,1
sdv-id-wQGYJF,ACC_261,ENT_UK_005,6141.6815416727895,USD,2026-02-06 05:54:11,534d:19aa:3922:1196:e846:eee6:4c21:3992,1
sdv-id-UTQwsL,ACC_134,ENT_UK_007,7375.393700501491,USD,2026-03-21 20:54:25,7441:80af:9b51:41ea:8ad2:dd40:ba08:fc71,1
sdv-id-nXizlY,ACC_107,ENT_UK_006,294971.4795902573,USD,2026-03-22 07:31:25,1f3f:30cd:281:4c60:8bba:d3bb:43ac:421b,1
sdv-id-EdyOsT,ACC_211,ENT_UK_012,64033.031020892406,USD,2026-03-26 07:23:25,992a:acd5:9b46:15e8:2697:e93b:39a6:e126,1
sdv-id-pASsCB,ACC_142,ENT_UK_006,52189.18609854763,USD,2026-03-20 07:17:35,89ad:a8db:8aee:8f65:6e52:6f7f:5b02:8775,1
sdv-id-nxlVsb,ACC_242,ENT_UK_002,176921.57748263312,USD,2026-03-24 03:09:38,4e9:7834:31d:4560:1515:8c9f:2d68:f6ba,2
sdv-id-OvEkgl,ACC_187,ENT_UK_004,945.6670823301632,USD,2026-03-25 01:30:42,3db:2dd:4324:188f:cd55:d0bc:b0eb:b671,1
sdv-id-KRiwqR,ACC_273,ENT_UK_012,4175.827876359349,USD,2026-01-14 04:42:46,5c43:89db:c610:8329:df5d:a724:c9ee:5032,1
sdv-id-FCqXDn,ACC_284,ENT_UK_012,90310.24684708736,USD,2026-01-15 08:14:21,820a:77a6:64cc:4d8f:94c6:e086:6d89:2556,1
sdv-id-flLsZD,ACC_273,ENT_UK_013,3000.848120441245,USD,2026-01-26 20:40:23,75e7:e35c:c5c8:683b:d547:1205:edb5:ce1b,1
sdv-id-ZbHyjY,ACC_196,ENT_UK_013,216585.3298129577,USD,2026-02-20 14:14:23,75b7:1f4a:4cbd:7abd:ed0d:35b7:e346:2fbd,1
sdv-id-kXpnvv,ACC_123,ENT_UK_012,52463.85899290085,USD,2026-03-14 12:06:52,5680:bd20:837d:fad1:a83e:2032:29dc:33fd,1
sdv-id-rccqob,ACC_181,ENT_UK_013,3073.787509318529,USD,2026-01-30 05:50:13,1b34:4c27:7f93:f5e0:54f:e7b5:ceaa:7fbc,1
sdv-id-kQSBUW,ACC_187,ENT_UK_006,835579.9495380509,USD,2026-02-15 22:50:16,6610:a415:1502:a546:d88e:8ca7:52af:e44,2
sdv-id-WQWTHD,ACC_155,ENT_UK_019,493412.2137919637,USD,2026-03-09 06:54:26,f045:e99b:61e4:e9f3:e82:d3f6:d32d:18e9,1
sdv-id-ArfeuA,ACC_134,ENT_UK_006,304180.291016156,USD,2026-02-28 15:43:33,79f0:68d9:1a2a:e827:2642:3063:abe7:6513,1
sdv-id-oCqjRc,ACC_142,ENT_UK_014,76307.796809344,USD,2026-03-12 23:51:57,5dbd:af56:28bd:cc77:fb6b:1808:4aed:c96a,1
sdv-id-UrPdRE,ACC_171,ENT_UK_005,25040.4591204571,USD,2026-02-27 11:12:45,dfa3:483a:1414:7bc4:14e9:4a2a:df19:4b4d,1
sdv-id-iyxfid,ACC_146,ENT_UK_014,19232.99066631997,USD,2026-03-09 06:47:15,fbbe:1c6a:282b:5f80:1c84:a0:96f1:8b88,1
sdv-id-mRzYtp,ACC_176,ENT_UK_012,15904.692892364912,USD,2026-02-20 11:37:35,71c1:7d9a:b086:1d7a:3d92:7409:7fb3:c19a,1
sdv-id-qqwqFH,ACC_273,ENT_UK_003,91706.08780762892,USD,2026-03-04 02:45:55,aec0:4188:9335:e4c3:d6f4:47a8:1582:5156,1
sdv-id-NMxLrS,ACC_211,ENT_UK_007,1511.5904139808022,USD,2026-01-30 04:03:30,53d1:f9b2:e098:bffa:a50c:4ccd:7218:c1cb,1
sdv-id-qneMok,ACC_273,ENT_UK_003,3031.2776307170684,USD,2026-02-26 06:20:55,454:bca4:3fdb:58db:efd:a216:b955:d72c,1
sdv-id-OPPARM,ACC_146,ENT_UK_014,193405.55857071432,USD,2026-02-14 15:09:56,ff22:e4d5:e3e7:6e59:49e4:54f:f8ed:4d4a,1
sdv-id-vqefSj,ACC_176,ENT_UK_005,939.5936844717222,USD,2026-03-17 19:07:48,e2c8:235e:e30b:79fd:92b4:32c3:e91b:544a,1
sdv-id-SDkNIe,ACC_142,ENT_UK_014,61815.36451341234,USD,2026-01-15 21:55:41,f1ee:5d7c:1972:b8a3:73af:d1cf:2615:7398,1
sdv-id-FpGoQb,ACC_176,ENT_UK_017,273266.27129471215,USD,2026-02-25 04:47:34,3934:cc65:7c40:ccce:8d09:6660:8130:bedf,1
sdv-id-bNHegK,ACC_176,ENT_UK_016,805135.2336906196,USD,2026-01-03 19:58:44,6cd1:2d65:e4a0:cec2:7929:b908:100c:aa39,2
sdv-id-LkZHYH,ACC_264,ENT_UK_012,30296.37358649167,USD,2026-03-16 03:22:16,fc69:15c8:1845:4c53:cbe1:8223:5cc9:206c,1
sdv-id-ltLVwZ,ACC_146,ENT_UK_003,18436.58840977151,USD,2026-02-02 17:52:02,5080:fd8e:993f:a953:d719:d23b:b1fa:cf4b,1
sdv-id-pjhYrM,ACC_284,ENT_UK_015,579880.0272456693,USD,2026-01-12 15:29:55,643f:99d0:6567:31dc:a600:60d5:3d6e:81dc,1
sdv-id-rKJPmF,ACC_107,ENT_UK_014,44228.65047747499,USD,2026-01-07 09:41:41,b7ef:3a43:f642:4f8e:cf1:f19a:24c7:2aba,1
sdv-id-mJQWrw,ACC_189,ENT_UK_004,950.2297182603164,USD,2026-02-28 15:41:55,df3:bdc:eb92:d7c6:b4cf:ca66:24cd:ad58,1
sdv-id-IqwSsK,ACC_271,ENT_UK_004,234002.88982800307,USD,2026-01-01 07:50:10,6786:99cd:628:b9a:23f5:298d:b051:8efd,2
sdv-id-HAVIQw,ACC_187,ENT_UK_004,667161.3138963268,USD,2026-01-08 12:36:45,9516:827a:8a34:9cba:8fac:bf42:2748:fd8f,2
sdv-id-ADXFlB,ACC_176,ENT_UK_001,39020.90431614082,USD,2026-03-05 08:41:50,29e1:13ad:587e:c5a7:f1d4:76e7:dbf6:f35,1
sdv-id-dfhOty,ACC_256,ENT_UK_007,198496.27739412425,USD,2026-03-29 06:04:16,2a24:a239:176a:bb69:c5f5:cd38:efd3:e830,2
sdv-id-bcnrfB,ACC_142,ENT_UK_001,318291.04086852586,USD,2026-02-12 23:34:56,ccb0:93fc:576c:47fc:725f:5926:8010:b1cc,1
sdv-id-odTXop,ACC_142,ENT_UK_019,102476.14379470708,USD,2026-03-23 14:48:57,d5d8:7843:8212:204b:e60f:90e9:a41c:ba17,1
sdv-id-WdxJie,ACC_284,ENT_UK_016,338875.53571767575,USD,2026-02-14 05:54:03,3f7c:8a95:bacc:7a7f:9d35:5bb8:7bb6:df8e,1
sdv-id-sXipug,ACC_264,ENT_UK_003,124480.32392943864,USD,2026-01-10 00:10:35,8d35:f79f:8f20:7147:8e72:6c0d:fbd:6655,1
sdv-id-qVBwIb,ACC_176,ENT_UK_009,234188.6159111036,USD,2026-02-08 07:56:42,5539:6bb:ba1c:a60b:1094:797d:e00f:4200,1
sdv-id-cDrJfd,ACC_134,ENT_UK_005,196442.84770948475,USD,2026-02-26 19:50:12,8c6:e6b4:b7e1:19e5:a973:beb3:129f:7a43,1
sdv-id-kbvKje,ACC_211,ENT_UK_012,38847.8604186819,USD,2026-01-27 21:03:25,d377:e099:f52d:73a3:3799:f123:ad22:d216,1
sdv-id-BHLJbE,ACC_107,ENT_UK_003,53884.98708240018,USD,2026-01-10 07:56:20,f297:a2db:ea90:b8d0:118:53f1:45ca:e1ab,1
sdv-id-HrEvSw,ACC_176,ENT_UK_018,7672.899830230268,USD,2026-01-01 19:15:19,864e:2a5b:fbcc:4144:7c38:96b6:9a5a:da53,1
sdv-id-QFYfPP,ACC_156,ENT_UK_011,1317343.2671111824,USD,2026-03-29 00:20:58,2425:c846:4233:1306:2034:807f:d046:c96e,1
sdv-id-LpnJvp,ACC_242,ENT_UK_018,7645.297963213686,USD,2026-02-25 08:20:57,8679:ef49:4193:503e:8f6a:b37a:f985:b908,1
sdv-id-DUmsVt,ACC_134,ENT_UK_013,79444.36310618623,USD,2026-03-16 02:08:39,94f9:3d2c:4ed1:44bd:7aff:d9b4:b0fe:cd02,1
sdv-id-VpvgrW,ACC_264,ENT_UK_019,502481.7026905296,USD,2026-02-11 18:33:46,a49a:580:de24:7346:5b71:834a:9f90:2d34,1
sdv-id-camRBM,ACC_142,ENT_UK_006,558068.6480327753,USD,2026-03-27 07:28:19,9c10:9911:cc46:8f5a:345d:ff96:29a:c3b8,2
sdv-id-YPQtTO,ACC_155,ENT_UK_003,457735.37567086774,USD,2026-01-30 19:02:47,a511:d9b1:caf2:92e3:1242:40ba:21ca:6844,1
sdv-id-mcJKag,ACC_284,ENT_UK_005,20217.330447692344,USD,2026-03-18 02:06:16,541:b54f:5a30:f5f4:56f3:b211:ada8:6bee,1
sdv-id-eHlamk,ACC_271,ENT_UK_016,4721.039242657761,USD,2026-03-27 09:35:56,ba39:52f0:c2e7:6c38:6f6d:978a:4d12:c395,1
sdv-id-gGhYXW,ACC_142,ENT_UK_018,2563.8764780181805,USD,2026-03-21 21:29:21,9df0:cc48:9958:9857:6cfe:2179:4131:efdf,1
sdv-id-gRGGhI,ACC_211,ENT_UK_007,301497.04273232154,USD,2026-03-09 19:58:47,37fc:ebca:9015:4da:422c:7760:6e3f:78d8,2
sdv-id-lFrrlj,ACC_142,ENT_UK_011,18150.103378481806,USD,2026-03-03 11:41:51,fb70:54b2:d117:7a8b:4752:ccd1:9bfa:3739,1
sdv-id-eeYiMl,ACC_164,ENT_UK_007,131829.24728785333,USD,2026-01-23 01:29:58,123f:c956:336f:f754:1114:9a49:af9a:9f30,2
sdv-id-zWnmOH,ACC_199,ENT_UK_002,724406.839775897,USD,2026-03-13 07:02:01,7b17:fce0:2cbf:baa8:281b:3287:3069:40e9,1
sdv-id-tEjwrz,ACC_176,ENT_UK_015,512124.2954151815,USD,2026-01-24 01:21:43,e84a:78c3:36b3:e570:809d:2fd3:7a30:440d,1
sdv-id-lyySQr,ACC_176,ENT_UK_001,431728.1116087978,USD,2026-03-26 07:24:50,a37:ae43:dc28:3e9b:90ab:85c4:e189:ba9a,1
sdv-id-ZOusep,ACC_273,ENT_UK_017,1127.6703899593467,USD,2026-03-21 20:09:54,752b:ff11:8f25:40c9:8b10:b71b:5e0:eba0,1
sdv-id-pQgjQk,ACC_142,ENT_UK_018,1547.313766775339,USD,2026-02-21 01:45:00,ce62:e40e:1579:39a0:db97:ca45:82b7:70e6,1
sdv-id-psthnx,ACC_199,ENT_UK_005,55497.42516373879,USD,2026-02-06 19:46:10,1dcd:1e59:5543:fa5c:8d6c:4842:e2ad:7e45,1
sdv-id-VIlAbr,ACC_273,ENT_UK_010,403651.71473000775,USD,2026-01-05 04:05:40,92b5:8bab:cc35:238:f0e5:9796:8a7:44bd,1
sdv-id-LetoVI,ACC_186,ENT_UK_008,2317.82569214996,USD,2026-03-25 17:37:00,7dd7:6488:4b47:788e:9b78:2417:a184:e465,1
sdv-id-lwzPFW,ACC_134,ENT_UK_010,6196.193383815848,USD,2026-02-21 13:09:55,7ad0:bfe7:ffa0:412b:dd8b:6288:f31d:53d9,1
sdv-id-MxXuiU,ACC_211,ENT_UK_015,239207.64214639735,USD,2026-01-26 20:57:58,f6be:1279:24a3:fa9e:629d:b75c:7a85:6eae,1
sdv-id-ESwjSh,ACC_253,ENT_UK_008,590005.9154556456,USD,2026-03-08 17:54:25,e4d8:b369:fda8:a96c:9370:b4b1:64d4:e3f,2
sdv-id-ZXBQfx,ACC_211,ENT_UK_014,943.6139879374592,USD,2026-02-08 19:51:32,ffa1:ad49:5af4:8a46:c6a:a2b9:6f65:6747,1
sdv-id-qrbuUV,ACC_299,ENT_UK_011,290989.9719086233,USD,2026-01-21 18:20:25,7a8a:901e:a93c:4604:9f2b:ef2f:388e:56bf,1
sdv-id-wMlmVh,ACC_146,ENT_UK_017,804801.6244600939,USD,2026-03-10 16:07:15,3e5a:b73:508c:e90a:9ac6:282c:11ef:6a6f,2
sdv-id-WtIYSP,ACC_107,ENT_UK_010,11149.23245430616,USD,2026-01-22 15:02:38,c44b:53fa:a7c4:6cdd:b725:19ca:7e43:f7d9,1
sdv-id-QTqeTA,ACC_146,ENT_UK_018,42007.96705572732,USD,2026-01-28 01:29:17,5bbf:d5cc:e436:97b9:9a5b:e357:c8d9:5b47,1
sdv-id-TbWFSV,ACC_293,ENT_UK_019,195337.5058077948,USD,2026-04-01 05:20:13,fce1:cee2:769e:dfc4:542c:2508:4a8e:145a,1
sdv-id-tStRQT,ACC_176,ENT_UK_011,2409697.526954341,USD,2026-02-24 03:47:12,ae88:16e6:41ec:a5ba:8ac5:11b0:9591:d912,1
sdv-id-zgvKoS,ACC_176,ENT_UK_018,34927.69830760104,USD,2026-02-02 00:36:27,5282:dec7:fbde:9b8:57db:2b73:6ecf:e9d9,1
sdv-id-qUGhtz,ACC_186,ENT_UK_017,69469.55566270182,USD,2026-04-01 18:42:38,af9f:9f7:e855:107c:9660:477:abf5:77dc,1
sdv-id-dYZGsK,ACC_107,ENT_UK_012,266085.67953657306,USD,2026-02-13 15:14:32,d5a2:d360:770a:3a4b:ed6d:7aec:b7b2:ab42,1
sdv-id-NBJLeT,ACC_171,ENT_UK_006,648710.6382938377,USD,2026-02-20 10:52:31,e51a:3d0b:aa9c:2262:30f6:bc4b:3967:55b1,2
sdv-id-TZkMZO,ACC_221,ENT_UK_010,10511.10404555144,USD,2026-03-10 05:54:44,b770:a870:c679:e5db:e4ae:6eb9:b6f9:ed64,1
sdv-id-SDJGbW,ACC_123,ENT_UK_012,120515.84591596272,USD,2026-02-24 07:02:01,e720:1492:e3e0:569f:e6bb:d3fc:3813:6141,1
sdv-id-kTHALu,ACC_256,ENT_UK_001,216537.6504018269,USD,2026-03-15 08:51:59,13ad:6edb:e027:69f0:6b2:bef3:96b8:fea2,1
sdv-id-XlHZDc,ACC_248,ENT_UK_013,376178.6252137734,USD,2026-02-05 23:54:37,42bc:7ebe:5cb3:471e:93a2:f2ee:e797:eaba,1
sdv-id-IXDIHX,ACC_211,ENT_UK_018,43121.21395588299,USD,2026-03-09 14:25:28,5a2:e7c7:a111:feb3:f8f8:18e6:7b12:de94,1
sdv-id-yBDuvH,ACC_211,ENT_UK_017,734458.1213598698,USD,2026-02-19 22:27:12,66c6:96ce:88e6:d0b8:6fa3:56e5:1e42:9829,2
sdv-id-PtAyvG,ACC_142,ENT_UK_018,121536.87907282948,USD,2026-01-02 22:46:31,edde:f0d2:42d0:6db7:2668:27b0:ee1:b0e,1
sdv-id-MUZHVX,ACC_146,ENT_UK_008,135581.97012400258,USD,2026-01-04 16:01:18,ce1:b35f:931c:9390:a311:fa4f:dffd:d8b8,1
sdv-id-ojkVPj,ACC_211,ENT_UK_003,2387.254772460028,USD,2026-03-20 02:36:05,5150:ac3d:10c4:3c9b:1c97:75f3:70c:e741,1
sdv-id-TRvTDT,ACC_107,ENT_UK_008,410765.14674638666,USD,2026-01-06 09:28:54,5367:dd5f:e15a:31b6:d99:d0ec:5494:ab61,1
sdv-id-KSTfvD,ACC_221,ENT_UK_012,74147.94206365627,USD,2026-01-11 16:29:07,db3d:797a:3e6:7944:962c:3834:c2ec:7b3d,1
sdv-id-dzxkQW,ACC_294,ENT_UK_018,96159.46054766903,USD,2026-03-18 02:42:18,dba6:e00:bd1:3d2d:b63e:df7c:8590:430e,2
sdv-id-sUnwvL,ACC_107,ENT_UK_019,76907.9415032439,USD,2026-02-04 09:12:51,d078:7d16:5b63:fb19:a0d7:1da7:42b0:739f,1
sdv-id-mkYJFK,ACC_196,ENT_UK_009,15914.04738484489,USD,2026-02-19 17:01:32,9388:6a40:9692:ef35:923a:ea9:4863:fe8e,1
sdv-id-GbyLFr,ACC_146,ENT_UK_014,89752.1123500034,USD,2026-01-30 23:58:41,fbd6:3a72:1bea:a231:ab73:c47f:e4ef:4280,1
sdv-id-opexgY,ACC_134,ENT_UK_004,1175127.0897516562,USD,2026-03-15 01:33:01,8728:5e1e:5f3e:2717:1108:f221:7ca9:9f67,1
sdv-id-hTGsXk,ACC_273,ENT_UK_005,3958.515533960929,USD,2026-03-18 11:07:55,8a1c:906f:9bf7:4d35:b694:f27a:eeaf:afca,1
sdv-id-MEvLsy,ACC_221,ENT_UK_016,935.1874402512944,USD,2026-02-07 23:15:57,f4cb:2543:facb:1040:32a0:984e:2765:fb9e,1
sdv-id-jmKxpt,ACC_211,ENT_UK_011,146770.9862690852,USD,2026-02-11 10:19:16,6a57:3388:5899:a27:6381:4f62:dd67:f7f5,1
sdv-id-iUdtjO,ACC_247,ENT_UK_011,288337.71536889905,USD,2026-01-05 06:28:17,2a63:6e28:be87:e4af:d133:a22b:77d3:290a,1
sdv-id-ZRxCno,ACC_253,ENT_UK_006,33508.135135573866,USD,2026-03-17 18:55:19,b994:5499:2d55:e25:2094:736f:873e:503f,1
sdv-id-BSjaJI,ACC_107,ENT_UK_012,49558.418655829504,USD,2026-03-19 14:14:18,9bb2:ecdf:cca8:cb64:5c7b:970f:d50b:8904,1
sdv-id-BDhSCj,ACC_273,ENT_UK_005,265267.7536280077,USD,2026-02-14 22:54:56,3ff7:c349:e6f2:7e2b:410:5b56:bd09:ae7b,1
sdv-id-wpSEcn,ACC_155,ENT_UK_007,418388.4576116861,USD,2026-03-05 06:27:30,c774:edbe:8066:c05a:b370:53d1:9d6f:3ee3,2
sdv-id-DBugrX,ACC_271,ENT_UK_017,268656.0308998878,USD,2026-01-04 14:37:58,30d3:1ff3:eb56:b880:53b1:e0fb:d316:950d,1
sdv-id-ERPuXb,ACC_176,ENT_UK_015,136533.72703919173,USD,2026-03-29 02:25:42,289c:cc69:ac38:ceef:8c1f:64e0:754d:8fa8,1
sdv-id-eAqWSZ,ACC_176,ENT_UK_001,28430.789462071923,USD,2026-03-22 04:45:34,3bfd:7c0b:580e:66:677b:b00d:d6f:ae9a,1
sdv-id-pxApeV,ACC_176,ENT_UK_017,393985.52478507115,USD,2026-03-29 13:27:06,574d:2a65:dca1:a3a0:f502:384d:e9be:66be,1
sdv-id-gGlcZQ,ACC_171,ENT_UK_019,214539.4753707962,USD,2026-03-25 14:01:57,3099:94c7:1726:3999:e6b8:4eb1:da50:365f,1
sdv-id-OnKIAg,ACC_271,ENT_UK_004,68708.23925368335,USD,2026-02-16 04:42:23,3f86:884a:cc46:d4bc:a17b:eb23:ceee:ccdc,1
sdv-id-yRydmP,ACC_171,ENT_UK_001,63119.8188447659,USD,2026-01-23 17:29:28,ad6f:ea84:9a50:b113:b6c9:1418:65fc:abf3,1
sdv-id-FJLKkc,ACC_155,ENT_UK_011,130503.64089332485,USD,2026-02-05 11:03:52,d6f6:cc01:4220:e49e:fe82:ac29:f2c7:c69a,1
sdv-id-zUsUPh,ACC_211,ENT_UK_011,11952.703513672126,USD,2026-03-08 12:34:20,8fa7:cc4d:342a:15eb:be16:818d:3f1:8c74,1
sdv-id-wnFIhn,ACC_142,ENT_UK_002,1170.7341723268355,USD,2026-02-06 02:40:07,cb93:a549:1ed9:e68c:b12e:45c:fa2a:9d18,1
sdv-id-AwCAPs,ACC_256,ENT_UK_017,68063.24356217925,USD,2026-03-28 12:50:39,61c:cb41:1f0:5ef0:8539:9352:e7eb:99cc,1
sdv-id-vtyZQw,ACC_155,ENT_UK_016,19299.656853904675,USD,2026-01-30 17:54:48,d1d7:4b63:ecc6:4b07:7fb7:8fd3:5f2:386a,1
sdv-id-KQwhCn,ACC_248,ENT_UK_008,6674.552576819654,USD,2026-02-16 21:49:13,e41e:f93f:4383:beb4:630b:3a35:2c55:d016,1
sdv-id-AeJtOU,ACC_142,ENT_UK_015,998.7450028156512,USD,2026-03-21 09:42:25,bb01:3b97:f59f:5ea2:47fe:f0da:b88c:a160,1
sdv-id-zrbwNv,ACC_142,ENT_UK_002,345262.76128775766,USD,2026-03-14 09:22:09,436d:d190:af9b:fa56:988b:1403:ec71:6359,1
sdv-id-uIOUHc,ACC_211,ENT_UK_012,5360.708803715982,USD,2026-03-22 07:14:54,1d2d:6e9b:391a:4526:97aa:d597:2cf0:67a,1
sdv-id-sDTSdo,ACC_261,ENT_UK_006,1042.3514939849242,USD,2026-03-13 19:16:22,abbc:9bc1:cb82:8e28:4729:da95:1664:508a,1
sdv-id-SThQsz,ACC_271,ENT_UK_004,55680.05958918808,USD,2026-02-09 10:48:25,1c82:2e2:9e84:69e8:4807:5467:63fe:aee4,1
sdv-id-FuYTkF,ACC_107,ENT_UK_003,23734.15892918506,USD,2026-02-03 02:58:27,fe13:e357:78b:7b12:5782:aab1:cc30:25f6,1
sdv-id-HxztFV,ACC_176,ENT_UK_018,5044.861937301335,USD,2026-02-20 21:09:38,303c:f48a:191f:d73a:69a5:8745:e346:3e8d,1
sdv-id-bNFZui,ACC_142,ENT_UK_008,282248.59219301754,USD,2026-02-05 23:32:43,45e3:d893:d172:f95a:2ffc:764:53f2:916c,1
sdv-id-fZdKUQ,ACC_162,ENT_UK_011,34623.997920821355,USD,2026-03-04 02:26:00,b8d6:5b26:9dcd:253:c004:4b21:48d5:8829,1
sdv-id-qUZtzX,ACC_164,ENT_UK_016,542060.2064181509,USD,2026-03-30 04:17:11,1710:26b2:75ff:fbb7:5de5:a4ea:181:c7c7,1
sdv-id-dTiXwK,ACC_186,ENT_UK_012,63977.95921675536,USD,2026-01-05 23:44:32,e246:36d8:7c98:2a1:65f9:fa95:630c:b13c,1
sdv-id-xDnetQ,ACC_107,ENT_UK_008,37207.386701155774,USD,2026-03-18 22:47:53,7cc9:33d5:e8fb:7f4a:6a85:bca0:6b56:8c22,1
sdv-id-GtDWwO,ACC_176,ENT_UK_011,10484.237827964396,USD,2026-02-23 06:05:44,2e46:c064:5236:5f4:7361:f471:5c10:f3e9,1
sdv-id-qnTWNj,ACC_176,ENT_UK_013,86557.7721478111,USD,2026-02-18 06:16:24,4ac2:38d9:fc0d:6a0d:f626:b78c:5553:3492,1
sdv-id-wLFfzU,ACC_176,ENT_UK_013,437629.0163144361,USD,2026-01-19 18:03:27,43bb:4322:7e43:8eae:df04:dd97:7f31:9f9,1
sdv-id-UlVgZf,ACC_176,ENT_UK_016,39059.744959765514,USD,2026-01-08 07:14:12,d40d:a951:1b11:e23c:d050:64bf:23fb:9477,1
sdv-id-mzLIRz,ACC_146,ENT_UK_007,3775.4472973454663,USD,2026-01-16 20:24:55,204:baf9:fa75:a113:4388:17ca:d67e:d3e9,1
sdv-id-nOJaQo,ACC_211,ENT_UK_007,42522.249486160166,USD,2026-03-01 23:54:34,ba1b:289a:ff96:c40a:f9d3:f8cd:f9bb:b95c,1
sdv-id-Heiqds,ACC_176,ENT_UK_015,4666.112105812322,USD,2026-03-18 06:45:27,51c8:b865:5472:8829:93fc:4490:bb41:5ff0,1
sdv-id-upOLPI,ACC_107,ENT_UK_013,91488.90799676378,USD,2026-02-14 04:30:25,4f22:c853:3e67:48e:38a7:4b65:1602:836d,1
sdv-id-zQcRok,ACC_107,ENT_UK_006,2603967.2304374427,USD,2026-01-04 14:55:23,fd75:3871:561:65f0:ec0f:4a82:b21c:1a44,1
sdv-id-LJrUMV,ACC_107,ENT_UK_013,127970.34009669744,USD,2026-03-06 12:43:36,64cd:b49d:b8ec:c428:cd2b:e90f:1583:6a18,1
sdv-id-CRqkXY,ACC_242,ENT_UK_018,284260.27133461373,USD,2026-02-15 21:08:36,3d6f:ed0c:6947:7547:b93d:e10f:8af6:3ed4,1
sdv-id-EWKkNm,ACC_170,ENT_UK_013,523531.41213185975,USD,2026-03-24 14:07:32,bb6:f490:7b00:cd32:ec19:bc5c:1ce0:4154,1
sdv-id-XijcvM,ACC_155,ENT_UK_004,51421.74783207956,USD,2026-01-04 08:27:21,dc25:1a36:8854:b239:94e4:652d:f0a2:591b,1
sdv-id-mFfxmc,ACC_176,ENT_UK_001,95078.26931755534,USD,2026-03-07 23:36:33,daaf:3046:7b2b:2e9b:6f87:29ae:2984:35f2,1
sdv-id-IJVCZL,ACC_134,ENT_UK_014,1148.9509866091844,USD,2026-03-31 07:00:05,d41e:72e0:8a38:f900:49fc:590a:8bdd:bb27,1
sdv-id-RMqZRY,ACC_211,ENT_UK_014,101037.17803055534,USD,2026-03-30 18:38:50,aa0d:be3e:105:76ce:f8ab:d816:3ddb:27d,1
sdv-id-JAXprq,ACC_107,ENT_UK_014,107519.85377097008,USD,2026-02-10 15:51:49,eb0d:8506:3424:95cd:7a81:cccf:c3ce:2a0a,1
sdv-id-mbYJDT,ACC_142,ENT_UK_016,1156265.5900394225,USD,2026-01-08 17:58:34,fb4a:ef0b:a846:6dff:6e26:158b:669a:c357,2
sdv-id-UsTQhq,ACC_142,ENT_UK_011,73614.59136123206,USD,2026-03-17 15:37:34,30d1:21e5:e54a:a5e0:8b3c:71e0:749e:3c72,1
sdv-id-rnkwrM,ACC_186,ENT_UK_005,75583.83918482803,USD,2026-03-30 14:21:42,ff0a:1072:2e0c:ad50:bcab:503d:4e1a:6f98,1
sdv-id-fmnnEh,ACC_142,ENT_UK_001,1308.3781498089672,USD,2026-01-29 21:22:21,daa3:6cb1:fb3:1e33:3f63:cce5:11a8:42bb,1
sdv-id-enduWP,ACC_253,ENT_UK_003,137781.13449291355,USD,2026-03-20 07:03:01,96aa:b703:cdaf:7c04:4a88:2792:d0a3:5e4e,1
sdv-id-iTmHtx,ACC_156,ENT_UK_012,306939.3380323512,USD,2026-02-18 09:44:09,2c58:624d:6a98:7ff3:c52c:55ba:d4be:d445,1
sdv-id-pTsQAQ,ACC_186,ENT_UK_011,141800.69881400318,USD,2026-01-12 01:49:33,5c1b:ef4e:49d7:3e5a:795f:a28a:f3a7:a392,2
sdv-id-VlwlDO,ACC_261,ENT_UK_007,1273014.8163733173,USD,2026-02-21 16:11:12,1235:a9d:8391:df95:e27c:9f36:2cce:cf9a,2
sdv-id-AllNNZ,ACC_242,ENT_UK_008,26972.426574277477,USD,2026-03-15 21:24:48,9129:48b6:12d0:523a:9b6e:5de4:a5ae:f9dd,1
sdv-id-lSRJQT,ACC_253,ENT_UK_005,70173.0882567034,USD,2026-01-19 14:16:03,344d:b96e:3075:a0b0:2f69:a3fa:d90e:d711,1
sdv-id-jhsTpl,ACC_142,ENT_UK_016,330153.5565969146,USD,2026-01-21 05:11:38,2847:fed5:4e67:d79a:bb5f:9e1d:e1b7:53f9,1
sdv-id-IlaiRD,ACC_176,ENT_UK_005,216624.9177344508,USD,2026-01-06 03:37:16,518:db9:5da9:624:43fa:b3a3:2fd1:59e5,2
sdv-id-qEIpUb,ACC_284,ENT_UK_014,2448548.541178881,USD,2026-03-24 21:27:36,5013:1ef4:2e1c:59b7:c2dd:7bfb:18cf:637b,1
sdv-id-bGnVTW,ACC_142,ENT_UK_016,223535.31227230292,USD,2026-03-16 01:34:33,f680:c0e7:e073:fe7:49e7:548f:83e9:8760,2
sdv-id-fMAJNF,ACC_256,ENT_UK_005,75121.38415297351,USD,2026-03-20 06:50:17,c62a:7ecc:7e79:d489:84da:304b:596e:eb6e,1
sdv-id-eiOqVp,ACC_171,ENT_UK_001,391449.900810456,USD,2026-03-18 14:25:25,de88:fc85:f498:d8b:b4c6:859e:7c62:a8f3,1
sdv-id-NFfWon,ACC_196,ENT_UK_007,10501.50631640928,USD,2026-03-08 22:25:57,67a4:a944:59f:697a:a160:cfd5:3370:4534,1
sdv-id-PAOVFu,ACC_176,ENT_UK_006,419563.7285002351,USD,2026-03-19 06:23:25,ab95:603b:47b5:f8f7:7bdf:44f6:b8d4:babb,1
sdv-id-PMUOfG,ACC_225,ENT_UK_008,7410.930789658426,USD,2026-01-01 10:36:17,3d6c:298e:193e:e2e3:bc97:a383:4a84:e2de,1
sdv-id-gqkqbl,ACC_271,ENT_UK_003,67948.43364171867,USD,2026-02-17 18:51:58,e33:5c2:c5f0:3829:bed4:2f06:4df9:6c74,1
sdv-id-JqisqT,ACC_271,ENT_UK_017,13960.986072951211,USD,2026-03-26 05:59:58,734d:120b:c577:d248:65ee:63d9:8b96:211b,1
sdv-id-hcxtDf,ACC_187,ENT_UK_006,2107393.243876124,USD,2026-03-23 05:22:08,8eaf:a89f:1ce2:cc32:98d3:8ac2:b6e1:9dcd,1
sdv-id-bNDlLT,ACC_187,ENT_UK_005,653608.7550908196,USD,2026-02-09 05:30:37,25fe:da80:ee64:22a9:35c4:8f21:5943:a5aa,2
sdv-id-Velrqw,ACC_176,ENT_UK_017,66841.06260107676,USD,2026-03-29 04:00:22,2eac:e766:8961:cb4f:4405:d1b5:850:4c5,1
sdv-id-HEuNiK,ACC_176,ENT_UK_004,15273.05944076644,USD,2026-01-13 17:45:19,42f5:bc82:1eed:a4e4:b2a8:210:65f:8c87,1
sdv-id-dQZYyF,ACC_256,ENT_UK_006,960.6444290745998,USD,2026-02-01 06:35:30,3b5f:e56c:a31d:aa21:9da6:2a8d:23e7:62b9,1
sdv-id-vxHGJc,ACC_155,ENT_UK_010,223271.9485592762,USD,2026-01-20 12:56:25,abdf:4952:838e:ce3f:5660:a649:5749:266,1
sdv-id-rnmmYP,ACC_264,ENT_UK_002,324536.8569623872,USD,2026-01-25 06:17:56,d7f:f753:d5f9:9fb9:1ce7:696c:db2a:5cd0,1
sdv-id-WjXlHf,ACC_242,ENT_UK_015,59460.36433583797,USD,2026-02-05 05:23:34,c30b:3c66:16ed:522f:b62f:be5c:9328:9605,1
sdv-id-urykMV,ACC_273,ENT_UK_015,20342.215243275554,USD,2026-01-11 22:56:47,e366:fb31:a090:7d0c:6cab:9be2:ca2c:69ce,1
sdv-id-kTevcG,ACC_248,ENT_UK_016,309265.95888862875,USD,2026-02-22 04:49:22,d408:e219:2f8d:db64:9ef8:3bf1:6d9b:bccc,1
sdv-id-FRSniW,ACC_134,ENT_UK_016,596634.1870461579,USD,2026-01-19 12:51:54,44df:2c6e:e0d7:5eb6:87fe:f515:efd7:b116,2
sdv-id-OcuMNb,ACC_256,ENT_UK_006,8154.908159225025,USD,2026-02-10 21:08:44,df26:7b0:7a19:d9ac:152c:802c:a4d3:43a4,1
sdv-id-oGCUMn,ACC_104,ENT_UK_008,405044.1765574487,USD,2026-03-25 22:29:28,5b5e:cd39:e789:777c:ea14:90c7:dadb:ddb5,1
sdv-id-xLvthi,ACC_271,ENT_UK_016,971.4870692201496,USD,2026-03-23 13:30:03,e70b:4d70:dfc0:7646:c685:75ab:5f54:b43e,1
sdv-id-kXkqbK,ACC_264,ENT_UK_015,694473.4658300536,USD,2026-02-18 16:37:21,8524:a1bc:5ce3:39c7:3353:832b:4ccf:3e91,1
sdv-id-MTCfIJ,ACC_293,ENT_UK_018,166769.31327111908,USD,2026-02-03 09:03:26,3559:af1f:9927:ef9d:1edb:a671:4a3e:56a9,1
sdv-id-MLsdjH,ACC_142,ENT_UK_005,551450.656084024,USD,2026-01-25 06:13:47,10bc:758:351b:3c84:7caf:7023:5b79:e680,1
sdv-id-zPQTbX,ACC_279,ENT_UK_017,77948.68693786625,USD,2026-04-01 19:45:55,fef:2246:cd49:b27d:21bc:b392:ec0c:3f47,2
sdv-id-bKOJuH,ACC_273,ENT_UK_015,365670.86446437787,USD,2026-03-30 05:44:56,dcb1:e54:e529:ddb5:e2:2f1a:721b:50b1,1
sdv-id-JkMybE,ACC_100,ENT_UK_010,9150.03907917162,USD,2026-03-23 04:27:47,a0be:339b:74d9:6f93:aaa7:838b:e90f:f57c,1
sdv-id-uAtvJV,ACC_155,ENT_UK_017,121937.02145654646,USD,2026-03-14 06:32:22,faec:d9be:d898:9bc4:4952:9a41:5424:b43f,1
sdv-id-VzkJbo,ACC_107,ENT_UK_013,2541.147265926268,USD,2026-03-14 16:40:31,c160:372f:6cdd:32a8:d8ed:1e3a:4511:b9c9,1
sdv-id-JqUhwJ,ACC_142,ENT_UK_016,1071521.260996075,USD,2026-03-16 21:39:12,70d:8158:b261:54d2:e708:47aa:b1b7:d07c,1
sdv-id-PHNwnL,ACC_179,ENT_UK_008,113259.5866575204,USD,2026-03-01 03:52:38,a85e:b42c:d3e4:2d87:45f5:e375:2c99:b3bf,1
sdv-id-Ikydfw,ACC_142,ENT_UK_007,2967.445445561537,USD,2026-01-03 16:47:22,26ab:a609:e5e8:6d7a:de89:8420:1f86:3e90,1
sdv-id-UBEKjZ,ACC_196,ENT_UK_014,1089.709462427696,USD,2026-01-10 13:00:02,481e:711d:5648:a8ec:3ccf:e860:49ce:a428,1
sdv-id-kIQqlX,ACC_273,ENT_UK_016,13057.143571315222,USD,2026-01-31 23:44:50,7a4c:6b3:bb28:c66f:ab25:ca91:dc12:c708,1
sdv-id-rTrext,ACC_176,ENT_UK_012,1628837.7885266943,USD,2026-01-27 08:47:20,e421:fbb8:7995:efa7:a2fd:fe8c:1406:bf0a,1
sdv-id-VbdtSA,ACC_176,ENT_UK_012,1229.584092188452,USD,2026-01-09 06:59:12,5c2b:6838:3d70:2348:8fca:611c:870a:5185,1
sdv-id-Fajfri,ACC_176,ENT_UK_010,2181808.308924471,USD,2026-03-22 10:33:04,d251:8d2:2d73:904d:dcd6:7ee1:5a11:a4ed,2
sdv-id-eTtfew,ACC_142,ENT_UK_018,1587.0408842405348,USD,2026-01-17 10:18:56,61a9:9f91:2552:eea4:5eab:45c5:4708:765f,1
sdv-id-PgCEdj,ACC_294,ENT_UK_017,21009.126344075336,USD,2026-02-17 16:35:54,2057:c54f:f452:ca19:ba43:968a:cbb2:7dff,2
sdv-id-TKxOqm,ACC_176,ENT_UK_009,950.9188234589392,USD,2026-02-18 00:52:05,6cd:8a44:cc8d:3ef6:cee1:34a3:2e51:4154,1
sdv-id-KmZgIM,ACC_225,ENT_UK_006,1168.2985767433045,USD,2026-01-09 03:48:47,6b92:b397:6ef0:3d35:1777:6044:5a8d:c16d,1
sdv-id-JIVsQS,ACC_171,ENT_UK_005,1591.3108833453352,USD,2026-03-20 00:58:03,778c:89e3:60b7:7205:f031:c6d2:655:3260,1
sdv-id-uinDPJ,ACC_271,ENT_UK_011,3936.6293442269134,USD,2026-02-06 09:33:47,c616:62c1:c0a8:682b:6d27:e8d:8fbc:c0a8,1
sdv-id-gDKERg,ACC_186,ENT_UK_017,1386443.8402092594,USD,2026-03-23 11:48:18,efe3:b582:e7c:65c6:f63e:9ed8:ac12:dd6b,2
sdv-id-AhlRvT,ACC_107,ENT_UK_019,689726.7364649337,USD,2026-01-06 20:40:06,5c95:af2f:5354:be71:bf76:4b7f:da41:e9b1,1
sdv-id-IbQati,ACC_176,ENT_UK_012,424610.3230620102,USD,2026-01-04 19:24:39,be4e:7001:6884:8e8e:3b04:d60a:5491:b225,1
sdv-id-qlJHYf,ACC_171,ENT_UK_001,118137.3148338926,USD,2026-02-02 23:26:11,cc82:5a93:f8ff:d874:55cd:d3e3:d340:cfde,1
sdv-id-ZDuQlB,ACC_100,ENT_UK_004,185112.07621074552,USD,2026-02-05 16:52:52,8199:d546:6a8c:472e:79c4:a4cc:4c34:d357,1
sdv-id-kZHOIp,ACC_156,ENT_UK_014,2607.301187333305,USD,2026-02-23 19:24:06,5d54:7b10:7f41:af2a:15da:dfe5:790c:58be,1
sdv-id-IdXGMn,ACC_271,ENT_UK_018,133211.4607153358,USD,2026-02-26 23:08:53,ce54:6854:b77d:a821:8035:5b30:622d:8d4c,1
sdv-id-wQMUaH,ACC_211,ENT_UK_017,1404888.5708251148,USD,2026-01-26 02:49:17,3df6:e810:a07b:6ea0:73cd:2578:4290:4aed,2
sdv-id-EHycRa,ACC_189,ENT_UK_019,4417.986956688819,USD,2026-03-10 21:09:49,b465:df30:becc:c069:923b:a4f5:84d6:a328,1
sdv-id-byzidC,ACC_171,ENT_UK_006,509795.08256506774,USD,2026-03-24 04:41:22,a885:1ee8:2837:5a9d:df67:15b7:9e8d:3c9,2
sdv-id-qMZJCA,ACC_293,ENT_UK_019,196976.18732700087,USD,2026-02-14 18:51:17,b4f3:e512:938b:d0ef:c7c0:8e37:6b45:b971,1
sdv-id-FPdxsi,ACC_171,ENT_UK_003,442244.6561092239,USD,2026-03-28 03:28:44,ea60:4c32:4103:22e4:b527:7efc:f8dd:ebd7,2
sdv-id-ATDlpb,ACC_181,ENT_UK_014,3820.9882273788057,USD,2026-03-10 05:45:50,e265:36ef:1d70:d59:e0bf:9237:dd14:579,1
sdv-id-KsgjPQ,ACC_107,ENT_UK_016,55395.80099393492,USD,2026-03-31 06:30:05,87b9:6359:f98d:9b2c:d686:30e7:1d9c:190a,1
sdv-id-vNZhve,ACC_221,ENT_UK_005,7857.721876438442,USD,2026-03-30 19:32:30,5aa1:f3ff:59bc:632f:28d9:7842:913b:db05,1
sdv-id-ObMcHD,ACC_243,ENT_UK_016,225003.93423310827,USD,2026-02-28 20:46:37,697a:8d2d:fb65:cc73:78f3:67d1:3998:d963,1
sdv-id-sIsPaT,ACC_284,ENT_UK_001,948.2125621080794,USD,2026-02-14 18:51:55,695b:51:fba4:c62:317e:a43a:510f:8c7e,1
sdv-id-sBBVpJ,ACC_187,ENT_UK_003,68174.75461131624,USD,2026-01-10 19:37:57,310:c0a:9e7e:7f94:f951:791:bc9:b829,1
sdv-id-JVCsiv,ACC_176,ENT_UK_005,297213.32913141086,USD,2026-02-03 17:52:49,f394:a0c5:63a4:9494:9c8c:8f6:4c78:d742,1
sdv-id-cXGFdB,ACC_155,ENT_UK_004,211752.2763245335,USD,2026-01-04 08:52:43,968b:589e:6cb0:39e2:6e71:eb28:4ffc:8cad,1
sdv-id-wbTvaI,ACC_146,ENT_UK_001,208432.7883622839,USD,2026-03-14 14:59:24,ceb9:c51d:d21e:fdb5:684c:79db:13e5:c185,1
sdv-id-IuEZzE,ACC_107,ENT_UK_017,71433.54356621207,USD,2026-03-20 00:52:55,de23:68ac:379e:c961:4338:dcd0:5f02:4871,1
sdv-id-hvSAsc,ACC_176,ENT_UK_001,1224.4513564361234,USD,2026-03-15 21:33:41,5640:e81f:97f:540c:e9e1:ce55:ea21:b783,1
sdv-id-KpHWRb,ACC_176,ENT_UK_005,1140.5255292638294,USD,2026-03-07 08:37:35,c270:3e4c:596b:4495:faab:84c3:7f22:d90c,1
sdv-id-CQaGmy,ACC_176,ENT_UK_002,539893.3208422934,USD,2026-02-18 13:44:16,a8d6:e9ed:2b86:77c8:9a09:197e:84ba:7f24,2
sdv-id-RWyhxT,ACC_164,ENT_UK_018,16793.16526621849,USD,2026-02-01 21:11:41,64b9:82f7:d52f:a08c:b147:cf3b:6865:6127,1
sdv-id-uMFegd,ACC_155,ENT_UK_002,349331.7358920789,USD,2026-02-14 21:16:45,8969:e51:3636:149a:47a1:27f9:4416:ff3,1
sdv-id-OdkFbH,ACC_271,ENT_UK_007,552538.7275939683,USD,2026-01-11 10:55:50,3aa8:5a34:cd8:aa1:8b7c:d615:816e:a41f,1
sdv-id-dISqVP,ACC_134,ENT_UK_007,329758.63425934274,USD,2026-01-04 03:04:13,eac7:b86a:be26:160:8399:a847:ee2:5f62,2
sdv-id-hWyOIS,ACC_271,ENT_UK_016,59863.71481055797,USD,2026-03-10 20:19:05,e69b:cc0:b6b7:434a:bfc4:ce4b:884b:9fc0,1
sdv-id-duoDMw,ACC_243,ENT_UK_016,705029.5881633917,USD,2026-02-03 20:40:48,a133:8b80:a57:f3b6:3cf:62d9:c65c:785d,1
sdv-id-Bjcnys,ACC_142,ENT_UK_012,1844.546468235373,USD,2026-02-21 10:06:41,473f:d6ee:19e8:1010:7118:8fe3:e2ed:daa5,1
sdv-id-gXKetQ,ACC_155,ENT_UK_015,20153.46759024034,USD,2026-02-20 02:32:43,f324:2297:b60b:4c75:874d:6924:e41d:1260,1
sdv-id-rBBJoe,ACC_211,ENT_UK_016,70539.9982413149,USD,2026-01-28 05:38:12,ae0:b16c:f20f:b80a:8cf7:dd83:a1a9:126e,1
sdv-id-jMFJaP,ACC_273,ENT_UK_008,1841.4720883304367,USD,2026-01-11 14:10:33,dcaa:e6d1:c5dc:62ba:8339:2fc9:166e:cf27,1
sdv-id-fAXYnA,ACC_264,ENT_UK_011,44023.20717684412,USD,2026-02-16 19:15:36,9fc1:503c:c4b1:4b71:4df0:1fec:2a57:d9f,1
sdv-id-FVrUEU,ACC_176,ENT_UK_005,212185.37573787855,USD,2026-03-03 10:18:57,aeb5:a5a9:71b4:70e1:ecc2:73a2:470:e50e,1
sdv-id-aIxwqU,ACC_107,ENT_UK_010,38036.2260680924,USD,2026-02-17 07:30:51,93b0:773a:e02e:cad1:fdbe:b66:cc38:f455,1
sdv-id-kHzsrE,ACC_211,ENT_UK_010,65603.0526686236,USD,2026-03-09 10:40:41,e88d:84b6:85f8:d57e:24e5:a574:34e0:b22e,1
sdv-id-XbNnlJ,ACC_211,ENT_UK_010,58701.32811218386,USD,2026-01-19 09:51:21,519f:c9d5:5e04:1543:8715:42a6:a11f:6e3f,1
sdv-id-dtkUSz,ACC_187,ENT_UK_017,764845.6224107171,USD,2026-03-11 14:02:43,38a0:1123:9622:1f16:a011:74bd:4c25:db4b,2
sdv-id-dsnJSQ,ACC_271,ENT_UK_014,3195.93300139999,USD,2026-01-16 13:23:38,8221:1cbe:c518:f4cf:dfff:1cff:c98f:70df,1
sdv-id-pAbXRB,ACC_176,ENT_UK_014,17015.04753196289,USD,2026-01-04 02:05:20,6c39:c5aa:7ca7:d500:50ed:d0d5:a073:7b87,1
sdv-id-duJNlq,ACC_253,ENT_UK_014,403027.7606924226,USD,2026-03-12 20:43:53,4b4c:a44a:8612:64b3:7266:95c5:76db:37ac,1
sdv-id-czLzTj,ACC_273,ENT_UK_009,122638.91702606068,USD,2026-03-01 21:48:06,f1a:a880:1f7c:90c9:6250:188c:dc86:dce4,1
sdv-id-HnCcdq,ACC_164,ENT_UK_016,1091.5566622379731,USD,2026-02-24 09:18:44,4c1a:3493:30b3:577f:37eb:f64d:8bba:94a9,1
sdv-id-OapwwN,ACC_242,ENT_UK_013,151739.4130524591,USD,2026-02-02 00:53:33,d0a6:c48c:a7b3:2841:8ada:5cc:45e9:6e16,1
sdv-id-Azztpc,ACC_162,ENT_UK_008,8189.833507826304,USD,2026-01-26 08:51:10,3e75:4c4f:10b5:3eaf:9892:9276:c002:6166,1
sdv-id-CJqBIa,ACC_107,ENT_UK_011,5265.411214328765,USD,2026-03-17 22:44:06,d384:d9e1:5d9f:f41e:dfcd:2ee9:f0c7:5379,1
sdv-id-EpBShp,ACC_248,ENT_UK_019,572253.7796434296,USD,2026-01-20 22:00:37,4271:3b7a:9985:bebd:fd78:4322:6aa1:3afb,1
sdv-id-xLuKsS,ACC_253,ENT_UK_010,981941.926080578,USD,2026-01-15 17:28:31,ace6:f3fd:1a89:f98a:c750:dd9e:2b24:6529,1
sdv-id-pLOtyD,ACC_253,ENT_UK_012,157829.65694899487,USD,2026-01-04 11:05:31,5c1d:fd89:17df:b358:24f4:e6a5:5d15:e998,2
sdv-id-pVfTYM,ACC_273,ENT_UK_007,541888.5427435753,USD,2026-02-04 00:20:15,c0dc:4888:4353:e1a1:2452:cf49:3163:8f38,1
sdv-id-pVubTc,ACC_104,ENT_UK_011,498568.8816479239,USD,2026-02-15 08:50:53,aa11:8962:950e:81fd:561e:51aa:bb7:b4ba,1
sdv-id-saCOkb,ACC_142,ENT_UK_013,298482.721971122,USD,2026-01-12 11:08:26,2222:754d:43cb:1e0f:268:ea61:6f21:8674,2
sdv-id-ibMNGP,ACC_176,ENT_UK_004,3250.810299350141,USD,2026-01-02 00:27:53,5cdc:70dc:c59a:92de:eafd:595d:f54c:4531,1
sdv-id-TFQyZU,ACC_142,ENT_UK_016,1110.5766352442995,USD,2026-02-24 15:10:13,f34a:3cdc:fde1:be3d:d551:eb22:8aa7:5c3d,1
sdv-id-HYYpan,ACC_176,ENT_UK_011,8956.90981141679,USD,2026-03-28 03:39:03,a839:b834:9a66:ff99:5e9e:d74e:f01c:9f8c,1
sdv-id-hSqrfT,ACC_100,ENT_UK_007,964.4108007299634,USD,2026-02-02 07:02:59,6383:9c6f:3111:350c:7213:c334:7569:199d,1
sdv-id-FdKFkx,ACC_186,ENT_UK_002,50260.98777609073,USD,2026-02-17 14:14:54,784:4718:794e:6dd:69b7:1883:4291:49af,1
sdv-id-FaiKKV,ACC_156,ENT_UK_003,184590.06975218185,USD,2026-01-03 23:38:56,5dfd:c9b9:832d:5541:b946:6f01:936e:62d5,1
sdv-id-ofhfdf,ACC_189,ENT_UK_013,48140.59699286798,USD,2026-03-04 12:43:05,5201:19fe:34a0:26bd:6206:deb6:ba37:ca56,1
sdv-id-Nniict,ACC_211,ENT_UK_005,146678.36970278414,USD,2026-01-31 09:12:21,7f71:b1b:464a:3bb2:26f4:2099:984:ab48,1
sdv-id-KUuRvW,ACC_107,ENT_UK_019,150727.46906211035,USD,2026-02-25 08:08:48,d77e:625c:d4b3:5a65:cb04:aab0:743d:2bfc,1
sdv-id-UuKuDi,ACC_142,ENT_UK_013,956.1583446986148,USD,2026-03-02 05:25:08,97e4:b51b:547e:32be:f594:c192:7b0d:fb7e,1
sdv-id-EEuudq,ACC_142,ENT_UK_015,291479.45141756395,USD,2026-03-28 19:49:48,4d34:6808:709e:514b:983f:cf88:8d17:4227,1
sdv-id-Vafwyn,ACC_211,ENT_UK_017,5373.1061554200305,USD,2026-01-11 22:06:17,7d7d:3aae:fb8d:f21e:5318:33c7:95dc:828a,1
sdv-id-PNURAY,ACC_211,ENT_UK_009,155656.7337131659,USD,2026-03-23 04:48:47,8f54:89ed:2bed:7341:60bc:7bc7:9e6d:3a19,1
sdv-id-JQcIig,ACC_176,ENT_UK_002,942.6868447015862,USD,2026-03-09 03:11:45,2ecd:13b:2fca:7a4e:2cf4:52e3:5c41:8be1,1
sdv-id-fvprxl,ACC_176,ENT_UK_012,1700.4687282607183,USD,2026-03-19 13:10:43,8945:f387:23c1:8f3d:e7b4:c77f:6aa1:350e,1
sdv-id-aSPjmL,ACC_142,ENT_UK_003,5334.780133880121,USD,2026-01-17 17:54:16,fd74:f690:43a2:895b:7389:5ec0:9c63:207,1
sdv-id-mVlAMx,ACC_211,ENT_UK_005,2040.6580673593387,USD,2026-03-26 22:49:55,7c69:f892:5ee8:a253:4556:356b:4008:5b10,1
sdv-id-wrsCOe,ACC_134,ENT_UK_019,107171.0459002024,USD,2026-01-30 20:29:48,1d3b:8c57:e70:3c5c:d123:bf5:ebe3:f5e,1
sdv-id-UylZHs,ACC_242,ENT_UK_001,21263.995907258424,USD,2026-03-31 17:03:04,e25d:588a:c0bc:db9b:3dd9:d861:3ecd:69b6,1
sdv-id-vlsEbY,ACC_176,ENT_UK_009,33891.388228951866,USD,2026-03-30 11:58:54,5005:1b8:897e:6d66:62f8:6441:ae30:88ac,1
sdv-id-fDmVAc,ACC_211,ENT_UK_010,12238.0487581145,USD,2026-01-29 06:03:40,4db:6f57:bcf4:971e:103e:cf76:f32f:6361,1
sdv-id-bFhTsV,ACC_253,ENT_UK_015,58483.91196252818,USD,2026-02-07 16:45:13,8536:1a3d:6731:1d29:b379:3689:34bd:98a0,1
sdv-id-xJlFfk,ACC_134,ENT_UK_018,1467.0499158526416,USD,2026-02-01 10:34:28,2905:fe77:b876:f938:bbcc:d05c:cd0d:a8d0,1
sdv-id-kexuNN,ACC_248,ENT_UK_010,120468.19850824194,USD,2026-01-12 16:11:47,7163:8664:67aa:1bcf:b61f:b6c0:595e:a29d,1
sdv-id-OEeOUM,ACC_176,ENT_UK_016,24214.77280742218,USD,2026-01-17 01:46:33,78e4:b4ce:3744:93d:1202:2a00:e725:d793,1
sdv-id-JcfqxU,ACC_256,ENT_UK_005,1145600.0798674754,USD,2026-03-20 12:33:01,5736:82c8:5f55:7d94:3030:269b:3b8f:b74b,2
sdv-id-OcPUaI,ACC_171,ENT_UK_001,106169.7467868884,USD,2026-02-21 17:16:02,3216:9b00:bb7c:d8ba:f705:3ead:158a:1d8,1
sdv-id-etTfVX,ACC_155,ENT_UK_002,76018.59655107226,USD,2026-03-23 03:09:01,1ce4:4314:5360:e80a:6b90:5bc6:8bb5:6c36,2
sdv-id-ZZbiVb,ACC_225,ENT_UK_012,89757.94065888888,USD,2026-03-04 18:25:48,7b04:2cbd:2d97:8ab6:d8a9:5315:48f9:9907,1
sdv-id-ZOeGqX,ACC_170,ENT_UK_008,1367279.0487513773,USD,2026-02-18 01:40:14,5d91:a130:a563:2191:2b67:47cd:b87b:9942,1
sdv-id-ivQkdW,ACC_176,ENT_UK_007,10164.65968919821,USD,2026-01-17 07:31:20,4107:b1d8:6783:4c67:98f2:af11:54e0:f2c,1
sdv-id-qEmmdF,ACC_134,ENT_UK_006,278088.8932686455,USD,2026-01-29 10:12:02,95:d119:747:e85e:8310:927d:9d0d:c218,2
sdv-id-cSnJHd,ACC_123,ENT_UK_003,10910.23929233578,USD,2026-01-30 08:13:04,7c50:945b:36f5:618d:6e15:79e2:6111:673c,1
sdv-id-rbFjVo,ACC_284,ENT_UK_018,257629.23063228873,USD,2026-01-11 22:49:37,f436:d8fd:48f4:f011:bc87:4238:fd1c:ee40,1
sdv-id-UlhNpC,ACC_211,ENT_UK_004,1366.8196797710916,USD,2026-01-17 04:09:56,6943:83cc:c5a0:8745:f6f4:bb9e:6a9:96c6,1
sdv-id-WXRXRp,ACC_171,ENT_UK_008,346425.17799579684,USD,2026-02-07 23:20:00,a419:2077:5194:ef31:ed13:c32:217c:1704,1
sdv-id-kQgqku,ACC_199,ENT_UK_016,69477.96356614585,USD,2026-01-24 02:44:22,601a:3dc5:df98:c7ab:28f4:bb54:3cd0:5ea8,1
sdv-id-bWhVxQ,ACC_264,ENT_UK_007,198392.86810998849,USD,2026-01-18 20:24:45,6313:2755:7879:c059:fd3d:8b64:45b7:60a7,1
sdv-id-dODobP,ACC_107,ENT_UK_015,1537517.5772952286,USD,2026-03-25 13:44:54,45cb:a1ab:284c:c4f6:8d87:acd1:643e:c82f,1
sdv-id-utsThU,ACC_186,ENT_UK_015,95469.71794095491,USD,2026-03-24 08:40:16,62a1:453b:c7ee:4f28:a409:633b:b688:834c,1
sdv-id-CbHMeR,ACC_176,ENT_UK_014,159479.3372505901,USD,2026-02-18 16:27:34,59f4:4639:2ed2:9fa5:c55f:4758:f2f6:8923,1
sdv-id-hRrkbL,ACC_142,ENT_UK_015,176290.42275199434,USD,2026-03-01 00:20:00,817f:c3cf:aed4:3b1b:72d:8c47:153d:683b,1
sdv-id-BfJfEP,ACC_176,ENT_UK_010,48939.60715672755,USD,2026-03-01 03:19:19,a02f:140e:d05b:2bc5:fb9c:49ee:e4d0:a584,1
sdv-id-LgOSNt,ACC_242,ENT_UK_002,509691.6840598558,USD,2026-01-10 12:48:11,bd7a:cd72:fa5c:bed:b99:22b4:ad9:1412,1
sdv-id-Khqpsx,ACC_129,ENT_UK_016,124999.65325767428,USD,2026-01-08 13:14:33,26ab:68d2:ddc5:19f:7282:7d40:d090:859d,1
sdv-id-atlgkA,ACC_107,ENT_UK_019,526815.0722891196,USD,2026-01-31 09:49:31,67c6:30de:e38:b1bf:f0ca:dc35:10f0:35ed,1
sdv-id-UMlEqx,ACC_156,ENT_UK_008,1029638.1407402873,USD,2026-03-23 03:51:03,555:5030:3fbc:aaac:4ff8:9a06:d3b3:1d53,2
sdv-id-KjQZqH,ACC_187,ENT_UK_018,3311.6358023994258,USD,2026-01-14 13:51:56,d29c:db7e:e4af:3061:5295:c568:b64e:ae25,1
sdv-id-hxjQhx,ACC_156,ENT_UK_002,719376.8837772196,USD,2026-03-01 07:51:39,c14b:d206:d5b8:ce67:c519:5075:51ff:5f9e,1
sdv-id-KVKlau,ACC_243,ENT_UK_009,50399.57021869307,USD,2026-01-29 10:48:48,40fa:79:2d19:14ac:6bbe:bf6f:f0fc:d6ac,1
sdv-id-lrzcsL,ACC_273,ENT_UK_018,80954.83993772886,USD,2026-01-24 21:13:00,c99c:33e5:4b52:5e97:feb7:566:efc6:b44c,1
sdv-id-SzKwql,ACC_171,ENT_UK_006,40693.393758052545,USD,2026-01-14 16:10:05,e8d:8c17:b8d5:3c6a:b209:182f:60d2:ca76,1
sdv-id-gRBTIW,ACC_146,ENT_UK_007,947.5231875370312,USD,2026-03-16 15:33:54,e46c:50f0:642c:32f6:9772:c1df:2259:f9f1,1
sdv-id-EczmzU,ACC_284,ENT_UK_001,95859.97065473133,USD,2026-03-30 12:25:55,4296:865a:b450:729c:7172:3446:c8d1:ffc1,1
sdv-id-psBmPM,ACC_176,ENT_UK_005,994.3987205162975,USD,2026-03-23 06:44:58,e0e2:7ed1:2aa2:c59e:ae8e:78c3:65a7:65b,1
sdv-id-tNxqUk,ACC_107,ENT_UK_014,25297.507459435543,USD,2026-01-11 02:54:05,4526:53d4:141c:5de1:eba5:955b:4bf0:24b1,1
sdv-id-jamIeK,ACC_248,ENT_UK_014,5269.914814357931,USD,2026-03-22 10:40:07,6dd9:10d9:10a5:2c12:cfb3:fdbc:4120:9ca4,1
sdv-id-gXzZGw,ACC_146,ENT_UK_001,149680.68510690975,USD,2026-03-01 21:02:07,d5d0:cf17:1863:6d4e:780d:9874:a15:619a,1
sdv-id-RAWlFe,ACC_171,ENT_UK_012,154094.06076606584,USD,2026-03-23 01:37:12,80ac:9b2:d98d:7369:f67a:e207:9bd2:a6fb,1
sdv-id-FqaLHM,ACC_234,ENT_UK_016,491906.86225288734,USD,2026-01-22 03:51:13,daa:20e5:1329:3564:2ea9:3c8b:5db4:7b9e,2
sdv-id-cLEFXr,ACC_107,ENT_UK_005,60789.95146931849,USD,2026-02-01 05:04:37,84de:302f:7c54:92e7:2312:db10:1d08:9009,2
sdv-id-oQLtFb,ACC_181,ENT_UK_013,1031.2762746394128,USD,2026-03-19 00:23:46,f7dd:489d:520e:cbc7:ba2a:dd29:16ac:d9db,1
sdv-id-rYQYEe,ACC_273,ENT_UK_019,21207.922929814056,USD,2026-03-11 01:04:00,2d7:f5d7:41be:5b68:dce2:9ff6:390b:c237,1
sdv-id-weYDNV,ACC_142,ENT_UK_005,577421.5856521896,USD,2026-03-15 20:28:17,514e:9b75:e0f4:4939:24e6:726a:9461:b309,2
sdv-id-fbdXHi,ACC_176,ENT_UK_008,7511.308408033266,USD,2026-01-25 01:06:52,3d89:93f1:72f4:c3d8:b639:b495:9d95:3aef,1
sdv-id-mzsLdP,ACC_128,ENT_UK_005,178045.16472560805,USD,2026-02-14 14:03:03,26ef:f99a:391:440c:5945:cf62:26ee:f7a3,1
sdv-id-OZLVsu,ACC_146,ENT_UK_017,806223.7311925525,USD,2026-01-26 21:09:49,b9e3:e3da:16c7:9d1a:1547:556:22e0:6e2c,1
sdv-id-oXycBS,ACC_253,ENT_UK_014,1281.79913820424,USD,2026-01-25 00:22:33,3770:e95f:fc54:6880:b999:8e5a:13a9:a67a,1
sdv-id-cJDlmK,ACC_221,ENT_UK_002,1162202.224001958,USD,2026-02-22 10:29:11,76c1:d22a:c57c:a59d:bbac:e99c:612f:26ce,1
sdv-id-WLYCWO,ACC_156,ENT_UK_007,28199.03927125567,USD,2026-03-18 22:18:34,e7dd:6021:8bb0:28e0:2126:ddbe:7216:b919,1
sdv-id-QjGyBw,ACC_273,ENT_UK_001,3175.44291447597,USD,2026-03-15 05:02:20,2685:4328:834e:1b69:6b24:4872:eb43:41fc,1
sdv-id-DGolMZ,ACC_107,ENT_UK_007,14778.218558443876,USD,2026-03-30 07:53:41,9fd8:b1d6:6ce:a727:cdd2:fa78:7e9a:923a,1
sdv-id-EnzjwN,ACC_171,ENT_UK_016,42127.83271380127,USD,2026-04-01 17:42:24,e679:26b9:d31e:242d:671b:4f47:70f5:53ae,1
sdv-id-spBVUD,ACC_284,ENT_UK_016,56428.24996083277,USD,2026-01-18 08:42:53,70c5:1108:3778:c441:eb08:c271:dd27:b5a7,1
sdv-id-BwoOkf,ACC_128,ENT_UK_001,267796.4215334214,USD,2026-01-16 02:40:35,48d1:83c6:7725:cf6b:dd81:cd06:d4f:a4de,1
sdv-id-bQOHZh,ACC_181,ENT_UK_017,198218.75582126476,USD,2026-02-27 05:26:47,feac:22f:8387:100:1eb8:d62c:6bd3:29aa,1
sdv-id-XOwTMw,ACC_142,ENT_UK_019,212737.0469705279,USD,2026-03-16 05:42:16,e679:f3b9:3b56:564a:fa3:516b:efe7:9640,1
sdv-id-ijpeNb,ACC_156,ENT_UK_016,14442.137874728973,USD,2026-03-31 16:52:11,cd17:a86d:b9ee:fcb6:33ec:1e9b:4edf:60b0,1
sdv-id-ZYNCmy,ACC_211,ENT_UK_012,53110.58336180053,USD,2026-02-09 00:42:10,4a27:fcb9:1740:db13:325:ec8e:1bcc:2bb1,1
sdv-id-HwIOrS,ACC_271,ENT_UK_001,999.458641692764,USD,2026-03-25 23:59:03,3688:5eaa:cd8c:807d:e09b:868a:9b88:b0d1,1
sdv-id-uNembC,ACC_186,ENT_UK_014,5825.459782446439,USD,2026-03-18 05:11:15,49cd:d05d:4039:311:368d:1929:6219:4d1b,1
sdv-id-RSXwhv,ACC_176,ENT_UK_009,26883.094120498397,USD,2026-03-29 02:28:19,c2c8:efb2:c53:5dd:530b:fb6f:e11:360a,1
sdv-id-HwQCSL,ACC_225,ENT_UK_002,66143.9751122729,USD,2026-03-28 20:33:31,d54a:ed2d:b06:5404:8427:bb00:6fa7:fd4f,1
sdv-id-BSVaTT,ACC_176,ENT_UK_019,135408.4339780239,USD,2026-01-31 08:57:08,24ea:856f:7373:13f:7de5:a0a8:38af:c4f5,2
sdv-id-ALoffC,ACC_293,ENT_UK_016,226239.73702733524,USD,2026-03-02 16:02:41,41fc:bac0:7928:f66b:851b:abe2:f201:aa4b,1
sdv-id-SOGoUB,ACC_247,ENT_UK_017,20647.249909409624,USD,2026-03-18 20:43:28,dd82:6066:c908:c406:ce7f:235e:3d42:ba1c,1
sdv-id-uCNmbn,ACC_273,ENT_UK_017,2401.4953915236943,USD,2026-01-14 21:47:25,a78f:843b:2e62:720:a73c:4349:6e89:2c21,1
sdv-id-kOeuDw,ACC_171,ENT_UK_018,23438.3852098827,USD,2026-02-02 11:08:17,8b5:e106:a730:f715:fe10:dfa5:3fef:b99b,1
sdv-id-PwKyct,ACC_176,ENT_UK_011,43362.56948716511,USD,2026-02-28 21:58:41,80dc:fa2d:bc63:cccf:46e9:6568:9f33:d7c6,1
sdv-id-kDFTxq,ACC_271,ENT_UK_001,162388.34215674413,USD,2026-01-09 10:09:42,ce44:fd0b:f826:3035:21d0:2887:ebc:2728,1
sdv-id-ALaEUN,ACC_199,ENT_UK_018,103459.94696415162,USD,2026-01-02 07:12:33,1d90:3ecb:76d2:bb46:546c:41c5:b653:ed66,1
sdv-id-miCWdm,ACC_171,ENT_UK_003,42362.44872043704,USD,2026-01-25 12:58:44,13e4:5146:f5ff:415d:1439:ebb5:3e8f:d65a,1
sdv-id-VXVLwJ,ACC_171,ENT_UK_015,1585261.557305664,USD,2026-01-19 08:12:31,db53:76e1:d5ce:3ed2:fc00:9b7a:ce:4396,1
sdv-id-qVThno,ACC_171,ENT_UK_005,263819.73888065154,USD,2026-03-03 03:32:31,cf95:ec50:9b8a:d37b:d6dc:9f4:d4fd:cc88,1
sdv-id-PZERjd,ACC_211,ENT_UK_017,63578.82418219313,USD,2026-01-12 11:42:26,8d0a:2751:9286:42ca:d71e:53fe:c645:6d3b,1
sdv-id-lRsYCH,ACC_107,ENT_UK_013,75652.93915645115,USD,2026-03-20 07:02:05,d3ca:f306:12f7:76a2:e660:c8e1:b290:9dfd,1
sdv-id-ffbxfc,ACC_134,ENT_UK_012,334010.7388134609,USD,2026-02-24 20:31:15,ec6e:aea1:8de4:c66e:917:bcea:5f0:da79,1
sdv-id-XnjWSW,ACC_181,ENT_UK_007,142298.505143991,USD,2026-02-24 09:31:56,3c1c:c079:654c:728d:6cc5:f655:6b3b:8cb8,1
sdv-id-IWPNnC,ACC_164,ENT_UK_009,470841.24130242737,USD,2026-03-18 13:05:11,5789:1253:6bee:44e0:2cb0:2ff6:96bb:2e9,1
sdv-id-TdnKSS,ACC_142,ENT_UK_004,908240.0352525046,USD,2026-02-16 17:40:10,d5c5:b7e9:eaa4:4017:ae13:5924:f4e6:1230,2
sdv-id-JTrQYD,ACC_262,ENT_UK_014,214378.15305074115,USD,2026-02-02 10:07:55,8fac:c15c:13ff:3ae6:ed39:78c0:4eac:67b2,1
sdv-id-XyGzCr,ACC_142,ENT_UK_008,25812.065310844715,USD,2026-02-07 22:38:54,f16b:b2a9:e210:3fd9:b625:f8e8:195d:fca,1
sdv-id-AFLZZU,ACC_186,ENT_UK_010,13724.499744558256,USD,2026-01-10 10:17:37,aa6b:1c69:8c7b:564d:788c:a9c4:2308:bcb9,1
sdv-id-ACVxUx,ACC_225,ENT_UK_017,97277.41260536836,USD,2026-01-06 02:13:56,4c50:882:457:d4ac:c81:dd65:93f6:cb96,1
sdv-id-trOmQH,ACC_273,ENT_UK_016,8991.359421269175,USD,2026-03-18 23:41:12,3fbf:4f9e:33b2:c2f6:bedf:acc2:9f2f:b3a2,1
sdv-id-vJmGeR,ACC_271,ENT_UK_017,54816.986254207884,USD,2026-01-17 12:35:28,7852:d15b:a003:b0c7:d0c:173:a37d:1abc,1
sdv-id-purTcC,ACC_142,ENT_UK_004,277069.7880424799,USD,2026-01-23 16:22:36,f599:526d:432a:7b42:1884:9cec:b00f:a16,2
sdv-id-OKKfIp,ACC_171,ENT_UK_015,116253.94269199512,USD,2026-03-12 23:26:34,cef1:9bcc:7107:cbc2:89f2:70e9:ef64:c18,1
sdv-id-YSZGFi,ACC_271,ENT_UK_017,50450.17983803219,USD,2026-03-09 18:25:51,d5f:46f2:88df:5b49:442d:9ab7:f7a9:a3ad,1
sdv-id-nYsVGt,ACC_176,ENT_UK_004,3132.2376980273975,USD,2026-03-19 18:06:40,5243:d1e4:7503:a874:9755:6e8:8615:7e8,1
sdv-id-fHsBla,ACC_273,ENT_UK_001,19894.218107396,USD,2026-03-27 17:33:19,3ffd:3869:82db:4cb1:e944:4eb1:5215:ae86,1
sdv-id-hpjuTH,ACC_176,ENT_UK_008,47838.835447695965,USD,2026-01-12 03:49:15,f90b:6686:aadd:1e9f:2cce:fc02:d7c6:34ff,1
sdv-id-mGgxSZ,ACC_156,ENT_UK_001,1086644.0737906287,USD,2026-02-26 13:54:22,ae1a:874e:296e:d5a0:bf80:e98f:6570:b32,2
sdv-id-rtpkDq,ACC_162,ENT_UK_002,9939.325675122527,USD,2026-01-12 23:25:56,d636:4732:f646:2439:af9d:fda4:3f88:4ae,1
sdv-id-UpcpMW,ACC_142,ENT_UK_002,8014.532780490947,USD,2026-03-31 13:36:02,904f:5bc4:8c28:1c59:a15f:5304:cfea:9777,1
sdv-id-nxVVFI,ACC_187,ENT_UK_003,34324.23936113698,USD,2026-03-31 00:57:59,7926:39ed:839c:da79:d967:37c8:5ce1:fc11,1
sdv-id-jZuZDB,ACC_176,ENT_UK_013,612372.2433484237,USD,2026-03-22 01:23:34,834b:b75:7a31:4279:3782:dcec:d343:9a6e,1
sdv-id-ecNEkQ,ACC_107,ENT_UK_002,5144.414225853368,USD,2026-02-06 01:05:37,9631:ef81:ec4d:b92a:6824:1c2e:4f3d:956,1
sdv-id-uPmdRs,ACC_293,ENT_UK_009,402370.74841611594,USD,2026-02-28 19:59:46,b5c7:5fb3:d31d:af34:e82:4bed:b9f3:8af1,1
sdv-id-eXokGn,ACC_242,ENT_UK_001,107406.97186299835,USD,2026-01-28 18:53:49,40d4:1f9f:fb8d:4c7:3695:df88:825d:7c95,1
sdv-id-Hiwejm,ACC_273,ENT_UK_017,97609.08343231882,USD,2026-01-08 15:13:05,a01c:5b2b:771e:9350:39b7:3500:e08a:2e06,1
sdv-id-mnYvUb,ACC_171,ENT_UK_016,114515.46800248284,USD,2026-03-31 04:06:36,c7b8:cf91:b97b:3d40:76d9:7451:4f32:895,1
sdv-id-dyDMiK,ACC_273,ENT_UK_004,223548.80455973948,USD,2026-02-13 17:11:18,c070:8499:3498:90c0:4b55:dc82:4108:4a93,1
sdv-id-ZHmlCA,ACC_176,ENT_UK_014,603815.6184516693,USD,2026-01-04 09:33:59,2147:cbb0:6383:1ddd:2fd8:7542:92df:964d,1
sdv-id-uMksGT,ACC_155,ENT_UK_015,18435.142172008836,USD,2026-02-11 22:38:35,44c1:e630:6f00:23f9:9bad:59ab:643:1356,1
sdv-id-TuXSXo,ACC_107,ENT_UK_002,215452.16995544895,USD,2026-03-29 21:28:49,6faa:c5fe:66bf:8547:2e54:f5a8:95f0:cfb7,1
sdv-id-VlVrDA,ACC_284,ENT_UK_006,34637.65007118109,USD,2026-03-29 15:53:16,8184:fca1:eccb:d06:b0cf:83d7:efb4:5102,1
sdv-id-DTTEVj,ACC_211,ENT_UK_003,180380.49722644463,USD,2026-01-04 05:58:33,ad73:a197:1509:360a:d784:3e1b:b575:4388,1
sdv-id-ChmbNW,ACC_253,ENT_UK_001,271623.47695973294,USD,2026-01-20 15:33:28,b7f0:625a:962b:4bc6:c75:aa83:2bf8:c807,1
sdv-id-zLLSIW,ACC_271,ENT_UK_005,70408.14721934903,USD,2026-01-29 09:33:44,41db:f0b6:436e:7d3c:f266:a12d:2e41:a8c1,1
sdv-id-RiiFUE,ACC_211,ENT_UK_019,226706.18941488155,USD,2026-01-15 19:29:04,73de:fcf5:8421:73c5:81e:b516:5733:acee,1
sdv-id-PTZQpG,ACC_186,ENT_UK_013,222769.44266152833,USD,2026-03-09 17:59:10,4f5a:4fce:19fc:ed59:f758:ef4c:685a:63ed,1
sdv-id-gxibGi,ACC_211,ENT_UK_016,124492.56978181053,USD,2026-01-12 06:25:16,d090:5bab:adee:f0c0:7396:aa57:4b0b:b864,2
sdv-id-EgmGpv,ACC_284,ENT_UK_003,668530.513973599,USD,2026-03-12 07:19:35,e54e:97ec:3fea:7fd0:742e:e697:6563:d14e,1
sdv-id-LPvOrB,ACC_107,ENT_UK_013,128269.20612265493,USD,2026-02-12 11:44:20,571b:bf6a:96b6:c12e:8e4:c835:a08a:bdb2,1
sdv-id-omCkHb,ACC_107,ENT_UK_005,6151.133912143543,USD,2026-01-15 07:07:06,5bf8:6da3:c438:1824:bccf:7089:2747:1f57,1
sdv-id-gQtsah,ACC_164,ENT_UK_004,1870289.2832785028,USD,2026-01-02 12:55:08,a4da:f85d:688c:fd89:c0ec:83e5:bd3a:e51e,1
sdv-id-IMxHQN,ACC_107,ENT_UK_006,151585.57947681067,USD,2026-03-10 11:52:36,7bf9:49ae:ad9e:f44:d0e9:18f5:a29b:b49e,1
sdv-id-tSbaiL,ACC_171,ENT_UK_011,582845.7082530422,USD,2026-01-12 06:20:59,deea:3639:b928:3f43:e626:8037:aa08:f741,1
sdv-id-VUKZEy,ACC_123,ENT_UK_010,85124.47422855462,USD,2026-03-28 05:55:29,511c:fbfa:e4e8:12d7:3772:5ba0:6b05:4e84,1
sdv-id-liQwyo,ACC_243,ENT_UK_018,128253.38561395656,USD,2026-01-13 19:16:10,4b70:e7a5:fcbf:5d0e:a3e1:bfbb:2619:8a03,2
sdv-id-esqEAw,ACC_271,ENT_UK_008,16602.474356487466,USD,2026-02-22 01:06:00,36d:761f:f81f:76d7:9329:19d7:a5f3:35d4,1
sdv-id-tYumjp,ACC_248,ENT_UK_009,3650.337598278866,USD,2026-02-03 13:45:04,e26d:4e11:26b3:7246:b0f7:a8f0:8b9a:7a86,1
sdv-id-sVVbWr,ACC_107,ENT_UK_008,115145.94597593018,USD,2026-03-05 22:51:49,a068:9d63:99cc:49f0:fae5:f5f7:d226:be68,1
sdv-id-eFrROZ,ACC_176,ENT_UK_015,405942.8549030606,USD,2026-02-16 07:44:18,e8c:3118:f0f:73a0:8ce2:51b1:4b3:f52f,1
sdv-id-mRoJcK,ACC_176,ENT_UK_014,3200.966502287425,USD,2026-02-11 16:49:40,c936:86b3:45b:417f:5bcb:633f:506c:3e27,1
sdv-id-hwkcbw,ACC_107,ENT_UK_006,46343.59540732531,USD,2026-03-27 05:28:18,6e1d:7cbf:def1:f6a:4090:b0d0:6d48:bae0,1
sdv-id-PBBHDV,ACC_273,ENT_UK_019,884325.3151011607,USD,2026-01-30 02:45:25,d197:9359:4bda:8874:cae7:2b6e:3b81:1530,1
sdv-id-KKYsSb,ACC_142,ENT_UK_008,943.8249990292228,USD,2026-03-19 23:01:44,57a3:13e7:4a6c:ed0b:c36d:785:64c7:3484,1
sdv-id-LejDXW,ACC_142,ENT_UK_003,296715.4813390469,USD,2026-03-28 20:12:02,b711:6fe1:6e7d:bcd6:7ed0:b787:d8b0:96e8,1
sdv-id-dapxZn,ACC_196,ENT_UK_014,5990.800097566461,USD,2026-01-05 01:37:17,fc05:a4a:e2dd:4f54:21a:1370:8253:4239,1
sdv-id-EkuDpP,ACC_273,ENT_UK_017,3066.11933809372,USD,2026-03-05 00:51:50,f138:5367:ce50:33ec:287b:9af5:40df:fe10,1
sdv-id-WljbAj,ACC_284,ENT_UK_009,2915.8529797080437,USD,2026-01-13 05:52:37,4e3:f96f:2f1a:af70:e548:16f3:45c0:39c2,1
sdv-id-xcplbm,ACC_279,ENT_UK_010,933500.1571776592,USD,2026-02-15 22:52:56,c4fb:3483:aa80:9331:7118:9317:dcae:60cf,2
sdv-id-iSVJVJ,ACC_273,ENT_UK_009,581006.7017342073,USD,2026-01-17 10:56:15,aa99:5bcf:3c3e:c806:8717:f109:ad08:86fd,2
sdv-id-zcGnmg,ACC_171,ENT_UK_014,407863.4761199105,USD,2026-02-04 04:19:23,3b7d:f3df:112c:88d1:66b:18e9:5019:1177,2
sdv-id-eaedZo,ACC_155,ENT_UK_018,3402.022447646683,USD,2026-03-11 20:05:06,1356:820d:46a:2c66:e3e9:6920:ce7:328,1
sdv-id-Udpazp,ACC_142,ENT_UK_012,67977.69616682017,USD,2026-02-06 10:07:03,e912:21f4:abc4:bf65:3a41:d807:689a:3fc5,1
sdv-id-XYMsik,ACC_271,ENT_UK_001,550938.1743000641,USD,2026-01-04 03:29:45,4f26:b1fe:fffe:c3e9:b6eb:a0b8:51b6:381d,1
sdv-id-MHNpsq,ACC_225,ENT_UK_016,961.4614595491336,USD,2026-03-03 19:51:56,4c28:b1be:35b5:77c8:ac3b:b364:78fe:b256,1
sdv-id-JGWoBX,ACC_198,ENT_UK_006,109553.27335267996,USD,2026-02-23 19:23:52,b9ea:e524:35e5:1232:b1b9:a9df:7d41:5de4,1
sdv-id-awLseA,ACC_284,ENT_UK_018,32868.12181009758,USD,2026-03-10 01:57:28,d55c:df5e:e502:75f6:3ee4:21a4:b7e5:9ece,1
sdv-id-AdnwHe,ACC_234,ENT_UK_007,1227447.6007297032,USD,2026-03-16 14:43:57,8d2c:7671:1cf5:f9f4:29fe:81c9:90d9:5277,2
sdv-id-CQsfnR,ACC_186,ENT_UK_007,12889.657893219695,USD,2026-03-19 20:07:36,d42:eace:bb97:2bcc:657d:8974:8106:28ec,1
sdv-id-xQzzvN,ACC_134,ENT_UK_001,1214.6752712623943,USD,2026-03-01 03:02:02,7ac5:9f89:5062:ea77:847a:3f85:f38d:2b1a,1
sdv-id-OYObiq,ACC_196,ENT_UK_011,4899.891312340499,USD,2026-02-12 19:17:33,9aaa:ec22:413a:d2a8:146a:25f8:df3a:3e21,1
sdv-id-tWjMLk,ACC_211,ENT_UK_012,6209.101168760136,USD,2026-03-26 22:47:08,4eb6:87bf:91d5:2e51:987b:cd28:c75c:612b,1
sdv-id-kSrhWG,ACC_176,ENT_UK_016,12206.29515226317,USD,2026-02-02 15:20:13,1e02:a9f4:514:7070:2433:8e9c:b4fb:4cb1,1
sdv-id-WOoQQJ,ACC_134,ENT_UK_006,35378.76025441723,USD,2026-01-28 17:52:31,7c9d:9279:fa2d:edd9:299:d1c8:28be:4d18,1
sdv-id-nanXTX,ACC_242,ENT_UK_003,6078.538417149963,USD,2026-01-16 08:20:33,5c5d:104c:2d34:e679:db17:a470:a6da:f1a6,1
sdv-id-YjdBcw,ACC_142,ENT_UK_010,39416.31880588921,USD,2026-01-08 13:38:41,c20c:35f5:ff92:4cd7:3b7b:12a7:a533:ba2d,1
sdv-id-Uhtecs,ACC_164,ENT_UK_019,231381.17221950865,USD,2026-03-29 11:55:57,52cc:d09c:537:40e6:9292:bb0d:3ba1:c845,2
sdv-id-OJjczl,ACC_247,ENT_UK_002,5035.557547387957,USD,2026-01-19 08:26:19,8cae:5bad:2641:e963:7a48:2460:3814:743a,1
sdv-id-LzrMsk,ACC_107,ENT_UK_013,241438.66206697747,USD,2026-01-01 12:51:15,59be:9057:da79:1869:dcc2:6a7c:4d90:59de,1
sdv-id-jXgGtv,ACC_142,ENT_UK_014,998.7739605249636,USD,2026-02-22 02:21:34,ee55:2f51:767b:1625:7389:827d:fc10:c4a9,1
sdv-id-NAATCe,ACC_181,ENT_UK_002,153505.7347158331,USD,2026-01-15 03:24:26,b017:c973:b3cb:d3d4:203d:6a18:8d43:bbe,1
sdv-id-kPEmbX,ACC_107,ENT_UK_007,6956.228447586006,USD,2026-01-18 22:03:08,c116:f1a7:c8bb:c7d4:2037:8b6:7ccf:22ca,1
sdv-id-uvYGVO,ACC_198,ENT_UK_007,172585.004678584,USD,2026-01-06 00:46:44,471c:1f35:bb73:8ae4:15bf:999c:b27d:ebaa,1
sdv-id-SeHbOt,ACC_196,ENT_UK_003,8155.374700261847,USD,2026-01-12 04:14:08,a3de:2744:94ff:6b85:14e5:b547:ffbf:f5d0,1
sdv-id-vPjuGO,ACC_134,ENT_UK_015,197688.63383226935,USD,2026-02-02 09:35:39,f283:8a5c:76ec:4f22:3ca5:c078:2542:4e6,1
sdv-id-dgsRJw,ACC_104,ENT_UK_003,30072.461444137065,USD,2026-01-17 12:28:10,96a6:9131:2fcd:2bba:b239:d2a:8199:68c0,1
sdv-id-CicaHJ,ACC_134,ENT_UK_009,22327.267937449345,USD,2026-03-03 11:59:11,16e3:dad6:127e:6424:6316:3302:18f2:63f0,1
sdv-id-XIkJBq,ACC_171,ENT_UK_012,7789.904690978244,USD,2026-02-05 20:41:03,bd47:8afe:10fa:a9e7:d0a3:a314:fdad:21d1,1
sdv-id-xjvNpf,ACC_171,ENT_UK_001,18015.70766493187,USD,2026-03-31 02:38:23,fe47:9e98:f6fc:dd14:bb3c:da35:c0:c91e,1
sdv-id-DHmMkA,ACC_176,ENT_UK_002,1217.3326704695678,USD,2026-03-02 18:30:45,9361:d956:4361:a278:8de6:5fcc:936b:7abd,1
sdv-id-GyTPbj,ACC_171,ENT_UK_014,1277894.935435201,USD,2026-03-01 22:31:17,1cdb:8b3b:96e8:c967:2d20:8e62:8797:8f88,1
sdv-id-IQnjkm,ACC_299,ENT_UK_006,23673.187111727708,USD,2026-01-19 23:08:03,60d4:27f9:a67f:b750:626e:db15:6b9c:c10f,1
sdv-id-EkqtkJ,ACC_293,ENT_UK_017,178636.67207746417,USD,2026-03-22 11:09:29,b303:e52b:3414:2ce5:dfdd:9b3a:94da:ec39,1
sdv-id-nzqQRO,ACC_142,ENT_UK_014,340141.5307424846,USD,2026-01-01 12:34:31,6cb6:9994:6077:40db:478c:1f19:5b30:4fc1,2
sdv-id-sdUIlp,ACC_264,ENT_UK_015,124823.88379568716,USD,2026-02-11 09:23:20,de8:b804:5291:94e9:4bf7:f243:e9d:4d66,1
sdv-id-xDkoMG,ACC_100,ENT_UK_007,15684.926339740528,USD,2026-01-03 09:37:50,1865:d871:b5f0:facb:c49e:ba88:6509:8d6e,1
sdv-id-FUbxrS,ACC_293,ENT_UK_018,954.233992672519,USD,2026-03-31 04:42:01,7267:2225:525f:5b02:5950:4855:5da8:7357,1
sdv-id-sIJkwC,ACC_242,ENT_UK_014,405568.5731973806,USD,2026-01-19 09:05:09,1cfb:a2e3:3267:75d:1633:5971:7ffb:b9b7,1
sdv-id-oDefZv,ACC_248,ENT_UK_018,587609.6973508416,USD,2026-03-10 19:04:29,99f4:69cc:659e:8479:85e1:7bfc:52eb:76e0,1
sdv-id-SiCiGj,ACC_248,ENT_UK_012,827459.9588962782,USD,2026-01-17 12:22:39,ae7:d9ab:a82a:d5ae:89a8:2347:57b2:c654,1
sdv-id-RBYMvi,ACC_160,ENT_UK_011,476684.4286017323,USD,2026-03-19 03:21:14,30df:e04:9273:4dc4:80bd:cc56:fe2e:4ea,2
sdv-id-ICSLRO,ACC_107,ENT_UK_010,73939.80977801303,USD,2026-03-13 23:37:11,5765:ee4a:74bf:9876:2f7:416a:594:ec14,1
sdv-id-qBZMrZ,ACC_107,ENT_UK_008,1244081.4048057944,USD,2026-01-12 00:21:54,6186:db31:d4a4:25aa:595c:8e4e:1ab8:a767,1
sdv-id-UZBzxp,ACC_107,ENT_UK_008,273463.891630863,USD,2026-02-11 23:06:28,de6e:948a:1746:6b0c:128a:1680:d367:2d90,1
sdv-id-aNKZJH,ACC_225,ENT_UK_003,118017.09804479642,USD,2026-01-24 05:46:23,637f:edec:5c19:91ab:8bf3:4b79:93e:8480,1
sdv-id-aJRcOy,ACC_271,ENT_UK_009,100834.29648712666,USD,2026-03-12 10:16:13,d17d:aeb8:937e:e298:eff6:7a66:c0cb:38f5,1
sdv-id-wlHeGj,ACC_271,ENT_UK_017,921395.3279548706,USD,2026-01-29 06:18:19,1af9:c290:41:1cb:c9bb:96fc:a9d6:4bc6,1
sdv-id-Tgdzvg,ACC_142,ENT_UK_008,6419.009638862021,USD,2026-03-23 19:17:43,e0f1:5007:3e19:53e:1776:acb0:4a17:8aa5,1
sdv-id-UhhYFl,ACC_176,ENT_UK_015,83441.47584195036,USD,2026-02-17 14:19:11,3e1b:8a1c:260:fbe2:bbc3:89aa:df75:edd9,1
sdv-id-DLLxWP,ACC_107,ENT_UK_005,916.1147380396252,USD,2026-01-24 21:43:55,9c68:e723:89df:ca2:ad3e:f6fd:524:d4ff,1
sdv-id-RiRcwc,ACC_107,ENT_UK_014,206621.0941449344,USD,2026-03-29 02:26:50,ff37:6651:c987:c760:ed1f:402a:4891:7362,1
sdv-id-UiyMPu,ACC_176,ENT_UK_008,507584.6816077141,USD,2026-01-31 01:34:30,602c:f9ab:e8d4:da0e:35d2:500f:4dd1:500f,1
sdv-id-khxqjo,ACC_155,ENT_UK_016,1360959.1950489976,USD,2026-01-12 16:53:10,ed89:5602:3a35:9147:a13:2bbf:ea56:d6c,2
sdv-id-xEZxVU,ACC_211,ENT_UK_019,8990.953035836295,USD,2026-01-01 13:16:28,6599:de7:d8ad:decf:3442:ee18:8242:2e31,1
sdv-id-WKSWhW,ACC_146,ENT_UK_008,37517.28972898494,USD,2026-03-16 08:08:13,9c2b:ae87:fc83:27dc:1481:87:a52f:8c1f,2
sdv-id-JVrMfp,ACC_100,ENT_UK_016,1061753.0398122016,USD,2026-02-03 14:58:29,988f:ba11:78b5:d74a:906b:c4e5:ff02:92f9,1
sdv-id-sVwAtW,ACC_142,ENT_UK_006,930.4684658427628,USD,2026-03-22 08:13:15,76c1:5b25:1a5b:a553:c2e3:122:8eec:b093,1
sdv-id-IYRrmJ,ACC_299,ENT_UK_017,1173.177767943559,USD,2026-01-15 04:37:45,28bd:5da0:9202:7c3b:b077:9701:2559:d1b9,1
sdv-id-QiEWzp,ACC_181,ENT_UK_019,28961.480856353923,USD,2026-03-14 04:12:36,32a:7ea1:8d2c:61c8:ef72:497f:7e95:c983,1
sdv-id-MbyNoe,ACC_211,ENT_UK_006,88564.84919791095,USD,2026-03-05 03:33:10,c468:120:39ba:33e7:2d9e:4f9b:bdbb:9ab7,1
sdv-id-XxTkQO,ACC_273,ENT_UK_014,121392.66163585792,USD,2026-02-06 13:17:53,5e1e:d244:56d1:c7ec:afaf:2710:3b87:3998,1
sdv-id-uECCYW,ACC_271,ENT_UK_001,827912.6813057004,USD,2026-03-19 22:41:32,300f:ed98:d6ca:a805:bdf9:cb9c:6f90:9988,2
sdv-id-JFPGsT,ACC_256,ENT_UK_018,144216.81742430455,USD,2026-01-22 19:09:21,d836:8a8a:4a08:f018:b973:ceb6:a265:a83c,1
sdv-id-tsMfKy,ACC_273,ENT_UK_003,12084.196464296512,USD,2026-03-08 17:58:22,e050:e7f:295f:41c4:cfca:67ea:5968:a561,1
sdv-id-KSvOsx,ACC_155,ENT_UK_005,1224975.5960923734,USD,2026-02-20 22:23:15,db69:f3d3:4de3:47ca:b9ce:4ce2:5936:f505,1
sdv-id-iBsZWi,ACC_273,ENT_UK_010,178244.32176949843,USD,2026-01-06 17:10:43,fa19:d4d4:42f0:5305:d31d:88c4:f240:bb63,1
sdv-id-mYciVp,ACC_181,ENT_UK_011,59792.58100435426,USD,2026-03-01 08:41:43,98ad:cd9e:96c2:8476:6a71:bb0f:2557:2c98,1
sdv-id-XZuakr,ACC_142,ENT_UK_015,166548.40245331932,USD,2026-02-20 08:33:56,f562:b753:1f27:cde0:4fd2:13ab:eebc:505d,1
sdv-id-BjbGGt,ACC_248,ENT_UK_009,35452.792071942065,USD,2026-03-06 00:00:57,fcfa:e83a:c302:f4f6:4497:cc02:e3ce:e15d,1
sdv-id-iyFUMj,ACC_186,ENT_UK_003,940.9426476254732,USD,2026-03-21 01:58:15,38e4:b1d:1ced:7b9c:e9c4:3c63:f36d:246d,1
sdv-id-bnIXjz,ACC_176,ENT_UK_003,11967.232561095972,USD,2026-02-19 06:55:28,6940:1598:c2c0:c9ab:e5d1:481f:f257:79c2,1
sdv-id-fjRskl,ACC_264,ENT_UK_003,111835.15887606308,USD,2026-02-23 23:54:20,7ce7:cdc2:e56e:5eda:2fa6:df49:b4ad:778b,1
sdv-id-kXcjqa,ACC_262,ENT_UK_007,1554.655000541048,USD,2026-01-30 14:56:55,9797:b030:8c3c:aa0:5d05:ed1b:3bf3:741b,1
sdv-id-nRWhnI,ACC_273,ENT_UK_007,52935.2746992412,USD,2026-03-09 19:00:51,fd6a:2aae:3fa8:b701:b124:5314:f89:d796,1
sdv-id-AmeNLb,ACC_271,ENT_UK_014,415914.2950106379,USD,2026-02-26 09:53:44,8817:f8d3:9135:1ac3:ff19:6009:408a:1cce,1
sdv-id-jOmJOI,ACC_155,ENT_UK_017,84204.27108165524,USD,2026-03-13 16:28:10,d315:79da:4d9c:e62e:575c:a96c:c49:2732,1
sdv-id-XlCWKL,ACC_176,ENT_UK_002,31596.01374038074,USD,2026-01-15 13:01:46,afaf:8a7e:bd10:957f:2ba0:e916:8e58:8e6d,1
sdv-id-VdaAwZ,ACC_184,ENT_UK_002,557923.5870838972,USD,2026-01-30 21:32:21,83b8:6c8a:d071:40c3:5559:2969:110b:d477,2
sdv-id-WeoQUv,ACC_225,ENT_UK_002,748885.9257392343,USD,2026-01-28 00:48:50,5391:107f:58ed:de05:f5d0:54e6:895b:fc90,2
sdv-id-VBJbPO,ACC_225,ENT_UK_009,291193.67850767705,USD,2026-03-06 05:56:26,f97f:3f66:4f1c:81db:b581:9f2:2524:d7db,1
sdv-id-BTzfrl,ACC_164,ENT_UK_004,157520.2898461157,USD,2026-01-25 14:48:30,15fd:d03f:f1cf:ab67:8b8:acd:af95:2923,1
sdv-id-lLLXQK,ACC_198,ENT_UK_008,66229.38526094733,USD,2026-01-30 09:16:00,b1ca:d649:4467:16fa:aeab:299:5bf2:7bf4,1
sdv-id-GCiCpV,ACC_155,ENT_UK_013,90538.03016948764,USD,2026-03-17 20:27:26,75bc:345:fdc:221d:1238:cde9:95b:f98a,1
sdv-id-eSnoYH,ACC_284,ENT_UK_008,3730.3360383948047,USD,2026-03-07 17:58:17,b2bc:d10b:45c7:c337:f335:b81e:3a28:7d5d,1
sdv-id-QpBuMw,ACC_123,ENT_UK_013,879455.0890218448,USD,2026-01-26 12:47:46,27b0:61a6:79ed:5c09:caf2:d8bc:210c:2f5e,2
sdv-id-eBCfSx,ACC_134,ENT_UK_018,1042.2971760818143,USD,2026-01-19 15:12:22,3595:a267:ef2f:ef62:d1ac:c80:545f:b794,1
sdv-id-APxfMl,ACC_142,ENT_UK_006,31056.35906881173,USD,2026-01-10 06:47:35,6b70:2393:7f82:5a7f:4f61:9da:3bb7:4148,1
sdv-id-vBeuST,ACC_162,ENT_UK_016,9591.25721403582,USD,2026-02-13 00:03:40,5982:c7a4:321e:a498:a77b:663a:a537:777e,1
sdv-id-nVoayV,ACC_248,ENT_UK_009,675075.3016943523,USD,2026-02-11 04:44:40,f765:d906:98d2:44f1:f23b:b70e:fc48:171b,1
sdv-id-LgbEun,ACC_176,ENT_UK_004,23707.7181364831,USD,2026-01-18 18:31:19,b9fb:477f:622d:46c5:9bbb:cef9:e19b:cfef,1
sdv-id-UzEKZr,ACC_261,ENT_UK_005,102292.7811844459,USD,2026-03-02 07:21:41,6ee7:761c:375b:9d2f:5951:cad7:ffd0:e3a,1
sdv-id-xvdmSw,ACC_107,ENT_UK_009,99801.2332366368,USD,2026-02-22 17:12:39,2831:61bf:9a46:83d5:b2bb:f832:d283:2ae4,1
sdv-id-VUOPpn,ACC_176,ENT_UK_010,206006.5550936753,USD,2026-01-07 02:53:36,54c9:181c:9873:b3ed:5069:38f2:a8c2:c0f3,1
sdv-id-vgKwRd,ACC_284,ENT_UK_006,65179.84833065488,USD,2026-03-07 02:59:06,5835:d8a5:b92f:966b:9cf7:bc33:769f:792c,1
sdv-id-gppCMy,ACC_243,ENT_UK_002,30726.434520025272,USD,2026-03-21 00:47:19,5cfc:ab99:48e3:6533:f8d5:903f:a7c2:f0ef,1
sdv-id-dEzwwf,ACC_134,ENT_UK_008,32197.072485745,USD,2026-01-06 13:33:32,50d7:2a3c:3211:f4dc:3c75:7b8b:d3a2:67ee,1
sdv-id-pfTGuz,ACC_271,ENT_UK_019,228266.21506618548,USD,2026-02-13 23:49:33,dbd:4129:2823:c77c:db7:7d50:8e35:35ad,1
sdv-id-dGpECc,ACC_264,ENT_UK_010,478860.38965451234,USD,2026-03-21 22:20:46,4ddf:a60b:720d:6106:6a20:86bc:21da:9fc8,1
sdv-id-DnYhot,ACC_142,ENT_UK_011,138853.66677974525,USD,2026-02-13 23:21:39,b4f8:9ac3:58d9:76ef:1c23:227f:7903:47c,1
sdv-id-HqYqCm,ACC_142,ENT_UK_001,513908.7959864884,USD,2026-01-04 19:39:11,6984:8735:5f10:b7a0:11f8:3a62:be1d:b526,1
sdv-id-tfaTiw,ACC_256,ENT_UK_009,2557.6328933650457,USD,2026-03-07 23:13:05,720c:1722:9f6d:9c7:bf33:8855:7185:db52,1
sdv-id-WVQhfr,ACC_187,ENT_UK_005,1445.5610118283844,USD,2026-01-17 02:05:54,ff11:f9a9:e632:41c:e596:2d42:d7d:2790,1
sdv-id-QmECEl,ACC_100,ENT_UK_017,2098.7114404822196,USD,2026-01-19 16:47:22,8113:cfef:2d48:ace6:d40:46a5:3f9f:5f4a,1
sdv-id-ecjPjW,ACC_176,ENT_UK_008,28344.787986137755,USD,2026-02-05 02:55:13,8057:717:6cf7:fef4:f253:5f7c:c5b5:a1bf,1
sdv-id-ZEqKwZ,ACC_273,ENT_UK_015,113013.2607019509,USD,2026-03-09 07:03:50,6523:85ae:6f02:64a0:dac7:bb7d:cac0:fc7e,1
sdv-id-LhGLcS,ACC_176,ENT_UK_018,66730.61163264235,USD,2026-02-14 15:18:31,b246:178f:a0b4:790:7d81:2cee:2dd1:fc3f,1
sdv-id-hXDhno,ACC_134,ENT_UK_016,63305.281907691045,USD,2026-01-13 20:38:44,1b02:1232:108d:ee98:3b2:7696:97cc:17bc,1
sdv-id-bmYvlo,ACC_176,ENT_UK_014,6944.310269499888,USD,2026-01-29 14:51:54,6e5e:c97c:8fa3:d174:d0a4:657a:2a4:babd,1
sdv-id-OBfGSr,ACC_190,ENT_UK_013,347076.53813544416,USD,2026-01-05 16:54:38,9f36:5535:a1ad:aff0:dd64:8bb4:9c08:a404,1
sdv-id-zOZsXp,ACC_211,ENT_UK_010,185880.55817638335,USD,2026-02-16 19:18:28,933f:a0fa:748b:fc98:ac73:4ab1:b97:ad2,1
sdv-id-JIUaVU,ACC_107,ENT_UK_002,174942.88504484826,USD,2026-02-15 10:33:11,254b:52b8:e354:4b34:6a17:119:53af:cff3,1
sdv-id-mormfA,ACC_176,ENT_UK_014,4298.832943177841,USD,2026-01-08 16:38:24,d278:6424:d51f:174d:bb42:fefe:12ed:be2c,1
sdv-id-BLEPbp,ACC_176,ENT_UK_013,1767.9114793779356,USD,2026-01-30 22:31:11,3651:1477:aa3a:c096:35a7:153e:9556:7525,1
sdv-id-phimej,ACC_271,ENT_UK_009,195861.9699145035,USD,2026-03-27 08:50:10,e0a:3214:2e39:fe9f:ca6d:717f:24a0:9f7c,1
sdv-id-LotJbL,ACC_293,ENT_UK_011,141983.07541864313,USD,2026-01-13 02:07:11,5b3e:1aa:5077:550b:65e3:33e:94c8:ae0e,1
sdv-id-rVZwMF,ACC_171,ENT_UK_018,90349.0805260966,USD,2026-03-29 21:42:01,3bfa:7a3f:48af:12e8:d61f:1a9a:b68f:6bfd,1
sdv-id-DFXGwe,ACC_142,ENT_UK_007,414965.4515554312,USD,2026-04-01 15:35:23,39b1:4cd6:6ec8:395e:132:ce0c:96d7:8f7f,1
sdv-id-dJypEy,ACC_155,ENT_UK_014,105772.38808593866,USD,2026-03-18 16:36:25,d5d6:6385:258a:d2f2:4e59:4a95:ee97:15f3,1
sdv-id-ffmOGi,ACC_273,ENT_UK_004,191662.8968542111,USD,2026-03-30 02:52:45,5783:c27b:a61c:8c2e:9b90:c024:ba22:17aa,1
sdv-id-UcqztI,ACC_142,ENT_UK_005,40937.68029758266,USD,2026-03-30 14:37:38,f1c3:a5bd:e2b:64a0:4d10:ce0b:8b47:7d68,1
sdv-id-yulppB,ACC_146,ENT_UK_008,18638.311758941,USD,2026-02-01 01:31:50,c8a9:3857:3417:5525:283e:d0e6:dcd4:f647,1
sdv-id-oknpvn,ACC_264,ENT_UK_010,1100844.9685241054,USD,2026-03-23 10:23:48,e59d:87d3:a139:192b:ddfb:73e7:a194:dc3c,1
sdv-id-SLhBVS,ACC_155,ENT_UK_007,2295010.0401106486,USD,2026-02-08 00:01:46,4522:167d:8045:a926:fa8c:9651:e2b:8f96,2
sdv-id-FjvLUO,ACC_293,ENT_UK_018,752483.0673041259,USD,2026-03-13 02:22:20,6d62:77a5:d637:8f3b:cc81:47e2:7182:fe9e,2
sdv-id-ioHgGa,ACC_176,ENT_UK_003,54784.320497788074,USD,2026-02-03 02:49:02,2319:469a:7a0c:b47d:45f9:1f64:6c22:bfc6,1
sdv-id-XObBoK,ACC_128,ENT_UK_016,602513.8444003962,USD,2026-03-04 19:56:46,ef6:d8e5:9e9f:c9e7:c292:735c:5c22:29a3,1
sdv-id-ngKlbr,ACC_176,ENT_UK_006,732407.033810466,USD,2026-03-23 10:44:35,bcb6:6317:c00a:63da:e9c1:ea9f:7341:cad9,2
sdv-id-ujJfpa,ACC_146,ENT_UK_001,159536.3519043115,USD,2026-01-29 02:02:21,8c67:1c12:b925:9f59:1987:33c2:587:e66,1
sdv-id-yGMhqf,ACC_273,ENT_UK_016,1517882.6050208197,USD,2026-01-14 21:56:03,5b61:7afa:660e:a0bb:9433:9461:55cd:d0d8,1
sdv-id-WpbVQp,ACC_142,ENT_UK_004,925.7555211675536,USD,2026-01-22 14:49:11,bd:fc59:4007:b736:a262:84f9:c0ff:3aed,1
sdv-id-haIzqt,ACC_107,ENT_UK_013,7891.019736487215,USD,2026-03-07 01:41:16,1c0b:87ba:d3e3:9619:d71c:f700:b0ed:127d,1
sdv-id-yuHQXu,ACC_293,ENT_UK_002,122884.55948554871,USD,2026-03-20 00:01:36,d3e8:209d:22d0:47dc:4b8d:3342:24f0:329,1
sdv-id-EvyHaJ,ACC_156,ENT_UK_004,4244.970417755448,USD,2026-03-27 12:54:11,b8db:fa80:d0a4:1e0c:33e3:e33c:5b2c:c771,1
sdv-id-wbBuCd,ACC_155,ENT_UK_002,17554.448696169035,USD,2026-01-15 11:58:55,cc26:db5b:7e00:330c:25c5:8a63:b76a:d00d,1
sdv-id-hvqwDL,ACC_142,ENT_UK_006,6179.615203133198,USD,2026-03-28 13:25:34,3f56:22e0:a2b6:8c9b:5581:51f1:e760:a945,1
sdv-id-lsfAiF,ACC_247,ENT_UK_009,1219.0084741988696,USD,2026-03-01 19:22:00,cb1f:f685:55af:be2d:2490:8203:e7df:f0f5,1
sdv-id-PjakGK,ACC_160,ENT_UK_015,136738.3883800005,USD,2026-02-01 14:18:53,3604:ef40:8d5:4b24:126d:81eb:1543:242e,2
sdv-id-vORJCP,ACC_171,ENT_UK_012,3555.9263295604133,USD,2026-03-15 05:43:16,5c55:9196:2660:1498:c3a:b1fa:a119:25be,1
sdv-id-cHkdzJ,ACC_176,ENT_UK_017,370363.0550578502,USD,2026-01-19 23:07:34,9bcd:230f:242c:8c3c:c460:6554:9eb1:ab0d,1
sdv-id-UkGQlM,ACC_142,ENT_UK_007,70306.77996751014,USD,2026-03-07 17:16:56,3a63:fdbb:614:45c5:a98e:666:4d16:4199,1
sdv-id-jaNdIF,ACC_211,ENT_UK_009,118195.97640439504,USD,2026-02-10 20:05:08,8406:1fa4:cd2a:673c:11a1:9dc1:7df4:b5ff,1
sdv-id-RygjqN,ACC_171,ENT_UK_008,78250.33011324951,USD,2026-01-25 09:49:11,d9b0:dbac:ada2:de9d:8707:811a:1efe:45d0,1
sdv-id-wGpMNF,ACC_284,ENT_UK_009,173348.8052266621,USD,2026-03-03 21:07:54,1542:2521:e30d:e05a:3cb3:4735:e427:5e72,1
sdv-id-AiGYbU,ACC_171,ENT_UK_018,48994.238046370985,USD,2026-02-01 13:06:54,7d14:f0b1:7cab:acbf:afe8:237a:55ce:9b19,1
sdv-id-CSSYOg,ACC_171,ENT_UK_002,272656.32858625345,USD,2026-01-03 10:40:06,99e6:564b:caa9:f72d:dcd2:f21d:77ad:fd0e,2
sdv-id-QlYboZ,ACC_273,ENT_UK_010,42551.274437404485,USD,2026-02-04 14:33:09,6b8e:91f1:d429:1ccd:52f7:eac6:499c:1f86,1
sdv-id-Qcdsbj,ACC_176,ENT_UK_017,231044.26221847988,USD,2026-02-10 23:07:06,4617:8c15:2010:bd32:4951:d4cc:cbee:1933,1
sdv-id-gKQeGf,ACC_134,ENT_UK_001,94498.86537144837,USD,2026-02-18 19:23:59,19ab:4892:1ef9:8ce5:9c58:6235:ec99:e7d3,1
sdv-id-WyqAMY,ACC_221,ENT_UK_011,187998.70342056043,USD,2026-01-30 10:26:31,35d7:1c47:b645:c1c1:7b3d:b95a:9262:24c0,2
sdv-id-DpSqRo,ACC_160,ENT_UK_006,1604.53458710918,USD,2026-03-09 04:30:13,888c:bc03:80a:739:245c:9cf6:22ce:b91,2
sdv-id-jgLVHe,ACC_273,ENT_UK_011,187421.3279440229,USD,2026-02-27 23:37:27,9713:d502:3da3:23cf:6713:89d2:237c:939f,1
sdv-id-YuWuQa,ACC_107,ENT_UK_012,13355.348493589368,USD,2026-02-09 08:25:58,7da7:aaa8:93dc:cee9:dd84:73d5:12b0:c76b,1
sdv-id-hBBbeU,ACC_142,ENT_UK_019,197745.86363083357,USD,2026-03-30 00:47:18,ed6:ab1a:94f2:2d98:6cc4:4eeb:ae3f:1a21,1
sdv-id-ItpNRR,ACC_134,ENT_UK_004,63823.66691970847,USD,2026-03-20 21:41:06,2e9d:d01d:6c87:77f1:7964:20f4:b278:716,1
sdv-id-ALYsqu,ACC_234,ENT_UK_011,2369.496313685844,USD,2026-01-25 14:22:07,c3e5:371:7b45:91c9:18d7:9396:8783:74bb,1
sdv-id-tWegCB,ACC_176,ENT_UK_014,1036.8259794040705,USD,2026-02-17 22:26:28,a250:30b4:d6a:5669:44eb:2fa2:2d2a:2383,1
sdv-id-GyXoZf,ACC_211,ENT_UK_008,41214.37761119067,USD,2026-03-23 04:44:32,3cdf:1130:4b6a:92f6:dd9b:9880:c0dc:7230,1
sdv-id-FeefWv,ACC_176,ENT_UK_007,3668.5118877610257,USD,2026-02-24 03:03:50,ded1:1619:195d:2c73:d31b:9402:9a98:a288,1
sdv-id-peVHtN,ACC_264,ENT_UK_003,48523.18011672927,USD,2026-01-06 21:42:36,3f4d:4d9:db02:6a99:5e2:36b6:6dfa:e49d,1
sdv-id-uOuRCQ,ACC_186,ENT_UK_008,1233.1356435013977,USD,2026-02-04 17:13:10,e34d:5f68:abd9:98a2:7e34:688e:9505:269a,1
sdv-id-dnhyXG,ACC_187,ENT_UK_009,2366.324133060283,USD,2026-03-29 23:40:09,a10b:24fa:2fc5:927c:f9ce:ab52:c85d:d5b7,1
sdv-id-TacwxV,ACC_248,ENT_UK_019,400446.82794761733,USD,2026-03-21 19:56:49,fdec:427e:d4d9:8249:493e:1f18:5965:dcc0,2
sdv-id-Lkapwv,ACC_142,ENT_UK_006,52120.376723154586,USD,2026-03-22 03:46:10,9743:9f53:920e:aedf:8df3:27c6:a927:9e7,1
sdv-id-agqxLn,ACC_186,ENT_UK_006,12928.674126776554,USD,2026-03-17 22:53:33,4505:3d7f:9694:8713:a8c2:16b4:29eb:2229,1
sdv-id-iiHaFG,ACC_176,ENT_UK_018,12451.702579169323,USD,2026-01-02 20:29:25,4c64:6fa8:2427:dfe6:4092:435b:ae21:2e94,1
sdv-id-fQtlgV,ACC_199,ENT_UK_001,51808.06529562754,USD,2026-01-29 11:43:45,6ed6:304c:22f2:a55:e568:2c2c:5ad4:ca15,1
sdv-id-TYDYXT,ACC_171,ENT_UK_017,1971.478476390625,USD,2026-03-19 18:18:27,6cee:c76:6bb1:79bf:1bb7:596:8f84:4301,1
sdv-id-LrdWnh,ACC_176,ENT_UK_009,3463.1149129048235,USD,2026-02-27 10:14:32,4a4a:9b3b:c822:b44b:340c:e933:e123:d09e,1
sdv-id-tagstn,ACC_107,ENT_UK_013,47831.35955332832,USD,2026-03-23 10:26:08,a951:bf2a:d3aa:b169:38b6:cff0:e357:c1ce,1
sdv-id-pmgczP,ACC_142,ENT_UK_006,25229.94680013447,USD,2026-02-25 21:06:09,d77f:27e1:e76d:197c:dc2a:c2b1:a889:a529,1
sdv-id-LGZhmS,ACC_146,ENT_UK_004,387407.98942236096,USD,2026-02-09 18:27:33,74d6:fbae:d1d1:11ce:3182:64d:954a:b5a6,1
sdv-id-FldfmM,ACC_176,ENT_UK_014,242790.94950624063,USD,2026-01-28 18:33:08,f82a:6c3d:8596:ec74:5026:b3b1:f9b6:ad4d,1
sdv-id-VbkPIq,ACC_187,ENT_UK_010,4083.974868549161,USD,2026-01-02 20:29:08,8a53:db1:4570:44f:cc04:b0b2:e37a:3be0,1
sdv-id-TzcJxH,ACC_271,ENT_UK_012,3094.1756300046495,USD,2026-01-05 01:25:57,4e86:50d2:1b8d:522a:911f:df2d:d8d8:c3d1,1
sdv-id-kfAGBt,ACC_171,ENT_UK_016,846684.3262014847,USD,2026-03-05 03:30:44,db8f:2254:4f83:839c:2ce4:4f6b:bb0:5d42,1
sdv-id-DwtMIz,ACC_123,ENT_UK_001,504959.9236665141,USD,2026-03-06 17:13:35,3a35:a9a:ec76:59ea:a7d7:3805:69a4:9158,1
sdv-id-SJXIzK,ACC_107,ENT_UK_008,82089.04391386714,USD,2026-02-09 16:26:51,d9ad:a381:5c8d:c659:e30c:f681:63bc:fb38,1
sdv-id-vzQKCX,ACC_225,ENT_UK_010,33095.461183328596,USD,2026-03-18 00:34:48,4216:72f6:a91d:bb72:9882:e87e:4da1:147c,1
sdv-id-mUlIYz,ACC_253,ENT_UK_007,91084.87860095131,USD,2026-02-02 12:17:14,6433:7611:1be2:450e:55e9:f9e2:603c:d843,1
sdv-id-Wddmka,ACC_189,ENT_UK_003,413087.3879713766,USD,2026-02-24 08:30:23,e39:75a6:71b6:b40c:acdd:f55d:1a8c:7fb1,1
sdv-id-rUIYMj,ACC_142,ENT_UK_019,160409.2040541571,USD,2026-03-07 21:23:12,2174:5940:aeb6:b4ae:e3b9:4662:90d6:3d87,1
sdv-id-cfQDSI,ACC_211,ENT_UK_018,2122.6898933880857,USD,2026-02-24 17:45:48,cdad:a00b:84b7:8691:4035:714d:64d:7a8a,1
sdv-id-UGIfFi,ACC_211,ENT_UK_019,1110.3743523992594,USD,2026-02-21 23:11:38,142e:3cbc:f228:2913:ca9e:542e:bc9b:4643,1
sdv-id-LXwfui,ACC_181,ENT_UK_017,287311.19450285874,USD,2026-02-07 01:15:41,43c:5e60:56a4:5692:b896:1528:3cff:299c,2
sdv-id-JtWfwi,ACC_171,ENT_UK_013,94768.26121367131,USD,2026-02-27 23:44:59,3a89:df5:211d:e305:8344:f3e2:39c4:8976,1
sdv-id-cwYsiy,ACC_142,ENT_UK_006,1425182.9936170585,USD,2026-01-09 05:16:58,dc79:55d7:9c6d:e4e6:fc24:fb07:1b55:25fc,1
sdv-id-uNvcBp,ACC_171,ENT_UK_009,370745.2527073381,USD,2026-01-06 11:21:29,bfe7:4cd8:c0cc:8da6:f171:8367:8a30:9590,2
sdv-id-DdyakH,ACC_107,ENT_UK_013,478705.13139863533,USD,2026-03-08 17:31:54,89da:c2c6:1919:481b:1077:91c0:ebe5:d47b,1
sdv-id-QwVpOn,ACC_248,ENT_UK_015,358208.0916943469,USD,2026-02-28 05:54:25,42ec:8823:fac5:207a:284:8bb9:e15c:f816,1
sdv-id-iBuLEi,ACC_171,ENT_UK_007,521547.4646201986,USD,2026-03-11 06:56:06,4495:27f4:8979:21f5:5c85:ebe5:d265:bb5b,1
sdv-id-YgWMAb,ACC_211,ENT_UK_006,3660.903317120946,USD,2026-04-01 11:27:27,373:13f5:b483:8020:e778:30a0:8065:3aa,1
sdv-id-ADrsIX,ACC_142,ENT_UK_018,234923.62902363163,USD,2026-02-18 22:01:53,86ff:fd2c:dbe4:6a6d:ac2:3bbf:1964:8ef7,2
sdv-id-aYvvOf,ACC_107,ENT_UK_010,434080.3188978953,USD,2026-01-14 18:23:00,54a6:a942:cb0d:1a4d:111d:ea85:c65a:d0f2,2
sdv-id-CEzNOv,ACC_264,ENT_UK_014,49158.806358390655,USD,2026-01-23 04:12:36,1374:bcbb:8925:fc29:3bfb:81f9:3015:238c,1
sdv-id-sGHipf,ACC_273,ENT_UK_003,125734.26243690572,USD,2026-01-05 23:00:29,783f:8a71:4acc:bcb4:9533:a3b2:8a5e:2d8e,1
sdv-id-PwqjKB,ACC_211,ENT_UK_007,9281.012610903115,USD,2026-01-04 05:29:13,4faa:e4a8:3397:1eb9:5c26:2c66:2db4:6d8d,1
sdv-id-tRizDX,ACC_284,ENT_UK_009,155000.41156873325,USD,2026-03-23 13:15:28,4e97:9fb5:9255:73:9150:9cfb:49de:6665,1
sdv-id-xSDPEn,ACC_187,ENT_UK_011,370856.3606035976,USD,2026-03-14 03:38:26,6c40:292:6c8d:a18c:f382:8aff:74c:922e,1
sdv-id-HQTaYo,ACC_242,ENT_UK_016,107953.0766473468,USD,2026-03-20 02:54:47,2ae6:e21b:7f74:e532:69b1:e36b:df09:84dd,1
sdv-id-mXFUja,ACC_107,ENT_UK_018,182830.19936180703,USD,2026-03-15 10:28:42,f0bd:12e5:78db:a93f:97da:1794:474d:ae23,1
sdv-id-OdAzEY,ACC_100,ENT_UK_005,11273.659769342625,USD,2026-02-16 16:58:05,2935:838c:2424:900b:b503:7902:3ef6:c3d9,1
sdv-id-pnLpKK,ACC_184,ENT_UK_010,57968.86383207311,USD,2026-02-12 14:04:59,460e:208:b390:f521:3688:2777:d43a:3727,2
sdv-id-tvEwCl,ACC_142,ENT_UK_010,53531.22996886444,USD,2026-01-04 16:21:26,b5eb:e09f:fb0e:d078:d0f4:5f8a:aef6:a988,1
sdv-id-oZBMuI,ACC_225,ENT_UK_013,61768.14691960176,USD,2026-03-05 12:11:16,a5e7:630f:f986:7324:7f1a:e331:64dd:6ec0,1
sdv-id-faGVIE,ACC_273,ENT_UK_018,56485.78576698284,USD,2026-01-13 04:31:55,756:280e:4aae:e309:965b:59b5:cade:4d14,1
sdv-id-jNMaJG,ACC_221,ENT_UK_012,119880.239429338,USD,2026-03-13 04:29:19,8d01:df36:bf1e:bbe9:4342:3ddc:9154:59e6,1
sdv-id-TcavdC,ACC_176,ENT_UK_005,157266.8029329662,USD,2026-03-20 23:05:21,8625:dc24:a269:fc8b:bec0:756b:614:93cb,1
sdv-id-uJjqzR,ACC_146,ENT_UK_015,432426.05687099026,USD,2026-02-15 14:59:27,cecd:8a99:bf93:9849:58b0:7d6d:502e:f19d,1
sdv-id-tkOUWx,ACC_186,ENT_UK_004,51431.96762401136,USD,2026-03-09 10:40:02,e7c0:fea3:a925:682f:cf7b:8f57:fe1b:f6f1,1
sdv-id-HYPgoO,ACC_176,ENT_UK_009,814209.3583760438,USD,2026-04-01 12:54:36,fff:5726:6cdd:186:e1ff:30ce:217:411a,1
sdv-id-ebIlma,ACC_176,ENT_UK_018,29904.118468687477,USD,2026-04-01 10:45:03,728b:d89f:af43:8617:df78:62f2:ed42:5715,1
sdv-id-qKXwpf,ACC_294,ENT_UK_017,7627.839317891227,USD,2026-02-27 01:17:55,86d2:f068:303c:67cc:4ecc:79c4:d4e0:522e,2
sdv-id-Vajnrp,ACC_225,ENT_UK_014,299466.6239950496,USD,2026-02-07 04:31:33,5f19:7de0:a253:e575:482f:af:4286:dd0f,2
sdv-id-VQiNfA,ACC_171,ENT_UK_017,20380.118823158376,USD,2026-01-19 11:49:40,30c2:254d:ae33:9f2f:9899:2832:ebdb:edbb,1
sdv-id-MxRGof,ACC_186,ENT_UK_005,368153.0466386685,USD,2026-01-02 10:01:26,40a4:1796:fd6a:2f87:512e:5617:5a32:32dd,1
sdv-id-bYKwfw,ACC_171,ENT_UK_015,119202.7822371289,USD,2026-01-20 01:24:40,91e3:b7ce:de2d:7d11:a3d4:65b7:3f94:52a2,1
sdv-id-TyGwlQ,ACC_273,ENT_UK_001,1421.5213054407077,USD,2026-02-18 01:18:45,6684:9fe1:7628:2c28:99b5:bf13:1d03:519d,1
sdv-id-tIEusR,ACC_184,ENT_UK_002,1422.1641178029188,USD,2026-02-03 19:36:10,bacb:66e9:b268:9282:7622:abc4:d3f6:ea10,2
sdv-id-pFhYBw,ACC_176,ENT_UK_002,433356.45789082185,USD,2026-03-01 22:00:22,e86a:3890:c17a:c6bf:9417:f515:8719:6e32,1
sdv-id-HpDTUk,ACC_176,ENT_UK_016,24001.33273225434,USD,2026-02-27 18:33:29,e885:ad30:a79a:f1ed:3970:aa5c:e339:6a59,1
sdv-id-FMalCv,ACC_123,ENT_UK_005,99346.68737367952,USD,2026-01-21 16:53:10,a58:c229:bbf0:1dfb:e74f:a74e:20e9:e71,1
sdv-id-CAqabc,ACC_164,ENT_UK_019,244736.1730097251,USD,2026-03-22 22:45:56,ed65:e99c:8823:2609:913f:2f7f:36a4:83d1,1
sdv-id-qLHdQN,ACC_160,ENT_UK_012,1165.9869515595078,USD,2026-02-18 19:16:07,2002:ea5f:1872:7a36:c243:b82a:74b6:7d14,2
sdv-id-HaJWjZ,ACC_176,ENT_UK_015,14268.790414448458,USD,2026-02-24 16:37:45,987a:65f:723:900c:64ad:2859:b48d:94d3,1
sdv-id-OOJmab,ACC_273,ENT_UK_013,4107.629830122824,USD,2026-01-09 19:37:14,427f:e13a:1a69:5be2:69e6:931:de67:ed33,1
sdv-id-esDcMF,ACC_196,ENT_UK_011,19527.13748606592,USD,2026-01-02 12:29:16,861f:92fe:9a3:cf08:320a:9874:5514:5d3c,1
sdv-id-qTEUBD,ACC_142,ENT_UK_016,18481.11804938351,USD,2026-02-13 04:28:50,7c94:8e2a:2ca2:1beb:d85:d80d:b062:b0de,1
sdv-id-lRdgri,ACC_284,ENT_UK_009,7404.371506927206,USD,2026-02-28 11:39:33,9ff:9899:67a5:3007:3566:d36:8984:2efb,1
sdv-id-ffHVah,ACC_107,ENT_UK_009,243086.58982915527,USD,2026-01-30 19:22:52,e39c:d259:1540:475b:4e59:8aea:e6b8:2070,1
sdv-id-BCHFCA,ACC_256,ENT_UK_005,980288.9383893342,USD,2026-02-26 22:38:42,61c9:3416:c242:6623:8196:40c8:2905:fac8,1
sdv-id-yQVMqw,ACC_142,ENT_UK_007,1742.819235781956,USD,2026-01-07 09:24:14,a82:75a4:7390:8a1e:bc81:5f70:857a:b6bd,1
sdv-id-OTYCHt,ACC_176,ENT_UK_005,22330.15029442789,USD,2026-03-16 23:07:17,807c:c49f:55f0:6169:a6e3:8cdf:b358:105d,1
sdv-id-gASnmV,ACC_271,ENT_UK_012,6910.525615552552,USD,2026-01-11 08:17:28,ef32:d046:2bf1:2cff:1673:b04d:ab81:c255,1
sdv-id-tEaCAM,ACC_273,ENT_UK_005,442606.56472799927,USD,2026-01-13 14:17:49,3231:4f8:dc39:cda8:bba:ca1f:87eb:581a,2
sdv-id-owoYdJ,ACC_142,ENT_UK_016,171074.40874946234,USD,2026-03-12 18:34:23,3424:b78:1f13:8c70:99da:93e2:f52:8ed8,1
sdv-id-SsghJQ,ACC_107,ENT_UK_017,97211.44466714792,USD,2026-03-05 13:14:06,8952:f6a2:1bf0:a1:d07d:70e4:2f82:321e,1
sdv-id-GtKhVN,ACC_256,ENT_UK_013,23610.591725323626,USD,2026-01-30 11:32:24,3bfc:5153:8a2d:49ca:3c7f:d66c:a46b:24ed,1
sdv-id-JGclUi,ACC_107,ENT_UK_019,78748.93481926671,USD,2026-02-03 04:58:28,ea69:fae8:df64:ab19:e570:575d:1634:bf6,1
sdv-id-XEMxHI,ACC_247,ENT_UK_007,79699.00602045021,USD,2026-01-15 15:16:47,5f9d:9bf1:1762:4e84:7403:18c:6646:647b,2
sdv-id-JWOdsL,ACC_176,ENT_UK_017,179796.4300615184,USD,2026-03-28 00:58:17,a982:b254:86e4:f7a8:73c5:9155:f7fe:f262,1
sdv-id-WKnnUj,ACC_211,ENT_UK_013,15422.823089823954,USD,2026-04-01 06:56:17,d260:c213:3a5:c131:bd1:9cc4:6b8a:841,1
sdv-id-FMwqvo,ACC_211,ENT_UK_003,13311.170729927651,USD,2026-02-13 14:10:01,4cbc:413a:d28c:7e9f:cda4:5bd3:e754:b189,1
sdv-id-wUPYVT,ACC_211,ENT_UK_001,65430.711394558784,USD,2026-03-25 16:51:40,a9dc:2ca5:5a69:c2dc:7046:fea3:902f:694,1
sdv-id-OaChmU,ACC_293,ENT_UK_012,22930.82297959393,USD,2026-01-01 04:09:06,e7ab:a225:948a:903:6ab:25d1:b296:79f5,1
sdv-id-qcCQFU,ACC_186,ENT_UK_012,188478.6146357762,USD,2026-01-08 06:06:54,382b:b1f8:7e52:f442:93b9:e283:2a77:c9a0,1
sdv-id-qqksMd,ACC_271,ENT_UK_014,487877.03419186774,USD,2026-01-22 07:36:11,f87f:26d5:cbaa:e2e2:a57f:91e9:2adb:c2fc,1
sdv-id-cTexiK,ACC_248,ENT_UK_018,3450.5536346964304,USD,2026-03-14 06:00:29,12de:8e1c:2a06:d67e:6f15:75b1:c076:a399,1
sdv-id-qJbnfW,ACC_100,ENT_UK_001,42429.49637279273,USD,2026-02-16 18:09:10,f72:1d2a:3387:2633:dac8:5594:bd62:f2e3,1
sdv-id-usLeNM,ACC_171,ENT_UK_005,29188.102390151005,USD,2026-03-17 17:30:32,5585:dd86:1ccc:2312:375:7e10:53a7:a02,1
sdv-id-uZZVRE,ACC_299,ENT_UK_004,4109.386991181505,USD,2026-02-17 05:17:23,a0c1:6943:569b:1f06:d9a4:824d:b20f:4d6a,1
sdv-id-zQEMAV,ACC_225,ENT_UK_011,4950.611728754461,USD,2026-01-31 01:33:25,aaec:a786:b689:3089:3268:d979:392d:3948,1
sdv-id-MXqWBB,ACC_134,ENT_UK_011,319279.0610960288,USD,2026-02-01 13:20:29,3f60:43f9:ae4b:f11a:56d5:8409:150e:9c78,1
sdv-id-GiCVSM,ACC_225,ENT_UK_007,5602.4718694376925,USD,2026-03-10 08:14:40,4ed3:c110:8b70:bf19:b1e6:42e7:4a7c:82b7,1
sdv-id-KlGbpL,ACC_247,ENT_UK_018,1071.4864007350477,USD,2026-02-21 20:17:32,74be:f8b7:b67:eaa3:67ae:900:9bf4:31a4,1
sdv-id-amLKoe,ACC_107,ENT_UK_004,242902.80479965697,USD,2026-03-31 17:50:47,99d1:9d51:2b92:6c0a:26f6:8159:8cbe:3b7d,1
sdv-id-KayCmK,ACC_142,ENT_UK_014,26004.394880751912,USD,2026-03-02 15:12:10,7cbe:bfa8:54:24f7:9c6a:8fad:47f8:9b93,1
sdv-id-nDYmNi,ACC_170,ENT_UK_019,207758.57530962315,USD,2026-03-10 12:18:32,3eb5:199e:9456:7429:efaf:941f:22a6:cf9a,1
sdv-id-yZgdHc,ACC_142,ENT_UK_007,472738.21116019227,USD,2026-03-20 08:44:35,428a:7d8d:4470:9e7f:74af:81d3:484b:b8ac,1
sdv-id-PmLvTP,ACC_107,ENT_UK_009,22904.008236281516,USD,2026-03-31 00:15:18,efe2:6939:4ee5:d9f0:8c8e:adc5:4b54:ea50,1
sdv-id-TDCTdf,ACC_100,ENT_UK_004,1622749.5921225536,USD,2026-01-08 11:35:24,1b:3ebe:e815:a4d2:c93:5015:13c8:c57f,2
sdv-id-yQKbiz,ACC_293,ENT_UK_018,2939.055344201803,USD,2026-03-10 15:07:51,8a2c:6654:ddff:9ceb:ac8c:9f4a:a32a:57d6,1
sdv-id-ulySXX,ACC_107,ENT_UK_014,116311.3797296278,USD,2026-03-30 11:32:54,4df3:d521:a327:c2ed:cb80:41af:79bc:6599,1
sdv-id-MpMgdT,ACC_155,ENT_UK_015,1585.9950209071678,USD,2026-02-23 10:45:10,5d99:ec54:123a:45f4:f9e0:83b3:9209:5f2c,1
sdv-id-hksCBQ,ACC_107,ENT_UK_006,99880.28179495149,USD,2026-03-26 23:02:25,d267:ca04:9706:8939:8771:1886:430b:9919,1
sdv-id-kLpUWw,ACC_142,ENT_UK_006,997424.713540544,USD,2026-01-15 15:34:00,ad15:b638:12d3:1646:2339:8222:e7e3:4706,1
sdv-id-gznaxK,ACC_176,ENT_UK_004,314894.50059490907,USD,2026-03-16 19:34:38,af12:aeb5:96ed:cc5a:6a67:4066:b871:3942,1
sdv-id-MLPDlR,ACC_271,ENT_UK_002,986.8608477627592,USD,2026-03-20 16:54:12,dd6:3ef6:d3a3:9d8f:53c0:ca86:b284:f990,1
sdv-id-wGSxAh,ACC_179,ENT_UK_012,382338.18197941454,USD,2026-01-23 02:17:25,18a1:d5a0:d22e:3b31:5baf:37e7:576d:5a17,2
sdv-id-qiObLh,ACC_100,ENT_UK_008,204740.56776946713,USD,2026-01-17 01:48:38,3f43:14ff:e175:adc5:c045:f83b:551d:eb19,1
sdv-id-pkqKWZ,ACC_284,ENT_UK_001,3502.3354025201547,USD,2026-03-11 15:41:09,87aa:cdc0:f07f:3677:3f16:60fc:f0ff:4b05,1
sdv-id-LIBnIl,ACC_155,ENT_UK_012,55568.20479198943,USD,2026-04-01 16:13:14,db82:f93a:f571:4f6b:b94:fc52:fbdb:2bea,1
sdv-id-nnwToh,ACC_189,ENT_UK_017,168859.195771347,USD,2026-01-04 13:22:07,f754:25ad:44ab:cadf:d368:903a:e102:4907,1
sdv-id-eZJbCR,ACC_211,ENT_UK_003,6051.11207248625,USD,2026-02-15 11:24:23,683b:76fc:c887:4a3c:e140:15cf:2d75:e2d3,1
sdv-id-Hvvjgj,ACC_293,ENT_UK_016,72473.1411207187,USD,2026-03-10 14:46:35,f8d1:5408:b8db:2409:cd3a:1b51:a4e1:3896,1
sdv-id-MsTgxW,ACC_171,ENT_UK_006,138925.7293984455,USD,2026-03-02 04:46:00,5690:1bc8:27bf:1d31:e012:2536:91ff:25f8,1
sdv-id-BuMbyp,ACC_142,ENT_UK_009,21381.28651204313,USD,2026-02-28 18:16:04,187c:1e4f:8031:d34f:68bd:b592:be7d:cde6,1
sdv-id-xRSeXB,ACC_186,ENT_UK_016,44145.21982100698,USD,2026-03-03 20:00:01,c98f:826:dcc1:7a42:4a8f:5222:6c62:c383,1
sdv-id-utgqyf,ACC_171,ENT_UK_005,50036.3011635538,USD,2026-03-25 12:41:05,502:fe07:bd57:27e0:cdc5:5f82:804:e63a,1
sdv-id-OXUKvd,ACC_248,ENT_UK_015,148956.66636864076,USD,2026-02-13 01:53:53,3f27:c1b6:31d2:7191:1375:7d78:819f:34f3,1
sdv-id-mopkkB,ACC_176,ENT_UK_012,59216.152449179834,USD,2026-03-21 11:27:53,3124:5a27:90fa:dbdd:279b:8bb:a04a:aefa,1
sdv-id-oSUhyq,ACC_242,ENT_UK_006,681308.7789629453,USD,2026-01-09 00:29:32,a560:fabe:b374:e1d8:66f5:4b0b:22e9:e590,1
sdv-id-dCvuxE,ACC_142,ENT_UK_018,532325.8129078012,USD,2026-02-16 03:45:00,cb9b:8d71:bc49:c6e8:8e6c:9a53:6983:c38e,2
sdv-id-TlZbLm,ACC_142,ENT_UK_019,101335.01283313982,USD,2026-01-23 17:23:16,b4a4:956f:b59e:edd4:1a7a:ad2c:5cee:2c3c,1
sdv-id-Ukdgem,ACC_211,ENT_UK_003,9863.629492921364,USD,2026-02-10 05:32:18,20e3:d070:411b:eb78:5630:3384:32d3:6ce0,1
sdv-id-VHAwLQ,ACC_271,ENT_UK_003,959.4086434396928,USD,2026-03-13 23:14:56,136a:9a97:5f81:97e5:b103:de81:9f96:1ac9,1
sdv-id-mbfdGr,ACC_100,ENT_UK_017,1094732.903617732,USD,2026-03-26 09:22:41,47d3:498f:9822:ac39:f864:71f8:33ad:a829,1
sdv-id-IDXNuw,ACC_156,ENT_UK_001,795922.7737531954,USD,2026-03-19 14:32:38,9a42:390c:b1bc:e97:dccc:453b:9f5b:cc62,1
sdv-id-qJeLFA,ACC_273,ENT_UK_007,51588.3887001893,USD,2026-02-14 01:52:26,f68f:5c32:8c4f:8fa2:a60b:48c4:ca99:3d01,1
sdv-id-lSQqXV,ACC_107,ENT_UK_008,6067.838802547356,USD,2026-03-28 04:17:49,977f:4f6b:ce89:b324:38e5:992b:f856:9a26,1
sdv-id-HntXVF,ACC_142,ENT_UK_019,92449.91818129456,USD,2026-02-16 08:32:15,8429:39fd:14ac:d76:58ef:1594:9a65:aa32,1
sdv-id-bKolon,ACC_171,ENT_UK_012,10233.432523206657,USD,2026-01-12 22:42:12,959d:3085:d168:e1c2:a718:60a8:4c4a:8125,1
sdv-id-xefyHi,ACC_181,ENT_UK_018,130823.42705295351,USD,2026-01-18 01:51:52,e80c:d934:f97e:3c4c:6767:bdd1:83ba:e0a2,1
sdv-id-LAUsyw,ACC_134,ENT_UK_007,78688.48246210712,USD,2026-03-09 21:37:35,d029:b6cd:1e0:2013:4712:ac7e:e7e9:3f1e,1
sdv-id-VDeVsU,ACC_242,ENT_UK_008,1377751.5886146375,USD,2026-01-19 16:42:05,ae71:4113:cedc:3fb:a77e:ce7c:d187:601f,1
sdv-id-CSZeIb,ACC_273,ENT_UK_008,29302.758812181983,USD,2026-03-16 22:40:43,ae78:3b6b:d93b:92fa:ecbd:360f:be39:69b,1
sdv-id-aMNHga,ACC_211,ENT_UK_008,3324.5740734590963,USD,2026-02-14 06:49:49,53f6:e21e:c11:12d3:8c2d:e183:62d0:1d48,1
sdv-id-yjJeMO,ACC_176,ENT_UK_008,193547.74829323727,USD,2026-02-23 20:21:10,3719:9d00:9915:1da6:cd0c:8de:14dc:1c14,2
sdv-id-VNprsG,ACC_176,ENT_UK_012,10578.754422706508,USD,2026-01-22 09:18:21,8f6d:b311:c485:4c2b:f4e9:e16b:c183:50ad,1
sdv-id-JzBlSK,ACC_171,ENT_UK_002,995.3189456316524,USD,2026-02-10 20:23:15,b36c:526b:8d07:fd87:8816:6c5c:6654:b8d3,1
sdv-id-oQLFrK,ACC_248,ENT_UK_006,69633.06467354992,USD,2026-01-15 23:28:11,f4ca:7b27:c863:a38a:25eb:1fb:f11f:ed2,1
sdv-id-EtqBar,ACC_142,ENT_UK_012,18823.182486718644,USD,2026-02-18 17:52:55,520b:f2ca:7766:7058:3ac6:a538:9477:9619,1
sdv-id-OflRcs,ACC_142,ENT_UK_008,75908.9963837406,USD,2026-03-01 02:21:35,5938:cf13:60f7:25e8:a:daeb:511:af92,1
sdv-id-bTtjuZ,ACC_134,ENT_UK_006,1586568.6651894825,USD,2026-01-19 12:06:43,d637:a478:1c58:c726:7c2:c748:763:823b,1
sdv-id-pdcYqm,ACC_107,ENT_UK_013,242888.2231735746,USD,2026-01-18 15:57:43,4a90:2e74:bc95:acb3:b782:2a9c:e262:ce54,1
sdv-id-lwSnRW,ACC_171,ENT_UK_019,1115.1688658647354,USD,2026-01-24 06:44:14,eaa2:f3ae:5003:8635:cd2e:8fcf:c6de:cc8,1
sdv-id-ykkiZF,ACC_176,ENT_UK_015,174947.44532187388,USD,2026-01-22 11:23:23,e243:f57b:c241:3f3e:b342:d29c:5b97:9294,1
sdv-id-DzCHst,ACC_134,ENT_UK_002,39021.76774652667,USD,2026-03-12 12:34:12,6123:2e33:f918:6d85:138e:e4b8:bba8:5844,1
sdv-id-nuGjRr,ACC_176,ENT_UK_017,11060.811707467145,USD,2026-03-09 04:42:59,9db2:3510:5ee7:6cb9:6566:7a2d:99ce:4b7e,1
sdv-id-GdOKGH,ACC_162,ENT_UK_007,176251.5332419555,USD,2026-02-09 13:34:31,84e5:b4af:c309:afc7:5239:166:8afe:f6ae,1
sdv-id-MHFQkD,ACC_248,ENT_UK_018,245048.0544812297,USD,2026-02-18 12:23:45,794f:9934:5540:11e4:12ef:723c:3c1f:cb3a,1
sdv-id-gfUeSc,ACC_181,ENT_UK_019,1284872.8378771693,USD,2026-03-23 04:37:05,d8f3:9121:23d7:7b17:8a5c:888e:afdd:22a,1
sdv-id-SjyHbf,ACC_176,ENT_UK_011,347515.7591743121,USD,2026-03-03 18:24:00,8083:3eda:5127:d44b:df1d:837f:53c9:5c08,2
sdv-id-NxxxdR,ACC_196,ENT_UK_002,181038.40800538225,USD,2026-02-13 20:28:47,dd41:e1eb:3f63:f4c:ea5c:698b:7223:ffa9,1
sdv-id-ibrGtg,ACC_142,ENT_UK_013,6475.576446999768,USD,2026-01-10 01:16:28,4c6b:1f87:b754:888c:99e0:8e31:b5d8:8b6e,1
sdv-id-eWFDjQ,ACC_273,ENT_UK_009,140058.00607280913,USD,2026-02-11 21:40:22,e2fb:ea01:4a36:29e5:b8f7:8177:688a:7aa6,1
sdv-id-BXLNbj,ACC_142,ENT_UK_007,294197.7926964524,USD,2026-01-12 12:36:00,188c:f50c:f923:8349:c299:668b:d0cf:ac5a,2
sdv-id-kQvAdm,ACC_248,ENT_UK_002,3288.551523391441,USD,2026-02-08 03:00:48,6a6d:501:94b2:e16f:1268:c550:2d6b:82a8,1
sdv-id-WpKqxj,ACC_243,ENT_UK_002,599768.0896557033,USD,2026-01-14 11:45:59,7adb:340e:9daf:d7ed:833b:8b86:8107:761a,2
sdv-id-AwIEOi,ACC_253,ENT_UK_015,1993.1063615107264,USD,2026-03-16 19:03:45,a234:8271:d7d7:d090:b457:68b1:c357:b1da,1
sdv-id-yoZsBx,ACC_181,ENT_UK_002,325375.1985024883,USD,2026-02-09 21:37:16,31dc:4493:ddb3:4abb:977d:fb0b:a360:c55b,2
sdv-id-AsaIbY,ACC_142,ENT_UK_015,4634.135030770816,USD,2026-01-01 19:32:47,e206:6146:aea0:1791:f3d6:3559:b9d3:75b0,1
sdv-id-SrGzfu,ACC_176,ENT_UK_017,1670.3608815178131,USD,2026-02-21 17:31:43,c64a:a002:fa8b:abcc:8b98:9c0:e4be:20ad,1
sdv-id-JYXAjA,ACC_186,ENT_UK_014,773842.6699566549,USD,2026-01-13 04:33:25,f08:c2e7:36c0:8f01:ecca:edc5:3dda:640e,1
sdv-id-VtaSvp,ACC_107,ENT_UK_019,9292.933551552323,USD,2026-03-12 12:29:18,4cbc:89f:460c:875:c563:995a:293:a512,1
sdv-id-LvCzbi,ACC_243,ENT_UK_008,674550.7921590859,USD,2026-03-16 15:29:25,c57:e06f:d2a3:2f1b:93a9:d129:2b0:29a2,1
sdv-id-OPfOZC,ACC_243,ENT_UK_019,198333.3306551592,USD,2026-01-12 09:50:34,9d4d:c8a8:73b1:d102:8400:3e15:bc09:332,2
sdv-id-kiksvj,ACC_273,ENT_UK_018,434558.6074419134,USD,2026-03-25 15:22:12,58b6:ac1d:7aa8:a276:9389:2fb1:8399:f55,2
sdv-id-RExtWt,ACC_155,ENT_UK_002,3381.814731469312,USD,2026-02-17 14:00:22,6a6:8ef2:716d:eabe:2cbf:9c6d:622f:df90,1
sdv-id-qzUjGn,ACC_176,ENT_UK_002,67697.06403402697,USD,2026-03-13 00:00:04,75d6:dd58:bf7d:e291:bc05:b8c3:9b9f:8782,1
sdv-id-iGJqzS,ACC_155,ENT_UK_015,418504.6807191255,USD,2026-03-24 16:38:22,c63b:ef49:d8e5:e4e3:e90d:f645:3386:e81f,2
sdv-id-HVXrNk,ACC_187,ENT_UK_014,13950.357377937651,USD,2026-03-24 21:55:52,2550:e20d:83c8:2c65:9596:9307:6e5f:20e5,1
sdv-id-MckuKH,ACC_176,ENT_UK_019,212303.44069331343,USD,2026-02-20 07:11:25,4a4c:d70e:16a5:8108:7c71:cda8:65d7:6ca8,1
sdv-id-lyjmUi,ACC_211,ENT_UK_003,199734.12889865067,USD,2026-03-06 10:14:44,62bd:740d:34f8:a10c:71ef:961:d102:7b1e,1
sdv-id-QOWcnH,ACC_107,ENT_UK_011,280073.78993492475,USD,2026-02-12 21:35:13,f29d:bdaf:760d:e043:766f:4a25:2f9a:7761,1
sdv-id-yZKwCq,ACC_187,ENT_UK_005,3936.531511453793,USD,2026-02-16 08:33:53,2644:ecf8:1a45:12ed:4c82:2251:77a:8685,1
sdv-id-kGcvfT,ACC_242,ENT_UK_017,1535.3281763847065,USD,2026-02-05 14:39:32,1b2d:4b6:ecbb:c85c:c3cd:f7ab:62f:7fcf,1
sdv-id-mLVbdt,ACC_100,ENT_UK_001,77704.80621883759,USD,2026-01-18 05:03:56,a332:410:1641:806:3d5e:89cf:2945:a835,1
sdv-id-JTEMmm,ACC_225,ENT_UK_002,182071.909042189,USD,2026-03-22 15:04:14,5ade:45df:7c6a:90e7:9218:7e14:dd32:99cd,2
sdv-id-OpTpSA,ACC_142,ENT_UK_001,32742.794141454782,USD,2026-01-02 00:17:31,1c4b:a28f:6307:c080:fff2:6d61:89f2:ef99,1
sdv-id-hmEFXv,ACC_107,ENT_UK_019,486635.2818261574,USD,2026-03-25 06:37:27,e1df:c67b:18ee:1ea5:b327:7f1e:72b1:7244,1
sdv-id-kvBLcw,ACC_142,ENT_UK_003,143140.95475587135,USD,2026-03-22 10:32:40,d762:974e:afcf:158c:e540:b539:ce34:e0a0,1
sdv-id-TpHZEO,ACC_211,ENT_UK_002,915335.3080370304,USD,2026-03-01 05:44:36,9abd:e7d8:9e40:7568:6565:76e:49f6:c33c,1
sdv-id-genALs,ACC_179,ENT_UK_012,183613.0584812671,USD,2026-01-23 23:57:35,51ca:529f:ea5d:c8bf:e15f:a792:ccdf:c419,1
sdv-id-qPqIAx,ACC_146,ENT_UK_005,6128.563800230386,USD,2026-01-26 21:07:26,a2f0:f5a6:26da:ed56:ec40:7955:392d:1783,1
sdv-id-tUQTPr,ACC_142,ENT_UK_006,18575.87795874474,USD,2026-01-03 03:16:34,a4b0:df0d:ed6:6a03:7ba2:ce4b:693a:3c56,1
sdv-id-QEezAu,ACC_176,ENT_UK_007,97552.48270036557,USD,2026-01-08 21:50:06,778d:89aa:c3d1:7d04:efdc:def4:5455:f418,1
sdv-id-BqysEt,ACC_181,ENT_UK_017,76552.03182651495,USD,2026-02-25 04:17:13,270f:b807:de61:ac0c:a4da:29cf:e99d:695e,1
sdv-id-TwRLIo,ACC_155,ENT_UK_015,2435.200752064693,USD,2026-01-21 01:15:40,17c7:b4b2:7e38:d470:fc75:613e:96e7:1932,1
sdv-id-JgGgFa,ACC_170,ENT_UK_004,21704.555591815,USD,2026-01-11 08:09:14,fcdc:862a:368e:ab3b:9da:affc:1380:c79,1
sdv-id-uphOOT,ACC_176,ENT_UK_016,180709.18358858957,USD,2026-02-13 04:22:06,70a8:7fc6:65bc:8947:296c:a9de:1c06:6a41,1
sdv-id-VnrXxi,ACC_107,ENT_UK_003,37611.66440035916,USD,2026-01-01 08:22:09,77a7:4222:c97a:b00:b00d:23b4:f1e5:c324,1
sdv-id-cCTTGV,ACC_293,ENT_UK_005,172359.6477099847,USD,2026-04-01 19:11:30,957b:5d36:a939:a136:cc3e:937:acd4:8e4b,2
sdv-id-kQnkDG,ACC_264,ENT_UK_003,154316.29407335038,USD,2026-02-09 00:27:49,ce2f:6c3e:a054:4b97:a1f3:cd48:ae3a:ff22,1
sdv-id-wRnnQK,ACC_284,ENT_UK_007,24298.0975968354,USD,2026-03-11 11:18:59,1f84:9b98:2ff6:eaec:1b3:c7bd:a397:465,1
sdv-id-FKeZCl,ACC_225,ENT_UK_018,1888.122703185363,USD,2026-03-30 11:34:31,fd22:d03:49c:1a9c:e314:9c7e:1d9c:74fd,1
sdv-id-kVLwex,ACC_284,ENT_UK_007,16949.217427233554,USD,2026-03-03 07:41:35,293c:db84:c20a:2f37:689d:c06b:a64f:bc83,1
sdv-id-noFJNo,ACC_162,ENT_UK_018,1408.1587824722828,USD,2026-03-02 00:46:41,389d:f05c:657d:2c66:44ab:d2e6:81b5:84fb,1
sdv-id-hTPAwO,ACC_160,ENT_UK_016,1579909.989525251,USD,2026-01-06 23:45:52,c28f:490d:9e75:ef21:7d20:9f21:d09b:b588,2
sdv-id-TygpcI,ACC_176,ENT_UK_005,43311.40589188928,USD,2026-02-01 23:42:14,70c3:6f6:a58e:19ef:7887:6b0d:62ec:ef4e,1
sdv-id-AmKWXa,ACC_176,ENT_UK_001,502316.7362038649,USD,2026-02-25 06:56:36,b644:5e9:6253:7111:4439:845b:ff89:13a8,1
sdv-id-YljasH,ACC_176,ENT_UK_004,126666.54453309714,USD,2026-03-17 10:34:30,a95d:b384:ecbd:9544:5ae2:351e:78af:f0a0,1
sdv-id-pWGTKx,ACC_146,ENT_UK_007,925.5091701979268,USD,2026-01-24 16:51:45,17ca:f313:d520:236d:55bc:146c:a1ac:5f44,1
sdv-id-eRvpZP,ACC_176,ENT_UK_005,137138.7503953185,USD,2026-01-20 04:48:33,33f0:2fef:633d:7a2e:5220:dcfe:9012:cf81,1
sdv-id-fpqMzM,ACC_243,ENT_UK_017,70881.05933645397,USD,2026-03-04 03:54:51,fb7b:a7a0:ce2b:c4bc:79db:40c1:dc93:f89f,2
sdv-id-AOUPBJ,ACC_211,ENT_UK_004,4332.67350351039,USD,2026-03-09 22:20:06,2d33:32c:4c9d:afb0:77f3:99:8acd:5583,1
sdv-id-vIuZkV,ACC_176,ENT_UK_018,235974.45291935085,USD,2026-03-04 14:52:55,298f:8ae0:6a7e:efd0:c311:1dc3:15d0:c959,1
sdv-id-BBEsuF,ACC_248,ENT_UK_012,92007.983460525,USD,2026-02-28 15:53:22,e7c4:dd69:e27c:7ce6:da16:f103:5bdf:98f4,2
sdv-id-JsoEVo,ACC_242,ENT_UK_014,40491.959649218006,USD,2026-03-25 13:12:16,ea56:c992:3abd:ef71:a60b:29ea:7d18:edf1,1
sdv-id-wBUTFd,ACC_142,ENT_UK_010,275976.10182740627,USD,2026-01-09 13:40:58,ee68:1272:cde7:3fe6:2e4c:2693:dafd:d2f9,1
sdv-id-CZWheP,ACC_104,ENT_UK_002,115059.16903228886,USD,2026-02-21 01:00:31,1434:f665:6f3a:34db:91f8:d192:8583:4f86,1
sdv-id-RcYEBl,ACC_142,ENT_UK_013,390147.8082727755,USD,2026-02-25 06:05:23,861a:362f:1a72:678c:a30:77dc:c3ea:fc67,1
sdv-id-TOyitw,ACC_273,ENT_UK_018,31250.33663616901,USD,2026-02-09 12:09:22,6f06:5aad:d2cf:f477:b94b:ba14:f206:74b,1
sdv-id-qieYBO,ACC_248,ENT_UK_005,945.87977619458,USD,2026-03-12 15:11:04,2670:c02e:5c46:85d1:9aa5:d8db:b4a2:fcb,1
sdv-id-txluvj,ACC_155,ENT_UK_010,14991.44901598064,USD,2026-01-04 18:28:52,99aa:4346:9891:291a:d2f:24ef:43b2:7aef,1
sdv-id-XfTjDp,ACC_146,ENT_UK_001,258532.85630675964,USD,2026-01-27 16:11:14,4bb6:16ac:743f:5182:cbbd:ff6b:23e0:71cb,1
sdv-id-qYTxkq,ACC_142,ENT_UK_019,849373.2047578715,USD,2026-01-11 16:48:17,755c:44d:b75e:d180:8bea:dfd4:4e3:19a6,1
sdv-id-jRkDFa,ACC_256,ENT_UK_006,6224.236088926855,USD,2026-01-31 10:41:09,dfc4:1070:8785:682a:34e5:aeb7:ddc0:e1e2,1
sdv-id-mKUIGb,ACC_273,ENT_UK_004,5456.705430348124,USD,2026-02-04 12:44:08,c4a7:4de8:a0e6:bf09:21ef:2990:521f:e60c,1
sdv-id-uKcmGz,ACC_172,ENT_UK_013,313286.6338800122,USD,2026-01-29 03:53:37,acfb:ff21:91a9:25d0:5599:8f1b:3897:6312,1
sdv-id-TGYRSG,ACC_142,ENT_UK_003,29838.92782405456,USD,2026-01-08 12:30:04,6e47:c5d0:bf1b:ac06:a60d:cbf2:93c6:ff91,1
sdv-id-brfCeG,ACC_273,ENT_UK_005,12045.9384012014,USD,2026-03-12 15:27:09,2e91:ab8:4f64:44b1:1052:7e18:be81:725a,1
sdv-id-EDqFjo,ACC_273,ENT_UK_001,69672.78782078427,USD,2026-03-18 09:20:40,f863:fe86:587e:1d72:5af3:1d63:8c9f:99,1
sdv-id-JLTxwX,ACC_243,ENT_UK_018,51718.550223761245,USD,2026-01-29 06:04:49,1034:ad33:6716:371d:b38:7668:47c8:6b19,1
sdv-id-oFELLK,ACC_164,ENT_UK_016,64298.73832130321,USD,2026-01-02 04:30:20,31fe:9414:d6b6:6003:1b7:7e9e:11fc:4e29,1
sdv-id-QjTHBd,ACC_134,ENT_UK_010,1038795.6605857552,USD,2026-02-27 01:43:43,ca7e:ac5e:c0ff:9be2:3779:1e8:a0bc:81ac,1
sdv-id-jZmeDm,ACC_176,ENT_UK_011,83612.66003223446,USD,2026-02-24 21:37:48,8ec0:312c:fae1:c7f8:b44e:104f:c95a:48bc,1
sdv-id-jtDuFq,ACC_107,ENT_UK_019,351976.8919714482,USD,2026-03-20 04:07:45,7c0a:6dfa:a0:fc0:b0dd:f97b:7269:9f22,1
sdv-id-wRVtDc,ACC_176,ENT_UK_011,2885.375415214889,USD,2026-01-27 16:58:07,d114:d23c:b6a6:d201:45f6:93e6:d100:b5b5,1
sdv-id-BOBGWh,ACC_198,ENT_UK_011,293218.9024814509,USD,2026-02-09 05:06:21,82fb:ee6c:2a66:8fdb:a4cb:d4a5:5f38:86f2,1
sdv-id-gNzJhH,ACC_142,ENT_UK_018,466726.7374087435,USD,2026-01-28 17:04:22,bf2a:8a54:98f7:7e00:6f8b:510:c93f:b866,1
sdv-id-JJGjMU,ACC_248,ENT_UK_011,335193.8683759416,USD,2026-01-25 20:20:11,a7fd:84b0:22e6:1740:9f1b:8004:6fd6:bc94,1
sdv-id-uawwtu,ACC_271,ENT_UK_010,27501.56409009735,USD,2026-03-31 22:17:24,c248:9db9:ee8c:5302:fdf3:dcd0:a80a:6e4c,1
sdv-id-zzacOB,ACC_273,ENT_UK_019,12347.815208829736,USD,2026-02-10 05:53:49,a39:20cd:f209:afb1:6bed:75b0:2762:b5a6,1
sdv-id-wdPEpo,ACC_273,ENT_UK_011,459826.5174147736,USD,2026-03-16 21:01:53,27a1:a6da:3ccc:f8f0:af70:efa7:fe06:1a0c,1
sdv-id-NHQXUd,ACC_171,ENT_UK_008,129458.40651292876,USD,2026-01-16 23:32:04,6cf3:17a0:8abc:b448:70ec:aacc:fb7b:afa8,1
sdv-id-wUGfdE,ACC_162,ENT_UK_012,5831.043279186475,USD,2026-03-31 10:38:42,37b2:c81d:8c5:41d8:a14d:ed75:562b:5983,1
sdv-id-ZapyNY,ACC_273,ENT_UK_017,6211.264185757021,USD,2026-01-08 19:22:53,c2a0:68c6:65c6:d3f6:8d0d:b596:c1b7:c6da,1
sdv-id-KHsMYv,ACC_176,ENT_UK_013,30970.629634644338,USD,2026-03-26 12:55:44,4b67:507a:dd62:c1df:3513:8d3f:70d2:4819,1
sdv-id-vPYewY,ACC_294,ENT_UK_014,4623.972585636713,USD,2026-01-12 09:37:00,44d8:11ce:5645:fabc:d4d6:d6f7:67ae:d615,2
sdv-id-RUSfRJ,ACC_189,ENT_UK_016,183086.58343785992,USD,2026-01-22 23:14:02,2836:d80f:e58f:3c69:ede9:8bfb:7268:4ee1,1
sdv-id-uucect,ACC_134,ENT_UK_014,26012.0039043327,USD,2026-01-06 17:21:22,8d9b:5725:edb6:da1d:2a3d:25fa:9bd4:ef30,1
sdv-id-BRxnyw,ACC_142,ENT_UK_012,113246.66981231606,USD,2026-02-24 23:16:18,6be9:c64a:1e23:3db3:99f:3a69:f3:8998,1
sdv-id-POqbOW,ACC_242,ENT_UK_012,147704.83705789817,USD,2026-03-19 10:14:54,83ff:7bbc:2e52:94cb:e85d:323f:568f:5285,1
sdv-id-uoUhsg,ACC_142,ENT_UK_003,145104.7171401904,USD,2026-03-01 08:42:59,11e4:c7e:ad1a:7023:7213:2f3a:53dd:8610,1
sdv-id-pWCKNZ,ACC_134,ENT_UK_001,1119466.8501120587,USD,2026-02-19 10:59:58,3381:eb63:71ad:8b71:f4b1:41c9:cfd1:2a0a,1
sdv-id-RDpsGB,ACC_261,ENT_UK_012,184599.56397480535,USD,2026-03-27 08:39:40,c72f:289:9b59:939d:9ed5:afef:8156:7260,1
sdv-id-mOTLCj,ACC_164,ENT_UK_012,35070.01546434927,USD,2026-02-28 23:45:43,84c5:9f05:c2e8:6db6:2da3:4ce6:d371:d791,1
sdv-id-jIvKoE,ACC_155,ENT_UK_019,371128.8500627366,USD,2026-03-17 11:19:46,e57a:2bc7:10fe:cd5c:86e0:d1c5:1fb7:f6fa,2
sdv-id-sewHbC,ACC_248,ENT_UK_013,1160.9926195837788,USD,2026-02-05 21:38:09,afd3:bab:16dd:b094:7588:9a28:cf84:6fc8,1
sdv-id-kaVnEa,ACC_176,ENT_UK_010,1032.0259576553492,USD,2026-02-05 06:32:39,b773:666:90fe:1993:ad96:9317:f312:2b1,1
sdv-id-EXAVAN,ACC_155,ENT_UK_003,61881.21354336952,USD,2026-03-22 05:27:12,603f:6ca5:afe7:6a54:48f0:2ce1:f089:e60,1
sdv-id-xhszgA,ACC_176,ENT_UK_006,2001.3346256684956,USD,2026-02-25 00:40:21,9a6a:e6d8:ef4b:3f81:f29e:34d5:ae26:dcc0,1
sdv-id-HvBtJs,ACC_123,ENT_UK_016,963896.1928953975,USD,2026-02-04 05:03:42,79ac:da57:a1c4:8287:8144:a140:fb1e:d142,2
sdv-id-vfgoNY,ACC_243,ENT_UK_003,4070.619278479052,USD,2026-03-31 22:52:36,2ead:e16c:c18e:4798:2dad:399c:b97d:22,1
sdv-id-YumCpw,ACC_264,ENT_UK_016,10266.579212444702,USD,2026-02-19 20:19:47,3d29:3cc7:40fa:3d13:66fc:f3f9:67df:fefd,1
sdv-id-uAFExF,ACC_170,ENT_UK_011,220409.28786746072,USD,2026-03-17 18:51:20,2eda:a70b:d46f:3a63:4933:2eb7:a3de:9b91,1
sdv-id-PhrDmA,ACC_279,ENT_UK_001,467497.456817942,USD,2026-03-24 01:48:32,30fd:6e1a:25f8:4906:f192:c0e2:5b3d:1f86,2
sdv-id-GplUji,ACC_186,ENT_UK_012,1918.4048595585616,USD,2026-02-24 00:33:26,73c9:d352:3657:d8e5:b87f:14b6:6c72:b49f,1
sdv-id-dxaYqy,ACC_242,ENT_UK_007,222850.10754146177,USD,2026-04-01 19:46:13,3f0a:c167:ad54:bb7a:d0d2:fe4e:223a:9c72,1
sdv-id-stlbNP,ACC_243,ENT_UK_004,76553.36100669853,USD,2026-02-24 16:32:34,c1d3:8d18:f6b5:20e0:9d5f:de13:8c13:3546,1
sdv-id-zNAxnX,ACC_176,ENT_UK_011,4900.514002471953,USD,2026-04-01 15:10:28,94fc:bf7f:a40e:875e:e28a:3397:bf78:cad4,1
sdv-id-HRqfnJ,ACC_187,ENT_UK_018,67119.28923350236,USD,2026-01-31 18:54:39,dcbd:9518:3856:3530:19c6:ffd8:474c:f99e,1
sdv-id-tzBvBD,ACC_264,ENT_UK_002,68104.18172567892,USD,2026-01-16 21:27:33,8268:6453:5a23:615a:6c18:1392:ab2b:298e,1
sdv-id-JtXOLU,ACC_134,ENT_UK_009,301415.3920634648,USD,2026-02-21 21:36:02,31e5:a700:a325:7f4b:fa8d:796d:e049:4a5f,1
sdv-id-ylOBgu,ACC_273,ENT_UK_001,706211.6995819664,USD,2026-01-16 21:05:33,cc9d:cec6:9bbd:9811:9be9:6266:3b4d:8d85,1
sdv-id-NzXInW,ACC_211,ENT_UK_009,23368.382576407832,USD,2026-02-13 21:00:06,913f:a46a:4d37:b710:e83a:e07a:bafe:a79d,1
sdv-id-QDMLmq,ACC_142,ENT_UK_019,18139.47633967517,USD,2026-01-03 05:16:17,3ce2:5db1:16db:636b:8435:23da:21f3:4ae1,1
sdv-id-WmYqTq,ACC_264,ENT_UK_008,105664.38143415393,USD,2026-01-14 17:59:12,cbfc:5a05:79e9:6e35:d8f4:a8ea:3d8b:2678,1
sdv-id-CkfEDL,ACC_284,ENT_UK_013,2398649.7701005884,USD,2026-03-19 15:36:44,e497:d496:a8e:25bf:b6a1:b80e:11f7:5cb4,1
sdv-id-tOnShQ,ACC_271,ENT_UK_011,297120.49566033215,USD,2026-03-04 06:58:25,f335:4825:a381:cb5:2ab5:d77c:be27:b52c,2
sdv-id-qRZsWo,ACC_247,ENT_UK_008,347727.24877139676,USD,2026-03-08 12:59:20,63ad:64fb:64ac:1585:88a3:d7fe:2339:2427,2
sdv-id-jbYilP,ACC_248,ENT_UK_005,1212431.769184052,USD,2026-01-01 07:03:27,fdf4:623c:58bc:a75a:5fec:425d:7566:de8a,1
sdv-id-VjHShH,ACC_186,ENT_UK_004,2627.093034856988,USD,2026-03-31 22:10:28,49bb:2882:d04:6895:437c:9fdf:f4d2:8fe3,1
sdv-id-GXkAlq,ACC_181,ENT_UK_014,11541.09124695814,USD,2026-03-13 06:38:46,c352:fefd:b54c:5b62:275d:7d65:ef7c:1fdf,1
sdv-id-RNcWMm,ACC_294,ENT_UK_017,32190.901689329068,USD,2026-01-04 02:42:56,40cb:f743:7f4:aadb:9eac:3fcd:6003:d1f0,2
sdv-id-LWEwnM,ACC_142,ENT_UK_010,4188.783452322533,USD,2026-03-24 17:17:45,2a06:c10c:5b1b:4b02:1e70:5915:47d0:aade,1
sdv-id-URAMhz,ACC_211,ENT_UK_013,6807.387043436887,USD,2026-01-31 16:21:27,4165:992e:505a:d3c5:1d82:ba2f:8af9:4a76,1
sdv-id-YOQWep,ACC_155,ENT_UK_014,104839.53249599606,USD,2026-02-02 06:52:22,79d6:3a1:4220:7482:50f8:2540:2ad9:cbcd,1
sdv-id-PuccWY,ACC_100,ENT_UK_017,24165.455327131687,USD,2026-03-21 00:32:58,1c1e:bba4:1b15:77aa:6126:1b01:2154:32b8,1
sdv-id-TtLrfH,ACC_273,ENT_UK_008,127523.05969508382,USD,2026-01-24 18:30:11,4c57:b7dc:37b9:d9c6:fef9:6c59:f07e:5d44,1
sdv-id-rbxkpH,ACC_142,ENT_UK_015,8456.530623109367,USD,2026-03-01 01:09:58,596c:224c:7ef2:8f0b:d2d2:28c8:b0c7:fad5,1
sdv-id-bzKHrt,ACC_155,ENT_UK_012,6155.692273423797,USD,2026-03-26 08:59:47,bbbc:507e:c405:83cb:5134:fadf:380b:eb7a,1
sdv-id-leMODg,ACC_181,ENT_UK_015,979.2680091240871,USD,2026-01-14 13:49:48,4d31:de04:ceea:c33a:39a8:2177:5115:ebe8,1
sdv-id-BGOXgG,ACC_243,ENT_UK_001,6001.559390752566,USD,2026-03-08 12:36:04,613:e713:2b53:44da:962c:b32f:3643:727f,1
sdv-id-LAESIk,ACC_100,ENT_UK_001,3262.713083860231,USD,2026-01-30 08:00:55,f7b:fba:ce12:92ba:796b:b05a:30b0:fa16,1
sdv-id-MyWBMu,ACC_187,ENT_UK_007,134033.22457958644,USD,2026-02-28 08:25:27,9b82:52d6:3943:9b96:3962:cc13:7c36:c7ce,1
sdv-id-tNqbMh,ACC_273,ENT_UK_001,1031.0596924214576,USD,2026-03-25 13:37:01,c6bd:1ec0:3069:36a9:b000:c691:dada:77ba,1
sdv-id-JPmpGs,ACC_183,ENT_UK_002,8756.81107943505,USD,2026-01-22 03:56:09,58c7:499:732c:674a:e9c2:fcb5:22c2:d624,2
sdv-id-VASiTF,ACC_142,ENT_UK_014,85968.11471332144,USD,2026-03-07 16:13:39,b048:e138:4574:6abc:1d13:a316:edd:6a27,1
sdv-id-STiDwT,ACC_248,ENT_UK_016,142195.8702183051,USD,2026-01-19 19:34:03,934e:a226:ffd9:af46:ee60:8abe:237f:d462,1
sdv-id-BRzcWo,ACC_253,ENT_UK_003,4342.255233864493,USD,2026-03-30 02:51:54,3af:f392:c7ed:6fb3:93b2:493e:89bf:141,1
sdv-id-daVXrJ,ACC_142,ENT_UK_015,164366.05949023305,USD,2026-03-08 07:12:02,3106:cbe:d2b2:4b6a:9f7b:4066:c5fa:164d,2
sdv-id-MMvkdg,ACC_170,ENT_UK_011,1002274.060377702,USD,2026-01-30 16:31:10,6ff1:7460:a042:c863:a5e7:5da5:a0f4:79ec,2
sdv-id-PiqFMg,ACC_190,ENT_UK_010,3051.798023834303,USD,2026-01-23 13:52:16,cb7b:347f:ca87:1809:e820:9c73:4098:53f,1
sdv-id-nSjFom,ACC_232,ENT_UK_004,15469.74555099894,USD,2026-03-26 08:07:36,a6db:5ecf:f70e:5df4:8e8d:9cc3:c51:bb64,1
sdv-id-qbHhBl,ACC_142,ENT_UK_017,96963.8277240352,USD,2026-03-28 13:50:41,51d9:1992:f74b:b29c:7554:4e48:dd0b:c750,1
sdv-id-jhSUCD,ACC_273,ENT_UK_009,80478.61319398633,USD,2026-03-17 22:17:56,d514:9455:9aac:6d0:8585:a0fc:9c63:78b5,2
sdv-id-AkVxeE,ACC_123,ENT_UK_007,86267.16659846698,USD,2026-03-25 08:49:50,d2cf:cce8:3b97:6f0e:6965:b8ff:936f:1f5b,1
sdv-id-tKAggb,ACC_256,ENT_UK_014,217843.2331853945,USD,2026-01-19 05:53:46,b1c7:457:c500:30d6:51ee:880e:9552:9782,1
sdv-id-xUjQMj,ACC_211,ENT_UK_001,938.151606228078,USD,2026-01-25 20:04:28,9bd7:565:1e77:73a6:ca0e:2a10:2b36:6c8d,1
sdv-id-wnnyTV,ACC_176,ENT_UK_003,1818.294846649614,USD,2026-02-09 17:22:57,3b55:e0f6:cec:8326:3471:840a:7636:b61f,1
sdv-id-rEjesh,ACC_221,ENT_UK_004,138178.4899528072,USD,2026-01-26 21:43:55,d294:59a0:5de:ae90:beb9:198d:6292:5547,1
sdv-id-aocSmJ,ACC_253,ENT_UK_009,918.658753598028,USD,2026-02-03 21:42:09,14a9:4b9a:5758:c2bd:58dd:8d16:1c51:1de3,1
sdv-id-tIcWWa,ACC_142,ENT_UK_005,21976.266415558523,USD,2026-03-22 01:15:25,261a:2df7:d41a:e34a:edb6:494e:ff0a:f348,1
sdv-id-yCrnbg,ACC_273,ENT_UK_004,127434.71457694317,USD,2026-02-28 14:54:36,2ed5:6c99:7ce1:c291:4774:b3fe:1c51:a1f,1
sdv-id-qFvqnd,ACC_262,ENT_UK_005,33600.32304133493,USD,2026-01-15 15:27:30,15d8:faaf:b916:b19:f77e:f25c:8999:deaf,1
sdv-id-WhSaAO,ACC_176,ENT_UK_015,1515.2916318465998,USD,2026-01-03 13:36:35,2cdf:2013:e105:6629:ab62:854d:def1:2690,1
sdv-id-svUYmo,ACC_162,ENT_UK_011,709236.1829523909,USD,2026-01-15 19:50:24,b43c:ce93:fa46:55d2:eb2e:bccc:d902:3a03,1
sdv-id-LTnRYz,ACC_142,ENT_UK_019,1784.9103832512549,USD,2026-03-25 18:43:52,fc25:f495:7720:f39b:8dc4:2eb7:b750:a0a9,1
sdv-id-goVYoG,ACC_264,ENT_UK_005,111646.39313989204,USD,2026-02-25 20:54:55,820b:e7ca:6f43:a6be:17a7:6e2f:1b8c:44dd,1
sdv-id-fdRrcl,ACC_273,ENT_UK_013,289891.0894432338,USD,2026-03-29 10:22:41,fe70:7d82:84cb:290e:8a97:5580:6e5d:94b9,1
sdv-id-lqIUPx,ACC_155,ENT_UK_019,139311.17739131564,USD,2026-04-01 14:44:00,871f:55d9:cffa:6e76:6d9d:f3:a024:5c7c,2
sdv-id-EdHire,ACC_160,ENT_UK_007,131981.04490235884,USD,2026-02-27 19:35:02,7e63:8d5:f2bb:b453:b3bb:8224:ab71:13f9,2
sdv-id-cXuEtU,ACC_176,ENT_UK_018,1260.4619297477427,USD,2026-01-12 21:21:27,53ef:ee3e:6591:b490:f70:2d65:3b97:dd17,1
sdv-id-eOpidX,ACC_176,ENT_UK_004,25759.9394322022,USD,2026-03-28 13:03:44,d078:5f1e:f157:8b6f:6fe2:2a4f:b62b:ff34,1
sdv-id-dlGfxr,ACC_107,ENT_UK_010,284111.0297369236,USD,2026-01-13 02:38:01,d5db:ad38:68bc:dcc:e1fb:144a:210d:f5c1,1
sdv-id-JvfQsl,ACC_155,ENT_UK_011,109606.56266502156,USD,2026-04-01 13:10:33,f10:b3a4:fb4a:5e21:9352:4a49:c5c8:df86,1
sdv-id-ChBkYB,ACC_155,ENT_UK_010,812751.0372629012,USD,2026-01-20 01:57:41,ffe2:e834:9a87:f84b:4594:b108:b4d3:c400,2
sdv-id-wzwBkn,ACC_186,ENT_UK_019,113800.7298718067,USD,2026-03-31 22:19:17,6a1:4c99:f51a:4bce:9a62:c5e6:b0fa:9e46,1
sdv-id-SEtJrX,ACC_271,ENT_UK_008,577469.928660595,USD,2026-03-04 18:24:22,1f2a:ce69:43a:69ff:bde9:92dc:7e22:9537,1
sdv-id-qeqQgv,ACC_134,ENT_UK_004,86630.22160998566,USD,2026-01-01 19:35:29,1aeb:ab4e:2b68:118:14a4:6dbb:fe49:7924,1
sdv-id-ogLRpl,ACC_171,ENT_UK_011,1191.9059413732805,USD,2026-02-04 10:34:46,e38a:6239:21bc:72f6:15b3:fd49:23bd:60a6,1
sdv-id-aeChPt,ACC_271,ENT_UK_011,10984.498255138797,USD,2026-02-11 17:42:53,309:2797:6cd4:2165:a344:7a20:13b2:9843,1
sdv-id-bvJBFX,ACC_293,ENT_UK_004,1155.854588630901,USD,2026-03-12 01:31:00,34c0:41a1:9b5e:172c:bfbe:c306:9a15:5e6,1
sdv-id-EFuyXa,ACC_142,ENT_UK_014,1130.441872052856,USD,2026-01-17 19:52:49,d74f:c201:ed64:d68f:f420:406e:89d2:188,1
sdv-id-IKeqHf,ACC_186,ENT_UK_017,102796.74290784844,USD,2026-03-10 20:46:55,eb0c:bacd:6c67:d1cf:d967:48af:d409:34c9,1
sdv-id-EZrOms,ACC_171,ENT_UK_018,4886.1756139967465,USD,2026-02-02 13:45:31,1460:96cf:4a19:a2f1:eb17:5e23:6cb9:d7c5,1
sdv-id-ZIXvbr,ACC_176,ENT_UK_013,1928.50212087562,USD,2026-02-15 07:02:14,bf0:3343:d620:a1d9:964e:bd9e:68ac:33dc,1
sdv-id-wqBwLW,ACC_123,ENT_UK_001,365468.95382226823,USD,2026-01-09 10:23:47,27da:e623:3f24:2832:78bf:17c7:6eab:77c7,1
sdv-id-OAluUE,ACC_155,ENT_UK_007,23156.37276631914,USD,2026-02-21 11:21:42,d5b6:32cb:3bc7:3e3f:5960:5912:9d9:380b,1
sdv-id-eqzMDv,ACC_155,ENT_UK_007,13505.779685105848,USD,2026-02-24 16:35:45,1fb:3f38:abc2:807c:a82d:e55b:3b3d:318e,1
sdv-id-Qydqmj,ACC_253,ENT_UK_012,120346.02065230352,USD,2026-02-21 12:23:26,97e:e16d:9f76:6336:1c7e:4edf:be4d:f578,1
sdv-id-fVLtzs,ACC_107,ENT_UK_004,716542.6250001616,USD,2026-03-13 18:27:44,26af:91e:8dad:a027:c60a:45d1:e91e:5e44,2
sdv-id-YXkVNn,ACC_225,ENT_UK_016,185957.62255999137,USD,2026-02-12 21:35:04,796c:7687:7f73:17a5:5355:81ac:8cde:788c,1
sdv-id-cADlZK,ACC_155,ENT_UK_007,147135.28885298164,USD,2026-01-23 19:13:26,13b4:4be0:558f:8876:395:873c:37ad:73a4,1
sdv-id-GoFfyU,ACC_242,ENT_UK_017,124675.4924154056,USD,2026-02-18 07:21:15,bdf2:4d74:af9d:19db:591c:8a89:96e2:5e90,1
sdv-id-oCUzBj,ACC_176,ENT_UK_018,43215.78008563018,USD,2026-03-24 17:31:05,2a3b:4dfd:c89d:31aa:4225:80d5:fab5:dd0c,1
sdv-id-dPPcbA,ACC_264,ENT_UK_018,5127.949607278295,USD,2026-03-10 05:30:29,1027:d3a6:8e0d:f264:2269:1d6e:b3b0:2e95,1
sdv-id-NHMrib,ACC_187,ENT_UK_009,1132.447215050268,USD,2026-02-19 08:01:30,6e6c:415f:35d6:7d28:a533:6689:a10f:69d1,1
sdv-id-NGgpsc,ACC_271,ENT_UK_014,573725.2013288366,USD,2026-02-07 21:51:26,cbec:dfc6:905a:ed2e:ba59:994f:5dc5:a30a,1
sdv-id-dgNAXl,ACC_142,ENT_UK_004,46705.74734116731,USD,2026-02-08 13:47:43,b5fa:15a3:69bc:50ba:3adc:56ca:edce:c1e3,1
sdv-id-wiNAub,ACC_170,ENT_UK_011,121714.6173810443,USD,2026-02-26 22:08:21,28bf:dc8f:4c49:b6c3:4711:f9ff:d10b:8aaf,2
sdv-id-HlVByy,ACC_196,ENT_UK_011,431163.2655001624,USD,2026-01-23 08:36:29,4ed2:a3a4:af63:997c:1790:a98c:c32e:6b52,2
sdv-id-RWaQCP,ACC_242,ENT_UK_016,8170.527831344229,USD,2026-02-22 07:16:52,301:1b5c:de0e:9484:98c3:98a5:f638:a538,1
sdv-id-jDivGL,ACC_171,ENT_UK_015,1707.0852387398395,USD,2026-02-04 20:01:27,1851:a07d:8289:1863:ac5c:1141:eb6a:4fb5,1
sdv-id-vGsXfC,ACC_253,ENT_UK_002,400023.15391901974,USD,2026-01-06 16:13:19,98f5:1715:8a29:2855:6077:81d6:372e:30fb,1
sdv-id-MKEcqY,ACC_247,ENT_UK_018,2623.2513207554357,USD,2026-03-31 06:52:30,3885:1877:6c2b:e369:6c9d:afc8:32a1:e84c,1
sdv-id-ItbEqm,ACC_248,ENT_UK_002,38029.93791657763,USD,2026-03-25 08:43:07,e9c8:ad34:f46f:2aa1:4195:93c4:34ec:c4dd,1
sdv-id-xGNSnx,ACC_176,ENT_UK_012,505656.5759510166,USD,2026-01-03 18:20:48,d218:8257:5ebe:2462:c9cb:9176:322b:b29d,2
sdv-id-FMCUUf,ACC_155,ENT_UK_016,394688.98850144166,USD,2026-01-13 12:18:39,b853:cdfe:44f2:4039:a376:1ae4:7eef:b8b,1
sdv-id-ClFpZr,ACC_176,ENT_UK_005,1371.0048149623374,USD,2026-02-03 10:26:01,c6ec:e156:1f48:8d7c:288f:bf84:dad8:83ca,1
sdv-id-QRmszn,ACC_253,ENT_UK_012,417594.1003001621,USD,2026-01-06 05:41:30,28e3:ea75:c0a3:beb8:7a72:ad14:2f48:f822,1
sdv-id-jllpVB,ACC_264,ENT_UK_016,12649.642835956836,USD,2026-02-14 01:29:00,6ee6:c840:320a:ec41:9056:b16c:3a24:7645,1
sdv-id-TqJNVg,ACC_196,ENT_UK_007,98611.92564693707,USD,2026-02-09 08:54:17,a7a5:54a7:ade:950b:b9fe:18e0:fc7:6110,1
sdv-id-dczIDI,ACC_155,ENT_UK_018,104202.480787741,USD,2026-02-03 11:54:30,1994:8804:562e:2c77:85cd:39c6:28f8:f142,1
sdv-id-VtKcKH,ACC_142,ENT_UK_015,1103293.777206802,USD,2026-01-21 08:30:54,d87:ec5c:357e:23a4:cf4c:ca17:561b:8f3b,2
sdv-id-IYywFH,ACC_176,ENT_UK_019,747484.5750871628,USD,2026-03-31 01:12:31,4009:a11d:a119:ce53:c504:2973:7214:72ea,2
sdv-id-sWXhbB,ACC_253,ENT_UK_002,5842.157878431636,USD,2026-03-12 17:32:31,39cd:ef11:17e0:fc6f:a985:fa52:ebf:1bd1,1
sdv-id-GHomSk,ACC_187,ENT_UK_016,250207.9422801561,USD,2026-01-13 15:35:50,1c3a:5eed:2265:9c53:65ac:4c63:3b2c:2702,1
sdv-id-FgwLZC,ACC_176,ENT_UK_010,1006.1734832335758,USD,2026-02-13 11:44:45,bce5:9c7e:7da5:d184:ba1d:10d5:b31d:b2bb,1
sdv-id-LWyIBy,ACC_271,ENT_UK_012,149076.71494556012,USD,2026-02-15 04:42:42,f8eb:4122:6a15:d0ec:a81a:fb7a:92d1:305,2
sdv-id-obzqOb,ACC_142,ENT_UK_019,30989.270477423714,USD,2026-02-12 03:24:04,6031:2a1c:f724:1d17:5bc8:1dd6:df61:1232,1
sdv-id-YbUdEL,ACC_128,ENT_UK_017,2986.675235533845,USD,2026-02-24 18:58:43,9f75:3324:1e06:bc0:eb01:7194:6b55:4592,1
sdv-id-EHSKKT,ACC_107,ENT_UK_006,226668.39887468176,USD,2026-01-26 17:04:37,4909:a7d7:f52e:23ae:e11:e497:f6aa:2e24,1
sdv-id-Ealbta,ACC_142,ENT_UK_013,67089.99034934882,USD,2026-02-04 11:14:42,462f:aa5f:6a17:9e2b:2c96:8ab8:8ac7:60c8,1
sdv-id-Qrvjwa,ACC_171,ENT_UK_001,63376.27045406748,USD,2026-03-02 00:55:02,7170:b32f:39df:23fb:350:f5e0:4290:5cb5,1
sdv-id-XCkpmq,ACC_107,ENT_UK_002,8078.956112268332,USD,2026-01-15 23:59:39,bea0:101:bd78:3c04:fcb3:c4ed:63b5:c888,1
sdv-id-iniUZa,ACC_211,ENT_UK_010,725970.9955541247,USD,2026-03-27 09:47:18,c68c:402c:589d:c04e:e029:838d:b129:99b6,2
sdv-id-ZTiMkX,ACC_134,ENT_UK_004,18886.52690474385,USD,2026-02-17 01:16:12,4757:3505:5c83:bf5d:caa2:50a5:2dc8:c17f,1
sdv-id-pVMhUD,ACC_253,ENT_UK_010,125454.39778694368,USD,2026-03-13 15:24:30,e50:9ffc:cab5:a9cd:8f1c:33ce:da34:2248,1
sdv-id-wXqInN,ACC_196,ENT_UK_003,16166.66529954631,USD,2026-03-29 23:54:40,130a:a01e:68c:a506:d4f:f7ce:cd18:1de6,1
sdv-id-JlfIny,ACC_142,ENT_UK_002,33704.3078892905,USD,2026-02-07 09:41:28,5da0:6eb9:8c1f:c6e1:fb89:7f78:bcea:fde1,1
sdv-id-ueemLO,ACC_176,ENT_UK_019,160326.74562233884,USD,2026-01-08 14:29:16,a556:5194:3e38:774b:ac98:fc1e:1fd5:7a79,1
sdv-id-hBURyh,ACC_176,ENT_UK_009,1297.7431679563333,USD,2026-03-24 05:54:18,2b34:3c2d:c0d1:f226:70ca:a713:b123:2e51,1
sdv-id-AnyrUR,ACC_225,ENT_UK_014,70003.45987087287,USD,2026-01-23 11:01:01,8edd:91c6:1e1:5398:ca2f:84d5:7838:ac4c,1
sdv-id-zALXrK,ACC_176,ENT_UK_010,1092.706242032567,USD,2026-03-04 16:35:53,fce8:8b83:c6b9:50b8:d120:54ea:5532:9a8b,1
sdv-id-yAaGKs,ACC_176,ENT_UK_008,493934.72245755955,USD,2026-01-31 04:36:22,6510:d40:b453:37b7:ec7f:d356:6105:7393,1
sdv-id-gBzcID,ACC_123,ENT_UK_004,261900.39237645676,USD,2026-01-17 09:26:17,b00f:7d3b:ad39:9043:b639:f9e8:64d5:a255,1
sdv-id-ZlDhaW,ACC_176,ENT_UK_002,2314880.418339026,USD,2026-03-13 18:26:37,c9f9:a271:355f:9e45:d158:4d7c:212a:3e66,2
sdv-id-uplIhe,ACC_181,ENT_UK_007,1296.954694578474,USD,2026-01-18 07:38:44,b519:51b7:c579:d602:9c55:d11b:ae45:7e22,1
sdv-id-erlmPR,ACC_146,ENT_UK_007,974.6460719834178,USD,2026-03-29 22:42:00,6909:8846:45c7:3cf8:3c0d:1731:7f20:f132,1
sdv-id-SLSlPZ,ACC_293,ENT_UK_013,110026.91769796405,USD,2026-03-08 13:15:50,6f9c:4a44:510f:ac61:aed4:2f3f:5bf8:4a6b,1
sdv-id-LXTrGP,ACC_271,ENT_UK_001,2128889.789304786,USD,2026-03-02 03:26:19,1bf6:6903:9631:e294:d4f9:3d17:db48:29cf,2
sdv-id-zZeeMp,ACC_107,ENT_UK_011,937.046414348067,USD,2026-03-26 22:42:49,1d9f:cec1:e995:aa2:21a:ca83:96a9:5de2,1
sdv-id-hkweEI,ACC_211,ENT_UK_007,1642.5699878859448,USD,2026-03-23 14:38:12,1d6a:a895:e4b9:a3f8:1cf3:c37d:b0af:3efb,1
sdv-id-vUQTKN,ACC_142,ENT_UK_009,76538.22441793435,USD,2026-03-04 18:08:48,aa17:35a8:7924:6139:535b:ea1e:543e:6a56,1
sdv-id-uaAuMk,ACC_107,ENT_UK_007,904793.0023244862,USD,2026-03-27 12:44:05,2d85:a539:348b:6672:5c2a:df3b:2203:8a3f,2
sdv-id-qvnred,ACC_142,ENT_UK_004,100365.34222680656,USD,2026-01-10 12:45:49,cd86:8578:136c:8cca:755c:3a03:1035:e915,1
sdv-id-pJWHrK,ACC_284,ENT_UK_015,167911.83282372126,USD,2026-01-30 19:51:53,1b66:d9ab:fb08:eb05:528a:7940:eec0:7289,1
sdv-id-HkPNYd,ACC_142,ENT_UK_016,31279.207961652613,USD,2026-01-08 00:10:30,edc6:8ac1:6e6c:97fb:48fe:f4e8:4d4f:2dbf,1
sdv-id-EqsQAt,ACC_142,ENT_UK_013,197195.1412195229,USD,2026-02-21 19:39:32,e8c8:8c94:6eca:4fe3:d58c:dd03:59bb:c660,2
sdv-id-dGYjnt,ACC_142,ENT_UK_006,7639.831649225758,USD,2026-02-10 01:06:00,13bd:8af:8f70:548b:e11c:373:286f:b64e,1
sdv-id-hxBoMI,ACC_107,ENT_UK_018,135554.52625736358,USD,2026-01-05 01:13:13,ca54:524a:4228:434d:bc0d:2cd7:e2ce:f1fd,1
sdv-id-eBpfEd,ACC_211,ENT_UK_001,533491.1425973141,USD,2026-03-16 06:31:17,c1ff:24f7:54e9:7084:eb41:5ea2:3446:5a2a,2
sdv-id-sZBfKr,ACC_284,ENT_UK_003,117089.539981873,USD,2026-01-28 01:59:01,9964:f4cf:b41e:ac79:e2c2:aae3:6b96:ede0,2
sdv-id-EDWheI,ACC_273,ENT_UK_003,381556.500545679,USD,2026-01-07 11:58:06,e9a6:e20e:25d6:83f4:a5c6:fb2d:ab05:6f97,1
sdv-id-YmzVIm,ACC_211,ENT_UK_003,165147.97157572804,USD,2026-01-17 12:09:14,d95f:845:338c:f3af:7bd8:4e70:1e62:5280,1
sdv-id-NmKruQ,ACC_211,ENT_UK_019,324628.4336010852,USD,2026-03-16 19:28:28,9747:2793:af60:6613:8e90:8cab:c83a:3ba8,2
sdv-id-NtHWSI,ACC_273,ENT_UK_012,67517.9258769751,USD,2026-02-17 06:03:24,6b94:9499:6f98:a5a:36f4:3455:2a80:b14f,1
sdv-id-nZPQPh,ACC_248,ENT_UK_001,7444.652903240986,USD,2026-03-16 09:19:07,1ca5:708c:c4aa:9226:30e8:139a:5e27:c7b7,1
sdv-id-wKWNzA,ACC_199,ENT_UK_010,446001.6614646954,USD,2026-03-27 22:40:49,4970:c514:9006:7ee:e880:3755:5612:3946,1
sdv-id-MvWgAP,ACC_100,ENT_UK_006,95919.28327374117,USD,2026-01-24 19:40:09,6365:7c07:232b:5319:3198:ed0:f2fd:d5ab,1
sdv-id-PKVVQf,ACC_107,ENT_UK_018,33305.06896699887,USD,2026-02-17 02:10:58,bde7:ff85:8401:6e82:7d40:2fe7:331c:b036,1
sdv-id-JtZNfm,ACC_243,ENT_UK_011,219881.9720458764,USD,2026-02-11 09:03:17,46b0:374f:ea0a:daa3:350:f0ab:d5a2:6097,1
sdv-id-ZpZMZb,ACC_253,ENT_UK_015,445856.093827122,USD,2026-02-05 02:41:39,a8bc:10e8:57ec:2a4f:2541:8a49:3c6b:ffcd,2
sdv-id-vNWKBS,ACC_293,ENT_UK_003,860437.7037270978,USD,2026-02-28 21:32:04,53d3:2acf:bd59:e71:cabe:9061:1cb4:4dce,2
sdv-id-duNWSG,ACC_186,ENT_UK_009,493672.0909998591,USD,2026-03-15 10:13:03,6d01:3492:88f4:daed:4af6:e0ec:6904:a350,1
sdv-id-bVGmzg,ACC_196,ENT_UK_009,228282.88447344315,USD,2026-02-25 04:02:07,a2d:b9e7:35ab:8597:8c31:f23a:5170:82a8,1
sdv-id-GuEEkD,ACC_171,ENT_UK_018,85000.3064788007,USD,2026-03-04 12:37:59,c27b:2999:b938:c5dd:902e:29d4:6de3:503e,1
sdv-id-LcVVfH,ACC_172,ENT_UK_013,48179.79583292953,USD,2026-03-26 22:50:11,b2ef:f2d0:8d6f:d595:c0c5:2ffc:5153:94fd,1
sdv-id-DljdWV,ACC_142,ENT_UK_016,22995.73275458778,USD,2026-03-10 07:25:00,d658:f4ab:899c:c999:d42b:3144:8b1:315c,1
sdv-id-BakTZJ,ACC_271,ENT_UK_006,29170.744042710125,USD,2026-03-30 03:16:11,2fc2:6efc:6d3c:2f9c:228e:67c:b72e:7289,1
sdv-id-uWmiom,ACC_211,ENT_UK_013,494799.1777566703,USD,2026-03-22 18:04:03,5416:6e9e:764c:f52c:40be:6620:64bd:e00,1
sdv-id-uhbtdK,ACC_186,ENT_UK_002,4172.41297763019,USD,2026-01-12 09:41:40,fa89:ff79:8adb:c46d:3944:2f6e:50fe:7691,1
sdv-id-kOdSTp,ACC_299,ENT_UK_001,691856.5755894141,USD,2026-01-19 09:00:26,ad82:9fd:cde3:465b:3ce4:3b0:6662:6dd9,2
sdv-id-cvoRcV,ACC_247,ENT_UK_019,7783.355447039345,USD,2026-03-30 15:49:18,1e91:a315:e0d9:4540:5abb:54bc:df2c:8d7f,1
sdv-id-CmxiEF,ACC_176,ENT_UK_001,70016.95371828465,USD,2026-02-19 20:14:10,b096:aa40:4852:f053:6fdc:91c2:552e:a462,1
sdv-id-sENTzr,ACC_181,ENT_UK_003,138422.04813590032,USD,2026-01-04 10:08:38,ac0c:9e25:be56:c5a3:70a8:1570:c2a3:bbfd,2
sdv-id-NusNYg,ACC_243,ENT_UK_004,20936.461212276765,USD,2026-01-03 22:57:43,e6d5:612e:1228:e949:bbe4:c691:8d59:39f8,1
sdv-id-YqLFLI,ACC_186,ENT_UK_009,121042.6200365853,USD,2026-03-20 14:10:47,639:13cd:e28a:c34:9aed:9a0a:7bea:9354,1
sdv-id-ikrsfy,ACC_176,ENT_UK_006,1268.377496714702,USD,2026-03-13 18:10:21,6716:412b:baab:6ab8:28b5:276:53b4:1c4e,1
sdv-id-jkfwJE,ACC_176,ENT_UK_017,964.5093613602244,USD,2026-01-24 19:40:01,ad32:2a8d:1a7d:d56d:8f29:3568:3a44:6f87,1
sdv-id-eHsIVu,ACC_181,ENT_UK_001,8919.540865271616,USD,2026-02-26 20:15:10,448b:c598:2736:9d9b:2c24:9abe:8458:ca09,1
sdv-id-HOlGLM,ACC_142,ENT_UK_009,27813.497648481534,USD,2026-01-28 21:30:15,dff4:533a:4132:f745:36b9:8954:6861:1acf,1
sdv-id-NJzCrI,ACC_176,ENT_UK_010,415492.99777475867,USD,2026-03-15 15:55:07,a923:83de:74df:577c:3578:5c7e:8f38:4db9,1
sdv-id-XiwyuW,ACC_107,ENT_UK_012,924.7431748975048,USD,2026-03-28 08:00:11,1e24:8b24:b343:daf1:263f:8438:29fe:c674,1
sdv-id-cACklO,ACC_271,ENT_UK_006,108380.23045402503,USD,2026-02-11 09:39:08,1518:ebe1:2d31:8a0:aed4:a00f:a62f:e07,1
sdv-id-AevAzG,ACC_264,ENT_UK_001,36863.189054832204,USD,2026-03-23 14:52:01,b8b4:de0a:1884:5cd2:d967:fe90:3728:2fd9,1
sdv-id-lWkfjE,ACC_273,ENT_UK_011,19146.22268028395,USD,2026-03-01 06:32:47,4eea:6106:a8d3:e6a:c538:b471:73f5:ec9a,1
sdv-id-wgalNE,ACC_142,ENT_UK_003,1224.511179049739,USD,2026-02-13 14:07:52,dfdf:361e:ae87:728d:ec36:96f:443c:acd3,1
sdv-id-pNrXUN,ACC_176,ENT_UK_004,7344.471832122853,USD,2026-02-14 09:28:04,f639:e53:452c:c3cd:a78:4024:9cac:957a,1
sdv-id-sTfBXv,ACC_186,ENT_UK_008,1134.2265557858475,USD,2026-03-26 10:12:03,337d:34c7:8de3:c99:76db:caa:608a:ac60,1
sdv-id-gZlmXw,ACC_211,ENT_UK_008,222255.00717771085,USD,2026-01-23 16:02:33,5668:5206:b16b:78b6:db89:c5b6:c750:6676,1
sdv-id-EaEmsk,ACC_253,ENT_UK_002,1571.1622973099502,USD,2026-03-15 08:03:37,1c40:dd00:a411:d4fa:7912:a629:5c63:9aee,1
sdv-id-DSyFHG,ACC_284,ENT_UK_016,100155.4930780582,USD,2026-02-17 15:06:30,256d:2a31:529:9c67:6b5b:bd74:7c08:acba,1
sdv-id-XqMFcB,ACC_155,ENT_UK_018,1266.944665308709,USD,2026-01-24 03:14:36,5f22:7918:fcf3:8ada:332a:695e:8b3e:8614,1
sdv-id-ZEgjZz,ACC_142,ENT_UK_009,493842.55319503817,USD,2026-02-05 17:42:40,9642:587e:c7b:d435:1b74:384c:d473:6751,2
sdv-id-Rlrbno,ACC_176,ENT_UK_007,15404.93517027994,USD,2026-02-05 22:55:59,a2bb:f71a:a96b:91ce:8841:af0c:c12a:77ee,1
sdv-id-WOfkPl,ACC_264,ENT_UK_005,394501.13397334295,USD,2026-04-01 08:50:37,b6d1:ca2f:f7b6:a530:36c2:ebb9:eebd:2d18,2
sdv-id-WFTysl,ACC_176,ENT_UK_001,123747.79590507294,USD,2026-03-25 19:49:37,38c:5284:fda6:4fe7:2846:31f2:92d3:78f3,2
sdv-id-qHbRxh,ACC_155,ENT_UK_005,399502.91958806606,USD,2026-01-08 21:02:26,a7e8:d157:b922:d258:3937:34aa:9872:657d,2
sdv-id-YZHGee,ACC_164,ENT_UK_004,15896.978547183098,USD,2026-01-30 03:43:31,723:8aa8:4de9:6645:aa5c:5e70:549e:9e2e,1
sdv-id-fxpECf,ACC_284,ENT_UK_014,160597.34421856655,USD,2026-01-31 10:04:55,ecef:7a1e:35ec:3adb:8492:a62a:7f3d:fe19,1
sdv-id-MkXDvr,ACC_294,ENT_UK_006,247701.24728349232,USD,2026-01-30 22:14:44,d51d:61fc:66bb:8530:6ef6:9089:4d0d:6a60,2
sdv-id-bpZPBT,ACC_248,ENT_UK_010,1358.3731400712934,USD,2026-02-13 02:47:23,271f:fa6f:eda:8f36:a34d:216a:a2b2:d3c5,1
sdv-id-PFALmf,ACC_171,ENT_UK_019,392801.3330038783,USD,2026-01-29 18:18:57,5e6a:68f8:b10d:4a08:f5c:56ef:dd5c:6886,2
sdv-id-bpxOAN,ACC_134,ENT_UK_008,429967.8409855194,USD,2026-01-11 04:26:05,a6d7:33a1:9823:649f:ddc8:991:1529:77ce,1
sdv-id-rAWzgf,ACC_243,ENT_UK_008,1820.6895701127685,USD,2026-02-22 02:30:31,f694:35d9:24eb:7d0c:97a2:5097:fafc:81c8,1
sdv-id-ckuEDG,ACC_142,ENT_UK_011,9469.487428940194,USD,2026-03-01 07:12:33,ea5b:aeec:56eb:75f8:8aff:154a:27:4bf7,1
sdv-id-zyZEdt,ACC_187,ENT_UK_013,56139.55065335628,USD,2026-03-08 12:32:18,f518:89a6:396:3f9e:ccc5:2d17:7186:be7c,1
sdv-id-LQMeOH,ACC_284,ENT_UK_004,168958.8375804045,USD,2026-02-24 19:15:07,8e22:53be:a926:52ba:3431:7324:f7a3:17a1,1
sdv-id-cYUgUY,ACC_142,ENT_UK_018,977.7724609663512,USD,2026-01-26 01:12:34,8ff5:7c0b:1863:b230:19be:bf5f:9468:e64b,1
sdv-id-HoiTUg,ACC_142,ENT_UK_012,100025.73484105068,USD,2026-03-06 00:34:16,ac3a:9c6e:de52:469d:3821:65f8:9b80:2214,1
sdv-id-FVLSjB,ACC_142,ENT_UK_009,257085.4565012681,USD,2026-02-17 09:20:38,ed2:359a:c54b:14d9:49dd:5f43:b0f3:fe76,1
sdv-id-YfajeY,ACC_162,ENT_UK_003,45823.88174639348,USD,2026-01-29 08:25:44,f6cb:63de:1275:f2a7:b7e:dcc2:83d5:71c6,1
sdv-id-PypbeQ,ACC_196,ENT_UK_003,934.7871812561576,USD,2026-03-23 16:12:16,58e:33f0:59d3:90d0:ce89:ff98:e971:1374,1
sdv-id-QHjlVL,ACC_211,ENT_UK_005,468947.04310815665,USD,2026-02-08 00:34:54,ff89:960f:ded7:ff0b:842b:9453:f8bb:684e,1
sdv-id-evYuXT,ACC_142,ENT_UK_008,5131.897666968253,USD,2026-01-05 17:20:56,67e6:e1c0:9f9a:8c1c:e0c3:4ab:4fe3:8fe1,1
sdv-id-ZbQUsY,ACC_273,ENT_UK_017,1041.6542953951955,USD,2026-01-29 17:04:15,493d:21a8:2f6c:5b6f:1d90:b033:dcee:594f,1
sdv-id-KNetUd,ACC_248,ENT_UK_012,9033.209060653093,USD,2026-04-01 16:49:34,1bab:798d:2c39:d080:9dd7:fcda:135b:2b3,1
sdv-id-jEIENO,ACC_176,ENT_UK_011,236095.9488515697,USD,2026-03-09 07:31:11,f9a5:1c5:dc07:6ec4:68f3:d2d:de30:16f7,1
sdv-id-RUpXpZ,ACC_225,ENT_UK_007,1138.7369310160936,USD,2026-01-22 15:53:22,d4ac:f940:591c:9b4e:a4b4:8c62:509e:9fdb,1
sdv-id-zqMISn,ACC_170,ENT_UK_001,245832.15099281116,USD,2026-02-12 10:32:55,409d:bbb0:772a:b581:184f:49b1:574d:b18c,1
sdv-id-tzGMBA,ACC_107,ENT_UK_003,17134.032118849405,USD,2026-03-29 07:23:51,635:3556:6d23:96ce:ce5a:c3a4:c96e:d917,1
sdv-id-qqjqqR,ACC_196,ENT_UK_006,144847.87539031354,USD,2026-03-29 06:23:02,7402:705b:6277:1c6b:ea43:2c63:ca29:2f49,1
sdv-id-vsrEPi,ACC_299,ENT_UK_001,10312.64049977376,USD,2026-03-31 09:31:25,67e4:e165:b436:c1de:69ac:a8fd:9728:2ba2,1
sdv-id-oUYNNu,ACC_271,ENT_UK_002,293590.6547905426,USD,2026-03-20 19:01:30,387b:e94d:58e4:ed8f:8e10:366b:e6e9:479f,1
sdv-id-ngMVKK,ACC_264,ENT_UK_013,1790.1974979718511,USD,2026-03-02 13:37:50,a009:7193:16fb:429d:81a2:cad7:e052:3408,1
sdv-id-dwOxkf,ACC_186,ENT_UK_006,100643.78821991362,USD,2026-01-11 17:09:16,de29:927c:36a9:b204:fb5f:2d65:301d:358,1
sdv-id-GMLTLt,ACC_100,ENT_UK_012,6617.51286189188,USD,2026-02-24 08:29:23,24bf:1fe3:d2ca:c004:46b3:da50:d357:b504,1
sdv-id-ZLWrIL,ACC_247,ENT_UK_010,752533.5731079108,USD,2026-01-31 16:47:53,e13a:7f71:18c3:adfa:8815:40ed:9540:d285,2
sdv-id-UbiuKY,ACC_176,ENT_UK_008,2765.6206172729944,USD,2026-03-18 09:06:43,29c5:ae84:15c9:aea7:780e:b7e6:fa48:c05b,1
sdv-id-BlYmGL,ACC_293,ENT_UK_004,75044.43825035499,USD,2026-03-22 20:06:13,3570:7188:3879:4c87:9795:e750:f77d:35f0,1
sdv-id-sBppJo,ACC_176,ENT_UK_008,51749.53348835814,USD,2026-03-03 21:00:55,3606:5d72:6405:51d1:a0be:3d31:843f:354d,1
sdv-id-ZjQYOQ,ACC_107,ENT_UK_015,167552.46178523632,USD,2026-02-06 17:55:12,a7b4:2a71:64c2:c2a1:b77a:d128:eebd:7115,1
sdv-id-RobUFr,ACC_146,ENT_UK_006,192614.28953377047,USD,2026-01-08 10:24:49,bba3:f619:50d1:bfb1:4f2e:593c:27:6254,1
sdv-id-JTwgmr,ACC_162,ENT_UK_007,1107129.9653291923,USD,2026-02-14 12:25:12,df80:fd48:fcbd:12bb:e549:7ec7:aa1e:c21c,1
sdv-id-SGcnsZ,ACC_211,ENT_UK_009,144526.55399650778,USD,2026-01-27 22:42:31,6099:1cde:cabd:f1b3:92ef:a9af:7489:540c,2
sdv-id-SJFKJv,ACC_146,ENT_UK_015,25730.012863441432,USD,2026-01-24 00:37:50,89bd:6fe1:979e:4598:ea0f:ac21:7c96:1690,1
sdv-id-lglhzA,ACC_247,ENT_UK_012,141113.5637631715,USD,2026-03-10 10:57:16,ee89:f982:74f:1371:503a:20cf:80cf:8d62,1
sdv-id-uVMPTe,ACC_243,ENT_UK_009,58346.38492897365,USD,2026-02-26 09:43:36,3679:99aa:7c63:3441:b94c:b3fa:bf1d:6fe6,1
sdv-id-SZUiij,ACC_134,ENT_UK_008,265837.33540075313,USD,2026-03-14 15:37:39,533b:430d:9a38:f75e:572b:c39:f572:afd5,1
sdv-id-zEudCU,ACC_107,ENT_UK_010,344397.73082048906,USD,2026-01-28 09:35:10,63fe:9c48:e521:ca46:846f:48:4e13:3642,1
sdv-id-LauDct,ACC_176,ENT_UK_004,106511.83175512862,USD,2026-01-07 02:22:34,a042:f699:6d82:f48d:425:776c:7628:6f8,1
sdv-id-KYzrbC,ACC_248,ENT_UK_017,915.4340366380374,USD,2026-03-31 02:47:10,ac3e:183d:8059:1cac:8ee4:26d7:3139:fd6d,1
sdv-id-LRfYFw,ACC_271,ENT_UK_008,246756.67841194087,USD,2026-01-28 18:38:51,c403:f491:7c5e:aa6e:60e9:436a:deb9:9be8,1
sdv-id-EhzYrr,ACC_107,ENT_UK_010,352305.635802964,USD,2026-01-02 22:58:08,fc64:ec40:d84f:4fa1:a1aa:bba5:7aee:7f72,1
sdv-id-GiZpSF,ACC_256,ENT_UK_003,79128.13537971249,USD,2026-02-24 15:32:01,ec14:cc5d:f5f:83f:6243:ce32:15a6:b422,1
sdv-id-arcfDp,ACC_261,ENT_UK_017,1160214.8473198668,USD,2026-01-17 03:37:48,5908:add8:b0e6:5e41:5485:9a0e:bf7f:bc43,2
sdv-id-HzzmRO,ACC_176,ENT_UK_012,931.9597035834428,USD,2026-03-10 12:16:49,5d1c:a210:f71b:e449:10ec:9b2a:b9be:8a9b,1
sdv-id-ZnENHe,ACC_196,ENT_UK_017,337509.6881930973,USD,2026-02-05 20:53:18,dfc3:f8ba:b280:de39:9454:37fe:3971:fdaa,1
sdv-id-goKGNb,ACC_155,ENT_UK_014,455835.1958069325,USD,2026-03-14 01:38:00,c433:78dd:d344:5e1c:ad4a:6a32:d5c4:73a8,1
sdv-id-scWyVi,ACC_256,ENT_UK_013,234884.215012779,USD,2026-01-21 21:54:16,7ea4:6c62:e4bd:655:acbc:f8b3:2096:fb20,1
sdv-id-OSGDwm,ACC_176,ENT_UK_001,2259.4257829567623,USD,2026-03-04 03:47:21,bf11:8708:33af:51f6:10a6:3186:24b8:3258,1
sdv-id-giNIck,ACC_225,ENT_UK_004,15799.367649011105,USD,2026-03-27 05:41:02,c672:4230:c8f8:18c9:bf6a:d27a:e400:b90a,1
sdv-id-ZmvLEf,ACC_155,ENT_UK_013,107211.38122479974,USD,2026-01-29 00:51:21,8f86:32aa:6081:fadf:a540:1aff:ee09:1e5c,1
sdv-id-pvAfWj,ACC_256,ENT_UK_012,13629.19223990754,USD,2026-02-09 12:04:01,a799:eb2d:163a:56c6:a5a:9412:4e1e:3872,1
sdv-id-rzbmgc,ACC_279,ENT_UK_012,188472.99713946757,USD,2026-02-14 21:08:09,eda9:3ea4:c810:d54e:c66d:cade:bf17:1f7f,2
sdv-id-WrUunx,ACC_171,ENT_UK_004,121516.66823590484,USD,2026-03-18 20:15:27,8752:94f2:5c9b:9416:cb8b:9c55:3a67:6129,1
sdv-id-auZRSA,ACC_253,ENT_UK_018,33236.07443177534,USD,2026-03-29 03:02:48,2f50:98b8:eb84:2f44:c85d:bd0:5576:7a04,1
sdv-id-nFPEjk,ACC_100,ENT_UK_004,25070.69989409586,USD,2026-01-19 13:04:39,2245:27fa:2a91:c4e3:8158:8e25:b5e9:998,1
sdv-id-Gvqcrw,ACC_181,ENT_UK_002,866169.3045062987,USD,2026-02-28 17:48:30,76b1:ffd8:17f:56ec:f691:4c25:9fed:2f91,1
sdv-id-QjSfjv,ACC_242,ENT_UK_001,1719493.2912371596,USD,2026-01-21 00:31:31,7f30:22f2:52c0:b074:c9f3:1223:a8b1:f066,1
sdv-id-CwvcaZ,ACC_107,ENT_UK_015,949.308138161026,USD,2026-01-11 14:45:53,f73:ef37:f44f:f6a9:9e3:5da3:5486:92b6,1
sdv-id-SuMpZo,ACC_264,ENT_UK_008,49951.82233821263,USD,2026-01-09 00:08:27,a8c3:72e3:b09d:4afb:befb:8b1:4ef7:8fdf,1
sdv-id-nEkIIn,ACC_142,ENT_UK_012,200013.8993269504,USD,2026-03-29 07:11:10,4260:1b96:1a69:ae99:6aff:64da:b638:f37e,1
sdv-id-fFBwai,ACC_293,ENT_UK_016,325316.03878067894,USD,2026-01-12 15:54:43,cef5:3c96:6056:c0b:9121:2fd2:cc4b:8cfa,1
sdv-id-VDmqEQ,ACC_211,ENT_UK_018,1025.2772493970142,USD,2026-01-02 03:22:26,fa44:5faf:bbe1:9659:67ea:fe9c:52c5:65fe,1
sdv-id-ywGUmO,ACC_187,ENT_UK_014,2079.8043737324133,USD,2026-02-11 08:03:47,cf32:bce0:d361:eb41:6f9:71e1:1a9b:b583,1
sdv-id-vkpLoS,ACC_142,ENT_UK_009,2497.3326223980375,USD,2026-03-07 02:57:27,62f8:e1f3:980a:ef65:6848:d78c:7479:c6cb,1
sdv-id-ZhrukR,ACC_176,ENT_UK_015,33648.24715797776,USD,2026-02-27 02:02:53,81c:9c38:c296:453e:a03f:ce9c:e5bb:1e53,1
sdv-id-vrozfs,ACC_155,ENT_UK_007,111052.026530677,USD,2026-01-10 22:50:33,9a5b:e093:98b7:411a:28f7:288c:99e0:2b46,1
sdv-id-ZXgbfz,ACC_134,ENT_UK_019,8338.125697229094,USD,2026-02-19 14:09:53,ae63:3a43:f6bb:3b2f:f9b3:8c3d:1feb:591,1
sdv-id-dEQTzK,ACC_100,ENT_UK_015,419552.7822222865,USD,2026-01-17 04:17:01,4b74:7163:44b:437c:3ba8:f123:6c39:5f11,1
sdv-id-qVSiRA,ACC_186,ENT_UK_019,141656.88126626334,USD,2026-01-10 07:18:16,230b:11c1:599f:b67c:6b17:3d32:de51:53eb,1
sdv-id-lguVpV,ACC_156,ENT_UK_010,980.5781789367804,USD,2026-03-05 15:44:08,655c:1140:cfca:328d:9994:900b:a7cf:8c14,1
sdv-id-XXGYrL,ACC_181,ENT_UK_005,3644.561819489215,USD,2026-02-06 16:12:16,24eb:d637:e6ff:67a1:ead2:968d:ce04:91bd,1
sdv-id-RufXSn,ACC_146,ENT_UK_007,214589.97402399583,USD,2026-03-10 15:45:30,b608:c77f:7bd2:c835:1e15:7968:e07f:6fa0,1
sdv-id-hEFXYx,ACC_171,ENT_UK_013,336706.57897917007,USD,2026-01-31 15:58:12,951b:2153:c93b:3f3:a6a1:a345:8cda:e5ad,2
sdv-id-jIFFlO,ACC_134,ENT_UK_006,6457.337532390363,USD,2026-03-19 00:48:03,2566:c91b:66ae:6dbd:30a3:8966:9c2c:62f6,1
sdv-id-IsKcKW,ACC_134,ENT_UK_004,319947.9736585591,USD,2026-02-14 14:53:26,6a35:8dd6:ff1e:853e:c269:c389:b13e:a025,1
sdv-id-gBJkWV,ACC_196,ENT_UK_018,219491.26253150727,USD,2026-02-21 06:34:13,bc6e:c612:d478:a342:7dee:f6ac:84fb:8c88,1
sdv-id-BxZmOh,ACC_142,ENT_UK_019,327638.04378628114,USD,2026-03-25 16:56:49,b00:2180:276c:81b0:2a82:6b60:3968:2090,1
sdv-id-zULxHv,ACC_271,ENT_UK_013,78440.68764101104,USD,2026-02-06 16:19:55,7bef:2e20:f8b2:b03b:e7eb:e10b:abab:3141,1
sdv-id-LEcWfe,ACC_142,ENT_UK_005,251441.325150784,USD,2026-01-15 13:42:49,db7b:5ae4:383b:5e9a:66fe:618:9ca4:635,2
sdv-id-ZbGcal,ACC_142,ENT_UK_006,13558.05978640497,USD,2026-03-14 01:42:57,b261:22be:3868:62eb:c97b:4f54:bc39:8a1b,1
sdv-id-fvvQpU,ACC_142,ENT_UK_018,177231.20975839952,USD,2026-03-05 23:34:20,833d:8ae3:3f8a:c462:43d:e10a:fbce:e19,1
sdv-id-GdhOAQ,ACC_271,ENT_UK_008,21543.78303613255,USD,2026-02-12 13:44:27,1fa:5541:c2f2:aeba:a9e9:b507:a7bd:9957,1
sdv-id-TTeusU,ACC_107,ENT_UK_019,19126.235108153294,USD,2026-03-16 19:44:12,49b1:e3d7:678:8747:a5fd:a363:7ddd:9f6e,1
sdv-id-xXZBBh,ACC_164,ENT_UK_010,976.2731743249052,USD,2026-02-27 13:01:15,c056:31dc:da7a:888f:23f1:adc0:4fe:66d,1
sdv-id-lxCWwp,ACC_107,ENT_UK_002,65563.64031660848,USD,2026-02-13 15:06:26,f997:f289:c0b6:33b5:bd45:bd6f:b334:db19,1
sdv-id-kogIHB,ACC_107,ENT_UK_010,61700.260456120224,USD,2026-03-24 14:06:00,d96b:fa9d:3135:8a41:4890:4325:d645:aff7,1
sdv-id-cvhYJg,ACC_271,ENT_UK_018,11988.94457741004,USD,2026-03-25 17:45:08,a340:d227:eb56:9e24:b132:4c76:33f1:946a,1
sdv-id-hFBTYy,ACC_196,ENT_UK_011,76601.83247787187,USD,2026-03-07 06:40:24,cab5:278a:d7be:c7ad:4e51:e891:1f0d:9d87,1
sdv-id-MaeiFu,ACC_243,ENT_UK_001,21951.6943247407,USD,2026-02-07 18:37:35,1d6e:4eaa:b61:edc6:37f3:53a7:247b:c144,1
sdv-id-daefrQ,ACC_156,ENT_UK_003,327057.445449349,USD,2026-01-05 06:38:24,bf83:cf82:7598:3aea:b1ff:4d58:8ddd:abbf,2
sdv-id-XNfopL,ACC_211,ENT_UK_010,142297.98084715547,USD,2026-02-21 06:31:42,67d4:d529:5295:302e:278a:203a:eb91:897e,1
sdv-id-YtALVc,ACC_211,ENT_UK_014,79761.03428652737,USD,2026-04-01 10:58:45,e88f:caf3:b856:8e7c:a524:ee61:d23c:b91,1
sdv-id-tcCaGA,ACC_186,ENT_UK_016,275218.2055554996,USD,2026-02-05 23:48:10,3a:1b66:d63a:70d:1040:e994:2ece:abbe,2
sdv-id-UhRvpz,ACC_211,ENT_UK_002,97836.6549515483,USD,2026-01-01 01:21:04,2e24:8de4:23b2:59b:2de8:db74:1611:e3e7,1
sdv-id-ImpIeD,ACC_242,ENT_UK_011,330393.54035333445,USD,2026-01-24 11:15:56,77b0:2b54:65f5:83eb:f0a7:c89:4666:d9ca,1
sdv-id-uhaTMp,ACC_273,ENT_UK_001,442421.4829993418,USD,2026-03-13 05:54:36,a876:30f0:5a7b:90ee:3a1e:2052:e658:3bf9,2
sdv-id-YhavtM,ACC_142,ENT_UK_006,140432.00421206374,USD,2026-02-03 05:24:44,ca6:12bb:b24:19c4:a194:b985:263d:5620,1
sdv-id-sqokNR,ACC_107,ENT_UK_009,175417.92412483008,USD,2026-01-24 01:21:46,a41b:205:bd3b:3479:ca86:9e39:8329:d66f,2
sdv-id-ApyDCf,ACC_170,ENT_UK_017,100049.56711140498,USD,2026-01-22 10:10:37,89fc:ae40:855:6201:6fb7:abbe:733:ff5f,1
sdv-id-woKyBH,ACC_176,ENT_UK_001,265681.5485184422,USD,2026-03-24 09:28:48,83e6:1ac4:8f1d:f56f:49ba:5454:ed2a:dcc8,1
sdv-id-mZCerK,ACC_196,ENT_UK_002,2062.799212163272,USD,2026-02-22 23:02:55,cf71:69cd:bca4:d83a:9af8:35af:c310:cd32,1
sdv-id-rCckLA,ACC_273,ENT_UK_005,1500583.7541795473,USD,2026-01-03 23:04:35,36ae:6d31:4086:9a07:73e3:8db5:9b26:34ab,2
sdv-id-iPbFFA,ACC_107,ENT_UK_018,102881.23610385635,USD,2026-01-17 23:23:42,9c4f:dbb5:2082:e693:aaf2:14ad:1311:468a,1
sdv-id-iDauHZ,ACC_199,ENT_UK_009,67815.6794047684,USD,2026-01-24 17:38:32,8652:c4a1:58d7:4285:41ad:20a7:323a:6932,1
sdv-id-gtOGSh,ACC_142,ENT_UK_018,1928.67305371471,USD,2026-03-10 20:46:53,c286:c4b2:4fc1:42e1:f83:466a:4cc6:a354,1
sdv-id-RLGzzI,ACC_104,ENT_UK_009,88343.60992285374,USD,2026-01-07 14:16:35,7802:d9d8:d9fd:587:db02:adea:46c1:2037,1
sdv-id-eYZixp,ACC_196,ENT_UK_012,12531.115111588677,USD,2026-02-08 17:57:51,5246:fd4a:9e8f:3aba:c314:4254:829d:30bc,1
sdv-id-eISUQN,ACC_146,ENT_UK_016,122445.9582184732,USD,2026-02-03 01:45:32,eb31:dbad:79d4:6444:69d8:f0bd:1f44:f1e2,2
sdv-id-aXNXgi,ACC_176,ENT_UK_003,526128.0795340914,USD,2026-01-26 00:07:03,b60a:b053:d50:5109:1163:1d41:3d28:bb83,2
sdv-id-PRJsPW,ACC_264,ENT_UK_014,1635637.2066488978,USD,2026-03-01 23:27:33,ddc1:edc8:1347:1839:809e:fe50:c33d:3f6f,1
sdv-id-NLthQB,ACC_134,ENT_UK_017,81107.99434352892,USD,2026-01-31 11:49:38,bebd:3d1b:972:7a5a:1458:c210:f2a4:1a16,1
sdv-id-OLaMYb,ACC_284,ENT_UK_005,3066.606664134851,USD,2026-02-21 11:54:20,6791:726d:5f41:416c:a2ef:6e59:1806:492e,1
sdv-id-jbxhEW,ACC_243,ENT_UK_017,2861.812555019126,USD,2026-03-08 10:30:38,914d:888a:53a6:699e:6e51:60f4:f489:c7c0,1
sdv-id-qnMTCc,ACC_155,ENT_UK_013,206313.51309114211,USD,2026-01-02 17:48:46,21a:55e6:3d29:4611:654a:fe5f:a922:10a,1
sdv-id-eFaGJS,ACC_273,ENT_UK_007,320543.91138845397,USD,2026-01-14 21:21:07,e5e2:b5cc:6952:755d:a0e6:6cf:2cb5:ef55,1
sdv-id-hRVpHk,ACC_181,ENT_UK_011,340122.31329932023,USD,2026-01-18 05:39:33,b654:13d9:efb3:730b:d125:6d93:86f7:3864,1
sdv-id-NuPNeu,ACC_271,ENT_UK_014,123451.45882478548,USD,2026-02-24 02:52:46,f97d:9e4a:599a:1c06:408d:4d37:f0ca:92d6,1
sdv-id-vSBdNm,ACC_142,ENT_UK_012,162830.64588353262,USD,2026-02-23 05:45:51,ffd5:6d2c:5b29:5de6:a1aa:df0c:9de6:8718,1
sdv-id-wipXsm,ACC_186,ENT_UK_006,351155.34538701485,USD,2026-03-31 06:18:12,b9f1:42fc:b61a:afb5:5593:b686:b5c1:21e5,1
sdv-id-ZXtdQV,ACC_142,ENT_UK_003,84576.82807037218,USD,2026-01-11 00:50:50,ba4e:a219:1682:8db1:9bc9:fb72:584f:5018,1
sdv-id-rXFbSi,ACC_146,ENT_UK_004,1785.6096825210177,USD,2026-02-16 20:15:12,4d2f:cedb:8551:1a0b:4203:9dc7:5a53:df7c,1
sdv-id-hHSRdM,ACC_242,ENT_UK_016,613293.2953243417,USD,2026-03-12 01:42:55,e39c:1997:1cde:359f:e99d:870:78dc:5606,1
sdv-id-QZUrkj,ACC_170,ENT_UK_013,5340.620566172886,USD,2026-03-08 12:24:35,5106:9dde:7526:f5c0:5495:95f1:9a7f:57d9,1
sdv-id-jyFiBZ,ACC_155,ENT_UK_008,58943.2438998745,USD,2026-03-08 17:16:55,f0c1:cecf:e37c:422a:d6b9:37ea:97b5:5539,1
sdv-id-DdcCqL,ACC_142,ENT_UK_005,239632.41021250567,USD,2026-01-24 07:54:50,f4f0:fe6f:e1aa:e361:112e:f7c5:987f:797a,1
sdv-id-yXRdLo,ACC_211,ENT_UK_015,39720.71890018302,USD,2026-03-17 00:14:01,b73e:a4ad:e5e1:c831:674a:4c38:dc2d:a006,1
sdv-id-TMBNlc,ACC_171,ENT_UK_017,491228.82410611096,USD,2026-03-09 05:33:43,de3f:6c9c:5d05:2b60:20aa:3619:e066:f360,1
sdv-id-TaTMXc,ACC_176,ENT_UK_009,1090.2910907253413,USD,2026-02-15 05:22:33,c37a:2131:5f94:ffc9:b107:9309:7edd:7d17,1
sdv-id-fqXZoM,ACC_176,ENT_UK_018,26094.341659673617,USD,2026-02-16 13:03:21,beb3:c4c0:5d28:8945:f149:72d9:277b:48d6,1
sdv-id-XHIAPq,ACC_284,ENT_UK_016,437915.8757562538,USD,2026-01-23 22:53:51,f202:3e4a:ec64:7d08:cf14:5e78:b163:7cca,2
sdv-id-tbAuGL,ACC_142,ENT_UK_018,57833.402164286694,USD,2026-01-17 00:55:31,21ca:533c:9fc1:54c4:2456:b136:4d2b:1a98,1
sdv-id-HFHnjL,ACC_156,ENT_UK_009,111958.02011384151,USD,2026-03-13 09:21:50,d98b:4808:3bea:652a:4676:63e9:c518:4e6b,1
sdv-id-CxqdvR,ACC_176,ENT_UK_003,587955.6734432243,USD,2026-02-07 09:03:06,da26:d04e:4de4:cd0b:f1fb:788f:adc:1f42,1
sdv-id-vPucJi,ACC_171,ENT_UK_002,21196.488778805848,USD,2026-03-03 11:35:24,162c:77ba:bc75:9c40:11a5:4a9c:1413:73e4,1
sdv-id-mISjpg,ACC_176,ENT_UK_011,943.9112392643716,USD,2026-03-17 14:08:00,d805:7beb:c3a1:9d2:8f5b:833c:babd:43c3,1
sdv-id-RkSWPw,ACC_176,ENT_UK_007,72388.30240741337,USD,2026-01-06 20:26:45,1501:7404:1d72:21f3:ba21:a78e:74f4:86f0,1
sdv-id-rkkxae,ACC_273,ENT_UK_008,981490.074899479,USD,2026-01-26 08:28:01,3476:a370:a60e:45e6:f8e9:216e:6670:e2c1,1
sdv-id-ihvGye,ACC_211,ENT_UK_010,66716.30144198415,USD,2026-03-20 05:16:25,249f:a030:527c:623c:e148:2a1c:8dca:53cf,1
sdv-id-bMibin,ACC_128,ENT_UK_008,40040.91407944815,USD,2026-02-06 12:07:27,56ba:ae56:cb6e:f8f1:353e:493e:29de:2b7b,1
sdv-id-KtyjSt,ACC_142,ENT_UK_006,20338.76246174528,USD,2026-02-03 22:40:07,cc78:c1eb:2c74:f03:5b84:5cb2:e37a:98da,1
sdv-id-PRsEYn,ACC_181,ENT_UK_009,710898.216300998,USD,2026-03-15 17:28:15,c7d9:87ce:7308:9e80:2623:6004:36ea:e6c1,1
sdv-id-agWKDM,ACC_171,ENT_UK_014,4260.891694086214,USD,2026-03-27 00:42:23,1c8c:5170:61df:eabd:359e:f27b:5d8:87fa,1
sdv-id-MssDnE,ACC_142,ENT_UK_008,8357.697610687392,USD,2026-01-23 10:22:08,eae1:3994:c2cb:459d:f60c:34de:f801:5030,1
sdv-id-ygCUWs,ACC_273,ENT_UK_016,67301.24465718649,USD,2026-01-14 01:25:45,9162:3935:8c49:b56c:5722:cd1:86b5:21f,1
sdv-id-fTKNZm,ACC_155,ENT_UK_007,725926.9209593615,USD,2026-03-31 22:42:58,1bfd:db88:8f34:5a6a:1f3d:9f19:7b13:3631,1
sdv-id-ZzPZJU,ACC_243,ENT_UK_010,23387.53293726571,USD,2026-01-01 03:23:38,9af8:6069:f8fd:15b5:3ebf:efa2:7577:7289,1
sdv-id-wCfoNd,ACC_253,ENT_UK_014,179238.05472159453,USD,2026-03-01 08:40:08,257d:cae4:b246:11e6:1b36:abb0:ac7f:b6fb,1
sdv-id-oHpGqU,ACC_176,ENT_UK_007,15729.518077755796,USD,2026-02-05 20:25:16,91e3:9f4d:fc4:df3c:c7:1176:bf1d:3b3b,1
sdv-id-pCUKIa,ACC_264,ENT_UK_009,987.3131197824258,USD,2026-03-14 11:56:21,8d56:f4a7:263d:3883:d90a:b349:56ef:8748,1
sdv-id-AsjnhK,ACC_142,ENT_UK_005,82632.94821420999,USD,2026-03-18 10:02:02,dcd1:fbcb:18a9:f0a1:f011:41fc:f6cc:2c81,1
sdv-id-dpbrpe,ACC_142,ENT_UK_014,127438.92646342774,USD,2026-01-31 15:23:27,37bb:ed8:164d:847f:9399:b00:a5b5:23d8,2
sdv-id-lnkFDM,ACC_123,ENT_UK_007,2016.402681776779,USD,2026-03-12 13:46:02,f0e5:2a7d:3081:2dbe:d2b1:b5e5:a489:d6b0,1
sdv-id-jRAhPQ,ACC_176,ENT_UK_003,251586.35593586243,USD,2026-01-13 14:45:30,a89d:5ff4:21fa:a9ab:fc2a:af43:dbbd:97a,1
sdv-id-YHeWVc,ACC_142,ENT_UK_007,3011.3759086701693,USD,2026-02-02 11:06:36,75e:9ae4:e255:3840:160c:5dc0:8e31:aaa2,1
sdv-id-HRAmxY,ACC_211,ENT_UK_019,285126.333084912,USD,2026-03-12 08:07:45,2d53:5eaf:29fe:c22b:98a2:c541:1d0c:f49a,2
sdv-id-kZAcGx,ACC_211,ENT_UK_010,158410.16921522623,USD,2026-02-06 17:47:00,b4a:9552:bde1:3e2f:faf0:5f0a:5051:c721,1
sdv-id-BbeeSl,ACC_211,ENT_UK_016,96008.5291919167,USD,2026-02-02 10:51:08,6a28:c5ea:de8f:d5e7:d119:9afa:aadd:7b89,1
sdv-id-gMxRtD,ACC_176,ENT_UK_018,337999.8387543117,USD,2026-02-06 04:50:51,9ae5:45b4:1e76:4877:990d:dac8:5c5f:c8db,2
sdv-id-eIeMah,ACC_189,ENT_UK_008,920769.603807966,USD,2026-01-29 18:07:59,a714:c816:44f3:d98:61cf:f71b:238c:3f33,1
sdv-id-tBhIWE,ACC_205,ENT_UK_018,352496.06796353287,USD,2026-01-05 09:27:42,c833:8724:5e70:10d9:1d:dfcd:fca2:d139,0
sdv-id-tpvcBf,ACC_176,ENT_UK_019,2593.6402580785784,USD,2026-01-11 15:11:02,74e6:b963:6a99:d9e3:6beb:66bd:e65a:3f91,1
sdv-id-lWFXxK,ACC_271,ENT_UK_013,154543.5049198581,USD,2026-02-13 12:07:22,923c:3dad:9374:7876:bf93:d9e4:7cd1:a04e,1
sdv-id-saLSjS,ACC_225,ENT_UK_016,75126.2922761829,USD,2026-03-02 15:16:10,e75f:9c73:4736:e30c:aea4:ef42:d160:72e,1
sdv-id-DZXpHw,ACC_271,ENT_UK_019,33078.43838296119,USD,2026-01-08 22:36:46,4c7:bf26:2742:bd0c:8232:3c58:65bb:61e7,1
sdv-id-MsVwYZ,ACC_107,ENT_UK_007,56757.32753314405,USD,2026-01-30 18:08:38,cde9:eb99:5da6:6dd1:9db0:3702:8255:b1d6,1
sdv-id-jpXPCU,ACC_146,ENT_UK_018,1031.2775915946013,USD,2026-01-05 03:44:37,7d75:f648:2967:45a:aaee:4437:be28:d238,1
sdv-id-mOsfeO,ACC_293,ENT_UK_002,70409.42906015331,USD,2026-03-26 04:13:28,e56e:8009:2747:ed6:de1f:26:cd07:c388,1
sdv-id-baUnya,ACC_146,ENT_UK_001,40363.49426947522,USD,2026-01-04 18:26:14,572e:3132:6042:960:b61f:637d:2f08:fd76,1
sdv-id-xqTriH,ACC_176,ENT_UK_007,228408.47329982772,USD,2026-03-26 17:44:18,cf37:9850:e244:1241:d465:6ca8:e4da:d2ac,1
sdv-id-GhTCMr,ACC_271,ENT_UK_003,261522.30187847084,USD,2026-01-28 17:03:56,7984:6176:3255:f8aa:2e0c:90d0:f292:ad1d,1
sdv-id-XPlZiU,ACC_160,ENT_UK_018,199402.70967289392,USD,2026-03-27 15:25:23,f43d:8bf6:53a7:c28c:a35:defc:f773:24ec,2
sdv-id-cPGHIq,ACC_211,ENT_UK_010,249211.20679915464,USD,2026-01-30 21:02:16,ac57:518e:80ff:165b:a858:7745:b3ec:ae01,1
sdv-id-kmQhMh,ACC_176,ENT_UK_013,75236.10359956023,USD,2026-01-04 10:33:56,c89b:741:37dd:ba4a:d6ae:287a:a60e:fa58,1
sdv-id-qSTEHk,ACC_142,ENT_UK_018,119613.49048946051,USD,2026-03-05 05:49:13,28fb:f77d:dff9:ded8:28df:3968:f33e:798,2
sdv-id-AxeWQP,ACC_107,ENT_UK_019,460503.593117176,USD,2026-02-02 21:54:16,5fc0:e675:2370:4cfc:1808:9f79:e046:c9f,2
sdv-id-ILxqSu,ACC_211,ENT_UK_005,43806.51918677195,USD,2026-02-20 02:13:38,7f1e:3436:412d:da51:6cb4:88d1:a51a:893b,1
sdv-id-sLyPGD,ACC_181,ENT_UK_013,44224.96139121351,USD,2026-01-15 12:22:01,3364:f913:4abf:5c16:1eb5:b46e:a196:319f,1
sdv-id-fkDckG,ACC_146,ENT_UK_012,10265.755145856583,USD,2026-02-08 00:45:07,c1e4:4612:d57e:9628:499c:5c15:ace4:ee9e,1
sdv-id-AfWsmw,ACC_155,ENT_UK_006,281304.10658064,USD,2026-01-07 19:14:39,5949:8289:db0c:9925:8fff:765f:ad1d:7593,1
sdv-id-xdmPkC,ACC_107,ENT_UK_014,255602.27112557465,USD,2026-02-14 19:38:57,87d0:6466:2208:3e22:5442:f9e5:f67:db67,2
sdv-id-hUDNCe,ACC_176,ENT_UK_002,21022.336806066196,USD,2026-03-09 07:34:59,39d7:58e2:fde8:512c:bb1b:ce02:e31e:7bff,1
sdv-id-bovayI,ACC_107,ENT_UK_010,47721.42667267673,USD,2026-02-25 07:17:23,c6d3:5ed:ab69:506f:9154:bdba:a2cc:98a8,1
sdv-id-woTWOc,ACC_211,ENT_UK_013,357165.0402704829,USD,2026-03-29 18:23:05,fbab:f869:a10:af55:5a97:f240:b5e1:d07c,2
sdv-id-LSNBvK,ACC_253,ENT_UK_018,940.2847481928696,USD,2026-01-16 09:47:27,22d9:940:ce11:3d91:93b1:540:bfbb:832c,1
sdv-id-ZKojYr,ACC_170,ENT_UK_015,150366.54578378575,USD,2026-01-20 15:20:53,9164:6c02:e41b:1c10:1e4c:84fd:dcdb:5979,1
sdv-id-TOIOkU,ACC_176,ENT_UK_012,566246.6148796037,USD,2026-01-17 17:26:54,6ceb:86c7:6649:a819:73f:439c:b6a1:3f8d,2
sdv-id-jWjVRP,ACC_248,ENT_UK_002,41738.40104537798,USD,2026-03-05 18:56:23,d33e:3e4a:91a7:532e:d8de:ad3e:d345:3543,1
sdv-id-KFpzEz,ACC_142,ENT_UK_016,43534.60981419877,USD,2026-02-15 15:52:45,1840:faf3:2014:2af3:9769:531d:298b:9ee8,1
sdv-id-KSPpaE,ACC_162,ENT_UK_011,2174.686415078172,USD,2026-02-19 16:35:56,13f8:5f64:43f3:8dfb:53b5:9c94:ae63:99f3,1
sdv-id-yomCCb,ACC_104,ENT_UK_016,1086.3604865596476,USD,2026-01-03 23:41:40,f8a8:a49d:be14:8766:5f3c:8d50:949:38a5,1
sdv-id-mfxBgL,ACC_299,ENT_UK_016,992.9023596661788,USD,2026-03-29 02:31:10,4e92:2f4c:1550:353c:91a2:5098:d81a:d3c,1
sdv-id-hKcDmP,ACC_176,ENT_UK_010,161729.95367286043,USD,2026-02-05 09:01:54,4725:b872:e3ae:297f:6cbd:665d:9f2d:3bb5,1
sdv-id-oGFlsO,ACC_181,ENT_UK_002,1809.196392909737,USD,2026-03-02 07:34:16,7601:7f4:e905:dcdb:d280:8ddb:d666:adc2,1
sdv-id-jxFHtS,ACC_179,ENT_UK_018,315834.6259283546,USD,2026-01-23 16:51:10,a550:ff0a:bd4f:4667:c000:44c6:5d12:30bd,1
sdv-id-wMTiSR,ACC_171,ENT_UK_006,12153.760909716,USD,2026-03-31 00:00:43,bf5a:1006:8e37:cd89:65cd:dffc:7b95:1007,1
sdv-id-skQeqz,ACC_107,ENT_UK_002,3124.6368505312366,USD,2026-03-07 01:31:35,32b6:eb8:5ab9:43d2:5b0d:be2a:31fa:aabe,1
sdv-id-KssrGA,ACC_211,ENT_UK_016,1100.714044324407,USD,2026-02-25 06:45:37,596:c114:f6b8:9261:be:d4a:4ee7:394e,1
sdv-id-pywxwS,ACC_187,ENT_UK_010,2303.6453983020624,USD,2026-03-16 21:15:27,4e18:dad2:46c0:5a2f:3219:3a2e:1fc4:bebb,1
sdv-id-gzyRWR,ACC_271,ENT_UK_004,5394.101600260378,USD,2026-03-27 17:15:12,e1d0:8c20:59c5:bcd9:7633:3b15:14b9:cf5f,1
sdv-id-uJiRXU,ACC_248,ENT_UK_001,1870898.780584922,USD,2026-02-14 20:01:18,86ce:3598:5e44:a8b2:6db:9823:68c3:3f6e,2
sdv-id-EQjTxG,ACC_164,ENT_UK_019,539077.297196028,USD,2026-03-24 11:37:10,678a:54da:35bb:71be:556c:6cb7:2d2b:f3d6,1
sdv-id-thhuQR,ACC_271,ENT_UK_013,388310.91059521574,USD,2026-03-30 14:18:55,dfa3:8bd9:754c:75a2:61cd:4d81:6642:67ff,2
sdv-id-mozphI,ACC_134,ENT_UK_011,1087.4804295789438,USD,2026-02-02 08:21:03,73c4:6954:2407:10ce:cb36:a37:1565:1763,1
sdv-id-bITlpZ,ACC_107,ENT_UK_013,223386.9690106533,USD,2026-01-17 21:18:43,fabf:8c39:4d83:76e3:54ad:451:4acb:7d28,1
sdv-id-RZaOlX,ACC_142,ENT_UK_018,956.4818478150733,USD,2026-02-20 20:59:05,b348:999e:e82d:c92:600f:da18:b873:575f,1
sdv-id-iotvmp,ACC_107,ENT_UK_002,98440.18633161204,USD,2026-01-23 00:22:11,f2c9:7cd:5fba:1c9a:c4ad:449f:b498:e93a,1
sdv-id-CGufJL,ACC_211,ENT_UK_003,31669.656097730585,USD,2026-02-05 23:00:56,b764:e74:c9c7:439a:a756:70f7:e06a:d39a,1
sdv-id-zNIAuN,ACC_176,ENT_UK_015,12831.228264438438,USD,2026-01-13 18:25:38,847b:e4d6:c233:238b:6f40:9f26:bd66:2a82,1
sdv-id-DQLtGn,ACC_293,ENT_UK_013,1147.79707522668,USD,2026-02-07 16:52:53,6ea3:dc0c:f20e:64b0:67d4:e03b:99ac:b365,1
sdv-id-CsVzyD,ACC_211,ENT_UK_003,807625.946840023,USD,2026-01-06 05:23:48,733b:f99d:c65c:254f:3bc1:2f7b:567a:c8af,2
sdv-id-sGDfjJ,ACC_176,ENT_UK_006,158240.13735063298,USD,2026-04-01 03:12:06,6677:1f:2c3c:8481:8005:2c5d:1ffa:610c,1
sdv-id-MaLuKH,ACC_142,ENT_UK_006,455904.93051047454,USD,2026-01-14 08:16:34,c707:4002:d56d:3510:f28:7d45:5329:e233,1
sdv-id-OCITVg,ACC_107,ENT_UK_014,73112.66609520244,USD,2026-03-26 04:29:57,eb6f:e3fa:acac:fed5:b9f7:667d:bcb7:9f40,2
sdv-id-VnXBTw,ACC_129,ENT_UK_005,354081.2016226625,USD,2026-03-11 05:16:34,9103:9a2f:7d25:30d8:7015:25d0:c27e:f22c,1
sdv-id-zXskMY,ACC_176,ENT_UK_007,17519.98042738017,USD,2026-02-23 19:45:57,ba47:23e2:e5b0:7a53:e39a:168f:266d:e0ab,1
sdv-id-EYLwgs,ACC_134,ENT_UK_010,383975.8037374629,USD,2026-02-19 22:09:22,664c:2635:aef8:a039:6bc8:78c4:4341:f7da,1
sdv-id-NySWxw,ACC_134,ENT_UK_005,14730.445269972231,USD,2026-02-10 03:33:27,ec9a:ed27:9cd5:8c11:c981:cf05:ae38:f334,1
sdv-id-ASvUjk,ACC_273,ENT_UK_004,55175.00858235775,USD,2026-02-14 05:23:59,97d6:61d4:c6d0:1e5b:8d55:a20c:3a50:738,1
sdv-id-mVYjlh,ACC_248,ENT_UK_001,1126484.8292370231,USD,2026-04-01 06:20:53,6a6a:c923:33a3:831c:dd89:e04c:3529:5224,1
sdv-id-gLFtmI,ACC_211,ENT_UK_013,11097.736905221083,USD,2026-04-01 16:36:02,320d:e8b5:139e:fdb3:e10d:801c:6230:1649,1
sdv-id-PHHeaK,ACC_299,ENT_UK_004,947714.4626445054,USD,2026-02-07 19:55:24,e8ad:337a:43c7:583c:3ea8:1897:8d34:47d,1
sdv-id-QyRHyn,ACC_176,ENT_UK_010,234605.6630148282,USD,2026-01-21 07:32:05,31b4:96d1:d293:6018:955c:b210:45da:780,1
sdv-id-ZdzfRk,ACC_181,ENT_UK_008,404486.50928302074,USD,2026-02-22 19:24:44,257d:cbd3:a9f8:ad45:b266:d4c2:a9df:2781,2
sdv-id-lPWGos,ACC_176,ENT_UK_003,77457.14864944103,USD,2026-01-13 13:17:09,602f:ca1f:fd5e:68c:fb2c:c9a4:8180:ffce,2
sdv-id-ngBRut,ACC_100,ENT_UK_010,1951577.8976350697,USD,2026-01-28 06:22:30,e948:8fcb:59c2:2ff8:8141:36ba:b7a5:bd99,1
sdv-id-lHaeRf,ACC_271,ENT_UK_010,16594.100660599328,USD,2026-02-05 08:18:47,2b21:b97:4853:322d:cf41:cc70:3e81:1674,1
sdv-id-uQdVWJ,ACC_100,ENT_UK_010,1301219.2987924502,USD,2026-03-05 23:39:31,4101:4e60:fe32:3add:294c:dcfc:a95e:6cf4,2
sdv-id-KMDChg,ACC_176,ENT_UK_018,494192.9822453776,USD,2026-03-04 05:02:52,9b04:5288:6944:dc39:f1f8:fcbb:4c:92ad,1
sdv-id-KPCgSk,ACC_107,ENT_UK_004,121938.47586447364,USD,2026-02-24 18:39:05,29f6:cde2:c82f:3678:4cbb:424b:4f1:7306,1
sdv-id-hUEVMJ,ACC_142,ENT_UK_019,48610.78340463111,USD,2026-03-21 13:42:39,6be8:1c69:bfe1:1351:6749:44cb:9d40:c5f6,1
sdv-id-RPGnpY,ACC_100,ENT_UK_016,1119.2125637212916,USD,2026-03-28 12:32:50,2b21:b1a0:8bb1:8606:471d:f6ca:e475:d37c,1
sdv-id-EsjPGW,ACC_256,ENT_UK_012,14141.633848499168,USD,2026-01-01 10:58:20,1dc6:a6de:8088:95b6:b760:860d:4f14:54ba,1
sdv-id-kwfxiy,ACC_171,ENT_UK_017,95888.10157879296,USD,2026-02-11 02:09:52,e611:101f:db1:fbdd:7844:7b50:855d:993a,1
sdv-id-FMfLWW,ACC_271,ENT_UK_017,43315.88230521944,USD,2026-03-29 22:56:02,cc06:f48d:2d56:f242:2cc7:e123:89a0:bedc,1
sdv-id-UnEOiS,ACC_284,ENT_UK_011,77194.36926726052,USD,2026-02-05 05:35:15,12f9:ed45:fc0f:659e:f7dd:a594:8839:6831,1
sdv-id-sJrlHQ,ACC_142,ENT_UK_012,988.6023203641936,USD,2026-02-21 05:24:39,881:395a:959b:3cff:8bf7:a19d:9560:2c5b,1
sdv-id-QximJE,ACC_176,ENT_UK_004,9480.20876674135,USD,2026-02-20 14:36:18,62d2:d2a3:83b9:f765:ac43:ec2a:59af:4af4,1
sdv-id-OKjQLf,ACC_211,ENT_UK_011,237561.82927050896,USD,2026-01-18 07:19:11,3a68:a5e6:8bd7:4936:6339:edaf:a9a5:1f63,1
sdv-id-ywuUtQ,ACC_155,ENT_UK_010,155043.85305280567,USD,2026-01-04 16:13:17,b682:e94f:df6c:e70d:280b:41a6:c520:9b5e,1
sdv-id-aoOJRR,ACC_164,ENT_UK_008,69687.8756737937,USD,2026-03-18 19:23:43,9669:66db:6b38:7bbd:249b:30e3:3f10:21af,1
sdv-id-sMObNm,ACC_211,ENT_UK_011,17629.695942394934,USD,2026-03-28 07:38:06,85aa:1001:5a18:739c:10a:5793:de9:a4dc,1
sdv-id-dWFVYX,ACC_176,ENT_UK_008,373643.8729051918,USD,2026-01-02 06:27:00,dbaf:ca90:3446:df80:5d86:7448:d2e9:4cae,1
sdv-id-Zeuegi,ACC_211,ENT_UK_004,11978.1381574202,USD,2026-02-05 10:45:08,6683:df48:856a:b028:a75f:3dbc:a6cc:dc81,1
sdv-id-MtOPCH,ACC_171,ENT_UK_010,1240678.0533757803,USD,2026-01-12 07:11:50,c65f:cb5:621d:831d:2131:289e:6366:5db5,2
sdv-id-POFAMp,ACC_272,ENT_UK_009,643029.1856561173,USD,2026-01-29 14:21:13,d1af:a4b8:b58e:3a45:f1f8:d515:f524:967f,0
sdv-id-zFIcak,ACC_243,ENT_UK_015,53310.59482803427,USD,2026-02-21 11:14:09,dbdf:ab7e:86c0:2019:4eaf:ec6f:7767:f448,1
sdv-id-ksFlOf,ACC_196,ENT_UK_018,2544.1549933017004,USD,2026-01-02 20:39:05,53f0:779b:2e0c:e131:6b46:7406:9dd:3a71,1
sdv-id-tWwnIv,ACC_142,ENT_UK_009,754769.9003798384,USD,2026-03-17 10:21:52,a82d:95ca:5c4a:2cd3:d84e:b99e:ba87:5d04,1
sdv-id-dLwUnW,ACC_225,ENT_UK_002,7673.728207023437,USD,2026-03-03 01:18:22,bf0b:1dc9:782:6ddf:ad80:221e:4d9:9781,1
sdv-id-AzXoDf,ACC_176,ENT_UK_004,4603.632541126759,USD,2026-04-01 07:22:42,630c:15e5:704a:8d88:4c9a:adc6:e4d8:52a8,1
sdv-id-xggLdA,ACC_187,ENT_UK_016,177228.34209956042,USD,2026-02-22 14:03:49,a07:4ae6:83e1:12a:bb36:1027:f603:c5a2,1
sdv-id-BKbWhO,ACC_164,ENT_UK_016,966.7234895285536,USD,2026-02-28 07:19:37,c620:5733:8f8c:342b:4950:7cb:d51d:6320,1
sdv-id-ebZLgW,ACC_107,ENT_UK_019,106533.03693026242,USD,2026-04-01 16:33:23,8ebe:2baf:d279:9af5:2b47:d952:5b6c:ac36,1
sdv-id-YHWris,ACC_171,ENT_UK_007,92623.67052669908,USD,2026-02-10 01:42:11,3d2c:c511:dc15:7a1f:9052:9e:d15e:156c,1
sdv-id-xkBFZy,ACC_107,ENT_UK_006,5986.31753040546,USD,2026-02-04 17:24:34,c0d5:a261:6184:c4a0:b518:6357:bf14:53e,1
sdv-id-XAVpaq,ACC_107,ENT_UK_010,2877.9603468322,USD,2026-02-27 17:05:44,c15:a0cc:a44f:cf72:67d5:30e6:a5e8:1718,1
sdv-id-BzKSkw,ACC_142,ENT_UK_001,3164.3954995401673,USD,2026-01-26 10:41:02,bf58:356d:e6e9:28fd:d2d6:7ddb:5671:e0d5,1
sdv-id-rTTTIW,ACC_271,ENT_UK_015,286641.4870050096,USD,2026-02-01 22:15:53,96cc:93c:3228:ff2f:ca86:b821:bc82:971,1
sdv-id-OjETfc,ACC_142,ENT_UK_006,268134.67478167237,USD,2026-03-13 16:46:45,4225:823d:74b:ab45:4fde:dd28:7327:f0a5,1
sdv-id-tgaSsZ,ACC_248,ENT_UK_009,27578.49418347327,USD,2026-01-17 06:17:55,150e:4ef6:f59f:cf47:123f:cf3e:2b6c:b34e,1
sdv-id-HSeXcM,ACC_176,ENT_UK_018,76312.07041133847,USD,2026-01-12 22:56:33,c5e5:a112:7deb:df78:af7:12a5:c0ea:2010,1
sdv-id-xLtTqs,ACC_248,ENT_UK_019,925.5756427979323,USD,2026-02-08 03:39:37,2f64:9d85:a2fa:5c9:b7fc:8faa:77f8:4062,1
sdv-id-kmzavk,ACC_186,ENT_UK_018,42765.94962542167,USD,2026-03-09 07:49:09,19d:6f92:aa0a:1db2:bf89:891b:ecf7:c48a,1
sdv-id-uoUfGh,ACC_196,ENT_UK_005,221004.83799998427,USD,2026-01-04 03:28:43,29ee:75c1:69b6:1a3:a1d2:be65:804c:aa68,1
sdv-id-iTWxoh,ACC_155,ENT_UK_013,105248.31356601296,USD,2026-02-21 02:24:48,f2bf:61c0:4193:d28f:782e:e34a:2bcb:5134,1
sdv-id-cIcCKn,ACC_171,ENT_UK_018,927.5044713063731,USD,2026-02-25 15:00:40,7b37:f572:2938:aa0b:6ee8:7bbd:f57a:8f15,1
sdv-id-uoHhgn,ACC_176,ENT_UK_017,46670.53199911942,USD,2026-01-11 06:28:53,d547:6146:aa49:b05:9e4e:8fbb:9b7:51c6,1
sdv-id-OggcxH,ACC_123,ENT_UK_008,3055.9570213330235,USD,2026-03-20 16:57:47,bc1:9f0e:bc11:8959:8287:e5fa:fb70:381b,1
sdv-id-ZKqKyA,ACC_221,ENT_UK_012,795341.6748009825,USD,2026-01-10 05:47:00,ae6:1e61:779c:595a:272d:7f9d:7c68:87bb,1
sdv-id-lstvZX,ACC_271,ENT_UK_012,27623.89463357066,USD,2026-03-31 04:45:44,abe8:21be:4ea1:6ec5:8069:856:5b9b:602,1
sdv-id-FugOGG,ACC_181,ENT_UK_010,433672.58951473417,USD,2026-02-06 10:35:57,6ee3:e870:e3aa:9760:889d:fb13:9a45:a49b,2
sdv-id-yruqKs,ACC_225,ENT_UK_014,30158.326269717458,USD,2026-02-20 00:51:30,8024:afdf:11c:3b9b:15b6:22f9:dffc:6767,1
sdv-id-mAatDg,ACC_242,ENT_UK_001,1050690.7761869582,USD,2026-03-24 19:29:58,e25:f857:c0de:cad4:57f3:ac7d:9821:5495,2
sdv-id-GYoYXZ,ACC_176,ENT_UK_006,21422.54125319429,USD,2026-03-11 09:28:51,4329:9b75:b4b1:d94a:86e3:d8a6:56e3:1411,1
sdv-id-UASway,ACC_164,ENT_UK_017,119604.97056412089,USD,2026-01-09 00:52:17,f71:9673:f37:33fd:7ccb:fc0d:f13b:9a43,1
sdv-id-Qenokz,ACC_189,ENT_UK_006,2619.9469762340677,USD,2026-02-14 12:08:27,2415:eb88:af2d:68cb:16c2:37df:bfd7:30e7,1
sdv-id-JdygMQ,ACC_179,ENT_UK_010,81048.17347299319,USD,2026-03-29 01:24:32,e659:14ea:a8cb:308a:1b00:9041:5c3b:59b9,1
sdv-id-qGySNE,ACC_142,ENT_UK_002,172899.1034140063,USD,2026-01-01 08:06:20,33cf:566:c7ec:bab0:723:ccff:196d:3185,1
sdv-id-vGWzBk,ACC_294,ENT_UK_005,493863.6908298334,USD,2026-03-31 04:57:24,ab3c:9bb3:f516:50e7:f67f:2331:881a:4e58,2
sdv-id-LoToEf,ACC_155,ENT_UK_018,376920.7031241883,USD,2026-03-24 10:16:12,629:ca89:cf07:b611:78c1:f635:3332:c18f,1
sdv-id-zqIHqL,ACC_256,ENT_UK_007,228345.40231982543,USD,2026-01-22 00:34:50,3c62:2bad:e042:befd:83c7:e72e:d039:e267,1
sdv-id-JjbAOy,ACC_184,ENT_UK_019,288320.7702102949,USD,2026-01-20 22:07:14,cac7:dae8:2883:dc27:4d1c:9767:9080:b6f2,2
sdv-id-eZqaqj,ACC_176,ENT_UK_004,2089.874747019107,USD,2026-01-13 05:59:45,c654:7ab5:77f3:dd9e:b8b3:1534:1457:46bb,1
sdv-id-qTbLrS,ACC_242,ENT_UK_001,68071.23454731387,USD,2026-03-15 06:23:11,57e6:2769:1ab9:cd55:6053:2b41:b543:940e,1
sdv-id-bknihM,ACC_271,ENT_UK_003,70951.78564727608,USD,2026-03-09 15:41:51,b08b:2e8f:252b:bcea:3949:296:af81:350e,1
sdv-id-rJqVfj,ACC_146,ENT_UK_017,102294.61596918548,USD,2026-03-25 06:58:18,d7b9:244b:d741:d1db:c21f:4a3e:5023:da4c,1
sdv-id-rBHbEP,ACC_134,ENT_UK_018,460313.6786703265,USD,2026-02-15 08:52:34,ea68:8d18:c86e:b233:d758:773c:8261:68cd,1
sdv-id-GTZXKv,ACC_155,ENT_UK_001,105652.9338036156,USD,2026-03-08 03:55:48,d39e:a989:51f7:dd4d:a0ed:671b:2712:cbee,1
sdv-id-ADVgig,ACC_293,ENT_UK_002,1187.474388008894,USD,2026-03-15 06:47:30,bdd1:bed0:64a8:e0b2:349e:275b:707e:dc68,1
sdv-id-RZPouR,ACC_189,ENT_UK_010,890936.3950094699,USD,2026-01-05 10:52:16,5a85:3b01:f401:c194:3d0f:88e7:a391:5c12,2
sdv-id-DVAyyp,ACC_142,ENT_UK_009,982256.9615778294,USD,2026-01-11 08:30:12,863e:feca:3e05:5a05:1db8:7716:c7e1:bff3,2
sdv-id-epvhVc,ACC_142,ENT_UK_003,166129.3915221169,USD,2026-03-24 07:00:44,835c:c17e:433a:5b2:2589:8379:ccbc:a859,1
sdv-id-PMBnWU,ACC_123,ENT_UK_012,1258.493575002555,USD,2026-03-23 18:26:46,c4b8:1878:5d13:eb:c9a8:aa56:b533:fb47,1
sdv-id-FywSFK,ACC_225,ENT_UK_003,56202.580363811765,USD,2026-02-24 17:46:11,9b2b:b8e:2c45:a21:16dc:1032:9b3e:e06e,1
sdv-id-rygAVF,ACC_171,ENT_UK_017,128378.96885896043,USD,2026-03-31 19:31:12,69dd:12e:234d:9441:a90d:d511:2b7f:d755,1
sdv-id-sLIoSG,ACC_181,ENT_UK_012,232652.45500377385,USD,2026-03-06 12:51:10,e5c0:4bfe:60e9:c680:e4d0:13:9b42:e1b2,1
sdv-id-tDoHoL,ACC_176,ENT_UK_006,394344.59083445865,USD,2026-03-01 23:37:21,57d8:3210:1039:dff6:951d:be1a:ffb4:34be,2
sdv-id-WQnjxh,ACC_142,ENT_UK_018,14928.718262469709,USD,2026-02-07 10:04:19,fba8:9b20:e89a:9c51:e51d:2bb9:93c9:711d,1
sdv-id-kUahNr,ACC_176,ENT_UK_006,28456.79437426891,USD,2026-03-17 04:17:24,c92e:3bf8:135a:9508:6b1:199c:d40e:37db,1
sdv-id-QtEYdO,ACC_198,ENT_UK_007,865836.6060117937,USD,2026-01-03 06:18:03,d09a:1150:4aef:b801:df52:37ee:5b98:fd06,1
sdv-id-jlfauh,ACC_107,ENT_UK_002,123240.18511445868,USD,2026-01-22 14:26:50,2881:5609:4ab7:f968:416a:270a:f684:bed4,1
sdv-id-oORqZl,ACC_225,ENT_UK_017,79882.58224138091,USD,2026-03-07 21:41:58,5dbd:32c5:6744:af94:9077:724c:bbc6:afdb,1
sdv-id-ZtwfDZ,ACC_181,ENT_UK_010,580142.7193452094,USD,2026-03-19 12:59:53,375:ea33:3c53:a0d5:5f74:af01:ea76:a7fe,2
sdv-id-enDTzK,ACC_211,ENT_UK_012,1679.9325235094054,USD,2026-03-04 11:15:10,cd1f:4c49:4766:b419:75ed:af96:1612:a1a4,1
sdv-id-krxMTi,ACC_162,ENT_UK_002,1452.1872917679304,USD,2026-01-06 03:22:40,f864:9573:238e:53e9:5ec6:14cd:3d00:d0d4,1
sdv-id-SOcNTP,ACC_134,ENT_UK_005,32971.58705941463,USD,2026-03-11 23:08:15,feac:10fc:636f:1d9:9c42:974a:6b8a:fe7b,1
sdv-id-POGMqS,ACC_187,ENT_UK_012,28150.308810921037,USD,2026-03-24 12:51:14,d215:5b4c:618:f766:658a:3436:4189:ae08,1
sdv-id-KmYAOi,ACC_176,ENT_UK_001,301517.28955747077,USD,2026-03-26 06:25:48,3eaf:bbe5:3e96:2784:2b35:ee8d:6c63:cae3,1
sdv-id-frLpGB,ACC_225,ENT_UK_004,14977.300836905348,USD,2026-02-22 04:34:46,4728:3fd9:2fce:4e95:3222:1c3:ca15:dc33,1
sdv-id-BkmpYO,ACC_264,ENT_UK_011,59753.698572096386,USD,2026-03-13 10:32:04,3faf:c4ef:90dc:95b4:9017:6505:b525:822,1
sdv-id-ilkAhX,ACC_162,ENT_UK_014,726697.3113240832,USD,2026-03-08 21:27:30,827e:ee02:92:928e:5ad:f40f:2cc8:a0ad,1
sdv-id-dHpSXd,ACC_176,ENT_UK_010,81685.3972321009,USD,2026-02-04 03:46:51,88a:67fd:6a2:4bd5:15bb:1d9f:bf24:e335,1
sdv-id-VJoxHR,ACC_107,ENT_UK_010,377680.7851681162,USD,2026-02-28 10:11:24,7d82:eb25:c548:d85f:8f18:1008:c049:7b5a,1
sdv-id-tnRRda,ACC_164,ENT_UK_013,64809.57788354759,USD,2026-03-22 08:42:21,9c89:4fd7:d3be:b464:9f4c:c7b2:8eba:24ad,1
sdv-id-lwvBEx,ACC_196,ENT_UK_013,5880.73579525473,USD,2026-02-26 07:09:10,2928:accf:e538:ac6a:c296:d9f2:ab25:a98d,1
sdv-id-tufROX,ACC_248,ENT_UK_016,223414.56526653032,USD,2026-03-29 09:57:40,b44e:38fa:741f:cdfd:9c1f:547:783c:7067,1
sdv-id-OULefl,ACC_155,ENT_UK_006,175345.69369291692,USD,2026-02-03 17:29:50,2fcf:355a:90c1:d652:a315:400f:8d34:b4a3,1
sdv-id-IPNLzq,ACC_225,ENT_UK_003,9880.08916071953,USD,2026-02-10 06:40:30,d2f3:e3f1:4280:9c5f:35a8:55a2:4889:e249,1
sdv-id-lLhErM,ACC_262,ENT_UK_014,35053.53442276849,USD,2026-01-22 19:10:34,1157:1c17:d7b9:e41a:5230:4554:22d8:8550,1
sdv-id-ZkZCSO,ACC_171,ENT_UK_012,1668074.9561608278,USD,2026-02-11 22:29:33,8e84:3d2d:6573:feef:c3c3:86ea:ae36:7e51,2
sdv-id-ZvanFl,ACC_162,ENT_UK_009,53097.42922436953,USD,2026-01-24 08:29:13,3f17:b195:c012:e8c3:f799:16b5:442a:c4e9,1
sdv-id-fLoFyI,ACC_162,ENT_UK_002,12932.917850962784,USD,2026-03-21 02:39:22,900b:b7e4:5410:f83c:ef2a:51c1:354a:4dfc,1
sdv-id-BrcAxP,ACC_146,ENT_UK_001,254181.26322021533,USD,2026-02-04 09:39:16,15a:9e4f:a9db:e3c6:f137:d2ac:28aa:f052,1
sdv-id-WHvFSo,ACC_196,ENT_UK_006,353348.5744715078,USD,2026-01-03 23:18:50,4668:3875:ac88:1ab:3aff:53c2:9ad:c93c,1
sdv-id-lvbvbN,ACC_299,ENT_UK_014,4529.334118141811,USD,2026-03-11 14:59:25,2736:8bfb:8a9:b291:b715:ac74:6023:b614,1
sdv-id-VtrIWN,ACC_176,ENT_UK_001,5437.837885101787,USD,2026-01-05 09:38:59,d7ef:9343:344:a2a1:477b:e4e3:802c:aeb6,1
sdv-id-jVNvMC,ACC_248,ENT_UK_001,63508.9847198861,USD,2026-02-07 09:04:46,bcf1:6f47:bd4:f25d:1dad:76df:abc3:b020,1
sdv-id-IDUIkq,ACC_176,ENT_UK_014,76258.58069523638,USD,2026-01-23 18:42:20,e00d:8ad6:31c:3bb2:f389:377b:e9db:be33,1
sdv-id-nwLacc,ACC_107,ENT_UK_005,130326.13764635652,USD,2026-03-25 10:41:34,3e5e:16ac:be6b:270e:a9b4:da99:57b:b1e8,1
sdv-id-bAMtqO,ACC_248,ENT_UK_008,8273.683504394088,USD,2026-02-20 13:58:19,5ba1:7500:6d3:cc48:eb81:b617:e566:2316,1
sdv-id-koiupw,ACC_176,ENT_UK_019,156730.36888856595,USD,2026-03-06 03:33:27,bc4e:ddc9:fdf6:ffc0:a033:f775:bd2b:de11,1
sdv-id-dZqCBw,ACC_211,ENT_UK_018,159592.52136726343,USD,2026-02-14 00:57:32,3665:b85b:2543:828:5a63:d97:3ca:80a,1
sdv-id-QyUAMH,ACC_146,ENT_UK_014,118481.32192603132,USD,2026-03-16 06:27:29,5520:ab21:2ca3:64b:c18b:3c97:4695:a155,1
sdv-id-wtRdek,ACC_134,ENT_UK_004,22815.13506473183,USD,2026-03-07 14:08:35,e72d:49c3:23d5:be2:2e9e:3eeb:7236:912a,1
sdv-id-RsaOki,ACC_107,ENT_UK_003,9368.974134127462,USD,2026-01-16 05:20:56,b510:f628:6f19:e015:a378:3d71:ccdb:16e9,1
sdv-id-eZHKrR,ACC_107,ENT_UK_016,3191.418925624067,USD,2026-01-28 13:59:45,2e28:4f14:7fd0:46d3:8f69:bb17:c775:6c03,1
sdv-id-NteJRd,ACC_123,ENT_UK_010,5878.56535182976,USD,2026-01-21 13:06:48,b094:4c4c:4ae9:6128:2fde:7508:9333:32f4,1
sdv-id-AaoIAC,ACC_271,ENT_UK_015,380729.0835216765,USD,2026-04-01 04:18:42,c31a:855c:23b2:dfc6:c86b:c00a:5c:5d07,1
sdv-id-GNHbiG,ACC_279,ENT_UK_009,7637.217357341535,USD,2026-02-05 07:43:59,3e60:c136:7ce6:f89b:b738:1da2:e682:6dc8,2
sdv-id-jNdHRb,ACC_279,ENT_UK_001,40203.71435485735,USD,2026-03-25 07:16:22,24c4:4bfa:ba0c:fc69:4110:a7f8:16ba:fb56,2
sdv-id-lvUphN,ACC_264,ENT_UK_019,4733.975788995039,USD,2026-01-30 05:50:52,dfea:26b2:bac3:d58b:64de:4c83:7f4d:f0d6,1
sdv-id-DnXnpA,ACC_186,ENT_UK_009,1884.1709398185403,USD,2026-02-17 07:05:30,64f3:71fb:916b:7f4c:cdd1:429:4526:10fa,1
sdv-id-HJccCc,ACC_271,ENT_UK_004,8007.700818678535,USD,2026-02-19 13:02:10,8dc5:af7a:7a8a:720a:bd06:3c82:bbbb:60a1,1
sdv-id-pvwDuz,ACC_176,ENT_UK_013,67262.79064833096,USD,2026-03-25 08:12:21,2c10:df54:48e9:d3c4:9723:8ab3:3816:658d,1
sdv-id-ImLvei,ACC_196,ENT_UK_019,19829.49965839614,USD,2026-02-24 03:11:45,c9c8:80c4:5229:cf8e:8ace:a40b:f16c:e34b,1
sdv-id-hFYMuu,ACC_188,ENT_UK_009,758933.9538039264,USD,2026-03-21 13:42:48,9f99:1443:ab26:e05e:ffa:99b6:992e:5310,0
sdv-id-fWXVKq,ACC_171,ENT_UK_005,34771.111876952535,USD,2026-01-14 11:15:26,e151:e2c4:ed:3e5d:b314:9c80:6b75:48b0,1
sdv-id-ZWbnnm,ACC_176,ENT_UK_014,918075.0207607694,USD,2026-01-12 21:15:27,6d88:e0f:e368:fe05:f73a:554d:a046:c7f4,1
sdv-id-GDKldJ,ACC_176,ENT_UK_008,1351.0120105221474,USD,2026-01-20 03:25:21,bf3c:e84:c166:5de6:8356:7621:184e:fadd,1
sdv-id-TpnvuT,ACC_155,ENT_UK_017,18008.438251896117,USD,2026-03-31 01:12:20,ceab:795a:e713:69ce:cefb:7f48:a441:c8,1
sdv-id-SKzggi,ACC_107,ENT_UK_011,934.9237990548552,USD,2026-02-15 00:40:08,f7e0:d1cf:f632:1c82:e6ae:3d5b:dfef:a017,1
sdv-id-lslnEO,ACC_284,ENT_UK_004,787043.1704846942,USD,2026-02-26 02:02:58,eae2:5a28:a8da:bf53:8dbd:2780:23de:1e4c,1
sdv-id-sqNmNu,ACC_256,ENT_UK_016,415181.2229144482,USD,2026-02-11 19:47:17,8b94:6f84:439:b88f:2464:7fa3:291f:777b,2
sdv-id-MoZBqK,ACC_162,ENT_UK_013,141659.91496329388,USD,2026-02-07 18:09:42,f377:4675:8543:fb3f:ef50:5f3f:685d:3934,1
sdv-id-IyymsA,ACC_186,ENT_UK_009,139801.3790862772,USD,2026-03-23 13:50:19,fce4:33b1:9b35:43a6:dd18:57f4:1a95:8107,2
sdv-id-KUqwnz,ACC_243,ENT_UK_017,2687.8629765127016,USD,2026-03-31 11:31:28,a3ce:1e73:e160:31e3:33ff:60a8:e631:24f0,1
sdv-id-VgoeFj,ACC_221,ENT_UK_006,11365.7401839175,USD,2026-02-12 13:59:01,45c6:3d7c:eca5:ca95:7392:8d99:3a7a:bf13,1
sdv-id-jKTUMD,ACC_142,ENT_UK_013,315176.8006500783,USD,2026-01-15 06:03:23,148b:d12d:f13e:b1:a0af:13df:2d25:2afc,2
sdv-id-dadVfB,ACC_186,ENT_UK_008,179357.61314927717,USD,2026-02-18 22:31:10,43e0:22da:b65b:f75a:1209:f798:36b0:75bd,1
sdv-id-ijCkEb,ACC_107,ENT_UK_012,1977.3025693251525,USD,2026-01-12 13:37:03,99db:bba:f046:7001:9b34:660e:f92e:d9b2,1
sdv-id-ZbgaJZ,ACC_156,ENT_UK_014,25036.514124007816,USD,2026-03-25 07:13:22,8b87:f489:7909:7b8:c8e2:dbc7:937e:bb8b,1
sdv-id-QMltpb,ACC_171,ENT_UK_009,47342.42063326354,USD,2026-03-19 19:09:02,c23f:bcb4:f7d6:3a85:bc94:8a42:e148:fdfb,1
sdv-id-SwLdBh,ACC_256,ENT_UK_005,1108629.2990397003,USD,2026-01-03 18:29:24,e06:63e3:f423:701c:da3a:77a5:9e1b:ef5a,1
sdv-id-gwbqwt,ACC_146,ENT_UK_016,9494.22070949281,USD,2026-03-14 20:29:45,8925:b300:24b4:7662:822f:d5dd:b814:6af4,1
sdv-id-LMbbLT,ACC_211,ENT_UK_013,121845.22888757238,USD,2026-02-23 02:12:58,26bc:8b39:6522:e81f:d460:9e96:6add:fcb9,1
sdv-id-RvRHQr,ACC_253,ENT_UK_008,103734.72528020438,USD,2026-03-09 18:46:44,dec1:e2b6:289c:cc58:8c9e:c5b4:938:17e0,1
sdv-id-twZHYZ,ACC_100,ENT_UK_005,1424679.2287447269,USD,2026-03-04 00:57:24,f07:1e0f:7bda:b3b6:5ed1:efc8:ffba:be61,2
sdv-id-CbDUTC,ACC_134,ENT_UK_008,485651.268540535,USD,2026-02-12 15:59:03,e755:fc5d:e900:1018:6e6c:a3c9:e5fc:4251,2
sdv-id-PvTYYS,ACC_176,ENT_UK_002,129222.26767424,USD,2026-03-31 20:15:13,724e:5ff9:e4b5:a3e6:2ff3:3b5d:4fc3:90e6,2
sdv-id-hVvYxk,ACC_273,ENT_UK_014,95656.65995287396,USD,2026-03-01 09:55:02,82d7:d12a:5cab:4f44:db3d:9685:ae8c:d6d8,1
sdv-id-hRhyvD,ACC_170,ENT_UK_004,430270.90825047286,USD,2026-02-20 18:36:57,9128:c7f0:f1a0:65b:4175:dfc9:5443:cda2,1
sdv-id-JzCpnk,ACC_142,ENT_UK_003,80500.94121707635,USD,2026-02-10 18:48:08,2bbf:e305:a860:5065:70e0:3625:8efe:1bf,1
sdv-id-ThQvqv,ACC_211,ENT_UK_001,185468.58442472943,USD,2026-01-09 08:04:20,afe:52c9:79c4:c91a:7f28:a4df:b06a:7e99,1
sdv-id-gonUCl,ACC_107,ENT_UK_013,235318.1341487284,USD,2026-02-03 17:54:43,314:d532:a651:584b:2b9:d1aa:4deb:145b,1
sdv-id-PVSWtP,ACC_100,ENT_UK_016,589649.661590818,USD,2026-03-31 20:16:06,9654:cf6:7175:edee:6c0e:a05c:567a:60fd,1
sdv-id-ltbbao,ACC_211,ENT_UK_014,527202.1039184547,USD,2026-01-31 06:32:00,a53e:37c2:ba3:dc31:a32e:918:b48f:3fbc,2
sdv-id-DFTdjG,ACC_179,ENT_UK_005,2140.513547140462,USD,2026-03-30 08:44:59,e3c4:acc1:6c8a:d2d:d07d:bc4e:f510:a366,1
sdv-id-GJsdOm,ACC_142,ENT_UK_012,1060.5665214417004,USD,2026-03-12 09:48:39,c1de:e93:e65f:c510:a54f:7713:2bdc:14bc,1
sdv-id-hvEOIV,ACC_100,ENT_UK_019,19988.35014100986,USD,2026-01-26 13:11:50,b33c:5aaa:fec:957:4c69:6250:35fd:78f5,1
sdv-id-oZDxql,ACC_211,ENT_UK_008,1054.5323840390895,USD,2026-02-04 09:51:43,6010:ab9:fe7f:8158:73d1:acf4:d88a:c28c,1
sdv-id-IdHGjn,ACC_196,ENT_UK_015,974615.3083558473,USD,2026-01-12 14:45:10,ad7a:cc9b:b781:8d13:c24c:a1d:9d0b:8c4b,1
sdv-id-ymUqSo,ACC_248,ENT_UK_001,6579.427032006705,USD,2026-01-05 14:24:29,5b05:ff43:4908:4fba:1f37:fc51:9842:fb57,1
sdv-id-HMEBzs,ACC_155,ENT_UK_011,202199.48806397364,USD,2026-01-07 15:42:08,2fdc:2009:a251:ad87:c615:3bf8:5984:cfc5,1
sdv-id-Pqpmky,ACC_284,ENT_UK_008,1956367.2761389308,USD,2026-03-18 20:43:28,9313:15f2:ba:122:4140:fe21:1973:7246,1
sdv-id-UlbzCk,ACC_284,ENT_UK_007,328033.01515173755,USD,2026-03-05 23:58:15,b7c9:fb72:c414:ed0c:39e2:af55:1834:c4fa,1
sdv-id-HtgGeS,ACC_256,ENT_UK_011,298675.5641401426,USD,2026-02-20 02:48:14,aeac:5d4a:b9a0:804a:1edb:e224:41ca:a25d,1
sdv-id-eWijWD,ACC_142,ENT_UK_019,338694.2365434302,USD,2026-03-17 13:27:14,c454:7bb7:36b:f55e:7602:7f1f:d726:7251,1
sdv-id-tZupyn,ACC_271,ENT_UK_018,4717.668637350631,USD,2026-01-22 03:38:13,325c:e084:47e8:598:916d:2254:199d:bcdb,1
sdv-id-TNhQuk,ACC_142,ENT_UK_007,6950.403224831972,USD,2026-03-24 10:37:45,3871:f8bc:f7cd:dc63:389:901e:a531:4861,1
sdv-id-vQEqJW,ACC_176,ENT_UK_004,53875.45527819994,USD,2026-03-06 20:31:17,87ca:30db:624b:b03:96c0:8908:940d:4d13,1
sdv-id-OIFbgr,ACC_273,ENT_UK_008,915.9370107676424,USD,2026-02-14 17:27:55,a3d6:cddc:bec2:e59d:eb6d:d97:3238:2a1,1
sdv-id-UNHzOm,ACC_211,ENT_UK_003,1376322.6567979062,USD,2026-03-15 17:56:09,5b59:5bc5:b76f:ab82:911:fa66:eb32:7cab,1
sdv-id-FaReJo,ACC_273,ENT_UK_008,517322.99229594733,USD,2026-01-24 13:22:04,4e9a:2b14:9874:f9d8:7964:10cb:942:f2ab,1
sdv-id-eCIQeE,ACC_142,ENT_UK_002,93358.69011066302,USD,2026-01-08 09:48:05,5405:f158:39d8:7c89:5d39:2197:2d95:1928,1
sdv-id-FuoTON,ACC_179,ENT_UK_011,564518.0439667399,USD,2026-01-03 04:46:13,5cff:136f:b303:a840:ec6a:51e0:adfb:d737,1
sdv-id-wieIJF,ACC_196,ENT_UK_014,126824.76117933274,USD,2026-01-31 00:46:48,a6e4:3d3d:c673:1ef8:f324:a053:959c:9cfe,1
sdv-id-ocngiu,ACC_142,ENT_UK_007,359250.386408182,USD,2026-01-03 06:28:35,a63b:2c60:c583:6f1:744c:eb59:409e:c149,1
sdv-id-aKwAvV,ACC_198,ENT_UK_007,3282.646079703176,USD,2026-03-28 04:47:09,14c7:8279:1bde:fa17:96d8:549d:ba55:6014,1
sdv-id-kfzyQm,ACC_176,ENT_UK_003,27780.63728915707,USD,2026-01-08 09:50:17,2559:efa8:ea92:7b16:88e3:366e:8e36:a7bb,1
sdv-id-zIuByy,ACC_176,ENT_UK_006,28157.78195059413,USD,2026-01-01 03:46:30,500b:d6eb:a290:4c7b:523e:65c2:48d6:fa06,1
sdv-id-OzYAIF,ACC_294,ENT_UK_019,1755.3497213121811,USD,2026-03-23 09:04:09,8509:6fb:44:bcf1:e3e6:9ef3:afaa:fe86,2
sdv-id-oSRIaC,ACC_234,ENT_UK_013,495211.7776231231,USD,2026-03-21 19:03:48,139:2622:e703:347a:d149:4fa:3b2f:e913,1
sdv-id-QYjgTG,ACC_142,ENT_UK_015,257935.1801435884,USD,2026-01-30 08:25:00,5582:a076:f9ae:5246:2743:4b90:f024:2cb,1
sdv-id-GtxqSj,ACC_243,ENT_UK_018,1111937.522798699,USD,2026-02-10 12:47:33,381f:6f33:f808:636d:130:e04f:e020:1a7c,1
sdv-id-IJWWeE,ACC_164,ENT_UK_002,937.6908219300147,USD,2026-02-13 19:21:45,fbcc:490e:17a:fc42:7c9e:db78:c061:a597,1
sdv-id-sOOGsf,ACC_181,ENT_UK_017,3606.356250975805,USD,2026-02-11 18:54:15,d6dd:dfdf:f92c:df20:3f12:8617:23cf:bd37,1
sdv-id-CQxgDT,ACC_176,ENT_UK_001,29202.989782999095,USD,2026-03-13 02:25:13,f2a0:2938:9cd6:a690:3e57:2da7:39fb:cb28,1
sdv-id-xVOyAp,ACC_284,ENT_UK_018,634101.7786223069,USD,2026-04-01 10:03:52,36c6:7dfd:a228:b5c7:b9d0:299e:c1d0:cfd9,2
sdv-id-ZJxGvA,ACC_186,ENT_UK_012,1037.2620790697715,USD,2026-03-01 18:16:54,2694:cbb4:e9aa:196d:dccb:75ac:acd3:93c5,1
sdv-id-fPCGkr,ACC_156,ENT_UK_015,202653.46297664449,USD,2026-02-01 05:03:04,f134:9f:20c8:611:f01:f737:39f0:e861,2
sdv-id-WUNcgY,ACC_211,ENT_UK_012,12976.612782531483,USD,2026-03-01 13:21:50,fee6:d28b:2eb1:d2e4:9826:e6fd:dad1:763b,1
sdv-id-VnEydk,ACC_107,ENT_UK_015,444623.3185198239,USD,2026-01-10 22:22:51,206c:24e8:d81:2876:7019:e2f4:fbc:e90c,1
sdv-id-uGsaCE,ACC_196,ENT_UK_019,5649.337353430503,USD,2026-02-28 21:41:45,dbe6:360f:f23c:6da6:1c6e:2afe:f60d:7131,1
sdv-id-MacaTp,ACC_160,ENT_UK_012,111038.9410907073,USD,2026-01-22 22:08:22,bcce:5bc6:721f:c014:a0a7:e467:ef55:2a13,2
sdv-id-ndJxxb,ACC_273,ENT_UK_013,123987.68292387712,USD,2026-01-22 21:13:21,f7aa:c720:2055:f23f:8f01:f6f9:1594:9e3,2
sdv-id-cCqDpJ,ACC_162,ENT_UK_014,6439.323303519408,USD,2026-03-15 18:06:22,7498:8aa5:fb71:16d9:28e9:bfc5:b3bb:106b,1
sdv-id-KnouaE,ACC_273,ENT_UK_008,125479.86686993403,USD,2026-03-07 04:07:19,c855:4b87:65b3:e66:3b51:582d:d382:f702,1
sdv-id-uMyYZt,ACC_211,ENT_UK_017,139276.09129683065,USD,2026-03-16 13:52:46,9d1d:3e16:8f34:b654:d8e8:ef23:eb86:93a4,1
sdv-id-jthIby,ACC_142,ENT_UK_004,79105.09061684574,USD,2026-02-19 18:41:13,ad6:1ca6:ee56:6634:2646:23ac:80a8:1378,1
sdv-id-LPNjIm,ACC_134,ENT_UK_010,764919.8198809768,USD,2026-03-16 02:12:04,7fa1:fdf2:11db:e1fc:2e8e:e392:ec80:d361,1
sdv-id-ubaWgB,ACC_273,ENT_UK_008,105255.08061700898,USD,2026-02-21 08:31:05,f13f:3d05:5a08:d2f4:88a5:40e9:f57e:c9e3,1
sdv-id-lpGRPd,ACC_181,ENT_UK_017,107502.63086088168,USD,2026-02-23 18:28:37,ff66:a8f5:391c:f889:d1da:10ab:39bf:ce24,1
sdv-id-iaGEJw,ACC_211,ENT_UK_007,160951.3997918784,USD,2026-01-09 22:56:20,65a8:6d03:d0cd:b5e4:448b:839a:35f1:d288,2
sdv-id-IClcmQ,ACC_142,ENT_UK_012,6785.755645379762,USD,2026-03-16 07:58:08,9478:9e70:3707:653b:e4ed:b83a:1bf6:abeb,1
sdv-id-UAhcti,ACC_253,ENT_UK_013,130862.2660859993,USD,2026-03-21 06:22:42,3129:d19a:65a8:1517:72de:526:e119:1b98,1
sdv-id-hMsTox,ACC_100,ENT_UK_013,50357.585623080624,USD,2026-01-04 21:57:55,16b1:f2e8:ea08:62b2:6fa1:fe6:39da:600a,1
sdv-id-nwuZHb,ACC_176,ENT_UK_019,57663.03646658451,USD,2026-01-07 22:51:17,8b67:b179:f006:e053:88b9:6758:cb05:aa73,1
sdv-id-vpWhOp,ACC_142,ENT_UK_007,24670.248340114504,USD,2026-03-21 14:16:11,ea95:401d:a119:57a:e86e:f826:7ff0:1dae,1
sdv-id-zYVgOS,ACC_247,ENT_UK_012,6496.128741682589,USD,2026-03-30 14:44:58,1457:8ec0:d4c3:445c:499a:fbf7:6bf6:5960,1
sdv-id-Gdqnod,ACC_107,ENT_UK_006,481186.5788347673,USD,2026-03-30 19:53:33,d599:9276:d179:bd0a:6ae5:9e68:a249:2df1,1
sdv-id-JwIqMw,ACC_225,ENT_UK_014,7263.153275882445,USD,2026-03-20 12:13:42,ac2c:d77c:982:b1e0:8d5c:b98e:9f22:c0e4,1
sdv-id-vTHnNk,ACC_299,ENT_UK_009,686952.3755327108,USD,2026-03-19 01:59:47,f2dd:f79:d85:6ec2:ae4f:2762:73bd:72e7,1
sdv-id-YlqRAY,ACC_171,ENT_UK_001,446440.7253722482,USD,2026-03-05 08:11:41,914b:d33e:e5f4:f37b:d1d0:6da2:637f:58f4,1
sdv-id-SpZshw,ACC_142,ENT_UK_011,12598.70843789466,USD,2026-02-17 06:00:19,79c9:f63:f2ce:1098:89dc:b300:89b3:8299,1
sdv-id-VBcXhr,ACC_242,ENT_UK_013,343314.0454718064,USD,2026-02-23 06:45:14,f108:db3b:4bee:2409:95ed:dfce:a377:c6cc,1
sdv-id-PxAkoA,ACC_146,ENT_UK_006,30159.71621525326,USD,2026-02-28 11:39:03,1fd2:fe14:aa88:76f:30b1:7725:56ef:3446,1
sdv-id-gFuoUV,ACC_107,ENT_UK_014,183865.9995653009,USD,2026-02-13 08:32:24,aa95:2dff:3ea:6184:3128:d695:d1a1:6c92,1
sdv-id-KVeoUN,ACC_189,ENT_UK_013,84777.64683605098,USD,2026-03-23 19:43:48,4fd2:5895:7f71:a3f4:d2de:f11f:1328:6b27,1
sdv-id-QorQqW,ACC_142,ENT_UK_014,8820.447843827202,USD,2026-01-17 20:14:54,2391:62d1:509f:7708:8111:3a20:5bb:ee18,1
sdv-id-neZYUw,ACC_134,ENT_UK_002,5202.679148699621,USD,2026-01-30 06:22:16,97fe:ad43:4483:b73a:786c:266d:d574:28cf,1
sdv-id-YDrQdy,ACC_248,ENT_UK_012,319835.66524321894,USD,2026-01-28 05:38:53,3d3f:ea58:691c:ed85:e537:ab83:50d3:a0ed,1
sdv-id-CbAljT,ACC_211,ENT_UK_003,3786.5950680244378,USD,2026-02-21 03:17:58,149c:e4cf:bf44:882e:258c:20f3:1c66:da75,1
sdv-id-FOfqaU,ACC_234,ENT_UK_002,23583.58180845853,USD,2026-02-04 00:13:40,8bed:5c00:ee1:8f53:7e0a:52a7:d4ba:b751,1
sdv-id-InSfld,ACC_142,ENT_UK_004,686837.6399948519,USD,2026-01-25 15:45:18,48c2:3892:3fde:eed0:12ea:c75b:c359:b6dd,1
sdv-id-ZsnySn,ACC_248,ENT_UK_011,1261.0358830442344,USD,2026-01-15 19:02:35,ba91:3cad:c289:e5a3:d8d0:ad8e:ed4e:649d,1
sdv-id-fcUFgZ,ACC_171,ENT_UK_009,5556.059104058866,USD,2026-02-19 09:55:13,543c:b2d7:4852:79aa:cc46:9a8a:a42d:fb29,1
sdv-id-SyYVZb,ACC_176,ENT_UK_008,8362.4698073045,USD,2026-03-28 20:32:11,d019:ff7e:b7ad:840a:3d27:a784:84bf:58ea,1
sdv-id-sIWNCt,ACC_294,ENT_UK_009,45129.87758908363,USD,2026-03-07 15:28:15,bef2:985d:806c:81ee:7e34:dcb7:5afe:a604,2
sdv-id-xdqGds,ACC_262,ENT_UK_001,121624.2068244754,USD,2026-03-08 19:02:32,c24e:891e:7f3e:3772:81b2:57b1:47d7:4716,1
sdv-id-ilQkyZ,ACC_211,ENT_UK_018,852757.1186766474,USD,2026-03-02 03:00:45,596a:d641:7c3f:82f:64bc:3893:d283:6936,2
sdv-id-JlKPRZ,ACC_187,ENT_UK_005,750710.8645413332,USD,2026-02-27 15:37:37,db8d:9a30:f81f:c362:c80a:88bd:d71f:fd79,1
sdv-id-BwdTJq,ACC_207,ENT_UK_007,92778.86514682444,USD,2026-02-06 07:02:51,55f3:d6c5:cb1e:2bee:9c11:3986:766f:ad52,2
sdv-id-nlQnij,ACC_156,ENT_UK_010,638848.9613141314,USD,2026-03-16 05:13:33,9ff9:9ab2:dec3:728c:60c5:c9:2c1:dc39,1
sdv-id-VRuFRU,ACC_242,ENT_UK_006,991839.2314809018,USD,2026-02-19 15:57:06,152a:35d7:1517:71d0:e195:6549:9388:eeab,2
sdv-id-VdgoGs,ACC_172,ENT_UK_017,76547.8619199895,USD,2026-03-01 13:09:50,f05c:8f5c:829a:64ff:5a43:b584:66fe:120a,1
sdv-id-NVUyqz,ACC_243,ENT_UK_012,243032.3043396508,USD,2026-04-01 05:47:11,c52c:dcb:36f5:866b:c13c:388:8bf9:284e,1
sdv-id-Bvewki,ACC_232,ENT_UK_007,204495.80982136147,USD,2026-03-08 22:18:45,44ef:6511:fc84:5445:19c:736b:35d0:3a8c,1
sdv-id-nWSFgu,ACC_142,ENT_UK_004,196385.1259537667,USD,2026-02-13 22:39:33,7998:7b0f:8e1a:da23:9986:6bf0:9356:6af1,1
sdv-id-EmLgzl,ACC_211,ENT_UK_009,26309.35877197539,USD,2026-03-25 17:39:26,961b:c302:1ee4:d66c:775c:6306:1596:99ea,1
sdv-id-aGSnIn,ACC_107,ENT_UK_016,730716.3279943999,USD,2026-01-08 16:23:10,aee6:a620:bd8f:bef1:d645:8c69:9b6:da99,2
sdv-id-CfsmqL,ACC_155,ENT_UK_012,134467.1880596181,USD,2026-02-21 11:47:48,1e69:ae6d:45b:f8fd:4515:14a9:496:5ebd,1
sdv-id-TIqsEL,ACC_273,ENT_UK_011,146312.22342447625,USD,2026-03-27 19:06:17,8a9f:a4ea:b8c6:9564:f9ec:ae9c:2695:2679,1
sdv-id-mQgwPI,ACC_293,ENT_UK_007,1344.4568150400512,USD,2026-03-14 17:01:02,b4ec:a17:ecd2:d5c1:7897:8f96:2c3b:8e36,1
sdv-id-ZgBUcL,ACC_186,ENT_UK_001,6392.169586778985,USD,2026-02-20 23:21:33,f297:9815:1cdf:d195:ee12:7404:4bed:384e,1
sdv-id-BXQYaY,ACC_293,ENT_UK_009,244468.91703217325,USD,2026-03-28 23:26:12,9fee:8566:cc56:9b8d:deb7:6f53:5c8a:cb2f,1
sdv-id-IZixLs,ACC_134,ENT_UK_017,261520.06496652588,USD,2026-02-21 05:27:54,bfee:ea23:aab4:5e3e:144:c151:b17a:87c6,1
sdv-id-wSDQxx,ACC_225,ENT_UK_010,1775.6065554020902,USD,2026-01-03 09:18:33,c832:8809:f4f1:3beb:f165:aad4:b99e:c21c,1
sdv-id-WwXYTI,ACC_176,ENT_UK_017,56321.782968477055,USD,2026-03-04 00:20:26,dd64:dba7:4360:310b:bae4:dc8:b342:fb49,1
sdv-id-LpblbH,ACC_155,ENT_UK_001,310016.2427883574,USD,2026-01-08 13:08:15,e227:9ea8:269c:80a7:fcce:1711:9b29:30c2,1
sdv-id-wEQrRy,ACC_284,ENT_UK_009,753672.4716304517,USD,2026-03-14 08:52:04,91c4:457:ab3:d293:54b:63a5:6af1:8a38,1
sdv-id-EBjNKU,ACC_225,ENT_UK_005,962054.1458123772,USD,2026-01-02 22:09:12,c0ab:c514:1b72:ea91:1b9e:25e9:80a7:7aac,1
sdv-id-hSZfHn,ACC_170,ENT_UK_016,146359.88287365707,USD,2026-03-07 15:35:02,835b:4661:bda1:98ab:6204:3e29:648a:3e50,1
sdv-id-gDMpNC,ACC_211,ENT_UK_015,79151.93225246506,USD,2026-03-09 10:04:59,1bff:bce4:b710:6efb:b471:d073:f321:39a,1
sdv-id-jMEtwE,ACC_243,ENT_UK_012,88789.5817361233,USD,2026-03-22 06:25:21,127c:bad3:2445:9530:39db:185:8890:c062,1
sdv-id-bIfwnZ,ACC_176,ENT_UK_010,519210.2117712537,USD,2026-02-15 07:13:54,61e3:978:21ff:b13:98c9:289a:1d57:fd88,1
sdv-id-evlDQO,ACC_142,ENT_UK_005,202378.9812949814,USD,2026-01-12 02:00:27,4421:6a5e:76f5:dad2:a703:2a8a:a0ec:6aec,1
sdv-id-akwLZp,ACC_256,ENT_UK_014,73366.83597162858,USD,2026-02-04 09:33:59,37d8:5bdf:615d:2f4c:5f8f:174c:cfc9:ffe0,1
sdv-id-mTKXck,ACC_253,ENT_UK_011,18528.41061914416,USD,2026-01-26 18:52:13,1bee:c3eb:bc00:b6e1:43f5:6ce5:7099:1c5c,1
sdv-id-zccIUU,ACC_234,ENT_UK_017,395263.3825693804,USD,2026-01-02 18:54:19,823e:6348:4a80:6950:6968:3377:b43:71b5,2
sdv-id-tnwvkf,ACC_199,ENT_UK_008,107341.03239482432,USD,2026-03-05 05:39:16,7feb:991:426:5750:73fd:458d:1699:59cf,1
sdv-id-WgsUZl,ACC_181,ENT_UK_015,80146.8576554854,USD,2026-03-01 22:55:51,25d7:db8f:33c4:b458:3a26:a484:ec2b:1b22,1
sdv-id-ILYOHc,ACC_271,ENT_UK_019,326681.55178982223,USD,2026-01-25 14:23:27,1b3:77c8:f8de:8f8b:1268:7b7f:c6ab:c399,2
sdv-id-wRRZhT,ACC_155,ENT_UK_010,65692.85842281897,USD,2026-02-05 06:25:26,6457:b20f:d974:3ad9:b3ac:4e4c:283d:4cf8,1
sdv-id-zbqMWj,ACC_256,ENT_UK_006,48979.8846550841,USD,2026-01-30 23:27:24,a870:7ca6:2d69:b411:9302:717:95b4:b067,1
sdv-id-RKDtmp,ACC_211,ENT_UK_008,853464.7447201798,USD,2026-03-07 07:35:09,6333:97e8:5823:3e21:2104:c17f:be9f:85a6,1
sdv-id-wPdDaY,ACC_176,ENT_UK_011,139601.15602960018,USD,2026-03-23 20:30:06,7ac7:3070:fe34:224:9fc:1fb6:b0e4:13d6,1
sdv-id-VeBesd,ACC_107,ENT_UK_002,1012.9921851074412,USD,2026-03-29 17:37:00,53a9:f564:e22f:8ac6:7817:43a7:84ca:81e9,1
sdv-id-BQLmqW,ACC_176,ENT_UK_018,1005210.5734893146,USD,2026-02-25 23:43:06,86d:68bd:9c48:8d9c:e761:185d:5d73:c33c,1
sdv-id-YkNOcQ,ACC_196,ENT_UK_006,263612.69162381435,USD,2026-03-29 15:36:17,67ba:21ff:b10d:dbef:a97f:3ecd:5c1f:a48,2
sdv-id-XRPIvj,ACC_100,ENT_UK_007,1315043.305356099,USD,2026-01-27 16:02:33,6366:17d9:4065:42f8:c073:98c6:f8f7:91f5,1
sdv-id-LvOkLy,ACC_100,ENT_UK_017,209287.5434601597,USD,2026-01-30 18:16:13,9e0d:63c7:bb6e:fc9b:9160:1536:775f:f3b8,1
sdv-id-Jkxvkw,ACC_176,ENT_UK_016,33242.57465095402,USD,2026-03-07 11:14:41,32e9:528:9913:dd0d:bf67:23d2:54ee:5682,1
sdv-id-cgDXch,ACC_186,ENT_UK_018,1524.633979950966,USD,2026-03-10 20:28:15,b75f:53e1:b8df:ae0:ba46:9980:1ee7:5f4d,1
sdv-id-eXZdBn,ACC_176,ENT_UK_005,2819.1903923335535,USD,2026-02-12 07:32:35,c01a:75ef:4e63:2cce:cbb:142e:f58d:c291,1
sdv-id-FGuzjz,ACC_262,ENT_UK_010,93496.5586616928,USD,2026-03-25 04:09:54,f9fb:fc5d:e3bf:7c1e:9e71:df94:2976:8dd8,1
sdv-id-pkOTYm,ACC_164,ENT_UK_004,935.1483825065492,USD,2026-03-27 16:44:14,b0b7:d0f5:4534:4708:93f8:8595:ebe4:7951,1
sdv-id-NmvDtl,ACC_271,ENT_UK_006,2871.327819644732,USD,2026-03-31 01:49:02,44c9:218c:a578:a1d1:9739:6d03:5945:462,1
sdv-id-QOfkqC,ACC_100,ENT_UK_004,40938.83815714865,USD,2026-01-02 12:04:06,ca95:7b2d:a0eb:4484:8a04:3940:3bb:e1f5,1
sdv-id-EolxkL,ACC_211,ENT_UK_010,40606.45635899929,USD,2026-01-24 12:58:27,19b9:fa8e:3369:9a20:979:25f0:3d3f:406c,1
sdv-id-cccdzj,ACC_199,ENT_UK_008,4391.2910117742595,USD,2026-03-25 03:32:23,5151:9b95:537f:7f77:5aad:b643:a5e0:c91f,1
sdv-id-SQvlSB,ACC_107,ENT_UK_011,1543.1191289382114,USD,2026-04-01 09:35:19,b072:6383:b366:fef7:4ee3:d3b8:5900:9493,1
sdv-id-NVCqtU,ACC_107,ENT_UK_004,36837.37605996575,USD,2026-03-04 15:24:35,bfc1:358f:c706:df5d:cabb:c4f5:c656:9422,1
sdv-id-aviltp,ACC_176,ENT_UK_007,2243.8608059667563,USD,2026-01-02 19:12:53,efcf:8ad9:b9d4:6750:d1ec:2be:f4d1:62f6,1
sdv-id-BHMtrh,ACC_186,ENT_UK_019,2627.040682961459,USD,2026-01-20 20:48:37,957c:e2d4:4936:a93e:5e03:bdef:178f:f779,1
sdv-id-yjAOFG,ACC_176,ENT_UK_012,76558.35900676379,USD,2026-02-12 05:06:04,ac04:7231:1c9d:1081:5a4d:6174:db2f:fd43,1
sdv-id-gbkqeD,ACC_176,ENT_UK_016,58410.06291727585,USD,2026-02-16 11:08:42,8558:1533:f557:37af:5737:6ec0:8145:9f4,1
sdv-id-yDhBvB,ACC_176,ENT_UK_012,275735.1557564407,USD,2026-03-12 22:57:57,1ed9:896d:3b93:5c62:66d7:58ba:d546:84ea,1
sdv-id-mqQpMB,ACC_176,ENT_UK_017,10018.18646372347,USD,2026-03-23 11:15:17,6e96:f11f:41b3:8598:81bc:9556:ea91:afd0,1
sdv-id-cRcrpd,ACC_123,ENT_UK_007,639918.6346019617,USD,2026-01-07 16:25:38,94ea:6c41:2801:67c0:5e19:f882:ff6c:643,1
sdv-id-RqNASH,ACC_232,ENT_UK_010,4695.926462473744,USD,2026-03-05 05:38:21,2d51:3685:29cc:8a19:d733:3fc1:d905:c85c,1
sdv-id-PgJMnB,ACC_248,ENT_UK_013,434116.6616937236,USD,2026-01-29 07:41:23,e694:7a78:5ea0:ae21:e78c:62af:dab8:a993,2
sdv-id-GAlQaU,ACC_186,ENT_UK_006,488609.1450497881,USD,2026-02-05 10:27:01,7308:87a1:f207:57e5:2091:2310:84ff:1ba3,1
sdv-id-ZIoZFB,ACC_273,ENT_UK_012,7111.129614601812,USD,2026-02-15 07:50:01,6ea8:55bb:e1a2:7101:abef:ede2:ab04:2858,1
sdv-id-NWCrWi,ACC_176,ENT_UK_001,597739.0853253722,USD,2026-03-15 00:27:31,99ad:2fca:f277:1f1:6331:51a0:f81c:b6c9,1
sdv-id-vzzlHs,ACC_273,ENT_UK_018,1009.6265559715202,USD,2026-03-17 22:04:49,214a:be42:6274:4030:ab85:9906:6031:443f,1
sdv-id-IolsSK,ACC_107,ENT_UK_018,42007.03365049234,USD,2026-01-21 22:23:20,a6fe:52db:8c85:b21c:9615:369c:60c4:9642,1
sdv-id-tdlheR,ACC_134,ENT_UK_015,485934.7652318226,USD,2026-02-11 00:49:53,8f60:bdc9:fa01:cf2d:49a1:d224:7361:c306,1
sdv-id-FQNvQU,ACC_211,ENT_UK_001,37222.43026331931,USD,2026-03-22 20:03:39,c9c4:7065:5160:b8f6:b99d:378c:8dc1:5494,1
sdv-id-DzbPYS,ACC_155,ENT_UK_018,545788.652211699,USD,2026-03-16 02:33:26,4b70:b328:8f2e:2d83:1721:66f5:5085:76af,1
sdv-id-OFLCFG,ACC_248,ENT_UK_015,84044.64345707356,USD,2026-03-26 20:04:53,8c9f:a5c:1527:adf2:6524:8d8d:66ff:6d70,1
sdv-id-DcMIgb,ACC_100,ENT_UK_019,1433.4953306005991,USD,2026-02-14 01:36:28,a277:b16c:89d9:49da:dcc4:ec6b:fcf9:4677,1
sdv-id-xqRSDJ,ACC_176,ENT_UK_014,5409.245573740312,USD,2026-02-18 08:11:00,3bb6:f2f7:d878:4217:e95:613c:175f:43f8,1
sdv-id-cFJklB,ACC_176,ENT_UK_013,104351.0905302018,USD,2026-03-22 21:36:20,105:237c:719f:f23e:5ed:f2a2:95d7:9b96,1
sdv-id-DZEmnR,ACC_273,ENT_UK_002,121150.33434483412,USD,2026-01-09 03:04:19,2459:c7f3:5414:e9e6:4ee1:c371:18e4:ddb9,1
sdv-id-EKgItO,ACC_211,ENT_UK_002,99853.26028862387,USD,2026-03-04 06:19:18,34e2:6b4d:67e0:7025:ef06:b7ea:3e92:8d8e,2
sdv-id-xfuALo,ACC_271,ENT_UK_001,1168259.2115263587,USD,2026-03-15 16:38:42,cbcd:489a:db4f:c230:cf90:cdfc:206e:78e4,1
sdv-id-YSPssZ,ACC_164,ENT_UK_001,137456.56767379455,USD,2026-02-05 17:37:11,6ec:e6ce:a1b8:f890:b4d1:69e1:321b:f974,1
sdv-id-qwNcZx,ACC_273,ENT_UK_016,20057.04794121943,USD,2026-02-20 19:09:54,b314:3edd:a994:4b52:6f23:441b:7e9e:ab8e,1
sdv-id-JLwuAs,ACC_134,ENT_UK_005,2636338.73166534,USD,2026-03-17 14:34:15,d589:bcbf:297d:8409:3cf7:ecae:6d23:3bac,1
sdv-id-IPhjia,ACC_293,ENT_UK_012,619020.0093877729,USD,2026-03-22 11:50:36,d358:1220:fc91:343:b201:23a8:6421:a025,2
sdv-id-pjZTCn,ACC_273,ENT_UK_008,635305.2600669187,USD,2026-03-01 19:16:26,ca73:11e2:80b5:8ac:94ae:33d:4f36:fca,2
sdv-id-PdxRWv,ACC_170,ENT_UK_014,3518.340782365764,USD,2026-03-30 02:38:56,4c86:eef8:b272:41a8:c5b1:c485:6a9d:2bc8,1
sdv-id-eMoFtp,ACC_293,ENT_UK_002,524812.1905485137,USD,2026-02-13 05:23:44,8c0e:f437:96ee:f0d7:fc38:8ea1:89a7:c803,1
sdv-id-PXtvwG,ACC_248,ENT_UK_019,92704.54152303084,USD,2026-03-16 23:39:33,b601:d675:f61d:3e6c:3a9e:e021:d9e1:f538,1
sdv-id-OixvFQ,ACC_176,ENT_UK_007,337262.23305338173,USD,2026-01-25 03:53:05,a784:65bc:80cd:3aac:cda7:c627:96b5:9c2a,1
sdv-id-ZmgYyp,ACC_199,ENT_UK_016,214933.2756459197,USD,2026-01-20 11:34:46,d519:672f:64ac:8ed8:98d0:2b87:a263:36a6,2
sdv-id-oBdFtJ,ACC_123,ENT_UK_012,36993.570916887526,USD,2026-02-19 04:29:01,4432:92b0:86eb:ca6b:8b84:25e1:a6a1:5f5c,1
sdv-id-npMYac,ACC_271,ENT_UK_016,83411.2306910581,USD,2026-02-17 18:26:23,e254:e45b:463:c352:d0e3:91f1:4f1:1ef6,1
sdv-id-SElgng,ACC_176,ENT_UK_004,5262.091596932318,USD,2026-03-25 13:43:44,b849:59c7:da00:2041:7657:2c91:431c:f60c,1
sdv-id-TQGbIl,ACC_107,ENT_UK_005,7095.450167424041,USD,2026-01-27 10:19:47,e2b9:e6ed:a9c9:dce:7815:e921:97e4:9c5e,1
sdv-id-DfBXxW,ACC_264,ENT_UK_019,298896.42756110046,USD,2026-04-01 19:37:24,17ae:e559:24c3:4f41:d0b1:22b1:7102:1397,1
sdv-id-HSlCcC,ACC_273,ENT_UK_010,55668.71361499723,USD,2026-01-08 14:18:51,2e96:eaf9:631d:3c2d:60fd:ad90:9c9f:b08d,1
sdv-id-EINHzE,ACC_170,ENT_UK_012,1131.9459421486715,USD,2026-03-18 00:35:13,8fbe:6feb:597d:17bb:3467:fc8c:693:c2b3,1
sdv-id-XxdNBd,ACC_248,ENT_UK_018,374509.7659830267,USD,2026-03-15 04:27:00,9ee8:87cd:4fad:2ca0:744c:1553:f4d5:edba,2
sdv-id-WkXshE,ACC_176,ENT_UK_009,54927.34115726139,USD,2026-02-18 23:08:43,2b70:844e:37df:9a4:f44e:91f:d612:5d51,1
sdv-id-ZKleKM,ACC_142,ENT_UK_012,33244.39468117447,USD,2026-01-19 18:21:29,7045:ac1a:c188:562d:3849:4764:3518:a23f,1
sdv-id-GPmMJW,ACC_142,ENT_UK_004,381648.139138207,USD,2026-03-25 05:20:18,6dde:23cb:64c8:3ab7:9485:230e:a82f:1bcf,2
sdv-id-BBgXSu,ACC_243,ENT_UK_005,412031.471505097,USD,2026-02-01 16:25:08,c3f9:39b9:815b:4003:6c88:dce5:4ad8:5739,1
sdv-id-WqKkRV,ACC_176,ENT_UK_015,124601.60404946722,USD,2026-01-30 14:55:41,a706:93c6:b4cb:7d40:8204:4b28:4a34:ee0e,1
sdv-id-bIdNfx,ACC_264,ENT_UK_019,212198.32124362123,USD,2026-02-23 20:51:54,d1d7:2d71:8ae2:35ad:8a5d:c3b8:5d15:d00c,1
sdv-id-FhKLCv,ACC_155,ENT_UK_017,1521.74665460769,USD,2026-03-22 02:58:35,e103:fc44:3908:d237:e92f:664:8998:6017,1
sdv-id-jCBtrb,ACC_142,ENT_UK_002,924.1547993174952,USD,2026-03-25 21:56:07,1b4d:357c:6e42:f0aa:18f4:bc45:c854:54ca,1
sdv-id-QfQnAO,ACC_181,ENT_UK_016,378459.3663950998,USD,2026-03-10 04:44:38,29b8:26e7:3056:371b:1870:3346:3c90:123e,2
sdv-id-sZNvCq,ACC_225,ENT_UK_016,1382.752476395506,USD,2026-03-08 21:22:09,9810:79b:cf6f:93d0:9fad:769a:344a:aaff,1
sdv-id-yyeCyT,ACC_142,ENT_UK_019,79486.76578747985,USD,2026-01-09 01:43:00,1745:8502:e7cd:585c:44d0:e906:6f56:5649,1
sdv-id-EpbMcn,ACC_142,ENT_UK_018,229166.11156099557,USD,2026-01-16 20:34:11,3d90:a029:215f:fc2c:b09e:fbcb:ed97:873f,1
sdv-id-kKqkPJ,ACC_156,ENT_UK_012,67008.8911173552,USD,2026-02-21 19:35:38,6ae:be7c:7b8d:3aff:43aa:1efb:431f:d978,1
sdv-id-SmXWqP,ACC_271,ENT_UK_001,77455.43867767537,USD,2026-03-15 16:20:22,35e5:129:9040:8290:e489:3b2d:3a8e:2572,1
sdv-id-xOOHNa,ACC_142,ENT_UK_018,51448.56512201044,USD,2026-02-27 03:32:18,b221:c8fa:1840:c0cb:70bf:6db0:4de7:44ea,1
sdv-id-NpztFQ,ACC_176,ENT_UK_007,20585.130388857942,USD,2026-01-03 13:47:18,f8cf:2d6:c4b0:5cd:7a4f:ca97:dee5:954f,1
sdv-id-AlWCtG,ACC_160,ENT_UK_007,37970.01545826707,USD,2026-01-16 19:40:37,22f4:cd3a:c879:e6a3:5f5c:ce4d:b429:51d5,2
sdv-id-LNLjAq,ACC_164,ENT_UK_004,19453.64594115879,USD,2026-03-31 13:59:50,d5ea:b50d:9b76:8c70:6fd9:1c39:aae1:3517,1
sdv-id-kaCbne,ACC_146,ENT_UK_003,145993.06792173645,USD,2026-02-09 22:14:08,3cce:c1af:9ce6:876a:854e:b94b:b001:156b,1
sdv-id-XOSMId,ACC_107,ENT_UK_010,7769.651923299554,USD,2026-03-22 22:29:41,f76a:40f5:32b5:ec2f:5231:d825:9e1e:f2ba,1
sdv-id-IBxttT,ACC_142,ENT_UK_001,6814.799983372859,USD,2026-03-08 11:16:58,1fbf:6f1c:3d1a:60d:12b5:1b17:9087:5701,1
sdv-id-IHqemv,ACC_187,ENT_UK_015,87550.7753796431,USD,2026-03-09 20:42:10,bae4:d3b7:a8bf:4c33:a09c:ed0b:42d1:4577,1
sdv-id-NOKCGN,ACC_142,ENT_UK_014,108499.95586831067,USD,2026-03-08 09:49:53,d464:fd9a:928:685:c2d3:361b:7c72:55ae,1
sdv-id-AejHqr,ACC_242,ENT_UK_005,304604.11418010766,USD,2026-02-13 05:08:35,c94f:39a2:939f:7755:323c:4177:9042:6f06,1
sdv-id-vcmnNE,ACC_271,ENT_UK_001,30849.638681978075,USD,2026-03-16 23:49:40,526f:2a73:b8b7:1040:afc:e53b:b7a6:2877,1
sdv-id-zaISsZ,ACC_293,ENT_UK_018,214429.11791873357,USD,2026-02-07 23:24:54,71b6:7e33:d5f0:c09a:4d69:1423:91d2:b67a,1
sdv-id-rURhPc,ACC_294,ENT_UK_006,62233.07298856014,USD,2026-02-27 09:41:55,36b8:924d:b754:3ced:5013:3b94:1430:151,2
sdv-id-tUvtKi,ACC_176,ENT_UK_010,930.2496083407988,USD,2026-02-18 22:53:43,1f99:2e21:d809:dac6:a116:1462:c2c0:e76d,1
sdv-id-TwmOBd,ACC_248,ENT_UK_005,35478.440956092505,USD,2026-02-13 19:31:45,db60:bc27:e09b:7c5f:d2f1:24f9:797e:92a4,1
sdv-id-MytwPc,ACC_273,ENT_UK_016,99584.1626677128,USD,2026-02-01 16:03:15,c9d5:ec61:b17f:5dab:61d4:9b75:b184:1b86,1
sdv-id-BTrudW,ACC_107,ENT_UK_014,1010768.4277550216,USD,2026-01-22 23:03:49,ad46:6fa8:731:159:1606:59fb:4fc1:25ee,1
sdv-id-NkQoIi,ACC_243,ENT_UK_018,10758.245717687822,USD,2026-01-17 08:43:27,c72a:3300:55dd:574a:a8e8:3c06:d705:4435,1
sdv-id-FJwuQk,ACC_142,ENT_UK_004,1068.6084410963376,USD,2026-03-29 03:03:11,6272:56bc:edbe:8ced:a2ae:210f:4105:1627,1
sdv-id-puQOXE,ACC_142,ENT_UK_008,780377.8056236921,USD,2026-01-16 11:24:32,f18d:f50c:3d99:9e83:42b8:c110:c237:87f8,1
sdv-id-vaDmYp,ACC_155,ENT_UK_002,143458.72287316734,USD,2026-02-09 05:06:33,82da:379c:97a8:5ca5:e50d:81f3:581a:9193,1
sdv-id-ciftfh,ACC_128,ENT_UK_017,64904.920827940885,USD,2026-01-10 01:32:59,792c:cb4d:4fe3:43b2:b324:6659:f6a:fd1e,1
sdv-id-xgXfYc,ACC_264,ENT_UK_007,25071.620562295197,USD,2026-03-23 16:41:14,e6a4:68e9:c25e:4e52:f56e:d08c:2c:426a,1
sdv-id-cTfUAM,ACC_134,ENT_UK_013,13407.283737327683,USD,2026-02-08 15:59:03,3f1d:48ee:226b:797c:61bd:f029:6931:b58,1
sdv-id-lOcVIV,ACC_264,ENT_UK_010,36313.89264884012,USD,2026-01-30 15:02:56,6b44:4396:7e8f:a83f:aad8:f3d5:dd43:fbc2,1
sdv-id-dvNlCR,ACC_176,ENT_UK_006,1077882.6410450484,USD,2026-03-24 18:02:09,5aee:b379:fee5:1b5a:b384:c1ac:9bf3:876f,1
sdv-id-cRLTWs,ACC_271,ENT_UK_011,64985.56353835524,USD,2026-01-04 06:37:14,6e44:9b04:d8ba:c03d:440d:55a6:931:b0a0,1
sdv-id-WaQssh,ACC_186,ENT_UK_011,953986.9126335717,USD,2026-03-16 08:43:21,42c0:9419:ff6e:a529:102a:30a2:42e2:42ab,2
sdv-id-JeWVxj,ACC_176,ENT_UK_004,92880.0276988175,USD,2026-03-18 18:35:44,ab5d:3615:88aa:f22b:ed53:4aaa:7542:9a55,1
sdv-id-MXlPcj,ACC_273,ENT_UK_011,748506.1551764134,USD,2026-02-27 09:47:11,3f02:49e6:d849:b42:5f8c:af85:36dd:2b8b,2
sdv-id-MouCXo,ACC_264,ENT_UK_014,3580.3366807243597,USD,2026-03-02 22:23:06,9f65:4983:c6da:1ef1:860c:2614:e2aa:518a,1
sdv-id-JvWipR,ACC_142,ENT_UK_013,376345.28809927264,USD,2026-01-06 02:01:13,bec:2e5f:37eb:38e:782c:349f:eb5a:bca9,2
sdv-id-FUwAqd,ACC_107,ENT_UK_001,376319.94796463667,USD,2026-03-26 18:09:53,fcef:1a04:8b4:f350:6d14:935f:b7b2:bf3d,1
sdv-id-frsPfN,ACC_142,ENT_UK_007,44857.31867944624,USD,2026-02-07 02:39:30,732d:5e32:8fad:9f20:cf70:6b05:c5e5:fac,1
sdv-id-SYcMwQ,ACC_176,ENT_UK_016,10355.40622356714,USD,2026-01-23 08:47:19,7192:8c44:9417:35dc:a3ba:f346:d37c:fc99,1
sdv-id-rjLazc,ACC_142,ENT_UK_018,178896.39455122556,USD,2026-01-22 12:44:03,3ae4:cf9c:e12:d530:5fc8:4c82:4d61:2050,1
sdv-id-deJWbT,ACC_294,ENT_UK_009,59541.40540671776,USD,2026-01-15 21:45:29,d64f:3d42:b922:676f:8a9f:5214:676c:7857,2
sdv-id-GupBma,ACC_156,ENT_UK_017,294876.54947978194,USD,2026-01-21 21:19:55,ffa5:17da:6c8d:2a73:c5a2:6fa5:65bc:74dc,1
sdv-id-MIgjcj,ACC_271,ENT_UK_017,8940.781579500552,USD,2026-02-17 18:50:01,35fb:a892:e86d:5a0e:cd97:4e61:15ba:4d1c,1
sdv-id-HyznAr,ACC_293,ENT_UK_001,47451.14365114512,USD,2026-03-12 14:54:05,97cc:5f60:2049:8c4d:4e3:ba38:4546:4976,1
sdv-id-bJiMoZ,ACC_186,ENT_UK_001,53790.11008706462,USD,2026-02-20 10:49:59,72c6:a616:6476:1624:c8e4:5611:b218:871f,1
sdv-id-ggceTe,ACC_176,ENT_UK_004,11283.846594070968,USD,2026-03-23 15:45:02,3f3:bf24:a8b9:db70:b9ea:aa6e:14:d2a,1
sdv-id-vbEytq,ACC_100,ENT_UK_009,320580.9321741263,USD,2026-02-21 06:16:54,2227:6b6c:70ab:11bb:6361:4be6:2f83:940f,1
sdv-id-ExqTdX,ACC_181,ENT_UK_009,880555.996806857,USD,2026-01-15 18:15:41,2217:cd66:aff1:e7e9:ecaf:398a:3ff6:7ca7,1
sdv-id-WFuDFi,ACC_176,ENT_UK_009,2085.82985355584,USD,2026-01-04 23:36:16,1b9b:a482:a882:8ed8:747e:9d4f:1906:a9c7,1
sdv-id-zQCBZD,ACC_176,ENT_UK_002,42422.05452208669,USD,2026-01-25 02:19:37,bf73:117e:2474:4cb5:26cf:3405:cc1:8465,1
sdv-id-bAzSwl,ACC_155,ENT_UK_014,36993.36944639544,USD,2026-03-09 22:13:41,d572:fc72:226b:c5c2:d59b:28ed:f29c:4b07,1
sdv-id-miYaaV,ACC_134,ENT_UK_004,1097867.5581946436,USD,2026-02-16 19:14:56,19b:20e:ff87:acb3:5403:c9dc:d19c:2747,1
sdv-id-oUvYRF,ACC_273,ENT_UK_017,89301.48181531542,USD,2026-02-21 20:55:59,c0c1:5001:79ed:e3da:aa95:30c1:4331:d672,1
sdv-id-OUZksH,ACC_186,ENT_UK_018,561996.5955892055,USD,2026-02-05 00:44:03,59e2:9fe3:e9d3:d08d:1f8b:2797:5778:7931,1
sdv-id-MulgDA,ACC_123,ENT_UK_013,59898.85375041177,USD,2026-02-06 16:28:19,affa:e290:bcc7:4435:855a:73ba:8e44:9086,1
sdv-id-iaDsPL,ACC_171,ENT_UK_011,98346.98343283056,USD,2026-02-09 23:51:32,ce20:33c8:1460:4e3f:e7ce:e6be:b4c8:8e47,2
sdv-id-IvoTaX,ACC_160,ENT_UK_004,170463.66173295496,USD,2026-03-09 10:07:09,ff93:c17f:d55c:2937:f160:aa57:741e:2281,2
sdv-id-vOSVjx,ACC_176,ENT_UK_017,159497.82900993168,USD,2026-02-10 12:39:58,5584:6523:d871:2872:3608:ccc4:2b68:d3b5,1
sdv-id-LeQlcM,ACC_176,ENT_UK_009,1447.2409504217983,USD,2026-02-13 04:05:37,9184:e056:240d:f43:a97a:3209:d2f0:bcd,1
sdv-id-tDAjXP,ACC_273,ENT_UK_009,29600.719391175684,USD,2026-02-08 08:35:07,71c9:fd63:71c6:d6cf:a847:df60:d327:4f0a,1
sdv-id-naPucr,ACC_211,ENT_UK_015,23727.085154865337,USD,2026-02-23 15:29:35,6f90:10c7:bdad:6628:4e36:2fe3:f6a3:90b2,1
sdv-id-mrCENT,ACC_248,ENT_UK_017,16188.120649872568,USD,2026-02-24 19:08:50,e6e5:c654:9e3a:d9a2:f8ed:b0cc:a17b:a2b3,1
sdv-id-XICWXh,ACC_142,ENT_UK_004,250280.97238003428,USD,2026-03-28 14:49:49,9f47:6755:30d5:cd96:862d:2b57:25f3:abb6,1
sdv-id-Wzbbih,ACC_155,ENT_UK_005,15305.338412787343,USD,2026-03-10 09:26:22,115d:cecb:93ca:fee9:9b73:eca2:fddd:6758,1
sdv-id-WtzDde,ACC_221,ENT_UK_009,447433.3335141965,USD,2026-01-01 11:44:41,f6c2:d425:e30b:7c07:ab02:c8eb:54ef:4db,1
sdv-id-MPnQOo,ACC_176,ENT_UK_008,1001.2521528654052,USD,2026-01-11 23:53:44,6d37:b8b:b31:bb20:7366:a952:7113:f55e,1
sdv-id-XdhQBj,ACC_181,ENT_UK_009,497746.0563387681,USD,2026-03-05 17:09:56,548b:d94e:babd:686f:cb1a:6929:cdbf:3635,2
sdv-id-VgtPFM,ACC_146,ENT_UK_003,7168.239353189939,USD,2026-02-26 07:49:44,7d57:23fc:2cfe:12d8:bf6a:c88b:bd5f:83dc,1
sdv-id-RIrrgX,ACC_256,ENT_UK_018,135660.36296885766,USD,2026-03-19 15:45:27,b5f4:fad2:5ff9:b4dc:2b1a:ba42:c846:d5c3,1
sdv-id-lnBjDs,ACC_187,ENT_UK_007,616429.4572711206,USD,2026-03-19 19:23:00,597:33f2:5281:a956:90b7:cf95:cd65:c9a1,1
sdv-id-gqdbNU,ACC_146,ENT_UK_005,704843.1911619283,USD,2026-01-05 12:18:53,a9c6:936d:860b:fdaa:5801:c922:6349:bbb7,2
sdv-id-ooRoDf,ACC_273,ENT_UK_008,188728.35573855252,USD,2026-03-24 04:24:15,d388:fa1a:b7ed:3dba:2451:d4e9:ca84:258f,1
sdv-id-CyHrnj,ACC_299,ENT_UK_019,2065.9848490647146,USD,2026-03-31 22:30:16,ffc7:82bb:77a:caba:a0e8:92b2:f3a7:a274,1
sdv-id-UFkMXi,ACC_107,ENT_UK_013,387966.4291461334,USD,2026-03-16 19:28:00,6325:2289:8e30:249:2780:ee25:f0c:dc6e,1
sdv-id-mXLbNO,ACC_187,ENT_UK_004,156773.73302081102,USD,2026-01-27 04:37:43,5a4b:c211:7d76:2aab:b3f7:494:ce73:b82,1
sdv-id-EradRt,ACC_123,ENT_UK_010,1659.8619471975644,USD,2026-02-15 14:25:23,f48c:88c2:54ec:1b1f:e019:f2d5:dde6:2910,1
sdv-id-CNLHTt,ACC_253,ENT_UK_002,45125.470213338114,USD,2026-01-18 07:03:47,957e:49fd:c79:81f9:d0c:71a7:a162:e6e6,1
sdv-id-MdVOWd,ACC_273,ENT_UK_014,151451.86070217934,USD,2026-01-16 18:20:48,7180:3044:f419:9f5e:312d:dd1:1fbf:8767,1
sdv-id-feMrsg,ACC_155,ENT_UK_013,6386.837298107112,USD,2026-02-22 22:53:29,7f3:6b12:cdd7:3207:5ee0:fcdd:419:2cb7,1
sdv-id-jhUVLW,ACC_187,ENT_UK_018,18929.804952855076,USD,2026-03-27 22:59:14,9d48:476d:14d9:ffd8:31d3:f230:3879:a3f0,1
sdv-id-rVcBqP,ACC_225,ENT_UK_008,50752.98610260094,USD,2026-02-16 12:48:22,e726:9e8f:cb09:4976:dc7c:edfb:aecc:87c3,1
sdv-id-bNFlgk,ACC_273,ENT_UK_006,56450.75130491768,USD,2026-02-03 02:34:11,3bf7:eb56:6bdc:223b:7995:58ea:8b12:15fb,1
sdv-id-KbbXPj,ACC_104,ENT_UK_012,203124.0516110517,USD,2026-01-02 03:40:00,5080:8c7e:bd14:b68:96be:6f9:e367:fb0c,1
sdv-id-BquNZA,ACC_176,ENT_UK_011,37582.74425383115,USD,2026-01-04 15:40:44,1808:2153:926:c44b:da85:6e56:945e:1201,1
sdv-id-vbYqMl,ACC_134,ENT_UK_018,135677.99918223143,USD,2026-02-16 11:40:38,ce43:16f8:c94e:fb99:c9a2:3788:4c26:587b,1
sdv-id-QfJfiJ,ACC_146,ENT_UK_019,197645.95391683327,USD,2026-02-05 17:03:09,6ebe:4bc0:1c99:1c2b:7f3e:ab04:2409:92c8,1
sdv-id-vinLdq,ACC_293,ENT_UK_010,248071.95352076323,USD,2026-02-01 11:59:57,cc76:5b4b:959b:50cd:646e:57c6:8f2f:56b5,2
sdv-id-WaTzBF,ACC_107,ENT_UK_013,423439.921300877,USD,2026-03-02 17:39:59,9eba:6f52:ae68:f36f:3b55:bdde:900:9ae6,1
sdv-id-ByxtDk,ACC_299,ENT_UK_010,215914.376361174,USD,2026-02-25 15:03:33,9bbe:19ac:85db:90e2:203c:b3d6:427a:1c2e,1
sdv-id-njpprS,ACC_176,ENT_UK_004,1037.7224408753468,USD,2026-01-01 22:34:22,35c8:80f1:2817:247d:190c:2a26:20cc:3ca,1
sdv-id-zubaGd,ACC_107,ENT_UK_011,50988.73419754139,USD,2026-03-08 09:50:39,e858:dae8:a079:3511:fa8:9f49:297b:6c37,1
sdv-id-bUqIeX,ACC_155,ENT_UK_017,143648.60288299818,USD,2026-01-15 08:49:27,f2b5:c55b:66d0:f995:80ed:cef2:68db:6278,1
sdv-id-dkPddK,ACC_142,ENT_UK_014,856022.5899952333,USD,2026-01-11 04:31:55,5782:2c59:91e1:3a6f:d11c:278:251f:db08,2
sdv-id-sIlOab,ACC_142,ENT_UK_004,34768.47503196688,USD,2026-01-22 06:39:25,2795:a7e6:69f0:514:271b:92d6:962:fa93,1
sdv-id-MfyEwi,ACC_176,ENT_UK_016,515392.1264191297,USD,2026-02-25 02:39:55,7f1c:2a5c:cce1:8ba9:8585:cf09:7b8a:1dd6,1
sdv-id-zsYIWZ,ACC_273,ENT_UK_011,628092.14467949,USD,2026-01-04 07:40:32,de4a:ed02:e39b:6019:4905:2cd2:210e:5f45,2
sdv-id-scZTpH,ACC_211,ENT_UK_013,769539.3057853722,USD,2026-01-14 14:21:40,5401:2127:dcb3:7c9f:7a8f:e8a:b7e6:a35,1
sdv-id-cAZkIe,ACC_176,ENT_UK_007,1317.2058075406414,USD,2026-01-08 23:19:32,cfae:ff8a:467d:562a:7a1f:fa49:3a8:6dae,1
sdv-id-ZuczxM,ACC_211,ENT_UK_007,171616.6364886779,USD,2026-01-15 20:06:14,a5bf:be05:ae8a:95c0:a7d9:d868:ab26:e652,1
sdv-id-AWBzHN,ACC_253,ENT_UK_011,24264.295496603267,USD,2026-01-01 01:04:00,fc30:b027:205e:e7bc:48a0:4998:5278:a37b,1
sdv-id-jvJBRB,ACC_225,ENT_UK_013,365565.44175021665,USD,2026-02-14 04:57:12,255c:8507:3b26:e317:fd27:60d4:b04f:ed9d,1
sdv-id-XhTwGO,ACC_199,ENT_UK_008,684195.0121865314,USD,2026-03-14 01:06:20,4e42:8243:1a8c:12d0:3926:e65e:ff26:b28a,1
sdv-id-SiZeBU,ACC_171,ENT_UK_009,55160.806686247575,USD,2026-02-03 07:20:29,c955:dca1:f7e6:154:f72f:6b80:4c55:6809,1
sdv-id-SnXKSi,ACC_273,ENT_UK_012,7799.776859532954,USD,2026-01-30 05:44:43,7a15:95ba:f626:5083:fff0:87d8:9176:e9a0,1
sdv-id-JhssyF,ACC_273,ENT_UK_013,38957.993648665135,USD,2026-03-10 09:55:38,cb18:dfd9:f836:2867:4963:c80e:4037:8d12,1
sdv-id-JSqAsN,ACC_225,ENT_UK_004,149015.1865470784,USD,2026-01-09 19:17:42,53ad:efbf:f7b3:2a43:510e:bbea:3565:31ba,1
sdv-id-LWDbIL,ACC_172,ENT_UK_018,636106.6309622203,USD,2026-03-02 03:02:20,eeb6:8b7:31e1:9c8a:2213:2124:6466:e6c,1
sdv-id-IpyVUN,ACC_107,ENT_UK_016,6102.672710862813,USD,2026-02-20 08:27:13,a316:7284:94b1:ebd1:cf6b:590b:842e:3b0f,1
sdv-id-kZllXL,ACC_225,ENT_UK_003,957.9081864517495,USD,2026-03-26 06:41:56,4dbe:b43a:277c:aaf0:52a4:e910:a0db:51d0,1
sdv-id-jJqsdu,ACC_142,ENT_UK_001,160980.4017851151,USD,2026-01-23 17:32:14,5aef:3db0:902d:eefa:1a24:f204:34a9:984d,1
sdv-id-QOglJB,ACC_176,ENT_UK_007,2145.2532799438004,USD,2026-01-31 01:19:16,d9a1:7c70:c82c:be26:6e87:bc9f:919e:2f00,1
sdv-id-kpylEI,ACC_181,ENT_UK_013,205933.44967215735,USD,2026-01-04 03:14:25,9faf:67c9:4a4a:1a7c:488:cc60:6268:f8bd,2
sdv-id-zfnVHH,ACC_142,ENT_UK_018,135521.78063314778,USD,2026-02-03 23:28:17,6e32:3d8a:6ead:aad6:bb09:ca71:44ae:1e53,1
sdv-id-OmHKNZ,ACC_271,ENT_UK_001,759253.3895546586,USD,2026-02-07 04:02:30,b106:a92c:4339:791:59ad:33a1:80f1:3bbe,2
sdv-id-UVZUDG,ACC_271,ENT_UK_014,90674.39690881976,USD,2026-01-26 04:15:56,fbef:5b61:f503:de22:d24c:10d3:1c8e:1830,1
sdv-id-QGfuoI,ACC_256,ENT_UK_018,60703.76050292523,USD,2026-03-30 19:57:41,d264:e2f6:c9a6:3af1:318c:5fd2:c1ab:b484,1
sdv-id-ufaGpQ,ACC_273,ENT_UK_019,55611.91137754988,USD,2026-03-27 07:26:54,1a54:a71f:ed82:348a:eda:eb14:1a7c:7e82,1
sdv-id-GpPAkh,ACC_176,ENT_UK_009,11605.833484786694,USD,2026-01-14 09:37:52,b477:ca52:76b2:c083:5b70:45fe:bbe4:7b2c,1
sdv-id-cFyBcx,ACC_176,ENT_UK_014,112580.58078930984,USD,2026-01-17 13:25:23,2943:7155:45a1:b568:e447:8410:5fdc:17d9,1
sdv-id-JLtyXE,ACC_176,ENT_UK_006,147970.12850670068,USD,2026-01-17 01:25:29,a447:10a2:a47d:3d58:816b:bb85:10c6:2fa1,1
sdv-id-QeftEk,ACC_271,ENT_UK_018,109939.4596091617,USD,2026-03-18 02:55:01,c809:2aa1:bcd2:f188:9fb9:6cf8:142e:dfc1,1
sdv-id-OWNlBN,ACC_199,ENT_UK_016,40777.07118984013,USD,2026-01-11 15:19:23,880d:91de:9e5b:fe1:5bfe:17ff:200:c71f,1
sdv-id-xYdbkZ,ACC_142,ENT_UK_014,219861.00530006803,USD,2026-03-15 22:53:29,6cd8:f09d:54cd:5726:273c:2517:4a4f:198d,1
sdv-id-lRKzdF,ACC_243,ENT_UK_015,26250.952548269823,USD,2026-03-31 18:00:04,5cbe:eec2:d1b6:bb5e:40cb:da04:2c45:f46f,1
sdv-id-CKackz,ACC_142,ENT_UK_006,12527.88661499906,USD,2026-03-09 14:56:34,9408:d004:f5d9:ca24:4be2:dd41:8599:ff7d,1
sdv-id-xaDHba,ACC_107,ENT_UK_008,248860.35256254047,USD,2026-03-30 06:48:33,ee33:2490:a710:3fd4:9cd3:23d1:fd66:4886,2
sdv-id-vAZtgO,ACC_164,ENT_UK_017,16743.11457438131,USD,2026-03-20 14:08:14,7dc8:7241:65ed:e2ca:188c:71c5:f71a:af74,1
sdv-id-BZsNGC,ACC_142,ENT_UK_001,32662.021781382584,USD,2026-02-09 19:47:02,f46:d6f3:5093:889e:7c49:b791:58f:7d17,1
sdv-id-xcAQEX,ACC_107,ENT_UK_001,42361.5016450101,USD,2026-01-28 09:31:50,f2af:e25c:64fa:102b:ceb:5386:aca3:c4ba,1
sdv-id-AEpsim,ACC_134,ENT_UK_001,853923.1804320331,USD,2026-03-16 15:06:37,ffbc:13b5:8a98:4b76:37a5:692f:b50c:3973,1
sdv-id-ZECuie,ACC_211,ENT_UK_017,1000.360169472873,USD,2026-02-24 07:47:04,e194:9a23:af3d:d13:ecc:10bd:a4a0:1277,1
sdv-id-EySYVP,ACC_187,ENT_UK_001,3294.2242302799796,USD,2026-02-22 22:21:26,8355:d5ed:f219:1618:d7ff:3589:6ede:8704,1
sdv-id-wUvzaf,ACC_156,ENT_UK_004,55948.236678416055,USD,2026-02-08 05:14:19,9b3:d15c:4d13:90fb:96ab:9d8d:fac1:a331,1
sdv-id-PrsmSb,ACC_171,ENT_UK_003,31834.30286783122,USD,2026-03-08 03:12:33,b30b:5b:3bfc:ceb3:6f19:bddb:3e15:bbee,1
sdv-id-wooQEF,ACC_279,ENT_UK_009,33896.83525696092,USD,2026-01-01 21:49:17,3dd1:959a:445d:a0bb:7be:e20d:9425:c686,2
sdv-id-kkEXyX,ACC_171,ENT_UK_003,8332.375806061595,USD,2026-04-01 07:32:26,c73a:c1b3:9acd:90b0:9847:eb8e:f2d4:51f0,1
sdv-id-YjcyEL,ACC_107,ENT_UK_003,914.708595945282,USD,2026-02-25 14:20:09,7e99:f012:fc31:db3d:1348:78c4:8fd4:aab9,1
sdv-id-wzlJtj,ACC_221,ENT_UK_015,28990.592057571255,USD,2026-03-27 09:32:24,7307:968f:72ec:a504:eb4d:64e4:8bfb:c5f4,1
sdv-id-ybELaB,ACC_176,ENT_UK_009,945.0581426670768,USD,2026-01-11 00:12:12,670b:bc6d:7883:211c:1d52:b2a7:141d:472b,1
sdv-id-ydoqiL,ACC_256,ENT_UK_012,420358.4340781962,USD,2026-02-24 15:45:54,5870:d3c0:f4c0:6f3c:440a:c749:cc40:ef68,1
sdv-id-ybZhmy,ACC_123,ENT_UK_009,155707.9804098475,USD,2026-01-29 05:46:59,24f0:9a62:9742:b122:88f2:2786:4a32:aa67,1
sdv-id-MNEILR,ACC_146,ENT_UK_007,933.1850601140524,USD,2026-03-31 02:02:31,f2c0:d12c:a500:91d6:de83:55ce:5f9f:ddf9,1
sdv-id-WxcOQo,ACC_211,ENT_UK_005,411621.241846559,USD,2026-01-19 20:28:19,6a4e:6865:ed08:ca37:5137:3c3e:1677:8c2f,1
sdv-id-fOojHZ,ACC_107,ENT_UK_003,14967.055864792364,USD,2026-01-20 00:49:35,111:ab06:2e91:b184:c094:beaf:c277:c9dc,1
sdv-id-KDaXfX,ACC_107,ENT_UK_003,538650.1564912134,USD,2026-02-27 07:13:40,6c3c:76a6:ec5f:bb00:c0a8:f5e0:4e98:b7f6,1
sdv-id-jHRayT,ACC_176,ENT_UK_015,358437.6047993744,USD,2026-01-27 08:02:13,e271:66d2:e7f9:8db4:2d4f:a946:3991:63c3,1
sdv-id-MeIAAW,ACC_142,ENT_UK_015,20282.99088657164,USD,2026-01-19 14:36:22,a304:3480:b340:d09a:e400:64b8:a61f:fef0,1
sdv-id-BoBhRE,ACC_142,ENT_UK_012,531498.4089494977,USD,2026-03-29 21:14:35,7b72:fca3:5036:7400:52ac:274b:5e6a:803b,1
sdv-id-RdqKwi,ACC_107,ENT_UK_003,135620.66183982271,USD,2026-02-23 10:18:17,dd40:83c1:d4dd:79a8:174a:53ce:dc7a:ad36,1
sdv-id-WSUlMB,ACC_211,ENT_UK_006,10765.3084981771,USD,2026-01-10 21:17:29,1de2:61b6:2936:ba90:b5d0:4c34:a10c:f81c,1
sdv-id-wSEAMk,ACC_211,ENT_UK_011,142586.62786998588,USD,2026-02-28 16:48:56,2577:64ae:7fc2:846c:382b:c3d2:10df:1b8b,1
sdv-id-BUNZRy,ACC_181,ENT_UK_010,121626.86078894696,USD,2026-01-31 12:11:58,518c:fb43:74a5:2af9:dee8:d17a:3df:bf15,1
sdv-id-ZKhOrL,ACC_155,ENT_UK_004,958.6497559953588,USD,2026-03-17 02:25:37,c63a:4d6:1cc0:c467:c531:41a7:1e80:8a74,1
sdv-id-CZQKMy,ACC_187,ENT_UK_013,57271.05623635953,USD,2026-03-04 11:55:59,afde:5836:a446:b9a9:9225:1ef6:398e:bbde,1
sdv-id-ADCaEH,ACC_273,ENT_UK_017,23641.79084955002,USD,2026-02-06 03:32:30,54d8:414b:c038:778:f56:521d:35cf:10a8,1
sdv-id-EeHaCT,ACC_179,ENT_UK_002,7119.169292649447,USD,2026-02-24 18:02:19,e6d1:83ab:77a0:424a:ad11:f270:74bd:22c8,1
sdv-id-AMQvVs,ACC_176,ENT_UK_002,42444.950474828096,USD,2026-01-07 20:26:03,985e:2ffd:c347:8bae:4302:a808:6b2b:1ddd,1
sdv-id-yvrdAi,ACC_181,ENT_UK_015,79666.94819587063,USD,2026-01-31 15:27:24,57cb:fed2:b146:c78a:489b:f546:c862:89aa,1
sdv-id-HvtDKn,ACC_176,ENT_UK_011,1035632.2959095836,USD,2026-03-12 20:55:41,dd7c:7fea:e8ea:4de9:8ac8:8cf1:ca2e:13e6,1
sdv-id-wOsCeK,ACC_176,ENT_UK_019,46512.83340523802,USD,2026-03-01 10:49:09,28b:1de1:cd7a:73fc:73eb:35cb:f4e9:ec04,1
sdv-id-gwoeRz,ACC_176,ENT_UK_005,912414.6352511328,USD,2026-03-18 15:17:08,714:d07f:5773:17b8:fd1f:6d4d:a7d8:7f5b,1
sdv-id-cCbgZR,ACC_107,ENT_UK_002,2809.1674565887583,USD,2026-01-02 19:00:32,f75d:df88:6c34:d8a9:6f8b:f392:2f8c:30d6,1
sdv-id-UcOlIQ,ACC_142,ENT_UK_019,2444.4928684799124,USD,2026-02-15 04:40:34,7b7a:6b86:a617:53bd:30f2:a081:1de9:5c73,1
sdv-id-JJFceC,ACC_284,ENT_UK_013,1025.304265140262,USD,2026-01-29 21:19:00,29af:3022:3175:3282:7b98:e398:c463:f458,1
sdv-id-xieyrV,ACC_107,ENT_UK_003,319843.7705826631,USD,2026-02-12 09:17:17,bfc5:6a6f:7206:ca7a:7104:cc2:cbb8:7dc2,1
sdv-id-XbuJwt,ACC_176,ENT_UK_003,72482.8346360535,USD,2026-04-01 05:47:42,b945:3dd7:5c8:5193:57c0:c765:e8fb:97d1,1
sdv-id-EUvNCV,ACC_123,ENT_UK_001,53097.43422382479,USD,2026-03-23 06:56:28,7ca9:567b:f3aa:bb91:42d3:9454:4126:c695,1
sdv-id-qIIlox,ACC_146,ENT_UK_010,497655.6040772783,USD,2026-02-18 22:31:56,13b9:3643:8fdb:7d63:e9b1:4b52:7cc4:d152,1
sdv-id-pVOQOa,ACC_171,ENT_UK_005,91385.08718104406,USD,2026-02-01 20:12:02,f3:5ca2:6fff:2a8b:af68:c310:f52c:888c,1
sdv-id-SWdhjY,ACC_299,ENT_UK_012,246325.17784868705,USD,2026-03-14 02:55:16,d09c:865:af98:78c3:11ca:acd1:88e:2fb5,1
sdv-id-fsKuWN,ACC_107,ENT_UK_014,59089.952503304536,USD,2026-02-17 08:25:53,181e:2b28:6b29:a73f:bf57:8409:d59c:852d,1
sdv-id-sqyOUO,ACC_247,ENT_UK_018,970.0593123771074,USD,2026-03-27 03:45:17,6623:bd47:1f19:9b52:3309:c9f4:a27c:206c,1
sdv-id-dAIQeC,ACC_142,ENT_UK_004,239024.86769754096,USD,2026-02-17 21:26:59,e139:abf8:f57e:7795:a650:4579:3172:1871,2
sdv-id-BCxYnk,ACC_248,ENT_UK_013,621694.8799796109,USD,2026-03-11 23:52:16,8212:5a7f:5030:3c15:6980:fc14:5f63:f8d1,2
sdv-id-agKcdZ,ACC_176,ENT_UK_013,198130.31238679917,USD,2026-02-11 14:07:36,3644:d2fa:a564:6133:5b2e:7051:afc9:bc54,1
sdv-id-ORXfts,ACC_248,ENT_UK_001,665766.399460052,USD,2026-03-03 12:56:34,3510:60b2:6dd1:b65d:9186:8fe1:8c6f:201,1
sdv-id-jOWHkI,ACC_211,ENT_UK_005,42228.57614770923,USD,2026-03-30 23:09:31,3bd:c861:9a4e:f403:ee23:5523:c050:ee83,1
sdv-id-iiEMrC,ACC_211,ENT_UK_015,34467.11358002365,USD,2026-02-19 17:06:20,3373:69c6:c5e6:5ea6:a4f5:e909:f726:9418,1
sdv-id-GfbHFb,ACC_176,ENT_UK_008,2554.3810102312914,USD,2026-02-17 20:22:18,88b2:abcb:e111:4d0:d1f2:e850:6ff6:21d7,1
sdv-id-dcsreY,ACC_142,ENT_UK_003,26134.374926474386,USD,2026-02-25 04:02:33,7025:a2f4:223d:3665:d903:4665:8ec8:3501,1
sdv-id-SCwsZm,ACC_186,ENT_UK_012,814732.7096337614,USD,2026-01-23 11:46:14,51c1:8f77:5c9c:6207:802a:3d54:fe4b:aa0e,1
sdv-id-VKLYbM,ACC_128,ENT_UK_010,466810.67204200645,USD,2026-03-01 12:04:38,b1dc:5a60:956b:b6e3:1b12:cb76:3fc0:a59,2
sdv-id-ZUUebA,ACC_107,ENT_UK_014,539856.7221453047,USD,2026-01-14 09:15:36,ce1a:ace0:52e:8957:4bea:f767:3670:bf68,1
sdv-id-OhQLao,ACC_176,ENT_UK_017,51468.41396464424,USD,2026-01-30 19:03:17,db5d:26aa:d26d:bb86:73df:3a0f:e295:d62c,1
sdv-id-Gybbzv,ACC_107,ENT_UK_016,956.2207815942826,USD,2026-03-12 16:38:37,8fb3:90c6:ccde:3260:f202:ff1e:1dcb:65fa,1
sdv-id-svGMmj,ACC_211,ENT_UK_012,420751.9164254556,USD,2026-03-29 06:51:17,ca96:cf57:6a0d:1c38:e021:11c1:cdc:bc3f,2
sdv-id-GJyIyI,ACC_171,ENT_UK_015,18852.153202486857,USD,2026-01-30 06:42:47,ee89:e539:25ba:f58c:2adf:51f5:22ba:9c4a,1
sdv-id-zVFujo,ACC_171,ENT_UK_010,925.5090129060396,USD,2026-03-31 15:15:04,b9aa:365c:f4ea:61e4:7d62:4c1f:fef1:2373,1
sdv-id-pMtaZN,ACC_164,ENT_UK_002,13741.838027871505,USD,2026-03-03 08:29:46,bca7:1773:bd18:6a49:68e3:a228:416a:64f1,1
sdv-id-kHwMuJ,ACC_171,ENT_UK_009,68982.11595688979,USD,2026-03-18 14:07:03,540:910e:1df:ac18:a5ae:1fb0:dee0:6024,1
sdv-id-DQedPF,ACC_199,ENT_UK_003,76580.29904609332,USD,2026-01-07 15:37:53,b434:555:bb0f:fc71:1902:1018:b5cd:badf,1
sdv-id-sOXOjv,ACC_264,ENT_UK_013,102148.99913397909,USD,2026-03-02 20:31:02,fdd:6c33:e172:8bb6:7375:606d:34da:7c27,2
sdv-id-MxzMwm,ACC_123,ENT_UK_010,527278.6116011974,USD,2026-01-29 13:27:21,c2e6:fb24:d717:ff18:c846:1b05:e76f:c211,1
sdv-id-FHkvjU,ACC_181,ENT_UK_002,149196.18436805406,USD,2026-03-14 14:44:48,ad55:ab0d:dd97:823d:46c6:2688:d51:2e10,1
sdv-id-arvxoA,ACC_176,ENT_UK_010,5829.623929528354,USD,2026-03-15 15:20:36,c41c:e41:9013:ca89:b8d7:fd74:df27:69ff,1
sdv-id-qZiUdf,ACC_211,ENT_UK_002,258404.3501864574,USD,2026-01-30 23:21:38,ad2:cded:50eb:f30c:dad8:3fb:f44c:dd27,1
sdv-id-gvjDii,ACC_171,ENT_UK_002,34553.52748836341,USD,2026-03-09 16:59:16,ca1b:df64:7436:64d5:fc87:770f:8062:98e4,1
sdv-id-MULbmk,ACC_107,ENT_UK_004,48485.72924501059,USD,2026-03-15 18:13:57,a6f9:4d24:fb18:ec9e:edce:9636:fc7d:ef46,1
sdv-id-OuVSEZ,ACC_248,ENT_UK_010,21496.58969417423,USD,2026-01-18 20:43:39,586c:c98b:b4cc:7ece:7e64:5da7:4a2:9faa,1
sdv-id-Xkbqrb,ACC_221,ENT_UK_012,64223.41767668647,USD,2026-01-07 23:57:02,3028:e359:1e07:2651:e081:a8a4:63c6:aebd,1
sdv-id-HjlSUO,ACC_211,ENT_UK_007,28682.693252109093,USD,2026-01-29 02:35:30,aabe:98b9:431b:a2bb:e98d:675a:f0f1:e328,1
sdv-id-HlkoBg,ACC_176,ENT_UK_015,301799.14892559324,USD,2026-03-08 05:02:42,ac8d:44fa:665:aa76:f52d:c95:1baa:e40c,1
sdv-id-LYxZpM,ACC_271,ENT_UK_018,727865.8968902278,USD,2026-02-02 06:43:29,b9f7:104d:2a74:7ec2:609b:d9fb:2daa:1077,1
sdv-id-pjLZMw,ACC_171,ENT_UK_013,117048.57432765167,USD,2026-01-15 08:43:22,4442:39c5:c546:aa0c:2433:597:17b4:8266,2
sdv-id-WPPgix,ACC_211,ENT_UK_011,380177.81410862977,USD,2026-03-31 18:45:54,4ceb:2115:2cd4:91b9:2a12:dbf2:9e0d:75b9,1
sdv-id-gsYgRx,ACC_262,ENT_UK_005,10512.513350103864,USD,2026-03-06 04:32:42,805f:a42b:17a8:bab4:1e60:7e87:3ccf:79e,1
sdv-id-qqfvQF,ACC_293,ENT_UK_004,22137.90304921803,USD,2026-01-16 12:11:06,ea42:d55:b2ae:f27d:dea1:a7f0:77ea:b81c,1
sdv-id-cQYhmA,ACC_155,ENT_UK_001,967518.8663488524,USD,2026-02-12 07:52:33,8b11:2237:4ad5:d3bc:1e72:f06:49e6:e15f,1
sdv-id-MChmPN,ACC_155,ENT_UK_017,926.8194372034249,USD,2026-02-25 06:27:50,b075:fd08:4070:4754:2c5b:1b44:a927:9387,1
sdv-id-oWDqop,ACC_225,ENT_UK_017,40454.59046786006,USD,2026-02-11 09:12:05,bdaf:5fa3:78fc:f2b2:1e71:c3c5:889b:2695,1
sdv-id-atpqNG,ACC_176,ENT_UK_019,395616.25498876494,USD,2026-01-04 10:27:51,93c8:cd08:a057:eb97:a002:c4a4:f4db:47f5,2
sdv-id-NZfqoP,ACC_273,ENT_UK_005,562452.5944847018,USD,2026-01-03 01:00:01,c025:6088:2666:b206:7b89:79a2:9d2d:e333,2
sdv-id-DUFNOH,ACC_171,ENT_UK_007,632948.7181604955,USD,2026-03-16 16:15:11,83b3:d660:cf79:61c5:42fa:43aa:9cac:241f,2
sdv-id-eUnSdu,ACC_142,ENT_UK_018,127963.3381913326,USD,2026-01-25 04:16:06,e67b:a52f:e732:a53a:e8d6:ced1:fa37:d1ea,1
sdv-id-RMcbag,ACC_142,ENT_UK_008,520595.4326609956,USD,2026-01-05 11:28:46,9636:c3a9:ff17:e13a:a703:3321:af46:b23b,1
sdv-id-pzjiCb,ACC_221,ENT_UK_001,50992.95929717791,USD,2026-02-15 08:51:02,1f3f:b463:5c52:25a2:51a5:1ace:bf04:17c5,1
sdv-id-VoqgMs,ACC_253,ENT_UK_001,214646.90572199132,USD,2026-02-14 04:23:22,c6b4:ee2d:1b80:6f19:ee47:c482:8a74:c0b1,2
sdv-id-icrsRA,ACC_142,ENT_UK_019,20174.672580592145,USD,2026-01-15 08:40:41,23f:f9c9:182d:fd61:8571:63bd:bf49:6d11,1
sdv-id-NqqOOq,ACC_142,ENT_UK_008,37272.308932086955,USD,2026-02-24 01:17:51,1b26:4fc1:7a9f:2ff0:a181:edc:82e3:92e0,1
sdv-id-kRLBkM,ACC_170,ENT_UK_012,1678.1713293242713,USD,2026-03-15 02:31:13,7615:7cd6:fab3:8631:621:d646:d3a8:ebbe,1
sdv-id-hVjdKq,ACC_107,ENT_UK_006,27037.10805368667,USD,2026-01-29 01:25:15,3039:cb2f:9991:f273:d196:8ada:dd08:b802,1
sdv-id-DmNYUp,ACC_273,ENT_UK_006,704601.0997383575,USD,2026-03-28 02:16:16,d6a1:5759:2834:65d9:c35d:6f8b:177a:ee81,1
sdv-id-vCMxBZ,ACC_164,ENT_UK_004,6796.702902115382,USD,2026-01-05 08:43:16,9e92:20e6:c7d:ac61:b8c3:de00:7a16:b23a,1
sdv-id-AlZSBu,ACC_196,ENT_UK_010,659945.7407531857,USD,2026-01-25 11:56:14,5e03:88f9:5840:7e6f:7e7d:c42c:e5e7:1be7,2
sdv-id-ucNhIA,ACC_170,ENT_UK_015,5239.301682977139,USD,2026-02-16 07:08:38,e38a:597b:3c1a:8733:24ad:8215:7372:7539,1
sdv-id-muEdHw,ACC_142,ENT_UK_008,66722.499785923,USD,2026-01-16 05:08:13,5125:dd87:aa87:b083:7617:b1d4:7ad7:6292,1
sdv-id-eAhtPw,ACC_107,ENT_UK_014,174637.3788562253,USD,2026-02-25 21:24:24,6b1f:b0d9:6d15:37b4:ccad:ea18:439e:ee67,1
sdv-id-ckLYoB,ACC_142,ENT_UK_007,30012.85171229033,USD,2026-01-24 12:02:43,4e80:3831:7fea:9df8:b397:42bf:a6f7:4051,1
sdv-id-jWpEQF,ACC_171,ENT_UK_018,221545.23944041904,USD,2026-02-26 00:29:46,65d8:2282:ab92:7971:e9c5:266d:1537:a45b,1
sdv-id-VvRcdX,ACC_247,ENT_UK_017,1144.2391996435438,USD,2026-01-20 09:26:13,a82e:70cb:c529:d137:93a6:be65:6da6:7b2a,1
sdv-id-xAczXX,ACC_142,ENT_UK_003,249350.43883335145,USD,2026-03-22 20:58:30,eb9b:46f0:379d:7d7c:6496:daf6:3cfa:e15e,2
sdv-id-yQAQLI,ACC_142,ENT_UK_006,101191.64495181185,USD,2026-01-15 22:20:06,7a80:549f:f734:a650:24c0:f69b:df7a:6bf5,1
sdv-id-spfMLv,ACC_271,ENT_UK_013,117236.48759696292,USD,2026-01-03 20:23:26,5d46:a634:a3dd:280e:56b2:ebd4:7645:5077,1
sdv-id-QpebkX,ACC_293,ENT_UK_008,245118.0608538262,USD,2026-02-01 08:22:02,b0b4:6fd:abee:e8b4:3b33:1132:54c6:34c8,1
sdv-id-noIPNu,ACC_176,ENT_UK_007,41020.044031499696,USD,2026-02-24 12:57:25,b0d0:30c9:7e19:9a15:4048:5f2:e7b1:b43,1
sdv-id-siWvrI,ACC_142,ENT_UK_012,1776041.5626446255,USD,2026-01-25 17:11:16,3f5e:4a51:6c3:87d7:ed78:445a:435:3db4,1
sdv-id-tAMSNz,ACC_176,ENT_UK_001,828459.8413606395,USD,2026-01-01 03:22:48,3236:bcfd:a386:d2f7:abed:a89b:ffe0:ba37,2
sdv-id-mHaRiS,ACC_196,ENT_UK_016,22235.925834019457,USD,2026-03-14 14:07:50,c9fd:ebd4:77cf:628c:eccd:beb:5a20:1f40,1
sdv-id-lnMCJo,ACC_146,ENT_UK_010,200863.2519217503,USD,2026-01-04 13:04:41,2f7c:dc88:90a8:2955:6be:3d54:852b:d6c7,1
sdv-id-JxaEaM,ACC_211,ENT_UK_003,166689.24131424425,USD,2026-03-19 17:57:10,e18:8707:c793:8751:874b:b3c0:774:6be0,1
sdv-id-wMBpCs,ACC_170,ENT_UK_018,341114.05433612614,USD,2026-02-13 08:21:32,734f:9730:928c:af7d:b9cd:aae9:1841:58c0,1
sdv-id-EaVcJr,ACC_271,ENT_UK_004,1732.971802725594,USD,2026-03-30 23:36:54,1ca7:47b2:8bf6:767f:b343:b6ad:82ef:c9ff,1
sdv-id-KfXIXE,ACC_186,ENT_UK_012,3480.7056993567353,USD,2026-04-01 05:12:24,c119:935a:10bb:4a2c:854f:74a9:e1a7:65b2,1
sdv-id-paQbOb,ACC_176,ENT_UK_012,3364.0958542294416,USD,2026-02-14 03:44:47,ee34:d75a:5e82:4a9b:ed33:16db:9bab:ad45,1
sdv-id-iVqcNK,ACC_181,ENT_UK_016,3953.528942336032,USD,2026-03-01 06:51:42,50fd:c29b:b57c:8ee0:1cf5:3fe9:dc9e:783a,1
sdv-id-esaJVL,ACC_155,ENT_UK_001,523186.8449764764,USD,2026-03-03 05:26:21,525b:5192:e14c:de5f:b5fc:daa3:7833:ba10,1
sdv-id-rgPeJp,ACC_176,ENT_UK_004,26435.942404494108,USD,2026-01-26 16:51:56,93e:dfcd:7020:e51a:3708:be:dbe8:8306,1
sdv-id-jibaEj,ACC_176,ENT_UK_019,555082.6389581313,USD,2026-02-11 04:23:30,ebea:52bc:9e9d:c856:f11f:f794:d934:85a8,1
sdv-id-kRDVub,ACC_146,ENT_UK_019,37792.84137461641,USD,2026-02-07 12:33:21,84fe:1fbd:c879:2e:fb5:4c2a:1274:bd36,1
sdv-id-CPpTqG,ACC_176,ENT_UK_001,262866.9802945083,USD,2026-01-27 15:53:29,7a07:7896:db64:2a48:4734:349a:fc4c:b0b4,1
sdv-id-zMwjdB,ACC_176,ENT_UK_010,42905.67873625721,USD,2026-01-24 01:10:09,662:9883:ac18:c016:559c:873:1817:dfbb,1
sdv-id-peOzIQ,ACC_155,ENT_UK_008,12324.85189808872,USD,2026-01-15 16:22:17,5b63:c54d:33f7:a67c:f341:869b:a3d:12b4,1
sdv-id-TkCUGW,ACC_142,ENT_UK_008,44744.96421840766,USD,2026-01-23 09:46:09,aeda:7940:35a:d008:f986:5369:5d2e:5fe4,1
sdv-id-xTQJNF,ACC_176,ENT_UK_002,132242.0913028493,USD,2026-01-29 08:31:57,6c1:42d8:299:5048:3a63:4525:f206:e29,1
sdv-id-yMRdgt,ACC_273,ENT_UK_011,46771.01553317617,USD,2026-02-13 03:12:01,753c:b160:c2d4:48c9:fd67:58b8:51d4:125f,1
sdv-id-eCjqvU,ACC_107,ENT_UK_016,1099.9577610259137,USD,2026-03-06 23:43:32,dfb0:5f42:b95a:267a:bb22:3235:bb9c:a837,1
sdv-id-ZUJCet,ACC_211,ENT_UK_016,659863.924273841,USD,2026-03-18 13:34:54,9a37:8222:2f70:3efa:9a6c:12b0:406d:d066,1
sdv-id-YUGJMt,ACC_107,ENT_UK_007,17164.617724999218,USD,2026-03-15 12:00:32,661d:a7ed:c827:f326:4d29:baa9:a32f:da6d,1
sdv-id-fSJFUf,ACC_156,ENT_UK_013,15130.268826961214,USD,2026-03-17 20:41:58,62a5:e92f:9e22:7704:cbb9:aedd:14be:c4c7,1
sdv-id-XXbVOj,ACC_186,ENT_UK_006,54559.42926694205,USD,2026-02-22 00:40:16,c043:fdc5:4464:d10:e501:745b:207:24ba,1
sdv-id-xXLaqS,ACC_155,ENT_UK_010,501578.1498445931,USD,2026-03-11 21:02:21,69f:a9a4:7f57:22dc:4297:821d:f4ab:bb9f,1
sdv-id-FrQtDj,ACC_162,ENT_UK_019,72994.60499069178,USD,2026-02-14 11:56:27,ef52:3e06:c8ed:f3d:d0f2:1ccf:af77:3211,1
sdv-id-djlyVq,ACC_142,ENT_UK_012,1377476.1547944192,USD,2026-01-26 12:37:42,fb18:6ade:ff29:31d3:f9e8:7f1f:53c0:154b,1
sdv-id-RnvBEZ,ACC_186,ENT_UK_002,462724.9569539293,USD,2026-03-20 22:10:05,5943:e610:1e29:2bee:f89:801f:2f72:cf28,2
sdv-id-pLBsEF,ACC_171,ENT_UK_008,45318.221306650434,USD,2026-01-12 08:36:46,ce59:dc3f:cbfb:ec66:77c6:6200:c31b:5d75,1
sdv-id-JjMnOZ,ACC_176,ENT_UK_002,17826.016784098294,USD,2026-03-19 20:30:10,cae8:9f52:ecf8:c749:6f45:17a8:1087:c554,1
sdv-id-ghetoa,ACC_100,ENT_UK_005,9544.865358089352,USD,2026-01-27 15:44:00,7f2a:8bf4:529c:1d13:55d5:a15e:4df:1800,1
sdv-id-PzzSLK,ACC_155,ENT_UK_002,26650.82096107217,USD,2026-02-02 03:07:46,5287:6d00:4f97:cf45:36ac:d4c2:e91b:2446,1
sdv-id-TuFnFA,ACC_179,ENT_UK_009,43724.797054110226,USD,2026-03-07 16:08:29,e587:617a:296a:6b34:7d1b:3ad6:79b6:624b,1
sdv-id-xqnMWI,ACC_142,ENT_UK_015,939.8064513213792,USD,2026-04-01 19:22:37,a9af:daa0:eb94:526f:9cfc:2cda:a1d1:d9ee,1
sdv-id-nZfHVh,ACC_248,ENT_UK_016,22678.7990093106,USD,2026-02-27 22:38:24,2e7:9fd6:65ae:c30c:bc62:2022:ade8:a6e3,1
sdv-id-noapEk,ACC_176,ENT_UK_011,21282.651675027653,USD,2026-02-01 12:00:03,2e3b:930:7233:1395:1125:4de5:6cb9:da3b,1
sdv-id-qWVapH,ACC_142,ENT_UK_016,965.1137145548568,USD,2026-02-02 20:01:57,9746:d0fc:4210:1c46:69f9:5022:c6a0:14a5,1
sdv-id-okCHGl,ACC_176,ENT_UK_006,32355.412580507746,USD,2026-02-01 13:04:21,f8e7:f5ba:175a:9411:6e31:d608:5ff8:733b,1
sdv-id-NGIFRI,ACC_225,ENT_UK_007,7940.139378960266,USD,2026-02-04 11:44:21,bc2e:4d44:8bba:fb89:8f8a:d382:f586:7cdb,1
sdv-id-TNXRZy,ACC_134,ENT_UK_006,288274.2076446834,USD,2026-02-09 12:03:56,f0fd:fe60:e2ef:14cd:34fd:d22c:e704:117c,2
sdv-id-ozybPx,ACC_221,ENT_UK_003,21731.64916288208,USD,2026-01-07 02:13:47,1355:ce22:b621:1edf:94a:f60b:aa51:fe9e,1
sdv-id-mVXBiu,ACC_142,ENT_UK_003,185016.13722774055,USD,2026-01-17 16:58:18,7b6c:2c6:ebb9:909:8486:2055:735c:a4ec,1
sdv-id-OctAct,ACC_211,ENT_UK_008,2375.959795511807,USD,2026-03-06 01:03:09,c2d9:c8f8:e75f:4814:53a4:7411:8011:106a,1
sdv-id-VKXymF,ACC_107,ENT_UK_016,166637.2999119133,USD,2026-02-10 14:14:36,426b:cc3a:8e80:a3df:77e6:1bdf:30d3:605a,1
sdv-id-knmGkY,ACC_176,ENT_UK_018,577589.1557019665,USD,2026-03-25 13:32:12,a8cb:b3cf:2e81:e4a7:4a15:3b2b:c509:7a80,1
sdv-id-nGHiSg,ACC_170,ENT_UK_002,60366.32836779458,USD,2026-03-31 19:14:02,2688:5f4f:ff9:aba4:e6da:18d4:43f7:93e2,1
sdv-id-MPXAvL,ACC_155,ENT_UK_005,6868.467266391206,USD,2026-01-31 21:46:35,6fc5:dbd5:9d56:962a:b600:72ed:f3:9cb,1
sdv-id-ZXvaYR,ACC_243,ENT_UK_005,956.8941433156654,USD,2026-02-15 12:10:31,8c8f:a5bc:5a43:a117:d33d:654d:9bcf:5fc6,1
sdv-id-rfowPO,ACC_142,ENT_UK_002,1088886.2958828888,USD,2026-01-17 23:53:43,625e:bf3:6634:d840:e4a6:9aa1:5448:6ad1,2
sdv-id-npMuHS,ACC_123,ENT_UK_012,283104.5496886989,USD,2026-02-19 21:47:39,24fb:3af5:ea8c:ed8a:aa39:6c6b:fe13:303,1
sdv-id-HjzVIe,ACC_176,ENT_UK_003,2145.1975031939614,USD,2026-02-04 23:53:16,4880:bb46:87f2:d512:613c:1fb0:fb9d:2eda,1
sdv-id-VVieUF,ACC_187,ENT_UK_015,277370.06187320605,USD,2026-03-31 05:44:59,2a1b:ce04:8100:aa48:1181:dd19:c56a:ad1b,2
sdv-id-AUWrVj,ACC_284,ENT_UK_011,34660.806768613336,USD,2026-01-01 08:12:43,3e79:f96c:2297:ee98:54a0:9f4f:377b:86ac,1
sdv-id-yOdzVX,ACC_176,ENT_UK_002,3319.5324423542143,USD,2026-01-18 19:02:28,63b2:24f4:314:f72f:88f1:ae55:6969:d411,1
sdv-id-rolCfw,ACC_162,ENT_UK_013,19420.38293846847,USD,2026-01-24 18:27:01,c368:bc72:cdb1:bacb:3e5d:6baa:ae21:399d,1
sdv-id-kSqMIx,ACC_146,ENT_UK_014,16587.7006682042,USD,2026-01-08 01:30:04,3867:6480:cef7:3394:ee46:cfd1:efe1:70a,1
sdv-id-aGZVFv,ACC_100,ENT_UK_015,29790.09943430419,USD,2026-02-14 23:39:25,413d:edcc:34ef:73ec:44fa:3d15:db46:c5e3,1
sdv-id-gQTrFL,ACC_234,ENT_UK_008,12993.317852068243,USD,2026-01-18 06:28:30,d67e:f5bc:4abc:8cf9:b03e:aa3c:650e:fe70,1
sdv-id-pQpSxv,ACC_176,ENT_UK_001,73409.42291760372,USD,2026-03-19 02:17:03,73ca:3550:f8d9:9e8d:14e6:5e0e:822d:8693,1
sdv-id-FaXtvy,ACC_142,ENT_UK_005,565798.392024087,USD,2026-01-09 11:30:53,4f09:979f:1be:e8e7:90a4:5edf:27e3:5a2b,1
sdv-id-qRJHhe,ACC_273,ENT_UK_014,31404.98160725059,USD,2026-01-04 14:18:35,92ba:9a0e:652d:9871:c89d:d198:efa:484f,1
sdv-id-SrdVRh,ACC_142,ENT_UK_015,135434.7595533837,USD,2026-02-08 02:24:02,9c29:635e:2f4c:e025:b74f:2f61:1c63:76e0,1
sdv-id-yYlYaB,ACC_142,ENT_UK_001,78993.83100635943,USD,2026-03-20 16:29:05,7c4b:9e5f:1c85:5c59:746:cb6f:ec1c:9bee,1
sdv-id-Qkmqjw,ACC_171,ENT_UK_010,1214.0060507311027,USD,2026-01-02 14:01:09,4f71:c729:9c2b:d4bb:fb70:fb05:dced:178e,1
sdv-id-QnPVZB,ACC_171,ENT_UK_016,697443.4408455922,USD,2026-01-16 04:24:07,8ca7:a259:fbf9:969f:a9f7:16b4:4c31:5a6a,1
sdv-id-zMSvrc,ACC_129,ENT_UK_007,477689.47575987165,USD,2026-03-22 23:39:27,dbae:b166:ba11:523b:b928:8d6f:403:5070,2
sdv-id-NRAzoZ,ACC_176,ENT_UK_003,131093.23561228073,USD,2026-03-30 02:18:25,1d44:dba5:994e:bbd:f4bb:f8a8:6e77:9c01,1
sdv-id-AtDsjp,ACC_273,ENT_UK_007,132212.45760035174,USD,2026-01-29 16:54:00,3133:44c0:e87:9194:b942:e114:bcb9:8871,2
sdv-id-jgvHaX,ACC_187,ENT_UK_007,674590.038032617,USD,2026-02-17 05:47:26,ac23:bfb2:d710:522e:bd5a:d025:e971:d270,1
sdv-id-LgDfyV,ACC_176,ENT_UK_001,7862.115415001904,USD,2026-03-16 17:56:14,d508:d3a8:5439:8051:3f93:b8ef:6085:49e8,1
sdv-id-RhaZAK,ACC_176,ENT_UK_016,326918.91151062574,USD,2026-01-13 22:44:21,c601:c7fb:9a77:6b66:934a:369a:92d8:29a9,1
sdv-id-PNEILO,ACC_176,ENT_UK_008,277286.95748553216,USD,2026-03-07 10:14:50,6191:b109:e007:21b1:3c4a:897c:8b41:eaeb,1
sdv-id-jjWKIW,ACC_176,ENT_UK_010,13110.604708711153,USD,2026-03-07 17:31:51,5414:92da:1451:ae8e:6252:ef70:2aa:4c17,1
sdv-id-CTzrIi,ACC_253,ENT_UK_011,105722.91591785027,USD,2026-01-23 21:17:42,6c0b:6b1c:d3a2:cc33:eaa0:20e3:9bf7:f469,1
sdv-id-mUUUtT,ACC_142,ENT_UK_002,447377.0574729917,USD,2026-03-11 23:00:50,3b02:ae26:5bec:2860:1a1e:dee0:2f6d:901e,1
sdv-id-shyuQD,ACC_146,ENT_UK_009,5056.744513341839,USD,2026-01-19 21:53:08,cbc6:a7db:a5d6:89ed:7dac:8ae8:615:a164,1
sdv-id-VwyyRL,ACC_294,ENT_UK_013,202597.0988192936,USD,2026-01-02 23:04:00,f448:4acc:4269:9e9:c182:903f:68e:3fd4,2
sdv-id-BbNdei,ACC_186,ENT_UK_012,65124.17688085258,USD,2026-03-29 10:15:52,982a:ab9c:647a:9522:eb88:40ce:d85e:85ea,1
sdv-id-mjEwep,ACC_186,ENT_UK_015,2549.4939365503938,USD,2026-03-25 20:26:01,ff56:9009:57a2:a0e8:eb7c:8d9e:b71c:4af1,1
sdv-id-AHRzDd,ACC_264,ENT_UK_002,382594.1878987131,USD,2026-01-12 21:20:20,236b:201:c9ae:f170:df4:fe14:9787:7733,1
sdv-id-OjIhiW,ACC_142,ENT_UK_008,24550.09471292083,USD,2026-02-12 20:59:45,e8c7:4cc7:f42b:53ef:2acb:b20a:dc30:cc90,1
sdv-id-oBqTDB,ACC_142,ENT_UK_004,248062.41498099023,USD,2026-02-15 18:13:26,cd0d:965d:ca66:9f6e:1611:a996:ab2:b016,2
sdv-id-guEIwO,ACC_271,ENT_UK_010,516734.6448816543,USD,2026-01-12 15:42:14,68bd:e055:a778:ee44:e175:d38d:8e28:5e2,1
sdv-id-QwDtpG,ACC_271,ENT_UK_019,10289.60781931854,USD,2026-03-29 00:40:45,47e8:3989:75c5:ead7:7445:cd28:ead8:c6b7,1
sdv-id-ZHGKCW,ACC_211,ENT_UK_008,3048.5159228052657,USD,2026-03-03 23:23:04,6507:3eff:e381:e30f:5bb9:17d2:de07:1e49,1
sdv-id-uiHXIm,ACC_176,ENT_UK_006,36813.28643139772,USD,2026-02-03 09:36:57,14c7:6ef3:f297:68b5:d2e5:e77c:a828:d569,1
sdv-id-IWsKma,ACC_271,ENT_UK_008,1679.7792010877554,USD,2026-02-10 00:30:55,aa5c:ae93:20a6:7468:9f4c:d269:c2d3:c307,1
sdv-id-fZIUmm,ACC_176,ENT_UK_012,69193.5315404365,USD,2026-03-29 23:45:33,7a98:8db8:be66:43b1:dc0e:90e1:db56:6e43,1
sdv-id-wQLWlP,ACC_189,ENT_UK_007,507854.2094004293,USD,2026-03-18 22:53:36,b13d:97bf:d161:c74a:e2de:4623:4998:1f4a,2
sdv-id-AfNndJ,ACC_155,ENT_UK_006,5469.578180416883,USD,2026-01-18 20:28:22,1389:7761:a504:8de1:ae8:c879:ebf2:f3c,1
sdv-id-ukSfOO,ACC_128,ENT_UK_010,244628.58581062435,USD,2026-03-22 19:12:20,a0ae:fd3a:d556:fc65:de45:fe18:7907:d809,1
sdv-id-kkiDax,ACC_211,ENT_UK_014,6084.274811534008,USD,2026-02-28 11:04:13,1451:4ace:b78:38cc:f11d:95cc:b676:2e80,1
sdv-id-IJGhOB,ACC_264,ENT_UK_003,1518.4077900785603,USD,2026-03-09 16:09:34,7af4:ca67:5f00:b01e:4f25:6b72:5955:7f81,1
sdv-id-SEFmHp,ACC_134,ENT_UK_013,934.5195479116708,USD,2026-03-25 21:45:21,3e5e:7e35:832a:ed89:b802:ee4:d5bb:9718,1
sdv-id-PdKwQn,ACC_134,ENT_UK_002,230917.6967186508,USD,2026-03-21 08:56:22,9039:79fd:f551:5255:fde9:d553:1409:c90a,1
sdv-id-bgefeD,ACC_271,ENT_UK_004,561807.8379395715,USD,2026-01-05 13:29:58,31a5:3a76:6719:e8:678b:b734:3c64:d3aa,1
sdv-id-BThKcD,ACC_176,ENT_UK_018,290083.1640958989,USD,2026-01-08 17:20:22,101c:38a4:9889:13c8:52e4:b16b:cbfb:b5ff,1
sdv-id-PsMpLf,ACC_171,ENT_UK_016,253994.32105163977,USD,2026-03-15 10:01:16,84b6:aff2:a97f:a13:6940:a46c:7793:f7af,1
sdv-id-JeiYsx,ACC_211,ENT_UK_001,124479.0239346331,USD,2026-02-10 02:22:07,deed:601f:9f4d:b3ab:853c:856e:7920:d0,1
sdv-id-CMfUtL,ACC_279,ENT_UK_019,73403.50051185227,USD,2026-01-10 00:20:47,7c7a:e85:cd10:9517:e1f8:7451:31bd:98ac,2
sdv-id-EGXwif,ACC_211,ENT_UK_016,8132.925921156392,USD,2026-01-15 03:53:06,3984:c3c:a4ac:73db:4a70:6542:f196:3184,1
sdv-id-Akvwsy,ACC_100,ENT_UK_018,51587.775958320766,USD,2026-02-02 13:09:33,7a0d:6099:a5f1:23f8:6956:5ce2:16a4:8acb,1
sdv-id-ZhQeAt,ACC_253,ENT_UK_002,22860.986155026916,USD,2026-04-01 14:31:35,b965:4d0b:1b2e:381d:994:cdf6:1c8e:3526,1
sdv-id-FaRSiK,ACC_164,ENT_UK_014,8863.066502844333,USD,2026-02-26 20:16:25,5720:dcec:462b:c9ab:e6a5:ee24:7a6b:ab14,1
sdv-id-EFesXK,ACC_256,ENT_UK_013,9948.200274989027,USD,2026-02-18 13:38:01,f11c:e01c:c1d9:b275:4080:3468:4b3c:da6b,1
sdv-id-VzxnlT,ACC_107,ENT_UK_003,926601.6116366824,USD,2026-01-18 12:51:09,84e8:9c16:24b:bc66:5b74:1dbc:1880:12f6,2
sdv-id-mlpjGW,ACC_128,ENT_UK_005,1122961.2109317062,USD,2026-03-30 16:50:32,6f3f:5442:d819:f150:d55e:cfb0:7098:4cd1,2
sdv-id-JlJpkS,ACC_248,ENT_UK_016,733157.3136606993,USD,2026-02-07 12:29:54,1c38:9eb2:b85e:9d11:c06e:6ea7:1fe4:51c2,2
sdv-id-MtsjPf,ACC_211,ENT_UK_019,45190.833902368155,USD,2026-01-13 23:02:16,6e64:e5e:e778:8aae:7545:183b:a811:3cbe,1
sdv-id-MARCvy,ACC_176,ENT_UK_014,168607.93971462693,USD,2026-01-13 05:40:00,272f:62ac:1dc3:7b0a:c8ed:6825:732:5350,1
sdv-id-NBsvNb,ACC_176,ENT_UK_005,288077.60193027597,USD,2026-02-02 04:42:04,4fd1:5d20:a608:3f5f:e54a:3f9c:5b9d:dc8d,2
sdv-id-HsaVzO,ACC_170,ENT_UK_017,12440.806677679004,USD,2026-02-25 12:15:05,360e:35c1:db46:6aa7:ed5a:4077:d4b3:9184,1
sdv-id-GrbcKX,ACC_142,ENT_UK_015,63900.74248218546,USD,2026-02-17 18:28:12,7169:f4a2:5570:f8c5:53f0:eed0:ccd8:a36b,1
sdv-id-YIBuVK,ACC_299,ENT_UK_002,9709.629735362929,USD,2026-03-16 07:14:24,6c57:2973:7060:7b9d:49a:1819:9fa7:4002,1
sdv-id-VuXsnZ,ACC_176,ENT_UK_017,129491.95664164433,USD,2026-01-05 15:25:33,49ba:747a:a5ff:948a:5768:388b:2dcc:1537,1
sdv-id-pTYzav,ACC_196,ENT_UK_018,81425.48905196162,USD,2026-03-24 18:57:00,bfe:446f:a582:6e94:1428:a2c9:894e:7961,1
sdv-id-FHoqCY,ACC_253,ENT_UK_018,20141.07163840236,USD,2026-03-04 14:01:17,9592:22ae:8dd9:4751:ee14:4c31:edf:cbd4,1
sdv-id-awsvME,ACC_142,ENT_UK_009,183819.2912799795,USD,2026-01-24 20:01:54,28fd:ab4c:aca8:e24d:23bb:c0e5:5eb8:fc0a,1
sdv-id-kgcLWj,ACC_176,ENT_UK_012,1287.0907809469245,USD,2026-03-22 23:40:16,ca88:fd96:d2f9:5474:790:9368:dd1a:defe,1
sdv-id-cYoUHE,ACC_181,ENT_UK_011,174480.61090190877,USD,2026-02-15 12:31:07,c705:6b0a:c4e7:cb4e:cdea:b54e:a2e0:a6a7,1
sdv-id-eZtPOe,ACC_271,ENT_UK_009,904416.5945364512,USD,2026-02-05 18:23:02,785c:1635:d0d6:511c:719a:e7c7:e1f:e3fd,2
sdv-id-KrRvIV,ACC_242,ENT_UK_007,704205.6477453107,USD,2026-03-06 13:30:44,f09c:7ab0:56fe:fede:7fcb:34f2:2858:75c0,2
sdv-id-uwKUPw,ACC_123,ENT_UK_001,1150.4663705539974,USD,2026-01-11 20:29:27,9421:b942:db9:588e:a202:642:f894:2427,1
sdv-id-YLdQMk,ACC_176,ENT_UK_014,1116.394006728656,USD,2026-02-08 08:11:39,1680:2791:a453:dfe0:2a45:4f00:17c2:18f1,1
sdv-id-lNtPJJ,ACC_155,ENT_UK_014,1579885.7626722285,USD,2026-03-01 12:17:57,9199:c47b:5cad:e05a:83d4:f557:d31:33d4,2
sdv-id-fxbCbP,ACC_176,ENT_UK_018,2229.7705676613787,USD,2026-03-04 22:24:40,e4d3:6c1:e597:d687:5816:794a:1002:9054,1
sdv-id-LnSmiL,ACC_134,ENT_UK_011,644606.1163142972,USD,2026-03-24 06:53:43,6ee4:2aa3:1de:e978:540e:e4ff:d165:216e,2
sdv-id-OGJRtH,ACC_211,ENT_UK_010,3361.219117430002,USD,2026-02-08 01:57:48,a4c5:e0f7:c313:3d78:d914:add:1d5f:7024,1
sdv-id-TJeFGq,ACC_299,ENT_UK_014,365492.31031126215,USD,2026-02-22 19:37:25,5c36:5e4b:6dce:96e1:d776:4197:8734:25b0,1
sdv-id-ybvTkh,ACC_199,ENT_UK_012,280659.64393779536,USD,2026-03-17 03:49:40,8ef8:a700:e016:3836:609c:a477:9118:e098,2
sdv-id-OYwdtA,ACC_107,ENT_UK_001,145243.6323218597,USD,2026-02-06 11:15:01,4199:4c00:9b2:189b:cc80:57e2:5efc:da07,2
sdv-id-AugpxF,ACC_162,ENT_UK_014,5439.456593617813,USD,2026-02-28 21:46:19,9451:4c42:cec:b6dc:a233:7837:1fc1:4605,1
sdv-id-TeNoPu,ACC_176,ENT_UK_007,19722.54973777556,USD,2026-03-14 16:13:48,1424:d014:b3ec:4a24:f7f8:1879:1447:f5ec,1
sdv-id-xcWpdl,ACC_107,ENT_UK_012,634202.7473575277,USD,2026-03-10 23:44:26,a2fc:865b:ee0f:8097:ddfd:d5f:d817:2bbe,2
sdv-id-AJDOLH,ACC_181,ENT_UK_008,36701.51403426738,USD,2026-01-27 15:00:30,16df:95b9:6799:3646:9578:31b8:6773:a343,1
sdv-id-FbrwTj,ACC_142,ENT_UK_002,459364.5570610762,USD,2026-01-14 00:11:23,8cf4:1a71:53dd:58ab:10fe:5ca4:4e04:b882,1
sdv-id-rhNDEU,ACC_134,ENT_UK_018,27981.725588638237,USD,2026-03-27 17:16:25,e0a3:c0e7:b056:e203:cee0:ecda:d000:80da,1
sdv-id-vmBWEq,ACC_107,ENT_UK_018,75419.34918035423,USD,2026-03-10 07:30:00,b098:1895:3044:dac9:d152:655d:bcb7:fb50,1
sdv-id-pGKmgk,ACC_211,ENT_UK_018,199338.6107088375,USD,2026-03-08 20:11:45,5089:ea0:a6ee:9243:dd96:bfc8:435:a0d2,1
sdv-id-YOiuEe,ACC_123,ENT_UK_003,1069.389229798409,USD,2026-03-08 04:06:33,a4f5:b527:ea0f:1f21:d3fa:b727:5e42:d119,1
sdv-id-kiMRbg,ACC_256,ENT_UK_001,9646.851747576831,USD,2026-02-14 15:33:08,4bb8:9f7:23cf:4709:e350:5100:e05b:9d2b,1
sdv-id-qHPJjV,ACC_211,ENT_UK_010,82474.0064665042,USD,2026-02-02 07:38:27,8cbb:38a:706d:eb95:6248:c809:dd7a:23c6,1
sdv-id-fllTis,ACC_284,ENT_UK_019,338245.82347689336,USD,2026-02-19 09:57:58,2c8e:3ac0:4e8c:d4a6:3171:c83d:6980:335a,1
sdv-id-nHYgOg,ACC_181,ENT_UK_003,4767.0722561377825,USD,2026-01-07 15:34:22,a166:7dbe:d5f2:d718:d8eb:f82a:f38d:1909,1
sdv-id-WeRnft,ACC_162,ENT_UK_009,122193.38653764244,USD,2026-01-01 11:43:50,fc1c:322e:1d6b:211f:44b6:59f5:dca5:fa2f,1
sdv-id-PGypGZ,ACC_261,ENT_UK_018,421508.614279288,USD,2026-02-10 05:59:53,ad37:29b3:e8ec:4f7:c6a3:a1c6:bd45:9633,2
sdv-id-AVujmw,ACC_273,ENT_UK_013,2830.5074739458228,USD,2026-01-15 08:04:03,78b1:17a2:31e:cf1a:f9c6:2373:751:eef7,1
sdv-id-xlxyzY,ACC_211,ENT_UK_015,186703.27817749657,USD,2026-02-07 09:12:45,6378:f302:e0a8:d831:525e:57ff:8094:6358,1
sdv-id-WeNQOI,ACC_176,ENT_UK_005,1002845.0593274486,USD,2026-03-13 12:01:25,3cc1:2644:a95f:7c18:f446:b46:668e:6a45,2
sdv-id-UBSTIT,ACC_156,ENT_UK_017,4683.615325630496,USD,2026-01-05 22:42:56,2f7b:f3f9:4c1a:39b:33b:3709:9182:fc7e,1
sdv-id-mlfcbf,ACC_248,ENT_UK_018,1649.2844664650972,USD,2026-02-26 02:05:26,63d2:19b3:fe28:22fa:be27:9a63:3fe3:aa7a,1
sdv-id-kYdWBF,ACC_176,ENT_UK_009,1171.295078619862,USD,2026-01-04 16:44:19,842f:280a:5b92:bf7a:3a94:c0e3:d407:e24,1
sdv-id-MeLguA,ACC_211,ENT_UK_008,204390.588740312,USD,2026-02-09 08:21:09,be93:7234:701f:7504:8076:de73:affe:8875,1
sdv-id-WcCizp,ACC_248,ENT_UK_018,354744.30481927656,USD,2026-01-30 07:50:29,e041:93e2:d66c:8657:5cb2:d0ba:f901:6618,1
sdv-id-tRRtoh,ACC_128,ENT_UK_007,141545.89940157073,USD,2026-02-12 07:39:32,2fa8:a371:5389:d741:1334:7b99:37b4:63f9,1
sdv-id-ctvnuG,ACC_211,ENT_UK_017,18971.544021426897,USD,2026-03-31 00:26:58,b5c3:c8ad:487:bde1:f424:1739:fc37:fafd,1
sdv-id-ERvRCu,ACC_176,ENT_UK_012,43657.78778148923,USD,2026-01-07 00:15:13,2bb4:a7b:184:83ba:358:5cb1:c064:4d7d,1
sdv-id-xqKObU,ACC_187,ENT_UK_011,402925.8528779314,USD,2026-03-01 10:15:25,33c7:9a72:e45f:7222:6c77:dfab:1d86:8f38,1
sdv-id-oIJCUF,ACC_225,ENT_UK_018,330798.3189886005,USD,2026-02-20 12:25:38,a755:ab78:e185:7461:8a3e:37d0:4ecd:59f,2
sdv-id-jQbtuk,ACC_134,ENT_UK_009,94405.10964993956,USD,2026-03-29 05:40:04,3d02:a308:b308:19d3:6a53:82a4:7887:d3a7,1
sdv-id-ziTvUz,ACC_142,ENT_UK_016,307913.1649180425,USD,2026-03-24 17:49:10,ca1b:6a50:6ccd:12ae:1538:22c:8102:247c,1
sdv-id-SFQIfH,ACC_142,ENT_UK_005,36818.4139631215,USD,2026-01-21 15:35:15,8f49:145e:ac27:7e4:ba33:4db3:16fe:4a29,1
sdv-id-Wfviqp,ACC_242,ENT_UK_011,402501.6664262096,USD,2026-02-14 19:40:56,ebf6:75f7:1a53:4fdc:35c7:9d0e:2118:84d9,2
sdv-id-sXznDh,ACC_243,ENT_UK_013,142029.6579021421,USD,2026-02-25 06:49:28,7b61:6e58:aacf:2c07:3f40:48e0:1ead:5ff1,1
sdv-id-KreWKY,ACC_196,ENT_UK_016,6162.3205218474295,USD,2026-03-12 20:49:11,8966:6e2c:41dc:c59e:ac97:e8fc:d16b:f0da,1
sdv-id-EopFnJ,ACC_164,ENT_UK_003,146101.27828151526,USD,2026-02-10 14:48:46,1369:2b3d:22f1:1d5b:2da9:efb4:fd30:362c,1
sdv-id-txPPfu,ACC_176,ENT_UK_010,11690.108551950258,USD,2026-01-02 18:35:34,b342:d0fd:fb7b:111f:bc58:1039:f5eb:ce54,1
sdv-id-hFujwo,ACC_160,ENT_UK_009,21413.996436101705,USD,2026-02-24 10:12:06,c8cb:3f26:9039:7241:c569:13f4:d3d9:550b,2
sdv-id-pHyiln,ACC_146,ENT_UK_001,239764.49036059337,USD,2026-03-05 09:13:14,f2f6:303d:28b0:6d66:aa5d:acae:4355:d169,1
sdv-id-wechah,ACC_176,ENT_UK_008,3574.590883462339,USD,2026-01-22 06:46:04,c5d3:d55c:7dfb:b904:95dd:4976:32c:269f,1
sdv-id-APnVJG,ACC_181,ENT_UK_009,706605.8565317512,USD,2026-03-11 08:55:39,6acc:3189:ba8a:9aa7:b5ca:3ca5:9184:7272,1
sdv-id-XQrhGl,ACC_196,ENT_UK_019,341508.7857101833,USD,2026-02-04 23:05:16,d464:7d34:ae46:e09a:45d9:686c:6c14:90c8,2
sdv-id-ZQCTLh,ACC_171,ENT_UK_014,149912.27082041604,USD,2026-01-13 14:22:03,1ef6:779e:5604:b519:50c0:894e:8212:46d3,1
sdv-id-kIIfjS,ACC_162,ENT_UK_010,1728.0644748498703,USD,2026-03-25 19:53:03,97b5:89f:79c3:dc02:eb87:3513:6daf:2e1a,1
sdv-id-jSQuRo,ACC_253,ENT_UK_010,331406.33142908086,USD,2026-02-02 14:47:41,7dcc:7f9a:a718:a41f:4fec:5ebf:f7bc:e5ee,1
sdv-id-nZfHNS,ACC_181,ENT_UK_002,246245.473373656,USD,2026-03-02 15:37:39,1b4d:985b:13c2:b249:9a4d:55c0:4a69:922b,1
sdv-id-GnVFSR,ACC_176,ENT_UK_001,22691.09236414738,USD,2026-03-02 20:46:36,7598:1b58:5e0b:f8e0:fceb:606b:128a:5148,1
sdv-id-iUeDGx,ACC_242,ENT_UK_003,1530366.0632583324,USD,2026-02-20 22:48:52,bc89:e04e:eee9:299d:d4ee:6d6:5b03:c9ed,1
sdv-id-NYGCEu,ACC_273,ENT_UK_009,516446.4723972494,USD,2026-01-25 03:05:02,dac1:822f:39e4:d891:6199:74c8:b271:5f32,1
sdv-id-XGbmBF,ACC_221,ENT_UK_019,60536.91123655669,USD,2026-03-12 07:33:40,ee0c:a55:67a2:a17e:56fe:9b1:b0f9:8071,1
sdv-id-YgEdtR,ACC_171,ENT_UK_016,228603.5408343004,USD,2026-03-20 09:16:20,b60e:c9e5:c271:62d3:cff9:fd68:b86e:aecd,2
sdv-id-bbQBsn,ACC_253,ENT_UK_004,381824.0040820488,USD,2026-03-22 18:40:22,4c78:37e8:9876:8df0:c1c2:66f3:10:968b,1
sdv-id-dicKUt,ACC_271,ENT_UK_009,1236.3362570411807,USD,2026-03-13 16:18:03,df9e:33b1:dafd:ae7b:641a:eda:2c59:8872,1
sdv-id-UUwkgV,ACC_164,ENT_UK_006,1818.0194460784107,USD,2026-02-13 05:31:28,54d1:1c07:eb35:691d:305e:7726:1dd8:615e,1
sdv-id-WCTxub,ACC_107,ENT_UK_018,178204.45803863427,USD,2026-03-31 09:22:44,ce89:5f99:f6f6:6949:2efa:ad0b:3a6a:cf7c,2
sdv-id-ChvLMA,ACC_181,ENT_UK_019,1521613.374100015,USD,2026-01-12 06:51:48,e3b9:35ef:48e8:8740:e55:3afd:db2e:3ffa,1
sdv-id-FzhiQG,ACC_211,ENT_UK_016,172825.46512922144,USD,2026-01-22 14:09:08,4b9b:1b1b:f721:d9e:c397:904a:d56d:ab50,1
sdv-id-oZxQKK,ACC_273,ENT_UK_014,959.401572201582,USD,2026-03-24 17:09:16,1aec:281f:d50f:df0b:3a4b:7df0:9090:1d71,1
sdv-id-qzcJrv,ACC_146,ENT_UK_011,1298396.7840384943,USD,2026-03-29 19:13:28,932c:6407:1a55:ba3d:b97:733:dadc:c308,2
sdv-id-nEtpDs,ACC_248,ENT_UK_006,32913.1596514449,USD,2026-03-04 02:15:09,ebaa:8dfc:fdfc:781e:5f0b:1714:4fbc:17f2,1
sdv-id-vCGAeM,ACC_176,ENT_UK_017,112949.93233640277,USD,2026-03-09 23:52:34,bc74:afe4:4694:1c86:7b9f:f72b:458b:f73d,1
sdv-id-rruBPq,ACC_176,ENT_UK_004,180865.19255180564,USD,2026-02-25 05:56:21,3a30:2732:e42d:2004:adca:b4ba:9a3b:21f5,1
sdv-id-sHvECX,ACC_186,ENT_UK_003,164411.09181104932,USD,2026-02-04 08:02:03,6c01:d21f:cf5c:eaa3:6528:76ce:4bf8:e0f6,1
sdv-id-eOnTGC,ACC_273,ENT_UK_004,1209.9513179366866,USD,2026-02-21 22:54:07,271d:953a:a56:e4a:501a:9073:b07e:9d3e,1
sdv-id-zRbOSD,ACC_294,ENT_UK_019,172167.5802623933,USD,2026-03-04 04:05:18,eeb8:b40e:4fb0:60c1:7210:b0ce:5081:6370,2
sdv-id-rnViEw,ACC_284,ENT_UK_011,30424.82780749738,USD,2026-03-27 10:02:51,3116:d6f2:82bc:5377:e459:d11b:8b4a:4b2,1
sdv-id-nVnQOY,ACC_232,ENT_UK_016,135068.24199477962,USD,2026-04-01 09:15:55,dca1:90c0:9533:ed45:3d83:ea17:9611:f8de,1
sdv-id-XXceOp,ACC_155,ENT_UK_013,810215.0995441367,USD,2026-03-04 03:30:16,d079:f297:c4db:aab2:22cb:6fe2:fdb6:f1d9,1
sdv-id-rhxJhk,ACC_155,ENT_UK_003,35275.856754098226,USD,2026-02-23 20:52:36,653d:8b4b:a796:1af5:1c3c:e1eb:9c0a:786d,1
sdv-id-aGtzvX,ACC_142,ENT_UK_010,23717.66725061787,USD,2026-02-23 06:18:51,241c:3d2a:3ad6:efb2:d1ab:85e6:109e:fa7d,1
sdv-id-YjMrZa,ACC_142,ENT_UK_005,27065.98379664418,USD,2026-02-24 04:05:50,e330:ead:12a9:57c5:f352:f074:26ee:22f6,1
sdv-id-NngsnI,ACC_261,ENT_UK_019,338960.87656130013,USD,2026-01-24 13:46:23,a34a:4e0b:778d:ca80:d5bf:e99f:5a22:3036,1
sdv-id-sNQKSd,ACC_271,ENT_UK_009,1070.1820041175963,USD,2026-01-21 10:44:14,9759:2b75:fd65:3cf5:5462:f018:48b5:189c,1
sdv-id-nsCqWu,ACC_242,ENT_UK_016,635348.6246633568,USD,2026-03-04 06:43:50,b59d:f2e5:f307:6d63:c66e:4da7:8bd:a013,1
sdv-id-nxLyQR,ACC_264,ENT_UK_004,366422.27893332264,USD,2026-03-26 22:19:34,ef05:c1fd:1e05:6261:a5a8:6b8c:acc6:7791,2
sdv-id-QNvaim,ACC_247,ENT_UK_004,30406.318523444206,USD,2026-01-07 02:44:31,e58b:4275:2bb4:e5d8:4d29:2ffb:4a82:e6e6,1
sdv-id-xPJSDJ,ACC_155,ENT_UK_006,1907.408817643141,USD,2026-03-22 18:05:21,2973:3247:83b0:d5dc:2c2:87fd:4a4d:1a46,1
sdv-id-eNDbgC,ACC_142,ENT_UK_002,28430.90303021059,USD,2026-03-27 12:39:27,d7d:f195:6b6d:a60:a97e:20dd:f014:3aaf,1
sdv-id-HVvmyk,ACC_284,ENT_UK_017,923.11538112888,USD,2026-02-07 04:53:20,3960:c352:6bc9:16bd:20cb:95:4f9e:f950,1
sdv-id-KVCKNx,ACC_176,ENT_UK_018,69914.07844330429,USD,2026-02-25 10:33:52,94b1:a86b:164b:3f3:39e3:e271:4a42:692,1
sdv-id-sabxxt,ACC_176,ENT_UK_007,10440.882664391784,USD,2026-01-27 21:00:58,b234:760c:2d95:2b7f:45c7:9ed4:66af:bd7f,1
sdv-id-onaTJO,ACC_293,ENT_UK_001,5057.393267645989,USD,2026-01-07 11:18:28,1f2a:c99d:5718:6174:34ac:2d18:6e84:8544,1
sdv-id-nPxuWA,ACC_142,ENT_UK_012,1192.2150397689495,USD,2026-03-13 17:49:14,3577:f897:730e:1b32:eea5:9ec5:276d:c472,1
sdv-id-UxXYov,ACC_155,ENT_UK_002,2569.3954014700475,USD,2026-03-22 20:11:45,c64d:7baa:4293:714:84ec:7e28:e491:2a36,1
sdv-id-iiWxrN,ACC_134,ENT_UK_012,1511.3796835549451,USD,2026-03-12 13:10:56,27a4:c911:59d0:621b:78d6:78eb:f6ee:1159,1
sdv-id-mgYrWj,ACC_293,ENT_UK_018,1980.0464224987104,USD,2026-02-17 20:16:12,45c8:8bc6:1607:eb07:4fe0:f4c4:f74b:91e1,1
sdv-id-SWTdsO,ACC_171,ENT_UK_019,352223.91043550486,USD,2026-02-26 10:10:51,cf15:aa5e:97f5:893c:b4e7:2239:4958:5922,1
sdv-id-lnEEfp,ACC_146,ENT_UK_003,35903.87623893034,USD,2026-02-16 07:49:39,1060:f48d:fcc1:be05:ae0:4c7:63b6:7727,1
sdv-id-NOSyBd,ACC_264,ENT_UK_013,69899.84996569954,USD,2026-01-31 19:47:34,e5b6:be8b:739d:d860:2b21:a1b4:968:1ab0,1
sdv-id-sgjsnM,ACC_199,ENT_UK_012,30666.86755578937,USD,2026-02-23 17:46:29,1b86:f983:d625:188d:a5bd:97a2:a0c4:2e65,1
sdv-id-gkPnUp,ACC_155,ENT_UK_017,8420.209174033482,USD,2026-03-06 17:42:54,1b0a:c8f1:3f32:78f0:e635:c0af:f100:7121,1
sdv-id-dbYMtW,ACC_299,ENT_UK_005,132190.4630349441,USD,2026-03-05 18:43:35,a7d5:758:e7c4:eb1d:ef55:3459:94de:e97,1
sdv-id-NBmYup,ACC_146,ENT_UK_010,134597.69911487564,USD,2026-01-23 22:17:26,c901:d348:3fe6:c3eb:b5e9:f6cd:2271:4c07,1
sdv-id-VxZAbs,ACC_176,ENT_UK_019,56459.08567117879,USD,2026-03-31 14:12:41,37e2:1afd:2015:e501:770f:5eda:1f5:c1b5,1
sdv-id-TWfwXX,ACC_293,ENT_UK_005,85637.66915145253,USD,2026-03-06 03:24:59,ad87:383a:4334:c873:ae30:eef3:e7b9:799c,1
sdv-id-nqEanK,ACC_264,ENT_UK_013,40710.1130165286,USD,2026-03-09 13:18:22,9ad1:a6d9:f66a:22d7:98f8:98e0:edab:3216,1
sdv-id-GLIUnM,ACC_211,ENT_UK_018,86457.47864554636,USD,2026-02-07 09:29:28,9207:5ec0:3193:8874:85f3:5fa7:42d7:d48,1
sdv-id-IuxPww,ACC_199,ENT_UK_014,1006.6325362383936,USD,2026-03-07 01:59:58,d8f6:8850:caa4:5e6:b467:b7c3:e856:4661,1
sdv-id-iwyIsc,ACC_271,ENT_UK_006,2325.4476305799435,USD,2026-02-27 13:24:55,ff2a:d10:d9d5:5724:111a:e007:fee:cd1f,1
sdv-id-QRuJPN,ACC_181,ENT_UK_005,115642.45714597056,USD,2026-02-26 20:15:13,42b8:3255:5a4a:2f8b:490c:f591:12b4:2b81,1
sdv-id-dEihXO,ACC_253,ENT_UK_003,4725.68189827053,USD,2026-01-08 18:46:17,dbc4:7ef6:82b3:bc72:7e04:6472:c970:a55a,1
sdv-id-rbbhhz,ACC_164,ENT_UK_001,59593.59995346535,USD,2026-02-21 09:53:34,d547:48ca:e11d:2527:b89b:3e80:5203:a120,1
sdv-id-TcalCH,ACC_187,ENT_UK_013,343016.61046152713,USD,2026-02-06 20:33:24,3341:85e8:799b:cf77:9070:262a:2b80:4b29,2
sdv-id-aDkwuS,ACC_107,ENT_UK_003,1097.2388449141135,USD,2026-03-11 23:49:49,3c2d:8c5c:a548:f67b:4e74:1ab5:710:1d90,1
sdv-id-EGoGlz,ACC_142,ENT_UK_017,27841.120586278204,USD,2026-01-20 15:13:42,25d9:4c47:ea8c:e318:549:1042:1aa9:eef9,1
sdv-id-sgwCxD,ACC_176,ENT_UK_019,448251.8219135566,USD,2026-01-20 09:46:12,30e0:a236:479b:cc01:46fa:9fef:5e6f:7e4d,1
sdv-id-kACtos,ACC_273,ENT_UK_001,657828.3710461948,USD,2026-03-17 19:33:34,397b:2056:c522:56c0:6b34:62b:14e1:fed2,2
sdv-id-VLyOvr,ACC_176,ENT_UK_016,58627.32151389468,USD,2026-01-03 12:58:19,9448:c79d:44d4:3af8:42b8:d59d:fb91:da8d,1
sdv-id-hymdcm,ACC_142,ENT_UK_016,39009.88503222259,USD,2026-03-18 04:44:33,8d4b:729b:f165:9b57:98b6:d3cf:8e4e:1fc6,1
sdv-id-eoEwXD,ACC_164,ENT_UK_005,886637.0757979729,USD,2026-01-11 08:13:11,b1b4:7f4d:eef:31b:9ddf:fa56:3e3f:4483,1
sdv-id-TYMwgS,ACC_264,ENT_UK_008,541743.2346323729,USD,2026-02-07 07:46:23,974d:5774:f9f3:b1f1:92bf:5d92:ffef:403c,2
sdv-id-zIDMWL,ACC_262,ENT_UK_018,58465.175980873806,USD,2026-03-01 11:06:52,b9c6:a811:411d:77df:976:7f62:aeb1:f1c1,1
sdv-id-iUfTNp,ACC_142,ENT_UK_011,44174.236590452674,USD,2026-01-22 09:32:48,3175:1eb6:4fbf:5ba3:77df:bc2c:ffbf:218b,1
sdv-id-PmDvgx,ACC_199,ENT_UK_010,244221.00443378533,USD,2026-01-23 23:50:39,7c71:2ee0:71e:ea62:bf3:c050:8f66:d6bd,2
sdv-id-rOAtQi,ACC_100,ENT_UK_007,55996.673372783494,USD,2026-02-16 16:56:35,edd3:a854:49ac:68b4:f0a2:dd6d:dbf:e5ae,1
sdv-id-AbtfiC,ACC_261,ENT_UK_014,36449.18579386173,USD,2026-01-15 19:48:37,7580:385a:697a:1476:bcfa:878a:645e:bb47,1
sdv-id-IOFEOT,ACC_162,ENT_UK_014,24425.95214663378,USD,2026-03-30 11:48:39,a992:5e00:f0ce:e7d9:260a:1722:1af9:cfb1,1
sdv-id-JEJpKR,ACC_248,ENT_UK_018,7877.0772469571475,USD,2026-02-16 10:20:44,4ac7:52c8:c5a9:d249:8f97:bd8f:1833:934c,1
sdv-id-ZskXoQ,ACC_211,ENT_UK_011,4205.154891303429,USD,2026-01-21 11:29:54,4714:a4bd:c580:aace:df3b:d92d:327c:43fe,1
sdv-id-TwidsT,ACC_271,ENT_UK_008,73505.96723204401,USD,2026-02-23 17:42:55,8668:c34:e973:efe7:5ccc:92c1:8706:7099,1
sdv-id-BrgaOW,ACC_176,ENT_UK_013,149694.53270100887,USD,2026-02-06 06:24:46,a5c6:62a:ce0d:7b5f:1820:86ff:8f15:db22,1
sdv-id-yUrnZJ,ACC_176,ENT_UK_015,443264.17555989535,USD,2026-03-05 06:14:00,32ae:98f:6a57:5f3e:74af:a2f1:c809:fc3a,2
sdv-id-XmMLXj,ACC_271,ENT_UK_003,579040.0042986284,USD,2026-01-18 16:30:14,bdf7:5f0b:9367:4918:ac42:7a7b:412b:ec3d,1
sdv-id-UBsnes,ACC_225,ENT_UK_017,10334.387876803345,USD,2026-03-02 07:41:39,c04c:5a09:e7d7:f45d:48e6:e428:89fb:ca29,1
sdv-id-dfecBu,ACC_146,ENT_UK_007,40628.29933448064,USD,2026-03-26 01:16:36,21d7:97c5:d079:8dbd:529b:618d:dcaf:c97a,1
sdv-id-IFnxzf,ACC_176,ENT_UK_004,113560.10912389752,USD,2026-03-06 11:18:38,41d9:f11a:cfc6:d188:788b:2e6e:1543:f2b7,1
sdv-id-aSDmfg,ACC_176,ENT_UK_011,311255.7670140156,USD,2026-03-08 10:39:25,8076:ece1:571:a84d:88c6:5483:aa58:c122,1
sdv-id-bYNbIe,ACC_184,ENT_UK_006,126921.80759849456,USD,2026-03-22 06:20:40,4e91:8314:7b96:9fc6:e038:db9d:e7ea:b6a9,2
sdv-id-DOBroo,ACC_176,ENT_UK_004,397056.67504550493,USD,2026-03-24 12:37:52,a89f:7ab7:ddc4:d488:9035:ce37:f638:16b,1
sdv-id-pcMmMG,ACC_155,ENT_UK_002,4912.161378260433,USD,2026-01-05 15:14:05,414f:73c:81c1:5a75:4700:a235:af5c:c890,1
sdv-id-ISfcdl,ACC_247,ENT_UK_019,1904838.635766648,USD,2026-03-13 09:45:46,6cae:4833:f7e8:6260:584c:b48e:167e:487a,2
sdv-id-btcUsT,ACC_181,ENT_UK_013,108895.39144289916,USD,2026-03-27 20:44:12,3b0a:f6e7:16a5:72d3:d2a5:979d:8f9b:80d3,1
sdv-id-yekAkV,ACC_186,ENT_UK_012,1934644.033317708,USD,2026-02-12 17:37:59,ed4d:6417:4dcf:57f6:6508:2793:e0a6:a512,2
sdv-id-zJzmed,ACC_142,ENT_UK_008,43976.20354211009,USD,2026-01-28 21:14:24,ba73:b024:b46c:4170:bf1a:19f0:a68:21bb,1
sdv-id-KZgMvx,ACC_181,ENT_UK_002,110152.95330422066,USD,2026-03-16 08:59:38,1310:6294:3f43:da4e:18ed:4452:d714:8443,1
sdv-id-ktekIU,ACC_142,ENT_UK_011,420976.567327052,USD,2026-03-22 02:36:47,fe07:8417:e64c:d423:3507:c1c6:6a75:4685,1
sdv-id-ArnPox,ACC_142,ENT_UK_004,160369.40155331235,USD,2026-01-23 13:52:12,85a4:7ffc:187a:8952:3d0a:cd39:fb7a:d523,1
sdv-id-EzxMZK,ACC_142,ENT_UK_009,338988.0225797928,USD,2026-01-24 19:10:21,391f:9dec:5066:9e52:5dcb:a581:594:d0df,2
sdv-id-FoPjXf,ACC_211,ENT_UK_013,29817.957187948046,USD,2026-03-02 06:03:29,a1c3:94bd:a570:ad84:d017:2790:2eb9:95b9,1
sdv-id-leAvAL,ACC_176,ENT_UK_002,196419.6366162589,USD,2026-03-05 12:49:11,9170:8455:a105:86cb:e739:da7d:efd3:77db,1
sdv-id-cDmtVG,ACC_247,ENT_UK_009,89726.9502262738,USD,2026-02-19 16:04:25,b8ae:c929:da6b:687a:ca86:1ac0:d31e:e665,1
sdv-id-mosqXZ,ACC_142,ENT_UK_010,371592.3130886855,USD,2026-02-05 20:37:07,7cd7:d2b0:9b1c:5c46:29cf:a59:425f:fa1b,1
sdv-id-JXSTEW,ACC_176,ENT_UK_001,6462.818797586248,USD,2026-02-06 16:07:01,66bd:cec:3af5:a16d:15b6:4d85:3fb8:91aa,1
sdv-id-rIGDpt,ACC_271,ENT_UK_015,362120.39493581426,USD,2026-02-21 18:54:01,f45a:6631:cc53:1740:a98:dd24:5ff9:ca17,2
sdv-id-SFfhhl,ACC_107,ENT_UK_017,454553.496622463,USD,2026-01-14 23:21:47,5b64:c0bc:52bc:e375:4cf7:8abe:b57e:f457,1
sdv-id-wCkjBx,ACC_271,ENT_UK_001,7340.580534611426,USD,2026-03-06 17:37:58,95ea:fe68:adce:804b:4c76:cc8b:a2c5:e307,1
sdv-id-lTuWdq,ACC_187,ENT_UK_017,65976.64143719235,USD,2026-02-04 23:59:04,7067:d8a1:7b0b:891:54e3:4d1c:5eb5:f83,1
sdv-id-fIluMy,ACC_176,ENT_UK_019,154967.99971492618,USD,2026-03-31 04:07:47,d2e5:fbe0:f137:7519:6b9b:939e:57e0:f852,1
sdv-id-bVimkf,ACC_134,ENT_UK_006,35895.84284043019,USD,2026-02-28 02:37:33,9634:39fc:6df:6421:a3ff:605a:1c68:7e25,1
sdv-id-NxACbk,ACC_271,ENT_UK_008,141436.6061621068,USD,2026-02-04 08:31:33,f0d1:b049:53b:a474:b65c:10b4:dcb:549e,1
sdv-id-GYjvfd,ACC_107,ENT_UK_014,137746.26188955538,USD,2026-01-02 08:47:39,a920:a7e2:d7c4:fb56:7af:6246:de99:dfaf,1
sdv-id-jHukOI,ACC_142,ENT_UK_004,14758.967006557968,USD,2026-02-20 09:17:19,8126:6da5:42fe:7c41:6913:368d:9205:fadc,1
sdv-id-QMrxdo,ACC_107,ENT_UK_011,2445.6124403754698,USD,2026-01-02 02:30:00,8ea6:b4b7:87eb:a1d6:602:5e6c:5a5e:5511,1
sdv-id-CpMCYt,ACC_176,ENT_UK_013,107528.72920665253,USD,2026-04-01 03:43:19,829e:96b8:1e27:25bb:9f1d:4a25:d80f:e694,1
sdv-id-bnVfXL,ACC_186,ENT_UK_018,10527.71003867978,USD,2026-01-25 04:27:41,e88d:4b51:3e8a:5b19:df86:2c3d:5374:4510,1
sdv-id-SePdyN,ACC_176,ENT_UK_012,491906.1771688557,USD,2026-02-01 15:43:45,cd00:db40:bde3:730e:e290:4084:5ef6:95a1,2
sdv-id-letzvx,ACC_176,ENT_UK_019,9737.31314531044,USD,2026-02-15 17:47:14,5c45:49da:bfdb:ec14:a6a2:6a71:5912:3390,1
sdv-id-cljZkp,ACC_170,ENT_UK_002,1638.3818146059962,USD,2026-02-05 22:01:10,1f1e:17:8111:4ec6:344:db6a:b86e:6538,1
sdv-id-MhISMs,ACC_123,ENT_UK_012,1865.4686018530872,USD,2026-02-09 04:11:24,3808:20b9:aa60:b28c:ea8b:532d:5df3:1e78,1
sdv-id-alWfPG,ACC_176,ENT_UK_013,18990.38341938507,USD,2026-03-22 12:34:44,b6d8:2fbf:851e:8827:3dda:ffec:f123:b9fa,1
sdv-id-GNiQsI,ACC_225,ENT_UK_004,33647.46828963096,USD,2026-02-19 16:01:40,ac6a:b533:9da3:34ba:dd69:fa7a:5d4e:4d65,1
sdv-id-CobQtj,ACC_187,ENT_UK_019,8444.89287244659,USD,2026-02-27 10:54:42,be9e:f873:252a:a7ae:58e0:279c:353f:94b3,1
sdv-id-niQiDc,ACC_171,ENT_UK_003,1062562.5805301352,USD,2026-02-11 03:34:12,b78c:6903:6916:2c84:d9c9:5f3e:4550:63e5,1
sdv-id-cCBtwK,ACC_164,ENT_UK_013,976289.9235711308,USD,2026-02-09 04:07:55,4376:dbd0:c9d6:6a2b:dcd2:3712:3349:f0a8,2
sdv-id-RKrsqL,ACC_179,ENT_UK_011,1344.999653235504,USD,2026-02-01 09:46:24,602d:4606:d42e:7434:bc21:c4da:3f4a:c296,1
sdv-id-XEAfZe,ACC_186,ENT_UK_005,79342.9877821857,USD,2026-02-05 00:27:04,8b85:44d3:90ca:383d:3b58:8838:deff:442f,1
sdv-id-rhCEav,ACC_176,ENT_UK_005,313581.15011223435,USD,2026-03-06 17:26:03,9512:35e8:bbe2:63b0:d3b5:cfd1:7539:e522,1
sdv-id-ZriohH,ACC_225,ENT_UK_013,805169.9068192529,USD,2026-01-01 22:12:19,89f0:dd4:17c2:5198:241c:142:201f:def5,1
sdv-id-OJfrmh,ACC_248,ENT_UK_007,75260.99147176492,USD,2026-03-13 00:52:27,ccee:7cd0:867b:91a6:d808:d33b:ce48:f5,1
sdv-id-XkSJAd,ACC_271,ENT_UK_011,527367.7589102762,USD,2026-02-28 23:50:29,92cf:6d80:f541:7b0e:f0ae:70a9:3596:813c,1
sdv-id-iLhtPG,ACC_170,ENT_UK_017,41966.624294027475,USD,2026-03-06 09:18:53,c4e1:7253:95b8:a737:ecf2:1f12:c2cc:cc22,2
sdv-id-avWKfk,ACC_253,ENT_UK_013,147376.53760879065,USD,2026-03-07 03:35:46,fc36:4fa8:bdd2:ea3f:5658:5608:d505:345b,1
sdv-id-IRsIuB,ACC_196,ENT_UK_006,9007.656212326405,USD,2026-03-10 02:43:57,9b91:5aa7:bd61:e13:f230:6e63:3ac1:a657,1
sdv-id-oRdbJF,ACC_273,ENT_UK_001,31097.357568707972,USD,2026-02-25 05:50:58,4832:db29:5b2:d6b2:8215:eacb:5b24:2ef5,1
sdv-id-lPaQqX,ACC_155,ENT_UK_003,1622.3967542420771,USD,2026-03-22 11:44:33,146a:3295:74ba:2a66:5cdd:fc12:cf5:17f8,1
sdv-id-CAPZwq,ACC_100,ENT_UK_005,137326.16087490605,USD,2026-03-05 11:35:52,942e:aef0:6030:be3d:4e56:933d:ce21:881b,1
sdv-id-DzpRhV,ACC_176,ENT_UK_011,617871.4842710932,USD,2026-02-18 21:51:55,ef9:993f:625f:a52:6ed1:1d62:aafd:63f3,2
sdv-id-FEGLwU,ACC_211,ENT_UK_008,1573109.111517374,USD,2026-03-17 04:26:23,181a:dfa7:90bc:2fa:6b0:f0e3:7834:af38,1
sdv-id-cQnubr,ACC_211,ENT_UK_017,114855.10386743744,USD,2026-01-06 09:58:43,cc17:81a9:adb9:2956:de01:4d0d:14f2:41f4,1
sdv-id-iIeWyP,ACC_242,ENT_UK_016,1221.7341827171674,USD,2026-03-14 05:02:18,6045:7328:f3b2:6da9:deee:82f1:d053:13b,1
sdv-id-NeAKrI,ACC_155,ENT_UK_015,175899.12034791056,USD,2026-01-15 09:25:12,1f18:5c72:b41d:d296:c387:9d04:7f10:c1be,1
sdv-id-BfOoFf,ACC_142,ENT_UK_012,204633.66672095592,USD,2026-03-22 02:17:36,da04:2c4e:f288:70aa:c63d:678:8cfc:35d7,2
sdv-id-SkqZix,ACC_146,ENT_UK_006,14698.02682017919,USD,2026-02-01 10:49:58,d5ba:6b9e:75de:1f2d:2a47:c933:4110:877e,1
sdv-id-WTQVOX,ACC_176,ENT_UK_002,1029.9486181151303,USD,2026-03-21 22:17:26,46e8:a69b:637a:a265:a722:5c04:52be:6142,1
sdv-id-McHVHt,ACC_181,ENT_UK_002,451239.4473096672,USD,2026-02-25 21:57:45,39a4:c8ce:7b59:6337:8b61:a6ff:b934:775d,1
sdv-id-vKWJFN,ACC_176,ENT_UK_014,28634.49022995772,USD,2026-03-21 18:58:08,ad1e:2709:57b1:76f8:892:84b9:2950:6244,1
sdv-id-uExDsx,ACC_142,ENT_UK_016,2879.856440262948,USD,2026-01-13 13:16:23,5c43:7efd:ab45:339c:1aed:7532:4f53:d655,1
sdv-id-DOOKsN,ACC_284,ENT_UK_003,170346.639021671,USD,2026-03-17 03:11:45,fa8d:5ed5:f5ab:2a7b:7463:b164:33ff:7f4f,2
sdv-id-fMQQnY,ACC_176,ENT_UK_006,40721.30044204062,USD,2026-02-17 16:18:41,c9a:ea3a:64bc:f14a:dc1a:1957:7c3f:9377,1
sdv-id-RkEFUQ,ACC_100,ENT_UK_002,242399.7624139743,USD,2026-02-28 12:14:58,2da2:f548:c3d7:f5d4:c348:da3e:109e:c5e3,1
sdv-id-rTTckm,ACC_273,ENT_UK_007,13317.179475477316,USD,2026-04-01 15:43:27,eeb8:2545:a88f:145b:f303:9d35:260b:d810,1
sdv-id-moijNg,ACC_176,ENT_UK_004,1271.7516983396742,USD,2026-01-09 22:26:37,af8d:ebe:4870:2e20:cffe:7544:9363:c7af,1
sdv-id-LBcvyY,ACC_155,ENT_UK_009,89378.54381175849,USD,2026-01-22 07:04:23,29ae:1aa5:f5de:8857:b020:ae42:94fc:5289,1
sdv-id-NbNzsm,ACC_176,ENT_UK_009,69903.74222951605,USD,2026-01-18 10:41:11,3dcc:4579:b478:e02:9c05:7a64:6375:3ab9,1
sdv-id-wsLutR,ACC_176,ENT_UK_016,531923.9188736107,USD,2026-03-23 02:49:07,6da5:81d8:f26d:d137:d7f:6420:37f7:719b,2
sdv-id-RBVPtQ,ACC_171,ENT_UK_013,183286.70557043943,USD,2026-03-16 07:39:58,ea5c:ecf1:553f:6a26:ccbe:9dff:a62:763f,2
sdv-id-OrGWMF,ACC_242,ENT_UK_004,4937.439804208134,USD,2026-01-19 17:25:49,3b37:52e7:84a8:cc89:e374:9d9e:e0e0:675d,1
sdv-id-GtWjXe,ACC_142,ENT_UK_013,95716.87562573302,USD,2026-03-05 17:31:38,adce:36e3:9c18:8d56:430:f34e:6e2b:906f,1
sdv-id-CWexyR,ACC_211,ENT_UK_007,13487.7281132931,USD,2026-03-12 22:30:39,1e7c:2587:bdb2:1682:9dc3:60d2:b491:8232,1
sdv-id-SeKMdf,ACC_211,ENT_UK_006,30079.138706184356,USD,2026-03-06 15:35:27,6f8d:291a:e408:768:8ca2:29c9:3331:511d,1
sdv-id-GxKTdA,ACC_264,ENT_UK_007,20251.979794580457,USD,2026-02-15 23:29:46,2c13:7bb0:cf2b:40b3:d3e:43e3:901d:70ee,1
sdv-id-fyPlYS,ACC_284,ENT_UK_016,47288.31735293848,USD,2026-03-05 03:39:53,dd22:d866:e226:e641:60a:a6eb:cf92:f258,1
sdv-id-UqGIJY,ACC_176,ENT_UK_011,63661.514175992306,USD,2026-01-03 22:24:38,90ca:63f3:1412:cca2:d747:eb2e:55f:1189,1
sdv-id-Oxtgkm,ACC_273,ENT_UK_013,1023.41451551315,USD,2026-01-28 05:10:29,7672:a5d2:b902:b696:3f9f:d500:140d:f7e0,1
sdv-id-nhSsMB,ACC_273,ENT_UK_001,937.6187368678092,USD,2026-03-31 19:33:45,4d3b:ad09:d9f9:6db7:3bae:9dad:63ab:9799,1
sdv-id-ljEwqR,ACC_243,ENT_UK_008,32681.702340490057,USD,2026-01-28 18:48:35,a5ff:c76a:747d:fce9:a452:ecb6:d1f0:e4e0,1
sdv-id-diSMvK,ACC_284,ENT_UK_005,542751.4548002891,USD,2026-01-31 01:41:58,2879:aa48:357:afab:4adc:fe7b:4e9a:34d8,2
sdv-id-FlSAiT,ACC_100,ENT_UK_015,100922.8119201683,USD,2026-02-05 13:26:10,9a26:7428:f74b:d04e:e970:73e2:ae09:9f9d,1
sdv-id-eDIOlS,ACC_199,ENT_UK_012,626478.156383096,USD,2026-01-04 11:37:54,1edf:f5d9:110e:5087:9b5a:8d5a:d931:6bef,2
sdv-id-ZqJHhh,ACC_134,ENT_UK_003,251402.55400808636,USD,2026-02-01 07:24:41,c9fd:ac60:3d43:8907:340d:d368:92bc:487b,1
sdv-id-wvDiLl,ACC_176,ENT_UK_010,7109.258877364875,USD,2026-03-19 04:13:23,5e29:81e0:391b:57ac:4021:d59:1991:3cba,1
sdv-id-EPxzOp,ACC_107,ENT_UK_018,9317.2337742044,USD,2026-04-01 06:49:28,227c:878b:28fc:1610:3841:1a91:f727:68b,1
sdv-id-RprXYb,ACC_181,ENT_UK_002,1444.323067794035,USD,2026-01-10 05:15:06,607c:8292:6fb3:8ccc:1697:e6bb:2f60:1201,1
sdv-id-EanPEU,ACC_107,ENT_UK_017,74028.69711748944,USD,2026-02-01 19:17:31,9c9b:ce1d:d34a:70f1:f717:d58b:e725:a3ee,1
sdv-id-GGixBq,ACC_211,ENT_UK_014,222110.23356777208,USD,2026-01-23 09:48:15,5435:863b:f862:8c7:302e:d92f:ca24:eeb8,1
sdv-id-ddpKVa,ACC_253,ENT_UK_005,48962.23300710668,USD,2026-01-12 18:54:01,ed73:2c62:467d:d156:624e:1af5:2eed:2107,1
sdv-id-AMObgz,ACC_211,ENT_UK_006,37259.067073902006,USD,2026-01-28 03:57:58,eb95:cd91:12a6:29b5:c9fe:3c16:9a2a:ba09,1
sdv-id-HWSRwi,ACC_273,ENT_UK_009,156332.4370010668,USD,2026-03-22 17:01:59,25aa:703f:2b0f:5483:fc51:c087:6409:3d,2
sdv-id-ethCTV,ACC_293,ENT_UK_009,17887.91936381473,USD,2026-01-17 09:45:12,c912:d6ac:8d2a:8327:3d24:592:c484:dc81,1
sdv-id-WQOPSg,ACC_256,ENT_UK_005,411174.01066312584,USD,2026-01-20 18:24:39,9abe:c98e:fcc8:a404:830e:4783:8485:9a61,1
sdv-id-zPBVos,ACC_164,ENT_UK_009,32281.017084955776,USD,2026-02-23 17:45:57,e37e:c59c:9f7b:bb54:fb47:88c8:8097:6bde,1
sdv-id-whdmqz,ACC_247,ENT_UK_008,233759.45050016337,USD,2026-02-16 14:33:21,6d4a:375b:f97c:f8:5fa9:6993:64e8:ba11,1
sdv-id-njPZJG,ACC_225,ENT_UK_004,118017.56941571987,USD,2026-01-26 14:41:57,973d:2b6b:c4f3:1912:1419:1096:cc90:4d4,1
sdv-id-NEpkRE,ACC_271,ENT_UK_005,23133.55178475221,USD,2026-03-13 04:17:18,e6a9:4cdc:9caf:1530:8511:8105:3546:f367,1
sdv-id-GyiDDT,ACC_294,ENT_UK_008,130317.7459525588,USD,2026-02-07 14:38:25,f112:b8d8:4f39:537e:ddff:f530:1b62:586e,2
sdv-id-kRBXGf,ACC_176,ENT_UK_011,2005905.8713942864,USD,2026-01-18 10:28:08,b59e:4bd0:744d:b878:c33c:c23d:7a10:a407,1
sdv-id-zMLhof,ACC_284,ENT_UK_018,83192.03730145135,USD,2026-02-02 09:01:42,283c:1b26:35d3:8bef:1583:b22d:d02f:24c8,1
sdv-id-gVQwhW,ACC_164,ENT_UK_016,146670.8327223582,USD,2026-02-02 09:02:34,aeb3:e6f9:19eb:a881:82c4:7d8a:1081:79ed,1
sdv-id-ZmDHbh,ACC_248,ENT_UK_015,1405.7858058018292,USD,2026-01-15 06:35:07,a3d7:b704:d5cd:bcdc:5a0e:1513:d661:adc7,1
sdv-id-JXLEVy,ACC_107,ENT_UK_010,38198.705536977846,USD,2026-03-13 00:30:46,1d40:fe95:939a:ea7b:f20a:fdeb:8643:c609,1
sdv-id-VdDTkJ,ACC_100,ENT_UK_007,64477.79002022197,USD,2026-03-13 07:54:23,5f3d:915c:5265:6c97:5a39:6c41:b4bd:dbee,1
sdv-id-utTwIY,ACC_176,ENT_UK_001,187482.55604236215,USD,2026-02-04 19:12:11,6a78:a39c:3ebe:919:a296:bf8b:fec9:86bc,1
sdv-id-TKaIJJ,ACC_100,ENT_UK_002,61006.56552048984,USD,2026-01-12 10:16:56,5fab:f9d1:f45e:d073:a109:6481:df4:2cbe,1
sdv-id-BGFOPF,ACC_171,ENT_UK_016,24908.37760095377,USD,2026-01-09 20:37:49,5ba6:96f4:5a42:b2d4:41bc:8bf7:ac86:79de,1
sdv-id-iIZgPy,ACC_211,ENT_UK_009,97896.80060002345,USD,2026-03-26 06:10:36,1bdd:83a0:f5b1:771d:e6bb:7eab:574:ea20,1
sdv-id-ZzECnc,ACC_107,ENT_UK_013,1279.9949634397524,USD,2026-03-08 05:16:34,62fe:955c:732d:443b:e536:ef1a:ec4c:599a,1
sdv-id-qLVUBR,ACC_146,ENT_UK_016,23167.856949375106,USD,2026-03-24 04:30:59,3f87:22d:3b5f:36ff:41e1:b434:8f32:2b68,1
sdv-id-FwHHIx,ACC_160,ENT_UK_012,148695.57369411434,USD,2026-01-26 10:26:25,8914:8eb8:6fe5:6ddf:1ec0:3caa:f36:d5a1,2
sdv-id-ojwqio,ACC_142,ENT_UK_018,440013.6263641943,USD,2026-01-12 11:03:50,6467:7238:c470:6bd8:b65b:4a32:1df1:e747,1
sdv-id-AdEIKM,ACC_107,ENT_UK_017,12224.486144237344,USD,2026-03-10 09:19:33,391f:2198:755:1396:5ae9:bc6e:e798:abb3,1
sdv-id-qsiffJ,ACC_146,ENT_UK_004,385179.1552334056,USD,2026-03-24 10:16:29,146b:b817:b63a:5cea:a44f:dc05:b01:8afa,1
sdv-id-OwfUQL,ACC_176,ENT_UK_003,507337.5630522843,USD,2026-03-10 09:13:22,8b77:9b5e:8435:e7e:f5fa:e0d5:f734:d738,1
sdv-id-FlCByL,ACC_146,ENT_UK_009,7498.7830968826975,USD,2026-02-03 15:20:04,5db0:63ae:8212:ce37:544c:b8db:56ff:c664,1
sdv-id-vZWGCA,ACC_129,ENT_UK_002,7201.162345632959,USD,2026-01-03 10:56:22,c0f9:8224:8494:eabc:ce44:a176:cbd0:1714,1
sdv-id-cGfkTv,ACC_198,ENT_UK_005,48634.06929924848,USD,2026-02-24 10:47:41,42e7:ab77:2ea9:9ad1:9700:47f6:7a75:987a,1
sdv-id-VOWWKl,ACC_225,ENT_UK_019,11432.014836722912,USD,2026-01-26 07:24:03,14b4:711d:18c4:11fe:6b2e:580b:c1cc:9094,1
sdv-id-qhiQwy,ACC_199,ENT_UK_015,467836.4026715901,USD,2026-02-24 00:54:08,6e29:d9e7:b231:5f47:ece5:3656:9b71:3c0b,2
sdv-id-XlIEQJ,ACC_299,ENT_UK_017,35439.571149397496,USD,2026-02-23 13:48:12,1dd0:15e4:e02e:54c5:7281:f61c:a0ac:8866,1
sdv-id-vbvjrU,ACC_273,ENT_UK_007,22942.02348389665,USD,2026-03-04 12:08:12,ed9b:f75e:d444:3269:1bdc:7f80:65d3:7e87,1
sdv-id-DTZtSl,ACC_264,ENT_UK_015,8898.858309973039,USD,2026-02-15 00:42:52,b6d:7f66:b31e:dec8:777:6a14:6643:bdb7,1
sdv-id-NiMhnm,ACC_123,ENT_UK_009,148343.55485237512,USD,2026-03-31 14:04:41,5ade:cd40:4b1c:bd6e:dda9:82ad:8d5c:30bd,1
sdv-id-oXaFXi,ACC_176,ENT_UK_005,18226.316175242715,USD,2026-01-05 02:55:50,4e50:367d:433b:4669:cb69:e105:6dd7:13fe,1
sdv-id-vTgsgG,ACC_211,ENT_UK_005,16801.813186631134,USD,2026-01-05 11:40:09,c861:b72d:e821:d53d:1de3:3538:d819:c86f,1
sdv-id-phYHtk,ACC_273,ENT_UK_018,528791.056924143,USD,2026-01-16 21:32:24,1936:2247:cbd4:ac74:960e:cfe8:6e68:2851,2
sdv-id-VtDzUF,ACC_107,ENT_UK_008,47017.4934996867,USD,2026-01-27 23:56:04,434a:ad20:e3bd:3c9a:9313:e369:9b38:5aa0,1
sdv-id-ZqWlSk,ACC_294,ENT_UK_002,921.2650532154814,USD,2026-02-24 00:00:28,912a:af64:61e0:2331:bd08:5d91:29af:6270,2
sdv-id-nngvNl,ACC_211,ENT_UK_011,172414.36879333152,USD,2026-02-17 22:12:50,ccd4:efdd:9f56:2739:c9ea:7210:ae29:4812,2
sdv-id-ZQOrxo,ACC_142,ENT_UK_016,2128.36609772851,USD,2026-01-21 12:59:30,5926:8133:31eb:8502:e55e:35aa:aed7:aa8c,1
sdv-id-CgvGpB,ACC_176,ENT_UK_009,73088.86352037945,USD,2026-02-28 17:10:11,312c:8254:9abe:23c9:594c:d676:8a6a:8b0e,1
sdv-id-kpwkmi,ACC_181,ENT_UK_010,216420.15816862756,USD,2026-01-16 12:01:00,d9c7:400a:7baa:d0f9:e61d:ebb:f6eb:965f,1
sdv-id-xcQXzt,ACC_196,ENT_UK_018,39273.05500518784,USD,2026-02-10 07:13:54,78a0:42be:926b:aeb2:70cf:f4d4:6a5a:e2d6,1
sdv-id-YMRcSv,ACC_176,ENT_UK_010,50097.76243138834,USD,2026-03-21 17:24:21,c131:5bc:2963:39a:6efd:3a51:fda4:9f05,1
sdv-id-xHpEyn,ACC_142,ENT_UK_009,2208.545563799807,USD,2026-01-25 00:42:44,3fb1:69fe:526:50e4:a15f:195d:5e44:ee32,1
sdv-id-OJvOFx,ACC_284,ENT_UK_014,228709.77787165577,USD,2026-01-09 03:50:54,e773:db71:772:af7:3405:ed88:f2a7:36ee,1
sdv-id-afIRvL,ACC_107,ENT_UK_004,3095.1902767390857,USD,2026-03-29 16:09:29,43b8:1b1a:6e1d:8232:de06:be11:682:43b6,1
sdv-id-QpCrix,ACC_100,ENT_UK_001,19607.432317450668,USD,2026-01-13 22:18:15,bfea:69d2:23e3:deb7:f040:f102:6708:57ee,1
sdv-id-lMTGwM,ACC_284,ENT_UK_018,24087.53267255051,USD,2026-03-27 19:17:11,e952:fc75:7162:dc20:5b0c:dd5:2327:ca76,1
sdv-id-XoTOLv,ACC_142,ENT_UK_018,4661.037525798264,USD,2026-03-26 11:23:26,5cdf:6018:d3ab:7334:1d8a:a671:78ef:2d20,1
sdv-id-XeIPRF,ACC_142,ENT_UK_001,2893.985895415105,USD,2026-03-26 03:10:22,19ae:633e:b318:ede0:1334:9127:26a8:d2c0,1
sdv-id-msAjFp,ACC_196,ENT_UK_011,208527.37292721376,USD,2026-03-08 06:40:34,10ac:29f6:626d:af2a:8e8b:b440:97f4:2a4e,1
sdv-id-wwDZiA,ACC_299,ENT_UK_014,98563.3530901415,USD,2026-03-27 18:22:32,c532:2fdc:5ff6:4193:4f33:cac4:f13d:ce19,1
sdv-id-eUFFaG,ACC_242,ENT_UK_016,77595.74197121369,USD,2026-03-02 14:46:28,4293:918f:27fb:eddd:9f49:c95b:6b01:30f0,1
sdv-id-CgtgHR,ACC_261,ENT_UK_011,924.9933513450866,USD,2026-01-04 08:36:59,d456:8a5c:2029:2212:c4f6:f09b:104f:71d8,1
sdv-id-AhLvMs,ACC_196,ENT_UK_010,256175.31810865467,USD,2026-01-16 13:58:35,cca6:c404:e6d7:8ed8:87f5:6ebf:1d5f:ea24,1
sdv-id-lZqwEC,ACC_155,ENT_UK_004,1311.2319049310336,USD,2026-01-17 22:17:15,33bb:774b:3d6d:7ea0:73a4:e154:e0d0:a6b1,1
sdv-id-rdaHPh,ACC_196,ENT_UK_002,17960.65487384496,USD,2026-01-15 18:45:04,58a2:2671:a852:a1dc:c95b:adea:f4c8:984,1
sdv-id-jpxkpV,ACC_181,ENT_UK_018,15915.340154114489,USD,2026-03-22 20:44:02,6504:53b1:2744:47bb:ddd2:ab48:94b2:31d4,1
sdv-id-YkuhDG,ACC_155,ENT_UK_010,286714.85029803735,USD,2026-01-31 02:46:20,834d:ab6f:7c44:dbcd:4a66:a9a4:1803:2dd1,1
sdv-id-rcHLiC,ACC_142,ENT_UK_015,216599.0238602239,USD,2026-03-08 09:14:30,536:4fa4:999e:7a51:6e36:3e7:7cb0:8e5b,1
sdv-id-BVOfjY,ACC_264,ENT_UK_007,10058.664890946133,USD,2026-03-07 18:27:00,cc68:e078:6399:7f1b:a86b:289e:ea29:7a4d,1
sdv-id-eTXBKn,ACC_176,ENT_UK_012,5220.467630651738,USD,2026-03-29 15:01:23,4ac3:34ad:6daf:3a60:61ad:936:f572:1e57,1
sdv-id-tKcZIY,ACC_248,ENT_UK_014,505407.5697863273,USD,2026-03-28 02:36:48,5cc8:f100:2c45:fb2d:34e1:af07:5436:3d9,1
sdv-id-YdKNCf,ACC_107,ENT_UK_008,24676.489725882908,USD,2026-03-09 16:03:17,2ec8:348e:f04:9e7:1c64:2c98:5a4b:519f,1
sdv-id-hMmdcr,ACC_211,ENT_UK_013,23656.654589157097,USD,2026-02-18 11:13:28,2fd5:8067:65b:6140:c0da:cc0f:4698:4b6d,1
sdv-id-JNSFOR,ACC_142,ENT_UK_004,432688.8570848229,USD,2026-03-29 17:27:27,917d:45a:4879:5dbe:a0e:edc:32d0:91d7,2
sdv-id-vEkMHH,ACC_211,ENT_UK_001,30705.092396957,USD,2026-02-04 15:09:15,8853:5576:edeb:293d:5564:ce9d:9aad:7d2d,1
sdv-id-jVnJhQ,ACC_211,ENT_UK_013,93149.21160100146,USD,2026-01-10 06:27:59,32e8:8f:af7a:96e5:3655:239b:db27:9a3b,1
sdv-id-CWcUPV,ACC_176,ENT_UK_017,154671.8070682963,USD,2026-01-23 21:15:20,9632:5c8c:509a:b5d6:bd7e:c307:2035:afd7,1
sdv-id-UQMjmm,ACC_162,ENT_UK_014,783504.3258342636,USD,2026-01-02 04:01:29,960d:c033:6ea:6fec:20d:561a:ad1b:f1ff,1
sdv-id-LnCGUQ,ACC_100,ENT_UK_019,69018.01751551953,USD,2026-03-08 05:45:17,6a74:732c:1215:d0b5:3c8c:d9d6:289e:3f7,1
sdv-id-EiHgTv,ACC_142,ENT_UK_001,304436.3490998995,USD,2026-03-14 23:39:25,7e15:f8d0:4d9f:ec31:e431:34d:fe1b:2ba3,1
sdv-id-mwCmHJ,ACC_107,ENT_UK_019,31500.043433853058,USD,2026-03-15 14:13:41,1b95:7639:a578:728b:f3dc:5c70:55f7:14f8,1
sdv-id-SWVpbi,ACC_176,ENT_UK_013,16163.720174244674,USD,2026-02-11 15:34:37,c20c:4be6:c46b:a1c9:5d24:b75d:52dc:4af3,1
sdv-id-tiLDFn,ACC_256,ENT_UK_008,14804.96960791539,USD,2026-03-08 04:16:44,dce3:a706:98fa:2a94:e256:3afb:6f10:ce97,1
sdv-id-oAiSJP,ACC_142,ENT_UK_014,63333.98293948551,USD,2026-03-24 09:34:55,e594:fd9b:8fba:5983:d74:3955:93ea:19cb,1
sdv-id-IwTsBQ,ACC_107,ENT_UK_011,6691.919826709003,USD,2026-02-11 13:53:43,f8a1:d806:8b84:cfd1:525f:5ba8:30a5:7c9b,1
sdv-id-WVjbTR,ACC_170,ENT_UK_019,16639.340916476256,USD,2026-02-02 15:34:19,d964:1341:e063:5825:b097:738d:c092:2a68,1
sdv-id-RnpXWm,ACC_142,ENT_UK_002,171324.32304372182,USD,2026-02-28 02:55:58,7e84:d78d:865:4b60:f3eb:d6ef:63df:a10d,1
sdv-id-iIesND,ACC_162,ENT_UK_008,125462.3077319244,USD,2026-01-04 03:16:39,89b7:13e1:c5f3:e425:1951:7f4b:8578:ee45,1
sdv-id-vNZPls,ACC_186,ENT_UK_005,45990.23417988183,USD,2026-03-26 01:18:24,1015:790f:ec69:1b0e:589c:31bb:3a7a:85dd,1
sdv-id-nkZhhd,ACC_242,ENT_UK_010,1956.800203498054,USD,2026-03-25 06:06:07,c75a:893f:739a:bb7:f91c:db9f:42aa:8c49,1
sdv-id-tfFgWP,ACC_248,ENT_UK_011,923.942433451944,USD,2026-02-20 08:22:21,b99b:d6e3:72b3:b47a:398c:f213:e5f4:5f8,1
sdv-id-BfSypy,ACC_160,ENT_UK_002,5181.748545448766,USD,2026-03-31 21:36:46,8c13:1483:37bb:1c37:2f40:1072:639e:8f8b,2
sdv-id-DMthEO,ACC_253,ENT_UK_018,1545812.5807218547,USD,2026-03-31 03:31:33,40d7:659:5ab4:413a:6671:953:ca9a:e3a5,1
sdv-id-KGfBPI,ACC_271,ENT_UK_011,366586.5491985904,USD,2026-03-16 16:17:29,a3b2:926c:cff1:370a:f255:6a54:78ac:6f38,1
sdv-id-DqzYmT,ACC_107,ENT_UK_008,47065.60813086032,USD,2026-03-19 23:18:08,2470:25e5:5beb:3833:3306:3d07:398f:3185,1
sdv-id-dUpqRt,ACC_181,ENT_UK_008,84526.33409411843,USD,2026-02-28 21:42:24,3894:aeee:b13c:b2b4:11cb:65e9:45d3:ddf7,1
sdv-id-shjxuk,ACC_100,ENT_UK_017,45611.1070598401,USD,2026-03-28 17:22:40,ee84:7df5:4c1b:482b:495c:38ea:23d6:136e,1
sdv-id-PfRksE,ACC_164,ENT_UK_010,811054.9310906819,USD,2026-02-24 23:52:27,bd77:5a09:a10f:9e85:6d4c:f67c:1b14:6277,2
sdv-id-cILSHd,ACC_156,ENT_UK_011,1440596.0979427511,USD,2026-01-13 10:53:11,c47a:6896:576b:6e87:ff30:fa09:346e:7626,2
sdv-id-gesOiN,ACC_248,ENT_UK_001,65484.34281687148,USD,2026-03-29 14:43:50,55a8:fc61:ca84:fa28:5d28:bfb3:a95b:d7f3,1
sdv-id-QjNQzW,ACC_248,ENT_UK_005,573425.0901745751,USD,2026-01-17 16:30:25,2f97:4740:eded:c07f:3127:5d12:a27d:1be4,2
sdv-id-hrRfTd,ACC_211,ENT_UK_002,631464.8659379268,USD,2026-01-03 15:34:24,86c7:e2f9:c251:d742:14a4:a8c3:1eb2:3a17,1
sdv-id-MavZaD,ACC_171,ENT_UK_009,122423.12943538468,USD,2026-03-27 22:05:59,87fd:7adf:26c3:818:8e99:d42c:2756:54c6,1
sdv-id-ylaNkL,ACC_146,ENT_UK_018,170297.3505621891,USD,2026-02-01 00:14:27,f6f:71f1:c059:c169:fe61:7457:80d9:50fe,1
sdv-id-cEsYsE,ACC_181,ENT_UK_002,4976.76740771188,USD,2026-01-31 08:18:33,1b:ae87:6a2b:d01a:62de:b840:b7ce:929d,1
sdv-id-ZSBysB,ACC_176,ENT_UK_003,1251.6991349941377,USD,2026-03-22 17:35:32,e54e:f688:e8a7:71d6:9b88:90bd:272f:b3b0,1
sdv-id-jLzsOu,ACC_176,ENT_UK_004,163485.42484343724,USD,2026-02-02 22:26:06,2917:65de:25af:5fe5:dba:40ac:7f96:9139,1
sdv-id-eOnonA,ACC_142,ENT_UK_012,157604.04033279675,USD,2026-01-11 23:42:15,d37f:ccf1:2e75:f960:a31c:6382:7923:814a,2
sdv-id-mHdmaW,ACC_107,ENT_UK_011,6431.00658912231,USD,2026-01-07 21:38:06,bfd5:3e4:3f47:613f:6c3f:996e:4a27:daae,1
sdv-id-ODnpeM,ACC_279,ENT_UK_001,67186.45131084727,USD,2026-01-07 16:14:39,7bd8:72fb:607e:241f:4344:4a68:4f60:e914,2
sdv-id-ICyRpT,ACC_107,ENT_UK_015,4537.2501166458305,USD,2026-01-18 08:53:11,c776:979d:4cd7:1216:3777:c78c:886:3e42,1
sdv-id-fvyHpJ,ACC_176,ENT_UK_019,14260.630530917795,USD,2026-01-28 14:28:59,b929:cc07:9f34:9f05:a804:c422:ece0:cb1c,1
sdv-id-OeJtez,ACC_176,ENT_UK_014,944.8219929079484,USD,2026-03-18 23:30:06,876c:c3a4:e29e:3024:d7b6:158d:ca4:1534,1
sdv-id-yNjgPL,ACC_176,ENT_UK_002,106564.44865360788,USD,2026-03-11 04:09:23,58c5:8bde:493c:d51c:291f:3159:ebdc:1cda,1
sdv-id-NpdQMk,ACC_171,ENT_UK_002,10862.99206241627,USD,2026-01-09 05:44:15,b898:265d:3e7d:e00a:4d9d:786:5dba:9abb,1
sdv-id-ZQQCIS,ACC_142,ENT_UK_005,14635.982680983523,USD,2026-03-10 08:02:10,f15a:2622:66ba:d36b:9dfd:8ea9:550d:3202,1
sdv-id-uulnaL,ACC_253,ENT_UK_001,22474.584585662094,USD,2026-03-31 16:58:02,bdf1:4d63:6881:c721:ee90:c2f0:b447:443,1
sdv-id-zTdLzn,ACC_155,ENT_UK_015,407375.3991387227,USD,2026-03-24 02:56:32,e7e:9103:75f5:c8e4:cfc7:99cd:a137:2045,2
sdv-id-gWszjX,ACC_299,ENT_UK_003,1109.1049008578834,USD,2026-03-26 18:02:05,11c5:1b7:7590:1a65:b884:ac6e:bf36:2326,1
sdv-id-smtaOg,ACC_107,ENT_UK_003,8208.384160529922,USD,2026-02-06 21:40:18,3d89:1eca:2182:6831:7ece:757f:8e1b:dbe4,1
sdv-id-tNhOBa,ACC_187,ENT_UK_018,1752.5180618707332,USD,2026-01-11 13:51:17,8db3:45f4:78ca:7f5c:fdfa:bcf2:1928:e701,1
sdv-id-kVDOhC,ACC_142,ENT_UK_011,2809.9957282815208,USD,2026-03-07 04:33:35,2cf8:7f6f:89fa:da6e:c90d:fe3a:6e7b:2f13,1
sdv-id-nmKrcg,ACC_221,ENT_UK_013,936983.618067598,USD,2026-03-22 03:10:24,d8cc:8626:cb3a:ccfb:4a10:f81a:7aca:4219,1
sdv-id-yVqIpd,ACC_181,ENT_UK_016,93960.66963112404,USD,2026-03-21 11:15:07,7993:730:397d:21eb:3118:a524:d1b2:c822,1
sdv-id-UFYNQQ,ACC_271,ENT_UK_004,1636.8526897855793,USD,2026-01-31 14:36:42,9e8d:c223:f92b:bcae:e2:fe90:fd20:a326,1
sdv-id-hqKvUp,ACC_107,ENT_UK_004,652814.4216657929,USD,2026-04-01 03:39:37,9465:b44e:8ca1:6e97:33a0:9dfc:1e39:917,2
sdv-id-TdGeWT,ACC_171,ENT_UK_015,820928.7800561296,USD,2026-01-18 11:04:52,d9fa:48de:39b0:51df:f438:2d8a:1fa0:8145,1
sdv-id-yxhifB,ACC_273,ENT_UK_003,2269.7085540933613,USD,2026-02-26 22:40:38,8e2c:f1f5:207b:c225:734a:eab:41e2:bad1,1
sdv-id-NvGRuu,ACC_221,ENT_UK_003,8601.767765625884,USD,2026-03-06 07:29:05,645c:8727:ddfb:654a:7603:a94f:b5d8:6a3d,1
sdv-id-vQXNig,ACC_181,ENT_UK_015,1004497.367339678,USD,2026-01-19 06:39:25,1ea9:b21:d929:a72e:8304:3e63:121d:d528,1
sdv-id-cnZAEW,ACC_171,ENT_UK_017,1656385.748358941,USD,2026-03-19 11:16:23,959b:80d9:b929:65b4:5925:279d:9f4a:65f6,1
sdv-id-jUjWKW,ACC_243,ENT_UK_009,975.9602317012888,USD,2026-03-19 16:29:22,4975:810:f7cc:d1f9:5715:f514:4fa6:8d7f,1
sdv-id-fwxpfy,ACC_221,ENT_UK_004,72145.6261352232,USD,2026-01-03 22:33:36,66bc:9750:84dc:b92:1c04:c721:19ec:7f83,1
sdv-id-PqJDIS,ACC_107,ENT_UK_004,51009.185140155205,USD,2026-02-23 12:56:14,eacb:81af:a943:64de:7a0a:3399:20af:c3c6,1
sdv-id-jXglhl,ACC_176,ENT_UK_006,49450.84418910063,USD,2026-02-26 10:59:11,9cc7:16:2ef3:b957:11e1:482e:b837:c942,1
sdv-id-oqNAKl,ACC_247,ENT_UK_004,37822.30537337519,USD,2026-02-20 23:25:00,80c5:22c2:6dd9:d793:2bc0:5fde:cfd3:d56a,1
sdv-id-HfpIEH,ACC_271,ENT_UK_013,189793.53352738984,USD,2026-03-24 18:16:09,7e55:ad64:84c0:af7b:610a:8c58:a067:e8d2,1
sdv-id-cZtpDO,ACC_107,ENT_UK_017,924.2301589839896,USD,2026-03-19 22:35:59,6037:b5a2:b8c:d290:9189:1965:41d3:4326,1
sdv-id-tyYCDd,ACC_171,ENT_UK_019,504087.38372764527,USD,2026-02-20 23:15:52,33b8:2b0f:66c9:a8c9:be79:efc3:23bd:97ca,1
sdv-id-YfeWUu,ACC_247,ENT_UK_011,61619.660580795266,USD,2026-03-10 11:00:04,9635:1cc2:be84:e7e0:e022:9ed7:7ce0:5e48,1
sdv-id-KeGuKM,ACC_176,ENT_UK_005,52817.84853219905,USD,2026-01-29 01:41:56,fc0d:67b1:5fd9:de6d:8f5d:77af:7d07:44af,1
sdv-id-chmoRc,ACC_142,ENT_UK_019,2418.89377574037,USD,2026-02-12 14:53:40,2212:769f:1962:d609:f1b4:dc57:9d13:1348,1
sdv-id-dhlIkk,ACC_107,ENT_UK_004,343814.7503154922,USD,2026-01-05 18:32:18,8612:e06b:636a:4b44:7633:b4e8:33d:75bd,2
sdv-id-okXYKG,ACC_264,ENT_UK_003,1667.5072162769577,USD,2026-01-18 16:44:54,4eb8:bd61:a19d:eff1:bc32:e018:e37f:5bec,1
sdv-id-gAziGV,ACC_142,ENT_UK_004,20625.98813784153,USD,2026-03-18 20:05:35,7f55:a399:b5d2:7eae:475d:5fd5:870f:ad42,1
sdv-id-qmqvgA,ACC_273,ENT_UK_012,272062.27718366333,USD,2026-01-12 23:51:05,b50d:fdbe:b687:ba09:be68:c1be:15d8:2eea,1
sdv-id-xekWvG,ACC_142,ENT_UK_019,574045.2530915734,USD,2026-01-10 00:10:20,7da5:9fd3:11c6:e021:950d:a649:4016:a757,1
sdv-id-vdqvnV,ACC_181,ENT_UK_006,277699.7695854837,USD,2026-02-24 12:29:06,cb02:779c:f332:413b:bb7:90e4:7098:5f44,1
sdv-id-QbdJIP,ACC_171,ENT_UK_006,718707.2330561107,USD,2026-02-17 00:58:41,f571:c209:d489:70c7:9d3:e27:4f08:956,1
sdv-id-xPBbng,ACC_107,ENT_UK_010,36803.95626529987,USD,2026-03-01 13:36:11,26e6:cd0b:b892:7b3e:c91a:9e84:dde1:79e8,1
sdv-id-eUfSPf,ACC_243,ENT_UK_007,1525809.5402331897,USD,2026-02-28 15:25:55,7d65:c9e2:3893:388:9cc5:a5f5:bb56:ff0d,1
sdv-id-uQLNjS,ACC_107,ENT_UK_009,954.641748161149,USD,2026-03-31 08:05:29,a190:5cb9:7401:8841:53fd:3a01:f5ea:583c,1
sdv-id-MhcLys,ACC_186,ENT_UK_007,90687.37804056496,USD,2026-02-22 06:10:23,9641:2f94:f24f:bf92:9ec:5409:3500:f93d,1
sdv-id-HRuBSa,ACC_211,ENT_UK_012,238111.1204550083,USD,2026-03-31 01:19:28,fba2:7b1:c7af:a013:40a5:9904:76c8:7e97,1
sdv-id-pHsfOD,ACC_187,ENT_UK_018,7409.061369728872,USD,2026-04-01 00:44:45,7605:67f7:ba67:201:87ff:c4:f7c:2d,1
sdv-id-hYXqGa,ACC_107,ENT_UK_005,67460.57635300772,USD,2026-03-19 03:53:05,e1fb:916e:d24c:28b9:51d6:fdd9:5cc5:7b42,1
sdv-id-UMpwLs,ACC_142,ENT_UK_019,302355.1163674486,USD,2026-03-27 12:45:28,c2ec:8317:418e:c343:3317:dc3b:104d:f6bb,1
sdv-id-dLqDmb,ACC_273,ENT_UK_009,62807.88403732745,USD,2026-01-09 05:00:14,363b:6f9e:ff21:c028:bb74:a118:d62:3ab7,1
sdv-id-gIBtzC,ACC_176,ENT_UK_006,26963.750764827608,USD,2026-03-08 13:40:43,c1ce:9a5c:438a:c056:77f3:d58:148a:23e3,1
sdv-id-xQrYMv,ACC_186,ENT_UK_011,245091.51623744893,USD,2026-01-08 08:49:46,84eb:5ddf:cb7:9d7f:53a9:ead2:ec38:4521,2
sdv-id-kcxHuw,ACC_142,ENT_UK_009,28706.69534933084,USD,2026-03-25 09:04:39,7e3:5fb3:1fc7:1ab2:514:4f61:1659:b1cd,1
sdv-id-NnqSJy,ACC_155,ENT_UK_014,4110.914552561869,USD,2026-03-21 16:34:54,19d:4c15:a65d:1630:cc48:88c3:9dc8:b5d2,1
sdv-id-XpicSV,ACC_142,ENT_UK_010,7832.604027992996,USD,2026-01-26 11:50:12,9524:593a:4b3a:749e:24ae:50d3:77d4:f677,1
sdv-id-ymYNMP,ACC_176,ENT_UK_019,205988.85310943663,USD,2026-03-06 06:52:57,aabf:68a6:73da:8302:39b3:91f2:398e:7f8e,1
sdv-id-KlAyhV,ACC_142,ENT_UK_019,76767.13897778872,USD,2026-01-03 07:24:31,6409:7506:afc0:3b8e:4943:1bce:def3:487a,1
sdv-id-TUwRaU,ACC_142,ENT_UK_001,42955.91665058007,USD,2026-02-07 02:15:42,9aa6:820f:3425:e84b:bf86:b55e:9438:3f68,1
sdv-id-gVBiVF,ACC_156,ENT_UK_016,1253.037323109423,USD,2026-02-02 02:50:53,e0a8:6d9a:c00f:d814:b5fd:a52a:3ebe:ddcf,1
sdv-id-RtHeiA,ACC_293,ENT_UK_010,478313.7849259233,USD,2026-02-20 16:06:24,71a8:17e8:cfc9:6b46:93cf:b210:36ef:38c2,2
sdv-id-UaeOaP,ACC_294,ENT_UK_013,200161.69315951152,USD,2026-03-20 01:26:53,94fa:53a8:2a8c:aeb6:7bfe:b1a5:19c9:b76d,2
sdv-id-PSuJIS,ACC_181,ENT_UK_002,478439.63769462786,USD,2026-02-24 00:18:18,4e3b:71a7:596e:5751:9282:6d7:24e3:4ed0,1
sdv-id-nFzgRX,ACC_162,ENT_UK_016,9536.792354492149,USD,2026-03-15 02:06:27,aa4c:b263:34d7:be73:92aa:8825:f2f9:29ed,1
sdv-id-NglMgo,ACC_142,ENT_UK_004,59317.89735325881,USD,2026-01-15 03:23:48,6157:c8a6:3bcb:df39:72c2:21c0:5a40:f8a7,1
sdv-id-Kvkglg,ACC_142,ENT_UK_004,77529.60111699795,USD,2026-01-30 21:20:53,1eae:71aa:98d2:3f8c:3edf:760:b3d9:d2c8,1
sdv-id-ctjPRr,ACC_107,ENT_UK_014,3519.458658596973,USD,2026-02-15 19:44:45,2472:1c3f:3d1f:b6c:2a2b:ef3:c9dc:e4f2,1
sdv-id-KiFLBX,ACC_271,ENT_UK_014,114067.98870661097,USD,2026-01-16 19:37:05,a8cb:48fc:f1aa:8c22:24e0:ccbc:c59c:ab55,1
sdv-id-kMwirg,ACC_176,ENT_UK_007,8062.727545825518,USD,2026-01-10 08:18:15,e2a0:83d4:d547:4741:3091:deb1:a7f4:6714,1
sdv-id-eOMoYT,ACC_176,ENT_UK_019,382593.3167111452,USD,2026-01-20 08:43:12,88e7:6a64:26e8:9bdb:b04:c2b0:11e9:c326,1
sdv-id-vatWGv,ACC_176,ENT_UK_011,42048.67941745143,USD,2026-01-29 14:17:03,be45:6a39:723c:66d:b064:70bd:a6d2:5abe,1
sdv-id-OjlhnS,ACC_189,ENT_UK_015,774510.4594921874,USD,2026-02-26 19:29:05,fbc4:590b:cd61:bc25:24cf:6ea5:7b94:68bd,1
sdv-id-YYyxMC,ACC_264,ENT_UK_006,12611.9893526156,USD,2026-02-19 16:27:13,5e57:cd27:69ed:da8:ce9b:721f:bcce:fd4b,1
sdv-id-oACUnL,ACC_128,ENT_UK_010,1924.145307443178,USD,2026-02-10 02:38:58,4f6a:563:e321:62d6:f0a5:cb98:9415:6d7f,1
sdv-id-KjmEAf,ACC_221,ENT_UK_013,909715.5161591842,USD,2026-03-18 23:35:53,6943:4f76:e49a:fb1b:ca31:3a31:2c86:81c1,1
sdv-id-DoVnog,ACC_134,ENT_UK_006,5378.981640105105,USD,2026-02-03 23:01:05,afd3:fea9:63e3:daf9:eac6:59a5:c792:7e0d,1
sdv-id-dZsssB,ACC_142,ENT_UK_004,77040.43032234783,USD,2026-03-31 02:38:41,392d:1e47:2dfe:cb27:cad7:7ef6:838:4fe3,1
sdv-id-FVolcI,ACC_242,ENT_UK_011,10964.331634308315,USD,2026-01-22 08:54:57,c6b1:d5b4:b4d8:ae6c:4247:1f35:3269:8787,1
sdv-id-AjUzVb,ACC_142,ENT_UK_007,287388.91522812285,USD,2026-03-27 21:20:09,5f2d:6702:c385:c7d5:9596:abb6:6432:edd4,1
sdv-id-uvnyfi,ACC_211,ENT_UK_004,47750.68604183065,USD,2026-01-08 11:27:50,174a:df8e:647:c03f:f58b:c047:35a:3f45,1
sdv-id-BLrYUe,ACC_176,ENT_UK_018,18490.148186333023,USD,2026-03-15 03:39:51,1d39:befb:eaea:8d58:96f6:d4ae:7f:ce91,1
sdv-id-NBVRbV,ACC_187,ENT_UK_014,1478.6727594024762,USD,2026-03-08 17:50:03,1e72:313b:be76:b4c7:9ecc:57a:da6a:56ac,1
sdv-id-UEvPkZ,ACC_225,ENT_UK_018,111652.97810699992,USD,2026-03-11 01:19:36,954d:d68d:8b16:a17d:4d40:999e:e3b3:1634,1
sdv-id-tpogCR,ACC_107,ENT_UK_002,369249.8895206233,USD,2026-02-04 01:56:26,bad6:54dd:756a:b20b:ff9c:8d32:55dd:102e,1
sdv-id-KNdnYg,ACC_256,ENT_UK_006,1314.5309981812763,USD,2026-01-30 20:15:05,4658:b05c:8cf1:ef43:2edf:1510:69ff:5a17,1
sdv-id-GjrWbY,ACC_211,ENT_UK_016,2474.5753836778053,USD,2026-03-29 06:31:06,20e2:966f:4435:a64e:b71:b01a:775f:d1c2,1
sdv-id-YTCvGV,ACC_279,ENT_UK_015,547141.3036039846,USD,2026-03-24 05:27:20,374f:7fb7:868b:3a39:51f4:3213:296f:eccc,2
sdv-id-FBdOjr,ACC_186,ENT_UK_016,132078.76536788535,USD,2026-02-21 22:11:07,4cdb:3413:4c2:6186:7f67:17a6:4623:63de,1
sdv-id-lWbTSd,ACC_225,ENT_UK_004,1128611.433411557,USD,2026-01-10 21:32:35,f6db:df43:60d1:3d15:1e54:ff26:aa80:f5da,1
sdv-id-VpZVut,ACC_171,ENT_UK_008,153490.3533165577,USD,2026-03-16 16:41:11,729f:f685:45d0:5d01:1847:291f:7d01:1245,1
sdv-id-EiruEa,ACC_142,ENT_UK_013,929.2095455050868,USD,2026-02-06 19:16:53,68d1:d893:fd99:24a2:50f6:3c73:7bf4:d295,1
sdv-id-pEbcZF,ACC_171,ENT_UK_003,118704.2152654408,USD,2026-03-05 02:06:59,ba2d:2df8:6547:727b:4d98:8f48:3b3:501e,1
sdv-id-npTBfQ,ACC_273,ENT_UK_001,21313.359832251357,USD,2026-03-21 18:29:41,353f:cac5:6205:839f:3417:a0d5:a0de:9ae8,1
sdv-id-HgsSMO,ACC_264,ENT_UK_005,66873.29781119499,USD,2026-03-31 10:47:16,e7f3:3766:6b53:65af:35ce:cbf1:1235:c6dd,1
sdv-id-SGIgrP,ACC_107,ENT_UK_013,273315.4012192829,USD,2026-01-16 07:43:29,80eb:1999:f5cf:7ec3:923a:b7f:5730:10d6,1
sdv-id-vcCXsz,ACC_247,ENT_UK_016,7396.630653656238,USD,2026-03-01 01:02:21,e053:648f:57ac:9e5d:b75:8d10:4949:56f6,1
sdv-id-pfIZGB,ACC_142,ENT_UK_011,70703.15987735202,USD,2026-02-20 07:01:46,3722:c545:ca3c:8152:454b:2092:3188:a6e4,1
sdv-id-FyXeyh,ACC_171,ENT_UK_009,683663.3555455115,USD,2026-02-02 09:31:49,f554:c5b1:e328:7ad7:77dc:dcab:6b16:429f,1
sdv-id-iGkZhj,ACC_264,ENT_UK_005,205848.43829539788,USD,2026-03-16 19:13:23,b059:4635:c38d:b6e9:a381:ac3f:156a:c84c,1
sdv-id-xnTMmp,ACC_171,ENT_UK_019,62334.214743328994,USD,2026-03-29 09:27:45,9253:4a03:290f:9dc7:6234:cd3b:3936:b3e9,1
sdv-id-UhGsBl,ACC_156,ENT_UK_013,488822.14932537125,USD,2026-03-22 07:31:41,dfef:60d7:dca3:4d96:5126:67ae:88ed:90fa,2
sdv-id-GgECef,ACC_284,ENT_UK_019,7943.017178082497,USD,2026-03-11 07:02:58,4ffe:e149:a2d4:7d0:3c37:85ea:78a9:bee8,1
sdv-id-PHzFPM,ACC_142,ENT_UK_012,1470.7083772519593,USD,2026-01-02 23:06:43,2a8f:ec52:6926:dbcc:4eb5:c12c:82af:477a,1
sdv-id-Hrmkcj,ACC_256,ENT_UK_004,66568.00207505966,USD,2026-03-27 03:18:33,d38e:39ae:9d2f:ca14:2c4:bdca:f445:428c,1
sdv-id-nneVRy,ACC_164,ENT_UK_006,8804.167180312446,USD,2026-03-15 10:17:02,1c21:d630:80bf:e61b:a503:6172:fb4a:2290,1
sdv-id-YCrRup,ACC_107,ENT_UK_001,344455.3900719315,USD,2026-02-28 18:06:09,bf1d:ed3f:107e:293d:85eb:b8ac:168b:d682,2
sdv-id-gaBXoU,ACC_247,ENT_UK_019,77816.40787455668,USD,2026-02-22 23:47:34,15c2:d06e:2102:5bf7:f838:1777:f6b9:36d5,2
sdv-id-wgwdPR,ACC_196,ENT_UK_005,91994.73017490524,USD,2026-01-19 23:23:57,3609:9d0d:3318:153:d2bf:61eb:345:6f5,1
sdv-id-gKrpOQ,ACC_211,ENT_UK_004,356984.01850544626,USD,2026-03-19 21:42:26,6df:6586:5b29:e8e1:cee1:5926:83da:4f38,1
sdv-id-ZBRoHQ,ACC_142,ENT_UK_006,231883.41519253957,USD,2026-02-15 23:17:41,e5b:eac:9cd8:efc4:4ec1:70c0:6049:a77f,1
sdv-id-xlNTlY,ACC_199,ENT_UK_014,201838.99902444505,USD,2026-03-25 02:33:04,733a:451:de5e:c306:74b1:286e:c409:8f11,2
sdv-id-sPcreV,ACC_186,ENT_UK_016,412230.83436670946,USD,2026-01-20 05:32:10,4181:24bf:3e7e:df6a:66fe:3105:ec8e:d442,1
sdv-id-aQcNlW,ACC_123,ENT_UK_008,58418.15026523433,USD,2026-02-02 03:11:26,96cc:2ba7:273a:f8d3:6353:9ed5:576c:dd20,1
sdv-id-bPOlBr,ACC_142,ENT_UK_018,45774.41284787172,USD,2026-02-08 12:31:29,1825:a360:3d7b:8899:9f6:5a33:eae5:35a3,1
sdv-id-QVBsld,ACC_271,ENT_UK_009,1146.1422823866344,USD,2026-03-29 19:41:08,69ea:ddac:61ec:b26f:85df:aa6e:a2fe:3ae5,1
sdv-id-ujrjyH,ACC_211,ENT_UK_014,220391.32349671045,USD,2026-02-09 05:52:18,dc08:528c:3dfa:a2a0:ac51:133e:b721:e45f,1
sdv-id-KbaYyl,ACC_142,ENT_UK_013,55088.731553252175,USD,2026-02-25 00:07:51,d42:6b2a:61aa:8ef1:98ef:3bd7:b819:e295,1
sdv-id-veAUmi,ACC_176,ENT_UK_004,138705.25842514206,USD,2026-02-03 06:14:57,8fed:140f:372:c456:2d9e:9ff:b7dd:8229,1
sdv-id-zjHPLy,ACC_107,ENT_UK_001,987382.1269627915,USD,2026-03-23 00:06:25,2055:39b1:68f0:fdf7:a24f:2a30:1092:d313,2
sdv-id-RKprlk,ACC_107,ENT_UK_012,6340.02757893575,USD,2026-01-02 14:17:12,9313:5ed0:bbd1:7132:be4a:57af:65c8:8aaf,1
sdv-id-UiwuKD,ACC_107,ENT_UK_012,950.4619825487076,USD,2026-03-26 21:19:07,865:a81b:2c24:66ec:a1c1:2bd4:e0eb:3be9,1
sdv-id-EvfiXv,ACC_181,ENT_UK_016,453713.9915502781,USD,2026-02-18 06:48:09,d508:a107:f660:6fcf:544e:43ea:1328:6acb,1
sdv-id-AoYQYv,ACC_211,ENT_UK_018,571463.1610501871,USD,2026-03-13 09:01:13,f30a:6fea:9752:8d86:d155:69e:ebf7:5642,1
sdv-id-cWzqXI,ACC_107,ENT_UK_006,1285.7557720488098,USD,2026-02-01 09:47:13,cd6c:4ef6:a020:e34c:2630:73e:cc38:699c,1
sdv-id-cltaqP,ACC_164,ENT_UK_015,35258.03043581681,USD,2026-01-30 23:38:57,b8c2:b700:d3c6:d110:f97d:e71f:30eb:83cd,1
sdv-id-iytwtf,ACC_142,ENT_UK_016,248842.96299725844,USD,2026-02-17 21:58:46,6f90:f555:2d1:9ec9:19cd:435f:d5e5:4974,2
sdv-id-XPWRbo,ACC_134,ENT_UK_006,166692.9460816967,USD,2026-03-17 15:51:45,75e1:8a44:900e:3ef1:a22d:cec9:b51a:1edb,1
sdv-id-uXakpM,ACC_273,ENT_UK_002,1606.310554001548,USD,2026-01-26 06:12:32,38c1:e989:6c0e:a3cb:8bd2:8c8c:fdc2:a00d,1
sdv-id-HvDYRf,ACC_264,ENT_UK_018,425607.40633931785,USD,2026-01-04 06:29:13,3672:afab:5053:1aab:5745:8cb7:17ba:4f1e,1
sdv-id-sHjDox,ACC_256,ENT_UK_009,85651.43998741964,USD,2026-02-08 19:49:56,38cb:5337:ffed:4add:7be7:fe5c:c200:4114,2
sdv-id-fYbeba,ACC_176,ENT_UK_005,195648.2628490564,USD,2026-03-31 16:29:49,1596:c9b7:896:d6b0:de64:7222:850f:e38a,2
sdv-id-lxsnOa,ACC_293,ENT_UK_007,923.7280779586272,USD,2026-01-12 05:29:19,6ac4:4ef5:e54a:8530:a8f2:a0d1:eee8:3853,1
sdv-id-exUMFa,ACC_129,ENT_UK_019,21640.03405712508,USD,2026-02-11 13:31:44,10df:66d0:9684:e812:befd:41b:e499:d5f4,1
sdv-id-ShXykK,ACC_196,ENT_UK_011,3901.813117357869,USD,2026-03-28 12:08:54,215f:8311:d22c:11d3:562c:ce8:b135:5f02,1
sdv-id-IViCza,ACC_186,ENT_UK_017,519454.8244348805,USD,2026-02-23 20:25:15,1d37:7ae5:961b:adc9:8bda:3cfb:52f1:cb86,2
sdv-id-yUuxsf,ACC_211,ENT_UK_012,76486.75810240334,USD,2026-02-15 08:14:00,179d:fb9c:58cc:c318:9e17:60a6:d46a:a608,1
sdv-id-aVwwyk,ACC_273,ENT_UK_003,16339.233392478334,USD,2026-02-05 07:22:43,d56d:6e09:67a1:9571:313:3833:706b:e30f,1
sdv-id-DKcGni,ACC_176,ENT_UK_018,421299.7938325527,USD,2026-02-21 23:18:31,3eda:3a63:33e:9a6c:47d3:51cd:c866:77a4,1
sdv-id-IrgQKW,ACC_142,ENT_UK_003,109659.8788203484,USD,2026-02-08 16:14:38,af94:c17b:167a:c1ad:bc8:acf7:c615:ca3b,1
sdv-id-MZrhpQ,ACC_273,ENT_UK_001,236810.79374028696,USD,2026-02-18 13:18:06,7c29:af51:3b33:d5a9:e38:5af0:e9f2:7022,1
sdv-id-lNXODf,ACC_107,ENT_UK_018,11165.9112015116,USD,2026-03-21 12:23:15,c75e:67de:991a:faed:1899:281:f35e:f2eb,1
sdv-id-qpPCgH,ACC_142,ENT_UK_003,2709.6622828293216,USD,2026-01-01 23:27:58,2dd8:fd4a:67fd:836c:dff5:8fd6:db:e21b,1
sdv-id-gIoSzD,ACC_176,ENT_UK_002,349272.9093666009,USD,2026-01-27 15:36:57,ff86:8ffb:c2d8:2121:2533:6496:5457:5cc0,1
sdv-id-cREqvi,ACC_271,ENT_UK_018,67082.93324521124,USD,2026-03-16 21:04:47,adf7:d522:283e:498d:861f:c0e6:6b8d:13e,1
sdv-id-UguEcS,ACC_196,ENT_UK_016,976887.9212649072,USD,2026-03-28 20:27:16,a7a3:ea23:9b8a:4b9c:f174:31af:3221:2ec3,2
sdv-id-EIvLGH,ACC_187,ENT_UK_011,90867.010887484,USD,2026-02-05 04:24:56,170:f6c2:4a7e:ce51:1aa8:9491:6809:a10c,1
sdv-id-ZitsAA,ACC_247,ENT_UK_017,15433.477202668742,USD,2026-02-14 23:25:33,f512:b6c3:3512:292e:ed0d:4262:cc3b:16eb,1
sdv-id-iWrDRp,ACC_189,ENT_UK_016,268805.7240673559,USD,2026-01-04 09:53:13,4c8:799a:d7d5:32f8:422f:fc86:22ee:bb8f,1
sdv-id-JLPYuq,ACC_156,ENT_UK_009,4583.316136265067,USD,2026-03-29 11:53:32,35b6:93ac:71af:f906:3818:6835:c32e:6df1,1
sdv-id-zovLLW,ACC_142,ENT_UK_006,79334.73237092952,USD,2026-03-05 00:59:12,26d3:6f2f:8a66:4a69:1edb:179a:267c:4bbc,1
sdv-id-nNucmo,ACC_271,ENT_UK_016,327364.18944219284,USD,2026-03-17 19:10:54,9183:6f25:4d91:be04:2913:fbf3:e9f0:d09a,1
sdv-id-KQPoqm,ACC_155,ENT_UK_003,1590.3768593344057,USD,2026-01-17 21:35:09,88ee:133f:e13:55cc:ff8a:dd7a:9ef7:3257,1
sdv-id-HIcQIN,ACC_176,ENT_UK_003,1008.2605623039182,USD,2026-03-29 17:07:33,560e:60ba:eedf:3ca4:b425:bb63:4d1:c792,1
sdv-id-buWePs,ACC_107,ENT_UK_014,1802.8856535214436,USD,2026-01-08 08:58:11,ad98:b03d:d548:6c21:b9dc:10f6:f2e5:41ee,1
sdv-id-JpqwiF,ACC_225,ENT_UK_012,157371.02576694716,USD,2026-02-17 05:45:28,f4cc:7acf:770b:9542:71eb:2b87:e861:6025,2
sdv-id-cfscid,ACC_146,ENT_UK_008,80827.48485881732,USD,2026-03-16 06:56:35,6b55:d90e:8f22:30a9:fee6:1836:5f9d:6826,1
sdv-id-HEVtSd,ACC_107,ENT_UK_011,1076.850287306399,USD,2026-03-07 11:35:43,ea3c:4552:e00a:cff0:c8d1:e15e:74c4:d274,1
sdv-id-Awasmg,ACC_248,ENT_UK_006,1076.0134745953828,USD,2026-02-28 04:38:58,554:3f6b:8a15:96f6:185:f55a:b7ce:2a0f,1
sdv-id-HfJrKs,ACC_128,ENT_UK_017,101692.9307893796,USD,2026-03-18 03:49:16,567b:18c9:3b22:724a:e8f6:82eb:2d18:960b,1
sdv-id-arRfyZ,ACC_176,ENT_UK_007,2718.2249970157873,USD,2026-02-18 15:19:31,e9ea:63c1:56f4:bd37:26cb:aed6:9d2b:db42,1
sdv-id-jbaTRv,ACC_211,ENT_UK_009,77426.2882703442,USD,2026-01-03 17:43:07,8cce:7979:5dd2:34a:e7ab:42fc:2bfd:eed0,1
sdv-id-sEqGPq,ACC_142,ENT_UK_016,544509.543232277,USD,2026-01-05 19:25:29,f811:ccde:af78:4f53:4de1:266b:2e32:d003,1
sdv-id-odaPrH,ACC_271,ENT_UK_005,14044.8161427907,USD,2026-03-26 06:55:59,9cf9:c3ec:1e61:a0de:d47f:b959:d9b9:b10f,1
sdv-id-YbZpjA,ACC_249,ENT_UK_015,2316390.0967604765,USD,2026-03-17 08:42:15,2946:ec22:fca5:5c09:4e4c:7d0c:8569:41ca,1
sdv-id-kwaolx,ACC_261,ENT_UK_010,174264.8180191143,USD,2026-01-06 13:39:53,a6d9:a2ee:4eaa:5a0:43cd:1a23:b6c:eb2e,1
sdv-id-LjkzWC,ACC_294,ENT_UK_003,2996.621872678211,USD,2026-03-28 07:27:14,6909:60d1:dd2:719f:98cb:7635:b390:8467,2
sdv-id-zDfDxK,ACC_273,ENT_UK_017,34287.35109440835,USD,2026-01-25 00:28:53,3e52:ad97:72bc:336d:2072:673:e32:92bf,1
sdv-id-GNgDgA,ACC_225,ENT_UK_014,629662.2899011181,USD,2026-02-20 16:10:18,e96d:bbc4:83a3:5280:cb6b:c3f2:621:bb99,1
sdv-id-MbisDf,ACC_134,ENT_UK_012,104742.54322376817,USD,2026-03-13 04:53:36,28e:f102:7fa1:b5fb:b705:3102:907f:454f,2
sdv-id-hBvhJd,ACC_273,ENT_UK_002,1168192.395285058,USD,2026-01-11 11:49:06,c2c8:b17a:e85d:32a9:b8f0:b884:cf48:b2be,2
sdv-id-EZniND,ACC_211,ENT_UK_018,171510.12556399746,USD,2026-03-10 08:32:11,8569:9ca6:3ccb:6089:2ba:8e4a:8c74:1657,1
sdv-id-OHCXaV,ACC_211,ENT_UK_003,16689.27567610354,USD,2026-01-14 20:48:34,a6b9:698c:788f:297f:28c5:18a1:f456:6618,1
sdv-id-tHsiqM,ACC_162,ENT_UK_012,38601.1493438241,USD,2026-02-13 15:37:47,d405:4bed:3d8c:3bc0:1619:6656:b188:215d,1
sdv-id-dHFasm,ACC_293,ENT_UK_005,81919.05582309111,USD,2026-01-15 14:25:21,22f2:66e8:465f:5a8e:c61e:5af4:8a06:580b,1
sdv-id-ZdhjFW,ACC_211,ENT_UK_001,131113.3077723276,USD,2026-03-09 15:47:55,e08d:e62f:87de:d4ef:f91:3a7:265c:6bf7,1
sdv-id-LPKgPC,ACC_187,ENT_UK_013,183032.0535908069,USD,2026-01-26 20:07:48,4ce7:ba38:9cd9:38b3:8db9:1208:a5f1:afd1,1
sdv-id-ogBXJR,ACC_107,ENT_UK_006,365057.6583944145,USD,2026-02-15 08:36:09,80d4:d9f0:b886:bda:2382:70b5:5a3:f084,2
sdv-id-yBPvnL,ACC_142,ENT_UK_019,644745.9768645731,USD,2026-02-23 14:27:50,15c2:b992:790:b246:1899:d78c:d365:304b,1
sdv-id-NVBKNI,ACC_271,ENT_UK_005,436423.44950119394,USD,2026-03-14 10:04:52,b1aa:f645:1ab8:61df:d0df:e726:d13e:fa7,1
sdv-id-BZOrwA,ACC_181,ENT_UK_016,370125.1869451017,USD,2026-03-14 11:30:17,6537:39f0:1e1a:95c8:8b51:6d4c:17f9:61db,1
sdv-id-yueAvv,ACC_162,ENT_UK_013,11258.60045699724,USD,2026-02-17 23:36:32,62ee:6611:c982:fb66:1e64:91a9:1bde:6229,1
sdv-id-hamOod,ACC_187,ENT_UK_015,837872.8030023794,USD,2026-03-25 21:07:42,d9bd:d508:1ab7:acef:cda1:aae7:ee8b:1043,1
sdv-id-YcgqMH,ACC_243,ENT_UK_008,1524442.609745946,USD,2026-02-07 11:03:12,5c54:8d15:3965:9ee0:d544:296f:f1c3:ba80,1
sdv-id-bYjwWd,ACC_107,ENT_UK_016,269686.23625982594,USD,2026-03-09 16:58:45,d90e:f50a:128e:d4c1:f1c7:2b44:1dd7:b783,1
sdv-id-ABLmVH,ACC_142,ENT_UK_014,86907.5363786592,USD,2026-03-05 04:44:04,7633:5662:a010:30c3:cca1:761:b5f7:d512,1
sdv-id-QgeOWg,ACC_211,ENT_UK_012,205525.69153711043,USD,2026-02-01 04:13:12,2c8f:60cf:dbe5:7e78:a566:abcb:f84b:b4db,1
sdv-id-UtQunG,ACC_156,ENT_UK_004,171093.28282623002,USD,2026-03-05 17:02:21,a331:2d2a:6820:2ca5:6baa:4c8c:6642:410e,1
sdv-id-NyXZro,ACC_176,ENT_UK_002,209691.93428483032,USD,2026-01-04 11:56:51,7291:600e:5b37:18f:4995:3b54:d367:5137,1
sdv-id-uyUslc,ACC_107,ENT_UK_008,1102.7733082423467,USD,2026-01-27 07:55:33,e0ee:e4cf:49f8:d50b:b7a2:aa55:52c9:198c,1
sdv-id-MqQAPJ,ACC_248,ENT_UK_006,10961.363914194184,USD,2026-03-02 16:12:49,b43:8b41:8cca:6248:15b1:1aae:7663:666a,1
sdv-id-hClihQ,ACC_160,ENT_UK_004,27324.487396352884,USD,2026-03-25 04:19:19,7b5f:d1ee:e1cf:d45f:262f:4971:4cd4:463d,2
sdv-id-cKvPKp,ACC_107,ENT_UK_012,14339.849848898752,USD,2026-01-16 05:28:41,dbdd:ad16:e593:a4c2:ec67:9ac5:323c:d25a,1
sdv-id-AzbBhR,ACC_107,ENT_UK_011,1723442.1228441456,USD,2026-01-02 03:13:00,70b0:601f:5147:e2fa:1a71:71b8:9229:6b9f,1
sdv-id-twOxuD,ACC_170,ENT_UK_012,173528.11334060648,USD,2026-03-27 11:06:53,f71e:891b:7407:58bf:cda7:89be:afeb:6619,2
sdv-id-fdAXMK,ACC_225,ENT_UK_007,185548.60305312928,USD,2026-02-11 03:54:00,a74:455d:b367:286a:6545:2b2d:85e8:8335,1
sdv-id-FuLbVs,ACC_186,ENT_UK_017,30947.17645183951,USD,2026-01-27 14:27:52,6a7c:32dc:6105:2342:de14:7f62:2efa:4b88,1
sdv-id-DGmLis,ACC_155,ENT_UK_010,140911.72981282385,USD,2026-03-17 00:58:08,f37:1c5f:d6f5:155d:31d7:fce7:7abb:1697,2
sdv-id-qrvZjj,ACC_107,ENT_UK_013,41085.57603162068,USD,2026-01-07 14:42:44,7fa1:ef1a:2458:bac2:d4df:4b62:37cb:bdd9,1
sdv-id-joaRgp,ACC_293,ENT_UK_010,67561.13896403337,USD,2026-03-11 11:02:42,708f:59a0:c401:20fa:352b:949e:1913:48a9,1
sdv-id-cHUSPz,ACC_243,ENT_UK_004,66550.86772089418,USD,2026-01-28 00:37:22,6129:60b3:e67d:7387:b3ad:c4e9:8ca3:4463,2
sdv-id-rdTBwM,ACC_171,ENT_UK_010,431221.1388214065,USD,2026-02-28 11:42:03,bf44:a60a:4497:889:e969:3680:3710:9372,1
sdv-id-TkHWOn,ACC_225,ENT_UK_016,954.3711228687522,USD,2026-02-19 07:47:24,a250:8717:365a:9461:5bf7:5b92:e7f5:868,1
sdv-id-JRovgH,ACC_273,ENT_UK_017,62939.02830494791,USD,2026-03-28 09:30:55,1ba4:5ff1:b7b8:7046:1b81:ddef:a3af:cce,1
sdv-id-mtNFWq,ACC_107,ENT_UK_014,74217.9697101879,USD,2026-01-22 08:24:47,d34:3c26:940d:fc93:b943:5a4b:b430:acc2,1
sdv-id-fCbdLY,ACC_123,ENT_UK_006,16169.683320185446,USD,2026-02-10 00:54:04,2ed4:9fa:c8f:2b0e:1d89:d901:d397:d517,1
sdv-id-TptOyg,ACC_176,ENT_UK_004,969.61676985146,USD,2026-03-06 02:22:11,99ad:1d40:3a57:5685:fab0:165c:e3e0:d285,1
sdv-id-aByNfR,ACC_176,ENT_UK_014,92961.41407475797,USD,2026-02-13 02:35:02,22d6:393b:19fc:c08f:46a6:123d:e101:c32d,1
sdv-id-zkeCcr,ACC_211,ENT_UK_018,1436.3512931976038,USD,2026-01-22 00:40:12,89f8:bb34:fd5b:5755:6d5f:90bb:c3b1:dd04,1
sdv-id-THqLLE,ACC_155,ENT_UK_013,800091.0937596462,USD,2026-03-16 09:22:06,f686:fdd9:ca1f:3f97:8039:c770:7f03:886f,2
sdv-id-rRCvUI,ACC_171,ENT_UK_008,226048.18972949,USD,2026-01-14 08:16:03,6265:2300:c65b:1cf3:9218:6fe9:f63e:3893,1
sdv-id-PxeIOS,ACC_284,ENT_UK_014,2583.0403096469568,USD,2026-03-29 15:47:04,cf13:dfa6:fbbb:34e:e516:ad87:a630:195a,1
sdv-id-AlmVnd,ACC_284,ENT_UK_007,947.2131669362858,USD,2026-02-13 07:37:17,6f9d:2ad5:d5a3:dbe8:ba83:e5f3:6dc:a4c5,1
sdv-id-okfySP,ACC_146,ENT_UK_013,12833.24105491299,USD,2026-01-15 22:41:39,be08:88e8:d0b6:8bfd:ea5b:ebd0:c6a1:7883,1
sdv-id-ktFVqD,ACC_155,ENT_UK_019,199973.464286686,USD,2026-01-27 09:29:13,91fc:c7bc:c5ec:fe14:74f6:49ed:1029:c196,2
sdv-id-wIwCKR,ACC_107,ENT_UK_001,454361.8260348743,USD,2026-02-15 15:07:00,59b2:f73b:6520:4550:9fb9:784c:30d5:adea,1
sdv-id-RAOOMT,ACC_134,ENT_UK_019,5236.036279420319,USD,2026-01-29 01:43:22,ad8d:b8a0:1713:58da:9e24:af48:c295:1e9b,1
sdv-id-EHPunp,ACC_211,ENT_UK_019,37692.084407346345,USD,2026-03-02 09:54:17,f95c:528:766:d567:41b2:d24b:d53b:4404,1
sdv-id-wWJOOK,ACC_273,ENT_UK_008,442364.3714463283,USD,2026-03-30 21:14:50,a7cd:c8db:d340:415b:33dc:f9a8:5ef1:a828,1
sdv-id-PxfMdi,ACC_284,ENT_UK_012,63933.80132911157,USD,2026-01-13 14:52:52,c20:68bb:76ae:60b5:2258:6276:8bfe:325e,1
sdv-id-wWwGWM,ACC_171,ENT_UK_012,942.7349355222224,USD,2026-03-09 00:46:01,3a75:3d3a:46ed:6a46:8001:7916:caa3:3151,1
sdv-id-hXxrOv,ACC_176,ENT_UK_015,295212.41106729925,USD,2026-02-06 08:14:33,c42f:b912:2eae:8671:b42e:f668:c839:64ac,1
sdv-id-yfkjzv,ACC_211,ENT_UK_017,745409.0711534087,USD,2026-01-29 07:57:04,3bb7:222c:43e1:7153:d54f:966d:282b:1bc7,1
sdv-id-BVmTmI,ACC_176,ENT_UK_017,78324.4149023639,USD,2026-03-05 00:10:26,bfb4:7fc6:a698:9109:5a3f:3791:2ae7:a8eb,1
sdv-id-PabgtF,ACC_261,ENT_UK_015,544726.3479661868,USD,2026-03-26 21:38:03,874:f079:c390:db07:8cd8:8aae:7f20:adf0,1
sdv-id-qdNsAv,ACC_142,ENT_UK_016,668862.1630294053,USD,2026-03-31 22:26:21,3b5:b4e:414d:f031:1436:33c2:cbc5:e2ea,1
sdv-id-dhzccM,ACC_242,ENT_UK_011,1022.5748843243176,USD,2026-01-07 10:10:07,f8ec:acde:896f:fbb7:6c1d:2ffa:bfe1:7f37,1
sdv-id-HNTMlP,ACC_155,ENT_UK_007,1696.2729464040883,USD,2026-03-16 00:02:25,29f2:50f:38c3:8249:cfb7:d7e0:1726:f21f,1
sdv-id-oapfSM,ACC_142,ENT_UK_001,3266.828888294057,USD,2026-03-01 02:48:55,7650:b0f4:30cb:a6f0:4c1c:fb09:736d:e34b,1
sdv-id-wyThWr,ACC_176,ENT_UK_005,1307.5652553262628,USD,2026-01-31 11:16:48,68e:472b:564c:df2a:6479:324f:fc50:a39,1
sdv-id-TsWbQc,ACC_134,ENT_UK_010,34947.749780249214,USD,2026-01-23 12:28:44,4588:936d:c25b:b486:edd6:8896:c9d2:2820,1
sdv-id-kZYAaR,ACC_273,ENT_UK_013,30264.824140646087,USD,2026-03-07 16:00:07,30db:a0a4:2995:3991:adc6:6fd0:75f2:6f55,1
sdv-id-vBgnTX,ACC_249,ENT_UK_013,1585742.814797958,USD,2026-02-23 14:49:06,5b11:c67a:1ea9:570d:24ea:a3e1:ddba:5533,2
sdv-id-IzFGHD,ACC_176,ENT_UK_018,14770.363010500729,USD,2026-03-27 10:27:47,8f23:cd82:f052:4d13:7619:ec59:c345:81,1
sdv-id-OAQIlO,ACC_142,ENT_UK_013,169076.6688914511,USD,2026-02-19 19:26:54,fde9:cbea:d902:b1d9:3121:a8b6:1b53:b359,1
sdv-id-zBBDdZ,ACC_176,ENT_UK_012,14231.902151942191,USD,2026-01-01 20:26:54,cf03:3934:382f:2d5c:2dd:d36d:351c:d222,1
sdv-id-uCIVgY,ACC_273,ENT_UK_012,1110.1279070735293,USD,2026-03-01 17:04:35,4897:bb4e:3c03:b789:6d53:71d9:5bda:ba6d,1
sdv-id-dYRQwt,ACC_186,ENT_UK_004,425412.5653307478,USD,2026-03-12 14:02:24,808e:aff8:513a:61cc:573c:6e4:691e:1e,1
sdv-id-ASRqEN,ACC_176,ENT_UK_015,21794.961655750616,USD,2026-03-31 00:13:49,77c4:7827:d5d9:6b69:dc52:5658:8e6f:1cb4,1
sdv-id-UnKZSi,ACC_155,ENT_UK_003,629046.5824246947,USD,2026-01-31 05:25:26,48b8:95ed:8c97:6dd8:3a7a:54d:25ac:30a1,1
sdv-id-mxXUzL,ACC_196,ENT_UK_019,340556.5874875471,USD,2026-01-23 12:43:54,c1bb:5e02:a23b:72f8:a1d8:58b5:fc8c:261a,1
sdv-id-ObetWV,ACC_146,ENT_UK_005,332082.43064857443,USD,2026-03-18 10:47:23,32ed:885c:57e1:e038:aea9:4b3e:7ba7:65c5,1
sdv-id-afAsRk,ACC_211,ENT_UK_016,55029.04549564657,USD,2026-03-21 01:51:05,cca9:922d:b245:d5e:b194:367a:b45d:5418,1
sdv-id-DfLoZB,ACC_271,ENT_UK_017,51766.27189741691,USD,2026-02-14 20:41:58,aca0:40f4:ff4e:53b1:2266:3e8c:20e4:c52c,1
sdv-id-NHbwrr,ACC_107,ENT_UK_002,148198.6563373209,USD,2026-03-09 00:00:18,9584:c9d:c969:4543:4f1a:f1eb:2d3a:bf2f,1
sdv-id-tzfIRC,ACC_211,ENT_UK_005,1727.790315643607,USD,2026-01-30 05:28:02,c27d:cf1a:e22c:7144:1a9c:93ac:c110:b266,1
sdv-id-PUWtqQ,ACC_176,ENT_UK_008,10317.69320802204,USD,2026-03-07 15:03:41,18a8:50be:8453:8d10:e786:3e7:9933:5a9f,1
sdv-id-NWzrOU,ACC_176,ENT_UK_019,128471.12399426698,USD,2026-01-08 13:12:00,9ee5:3a0f:509d:5d74:175b:d01a:fdc2:1c83,1
sdv-id-hTKZHt,ACC_156,ENT_UK_011,28826.655050892175,USD,2026-02-04 21:51:13,e9d3:b630:c2b1:3b9a:a67f:6bb8:6336:9ae9,1
sdv-id-VzkpIi,ACC_264,ENT_UK_008,951.9947041306596,USD,2026-03-15 13:15:00,9664:1f6d:6117:126a:bff4:9dc0:6ab1:c3ff,1
sdv-id-RBdJPP,ACC_181,ENT_UK_011,225242.89696658167,USD,2026-03-23 15:26:47,7a61:aa7a:186:74a3:ea36:db39:c108:ad2a,1
sdv-id-uzTozk,ACC_107,ENT_UK_012,355047.9854284629,USD,2026-01-29 02:27:40,8c04:41d3:d6e0:9354:3fd0:a67e:7845:7959,1
sdv-id-nArsuw,ACC_253,ENT_UK_006,1096.1968050006428,USD,2026-02-17 11:07:46,cf56:6e6b:6453:7de4:36c9:ad6b:bbc0:7307,1
sdv-id-UCCKuF,ACC_171,ENT_UK_005,26151.388906472584,USD,2026-01-04 21:59:12,d4e0:7495:13e7:81cf:d514:db29:8712:c61d,1
sdv-id-GYObqW,ACC_264,ENT_UK_010,123201.4981553103,USD,2026-02-26 22:07:20,3c7f:725c:4c2:fa1e:e4d1:19ff:9cd:f3ab,1
sdv-id-liVbMP,ACC_142,ENT_UK_007,80044.74684314536,USD,2026-03-18 01:36:32,7836:bbf8:46dd:2341:982a:d70c:8d30:daf0,1
sdv-id-rBFTYd,ACC_271,ENT_UK_016,8147.119589517631,USD,2026-02-08 05:33:35,ffb4:2fa8:2cc6:f342:fa36:b104:cd07:bb59,1
sdv-id-DdgVmz,ACC_271,ENT_UK_007,2935.575265810264,USD,2026-03-04 12:17:18,4d38:d8d5:2d8e:6ba2:eb1a:6143:9b16:f6a9,1
sdv-id-PLVBqM,ACC_162,ENT_UK_013,96470.33481578996,USD,2026-01-25 19:39:27,20f9:20ef:5127:6cb2:e81e:e4df:5711:c5dc,1
sdv-id-iZttkG,ACC_293,ENT_UK_012,643396.87458756,USD,2026-02-01 03:21:15,cc5a:ea8d:8067:bbec:a3d:fe57:46af:a7e0,2
sdv-id-RWufaS,ACC_176,ENT_UK_005,2685.815394802668,USD,2026-01-21 14:28:51,d3c1:e31:c6c4:c3ed:e730:37bd:37a4:c819,1
sdv-id-dJQPcY,ACC_100,ENT_UK_005,173329.3899361147,USD,2026-02-14 05:23:58,ed4b:b7e5:9d34:18d0:d8d3:1a17:e4f7:13a5,1
sdv-id-mFXPSt,ACC_107,ENT_UK_014,43043.23619482498,USD,2026-01-06 11:37:32,3d5c:a967:30a:c9a2:659e:d93e:4149:aa66,1
sdv-id-iZtfyv,ACC_176,ENT_UK_018,780815.6604093077,USD,2026-01-22 23:35:03,fada:4aaf:a08e:6341:c166:209:1c24:a1bf,1
sdv-id-BMfdvR,ACC_142,ENT_UK_012,759022.5753379315,USD,2026-03-13 05:46:33,6330:dea:a92c:9131:b7cb:f628:dadf:930e,1
sdv-id-Mmxwva,ACC_176,ENT_UK_010,1052.807485623959,USD,2026-03-02 00:48:24,8a62:8133:b572:e442:f475:26b5:f9c0:1271,1
sdv-id-wiafdR,ACC_211,ENT_UK_008,821181.5441889991,USD,2026-01-18 12:08:44,d672:f484:8564:fe82:3fd9:88cb:1a98:74fe,1
sdv-id-klXrQK,ACC_176,ENT_UK_014,335083.1386474129,USD,2026-02-15 09:47:34,b075:d2c6:f1c5:a1a3:f0b7:aa10:694:ebe0,2
sdv-id-UYatgh,ACC_176,ENT_UK_014,2368.779614607505,USD,2026-02-22 18:29:22,8edf:97b3:61aa:61d4:9e24:fff6:120a:5418,1
sdv-id-VXOKow,ACC_273,ENT_UK_008,1325.487253662475,USD,2026-03-18 12:28:12,1c36:dc6e:4fd:8c78:360e:7d36:ab82:128f,1
sdv-id-ljgorC,ACC_181,ENT_UK_001,14260.48486378434,USD,2026-02-06 07:30:27,859b:f2f4:969d:54e7:78e1:ebb0:1b11:1c65,1
sdv-id-FhJlAV,ACC_107,ENT_UK_019,387562.4778927141,USD,2026-01-29 02:03:48,d962:b916:6f4a:8fce:ea22:ed40:5d1:526b,1
sdv-id-PdhLaz,ACC_155,ENT_UK_002,230509.31770958297,USD,2026-03-20 17:31:17,ba25:2c7c:7e2d:dd1f:91d5:df9e:631d:4074,1
sdv-id-iXrViE,ACC_242,ENT_UK_015,195762.51080094383,USD,2026-01-13 07:19:25,a2e9:739:70f1:435:1bb7:f86b:f4a:68d4,1
sdv-id-UxjdKq,ACC_142,ENT_UK_011,45887.31873370711,USD,2026-01-07 21:23:21,5935:46e0:9a55:9443:54e7:2ad9:9af1:fd4a,1
sdv-id-lxHdeY,ACC_176,ENT_UK_002,100956.89261822285,USD,2026-03-28 05:06:10,4b17:282e:2e80:ae2c:6263:95fa:f4a3:fee2,1
sdv-id-qkXtQI,ACC_146,ENT_UK_016,13937.46195228428,USD,2026-02-10 11:53:47,8236:d015:361a:acbe:4e6f:6c72:69a2:94c0,1
sdv-id-FdkPiX,ACC_134,ENT_UK_006,39786.618317729975,USD,2026-03-12 12:25:10,b6d6:26b9:7289:a04b:cf2b:387c:9615:7deb,1
sdv-id-MdrwAu,ACC_211,ENT_UK_017,749036.2051811476,USD,2026-01-13 01:03:46,9e67:9296:c5ab:cf8f:1a5c:f97f:a07a:d9cd,2
sdv-id-QmeQDL,ACC_176,ENT_UK_008,30623.295721398114,USD,2026-02-12 02:10:39,9188:eebb:414:1711:10d4:bf37:5ff2:316f,1
sdv-id-huHWyW,ACC_107,ENT_UK_011,66215.63006823968,USD,2026-02-04 23:52:29,d19a:468e:9294:76be:460d:2860:b6bf:93ff,1
sdv-id-OwaqHO,ACC_142,ENT_UK_012,361629.9881939953,USD,2026-01-01 10:41:45,7f8d:75ac:3d02:afcb:c465:7054:1977:b033,1
sdv-id-ByHnjX,ACC_176,ENT_UK_001,2722.125712124417,USD,2026-03-05 09:51:18,7fa9:7658:861e:32c1:3f95:853d:bbb5:68b8,1
sdv-id-nyrJmF,ACC_273,ENT_UK_011,308023.5877437634,USD,2026-02-13 22:50:02,5300:e480:4f03:fe80:3f54:924c:83c6:6fb5,1
sdv-id-WYzpXe,ACC_160,ENT_UK_011,28903.41879205633,USD,2026-03-30 07:43:36,c66b:9fef:f993:3381:aec9:ca73:a384:4c14,2
sdv-id-ZZOpEd,ACC_176,ENT_UK_011,976.7492957199612,USD,2026-01-13 19:57:45,d7a0:5142:9a10:ccc2:b1d2:b25b:d2ae:abf,1
sdv-id-peqpjr,ACC_243,ENT_UK_003,265292.42640332115,USD,2026-02-21 14:21:01,ca1d:e9b0:5ecc:cae1:3f7b:608b:1fba:4277,2
sdv-id-AIUptF,ACC_155,ENT_UK_014,2621.1131375915834,USD,2026-03-07 06:56:34,5065:7351:c6b2:6f56:924a:8961:385b:b0d8,1
sdv-id-bErAJt,ACC_155,ENT_UK_004,389703.1147682393,USD,2026-01-18 12:18:17,9a88:252e:577d:33c9:da12:59ba:f0df:d262,1
sdv-id-VZmlJh,ACC_142,ENT_UK_011,453510.1269142475,USD,2026-03-16 00:28:43,843e:4119:2e09:7205:96ff:ac59:bec5:c190,1
sdv-id-SNmGUm,ACC_171,ENT_UK_007,352210.7944119656,USD,2026-02-27 04:05:34,dbd7:ff30:4607:ba24:180d:b98f:3b59:9559,1
sdv-id-dHzuHI,ACC_176,ENT_UK_012,1351824.806336172,USD,2026-02-08 09:22:16,2bf0:50f7:618f:21ca:4346:6dbd:f1ac:8f00,2
sdv-id-MlKgDg,ACC_160,ENT_UK_008,1146536.0829717233,USD,2026-03-22 08:00:34,b20e:1212:e960:350:5d63:350b:b063:ca7b,2
sdv-id-GhNHjE,ACC_293,ENT_UK_019,177198.50426414973,USD,2026-01-19 02:34:07,23dd:784b:674e:d2ac:359f:dba0:34ce:e61e,1
sdv-id-UqtgaZ,ACC_273,ENT_UK_011,294512.4216999305,USD,2026-02-17 07:24:10,a2f9:89cd:18b0:bd7d:2ab0:9df4:73de:f05d,1
sdv-id-gzsPhG,ACC_107,ENT_UK_012,212563.81601566405,USD,2026-03-11 15:41:17,89f:daa5:2aca:e86:74d5:b406:655e:481a,1
sdv-id-CRfOcT,ACC_181,ENT_UK_002,3338.036750524746,USD,2026-03-01 18:39:40,2124:cd00:3795:ec40:21c7:a4f6:d934:4a95,1
sdv-id-QfAwQW,ACC_248,ENT_UK_007,44312.10177327604,USD,2026-03-30 21:50:15,3b7a:373f:5381:2d9:bfe6:3050:b98c:5197,1
sdv-id-tZoTAm,ACC_225,ENT_UK_003,105239.60565447772,USD,2026-02-19 06:46:16,a472:d930:492d:d2af:d6d1:b70a:be7f:a806,2
sdv-id-PFFbEQ,ACC_107,ENT_UK_016,166062.04353032776,USD,2026-03-16 08:36:13,e8c4:89a7:2088:2dab:c66d:b9b1:cc39:8a91,1
sdv-id-mFdugs,ACC_242,ENT_UK_001,1031.8206300301,USD,2026-03-21 12:22:38,ab7b:d13b:7f:b9cb:7ef5:e15e:1787:83fc,1
sdv-id-SiYQlb,ACC_242,ENT_UK_003,71150.07896095171,USD,2026-02-28 15:20:24,b49:dfaa:e09d:665c:d9c7:807c:f3ea:300d,1
sdv-id-GuTdIA,ACC_248,ENT_UK_006,1055211.8651045742,USD,2026-03-04 22:51:32,4b5d:d83f:6650:4d2:e6e7:c6c0:31a4:2f9,1
sdv-id-yRaQjN,ACC_134,ENT_UK_007,41920.754150220186,USD,2026-01-19 01:02:16,11f5:2075:731f:f9c3:d765:86cf:8fc2:83a6,1
sdv-id-kgCwnP,ACC_186,ENT_UK_014,8883.858024117788,USD,2026-03-11 05:24:01,5d08:993e:8482:2997:b54a:5689:7a5:38b3,1
sdv-id-QbvRSu,ACC_155,ENT_UK_011,80787.62371044667,USD,2026-03-24 03:33:36,c850:4258:911a:a5f9:570b:5758:da50:610d,1
sdv-id-DTEIRW,ACC_273,ENT_UK_004,230231.81066338165,USD,2026-01-03 03:53:05,e5b8:330:2455:fa44:8818:b165:6ca4:8726,1
sdv-id-LazyQG,ACC_211,ENT_UK_006,88915.40827508214,USD,2026-03-25 21:17:59,c71a:7960:500c:1e90:3799:1c29:b4d4:9c78,1
sdv-id-YISDkS,ACC_142,ENT_UK_002,1004162.2182178363,USD,2026-03-26 18:36:42,6440:6b73:8729:7f11:9a29:7494:2240:858d,2
sdv-id-taIjua,ACC_211,ENT_UK_005,146519.8927650377,USD,2026-01-23 23:56:22,c78a:bd01:7e30:eaac:a7f0:cd02:7e62:dfb7,1
sdv-id-tDMhhY,ACC_100,ENT_UK_015,533319.0128696847,USD,2026-03-30 18:14:25,ff75:fbdb:8612:3506:fa60:e201:e19a:7491,1
sdv-id-tUYAoP,ACC_284,ENT_UK_019,274480.7599634904,USD,2026-03-01 15:16:53,3624:e210:8d:843:1088:833a:4990:3075,1
sdv-id-IXnWMc,ACC_273,ENT_UK_006,54674.74752094878,USD,2026-01-01 12:35:35,594:691b:89fa:a55b:c592:fc5b:7893:6208,1
sdv-id-HSDVmx,ACC_186,ENT_UK_011,118874.81762700496,USD,2026-03-21 11:59:01,9c96:606c:a489:f286:e3cf:79fb:b5fd:955f,1
sdv-id-xZBgZU,ACC_107,ENT_UK_005,215132.78880258795,USD,2026-01-06 07:37:23,11d4:ca48:4b34:f460:3f8b:3bb7:6571:c67a,1
sdv-id-FJXEkO,ACC_142,ENT_UK_015,893058.1789495668,USD,2026-01-23 21:04:12,35d3:cf3f:8dbe:c9a4:cce4:d3f2:7e79:6ed3,1
sdv-id-FjcfdH,ACC_196,ENT_UK_010,696548.9313234533,USD,2026-02-14 10:35:34,cebc:b30f:4bab:8118:3b7e:93d8:820b:8ed2,1
sdv-id-oOjUxD,ACC_142,ENT_UK_001,4869.286131632497,USD,2026-01-04 11:45:19,6d8d:4bc3:f989:6c0c:b234:5d3a:9a00:1b07,1
sdv-id-dRhbXn,ACC_107,ENT_UK_007,88180.01715418822,USD,2026-03-11 18:18:38,ac9d:b5a2:37a:2ce6:866c:ff1c:fbae:8a0b,1
sdv-id-WlCThh,ACC_164,ENT_UK_001,131282.7988047322,USD,2026-02-22 20:13:35,4d16:9b7f:47ae:e103:5fbf:cf88:3a93:2c8e,1
sdv-id-enBqeW,ACC_142,ENT_UK_013,281074.4581166692,USD,2026-02-25 09:20:31,25b:e803:5daf:d4e6:2c96:9b80:10ec:7b48,1
sdv-id-psZIKs,ACC_123,ENT_UK_005,94298.04984687224,USD,2026-02-08 11:53:36,14a8:8fb8:557f:b740:a6ef:6ed7:6991:87e4,1
sdv-id-qgLeoi,ACC_176,ENT_UK_003,6768.525203901092,USD,2026-02-01 06:25:33,cb13:f46e:7d7d:421a:c3c2:caea:f995:be71,1
sdv-id-VPSuwQ,ACC_176,ENT_UK_002,248526.40953056136,USD,2026-01-17 17:31:11,ca2:ba2b:d2ab:c79e:110c:2a14:f626:104e,1
sdv-id-RiQwGI,ACC_176,ENT_UK_015,1780.0890216522882,USD,2026-01-20 19:08:43,5ff5:b24b:89b3:6460:4e09:b7cb:296:5816,1
sdv-id-YKfCpB,ACC_176,ENT_UK_002,978.7482660463406,USD,2026-03-24 00:50:33,b8d:4e7b:da0b:53cd:2fa2:7d4f:824c:7364,1
sdv-id-ZgMJqa,ACC_225,ENT_UK_007,1349645.6889070903,USD,2026-02-08 09:46:34,79bc:1df:5727:ae41:33e8:18af:278c:6eed,1
sdv-id-nIyNrC,ACC_176,ENT_UK_015,68576.34538851432,USD,2026-03-17 03:47:18,9685:6c20:b392:7813:d6f7:5868:89b8:d3a4,1
sdv-id-RtQUUl,ACC_170,ENT_UK_014,1222.4550571784223,USD,2026-01-15 03:31:53,15af:715e:128d:6d02:8f0d:9c88:b78a:491e,1
sdv-id-wSVOgb,ACC_123,ENT_UK_009,2837.567786512368,USD,2026-02-16 00:40:33,104b:3bc8:4004:9471:135:af76:554a:5735,1
sdv-id-NZsMfI,ACC_273,ENT_UK_005,46979.6586439452,USD,2026-01-30 16:31:52,dc25:a920:3613:89fb:8148:5056:5d75:c5c6,1
sdv-id-uVCTMs,ACC_271,ENT_UK_014,1157218.2903135384,USD,2026-03-14 18:46:41,85a0:5e2f:bdd2:bd7:ae74:8348:a750:ac86,1
sdv-id-vqoFgp,ACC_234,ENT_UK_014,12513.01216991086,USD,2026-03-19 09:17:14,d5dd:c677:8a74:8331:dc72:a47:73fc:a6c1,1
sdv-id-NHFbSb,ACC_142,ENT_UK_013,1425.987079769926,USD,2026-04-01 14:19:22,d6d4:47af:1bbc:6fbc:1ab7:295f:fee7:f88d,1
sdv-id-uDYtfZ,ACC_142,ENT_UK_008,227436.5148670543,USD,2026-01-07 02:46:30,eb1e:cf5e:196d:9585:8696:d358:15dd:d54c,2
sdv-id-DbvLpi,ACC_186,ENT_UK_011,173045.43969447783,USD,2026-03-15 02:30:03,6d2d:1e:afe6:6c88:2dc2:caf0:2f1f:2c03,1
sdv-id-ezyMcA,ACC_146,ENT_UK_008,185335.192572568,USD,2026-03-11 04:17:47,e836:5392:17d4:acb4:2b5c:a24e:593e:bc76,2
sdv-id-izFlPY,ACC_142,ENT_UK_014,5550.7607289020625,USD,2026-03-28 03:14:17,4258:e7f8:2ae7:4917:53c3:3695:3147:3ae7,1
sdv-id-tZdFlS,ACC_107,ENT_UK_012,3637.833240650165,USD,2026-02-13 11:06:23,e6c9:47e7:30df:8e75:2ec1:e1c5:fca0:a053,1
sdv-id-nFnbch,ACC_142,ENT_UK_013,935.2409554661692,USD,2026-03-16 13:55:25,26a9:c256:92b8:1175:3de1:387:c360:f09e,1
sdv-id-hYhMIK,ACC_271,ENT_UK_003,2753.8517720362024,USD,2026-03-12 16:39:53,718b:4d71:6116:679a:de8a:eeaa:89ac:da3f,1
sdv-id-CfIMXU,ACC_196,ENT_UK_018,97793.50651038584,USD,2026-02-25 10:47:02,233c:dc4e:afc2:71f4:7c1:8ca0:bd11:21a9,1
sdv-id-xJtPwa,ACC_134,ENT_UK_004,1517.845071903711,USD,2026-01-11 12:40:34,4b65:777:c52a:4e2b:c701:fad8:eacb:b05d,1
sdv-id-JGIMrR,ACC_262,ENT_UK_001,67602.68819722497,USD,2026-01-30 14:09:21,e500:2c2e:49e1:6d8e:fc23:39e1:b044:e3d5,1
sdv-id-JnUAxD,ACC_176,ENT_UK_013,357053.7837960456,USD,2026-03-23 22:27:40,c4ae:dc56:a890:f96d:62dd:b46f:8cb5:8b0f,1
sdv-id-GBJXXG,ACC_261,ENT_UK_010,978886.6520961538,USD,2026-02-28 22:55:15,dc97:4bec:2314:7aad:b391:96d3:e28b:a8a7,1
sdv-id-TLaNXT,ACC_211,ENT_UK_006,297637.8091417682,USD,2026-02-09 22:32:51,2e81:e589:a639:6264:8895:16ab:fb1c:8707,1
sdv-id-rIvDcE,ACC_181,ENT_UK_001,10802.606860766888,USD,2026-01-11 12:07:59,71b2:6cbf:921c:499f:e469:e5c4:a0d4:2f2b,1
sdv-id-qyxZNg,ACC_142,ENT_UK_001,52994.56432502459,USD,2026-01-05 08:24:50,e23b:d99b:c405:4612:9d08:dfe7:1959:7fce,1
sdv-id-HllWgt,ACC_134,ENT_UK_015,18749.160697052324,USD,2026-01-03 21:33:43,bf87:d9f8:7ade:b705:fd57:119c:7679:407b,1
sdv-id-oxCKEM,ACC_273,ENT_UK_016,735860.8015394455,USD,2026-03-05 08:17:59,c779:ab12:bd83:bd83:af5e:990d:3ec4:c50e,1
sdv-id-dMQxah,ACC_198,ENT_UK_010,476450.9948600331,USD,2026-01-06 05:44:14,61bc:2e4c:3366:5c06:6225:7d3d:9011:6602,1
sdv-id-ZEscAe,ACC_225,ENT_UK_010,715739.2379775282,USD,2026-02-10 03:48:29,d056:249e:6190:954c:8368:8c74:2a:603e,1
sdv-id-FZNEJk,ACC_107,ENT_UK_011,160314.7623226069,USD,2026-03-03 04:48:47,baa0:3aeb:21cf:2494:4ca7:8b54:f0ef:1d3e,1
sdv-id-eUtksp,ACC_134,ENT_UK_011,84019.64600337154,USD,2026-01-23 09:49:22,6010:a2c6:8b64:d8b1:6485:12ab:6be6:2b97,1
sdv-id-frrgfm,ACC_176,ENT_UK_009,188783.48344981996,USD,2026-03-14 18:05:37,aa40:9ebf:e042:3e79:1cc6:b43f:edfb:b09d,1
sdv-id-OoKxGt,ACC_176,ENT_UK_010,67470.22968978916,USD,2026-03-19 12:06:27,8f7a:817b:6e4d:322f:9cfc:d0c1:84a9:33e4,1
sdv-id-SYBYmT,ACC_171,ENT_UK_014,906369.140758066,USD,2026-02-09 21:17:41,5de7:64d0:3922:c542:f5b4:7385:9fe0:d392,2
sdv-id-yvwjYP,ACC_211,ENT_UK_017,28485.654683330817,USD,2026-01-24 19:40:19,689a:6b41:e637:b70f:b7a4:a438:f28a:9aca,1
sdv-id-mLDCbA,ACC_146,ENT_UK_001,86178.37137561549,USD,2026-03-28 15:03:43,dc07:817f:8f4a:d565:7b8e:b955:dc8:1644,1
sdv-id-wHZoYX,ACC_248,ENT_UK_018,30675.24247185731,USD,2026-03-13 05:24:10,9d1f:1775:e48b:641:f84b:de04:6630:8531,1
sdv-id-CFFnvl,ACC_176,ENT_UK_008,10210.93803760475,USD,2026-02-20 02:49:24,5bcb:5c77:93fa:7f97:1638:7bf:526d:4eed,1
sdv-id-aSFVmJ,ACC_176,ENT_UK_001,63265.76376578808,USD,2026-02-23 18:03:19,b79f:825b:85be:392d:8273:662d:5651:6636,1
sdv-id-pyTQOb,ACC_176,ENT_UK_012,5463.698052544303,USD,2026-01-07 01:02:14,c69a:4b48:ce0b:5846:24f:5c71:c8cc:8bfc,1
sdv-id-BDGSil,ACC_179,ENT_UK_003,1431.4224763048671,USD,2026-01-04 16:31:36,215f:bff1:f51b:2c1b:dd5a:78d6:16d5:6ef4,1
sdv-id-GpLtlA,ACC_176,ENT_UK_016,469308.6847644659,USD,2026-02-10 10:57:31,f6d8:da84:1e13:eeec:664e:5920:2106:2e8,1
sdv-id-QqidPM,ACC_293,ENT_UK_019,43540.88504501266,USD,2026-02-02 00:03:28,3fa:6f73:174f:f7a:46b5:3f0a:b83c:cc18,1
sdv-id-JFvwlA,ACC_142,ENT_UK_006,508542.33784179366,USD,2026-02-27 09:43:48,c954:c6b5:5c69:5f37:3aae:f9f2:8f95:3583,1
sdv-id-gEfTBc,ACC_284,ENT_UK_003,123315.33811607708,USD,2026-02-16 14:18:39,12bb:6e27:f3dd:e0f:223e:2150:3063:fa38,1
sdv-id-sWEcOB,ACC_211,ENT_UK_006,64340.85418336591,USD,2026-03-17 01:01:34,ec3:8838:4096:292b:6d14:62f7:b77f:dbf4,1
sdv-id-AbCtUZ,ACC_273,ENT_UK_016,327016.3316521506,USD,2026-03-26 13:58:25,2ccd:e24b:bc8:f715:bbcc:88b3:4779:683d,1
sdv-id-NrabqK,ACC_253,ENT_UK_016,49337.80861053183,USD,2026-03-17 03:06:40,8418:8772:1010:f382:2ee1:caa5:4b22:8e09,1
sdv-id-Ujznxz,ACC_242,ENT_UK_007,624675.1362559188,USD,2026-03-26 19:51:38,7723:8c41:531f:dbda:aca8:ff21:470e:bbb6,1
sdv-id-wcJRmW,ACC_186,ENT_UK_004,538782.6258146954,USD,2026-02-27 22:03:35,6290:a6ac:631f:7f6:35c2:1177:2766:c28c,1
sdv-id-YtZhgW,ACC_134,ENT_UK_012,258294.39711840407,USD,2026-01-28 21:38:40,789c:177e:8f4d:eafd:1e87:4a75:d4c:3c10,1
sdv-id-wBRrzg,ACC_170,ENT_UK_013,744979.9770532055,USD,2026-01-15 07:20:09,9666:87d0:ff3c:4668:1f49:797b:4d3a:20bd,2
sdv-id-xNVsBi,ACC_155,ENT_UK_015,132202.54763831155,USD,2026-03-19 14:58:25,711e:be55:3844:e6f0:b26c:7f32:aa45:b233,1
sdv-id-Jcfvsr,ACC_107,ENT_UK_011,292129.62615883833,USD,2026-02-22 08:33:06,1f4b:18f1:b021:f130:c513:beec:47f6:4e12,1
sdv-id-KJwTDa,ACC_299,ENT_UK_006,124447.75570112024,USD,2026-03-13 18:06:23,8cbe:2bb7:2982:ec8b:255d:ca5a:aa1a:94a9,1
sdv-id-rrIzwi,ACC_248,ENT_UK_014,12629.12759315222,USD,2026-02-21 23:54:14,95cf:1e81:e04e:e8e:3c70:3c74:6a4b:db33,1
sdv-id-ZUBncj,ACC_234,ENT_UK_014,1904.3393322660825,USD,2026-02-26 17:54:35,f239:d5ce:9909:e17d:69d0:8e6b:f6b8:1f43,1
sdv-id-xpvoLG,ACC_187,ENT_UK_018,1074.1417268730763,USD,2026-03-11 23:35:00,ac93:69fe:53ef:8316:4375:5f6f:304b:6c08,1
sdv-id-SbcoFC,ACC_247,ENT_UK_003,3725.474811264935,USD,2026-03-19 20:38:16,6832:4cd8:a29a:6485:3035:26af:c589:d4b,1
sdv-id-JzPrBP,ACC_211,ENT_UK_013,940.5057769286128,USD,2026-02-02 05:48:10,b939:4163:ff63:e162:28af:5fc7:6dee:9a55,1
sdv-id-ycIxno,ACC_142,ENT_UK_013,293254.10853873426,USD,2026-01-09 16:20:05,63f3:f4ce:b8ac:edb5:e:277:fd3b:669a,2
sdv-id-LJMpVb,ACC_181,ENT_UK_010,4190.940580189307,USD,2026-01-13 10:24:42,a233:80eb:6ffe:3bac:ecc7:a1bd:f868:3d34,1
sdv-id-rYkgBB,ACC_176,ENT_UK_002,5687.459391940526,USD,2026-03-05 05:15:13,6377:42e8:eca4:66be:5b02:bb7d:f66a:6356,1
sdv-id-eGlRvm,ACC_107,ENT_UK_010,129504.49939178128,USD,2026-01-24 11:51:06,96ff:61cd:f1b9:3e52:a23b:a917:ce2f:ecac,1
sdv-id-sbcezR,ACC_256,ENT_UK_002,237404.93688167373,USD,2026-01-25 18:14:15,35d5:6962:76f4:5ad3:d249:3dc3:4231:d6b0,1
sdv-id-oRkEbb,ACC_225,ENT_UK_004,9379.478568410965,USD,2026-02-13 22:31:42,80b8:74cd:1c47:ed2a:625e:7b17:48dd:bd84,1
sdv-id-uuoDoJ,ACC_162,ENT_UK_002,928.28667580353,USD,2026-03-16 13:15:06,afbc:630b:d7c8:27d5:3217:ab2a:1d59:fab,1
sdv-id-uklFtX,ACC_256,ENT_UK_014,64901.91941457718,USD,2026-02-23 14:21:27,43c9:26e5:594f:7abf:87a9:4e74:47a6:f8bd,1
sdv-id-CvgtyP,ACC_172,ENT_UK_007,240068.2646299133,USD,2026-03-20 01:57:03,7321:e34a:4443:ee4:512f:83a4:4324:56b6,1
sdv-id-DvEwpZ,ACC_107,ENT_UK_013,399705.6675744984,USD,2026-01-16 18:27:25,9ed8:8dfb:8614:bb7f:964e:9f29:b91c:151,1
sdv-id-RJTbqS,ACC_186,ENT_UK_012,224319.9320951347,USD,2026-02-03 07:18:29,7f1e:6097:3309:88ae:1678:8887:4c9:5dc9,1
sdv-id-qltouC,ACC_184,ENT_UK_014,412948.71746466187,USD,2026-01-26 22:12:44,b547:b8d:68b7:da24:13b3:81db:54e5:30fb,2
sdv-id-HQqKmj,ACC_273,ENT_UK_006,1502500.5832921225,USD,2026-03-09 03:17:23,3f21:f2bf:f200:6cd3:19d8:f6be:871d:9d6f,1
sdv-id-DGZnCQ,ACC_176,ENT_UK_006,16957.49132628699,USD,2026-01-06 18:07:39,9f:1abb:2c67:4444:1f1b:ec9d:250b:d477,1
sdv-id-IKAQIY,ACC_142,ENT_UK_014,9122.473025508889,USD,2026-02-08 16:01:15,500:7b4e:cd61:e56e:1cf3:1bbc:7787:4d51,1
sdv-id-eVsOvZ,ACC_189,ENT_UK_003,216251.98545867755,USD,2026-01-30 12:10:13,63c7:925a:a7a9:c685:c856:1cec:909d:fcda,1
sdv-id-HGhBKF,ACC_256,ENT_UK_011,113338.36882776476,USD,2026-03-15 01:05:41,67be:fba0:fef1:a624:c833:ebdb:d706:b852,1
sdv-id-trxiKS,ACC_176,ENT_UK_009,330908.9325381888,USD,2026-03-05 20:51:08,7dcb:1d35:1ea2:e355:fae3:942a:88ef:dff9,1
sdv-id-GtPxhR,ACC_176,ENT_UK_016,267350.24962286843,USD,2026-01-03 07:10:29,69cc:6bb7:5ef1:c670:504e:26ba:c31d:51,1
sdv-id-VwFFTw,ACC_142,ENT_UK_012,595768.1701196443,USD,2026-03-14 15:58:02,20d8:c17a:e3ff:6dec:65ee:ded7:e59b:28b,2
sdv-id-QpwXex,ACC_142,ENT_UK_005,165303.8744122172,USD,2026-03-19 07:05:38,88b1:2786:384e:5e0a:373c:85f:bf31:a38,1
sdv-id-SJBhyO,ACC_181,ENT_UK_009,112697.79115978618,USD,2026-01-26 15:50:05,fbef:e907:5c20:1e6d:f31:b049:5833:b70c,1
sdv-id-ataiwq,ACC_271,ENT_UK_004,2464.676145399118,USD,2026-02-12 00:18:39,6bba:7dc5:4f01:e247:4a3e:657e:1df2:d932,1
sdv-id-AZTnEJ,ACC_271,ENT_UK_007,5827.214102898446,USD,2026-03-28 00:37:04,c619:8fc3:8284:660c:a2a6:6cb9:8c85:df0c,1
sdv-id-lGqMcM,ACC_196,ENT_UK_016,400713.91911925306,USD,2026-03-14 16:56:51,9d1c:9419:85d4:7713:3acc:8d3e:cd5d:bb96,2
sdv-id-YKiGus,ACC_271,ENT_UK_003,5939.400945567963,USD,2026-03-31 07:07:30,c2a4:4cab:b0b2:9c0b:51b3:5850:46f2:c6bf,1
sdv-id-ZqxfVu,ACC_107,ENT_UK_004,544945.6897164542,USD,2026-02-09 19:48:03,e8f5:a058:72ef:e822:7d59:1e7e:e843:83b7,1
sdv-id-tdMXGG,ACC_176,ENT_UK_006,2498.430181161871,USD,2026-03-15 16:46:23,2112:aebf:96a2:3ff6:4cd7:8a06:3a67:11c3,1
sdv-id-hiMOpB,ACC_211,ENT_UK_015,61787.20984730493,USD,2026-03-13 23:47:36,6c77:665e:913f:9a92:b470:91f1:2249:d301,1
sdv-id-XVuRYj,ACC_293,ENT_UK_004,453905.0540039884,USD,2026-03-28 01:13:50,6a64:7844:bb54:10a0:3f15:d1e0:5e7b:fa7e,1
sdv-id-BJnUTz,ACC_176,ENT_UK_005,1914.3390334845317,USD,2026-01-23 10:56:44,5465:1535:3de8:a051:f6ac:d0c6:141f:8358,1
sdv-id-OEZNlk,ACC_100,ENT_UK_014,935.11868241228,USD,2026-02-25 02:00:33,7b07:f29a:7872:b854:633b:a7af:8d31:ff15,1
sdv-id-lTJeic,ACC_284,ENT_UK_016,1241.1590354924592,USD,2026-03-31 16:28:06,6487:9faa:b275:729c:3248:c9ec:9495:b8e8,1
sdv-id-MulEcx,ACC_271,ENT_UK_009,375995.7803949048,USD,2026-02-14 13:58:11,5224:6665:3c2:beac:df1b:6277:31ec:8b49,1
sdv-id-gEygBb,ACC_181,ENT_UK_015,338771.0172670511,USD,2026-01-16 11:59:46,1487:22b0:cc23:a4c0:e389:3c6d:282:47e8,1
sdv-id-BYOibk,ACC_221,ENT_UK_010,22183.351894703366,USD,2026-03-31 13:58:21,ccea:7135:a879:64e3:2bb7:f904:19e3:5e14,1
sdv-id-tiROfD,ACC_243,ENT_UK_010,15590.354508727503,USD,2026-03-31 20:34:11,fac0:164c:f087:33d:9ce4:38b4:99a2:58cd,1
sdv-id-OZUkUF,ACC_196,ENT_UK_006,13909.207080646722,USD,2026-02-01 00:43:29,f2ca:67bc:6604:7e99:cefe:77de:d46a:3365,1
sdv-id-TUxUYA,ACC_176,ENT_UK_014,1771.529384734344,USD,2026-02-19 19:56:58,9138:2bac:60ee:f605:4248:7268:4cfb:ca9b,1
sdv-id-dgVLDe,ACC_107,ENT_UK_013,3352080.900333695,USD,2026-03-30 05:27:37,4a2e:d85a:57ed:c593:770d:f646:f9f7:66c9,1
sdv-id-fkjcAa,ACC_187,ENT_UK_018,5009.248633756302,USD,2026-03-23 17:49:08,9471:71d5:28a5:8c7e:7580:4ef9:f34:cc14,1
sdv-id-tinrCM,ACC_273,ENT_UK_002,120885.27320353038,USD,2026-03-24 21:15:22,2697:1ebc:89c4:1c26:7745:37e5:ab2:b6da,2
sdv-id-NyOxZn,ACC_253,ENT_UK_012,50748.338990153774,USD,2026-01-30 01:50:03,66ad:2350:aa03:cffe:5e52:73df:7e8a:7a2e,1
sdv-id-GWwwXZ,ACC_123,ENT_UK_003,557356.4251280266,USD,2026-01-26 20:32:09,35d4:63f6:eb49:2f79:4b41:fce8:cc4b:27bc,1
sdv-id-wfRVXO,ACC_176,ENT_UK_005,467269.7951041025,USD,2026-02-14 17:37:09,31dc:35cc:ffb4:ec90:b3f5:d854:3066:94d4,1
sdv-id-ekUefN,ACC_176,ENT_UK_011,3977.608278850593,USD,2026-03-27 18:51:25,395e:8ee0:b591:bc98:475f:5c36:19d6:5c0c,1
sdv-id-rbZoKi,ACC_273,ENT_UK_015,1136435.2711978382,USD,2026-03-14 17:36:13,7b79:6576:e4a3:7397:b0b2:5d7a:b775:b107,2
sdv-id-FioVFk,ACC_142,ENT_UK_012,222883.51673235095,USD,2026-01-09 09:34:20,a945:8b24:c977:d9bd:4449:27ec:7af0:62f4,1
sdv-id-vQGqOv,ACC_273,ENT_UK_013,3206.405525197036,USD,2026-02-11 22:20:27,19b8:f2c5:8078:813:af90:eb76:5400:33b4,1
sdv-id-FgnJJt,ACC_242,ENT_UK_002,128969.7627446478,USD,2026-01-30 13:25:34,e742:e92b:80d2:888c:adad:7c5b:5500:ce6e,1
sdv-id-HUCtSA,ACC_181,ENT_UK_004,81222.95784621402,USD,2026-01-15 18:52:36,d8cc:8ad9:6d2c:7988:163:2b1a:251d:b456,1
sdv-id-RCirHR,ACC_146,ENT_UK_002,410127.88231205,USD,2026-02-28 16:40:51,9747:224e:513b:9549:2550:f232:130:b45c,1
sdv-id-UnzCsM,ACC_248,ENT_UK_003,218790.76638177983,USD,2026-03-03 05:14:13,c4b5:1085:ae3:5327:34a6:8728:8617:429b,1
sdv-id-PyzrBB,ACC_199,ENT_UK_018,670553.4765934673,USD,2026-02-25 06:39:04,765f:6fc5:3961:fdc3:30d0:29ec:3c42:a79c,1
sdv-id-skzZxD,ACC_176,ENT_UK_018,1552.0547647660474,USD,2026-03-14 07:25:09,6852:1d3:3da6:87a9:975a:bb42:b44a:21f4,1
sdv-id-YVwZiO,ACC_155,ENT_UK_015,69347.22510188646,USD,2026-02-26 22:17:14,f28c:c8bc:cffa:aa27:8d8f:690c:1f89:22d,1
sdv-id-OZSsxj,ACC_156,ENT_UK_013,82707.0626672718,USD,2026-03-01 11:08:12,6efd:3794:aedb:27b8:a751:7ea9:98cf:f13b,1
sdv-id-FFYfpx,ACC_273,ENT_UK_019,515709.2321163413,USD,2026-02-08 23:54:54,a54d:6954:db42:a2b7:b689:d6c:dbec:c77a,2
sdv-id-vMVlPW,ACC_176,ENT_UK_003,66313.28150155423,USD,2026-03-20 11:14:05,95dc:2ef4:5578:f8a5:e395:ea44:c293:5e9f,1
sdv-id-FlNXHZ,ACC_107,ENT_UK_008,8424.14040765524,USD,2026-04-01 09:48:13,c54e:c74b:d2e3:9bcf:3951:57db:ceab:8686,1
sdv-id-qmwMPb,ACC_186,ENT_UK_019,2885.7277580855493,USD,2026-02-16 01:55:41,229c:dcd8:ccab:54dc:9869:c487:f0ff:9f71,1
sdv-id-CYBlVl,ACC_134,ENT_UK_006,255986.11866186364,USD,2026-02-14 07:43:52,11e4:bb53:3013:1ee8:a10f:c3c4:916d:afe7,1
sdv-id-EVtnbH,ACC_107,ENT_UK_001,90927.5396233253,USD,2026-02-17 15:35:03,3d7c:efac:b003:48fe:8263:578:1131:33fb,1
sdv-id-Ujsrxe,ACC_242,ENT_UK_011,219406.46028648177,USD,2026-03-20 09:31:28,93d6:9d94:883a:d842:1ae6:1a21:2b9:c143,1
sdv-id-FuREsZ,ACC_107,ENT_UK_010,10000.529604168594,USD,2026-03-30 16:05:15,7621:167d:b9f6:d684:7e05:552:4ae6:537b,1
sdv-id-LHlmmh,ACC_176,ENT_UK_010,292582.1055266922,USD,2026-01-13 14:31:13,b166:b48d:7d36:9958:1f61:d484:552b:e96a,1
sdv-id-zzzEMg,ACC_264,ENT_UK_019,1063660.024135729,USD,2026-03-22 11:06:27,7b2a:b7af:ed94:c78:9932:f9d4:971c:53aa,1
sdv-id-kULFTb,ACC_211,ENT_UK_008,788622.8961848469,USD,2026-03-21 22:22:54,e0b:a5cc:48d:4195:e3e5:7679:5666:b433,2
sdv-id-DhLWDC,ACC_188,ENT_UK_003,61326.12802626288,USD,2026-03-24 00:24:40,74f:4075:981b:4d64:64e3:fbae:5619:a04,2
sdv-id-BlGzmA,ACC_142,ENT_UK_018,20613.96390484134,USD,2026-02-13 05:23:26,8b33:b7f9:2a19:7b5d:141d:a674:5a5d:cbe,1
sdv-id-mLbMms,ACC_176,ENT_UK_019,325866.0577530952,USD,2026-03-23 13:28:14,b6ee:6535:14a3:3e19:ea7f:6684:5b90:3850,1
sdv-id-xrCfIY,ACC_186,ENT_UK_004,2837.3536185354983,USD,2026-01-02 09:48:56,faca:6179:7c9b:a793:89f4:6425:f900:14ab,1
sdv-id-togXdM,ACC_186,ENT_UK_014,93826.86813742974,USD,2026-02-13 11:23:30,eedf:3a87:f6da:bba7:fcac:ee16:c70e:66ce,1
sdv-id-rTrQpM,ACC_256,ENT_UK_009,3410.057440612453,USD,2026-01-07 01:51:35,4acd:4b43:43f9:98ae:7726:388:916d:bf2b,1
sdv-id-HUaEQc,ACC_181,ENT_UK_018,1014286.7127696162,USD,2026-01-14 15:13:48,d009:b80b:dcac:bbe:9b44:7f95:d94a:8613,2
sdv-id-JvwsWS,ACC_171,ENT_UK_001,367181.83443939616,USD,2026-02-20 13:58:30,f0d5:e727:753d:aec:5c14:c1d2:9a58:bec8,2
sdv-id-SnGnSF,ACC_211,ENT_UK_019,1020.8755982541654,USD,2026-01-28 11:42:41,fac4:bdb7:e6b7:b2e1:eaaa:8830:8276:8f6c,1
sdv-id-zqDMUs,ACC_196,ENT_UK_007,1601.3905913235092,USD,2026-02-22 12:24:13,b9f6:674:2844:6c7c:bcb0:d7c8:2f0c:8a55,1
sdv-id-xiISQl,ACC_271,ENT_UK_013,242951.06544898447,USD,2026-03-08 07:57:56,9a39:1f6f:c78b:5e7a:1cb8:2748:f934:8f77,1
sdv-id-FixtDU,ACC_107,ENT_UK_003,802461.7875008545,USD,2026-02-12 23:10:00,5fd2:7807:f53d:e958:24cc:84ef:b85a:b84a,2
sdv-id-lHWLWl,ACC_155,ENT_UK_015,149388.20917320804,USD,2026-02-22 11:59:22,a84b:2df8:ac9f:47e4:9ffb:3fa7:a04a:2bbd,1
sdv-id-loCeUC,ACC_176,ENT_UK_015,2303.8148046923247,USD,2026-01-11 05:11:06,d436:5f45:b7d:98c5:cc24:94cd:1d0a:4000,1
sdv-id-DvwfaM,ACC_299,ENT_UK_002,1325185.280867353,USD,2026-01-30 16:04:18,a570:b42:4636:3ac0:3a07:76ca:f17b:f2df,1
sdv-id-JYiRcK,ACC_142,ENT_UK_015,2991.895917579185,USD,2026-03-26 04:26:54,943:3404:255a:c180:7777:ab10:c2ff:a512,1
sdv-id-fvujDN,ACC_176,ENT_UK_017,4648.265550884601,USD,2026-02-19 12:28:27,b8c4:a419:2cb9:4692:7656:ca7a:8750:5825,1
sdv-id-rZrIbs,ACC_171,ENT_UK_011,154383.79271842734,USD,2026-03-06 16:07:30,6c9f:8109:aad1:b00f:df1f:acf9:4964:a410,1
sdv-id-DmZODC,ACC_176,ENT_UK_019,12275.437880284717,USD,2026-01-19 09:17:29,60bd:3fb9:5498:9722:a9c3:991d:be8:7361,1
sdv-id-FohxCx,ACC_170,ENT_UK_003,1462960.6128195766,USD,2026-01-20 08:06:49,e6b5:6598:da89:fb0a:7330:2b9b:d188:7626,1
sdv-id-fAuWHE,ACC_211,ENT_UK_001,1004629.7096580078,USD,2026-02-08 23:57:48,260c:a4e4:1acf:7e38:fccf:7bb:d33a:7e51,1
sdv-id-qJSJxy,ACC_164,ENT_UK_006,128184.0033808796,USD,2026-03-07 05:49:59,6ba3:bf7d:da16:6cc9:7c76:4953:9220:95e3,1
sdv-id-LGePWw,ACC_186,ENT_UK_002,76718.79073245767,USD,2026-02-23 13:39:30,f058:e248:56a1:4bbf:2254:86c4:8ee2:d7e1,1
sdv-id-cFRlkE,ACC_293,ENT_UK_003,177440.12998128965,USD,2026-01-21 21:31:44,e435:cc91:c40b:b36:3bfe:d266:770:7715,1
sdv-id-xiVSwp,ACC_156,ENT_UK_012,977.3632214591122,USD,2026-01-20 12:38:15,9c0:9917:4ca0:484e:5f9f:35bf:fe0f:4792,1
sdv-id-FRlQdX,ACC_299,ENT_UK_017,154383.2774246608,USD,2026-03-29 03:43:42,d96:1aac:fca8:441e:69de:1aa7:d4f3:e6da,1
sdv-id-CCXvYj,ACC_181,ENT_UK_016,6890.610501063749,USD,2026-01-12 01:38:35,e1c:9398:125a:72fa:8172:f112:49de:d464,1
sdv-id-eBarYV,ACC_171,ENT_UK_019,25269.169123810996,USD,2026-01-16 23:59:21,b26f:bac:b791:419a:bac8:d84c:467e:ddaf,1
sdv-id-NNwYbq,ACC_176,ENT_UK_014,357345.72619314975,USD,2026-03-28 05:37:20,87c6:6a7:b304:8851:6c50:1394:b032:cb,1
sdv-id-GdwRnv,ACC_142,ENT_UK_005,8130.56635325246,USD,2026-03-01 04:03:02,1228:375f:be42:81e2:a54c:a3fd:3e4c:e486,1
sdv-id-TzXHPP,ACC_160,ENT_UK_009,1580.7794074818148,USD,2026-02-12 04:24:42,527e:c305:e845:dc3:78c6:6e4f:17a9:5c7a,2
sdv-id-vJtPzT,ACC_234,ENT_UK_007,234706.7646672936,USD,2026-02-20 17:17:14,631a:c804:7b17:46ca:7ea8:c787:d8e6:e7e4,1
sdv-id-bbRdum,ACC_199,ENT_UK_017,178240.399024413,USD,2026-02-27 11:24:29,ff66:b815:8084:d126:a8c6:fa8c:f690:7ce7,1
sdv-id-cuLMWi,ACC_176,ENT_UK_005,936.0710551368172,USD,2026-01-10 16:31:03,e4b:f5fd:f936:5ff5:7902:8481:8bcd:2d91,1
sdv-id-jtcTyC,ACC_253,ENT_UK_002,13454.82661672188,USD,2026-01-29 16:42:13,4551:58d4:fe78:e903:dfb:11cd:e21:7209,1
sdv-id-tlFXFu,ACC_142,ENT_UK_004,2150.3489236971022,USD,2026-01-29 22:34:28,19a3:213c:3e0e:9c5f:bd35:9a67:b46d:8ffa,1
sdv-id-eCKcxy,ACC_271,ENT_UK_016,1455.7916116102026,USD,2026-03-27 23:06:14,7e83:92c3:b708:e779:54cb:32ea:3ff0:81d8,1
sdv-id-zKlWFw,ACC_171,ENT_UK_013,286746.8304373119,USD,2026-03-26 05:57:26,d19d:d875:4e14:2d8a:96ae:7a16:38a7:6193,1
sdv-id-fQIkzp,ACC_176,ENT_UK_007,1023.9096406856436,USD,2026-03-25 12:43:00,d220:4872:97e3:604a:a443:a4ed:2038:6489,1
sdv-id-QEsrSY,ACC_293,ENT_UK_017,222689.2736898403,USD,2026-02-01 02:40:23,b49:1b34:cdab:e9b4:163b:a26b:7b66:4dc7,1
sdv-id-ARliZg,ACC_155,ENT_UK_017,217178.55107791335,USD,2026-03-04 05:55:36,d57c:eecd:b395:8ca1:81d9:4c26:212c:812b,1
sdv-id-AiWTyI,ACC_146,ENT_UK_019,1752.4891789830444,USD,2026-01-14 02:10:26,f7c:4d9f:d7e3:1354:b3b6:bf5e:4df8:7632,1
sdv-id-iBkZfJ,ACC_176,ENT_UK_015,34193.03265874192,USD,2026-03-09 02:06:15,838a:3206:cc02:437b:9a64:c2c5:2460:22a8,1
sdv-id-EeWUGT,ACC_264,ENT_UK_018,120741.61291618596,USD,2026-03-31 20:16:15,73ad:28d5:9b7:2ef0:2499:3c00:5d7a:cbf7,1
sdv-id-HCzuiJ,ACC_107,ENT_UK_012,1262868.4086215629,USD,2026-03-18 14:21:42,276:9d3b:5e91:a889:8b6f:6a94:446c:9f63,2
sdv-id-kQIsXd,ACC_243,ENT_UK_016,22670.18662789084,USD,2026-01-10 15:00:55,97aa:5191:74d7:bf83:74e8:b9b8:e28a:3940,1
sdv-id-lpAhBN,ACC_107,ENT_UK_009,36906.94837275898,USD,2026-02-28 01:24:29,6a19:d41f:8ca6:cfbc:c30e:211b:934:c1b7,1
sdv-id-SLtnRS,ACC_186,ENT_UK_015,2910.235869183063,USD,2026-02-25 23:59:46,d9a7:94f4:45a:8318:c5ae:ac3d:2e72:b4f8,1
sdv-id-GToyVs,ACC_155,ENT_UK_005,276308.08059065003,USD,2026-01-05 03:14:49,a4de:bfc2:70f8:3e16:8e4c:e9c3:1819:c8f6,2
sdv-id-XmeNnR,ACC_155,ENT_UK_004,37126.63775660484,USD,2026-01-26 02:39:10,2894:13ff:9fdb:71d8:1908:3128:32f1:e6a3,1
sdv-id-KDzHbn,ACC_225,ENT_UK_013,57357.710919598154,USD,2026-03-02 07:19:35,cc6f:fc1a:cc90:2bf8:509e:d0dc:e20d:b551,1
sdv-id-spFNJm,ACC_248,ENT_UK_006,130213.93264102972,USD,2026-03-24 22:39:34,f5fa:762a:1eae:4bda:b50d:fe56:9a2b:a641,1
sdv-id-gUtrsC,ACC_273,ENT_UK_019,989.206365399708,USD,2026-03-31 15:17:28,a440:f840:8937:6cbe:9e52:4f67:cec0:13f2,1
sdv-id-xDpXPm,ACC_171,ENT_UK_010,1217422.9151180708,USD,2026-02-26 21:22:14,6e74:646e:3550:ceec:6b1f:8c23:fda9:5c4d,1
sdv-id-uSmkCc,ACC_142,ENT_UK_004,150060.48265799167,USD,2026-03-10 14:36:37,10d4:a491:bd02:faf2:9e17:53bb:6b0f:cf4,1
sdv-id-JPCPzO,ACC_256,ENT_UK_008,30176.667409028963,USD,2026-01-22 07:15:06,497d:ac98:5584:3177:971:90a8:a73b:2d72,1
sdv-id-EIjaQS,ACC_256,ENT_UK_014,10157.708824594358,USD,2026-02-02 04:25:13,9ceb:b0f5:d55e:ff0:8761:6606:6634:1c71,1
sdv-id-iSTefB,ACC_176,ENT_UK_017,173669.82084634967,USD,2026-02-22 17:28:41,92a2:f7bf:db04:9862:1ed3:acfa:1027:79eb,1
sdv-id-dNPhnN,ACC_262,ENT_UK_015,22151.305721538913,USD,2026-01-18 20:55:40,7b47:9c0:d34:a758:3320:5b4d:632b:d1ea,1
sdv-id-BFYfzb,ACC_176,ENT_UK_012,19874.04568729035,USD,2026-03-11 12:00:47,286e:ade6:c118:d182:43b5:1dd6:ed27:3e73,1
sdv-id-seqSIY,ACC_171,ENT_UK_005,24311.91317636296,USD,2026-04-01 10:36:37,15da:4c2f:8ec3:a2df:f41:cedf:3fa1:42c8,1
sdv-id-oSBlVC,ACC_134,ENT_UK_002,6335.597720110542,USD,2026-03-10 06:43:13,c982:181:9d78:1875:9e08:67dd:e055:d940,1
sdv-id-tVxmbV,ACC_293,ENT_UK_009,303143.0291046869,USD,2026-02-26 17:16:13,a4c:b00d:f136:2549:d67:c5b4:131b:3f46,1
sdv-id-eUsfhM,ACC_164,ENT_UK_015,72355.59037452776,USD,2026-01-04 00:12:03,f790:e5a1:9587:3b22:915:3f70:9ba1:64d5,1
sdv-id-uTzGTq,ACC_176,ENT_UK_002,335735.44568088104,USD,2026-03-20 10:15:39,e5d4:697f:a745:aaa4:5eee:ffc6:7b34:f09f,1
sdv-id-kJjipD,ACC_284,ENT_UK_018,1026.0527644386418,USD,2026-03-17 04:11:58,bede:4947:c4e1:aa56:1b2a:8678:58ad:653,1
sdv-id-ggrDey,ACC_198,ENT_UK_002,81553.42283273628,USD,2026-01-02 02:01:50,8770:b655:6cbd:7a75:f9b3:e96e:25c2:b6ea,1
sdv-id-IfwQhi,ACC_176,ENT_UK_011,960681.8640148496,USD,2026-03-31 22:03:37,6acd:602:6c20:58a8:46f9:74a:f92f:5843,1
sdv-id-tOuefO,ACC_156,ENT_UK_002,116447.2649513014,USD,2026-02-17 16:43:02,f1c:46c8:553e:d681:1686:9da5:da4e:b3a2,1
sdv-id-jVfanB,ACC_171,ENT_UK_005,140075.35194916878,USD,2026-02-01 06:57:12,6561:aa0e:2ec2:c180:1002:f3ef:a0c1:7583,1
sdv-id-CGWJsJ,ACC_142,ENT_UK_009,1018326.0984258682,USD,2026-01-17 12:55:31,7d1a:c9b:994e:2a92:42a0:c02d:b1c4:6103,2
sdv-id-jJZPEw,ACC_211,ENT_UK_010,945.3439872852944,USD,2026-01-30 21:05:53,fc4a:f874:89ab:4b29:4651:5246:a731:2589,1
sdv-id-JcLYiN,ACC_142,ENT_UK_001,96577.86169116588,USD,2026-01-11 23:20:53,dae9:6442:d811:35dc:4ad8:9a5b:31b9:5117,1
sdv-id-DnFHrd,ACC_176,ENT_UK_002,56224.34160885191,USD,2026-01-03 13:08:05,570b:5665:70b:b9ac:9019:3535:b523:e067,1
sdv-id-VczXFP,ACC_142,ENT_UK_018,3173.700458034735,USD,2026-02-12 12:55:40,729c:7acd:a507:1e9:d5d2:87a7:2b9c:e208,1
sdv-id-OptJzu,ACC_264,ENT_UK_001,76808.25551718399,USD,2026-01-16 05:46:50,7aa7:745a:f075:3edd:9cd9:4a06:8927:a42c,1
sdv-id-xDUrWo,ACC_211,ENT_UK_014,605053.1919697286,USD,2026-02-16 04:06:14,3a80:3089:5c90:f2f7:2ead:1f54:faaa:3939,1
sdv-id-aBGLsY,ACC_247,ENT_UK_008,1047.566026879075,USD,2026-03-24 05:11:01,a330:9956:c85:41df:2673:126:cccb:86ca,1
sdv-id-XDyHhR,ACC_134,ENT_UK_002,1084573.6499579593,USD,2026-03-13 05:50:02,deff:8fb0:226b:5e41:a5b5:2ebe:3e6a:6bd9,1
sdv-id-HnOkoA,ACC_107,ENT_UK_013,31944.29677384247,USD,2026-03-15 18:49:17,5315:fdcd:5272:5cf1:fed9:73b1:bab6:bf8f,1
sdv-id-bgNvli,ACC_107,ENT_UK_005,366618.01488338766,USD,2026-03-13 19:36:24,11af:c5a5:63f1:9a68:ac9d:c744:3e9:a441,1
sdv-id-lhrXZk,ACC_176,ENT_UK_019,890849.5045125363,USD,2026-03-27 01:35:49,a219:cfa1:79d1:4ec9:1f8f:69eb:45af:4cc7,2
sdv-id-SteTVS,ACC_134,ENT_UK_017,272655.15303394373,USD,2026-02-15 02:32:41,4c79:6ac8:3c64:555f:38b0:dba6:66ee:e72d,1
sdv-id-DngNeR,ACC_155,ENT_UK_001,274311.92206978594,USD,2026-03-19 07:31:15,e305:2923:90c5:3471:5521:2c13:7408:1188,1
sdv-id-ZKJJUe,ACC_142,ENT_UK_012,15349.439364786213,USD,2026-01-06 04:04:04,afad:9bf:7278:e704:a2e7:c970:e794:9201,1
sdv-id-csnHQk,ACC_196,ENT_UK_001,1922.3549248635088,USD,2026-03-07 14:43:46,e15d:1dbb:36a7:6652:cb32:9d5b:bee:30b4,1
sdv-id-PWAWGd,ACC_176,ENT_UK_001,690065.2277974577,USD,2026-03-22 07:39:55,f47:c17c:3177:2731:5f5f:aff4:f9e2:db2b,1
sdv-id-txSHHZ,ACC_279,ENT_UK_002,513205.023329388,USD,2026-02-27 10:00:21,1564:e520:71e0:2cfb:ecc2:9376:59a9:c8ea,2
sdv-id-Zrglvi,ACC_164,ENT_UK_008,93682.3126730056,USD,2026-04-01 19:36:23,dc48:e5c3:1b1:3178:5001:2682:6017:f51f,1
sdv-id-xEXrnz,ACC_142,ENT_UK_014,1255.8091351185028,USD,2026-01-01 02:58:17,d2f6:9e32:8ca:c890:705e:6036:4093:b0e3,1
sdv-id-mSolwy,ACC_248,ENT_UK_001,928.0541960712418,USD,2026-03-20 15:21:18,7bd2:f7:46a8:a7a4:863e:7bd3:f961:f13d,1
sdv-id-ZoDqYQ,ACC_264,ENT_UK_010,79356.1031429253,USD,2026-02-01 12:27:21,2207:6cea:9b70:8d2b:11ec:ad11:6942:c82,1
sdv-id-kIXjqN,ACC_293,ENT_UK_005,52873.19532569807,USD,2026-02-11 05:28:53,3f87:3aed:4bf:6f72:2025:7677:ca1a:a2c2,1
sdv-id-dzbwoH,ACC_279,ENT_UK_010,229696.90517793465,USD,2026-03-11 12:02:40,60b:24ce:2ebf:9603:7b74:f1d9:1f38:1abc,2
sdv-id-sfcoSY,ACC_211,ENT_UK_018,81260.1585771929,USD,2026-04-01 06:51:41,f3e7:972a:e0e8:d5b3:f44c:14d8:88c0:467f,1
sdv-id-FUZGZZ,ACC_171,ENT_UK_001,722129.0857481196,USD,2026-02-23 13:53:23,ddef:4ff0:3790:fd2f:6756:88ce:f978:95f8,1
sdv-id-JbNaSX,ACC_176,ENT_UK_018,188119.75549777067,USD,2026-02-04 23:14:27,35c7:3457:6a5:60cf:4f54:90f6:a2fb:3b56,1
sdv-id-uLlrDA,ACC_176,ENT_UK_004,52990.123108830536,USD,2026-03-23 11:36:17,7d59:5bf:3c95:e316:9d75:6d5f:346c:9d81,1
sdv-id-ybmHHe,ACC_176,ENT_UK_007,1059.226244853642,USD,2026-03-24 23:54:58,72a8:a05d:7761:3a28:62b0:7068:2c7f:ce0f,1
sdv-id-SFdRlT,ACC_271,ENT_UK_002,26830.18790515145,USD,2026-01-07 20:14:20,68e1:1adb:24b6:b83d:e01:714e:692c:b688,1
sdv-id-prFuOJ,ACC_211,ENT_UK_013,1117.9511722526688,USD,2026-01-17 05:54:21,79e2:cd17:e9d3:1cee:dcf0:664b:bdaa:82fb,1
sdv-id-SUbjHn,ACC_186,ENT_UK_011,31077.40709219415,USD,2026-02-04 13:25:16,9cfe:e982:1d67:3465:b5a1:5d5a:baea:3fc4,1
sdv-id-wBTkkG,ACC_146,ENT_UK_001,9183.109053331073,USD,2026-01-30 05:02:49,b492:5544:c80:858d:eea5:606c:ccce:c531,1
sdv-id-dTTsvx,ACC_248,ENT_UK_011,232731.4510111027,USD,2026-02-09 14:36:06,cebe:2720:e9bb:2f47:3737:1176:b5f8:2a32,1
sdv-id-nFEKzI,ACC_242,ENT_UK_001,889434.2294054811,USD,2026-02-13 12:56:11,5746:5d8d:60dd:1331:b091:ff59:76e:7ce4,2
sdv-id-ujLgYQ,ACC_176,ENT_UK_014,1132056.4815358538,USD,2026-02-23 13:49:19,7051:587e:e9b4:2f56:8abf:93fe:b2fc:de71,1
sdv-id-LNGHCi,ACC_171,ENT_UK_010,13029.471424371564,USD,2026-03-17 05:07:32,3483:efa:2939:9455:2052:8bf1:365e:6039,1
sdv-id-MOZyNl,ACC_242,ENT_UK_018,48018.04248438522,USD,2026-01-18 12:33:26,ea87:9c60:9f5b:fc26:cba1:716d:54c:ef3b,1
sdv-id-idEgfO,ACC_155,ENT_UK_002,318951.7215942689,USD,2026-01-26 02:30:10,f50:1e8:b3c4:5d93:1f60:52d9:8f40:6556,1
sdv-id-slzTwN,ACC_142,ENT_UK_012,487273.7865703686,USD,2026-03-02 14:52:10,aa8a:fa51:e344:8a09:562b:2411:e0fd:cdf,2
sdv-id-KUnMkj,ACC_242,ENT_UK_018,932.0345832406448,USD,2026-03-03 07:24:09,82c9:14a5:9f1b:82b3:5cd0:1669:a912:e585,1
sdv-id-wMIFfa,ACC_273,ENT_UK_012,663384.5901798138,USD,2026-03-14 09:56:12,9c9c:a29:e542:b0f7:1ddd:ada6:7c6d:7107,1
sdv-id-CaBBOe,ACC_225,ENT_UK_014,560565.9501744419,USD,2026-02-16 21:19:41,d1ab:5c14:660c:6e36:5b42:6ba7:140a:3d51,1
sdv-id-XIwzcw,ACC_294,ENT_UK_011,1174830.3322994893,USD,2026-03-30 15:41:34,94a5:772f:2402:b7d8:9d3c:a004:8b76:a50,2
sdv-id-rhgvCD,ACC_299,ENT_UK_019,110576.35437345554,USD,2026-03-30 10:32:07,ee39:6bf6:4ce6:439d:34c1:dd1a:4678:2c3f,1
sdv-id-lWHoHu,ACC_142,ENT_UK_007,2863.618280953957,USD,2026-03-19 14:13:30,1309:a885:5c9b:4d66:e752:4d75:4bf2:e742,1
sdv-id-fJPyxK,ACC_176,ENT_UK_011,7183.416450848457,USD,2026-03-18 10:21:17,6989:324f:f0a3:5bfd:5bbc:5f5f:de6d:a00a,1
sdv-id-yUELwe,ACC_187,ENT_UK_002,117738.02076158652,USD,2026-02-24 00:02:15,754c:4625:5a30:e925:c6ba:be20:6b87:562f,1
sdv-id-TUltUS,ACC_155,ENT_UK_005,17404.920172743226,USD,2026-01-10 15:15:53,5057:4289:35d8:63f2:d56:5b5d:e8:48cf,1
sdv-id-KHBthD,ACC_146,ENT_UK_002,775127.6085952158,USD,2026-02-08 08:11:21,c88d:dbb4:a66a:e31f:2ce3:8feb:90b:2715,1
sdv-id-jCFYpT,ACC_107,ENT_UK_001,703789.3408120909,USD,2026-02-07 10:39:28,7030:fe52:967a:800b:ae4:b506:4968:30ff,2
sdv-id-GYYRyO,ACC_176,ENT_UK_001,1153.5501627528645,USD,2026-03-15 21:14:35,6c23:ba00:dbb5:50a2:be77:e97:9e32:e853,1
sdv-id-ToDPLp,ACC_107,ENT_UK_019,153981.64473587007,USD,2026-02-06 12:51:37,7454:3a46:519e:cf68:2929:eec4:eafd:71ed,1
sdv-id-vOygZb,ACC_211,ENT_UK_018,2082.6478124287964,USD,2026-01-03 23:31:49,7d6f:437a:625b:1ecc:e5b5:df6f:fb81:f028,1
sdv-id-gDReJv,ACC_189,ENT_UK_019,20574.73235163156,USD,2026-03-16 20:50:24,791e:996d:600d:3823:255e:baa0:4163:4556,1
sdv-id-gESqIk,ACC_221,ENT_UK_017,510948.1117971997,USD,2026-01-21 22:17:15,8070:920:6093:2d53:391d:6643:63ea:dfb0,2
sdv-id-lnUcEN,ACC_134,ENT_UK_009,518999.998514312,USD,2026-03-09 00:20:19,71f0:b07f:1329:b6ff:8ba3:4f2c:2533:b4c3,1
sdv-id-XXzOmx,ACC_176,ENT_UK_014,321344.1422695234,USD,2026-03-05 03:11:20,efa1:9a1c:60c0:eeb4:370e:fa8e:7ca4:4143,1
sdv-id-iXpOyg,ACC_181,ENT_UK_007,147717.10133460467,USD,2026-02-20 09:28:31,955b:ed18:bc23:723e:c6e7:9f4f:476c:94d1,1
sdv-id-LHBGPA,ACC_123,ENT_UK_015,260140.9846578625,USD,2026-01-05 06:34:18,7aac:d40d:f5a6:bd7a:e9b9:1777:67fc:9e1e,1
sdv-id-HRTFOL,ACC_264,ENT_UK_003,571368.4711212013,USD,2026-01-22 04:11:58,1494:f33f:3d18:9a44:6037:1701:7d50:a7c9,1
sdv-id-ZOxhAJ,ACC_248,ENT_UK_009,438316.0032696464,USD,2026-02-06 06:36:37,c830:66ed:5642:b6f9:ccf3:524c:3368:6867,2
sdv-id-ZfwotH,ACC_171,ENT_UK_008,188471.81082379527,USD,2026-03-24 01:50:15,bc9e:a624:3f91:febb:8c02:ee0:6f82:c9a8,1
sdv-id-gHGFNM,ACC_176,ENT_UK_014,936.5377159109536,USD,2026-03-26 10:59:36,4d26:bd:6a70:7f57:c889:1ed0:1c63:b742,1
sdv-id-ZnHqZX,ACC_176,ENT_UK_003,535159.9578038969,USD,2026-01-09 09:18:30,b59b:a0bd:3cf6:a84f:9bcb:d08f:6ab:b0a2,1
sdv-id-uybRqY,ACC_107,ENT_UK_017,22899.125357701952,USD,2026-02-19 11:00:11,71f6:56c7:89cd:629f:74e2:aa05:acba:791d,1
sdv-id-BauZRx,ACC_243,ENT_UK_010,1192.5068404374151,USD,2026-02-26 03:45:37,2c71:3150:b1d1:73f8:bfc3:e44b:12e6:9ad7,1
sdv-id-CosqPV,ACC_211,ENT_UK_016,236619.7604789024,USD,2026-01-28 01:47:12,511e:663e:fcb9:8998:483e:d0b8:a4b7:d615,1
sdv-id-qbngdZ,ACC_155,ENT_UK_007,755537.9330880338,USD,2026-01-12 02:15:23,fe1e:9f2:a027:8005:8566:b98:2443:bcdd,1
sdv-id-TxKPhe,ACC_211,ENT_UK_008,1275.1155955807142,USD,2026-03-25 14:58:29,260e:3634:8fa5:4ec1:33f5:c13b:da84:2d9c,1
sdv-id-RToDoq,ACC_211,ENT_UK_014,2351369.6116602616,USD,2026-01-22 11:09:19,a642:38bc:cddb:e5a6:71fd:ac4a:cdd3:21a7,1
sdv-id-gpmEki,ACC_273,ENT_UK_017,942.430732294368,USD,2026-03-20 05:19:47,e8e4:f41f:234a:61c9:4c1b:6162:bdd9:40e5,1
sdv-id-mGWfDt,ACC_256,ENT_UK_015,69404.20239682001,USD,2026-03-07 05:30:37,5542:9894:ba9a:f49b:17e8:e1bc:ccd8:ceb8,1
sdv-id-GUAIyk,ACC_107,ENT_UK_003,917564.5328112476,USD,2026-03-23 12:25:40,4e27:b0c6:eea:d264:77e1:6fd0:fb6b:91b5,1
sdv-id-lWDxeP,ACC_299,ENT_UK_017,29972.991329809225,USD,2026-02-20 20:03:42,53fb:cd63:fcc2:dc6f:4a22:e7ab:203b:c14d,1
sdv-id-lGNWeW,ACC_273,ENT_UK_011,916378.2685973186,USD,2026-01-06 11:25:51,1ff3:aa26:6035:78bc:9584:6157:a811:b9d6,1
sdv-id-qikvbP,ACC_142,ENT_UK_018,7530.588506656146,USD,2026-03-23 02:25:14,c23b:f383:24f1:35d3:9940:e5ad:e32b:72a6,1
sdv-id-yymEft,ACC_294,ENT_UK_001,1121283.2953317207,USD,2026-03-27 10:13:10,d97:adde:1208:c58c:95ab:20b9:2f16:a41e,2
sdv-id-daouTt,ACC_273,ENT_UK_009,811734.4428522113,USD,2026-03-31 00:18:58,dd2b:a592:aebc:b404:ce11:a210:f59c:e8c7,2
sdv-id-TmyqRD,ACC_142,ENT_UK_015,5842.9792462023215,USD,2026-03-03 09:51:33,d80:25dd:6272:7dad:2690:3b22:505e:b7c7,1
sdv-id-vhCWqy,ACC_299,ENT_UK_011,383378.5097542527,USD,2026-03-25 03:11:45,58ce:da94:3138:fcbf:9865:977a:f94d:3129,1
sdv-id-znvnYN,ACC_142,ENT_UK_005,300717.7190593719,USD,2026-04-01 13:31:29,a1f9:9344:790b:617b:114:9247:5afe:a63d,1
sdv-id-lWBykA,ACC_196,ENT_UK_013,42202.72727919341,USD,2026-02-04 10:41:04,45ab:3bea:9ec2:2de7:81e9:b46b:d91f:6717,1
sdv-id-ffBmxM,ACC_181,ENT_UK_013,1266.2948829732416,USD,2026-01-01 06:56:45,8356:6da2:ce85:4486:be89:ec4c:7779:f628,1
sdv-id-VtZbzX,ACC_142,ENT_UK_015,5537.525017512062,USD,2026-02-26 23:32:24,eff5:f350:2b56:c71c:b11b:dcdf:d1ca:6639,1
sdv-id-wIsGEP,ACC_142,ENT_UK_003,21384.252195087385,USD,2026-03-17 03:17:13,6e7b:a8c5:2c15:2124:1ae5:d606:55a5:d169,1
sdv-id-IhRQNY,ACC_248,ENT_UK_017,9649.564476055895,USD,2026-01-08 08:33:30,93a3:ca8:e40d:d5c2:ab7f:4d80:1b70:5c93,1
sdv-id-mAhTqG,ACC_299,ENT_UK_001,269933.277444937,USD,2026-01-12 20:17:02,1edb:78f1:5e46:a8e1:e42b:8a54:c423:8f5c,1
sdv-id-DbtPED,ACC_142,ENT_UK_002,219348.830254154,USD,2026-01-26 21:18:54,c21:67e0:2e50:d9d2:b3cf:4feb:9f24:9c37,1
sdv-id-yESVrN,ACC_155,ENT_UK_010,2945.437963789294,USD,2026-03-09 13:52:43,2f02:7870:555d:2dd4:489c:58d2:b538:e39,1
sdv-id-ZDbPCx,ACC_107,ENT_UK_018,9082.84141044112,USD,2026-03-23 05:43:26,7431:7826:7498:cbb6:fa43:5bea:106f:1ac3,1
sdv-id-aLPQwL,ACC_186,ENT_UK_011,50056.99268672136,USD,2026-01-31 08:13:16,dd2c:de0b:6a56:ea2e:fc56:11e8:5126:63b7,1
sdv-id-tZACKo,ACC_170,ENT_UK_015,297342.6657434821,USD,2026-01-15 13:21:16,6749:61ae:6651:6c1f:f3be:56d2:fd5f:e27,1
sdv-id-CveyCD,ACC_187,ENT_UK_016,77919.67040306795,USD,2026-04-01 17:09:28,bc19:ae3:ad08:d831:1a46:3389:17ef:8fcf,1
sdv-id-ZhcyXp,ACC_247,ENT_UK_018,14157.455015066653,USD,2026-02-06 08:49:15,b056:e97a:7ecb:4754:1c76:2a1d:3bca:e7d3,1
sdv-id-fxHFmr,ACC_196,ENT_UK_004,20213.88155364477,USD,2026-04-01 08:16:28,5033:966:7b02:17b1:7881:df1a:327:323f,1
sdv-id-choPJC,ACC_176,ENT_UK_016,319838.1555529104,USD,2026-01-24 10:52:47,6f35:7cd8:469c:69af:fc32:8b2d:34fc:73ee,1
sdv-id-YWqIgK,ACC_247,ENT_UK_002,2777.6151848988357,USD,2026-01-11 06:45:46,a888:efcf:b4d0:f365:daba:10a6:75ea:c626,1
sdv-id-VILMXT,ACC_181,ENT_UK_005,643900.5498810672,USD,2026-02-20 21:26:51,1521:a685:a8fa:74f3:cde9:d5b9:b25e:1beb,1
sdv-id-TiTgfN,ACC_155,ENT_UK_001,802838.8655264921,USD,2026-01-03 18:43:04,32a0:764e:b984:95a0:7fba:901b:b38f:ae1,2
sdv-id-RTNnZf,ACC_261,ENT_UK_012,659947.7242010282,USD,2026-02-07 21:30:26,df43:67e2:fc47:c5c2:a197:46b9:1524:8c87,1
sdv-id-LbvINo,ACC_186,ENT_UK_008,765086.9589097324,USD,2026-03-27 12:55:34,ddd6:413d:aafe:7604:6fa5:4ccc:e50a:cd31,1
sdv-id-sGGhFT,ACC_181,ENT_UK_008,78627.4154704955,USD,2026-02-24 13:19:10,220b:8174:82d4:e3f6:88c4:1e07:8a2:c958,1
sdv-id-wsJcAQ,ACC_211,ENT_UK_018,370004.19271121634,USD,2026-03-31 06:18:47,f25d:428d:3627:fc22:ecda:873d:55dc:af67,2
sdv-id-hEpEOO,ACC_162,ENT_UK_005,308320.02923427604,USD,2026-02-02 18:10:17,1b45:5374:20f7:2f76:ea6c:3192:ff41:faf,1
sdv-id-bhRIOg,ACC_225,ENT_UK_002,4932.439028525935,USD,2026-02-02 15:43:07,39ea:2717:9c8b:16e:1d1c:ae1d:be7f:b7eb,1
sdv-id-nfthzw,ACC_264,ENT_UK_019,8220.180672107212,USD,2026-01-28 19:04:26,e35c:3a7f:b89f:3d58:1eb0:9fdf:ba55:b5a0,1
sdv-id-iSpKCU,ACC_253,ENT_UK_017,101790.0407098747,USD,2026-01-01 10:43:53,588f:9ad5:2f8:804e:ab9c:a9c7:e7a7:f2fb,1
sdv-id-NFAQCn,ACC_146,ENT_UK_010,1093798.9330438424,USD,2026-02-03 07:52:44,de89:c3f2:2c89:887:ba22:e7c1:bd4b:c212,1
sdv-id-SKMkOU,ACC_142,ENT_UK_005,947.6123548407444,USD,2026-02-23 05:24:01,971d:d93f:ea14:77fc:24ea:f25:9409:e390,1
sdv-id-mJjhRJ,ACC_284,ENT_UK_006,425041.82261258946,USD,2026-01-18 05:14:21,b918:fb4d:a00d:3209:8b29:3982:2d8:824a,2
sdv-id-glUmTw,ACC_142,ENT_UK_002,193203.2410071375,USD,2026-03-13 15:50:34,c8b7:c436:c5a8:11c8:84c0:512b:d468:96fd,1
sdv-id-FrmUbk,ACC_271,ENT_UK_011,169179.14778972502,USD,2026-02-25 00:05:41,14d0:4fb9:5b47:b32e:b8e2:18a:e051:607a,2
sdv-id-otuQde,ACC_248,ENT_UK_014,170223.8085020786,USD,2026-01-29 11:31:02,ba7:442b:5c6d:8686:4635:f745:56e1:dba8,1
sdv-id-wtPavw,ACC_271,ENT_UK_001,808757.8511811894,USD,2026-02-14 15:57:29,ca3e:47bf:6b0c:0:7751:85d8:ac28:aab2,1
sdv-id-oQpjuk,ACC_155,ENT_UK_011,75064.2367907229,USD,2026-02-19 03:30:50,d8fd:931e:dd7d:34d5:d4c4:f1f0:64ab:7d51,1
sdv-id-DPcgIM,ACC_181,ENT_UK_011,175296.2965361173,USD,2026-03-24 23:10:16,1300:9f2a:2a4c:9b7f:7c28:e725:b2e:56be,1
sdv-id-nAakmr,ACC_179,ENT_UK_004,236065.09237503237,USD,2026-03-13 00:55:17,24dc:668c:cf3b:c193:fe88:12ca:9797:8f33,1
sdv-id-YYoldM,ACC_176,ENT_UK_001,942.8158662167974,USD,2026-02-22 12:38:01,f93f:d015:25e0:88d3:5e37:e133:288d:9421,1
sdv-id-MzcscD,ACC_243,ENT_UK_006,7995.310520512241,USD,2026-03-08 04:49:06,d4a3:5f38:86dd:2721:283a:d0a5:5532:651f,1
sdv-id-puuqsj,ACC_273,ENT_UK_006,42959.20665138499,USD,2026-03-11 21:52:23,534:11ac:f7d:8fe:eba7:d553:586:c614,1
sdv-id-hagJPH,ACC_171,ENT_UK_016,613675.8002268454,USD,2026-01-13 04:43:03,e4d4:9222:57e:ae3f:a6d4:fc89:c1f9:7563,1
sdv-id-tJujtf,ACC_181,ENT_UK_006,24169.867464010407,USD,2026-03-28 03:13:06,dd62:7835:6680:8aee:9d84:2bbf:ac60:aa38,1
sdv-id-yTthSS,ACC_273,ENT_UK_018,945.8091625436268,USD,2026-02-12 08:53:47,4262:9c6c:23c1:b3bc:d4f9:9dca:cf4d:959c,1
sdv-id-yDmYNL,ACC_107,ENT_UK_004,2214044.241770533,USD,2026-01-23 15:37:29,a80b:8c1e:5cde:d1d6:4112:35fd:872c:a141,1
sdv-id-nHvrEq,ACC_225,ENT_UK_015,81337.75798620596,USD,2026-03-20 21:09:45,58a:31dd:a93f:3847:560f:dedd:44ae:b909,1
sdv-id-tbgqtM,ACC_234,ENT_UK_014,929621.3827462016,USD,2026-03-05 06:12:41,66fd:b96:83dc:1a31:2df6:aadd:b66d:6496,1
sdv-id-ZEyqDD,ACC_242,ENT_UK_007,4722.194398349472,USD,2026-01-22 15:18:57,d774:758e:1e4f:fd76:9c6e:1f16:6e34:1fa4,1
sdv-id-NvueXF,ACC_294,ENT_UK_009,985.5811452439387,USD,2026-03-10 15:27:33,9e13:107d:6c91:9fe8:41c5:4105:929a:c4fd,2
sdv-id-qkIDOw,ACC_171,ENT_UK_017,40178.02507405237,USD,2026-02-07 17:31:36,712f:f113:142c:3e91:52ca:7a2d:dad:7055,1
sdv-id-hCLnDb,ACC_248,ENT_UK_007,521499.27551375615,USD,2026-03-19 10:29:38,af40:4483:c46d:3f5e:caa:23ef:3f23:8d3f,2
sdv-id-rpXjFM,ACC_273,ENT_UK_005,2834.2035504271944,USD,2026-03-14 07:14:12,be3e:f7a1:1565:41b6:8bee:c857:9a6a:fb9,1
sdv-id-sQtscN,ACC_142,ENT_UK_019,1052435.5362731824,USD,2026-01-01 17:50:31,5c55:a33c:7bfd:8e07:93f1:3f42:20d4:db12,1
sdv-id-IZlcep,ACC_155,ENT_UK_006,8929.786334377544,USD,2026-02-18 11:47:32,7813:efe4:3e3d:5a41:4bea:8467:2c60:b3b7,1
sdv-id-pAenCf,ACC_189,ENT_UK_018,4478.6381994406875,USD,2026-01-03 13:46:43,e565:2537:78de:68a9:6252:d5b5:3e24:b73d,1
sdv-id-AueLLW,ACC_176,ENT_UK_012,15186.7048369207,USD,2026-03-23 23:46:54,9035:cf0e:309a:ee1c:4c19:da40:4b19:f22c,1
sdv-id-fUDhtx,ACC_284,ENT_UK_014,32808.38926252564,USD,2026-02-13 09:41:55,f1d1:124a:552d:8da4:e920:d9f1:5b6c:396f,1
sdv-id-AXocGy,ACC_186,ENT_UK_019,10105.364650103906,USD,2026-01-16 17:39:21,f77a:ba2b:9ba5:5e0f:21ea:fa1a:2d29:e01b,1
sdv-id-KlBfgA,ACC_100,ENT_UK_004,75447.82519291018,USD,2026-03-12 11:13:56,23b3:70d8:1006:7e16:2767:7197:a303:59f7,1
sdv-id-oMXgjO,ACC_199,ENT_UK_005,18837.135460503403,USD,2026-03-01 06:12:47,77f1:37f6:bb06:dcb3:df35:eb50:ad57:d4ba,1
sdv-id-JLbmZQ,ACC_160,ENT_UK_016,787214.4734400366,USD,2026-02-17 09:09:16,d17f:3d6d:5df:b2cd:24fc:b9d1:c65e:8235,2
sdv-id-nRaHQG,ACC_294,ENT_UK_004,37278.929931396015,USD,2026-02-06 20:31:11,963d:9e3e:f545:f042:10e5:7315:c9c2:dbfe,2
sdv-id-XriMOR,ACC_164,ENT_UK_005,198479.77183104423,USD,2026-03-12 06:16:00,8b20:937a:4cb9:dc7e:7d57:6562:b5c9:d7c,1
sdv-id-NetjNS,ACC_134,ENT_UK_013,3272.084978696856,USD,2026-03-07 11:24:12,8a01:146e:6724:c756:43c7:3c43:b6b4:8675,1
sdv-id-ViqTFq,ACC_142,ENT_UK_009,2577.148526323296,USD,2026-02-07 19:15:36,5405:8376:c4e2:fa31:d332:c35:e2a4:9d0b,1
sdv-id-brzumU,ACC_247,ENT_UK_016,817353.9448462299,USD,2026-03-12 23:20:21,69ca:1fe1:57e9:7d44:c379:9085:9767:7cee,1
sdv-id-qUBwzz,ACC_181,ENT_UK_014,99466.41025165736,USD,2026-02-28 05:49:55,dd28:1e46:3400:7a6c:dc7c:4801:1dc8:f84e,1
sdv-id-FsnAkO,ACC_142,ENT_UK_006,31894.034371931142,USD,2026-01-08 17:14:44,a3d8:6feb:c843:a678:7f4c:742e:8293:db8c,1
sdv-id-SEPvdL,ACC_142,ENT_UK_006,25222.666503509303,USD,2026-03-28 01:34:20,b4e5:5e84:e85a:2777:1d74:25c7:9d37:ca08,1
sdv-id-bCovVg,ACC_186,ENT_UK_005,774292.8400118818,USD,2026-02-27 04:00:34,f4b9:995f:4162:ef19:17cf:e2:aed6:6dea,1
sdv-id-cfuEas,ACC_284,ENT_UK_010,215544.50308577585,USD,2026-01-13 01:31:35,d24c:477e:8bc0:8a9f:45b3:1b42:5231:4a9d,1
sdv-id-AeOuPZ,ACC_243,ENT_UK_017,5977.0161263523005,USD,2026-03-22 11:12:42,4050:1e1b:ee15:7700:7f3a:5264:cef6:c95e,1
sdv-id-qwYEib,ACC_162,ENT_UK_002,109488.96861055738,USD,2026-03-28 07:32:20,e44a:896e:bcfb:a985:9d9e:9cf3:1f0b:c465,2
sdv-id-NjfXns,ACC_171,ENT_UK_004,41347.58164035319,USD,2026-01-24 21:19:09,5f84:f3f9:baf4:53f6:2694:4d93:48a7:57a,1
sdv-id-qNebIm,ACC_187,ENT_UK_010,13618.813859259551,USD,2026-01-30 09:22:45,ee38:4302:9a35:6670:53e1:ed22:7799:bd6a,1
sdv-id-OpKVKV,ACC_176,ENT_UK_019,12801.260907517206,USD,2026-04-01 16:14:03,728a:b48b:415b:d61b:2dfc:be90:ef7f:987f,1
sdv-id-SQXIlA,ACC_142,ENT_UK_006,2477.7183466407887,USD,2026-03-04 10:50:34,84af:b72e:1ccb:787c:271f:56b6:f17:43ee,1
sdv-id-rsNcya,ACC_170,ENT_UK_019,998321.232702984,USD,2026-01-10 10:48:48,8cb:e5e4:d1b:6bd9:d15e:1f6d:c504:1af1,2
sdv-id-sEfNjT,ACC_107,ENT_UK_001,18777.27460404934,USD,2026-01-03 04:08:11,bcf0:ee6f:dec0:c31e:6e99:4b00:73fa:edea,1
sdv-id-pbBxqP,ACC_176,ENT_UK_009,311024.4940220436,USD,2026-01-02 17:02:51,def7:4011:f86a:1e17:bc48:d70:1ec7:f57,1
sdv-id-vaIbaM,ACC_176,ENT_UK_008,98962.79740632948,USD,2026-01-18 16:59:02,5967:98a5:3db6:a688:a0e4:5456:ba97:b7f7,1
sdv-id-fUGkqB,ACC_176,ENT_UK_014,149546.72752465637,USD,2026-03-08 02:14:21,540e:dfaf:a9a4:85d2:7f16:e035:89cb:fd95,1
sdv-id-FTkRxF,ACC_243,ENT_UK_017,54593.384700560426,USD,2026-03-13 12:24:27,aacf:217d:975b:6384:fa29:d728:b3fd:4adc,2
sdv-id-cDaqgB,ACC_171,ENT_UK_006,2575.6682178232268,USD,2026-03-05 08:09:18,1c75:4256:8ffe:3d6f:3d67:f759:c4b3:a8b9,1
sdv-id-riUHRm,ACC_211,ENT_UK_015,108974.27099367368,USD,2026-03-30 00:02:10,b45a:3a70:5777:3ba6:ff93:eba2:6e97:29e8,1
sdv-id-AhDVfr,ACC_107,ENT_UK_004,10133.265002817738,USD,2026-01-28 22:22:51,2fd1:dd4:ae5:7965:cb27:45ca:a443:8a05,1
sdv-id-gYUixj,ACC_284,ENT_UK_013,2796.831880495836,USD,2026-03-11 23:44:48,6ad1:56a6:feb3:97bc:cc70:165:fb31:f554,1
sdv-id-zBdgHA,ACC_211,ENT_UK_001,33718.60061919098,USD,2026-03-26 04:07:29,ed68:3412:1a08:eefb:14bf:3a45:455f:401,1
sdv-id-jxfCZJ,ACC_146,ENT_UK_013,776415.7812770427,USD,2026-02-11 18:46:08,25fe:f74a:9552:1abf:7938:96a7:8b70:a0eb,1
sdv-id-uxDwAS,ACC_176,ENT_UK_018,66246.9195795772,USD,2026-02-17 11:07:02,8970:3bd:48d7:cfc8:3ced:3fc3:93c6:1813,1
sdv-id-rWJlxX,ACC_176,ENT_UK_018,936.3749081999908,USD,2026-02-21 08:33:49,2358:5c59:4416:b702:44fd:3d49:5030:a8dc,1
sdv-id-dqcKSB,ACC_187,ENT_UK_013,84627.38999728068,USD,2026-01-02 21:53:13,e61f:9f83:c40a:4102:94a5:a140:97a7:8ce7,1
sdv-id-QeTCot,ACC_142,ENT_UK_010,460252.41874642106,USD,2026-03-03 00:41:29,486b:b807:8615:fe96:b596:ad70:43f1:cfe3,2
sdv-id-eGuXwi,ACC_171,ENT_UK_009,84793.52622385857,USD,2026-03-02 08:18:28,b5b2:ede8:60b8:86f8:484f:348d:47a9:61b6,1
sdv-id-LBqpmY,ACC_142,ENT_UK_013,85393.23362777446,USD,2026-01-28 14:12:17,9238:fea0:c493:1add:8980:df65:8d12:65f1,1
sdv-id-IwnCiC,ACC_211,ENT_UK_015,616026.6177563074,USD,2026-02-05 19:49:14,f275:fb79:ad1b:3dfc:70c5:e2e2:d723:3d53,1
sdv-id-eGjOFH,ACC_142,ENT_UK_019,1684.423544659927,USD,2026-01-30 07:20:21,ff00:beed:47bf:1c99:4825:b6ea:664b:a9c3,1
sdv-id-nktksf,ACC_142,ENT_UK_009,754390.4735260096,USD,2026-02-15 16:59:02,b62:87e0:e781:e6fd:8449:4dc9:3371:e482,1
sdv-id-BzoyhW,ACC_186,ENT_UK_013,3993.3988795903592,USD,2026-03-26 16:09:09,b0bd:406:eb20:96e9:aa48:4aab:6290:e280,1
sdv-id-vrIWgn,ACC_211,ENT_UK_012,1501.6778961544098,USD,2026-03-07 06:30:56,4e5b:2d5e:efc6:e4de:1255:7b1b:59de:1e1a,1
sdv-id-IqvpYg,ACC_176,ENT_UK_018,146304.89332078304,USD,2026-01-13 02:22:35,f6a8:ace1:6227:e8ff:2c33:499:d4b7:bf2a,1
sdv-id-PmzsUK,ACC_211,ENT_UK_014,540511.833040377,USD,2026-03-09 05:39:03,216d:2b6d:613:9e2b:99c:930e:3519:2a5f,1
sdv-id-EFVTiE,ACC_142,ENT_UK_012,95443.277265749,USD,2026-03-06 01:03:50,96f1:dfe5:909f:6a78:f60:8a08:a63a:ee78,1
sdv-id-zofoID,ACC_142,ENT_UK_015,14445.969604651213,USD,2026-01-14 00:55:46,3569:9bf4:87bf:280a:81ec:3b45:6dd1:75b3,1
sdv-id-rYxndi,ACC_142,ENT_UK_014,128790.463150838,USD,2026-03-27 22:08:35,eda3:41ca:9f:ebcb:c206:f7a3:87c3:a927,1
sdv-id-WQqPDH,ACC_249,ENT_UK_010,5255.6042092176895,USD,2026-01-10 11:20:54,9bfb:dcbb:b3e3:8ee2:d6b5:a72d:f37c:22d,1
sdv-id-CIUaip,ACC_155,ENT_UK_005,3819.2287709143543,USD,2026-03-31 21:12:00,6bab:ab27:56b5:7747:c3b5:fcf5:2242:abf0,1
sdv-id-jfsyOP,ACC_176,ENT_UK_012,628535.1182143932,USD,2026-03-21 06:44:27,a350:7326:99e4:d5e4:5a4b:7836:22c4:1721,1
sdv-id-aSnOYg,ACC_142,ENT_UK_005,585671.3891751403,USD,2026-01-11 19:14:47,c9e7:5806:dd3d:4cd8:608:b3ed:fae7:3dcc,2
sdv-id-GmJqIp,ACC_146,ENT_UK_011,53649.04962879126,USD,2026-01-10 08:19:54,2e0d:2ae0:e988:d1e4:1e2e:980:50b8:d7e6,1
sdv-id-tSSxRL,ACC_271,ENT_UK_005,393336.7872620608,USD,2026-01-15 18:57:22,c516:c95f:fa2d:64e7:99f:abb6:58f0:2683,1
sdv-id-hCLXVe,ACC_225,ENT_UK_003,3198.6495514984445,USD,2026-01-11 21:07:54,f2b0:9ec7:4c5f:cdd3:8ea0:8aa7:19dd:4f4c,1
sdv-id-wHzHfE,ACC_273,ENT_UK_002,782736.4865935635,USD,2026-03-29 22:59:52,bca:1c92:ce1b:883e:bdf4:4d8e:8cfe:a73f,1
sdv-id-IPdyqF,ACC_243,ENT_UK_018,442930.86467540736,USD,2026-01-02 14:02:17,1b12:c401:70e8:5797:b39d:6691:2240:583c,1
sdv-id-iBnZcu,ACC_171,ENT_UK_010,385195.7702805217,USD,2026-03-12 05:23:00,a553:916d:e3b5:854a:4349:1965:8ad3:d66f,1
sdv-id-kTMwZT,ACC_181,ENT_UK_001,41781.88690044151,USD,2026-02-25 13:51:15,3677:820:60a9:aa6c:defd:4949:71f0:c359,1
sdv-id-NtVYza,ACC_155,ENT_UK_009,726030.1301615107,USD,2026-01-18 02:39:54,a9c4:a1f4:2917:196:272b:c305:ff4f:d41a,1
sdv-id-bOuzif,ACC_176,ENT_UK_002,56943.533876818874,USD,2026-02-20 03:21:08,506c:3a6f:d63c:4e2d:b070:c539:ba72:5568,1
sdv-id-vrRSBe,ACC_176,ENT_UK_018,13562.580421838447,USD,2026-02-23 20:25:05,5406:1d85:9073:493a:da85:a819:3bf:c425,1
sdv-id-Cmpygn,ACC_271,ENT_UK_005,127336.4976787968,USD,2026-03-10 08:11:23,adfd:c7dd:b725:e9f4:6bf3:4882:5d8c:3dee,2
sdv-id-HrVeOJ,ACC_107,ENT_UK_018,115107.66268782466,USD,2026-03-19 17:35:03,c815:51a4:386b:521:59be:eb02:ff47:edf,1
sdv-id-oAHipV,ACC_142,ENT_UK_006,132637.1246385524,USD,2026-03-16 00:59:35,f31b:9452:3b67:941b:8dae:ca5d:b994:2e8d,1
sdv-id-QaSHeq,ACC_176,ENT_UK_006,266422.0653876002,USD,2026-02-09 19:02:54,7f06:f413:3c97:29d7:1a40:4cc5:77e0:2109,1
sdv-id-rUNYsf,ACC_293,ENT_UK_001,16755.974182611077,USD,2026-02-21 13:28:43,c119:ad8c:d5ca:a22a:2316:8722:1fca:24e1,1
sdv-id-mOHzDC,ACC_186,ENT_UK_007,1281.1634275649058,USD,2026-03-18 07:17:17,c50b:64c3:6cac:1477:f5b7:5268:6a3b:2667,1
sdv-id-EgMjGJ,ACC_273,ENT_UK_001,44679.30613014394,USD,2026-03-03 01:11:21,67cd:bfcc:46e8:15be:4dc4:3f07:4ffd:75b3,1
sdv-id-iZQLJn,ACC_146,ENT_UK_003,577232.034885148,USD,2026-03-30 07:16:59,e27:6fc2:ceca:8d9c:40b4:ca75:b81a:779f,2
sdv-id-ypMZvQ,ACC_164,ENT_UK_004,945.089535244341,USD,2026-03-04 15:20:18,cf99:f32b:cd23:7284:ca7a:3d97:132a:2f8,1
sdv-id-JSyvJB,ACC_142,ENT_UK_016,1070.8956040642015,USD,2026-03-24 14:03:59,eb45:c0cc:5832:13a9:2ed3:ed24:769:d5a1,1
sdv-id-JCnPzx,ACC_181,ENT_UK_008,21481.283049714373,USD,2026-03-27 04:58:08,75b9:d20c:176:21f1:cad4:f01e:74bc:2b8e,1
sdv-id-rsoSvM,ACC_176,ENT_UK_016,19099.432384807416,USD,2026-02-21 14:44:39,f523:6881:2618:2bb8:8b58:c9b9:a02f:f2b3,1
sdv-id-MmesDY,ACC_199,ENT_UK_014,930.274288879426,USD,2026-01-27 22:41:12,b5a3:d1d6:6948:ebc8:7c91:409d:40e7:36fb,1
sdv-id-Rivmlt,ACC_164,ENT_UK_006,10883.012854692246,USD,2026-03-05 06:35:48,5ad6:f030:299a:777a:e212:5893:89d3:c641,1
sdv-id-CtHdCz,ACC_176,ENT_UK_016,33012.12810650097,USD,2026-02-24 22:05:41,429b:e10b:bc:d7e9:ba81:30f9:5277:d925,1
sdv-id-xXtXQz,ACC_100,ENT_UK_005,442437.6482037036,USD,2026-01-08 18:33:08,3e77:f6f8:7477:69f4:1ab2:8b05:b497:ff05,1
sdv-id-KmXReg,ACC_134,ENT_UK_003,683783.3772752453,USD,2026-03-24 19:45:20,589d:9d1d:7f9d:85d9:2c71:8a66:7552:87ac,2
sdv-id-Mmkcim,ACC_186,ENT_UK_017,156412.03905942495,USD,2026-03-11 01:58:07,7ad6:e899:39ac:e99c:6238:89d0:a01c:39c5,1
sdv-id-gcONKI,ACC_242,ENT_UK_013,52244.81527951288,USD,2026-02-27 22:49:29,cfd4:5ffc:62cb:48dc:8ae:92d1:7fe4:8d47,1
sdv-id-IhDJoz,ACC_211,ENT_UK_009,421018.0171730675,USD,2026-03-04 23:52:18,1d42:49b8:8600:7960:c64c:866b:8902:7ca4,1
sdv-id-XxSDNU,ACC_181,ENT_UK_019,355346.5339691483,USD,2026-03-12 06:50:19,b436:235a:3073:b7c0:8f1:f69:cbc2:309b,2
sdv-id-sLxiMJ,ACC_186,ENT_UK_003,1757355.372196138,USD,2026-03-11 00:43:34,f701:2305:cbdb:42b8:cabe:90f8:d734:96ac,2
sdv-id-cbfGfA,ACC_142,ENT_UK_016,364624.455505217,USD,2026-01-26 17:30:50,c4b8:829a:8ac8:a5ec:926e:84f2:c2f6:9fcf,1
sdv-id-sRUzPw,ACC_256,ENT_UK_003,89600.3866854598,USD,2026-02-26 03:19:36,35e5:7b11:dc8a:ff8:983d:3951:2d3a:5de8,1
sdv-id-RPUceQ,ACC_171,ENT_UK_003,7916.276422983323,USD,2026-03-27 04:34:24,ca1:c31a:7be:9b2:c8a2:2989:3aa6:53b4,1
sdv-id-BUxsUR,ACC_142,ENT_UK_018,92718.42849307242,USD,2026-02-15 17:47:15,fdb2:817b:94ef:f136:19d0:52c:e58d:e1df,1
sdv-id-iDLbYN,ACC_146,ENT_UK_017,91799.86656932926,USD,2026-02-13 22:44:42,72fa:971c:8fce:a955:c79f:b152:b43e:b8fa,1
sdv-id-xawGCl,ACC_273,ENT_UK_004,1343635.5086580983,USD,2026-03-23 20:02:21,e9c3:98d0:7b4e:29af:6902:f5dc:1452:e9cb,1
sdv-id-arsARB,ACC_176,ENT_UK_002,1469822.7542511048,USD,2026-02-09 05:25:10,6e80:2b2c:f9c5:9879:36c:3e89:5f29:abb8,1
sdv-id-PBPMTa,ACC_211,ENT_UK_017,241871.3802639219,USD,2026-01-30 13:50:06,eafe:3804:c042:5b7c:1f20:6429:afc9:9fb7,1
sdv-id-qlapQm,ACC_142,ENT_UK_016,47628.86434196106,USD,2026-01-05 08:49:46,f30b:9f3a:10a9:a637:477f:63c4:24a5:550f,1
sdv-id-nZGdCW,ACC_229,ENT_UK_011,983.204056183268,USD,2026-02-21 09:40:39,d3de:91c7:86fb:3846:62c4:2d4b:2b7d:680a,2
sdv-id-wpChpf,ACC_264,ENT_UK_016,102996.35016418745,USD,2026-01-11 07:51:19,23a1:1c1d:23c5:623d:9b40:c9ab:2560:3c65,1
sdv-id-WfPBLt,ACC_107,ENT_UK_010,109416.2782997436,USD,2026-03-25 22:02:30,4e7a:c77c:2ea7:c4e2:f77e:6603:ce98:beeb,1
sdv-id-fMDlnu,ACC_243,ENT_UK_015,1436485.3194686691,USD,2026-03-21 23:51:31,6ded:9194:4df5:2bcb:d26f:f41a:df50:dec7,2
sdv-id-tgvlgQ,ACC_294,ENT_UK_017,1173571.9114828086,USD,2026-03-08 21:34:49,9c36:9ebd:c8f6:71f1:fb47:7385:b569:8dfd,2
sdv-id-SrcqCe,ACC_134,ENT_UK_010,98808.20974543288,USD,2026-03-05 03:31:07,3215:8a83:ec32:ca5:6f66:7312:85df:18b3,1
sdv-id-OzHJwT,ACC_273,ENT_UK_002,208786.93821371053,USD,2026-01-23 05:57:47,6f8f:558b:ece8:dc98:d336:67a:ad9d:3d4c,1
sdv-id-PtJIjX,ACC_211,ENT_UK_014,467412.21616108494,USD,2026-01-28 10:03:36,b133:92db:98e7:e9ee:d15:9e72:94a2:4ef0,2
sdv-id-DEtEiW,ACC_189,ENT_UK_004,826352.9893824483,USD,2026-02-06 08:13:46,7da3:ab27:6c66:20fe:e344:1a64:bc7b:ee7c,1
sdv-id-zVgONz,ACC_142,ENT_UK_019,86670.80101635901,USD,2026-02-07 04:30:30,aec5:47d0:2f42:a730:5d1e:3c91:1780:fdab,1
sdv-id-ekKjyV,ACC_142,ENT_UK_015,23471.26611324762,USD,2026-03-10 15:45:30,affe:7b4d:1dcb:9bbd:ef95:abe2:cda1:86bb,1
sdv-id-REHpyx,ACC_123,ENT_UK_009,565762.6431686784,USD,2026-02-07 11:27:56,8668:8211:c9bf:841f:d14b:6a6b:99bb:2c48,1
sdv-id-uqZeVe,ACC_162,ENT_UK_002,176591.87429431436,USD,2026-03-24 15:03:57,6b19:d992:56d6:b5e0:86a8:dd77:430c:e941,1
sdv-id-yPBMrw,ACC_271,ENT_UK_013,45234.74463915562,USD,2026-02-20 10:18:07,f531:66f8:461d:280c:503b:c876:8460:985b,1
sdv-id-crIWHw,ACC_155,ENT_UK_003,29784.44384216648,USD,2026-01-14 04:21:35,9f37:50ab:25c3:867b:f436:edd:7374:6b74,1
sdv-id-JpRGnD,ACC_107,ENT_UK_007,439132.2602539101,USD,2026-01-13 02:27:37,3e91:eace:ba9a:9023:f2fe:50ad:e892:e5c,1
sdv-id-YldkAx,ACC_271,ENT_UK_005,126280.57653495032,USD,2026-02-07 19:05:45,1390:5d94:e451:eae3:7b29:e5c3:a3f2:ce02,1
sdv-id-qapSMV,ACC_187,ENT_UK_012,6101.992470294122,USD,2026-03-09 01:08:59,b51c:8be:edec:ffa9:1f1b:f711:f670:c1d3,1
sdv-id-LEVhAC,ACC_171,ENT_UK_017,104334.1801143434,USD,2026-01-03 14:14:15,b2e3:3fbf:36c9:681d:2580:8376:5c9:f6ec,1
sdv-id-hBWsdP,ACC_142,ENT_UK_005,6238.52771111955,USD,2026-03-05 01:56:21,bcfb:fc9f:d078:e906:8cd7:ce13:5a63:940f,1
sdv-id-EODcfm,ACC_273,ENT_UK_015,51607.877014760255,USD,2026-03-30 23:09:08,430f:ede3:3fb6:5646:7917:9b9d:eee6:825e,1
sdv-id-mjCSds,ACC_176,ENT_UK_009,984.4474725923824,USD,2026-01-14 10:29:45,b259:bc24:ab74:37e:3733:105c:1766:3904,1
sdv-id-AgnHQo,ACC_142,ENT_UK_015,116431.40698318533,USD,2026-01-12 19:37:11,440d:6e29:6f77:e32f:3ff6:cede:9853:585b,1
sdv-id-gFQYDc,ACC_142,ENT_UK_017,197193.83098213145,USD,2026-01-01 23:12:09,9d79:7f7d:5317:673b:ce46:fceb:1140:23b3,1
sdv-id-vpuKmT,ACC_242,ENT_UK_012,1036571.8616155208,USD,2026-02-13 21:39:01,ef42:f91:dd1b:f239:9a8e:c02f:b69c:6bf0,2
sdv-id-MSROjV,ACC_264,ENT_UK_017,323200.175932551,USD,2026-03-31 23:03:12,e4f0:245d:f881:1dea:de24:590b:c7a4:8100,1
sdv-id-xDXczN,ACC_211,ENT_UK_011,1221.847966779733,USD,2026-01-11 19:48:19,b85b:3703:2eb2:6098:a569:127d:b6d5:41b7,1
sdv-id-vmUPhQ,ACC_293,ENT_UK_005,205363.51812058687,USD,2026-01-09 21:27:21,29e0:c4ad:f890:4ca8:11a5:590f:624c:f362,1
sdv-id-oWuihK,ACC_211,ENT_UK_001,116577.28006118038,USD,2026-03-25 03:39:04,cfdb:e0c1:eb35:31ae:bb37:757:3b44:8c12,1
sdv-id-LBVPbg,ACC_142,ENT_UK_002,178099.96839965455,USD,2026-01-31 10:23:16,f4ab:ac0:686c:c397:ab8a:1ec3:d4f6:a355,1
sdv-id-yQLSsF,ACC_176,ENT_UK_005,340211.06883144093,USD,2026-01-14 21:34:13,59cb:bc7a:9d62:ef31:bb31:a085:b4cf:5c8a,2
sdv-id-WMCZvH,ACC_176,ENT_UK_006,2808.6260026915606,USD,2026-01-11 14:45:22,bb01:bc8d:6ac7:fb4e:1bc6:9dcd:8945:93ce,1
sdv-id-qtOEKH,ACC_225,ENT_UK_009,111599.29583553132,USD,2026-01-12 20:23:14,d8b:2d0d:1db1:ed70:f65:fc6a:4df:675,1
sdv-id-Fmuyob,ACC_198,ENT_UK_003,303171.48181814095,USD,2026-03-10 22:52:26,c74a:7b49:7b92:a4e8:7692:45a5:7b2:1691,2
sdv-id-ZJfXTZ,ACC_176,ENT_UK_009,49125.179496085155,USD,2026-02-24 13:26:41,6034:2635:a4e3:8e1d:b61a:5bc3:829e:dfa0,2
sdv-id-JsPfRE,ACC_264,ENT_UK_007,6750.812325069198,USD,2026-02-04 06:15:45,b59e:f442:8a63:b80d:5227:3ba1:2b2:6cff,1
sdv-id-xdqyLH,ACC_176,ENT_UK_007,436182.7230872584,USD,2026-02-28 12:51:28,8639:d7a4:d09c:9d19:f0c5:d9b6:cf6f:7995,1
sdv-id-UPCbmA,ACC_211,ENT_UK_009,47290.1806459455,USD,2026-01-13 15:28:16,a668:6c4:80e9:720f:6a56:21bc:6245:a629,1
sdv-id-ZLoRmr,ACC_264,ENT_UK_007,40015.66211581832,USD,2026-03-10 13:23:14,519:7a35:f6fc:5b2c:b3a:38c3:220c:8c0d,1
sdv-id-rFkKXT,ACC_253,ENT_UK_010,17325.47935716999,USD,2026-01-30 04:13:15,9092:eb89:a3fd:d268:7217:b55d:e700:f7f3,1
sdv-id-bhANcC,ACC_146,ENT_UK_001,503114.0159395739,USD,2026-03-24 11:19:34,ed74:81c:857e:a4a9:18df:ab5c:f39d:79b9,1
sdv-id-mKNSOI,ACC_107,ENT_UK_002,108784.60186672884,USD,2026-03-30 17:34:05,6497:56db:58d1:8c9d:3c4:f6f4:be93:3b29,2
sdv-id-jVjwZf,ACC_155,ENT_UK_012,72238.19709689403,USD,2026-01-19 21:07:59,cc5:1701:441d:a027:d347:4933:8f84:4478,1
sdv-id-jEVKDC,ACC_107,ENT_UK_007,121024.0856699604,USD,2026-03-25 14:38:10,cea3:f2c0:be96:4cdc:ff82:2b16:8003:2f74,1
sdv-id-gUdbrE,ACC_284,ENT_UK_017,1418027.1153032444,USD,2026-03-07 10:30:22,3739:3083:9815:ad7b:d50:99d0:2610:82c2,1
sdv-id-drDWio,ACC_271,ENT_UK_019,653532.7950653628,USD,2026-01-12 20:13:16,b1ef:ab59:f6b4:110c:5be2:3ced:1fbd:7a4,2
sdv-id-BbuGBl,ACC_107,ENT_UK_018,2097.0380196160386,USD,2026-01-17 22:36:30,eb31:c1fd:b059:fdd6:fa28:58ee:8e15:2e7f,1
sdv-id-eHKzqH,ACC_142,ENT_UK_007,252131.42529677873,USD,2026-01-10 07:27:29,9290:8316:acbe:d945:3ba0:be11:b5a3:b639,1
sdv-id-BbpPls,ACC_162,ENT_UK_012,4839.96564772087,USD,2026-02-26 07:51:54,91e4:55d3:c3fa:c62f:7937:b67:6f1e:f1f0,1
sdv-id-kMfExb,ACC_253,ENT_UK_011,351355.54667231353,USD,2026-03-20 00:58:25,edb2:4467:5b83:8fd5:a50d:29d1:def:bce0,1
sdv-id-ijaCkJ,ACC_176,ENT_UK_015,11976.264102324503,USD,2026-02-15 16:34:42,3cec:c08f:14df:b2d2:17ff:8607:bdc3:d6c0,1
sdv-id-JNQJly,ACC_100,ENT_UK_014,89874.57039984733,USD,2026-03-03 04:27:51,9345:90f3:8953:2c89:e4b:f8b:ea77:2939,1
sdv-id-xxKsck,ACC_176,ENT_UK_017,1116577.5902439968,USD,2026-03-04 01:39:04,1854:9342:d1a6:99ff:bd0:f93e:2261:2cb6,2
sdv-id-BqfEol,ACC_171,ENT_UK_014,10988.78655888504,USD,2026-03-30 05:49:46,c74a:e3b7:c691:35b5:6b22:2e4c:5825:8377,1
sdv-id-RkNtFR,ACC_107,ENT_UK_016,25177.394541561436,USD,2026-02-06 17:59:39,e060:b336:fb3:dc42:cdf5:7545:2457:7899,1
sdv-id-mXaTKi,ACC_160,ENT_UK_014,2812.0066228522624,USD,2026-02-11 11:48:20,5ee0:fc2e:caec:20b5:b16d:4f21:fd53:4b38,2
sdv-id-qOHeYM,ACC_107,ENT_UK_011,528781.5018209481,USD,2026-02-12 18:17:52,390e:14a3:3945:8765:14ad:df0f:8426:20d0,1
sdv-id-rPOeHY,ACC_176,ENT_UK_004,220894.1664217182,USD,2026-02-08 21:13:01,6ed9:e182:a394:9846:459c:e81b:e435:cc38,1
sdv-id-kcpjoD,ACC_146,ENT_UK_002,97455.3546828604,USD,2026-03-24 14:07:52,dde6:9c04:a5e4:440a:4935:58e8:95e2:2235,1
sdv-id-NauVcW,ACC_264,ENT_UK_009,663991.1813861743,USD,2026-02-01 20:35:24,eb58:cccb:dd:7fa9:50bb:72d3:f636:36eb,2
sdv-id-ScqnrS,ACC_211,ENT_UK_013,16306.469540470896,USD,2026-03-17 12:35:26,4508:5c6f:bf4b:e315:34f4:3779:8ad:3d58,1
sdv-id-qfYrXD,ACC_146,ENT_UK_010,58356.96649755067,USD,2026-01-03 16:02:44,ec5:4520:4afe:8fd8:2b87:820c:aad:96eb,1
sdv-id-bogCRo,ACC_100,ENT_UK_012,1131178.546386087,USD,2026-01-09 14:35:56,1cab:d22a:3ea6:2083:633:e9bd:5e39:fbdb,1
sdv-id-aLjToP,ACC_273,ENT_UK_013,1095.353096208521,USD,2026-02-27 22:10:00,3a31:3116:3881:d164:669b:c456:4e80:53e0,1
sdv-id-frpKZt,ACC_171,ENT_UK_014,31638.29905599134,USD,2026-01-09 05:09:23,1efd:7f31:4784:d763:ec40:2520:b223:845d,1
sdv-id-vidnyN,ACC_284,ENT_UK_013,2770.3682189161295,USD,2026-03-25 02:02:20,a14f:bb83:d4c9:f625:b66c:576:9dc6:9b1d,1
sdv-id-GRFRSN,ACC_176,ENT_UK_003,269234.2813633844,USD,2026-03-01 13:52:16,d521:3701:cffe:1657:676c:b0e9:f12:3eb5,1
sdv-id-oKCYWN,ACC_181,ENT_UK_007,346932.30876139534,USD,2026-03-27 05:35:37,733b:8e6c:63e3:fe2d:4e73:7a63:bf4e:731,1
sdv-id-lbUXKi,ACC_293,ENT_UK_015,176034.36352934007,USD,2026-03-01 06:04:02,a740:a4e6:be49:108c:4431:a96a:1e86:a026,1
sdv-id-XgOGPL,ACC_160,ENT_UK_017,116531.83290050564,USD,2026-03-13 23:05:36,3e69:26d4:f917:1409:a555:5926:f3f5:4a9f,2
sdv-id-MJWRkr,ACC_181,ENT_UK_008,90626.94190730291,USD,2026-02-22 11:24:54,96d7:e86b:e03:f826:fb8c:20b7:8614:4283,1
sdv-id-iSFsMI,ACC_253,ENT_UK_017,3196.850795839796,USD,2026-03-18 01:20:14,f41e:e942:9153:a03a:cb5e:e9ec:e599:90f1,1
sdv-id-iZuoLa,ACC_211,ENT_UK_015,313896.32721196377,USD,2026-03-14 12:58:17,8495:40a5:2a94:c72f:8579:1799:9cd:3893,1
sdv-id-ioGOGz,ACC_142,ENT_UK_005,20056.60946907924,USD,2026-02-22 19:22:04,56f8:6819:f4b5:b61a:5225:fd64:7594:bb1b,1
sdv-id-zJiRXC,ACC_181,ENT_UK_017,93057.16477835509,USD,2026-01-29 13:42:30,7a6a:d67b:358f:f094:502b:4c86:1dc9:9f78,1
sdv-id-qAQRKP,ACC_186,ENT_UK_005,444118.8450205533,USD,2026-03-17 12:22:42,37b8:1248:35d1:7f57:428a:57a2:43aa:b80,1
sdv-id-APPerV,ACC_284,ENT_UK_016,968469.2357868766,USD,2026-01-02 22:17:07,7a5c:572b:cca0:6676:4ecc:5608:4867:fe0,1
sdv-id-TfEOWj,ACC_181,ENT_UK_005,464515.21627181536,USD,2026-02-21 22:05:47,6a04:af91:6252:dd02:1e69:bb93:654d:948,1
sdv-id-eFGUNU,ACC_273,ENT_UK_002,1463039.78185645,USD,2026-02-14 13:13:52,b041:8004:aebc:dac0:7c90:88ae:5ed4:b7f5,1
sdv-id-jzWzhn,ACC_100,ENT_UK_019,1755.2312281053487,USD,2026-01-12 14:45:13,1991:a0e8:47b7:474a:a382:4d72:f614:1909,1
sdv-id-kMgLNf,ACC_186,ENT_UK_008,233973.9045290367,USD,2026-03-23 06:40:31,9861:2045:2dcf:dac1:6828:b367:e199:62cb,1
sdv-id-uhSNFU,ACC_142,ENT_UK_011,30332.08442674737,USD,2026-02-11 18:42:59,ba52:c1f9:d7db:b29c:aaa3:a87c:cce:76b5,1
sdv-id-Lotfwt,ACC_171,ENT_UK_019,868384.5388175807,USD,2026-01-02 12:41:00,fdc9:15ab:c909:bc3d:ca9:fe7d:c1ec:dad0,1
sdv-id-gFcEko,ACC_271,ENT_UK_004,100035.80143156835,USD,2026-01-08 15:11:40,4c88:a9ab:5354:5530:170c:934f:9d1f:adcf,1
sdv-id-JzAumY,ACC_142,ENT_UK_018,342229.85008930165,USD,2026-02-03 09:11:58,db95:99ba:d553:e29e:9dbe:93f2:6d92:bc3d,1
sdv-id-rmuqKX,ACC_142,ENT_UK_003,1247077.3196709407,USD,2026-01-10 14:45:04,3447:61c6:8fdd:3344:c949:4545:5a61:5372,2
sdv-id-zMgGhi,ACC_162,ENT_UK_012,1271.5587426004154,USD,2026-01-13 05:44:49,d52e:a7ce:48e1:435f:df8a:9582:1f23:f61b,1
sdv-id-YvkLan,ACC_273,ENT_UK_018,49865.535508414345,USD,2026-02-02 14:15:06,dde4:ddef:d4c7:9651:3ff4:a9f9:d04a:9b93,1
sdv-id-tIoYeU,ACC_196,ENT_UK_003,80928.3579941373,USD,2026-03-26 00:27:59,97d8:d7f8:ace5:7151:db8:5d67:cce0:3896,1
sdv-id-jTgntK,ACC_248,ENT_UK_014,30701.900073003293,USD,2026-03-22 12:59:13,db2:73e4:aa9:4ba1:795f:feb:f0ac:8852,1
sdv-id-TBLOmT,ACC_171,ENT_UK_016,13198.222852316798,USD,2026-03-01 19:04:03,9239:e553:2b54:c2aa:7ef5:26e5:5d5f:9f7a,1
sdv-id-QGaIUZ,ACC_107,ENT_UK_008,167768.4640630705,USD,2026-03-16 18:31:44,d57:642c:ae75:e7d5:8265:8595:779c:ef0,1
sdv-id-QpBxrr,ACC_271,ENT_UK_018,87179.06309338752,USD,2026-01-14 11:14:43,6ea2:adc7:e7f6:6026:92f9:a155:cb73:d956,1
sdv-id-cAaSVK,ACC_176,ENT_UK_001,928.5893832949072,USD,2026-01-03 08:38:13,6638:6fd6:72c7:f1fc:52cf:ed12:c50e:2b8c,1
sdv-id-eyZiwd,ACC_142,ENT_UK_003,193994.330824854,USD,2026-03-18 07:55:13,80bf:8c13:2898:1b8d:699e:cd4a:ab8e:63bf,1
sdv-id-zanVcl,ACC_264,ENT_UK_003,875510.7778725562,USD,2026-01-26 23:01:34,1fa5:5855:92a6:82a3:9a15:e56e:2616:2135,1
sdv-id-zuByoe,ACC_100,ENT_UK_004,14957.16191025742,USD,2026-03-15 19:28:57,2336:9e5:f3a0:7187:b783:cb27:c549:73d2,1
sdv-id-eqkdcx,ACC_134,ENT_UK_014,843018.4528268751,USD,2026-02-03 19:24:24,ada8:3e32:f6d2:4d59:faac:b75:b84a:ef28,1
sdv-id-vokGQs,ACC_142,ENT_UK_012,22865.29135652514,USD,2026-01-23 03:00:30,90cb:6420:b36a:f19f:bcc8:1566:56b8:340,1
sdv-id-GUMAuW,ACC_294,ENT_UK_007,122331.4641687197,USD,2026-01-12 18:32:19,4924:3f26:cc15:4afc:f8c4:e52e:e767:6e4,2
sdv-id-fUOkqq,ACC_155,ENT_UK_009,32380.60277023115,USD,2026-02-03 16:36:44,a5da:80b2:4ff1:713e:8cb8:8cea:470e:9946,1
sdv-id-RTUKuN,ACC_211,ENT_UK_010,938.6046818352968,USD,2026-01-18 07:40:37,e134:a7ff:788f:a54c:c460:ca83:365b:1b0f,1
sdv-id-IAgIeU,ACC_186,ENT_UK_005,912789.9382386628,USD,2026-03-31 22:10:22,712a:5474:c081:95aa:a29c:4ccb:ed5e:901e,1
sdv-id-fCJUEZ,ACC_253,ENT_UK_012,2357.2679827364905,USD,2026-01-27 08:31:34,1e9:e32:2c56:183a:64a2:3376:c191:f502,1
sdv-id-KPuAqu,ACC_142,ENT_UK_014,12474.89275823886,USD,2026-03-01 21:41:09,35df:c30b:884:5e82:b19:61b2:3f5e:a401,1
sdv-id-FJvwJi,ACC_176,ENT_UK_015,75238.28551181611,USD,2026-03-23 11:46:28,cc70:193b:5ba2:888b:273e:532f:1ab8:38ee,1
sdv-id-YCnGmj,ACC_171,ENT_UK_007,228955.95818331343,USD,2026-02-02 13:59:21,3505:20d4:1942:bd73:8435:4aa8:37cb:9f,1
sdv-id-dYSGQp,ACC_253,ENT_UK_005,57740.1429169285,USD,2026-02-26 21:49:42,313c:a58a:599b:d2d7:6453:259c:761e:a94f,1
sdv-id-OmhQPi,ACC_181,ENT_UK_012,797471.4716009444,USD,2026-01-05 10:24:17,9a56:796:9d4:a69f:94af:f2d9:1611:2e42,2
sdv-id-RWAFSB,ACC_142,ENT_UK_016,75906.77078692784,USD,2026-02-17 18:11:52,efeb:818e:7ef8:2485:35ce:afe6:b152:50d0,1
sdv-id-KxgWBo,ACC_225,ENT_UK_012,7053.244391669715,USD,2026-01-26 01:07:53,710d:f880:5133:e226:ba8b:5343:b3b2:a675,1
sdv-id-LnPUyh,ACC_176,ENT_UK_017,21838.89336065652,USD,2026-02-02 09:52:01,db59:c6b1:1b61:3da0:7b30:2f52:2018:ac4d,1
sdv-id-CXtYmE,ACC_211,ENT_UK_002,25977.559613362773,USD,2026-01-29 07:53:08,aefe:6b08:360c:5de8:a455:513b:8169:c0a1,1
sdv-id-WOJpYI,ACC_142,ENT_UK_013,25735.23355576934,USD,2026-02-15 04:51:22,6de1:d428:7ec9:64f0:d247:d7e1:40c6:f12b,1
sdv-id-RAEHlF,ACC_142,ENT_UK_012,1212.4004331329406,USD,2026-03-16 15:20:34,35:ccb4:17aa:c012:9221:3d61:8232:9359,1
sdv-id-ujSHwI,ACC_299,ENT_UK_005,592511.5315925214,USD,2026-02-25 04:53:00,5f6b:e30f:29b9:c6ae:9980:7254:f87:e178,2
sdv-id-FfZGLi,ACC_242,ENT_UK_009,292797.2511024436,USD,2026-02-02 04:27:25,543c:9ac9:c357:8d02:f7e0:63c7:1e4:5fe2,1
sdv-id-UnvECA,ACC_264,ENT_UK_002,127474.99336402676,USD,2026-01-26 22:40:34,f2b8:b9d3:3883:d23f:befc:ae6:ab11:5cea,1
sdv-id-IQOXdx,ACC_156,ENT_UK_012,361696.96438392386,USD,2026-01-02 10:49:12,2638:f7f1:5b50:bcb4:cf2c:bafe:b2dd:5ee8,1
sdv-id-umlhhA,ACC_142,ENT_UK_001,92974.883501061,USD,2026-03-24 13:17:38,9e0d:50ca:9cfa:e401:8325:d9c4:1ba3:8db9,1
sdv-id-mACHeV,ACC_181,ENT_UK_003,39201.24659463007,USD,2026-02-03 19:24:44,9b54:b8a3:360:bcdf:8dff:21bc:786a:3f84,1
sdv-id-sRTJgn,ACC_176,ENT_UK_003,105578.7513112614,USD,2026-03-15 06:08:35,83fd:cf3d:8223:228f:27a:6147:719a:4a5f,1
sdv-id-Txnzxl,ACC_142,ENT_UK_013,957.5310451719728,USD,2026-03-02 08:06:43,b694:669a:cf90:8cfa:f9d6:1448:42a4:7c98,1
sdv-id-wsqkll,ACC_176,ENT_UK_015,150925.13917341415,USD,2026-03-13 19:19:00,3c4c:8c30:f6fa:a5a9:fff1:f459:d687:3e97,1
sdv-id-YdLvyC,ACC_247,ENT_UK_012,1312.852682559475,USD,2026-03-12 07:07:55,8da2:96b3:535f:3bd5:b97e:7ee0:5eae:75dd,1
sdv-id-KDMTYo,ACC_271,ENT_UK_004,943.0508560818812,USD,2026-03-24 23:38:26,e82b:acda:ac37:f57a:f00a:dd93:5fd9:3ad8,1
sdv-id-amKrbK,ACC_164,ENT_UK_018,44822.30924997985,USD,2026-03-25 10:03:48,85b:ff76:9e7a:1d47:f38c:d899:706:3894,1
sdv-id-dedMvr,ACC_284,ENT_UK_002,38951.24126090744,USD,2026-01-04 00:54:40,9873:d61d:d3b4:f07d:a255:9ba9:2e6a:2901,1
sdv-id-mTcmRo,ACC_256,ENT_UK_002,1400.5268232683572,USD,2026-02-06 20:40:45,5ac:b4af:f3db:8954:8b46:3695:1d17:d148,1
sdv-id-hkmpLC,ACC_176,ENT_UK_018,353688.28425304376,USD,2026-02-27 16:40:09,8505:a94e:3d3b:f3a8:5635:884:c73:a83e,1
sdv-id-qoTpqW,ACC_142,ENT_UK_004,22388.731990344975,USD,2026-03-04 09:45:11,1011:8dc7:18bf:47f2:be2b:ecd4:d32f:ad6b,1
sdv-id-popnMz,ACC_271,ENT_UK_003,1273268.0263268496,USD,2026-01-03 06:31:01,6074:ae40:474f:6ff0:4a5f:1a63:e816:3eea,1
sdv-id-SdcWio,ACC_142,ENT_UK_002,602748.7760421479,USD,2026-03-19 17:08:02,869f:e058:1eb8:e165:8c:185e:7e3c:64b4,1
sdv-id-SZUBgY,ACC_107,ENT_UK_013,940631.4079645572,USD,2026-02-15 01:32:48,d26f:636e:2d03:353a:da83:23f:7f01:17b3,1
sdv-id-rNprfY,ACC_142,ENT_UK_004,2344.525837689611,USD,2026-01-03 07:10:56,688:1bca:19d0:f9e1:699f:3e83:d430:a645,1
sdv-id-OrMJPn,ACC_155,ENT_UK_002,21962.157959328277,USD,2026-03-21 15:18:32,9e9:f9a8:e6bd:4f64:d1d2:3b79:7f99:def,1
sdv-id-VEdjIQ,ACC_181,ENT_UK_008,19454.341135866463,USD,2026-03-20 20:04:34,27e0:62f2:74e5:c4b4:8590:f84:dec4:b57a,1
sdv-id-iOBJCC,ACC_107,ENT_UK_010,1143308.709122353,USD,2026-03-31 10:24:05,506e:d19d:2ffb:ba85:c35c:52ea:f0f3:92ab,1
sdv-id-fHAvkQ,ACC_134,ENT_UK_019,1414.0095449647151,USD,2026-03-23 04:16:51,6946:3d4e:3e17:b21d:3851:c48b:781e:e257,1
sdv-id-flIdtq,ACC_107,ENT_UK_002,4730.900211435279,USD,2026-02-26 02:27:02,f024:12e7:e49a:14d5:9fd7:691a:39ec:f393,1
sdv-id-BpCrzK,ACC_253,ENT_UK_013,691052.4086540671,USD,2026-03-08 09:29:16,f553:682d:c31d:bbc6:b898:d54:fcab:7759,1
sdv-id-xrUCcf,ACC_176,ENT_UK_015,20291.854080053057,USD,2026-03-26 11:09:35,4618:8b54:d452:e885:f720:e746:6822:b59e,1
sdv-id-zKsyha,ACC_155,ENT_UK_006,314619.43535768654,USD,2026-02-08 10:32:24,7ec8:9368:de4b:2441:3ee7:82d2:2584:9f89,2
sdv-id-KlGXDC,ACC_156,ENT_UK_008,248505.2114725295,USD,2026-01-27 23:49:11,626b:5180:4cd8:fe7d:7082:e7e7:b3f4:f2f0,1
sdv-id-yOqLPj,ACC_242,ENT_UK_010,17372.325561378635,USD,2026-02-23 13:26:01,9129:470b:68fc:cbf5:80ad:72e4:555e:4803,1
sdv-id-itfyxu,ACC_176,ENT_UK_018,108666.27432226158,USD,2026-03-13 16:12:21,97c8:e680:c487:94ad:de07:c5b2:4c0:fc73,1
sdv-id-bXxXGK,ACC_107,ENT_UK_002,1146488.23596407,USD,2026-03-17 13:53:00,9268:5e61:787b:1f2e:1291:5895:3bf4:47e6,1
sdv-id-KrYZJR,ACC_273,ENT_UK_013,254243.0871174051,USD,2026-01-28 04:31:36,332e:2d18:6a8d:ac4c:2f55:47fd:d351:a52d,1
sdv-id-PEVJia,ACC_107,ENT_UK_014,1722197.30845777,USD,2026-01-18 09:44:36,4db6:bbe4:9bb0:ec3a:d750:59c9:4c93:37a8,1
sdv-id-gkVSAg,ACC_294,ENT_UK_002,1749854.5439216292,USD,2026-01-05 09:37:47,7e87:24a3:9ff3:35c2:23fb:9c32:3e9d:3008,2
sdv-id-WJnmmL,ACC_171,ENT_UK_001,1054.6433607531103,USD,2026-03-01 19:57:26,3eb4:d365:111f:2393:b27d:e1d8:e68f:271d,1
sdv-id-GZhefV,ACC_155,ENT_UK_002,6884.195331862824,USD,2026-03-12 16:01:39,277c:bdf1:1299:959f:d8a0:cc32:d3a5:8a5a,1
sdv-id-KEBJZV,ACC_146,ENT_UK_019,1396529.3587421477,USD,2026-02-26 17:18:12,286f:a3a1:bf15:1af2:1cf3:830e:c567:20a5,2
sdv-id-lmxSQe,ACC_142,ENT_UK_009,1459115.9368295122,USD,2026-02-24 19:55:43,5af3:f391:fd24:b8e4:809d:208a:c6e:776f,2
sdv-id-UAdivc,ACC_107,ENT_UK_015,951.8462174184416,USD,2026-03-22 04:26:27,2d0d:bf07:4ef7:691e:2f14:8566:cd29:24bc,1
sdv-id-nYMArw,ACC_256,ENT_UK_007,211235.0591447146,USD,2026-03-04 00:22:03,44e9:35c5:2c65:71e9:7c34:aa4a:3841:f2d0,1
sdv-id-tsfDqo,ACC_293,ENT_UK_005,481309.3695418234,USD,2026-02-01 03:18:53,ee2a:5c30:9b1d:8326:f939:549d:bd9b:28b5,1
sdv-id-bhITNU,ACC_176,ENT_UK_001,732050.4410935857,USD,2026-03-19 18:30:57,cd2c:fb91:554f:affb:9dcd:cc7b:89f7:b7a0,1
sdv-id-nKzTEi,ACC_271,ENT_UK_008,515833.8149700501,USD,2026-03-18 15:28:19,8d0a:cce:f2f5:7afe:b1a:1bd9:362a:9489,1
sdv-id-iuEyVq,ACC_179,ENT_UK_012,21139.77457443466,USD,2026-03-25 03:37:11,16d4:729f:53b8:f51a:61a2:e070:eb6f:3b70,1
sdv-id-LNbTFP,ACC_293,ENT_UK_011,6061.398305135575,USD,2026-02-04 12:56:51,b9cf:8e77:7b84:8cc:c9e5:1a84:b81a:98ef,1
sdv-id-FQMlhG,ACC_284,ENT_UK_011,7858.997664292621,USD,2026-03-20 19:00:03,f965:46ad:d4aa:dffa:6d7c:84d4:22cb:7434,1
sdv-id-fjveYC,ACC_179,ENT_UK_010,606099.9072082986,USD,2026-01-11 03:53:07,bfc7:6163:f409:2320:caa4:9ae3:697a:34ab,1
sdv-id-zNwsJA,ACC_186,ENT_UK_001,498425.02507765347,USD,2026-01-31 20:00:43,5dc5:efb5:345e:c650:a3e8:9c2a:b5d4:c58,1
sdv-id-jtffrm,ACC_107,ENT_UK_004,89096.08013287802,USD,2026-01-03 08:15:35,308e:ae41:8d9e:5ec9:3a3a:7959:95df:aa4,1
sdv-id-KSFjRG,ACC_225,ENT_UK_019,95096.69741908048,USD,2026-01-19 13:23:24,f3e1:c1c3:d4e:95d3:c72d:5dca:9500:1511,1
sdv-id-CJMhJy,ACC_273,ENT_UK_007,2057.21717312553,USD,2026-02-14 18:09:04,6bad:d0a:e85:249f:72d6:45de:8a34:8e7a,1
sdv-id-ORcuvh,ACC_146,ENT_UK_002,1750.902252829106,USD,2026-01-31 07:03:40,44d8:10be:7e46:a715:fc94:7e34:e5d4:a6e,1
sdv-id-qVksag,ACC_262,ENT_UK_004,568600.8071474504,USD,2026-01-12 06:37:32,7954:ddfc:7007:4a7f:cfc7:a007:acf6:5895,1
sdv-id-ZIsHEv,ACC_176,ENT_UK_013,197715.5259618456,USD,2026-03-03 18:22:03,fb77:f63f:6649:583c:446b:7f6a:ca2c:fbbe,2
sdv-id-jySOkO,ACC_271,ENT_UK_004,268329.60590386414,USD,2026-03-22 20:24:23,d213:2947:aeea:6132:7b5:e782:d411:8821,2
sdv-id-stpxli,ACC_171,ENT_UK_005,935.4145605930954,USD,2026-03-31 11:10:55,a8bf:f23c:6685:cb10:9e75:fa4f:be6d:2c4f,1
sdv-id-xfbxAt,ACC_171,ENT_UK_010,601096.586455438,USD,2026-01-09 04:54:36,a4b1:6a6c:df5d:b24:ed53:a95b:3126:681d,2
sdv-id-JGJTJy,ACC_142,ENT_UK_005,14883.860071448998,USD,2026-02-13 03:49:39,e7d8:8b36:e3d7:244f:1170:4ca0:a388:d275,1
sdv-id-pIONdX,ACC_176,ENT_UK_003,42676.07930450876,USD,2026-02-16 01:38:43,171f:cbd4:1da3:68dc:a683:2b42:e3c4:1e32,1
sdv-id-GnoyGI,ACC_211,ENT_UK_014,386081.8446325354,USD,2026-01-08 02:30:20,b243:dfb3:505f:1bab:6b1d:df03:b3b9:2c04,2
sdv-id-jherAL,ACC_262,ENT_UK_004,930.0851946981276,USD,2026-01-19 17:12:03,513a:de71:b6dc:4520:a918:cb5f:2350:6651,1
sdv-id-JieWoX,ACC_171,ENT_UK_012,338153.8021531642,USD,2026-02-14 10:25:02,38d7:d55d:83c4:ae5f:5179:4bb8:be9:94cf,1
sdv-id-kmWYbv,ACC_107,ENT_UK_010,129212.67919104733,USD,2026-01-15 10:42:13,248f:c7fc:d79e:f5ab:b379:1f4:669b:fff7,1
sdv-id-MZcDHa,ACC_146,ENT_UK_009,45500.92250583506,USD,2026-03-24 23:07:06,beeb:d90a:fa11:4f95:4f6f:fccd:3c1:54e0,1
sdv-id-gPWJxs,ACC_171,ENT_UK_017,6945.152999023299,USD,2026-04-01 14:58:16,95bd:1144:9ff:c1d2:73df:a9a5:fc4a:eb05,1
sdv-id-wPhfog,ACC_176,ENT_UK_012,73351.12503242427,USD,2026-02-26 03:10:06,554e:d8f3:f3ef:e7a7:b320:fadd:4d58:c5b8,1
sdv-id-pHQZmZ,ACC_134,ENT_UK_013,1377.8094351457855,USD,2026-03-18 11:02:00,e82d:db13:10f4:9b5:e9eb:990f:ed8b:c8cf,1
sdv-id-UJMKOG,ACC_248,ENT_UK_004,586137.6640628878,USD,2026-04-01 12:33:17,927d:c097:ee22:d4d7:bd45:98cd:a5b0:2665,1
sdv-id-NOObTF,ACC_107,ENT_UK_005,193479.0476859054,USD,2026-01-01 04:55:33,227e:e702:f195:1c7d:49a6:e97:7df2:2788,2
sdv-id-yrECAK,ACC_134,ENT_UK_014,15387.16718111776,USD,2026-03-23 14:17:58,4ad4:ad9b:f0c4:50aa:3c42:2c12:baa3:3be8,1
sdv-id-bWMbXM,ACC_134,ENT_UK_009,2724.172467647468,USD,2026-03-15 14:30:50,58d6:51f6:1535:5c86:f15b:c87a:46d6:6f63,1
sdv-id-IBYLHB,ACC_248,ENT_UK_012,402826.402867035,USD,2026-03-16 01:35:57,cfbe:558c:dbe7:aac7:bf2e:8e96:11aa:aad9,1
sdv-id-daDnRa,ACC_142,ENT_UK_009,64776.31290585841,USD,2026-02-22 01:55:13,af2b:ad2f:c1b0:1b72:5ee5:6381:c928:3324,1
sdv-id-aDbuJu,ACC_262,ENT_UK_019,27475.08540125223,USD,2026-02-13 19:16:10,28ed:3ce9:ff32:5bb:8c3a:fe37:2b12:59b2,1
sdv-id-cieSFU,ACC_211,ENT_UK_018,20719.34347012971,USD,2026-03-09 16:58:00,7d3a:373f:8e3c:1889:edf4:a76b:4b7c:4d27,1
sdv-id-gzXsDe,ACC_211,ENT_UK_015,76499.56632115325,USD,2026-01-17 00:00:42,ed3c:16d4:598f:89e5:956a:43b8:134f:2766,1
sdv-id-sYFSuv,ACC_176,ENT_UK_014,1454.5239082825708,USD,2026-03-25 02:34:08,3a99:1e9e:ffc7:7803:5977:2eb5:ee5b:6016,1
sdv-id-LSFBNy,ACC_176,ENT_UK_005,109122.36731236512,USD,2026-02-07 21:16:38,568e:1906:9df8:16b8:5a4b:dfc:caf6:7303,1
sdv-id-AojyRA,ACC_211,ENT_UK_002,53410.17527888613,USD,2026-02-25 16:42:32,349d:e7c:3d97:91df:db38:a0d7:f902:326a,1
sdv-id-HtmsXd,ACC_156,ENT_UK_010,1103.6456839903406,USD,2026-01-04 14:19:57,30e6:fe6a:c4b2:c59d:e3e8:3e57:9e39:b3ea,1
sdv-id-ZJZkJC,ACC_271,ENT_UK_005,213990.77469991404,USD,2026-02-15 18:09:28,df6b:b7a2:cf64:2d68:36be:ae35:db20:9c2c,1
sdv-id-RsqoXF,ACC_107,ENT_UK_001,11054.546098780163,USD,2026-01-11 08:54:41,bcb5:dfc:3041:2441:bb58:3e87:16e8:b5fb,1
sdv-id-DAJCdm,ACC_171,ENT_UK_016,78339.53383870436,USD,2026-03-30 01:58:50,edf:f7a6:7b92:bb49:7a5f:51d6:efa6:fdfc,1
sdv-id-KHiJxC,ACC_107,ENT_UK_011,983259.5110586506,USD,2026-03-03 18:28:18,ba67:c61d:c13c:2a48:3c91:aef4:29fd:df4f,1
sdv-id-kRIadH,ACC_273,ENT_UK_018,170460.11948913705,USD,2026-03-19 16:37:19,f993:8a8a:c965:2368:59c7:2809:db39:47cd,1
sdv-id-GnUtej,ACC_264,ENT_UK_019,140394.43454573475,USD,2026-02-01 06:20:20,84c6:5a3d:995f:433f:7f58:efbb:c29c:1940,1
sdv-id-qLNuiz,ACC_107,ENT_UK_006,884743.8455645966,USD,2026-03-07 16:43:36,81d9:c0d3:67f4:ceb7:774a:4431:849b:5ee4,2
sdv-id-kvTJjk,ACC_107,ENT_UK_002,295891.856775341,USD,2026-03-29 02:45:55,2452:e098:df19:4c42:3037:898e:f55:ffe,2
sdv-id-UgESQi,ACC_176,ENT_UK_011,71873.28914237596,USD,2026-01-05 05:07:39,d1a5:f877:c8b5:1103:e634:3185:faf3:13de,1
sdv-id-quAcEb,ACC_164,ENT_UK_011,562430.3309994809,USD,2026-03-03 00:24:49,92f:6d82:8238:f826:e5a4:bfb5:bf2b:5d6b,1
sdv-id-rdUcdi,ACC_262,ENT_UK_001,4186.642953759756,USD,2026-03-12 12:59:49,cd97:1b19:81a9:a712:51b1:2421:25a1:58a,1
sdv-id-AVOILw,ACC_128,ENT_UK_013,301867.859272952,USD,2026-03-27 00:27:42,e232:eff9:9a71:7ede:4b4b:8f8b:7dbd:f4aa,1
sdv-id-sVTAso,ACC_255,ENT_UK_018,16813.672505560342,USD,2026-03-19 11:01:09,4750:36df:ef9e:c1bd:6b7c:faf0:b75f:7cb6,0
sdv-id-DFnwZX,ACC_142,ENT_UK_012,41821.85739598266,USD,2026-02-22 05:56:50,5e9c:7535:7f:7313:2686:adbd:45bc:668,1
sdv-id-NpDxFJ,ACC_146,ENT_UK_003,8072.03946901478,USD,2026-03-03 06:42:44,f2e9:96e2:3fc6:83ad:735a:fb68:317c:cf76,1
sdv-id-Gwdgbh,ACC_176,ENT_UK_008,256407.55945001787,USD,2026-01-14 08:15:26,fb48:a133:f281:2227:7d32:a4c8:c6c9:6c16,1
sdv-id-OvovKx,ACC_142,ENT_UK_010,1338696.6432933137,USD,2026-02-21 08:59:48,a9af:2b9a:34ad:61a:d067:3933:d6a9:7caf,1
sdv-id-dTDyJN,ACC_187,ENT_UK_002,753439.7019776953,USD,2026-03-07 15:28:23,4014:ed5:ce5a:6888:478a:b106:819e:d075,1
sdv-id-eSKieN,ACC_107,ENT_UK_010,1574.327540322252,USD,2026-01-08 08:00:01,7f07:b50e:a2ef:a076:18ec:a2f3:9dea:ef44,1
sdv-id-EQWpcm,ACC_284,ENT_UK_006,87440.37154567186,USD,2026-02-12 20:51:45,6c2:8e5d:2ede:ecad:a39:a00c:707f:85ea,2
sdv-id-FehKMe,ACC_271,ENT_UK_003,294671.18138892896,USD,2026-01-14 19:44:46,8ff3:9260:e3e:2c06:3dcf:6fb8:cb91:3c6f,2
sdv-id-UOjCXB,ACC_273,ENT_UK_010,481689.7051415305,USD,2026-02-07 22:53:37,4daa:6afe:a540:4b20:48c9:238b:c240:d3b8,2
sdv-id-OzVyRX,ACC_253,ENT_UK_004,264173.52571168425,USD,2026-01-22 12:44:49,a8b1:2c3b:87d9:5b57:d73c:13a5:892a:12b6,2
sdv-id-ntDKVx,ACC_142,ENT_UK_008,14663.740535877218,USD,2026-01-04 04:55:20,5e0c:88e:98c:b8b:420c:65e9:9869:2594,1
sdv-id-peNqoz,ACC_253,ENT_UK_005,2696.4741172541085,USD,2026-03-06 14:33:09,17a4:8272:81e8:d6c8:3b1a:78f6:ee33:9c11,1
sdv-id-BwAakU,ACC_211,ENT_UK_004,55002.160947183445,USD,2026-03-28 06:11:07,e4a8:dd8a:2a82:5037:f6b2:ae10:d061:8f99,2
sdv-id-LpKiBK,ACC_176,ENT_UK_012,14408.773952325324,USD,2026-03-27 23:34:14,5552:f067:2afa:9e29:20d3:2aee:fe15:b4b6,1
sdv-id-nDYeVR,ACC_123,ENT_UK_005,345553.8740424044,USD,2026-01-14 17:05:17,6a08:6a8c:a522:8997:1f46:329e:970c:3b57,1
sdv-id-mtcZvW,ACC_242,ENT_UK_018,462382.9378393743,USD,2026-01-28 12:09:47,6c8e:29c:7908:a72e:b651:f264:3d79:a38,1
sdv-id-XLrsqR,ACC_243,ENT_UK_015,262316.282855113,USD,2026-03-07 03:36:41,7ed9:8457:a358:6bf2:2d54:6011:262e:d31c,1
sdv-id-CdBIEQ,ACC_186,ENT_UK_003,210351.36910735577,USD,2026-01-21 09:44:58,74f8:9b1e:e584:98cf:51d3:9d06:472f:d050,1
sdv-id-ZjVaxG,ACC_225,ENT_UK_014,94998.56990542985,USD,2026-02-03 18:00:14,19f8:826a:b7aa:b21e:28a3:9830:5ccb:e274,2
sdv-id-HgmXJp,ACC_142,ENT_UK_005,245853.4038336385,USD,2026-02-07 01:36:16,4c2e:f81a:e9b7:c5c6:5832:26a8:4948:94bc,2
sdv-id-DQTdNa,ACC_189,ENT_UK_019,11675.942541387443,USD,2026-01-16 21:51:25,2d96:d792:f532:d500:9fbd:b1fb:686b:dccd,1
sdv-id-FHibDy,ACC_171,ENT_UK_014,25770.9652964697,USD,2026-03-17 00:35:08,ab1e:28d6:c1cc:9fb2:2915:5e42:d0a3:451,1
sdv-id-pcfTUj,ACC_107,ENT_UK_012,271141.70436520164,USD,2026-03-09 08:40:36,b1a2:4eee:961c:2677:c1c7:f183:6ee5:1e27,2
sdv-id-vBMecH,ACC_134,ENT_UK_004,12122.444075354892,USD,2026-01-14 08:25:27,80c3:9b37:f1be:d8fa:b51d:7234:ec8c:55ef,1
sdv-id-maeSxD,ACC_264,ENT_UK_012,418607.4060581103,USD,2026-03-27 05:58:08,a24f:2fdf:cfc4:1e9:8741:dc04:8e2a:5ff0,1
sdv-id-EXSCwA,ACC_211,ENT_UK_012,36337.869833342935,USD,2026-01-27 01:58:47,132:817f:12ab:d1e4:b3e7:327f:57bf:5219,1
sdv-id-rcNjVq,ACC_271,ENT_UK_002,85408.47498014267,USD,2026-02-05 00:26:31,51eb:7f68:aaa6:8fbb:7084:2891:a4b8:d5e5,1
sdv-id-LBdwpc,ACC_134,ENT_UK_019,1582.034773324866,USD,2026-02-19 13:41:16,ea10:8518:b9b7:f692:eb33:f168:ffd6:106c,1
sdv-id-LAIYEW,ACC_146,ENT_UK_019,799540.5948314612,USD,2026-03-10 01:41:17,393c:5f5d:562c:fb7:45e6:10f8:17d2:1b7a,2
sdv-id-kkGAjm,ACC_107,ENT_UK_007,96460.28851019486,USD,2026-03-27 13:09:29,8e4b:17f9:886c:61ac:4fd3:4460:4daa:4fd1,1
sdv-id-xGuwjI,ACC_253,ENT_UK_006,160486.77921345166,USD,2026-02-23 17:55:19,c0fd:b57d:3ecc:8ef3:3f9e:7322:ec43:36a2,1
sdv-id-MEQwRJ,ACC_248,ENT_UK_016,2064.682067382658,USD,2026-03-29 06:53:30,5add:700e:37ef:366b:115a:7418:2570:51ab,1
sdv-id-tnVVNK,ACC_123,ENT_UK_015,1023844.1693836326,USD,2026-03-26 10:39:25,e1a9:9a93:dcb:ecb3:90e9:e6ea:6cc9:d3c1,2
sdv-id-jwOABb,ACC_187,ENT_UK_018,50179.283734468394,USD,2026-02-13 13:01:56,d072:e2db:4f8c:ff65:6583:9b9e:4f9e:f809,1
sdv-id-iswRcW,ACC_293,ENT_UK_008,600934.5855934281,USD,2026-02-25 03:28:02,cd9f:1bf:6645:596c:17e4:dadb:8dcd:74ad,1
sdv-id-hezPgK,ACC_155,ENT_UK_005,471942.2642404287,USD,2026-01-12 09:30:32,be3:192f:f5a6:e9c8:91c7:8780:218b:6754,1
sdv-id-CkRgts,ACC_273,ENT_UK_006,1790.6777764152228,USD,2026-03-11 20:07:21,aa94:85e4:e8f4:d7aa:e3a:dc55:cc60:59dd,1
sdv-id-UqNFnB,ACC_299,ENT_UK_015,56491.274702862014,USD,2026-03-26 06:36:31,58db:da84:9ca1:fed9:ea21:542c:b9b0:1b4c,1
sdv-id-akeXIu,ACC_273,ENT_UK_005,1151506.8479462212,USD,2026-02-01 21:31:42,6e2e:b2cc:6d62:a11:3b9:a499:84a4:b0b0,1
sdv-id-eDFrYD,ACC_107,ENT_UK_015,65229.65304257356,USD,2026-01-12 07:19:39,96a5:1729:192d:14e9:1721:9057:e666:28e7,1
sdv-id-oUGlLP,ACC_142,ENT_UK_017,5655.704377299059,USD,2026-03-14 00:32:04,b6ba:6e23:f8c3:64fd:9661:dbd7:83e2:de28,1
sdv-id-dZXrfA,ACC_171,ENT_UK_014,613699.5988811901,USD,2026-01-16 02:40:09,c97a:240e:927c:4e55:5024:cac3:4169:27e,1
sdv-id-mzpDUr,ACC_243,ENT_UK_009,345343.77431724727,USD,2026-03-15 16:36:37,95b5:6d9c:ebf6:704:db75:dabc:dbd:dd00,1
sdv-id-CrWwJE,ACC_146,ENT_UK_017,41345.134532772856,USD,2026-03-22 23:33:25,6462:411:801:d061:1121:141b:75b2:fa9b,1
sdv-id-RtIgpT,ACC_294,ENT_UK_011,4206.590079172819,USD,2026-01-18 06:49:07,8443:19f:5386:3006:5d43:cb24:9312:52e0,2
sdv-id-eujxkR,ACC_142,ENT_UK_005,328094.6340107096,USD,2026-03-25 12:47:09,18b6:fa38:711b:eedd:2a56:1157:7bc6:8b9a,1
sdv-id-UTkOtY,ACC_225,ENT_UK_008,344386.4436752416,USD,2026-03-29 03:09:47,85e5:c63f:c43f:fa01:3990:1dd3:77d8:9e75,2
sdv-id-dktcfs,ACC_256,ENT_UK_012,2211.6404865936115,USD,2026-02-26 06:53:50,11e5:b6c1:bf84:9946:6a08:521a:d40c:3298,1
sdv-id-nMWTNZ,ACC_242,ENT_UK_006,4246.4943384018325,USD,2026-02-01 07:34:15,3e5e:d3a7:f27f:a2e9:e26f:b458:5d93:6b5a,1
sdv-id-EvxRwd,ACC_196,ENT_UK_010,147152.96734289057,USD,2026-03-13 09:17:58,e20e:fdc:a7fa:d3a4:7ad5:2cb9:4013:bb4f,1
sdv-id-Qfgyls,ACC_142,ENT_UK_005,36768.34060653232,USD,2026-03-05 06:20:15,8e5b:111c:6d7:a119:3563:d36c:8ad8:8401,1
sdv-id-ldLNuo,ACC_248,ENT_UK_007,133324.66222902067,USD,2026-03-20 06:54:32,24:a7f:69f8:3569:d988:90c2:c186:cc3f,1
sdv-id-qsWLvT,ACC_176,ENT_UK_012,14068.756381922174,USD,2026-01-07 00:47:54,c67e:84f2:9bb7:ce1:924:f815:61f7:dc01,1
sdv-id-fOzBPk,ACC_211,ENT_UK_019,5230.625421646884,USD,2026-02-06 15:25:35,eb1a:4774:5c77:4cbc:6402:62c8:9c32:8390,1
sdv-id-xOaVgh,ACC_253,ENT_UK_008,5229.688260365511,USD,2026-03-20 13:23:51,68d1:b924:4ef3:53b2:5571:cd58:bd6b:1aa8,1
sdv-id-WPmYOn,ACC_171,ENT_UK_008,174690.06997350638,USD,2026-03-26 22:06:53,332f:1fa:5f3b:3bae:b250:d692:2069:6960,2
sdv-id-rOZZag,ACC_199,ENT_UK_018,21611.42136574317,USD,2026-01-27 20:48:23,84fb:2da0:f158:7dab:48f1:906a:3844:f9ef,1
sdv-id-DEoEMt,ACC_279,ENT_UK_018,151446.14940974608,USD,2026-03-27 14:52:03,9336:4f82:2aa9:2608:5a8e:c428:eba4:fbb6,2
sdv-id-bJXyzE,ACC_176,ENT_UK_012,991.2358842223936,USD,2026-03-03 00:14:18,b111:e82c:fdc9:17e5:4d2a:55d9:a77d:88e5,1
sdv-id-NwTaGf,ACC_256,ENT_UK_011,166072.13258840644,USD,2026-02-21 08:07:27,2607:95b5:96c7:d64c:f964:d77b:1dc7:1809,1
sdv-id-EmxkYb,ACC_176,ENT_UK_014,212076.53771252243,USD,2026-01-13 22:14:02,78cd:7a28:c9d:a892:e518:1b24:7c9:e6c9,1
sdv-id-XCQxoF,ACC_183,ENT_UK_015,39049.05679695954,USD,2026-02-03 21:18:34,18db:cf05:4037:23fd:91ef:13cd:3aff:3a55,2
sdv-id-EjWViZ,ACC_284,ENT_UK_013,32552.16047329672,USD,2026-01-26 09:47:15,a739:e5ac:11b3:1c78:9702:31d7:8623:1779,1
sdv-id-VaozAE,ACC_186,ENT_UK_012,2383.6512815020164,USD,2026-01-26 18:15:07,c7b0:921:5b75:bc33:27f3:4ab5:8960:efca,1
sdv-id-zWBqBE,ACC_211,ENT_UK_008,1002.0522026607176,USD,2026-01-23 01:47:35,fc5b:62d4:3874:6be1:8f4c:b0f8:5719:aff3,1
sdv-id-qrfmEq,ACC_107,ENT_UK_013,966.4297405513672,USD,2026-01-26 12:58:33,69fa:14f0:245a:1a76:c150:d4e7:ee3f:a953,1
sdv-id-FuLNNG,ACC_256,ENT_UK_017,4325.171942532101,USD,2026-01-27 13:25:02,3075:f19:7c20:6fb9:d5a:a0ad:d7f:ea10,1
sdv-id-FIwlzD,ACC_142,ENT_UK_017,5963.753637510533,USD,2026-03-13 23:03:39,bdea:e268:7e8f:f315:98cc:4e84:7f4e:420e,1
sdv-id-caykTI,ACC_171,ENT_UK_015,196488.75760239575,USD,2026-01-22 06:35:00,641e:38af:1ee8:b3e4:213d:f0ef:95d5:96d0,1
sdv-id-PJggcm,ACC_176,ENT_UK_016,914.6834288639576,USD,2026-03-28 02:46:49,12d4:fe15:46ca:bd56:22d8:52e0:4c53:3745,1
sdv-id-qaZMej,ACC_107,ENT_UK_005,10408.485099097275,USD,2026-01-13 21:19:30,8272:b19a:4d49:72a9:ecbe:3f6d:79f2:f93e,1
sdv-id-YVqrOT,ACC_181,ENT_UK_018,27551.435313049376,USD,2026-01-17 21:29:43,5ae8:2b9a:91af:b7f5:e446:ed36:d6b6:f94f,1
sdv-id-fwZIhu,ACC_196,ENT_UK_017,255774.3902083862,USD,2026-03-28 17:47:29,eba5:9bd3:b17e:a964:c1f6:1729:e985:bd41,1
sdv-id-WreDYz,ACC_284,ENT_UK_001,347757.36834267556,USD,2026-03-20 09:57:19,808f:5c6a:5b71:6f8a:3779:4fba:e711:ac5a,2
sdv-id-SQCdtw,ACC_176,ENT_UK_011,239071.23200944305,USD,2026-01-06 22:32:20,c909:345b:91f2:71f5:d1a1:5e6b:51df:797d,1
sdv-id-lbhcJm,ACC_176,ENT_UK_009,6651.889570915365,USD,2026-03-17 15:32:39,c019:2263:b594:3478:2496:e8fd:1cfb:40fa,1
sdv-id-bKvAUw,ACC_134,ENT_UK_004,94998.74160577769,USD,2026-01-09 23:59:15,9619:3cfe:fcf4:e9b6:3b8d:f96c:cbfa:ef2f,1
sdv-id-fkLfQL,ACC_123,ENT_UK_014,6891.9082636778485,USD,2026-04-01 03:26:26,38d8:6156:babb:ab19:eed7:ce76:4c94:7aa4,1
sdv-id-SaXpJx,ACC_284,ENT_UK_011,3444.079844090323,USD,2026-03-07 16:25:52,6def:2c2a:b0b3:475e:cc08:6216:3ff5:a814,1
sdv-id-KGooyl,ACC_164,ENT_UK_002,1820.2897156471151,USD,2026-02-22 13:53:09,c782:129e:1196:6e99:5221:a03a:f838:8e63,1
sdv-id-aUwkxH,ACC_225,ENT_UK_007,21227.164704780374,USD,2026-01-04 06:10:43,56b1:7d51:7371:5153:9a42:5e41:9dfd:81f0,1
sdv-id-Auzvmh,ACC_225,ENT_UK_011,941.2182729707124,USD,2026-01-31 03:51:42,6c6d:6e18:193:ebcf:38d9:f85c:c29c:50de,1
sdv-id-DiSLuZ,ACC_171,ENT_UK_015,329701.30426627886,USD,2026-01-13 05:03:01,a743:80a7:7da6:5599:5ccc:7607:ede4:52df,1
sdv-id-KEONvc,ACC_176,ENT_UK_013,131415.03113519683,USD,2026-03-04 00:59:59,450c:1d0a:38f6:41a6:5ecf:1937:a616:28a9,1
sdv-id-IJdMBh,ACC_247,ENT_UK_010,105215.75360335564,USD,2026-03-08 00:37:32,53a7:362:eddb:5b59:90d9:caa6:bcc:2089,1
sdv-id-JOVUta,ACC_176,ENT_UK_007,25530.42584677777,USD,2026-01-08 16:05:08,8194:7bf7:34b3:eacc:298b:c137:6b11:1e86,1
sdv-id-FUnWfL,ACC_171,ENT_UK_012,2397.884187727225,USD,2026-02-02 11:53:13,8dbe:28e3:8de7:362:7914:d45a:de5b:1162,1
sdv-id-AgaOqi,ACC_107,ENT_UK_016,11905.11924926996,USD,2026-01-03 04:55:27,392:ed4e:f143:d6a5:ea53:b2b2:5e6f:ba0a,1
sdv-id-wvCDBI,ACC_273,ENT_UK_008,17160.01484454727,USD,2026-02-01 05:17:32,76df:209e:8f43:d163:9f5a:ab09:18f6:8900,1
sdv-id-RWKjXt,ACC_242,ENT_UK_004,3065.917359611937,USD,2026-03-06 12:33:01,ce3c:fcad:7ad5:1a7a:8ba4:ea80:936a:156a,1
sdv-id-sMBPJD,ACC_134,ENT_UK_019,578514.3985479792,USD,2026-01-30 08:44:35,73a4:6203:4b64:7324:a483:c1b:b523:eac7,1
sdv-id-ZjPtgw,ACC_234,ENT_UK_010,174671.58833965406,USD,2026-01-18 07:31:48,e09c:6566:2d44:85a2:c463:8a59:3178:7463,1
sdv-id-OIsfHt,ACC_273,ENT_UK_001,40074.17462535807,USD,2026-01-20 13:03:18,c5ad:f2e3:72e7:b33:20e7:776d:d1b1:cccb,1
sdv-id-oBRZcj,ACC_155,ENT_UK_012,41930.77123544212,USD,2026-01-02 14:27:24,47f2:6e7c:638a:d622:2d6f:9e90:a3f4:be30,1
sdv-id-kEDHis,ACC_248,ENT_UK_007,1760.2810514153398,USD,2026-03-12 22:56:23,6d59:d240:b013:a101:3838:b966:a52f:610b,1
sdv-id-NFwBQI,ACC_100,ENT_UK_009,1164.1820211400031,USD,2026-03-29 02:07:38,62b5:7e41:9326:edc4:4d35:350c:ac54:9e01,1
sdv-id-wiGmEq,ACC_142,ENT_UK_002,3697.485683466241,USD,2026-02-16 23:58:17,5d59:ae20:cb3a:b3d:a971:1f5e:c4ef:3453,1
sdv-id-eYAHtz,ACC_211,ENT_UK_012,3426.9350016799444,USD,2026-02-22 01:21:15,30b5:d5cd:d28a:3560:a545:78af:fc11:9ad7,1
sdv-id-eERtiO,ACC_294,ENT_UK_011,167857.8962404476,USD,2026-03-28 23:18:20,269a:fb45:2539:8d6e:2024:43ce:6c60:83f4,2
sdv-id-ytEZGf,ACC_134,ENT_UK_006,64437.91723653154,USD,2026-02-27 17:19:17,4387:ca96:f8b:26ff:939e:3836:d81:5a9f,2
sdv-id-rvMzmb,ACC_170,ENT_UK_006,15768.016189955182,USD,2026-01-13 00:54:24,5da1:4f1a:834b:138d:114b:4cbd:d7d9:1fdd,1
sdv-id-wkiDgG,ACC_181,ENT_UK_008,1832.8597962410036,USD,2026-01-21 03:10:27,32c6:f45b:985d:2de3:3c22:ba4e:cbe0:5c18,1
sdv-id-wwBUqX,ACC_160,ENT_UK_009,296135.16175994306,USD,2026-01-06 06:31:44,958d:c923:bcae:d29c:8546:f61b:475e:2fbd,2
sdv-id-tXvNIO,ACC_273,ENT_UK_001,576902.7140640824,USD,2026-03-05 05:45:38,e64:4a1e:d9ac:f315:3e08:b2e6:4cbd:e569,2
sdv-id-wwXeea,ACC_271,ENT_UK_007,278651.8384736336,USD,2026-03-27 13:16:57,1295:102f:3601:c2bc:9807:91fd:b749:2e18,1
sdv-id-UIOzIX,ACC_155,ENT_UK_004,1085.436584267506,USD,2026-03-19 10:04:48,7c2e:be42:2f5d:e308:80c4:3ee6:636b:6146,1
sdv-id-PmairS,ACC_171,ENT_UK_010,557724.9290641568,USD,2026-04-01 10:35:31,8b9:f38d:aade:f76:9535:3294:10c4:6b21,1
sdv-id-tiHvnZ,ACC_134,ENT_UK_012,1046.7470541766525,USD,2026-03-14 19:25:20,1b6:c74e:4c44:c29c:2ae7:b184:ef4:e338,1
sdv-id-FUaOkL,ACC_271,ENT_UK_001,220253.36289478143,USD,2026-01-27 03:41:35,f1b0:1103:33d7:e0ad:a7db:6780:aaa1:247d,1
sdv-id-ZwJWpU,ACC_273,ENT_UK_019,4773.430553770721,USD,2026-03-12 07:41:37,143f:1afe:875a:2b4:5421:3587:7c10:d3b3,1
sdv-id-XlZGJY,ACC_176,ENT_UK_017,2553.8984915201877,USD,2026-02-04 03:46:14,de7f:a213:1da5:cd3d:1ffd:516:9e4a:6f6d,1
sdv-id-WUeHpf,ACC_271,ENT_UK_003,30247.319846816983,USD,2026-03-16 05:18:05,95db:5f39:8ebc:58db:c7aa:8dc8:896e:73fe,1
sdv-id-WvPzRf,ACC_271,ENT_UK_016,263542.1749962273,USD,2026-02-17 13:36:14,bd85:e172:bd78:1340:f5d8:b835:f1b5:7c7a,1
sdv-id-nvwgXv,ACC_242,ENT_UK_010,906440.5090230862,USD,2026-03-15 04:23:47,888a:bbd7:e892:4b36:a9c4:9fd:23a1:e399,1
sdv-id-AEcRog,ACC_176,ENT_UK_001,17916.648354594803,USD,2026-01-20 20:41:54,1ee1:ef8:7dc4:bdc2:42da:537b:21f9:8924,1
sdv-id-IsNvRg,ACC_142,ENT_UK_016,1968.517819217752,USD,2026-03-02 19:46:10,a8ae:ae14:b262:1703:631d:a5f2:17ed:67ec,1
sdv-id-UABmNa,ACC_299,ENT_UK_010,1188.8952009037405,USD,2026-03-04 01:10:28,d486:5dd8:9e52:183f:4327:bfa0:55ad:a2dc,1
sdv-id-NbsQmH,ACC_199,ENT_UK_009,10767.415655870996,USD,2026-01-01 08:59:35,d6e9:9cd7:ca1f:17d0:d5df:2c7e:11f2:97a1,1
sdv-id-YmekWc,ACC_142,ENT_UK_006,297788.0859171008,USD,2026-01-16 16:03:27,519d:6098:a2cc:4621:8aef:bac7:b0b5:e56d,1
sdv-id-BYukpS,ACC_243,ENT_UK_019,1245208.7271091817,USD,2026-02-17 09:11:13,a5f1:9559:fa1b:7f00:5bf6:f40f:b58f:7d6b,1
sdv-id-pHXYpj,ACC_284,ENT_UK_016,633732.3281656031,USD,2026-01-30 20:02:36,988a:f4d7:8960:7fe7:1ce0:749:571c:300d,1
sdv-id-RFGxIh,ACC_176,ENT_UK_013,1186.3453984132443,USD,2026-01-31 02:58:04,1ef9:2175:79e5:719f:1d93:2015:85a6:2481,1
sdv-id-gKMcYB,ACC_256,ENT_UK_001,67713.9542755479,USD,2026-01-26 04:46:00,4b9c:f782:e2a4:765a:a4e:bc79:db53:4f52,1
sdv-id-CzULUN,ACC_196,ENT_UK_007,212613.81671654925,USD,2026-04-01 01:50:05,25e6:b2c7:8ee6:f42e:9989:a67e:ee3c:635f,1
sdv-id-gktnbU,ACC_264,ENT_UK_012,10458.93319050621,USD,2026-03-17 21:57:21,6dad:74b8:ac0f:75d9:e992:216b:882d:105f,1
sdv-id-nOgKrU,ACC_142,ENT_UK_018,2546.755995811121,USD,2026-02-11 05:59:05,e4fd:edac:c390:498:580b:5d06:ddc8:cbb2,1
sdv-id-iaLoOR,ACC_164,ENT_UK_018,106220.6060836788,USD,2026-02-12 17:13:38,591d:5c2c:b2c4:a421:f3b5:f73:fb3d:f69b,1
sdv-id-MTfxHb,ACC_299,ENT_UK_007,59346.17735135411,USD,2026-02-25 07:29:14,3ba6:b95a:3097:315f:69de:870:16c2:d4eb,1
sdv-id-knNHUc,ACC_176,ENT_UK_013,477891.1855527027,USD,2026-01-31 23:04:24,befc:bc77:6c3b:e63a:399b:cd9:226b:9942,1
sdv-id-xtCIit,ACC_142,ENT_UK_004,6115.653516152851,USD,2026-03-30 13:14:53,25ee:de0e:154c:a943:6cf1:c7f9:b712:8a9d,1
sdv-id-JzSgqw,ACC_107,ENT_UK_011,11745.003224328404,USD,2026-03-15 11:01:34,3ec6:dd7c:9ad9:1700:98be:27dd:509a:1db6,1
sdv-id-CzmFfc,ACC_146,ENT_UK_012,7194.291546783466,USD,2026-03-09 23:47:55,75e4:9616:93c8:b29f:bba0:b0c5:cd2c:53,1
sdv-id-YzVSiP,ACC_142,ENT_UK_010,532161.1696272587,USD,2026-01-22 01:09:57,ac03:f042:5fb1:b99e:1781:9ec9:f07d:561b,1
sdv-id-HIYBtM,ACC_128,ENT_UK_014,85646.89537301757,USD,2026-02-16 08:49:57,747b:bce5:ef2b:e257:4cb5:e233:203e:886a,1
sdv-id-IDAqWw,ACC_198,ENT_UK_005,2251.3030348664015,USD,2026-03-13 12:09:15,3e0a:88e2:8c77:a3f4:fd56:8d8d:e9c6:b7b,1
sdv-id-GcDanA,ACC_142,ENT_UK_013,1451795.0306874893,USD,2026-03-02 19:55:18,b359:f2a5:6e19:b4e2:68d8:d225:fbd7:8edc,1
sdv-id-vZggUL,ACC_299,ENT_UK_002,8370.79204669775,USD,2026-03-01 13:05:26,d716:3007:1c35:5e72:bddc:a45a:e1a8:a693,1
sdv-id-joGDJr,ACC_284,ENT_UK_003,1198.3717844351206,USD,2026-02-08 11:19:59,5c72:8fc0:533b:830a:6a9f:abe:1807:2b58,1
sdv-id-OVNbdU,ACC_171,ENT_UK_018,166634.0096099515,USD,2026-04-01 08:57:12,40fd:3b0:2945:b7f:f60a:1575:74bf:611d,1
sdv-id-qsgqlg,ACC_142,ENT_UK_008,342544.66465149936,USD,2026-02-16 20:29:45,f449:6d11:79b0:41ae:64b4:d8d0:c25b:b2be,1
sdv-id-WqvQsR,ACC_142,ENT_UK_007,37940.84406345521,USD,2026-01-03 18:15:26,d9f9:68cf:63aa:1ef9:9b4b:a184:ddd1:269e,1
sdv-id-CFCIrV,ACC_142,ENT_UK_009,1127.420489030557,USD,2026-01-16 03:23:16,cbb3:73df:32bf:cd58:f91c:48c0:4bc2:a224,1
sdv-id-MxtyJE,ACC_221,ENT_UK_016,305007.8902944331,USD,2026-03-17 00:39:00,3c1d:683b:8993:e63d:ec2:3e9a:7c8e:7d03,1
sdv-id-sqIgpe,ACC_271,ENT_UK_010,111735.76181104808,USD,2026-02-12 13:24:22,afde:731b:c5a3:f579:10ae:c81b:9f82:a89e,1
sdv-id-vXmBrM,ACC_211,ENT_UK_005,10701.553268664718,USD,2026-02-09 16:10:54,d492:d78c:f817:9407:fb43:3fd6:e8eb:1546,1
sdv-id-UQJYRb,ACC_176,ENT_UK_008,38706.20819024532,USD,2026-02-26 10:47:45,1980:e299:a999:213e:d427:3f6a:dc2c:b30a,1
sdv-id-pseNzJ,ACC_211,ENT_UK_006,148355.96911004683,USD,2026-02-01 13:53:32,b51:4603:ff9:687d:c84b:3384:3b95:184,1
sdv-id-ZZkyMv,ACC_186,ENT_UK_001,63400.92658289455,USD,2026-03-28 17:41:07,21ed:36a0:a349:511:1962:17de:5efc:cc39,1
sdv-id-FvgDsV,ACC_123,ENT_UK_003,26473.587622713523,USD,2026-03-29 18:03:11,2de9:88a9:3674:33d5:b591:8a08:d47:f024,1
sdv-id-ILvReh,ACC_176,ENT_UK_015,287643.2813409169,USD,2026-02-18 20:32:22,7c66:471a:fbe3:a6d7:8baf:9595:3c93:c37f,1
sdv-id-YdIzJM,ACC_142,ENT_UK_019,89057.97912148558,USD,2026-02-22 21:51:01,6387:7f94:39cb:a821:af49:ab52:913:8300,1
sdv-id-fzSkrV,ACC_271,ENT_UK_019,34564.327674360946,USD,2026-02-09 01:56:22,3f86:6a43:cd68:2130:9a65:a688:a74:be68,1
sdv-id-Jwbmbn,ACC_273,ENT_UK_018,447401.9063434987,USD,2026-02-17 06:49:06,50b5:2839:714c:4c86:ac19:41dc:5fe6:6a27,1
sdv-id-vzcqBa,ACC_142,ENT_UK_018,535271.5198313935,USD,2026-03-06 16:16:43,e8c3:3674:93ea:ebe3:ab18:175d:88f6:6887,2
sdv-id-SBgLOX,ACC_155,ENT_UK_018,6018.821847479497,USD,2026-02-03 06:59:59,bc1b:4c33:3d60:8335:61b8:fb21:a187:de92,1
sdv-id-tEXMvd,ACC_170,ENT_UK_018,89085.81807958442,USD,2026-01-04 10:59:35,37fe:6de1:10a6:4877:d466:1b41:333d:42c3,2
sdv-id-HEvIeH,ACC_176,ENT_UK_009,1215673.7144279585,USD,2026-02-13 04:37:49,9b27:1fb5:1284:dfc4:1e3e:f997:4540:1743,2
sdv-id-YbDwxy,ACC_284,ENT_UK_018,783081.2558804287,USD,2026-02-23 01:22:43,6bbd:9b1f:477:f6ff:a97b:c8e4:ce6e:72b9,2
sdv-id-JKbbad,ACC_155,ENT_UK_016,10890.723021342828,USD,2026-01-05 15:15:16,aa50:68ee:f330:379e:917e:7369:5c2e:618d,1
sdv-id-zxkVAd,ACC_271,ENT_UK_007,966.2625355750506,USD,2026-01-08 04:03:17,dd5a:240:1c66:3ff:746c:f45a:94d6:48ea,1
sdv-id-hITLoo,ACC_273,ENT_UK_006,291679.37998127635,USD,2026-01-27 10:13:11,fd95:beb5:a117:63f0:521d:240d:a52b:c708,1
sdv-id-gsOiYj,ACC_134,ENT_UK_015,15221.376395001813,USD,2026-01-21 07:48:53,7542:4885:a46a:6ed7:28c:6202:49d2:1d5b,1
sdv-id-OmSBeZ,ACC_107,ENT_UK_013,1370.4050891960112,USD,2026-02-27 22:25:18,2337:1acc:54a0:5c9c:4a4b:7754:aaf4:e8c6,1
sdv-id-SnFvat,ACC_253,ENT_UK_019,3107.0354931090483,USD,2026-03-29 18:05:18,9a2c:1f2c:f08:dffb:9175:2fa:f153:e3d9,1
sdv-id-qowElk,ACC_211,ENT_UK_005,23886.960782848913,USD,2026-03-12 03:49:53,60d:7539:54ce:14bb:309:9987:657a:ff69,1
sdv-id-nFxMJE,ACC_155,ENT_UK_009,1015.166312318969,USD,2026-03-22 16:15:05,7567:5649:3959:623a:dd64:530e:715a:8ecb,1
sdv-id-kbMaJr,ACC_107,ENT_UK_010,697994.7135573742,USD,2026-01-13 20:32:41,b61e:9570:c4ba:fb8e:c06c:985a:2a4f:a48c,1
sdv-id-HXqdyM,ACC_273,ENT_UK_013,88137.76380257755,USD,2026-02-27 18:54:26,2dad:82fc:27b8:4fc3:8722:798f:16d4:fe5c,1
sdv-id-qFCTMn,ACC_253,ENT_UK_017,331741.40285595175,USD,2026-02-01 22:42:09,fbb1:db69:6d07:8468:5e14:7454:a36a:e2c7,2
sdv-id-zIcGRm,ACC_107,ENT_UK_006,87004.0899028094,USD,2026-01-31 11:46:23,1d71:5317:71bf:fe2d:3ab9:990:598a:5434,1
sdv-id-JlSotw,ACC_134,ENT_UK_019,784334.277677526,USD,2026-02-19 13:33:07,9ab9:a254:fae8:c5c4:4042:9b7d:7e8:3b3e,1
sdv-id-JUgvsY,ACC_186,ENT_UK_005,39881.335415549045,USD,2026-03-27 01:24:11,684:7eda:4067:671:1551:3f98:4a63:ecdc,1
sdv-id-RdmDTZ,ACC_156,ENT_UK_016,2794.0803316327647,USD,2026-03-22 02:45:54,1a99:1b09:9a4e:5c95:76cf:ceeb:65c0:f889,1
sdv-id-MBLReR,ACC_176,ENT_UK_012,122809.02427976494,USD,2026-02-25 16:57:30,a61c:4bfd:607f:bd30:d136:1541:46ce:b37,2
sdv-id-IfqyGp,ACC_184,ENT_UK_019,203045.61369943127,USD,2026-03-31 01:04:32,90cc:935c:23d8:cf4b:357:a2c0:9818:892,2
sdv-id-IPvwQg,ACC_164,ENT_UK_002,10864.896655242186,USD,2026-02-19 10:19:48,75c2:75cf:46d1:d373:e7e8:c082:cc78:2625,1
sdv-id-EPttnG,ACC_184,ENT_UK_012,1350.5797729717792,USD,2026-02-08 12:47:17,ca93:177e:9cf4:3106:2311:934e:ac93:e166,2
sdv-id-LCUCMe,ACC_248,ENT_UK_010,1484.7865327267957,USD,2026-02-24 09:35:16,1c13:1cde:a179:8350:a108:ef44:e26d:a1a3,1
sdv-id-WQlDVr,ACC_160,ENT_UK_005,47120.23519851838,USD,2026-01-13 07:32:48,1361:d5ad:d742:470b:ddff:ac66:7190:d83b,2
sdv-id-izoRrE,ACC_221,ENT_UK_007,1009.3019277213804,USD,2026-02-18 18:55:14,6083:4798:861e:a23d:e8e5:56e2:492a:8bea,1
sdv-id-SnGykz,ACC_146,ENT_UK_005,3370.2754916653303,USD,2026-02-03 07:23:31,ac5b:fa07:8e64:6dd4:4183:1d09:39a6:8abb,1
sdv-id-naDbVt,ACC_211,ENT_UK_012,894639.8042629719,USD,2026-01-21 18:08:58,49e4:c4da:29a:326d:98fb:61a7:f36a:db62,1
sdv-id-iBpLyu,ACC_146,ENT_UK_002,51671.799223287155,USD,2026-02-24 03:31:09,c7f4:b6fc:f1d1:a943:8e8b:d732:5e22:d128,1
sdv-id-vPfCTa,ACC_142,ENT_UK_010,38179.45898716868,USD,2026-03-19 04:59:55,cfec:d890:4b25:f250:3df9:a279:3e24:db1e,1
sdv-id-pVXduZ,ACC_142,ENT_UK_003,527981.2783461794,USD,2026-01-24 11:10:28,21ea:4427:ef09:3a7a:d174:9bae:d8bf:48e4,1
sdv-id-EMytRP,ACC_253,ENT_UK_009,724614.4432128202,USD,2026-01-25 09:41:55,de69:2d81:3f0b:2f93:d8ec:70c1:f69e:3588,1
sdv-id-stUHzn,ACC_256,ENT_UK_005,28699.837447521713,USD,2026-01-06 14:59:58,ca23:4a30:8420:7544:ece0:5cf5:10d4:8b83,1
sdv-id-dKBCzt,ACC_171,ENT_UK_008,157473.63132717632,USD,2026-01-22 13:52:12,705b:835e:8468:ee33:5399:9eef:4c74:f2f8,1
sdv-id-PwMHVA,ACC_176,ENT_UK_006,98030.87343298893,USD,2026-03-13 02:26:34,e526:6700:e7ea:d5bf:ea60:b50f:aa1d:5f7a,1
sdv-id-txxUTD,ACC_162,ENT_UK_011,83073.68147880818,USD,2026-03-08 18:23:24,7fb:9930:c302:cf67:74fc:be43:f69e:f33b,1
sdv-id-NBHRUW,ACC_196,ENT_UK_010,1603.718121443404,USD,2026-02-26 00:30:46,dfc:a36e:fa68:dd5c:f691:40ef:c2ee:94e,1
sdv-id-ehfkfj,ACC_179,ENT_UK_018,2948.835932766971,USD,2026-03-14 22:34:15,18a:d569:a69c:9efa:5f81:9758:49ee:7c02,1
sdv-id-gAPFCk,ACC_142,ENT_UK_007,7287.804838612351,USD,2026-03-27 01:33:14,ae60:9e5:1830:1a36:aa7a:89e2:1c0c:f895,1
sdv-id-ajdqCJ,ACC_123,ENT_UK_009,107227.53756343931,USD,2026-03-30 15:00:28,984b:69ef:4fb3:db6c:c676:3db1:d893:437c,1
sdv-id-iYIPsY,ACC_187,ENT_UK_009,83579.25191827615,USD,2026-03-15 18:07:55,46e4:1ad0:ce12:d3a2:a5aa:1ce0:115b:f049,1
sdv-id-bZTxQf,ACC_221,ENT_UK_018,147076.1249295394,USD,2026-02-27 08:29:44,2e8c:4448:e748:c550:eba9:5034:5814:3041,1
sdv-id-XrwIpW,ACC_264,ENT_UK_018,923.7546220963346,USD,2026-04-01 08:44:56,c5bf:444e:3a44:1ff0:284d:b614:f21:434f,1
sdv-id-pXVKIL,ACC_273,ENT_UK_015,98587.13185054636,USD,2026-01-11 11:47:12,e3de:5dd2:f1a1:8e8f:c390:a2b:82a7:e5f8,1
sdv-id-KvRsKT,ACC_243,ENT_UK_013,3292.923524849814,USD,2026-03-18 11:11:02,b663:7929:cf9a:6511:b588:5ef5:fa7:27ff,1
sdv-id-vtTVlu,ACC_162,ENT_UK_013,1233369.5434418565,USD,2026-02-12 09:35:20,893d:473d:2f2:9499:26cb:1380:36f9:4f6f,1
sdv-id-NCFQEO,ACC_221,ENT_UK_003,277117.4161053904,USD,2026-01-23 09:08:30,ee35:64c1:3121:c3a4:e21e:9b15:2900:ca46,1
sdv-id-iArvIE,ACC_142,ENT_UK_001,70610.97975638253,USD,2026-01-06 22:35:57,3e52:5b7:3b22:eaef:67f7:f301:41c7:5a46,1
sdv-id-HRctET,ACC_199,ENT_UK_018,377225.5587388391,USD,2026-04-01 18:41:44,d18:db06:7fb4:5c54:390f:d605:7486:3452,1
sdv-id-JEAAye,ACC_186,ENT_UK_013,741331.9806421062,USD,2026-03-22 00:18:16,742b:fa58:db58:663a:edcf:908d:c0cd:b04e,1
sdv-id-ZuINXX,ACC_146,ENT_UK_006,853600.6393045397,USD,2026-01-12 19:55:47,ef5c:157d:5f15:c8ea:6a01:ef01:b18:a911,1
sdv-id-FjaTnp,ACC_248,ENT_UK_009,113683.63196632244,USD,2026-03-10 13:57:21,3e05:c84b:51fb:3732:5b37:6d91:146b:f612,1
sdv-id-pibDgF,ACC_164,ENT_UK_003,535751.0016876904,USD,2026-02-16 09:50:49,bf0e:9862:86f4:20da:a764:687b:5029:5561,1
sdv-id-RlevLD,ACC_156,ENT_UK_011,72422.07611132324,USD,2026-03-30 01:26:24,f999:825:cb49:c1a:4520:81fe:be9b:d2f0,1
sdv-id-GHHikz,ACC_248,ENT_UK_008,411101.6747534626,USD,2026-03-09 15:33:58,8787:42d5:af6f:84d1:b0a2:152b:1f42:5775,1
sdv-id-NeIhJR,ACC_181,ENT_UK_003,1140760.954138198,USD,2026-02-28 15:57:23,c819:d40a:b65f:847e:bbcb:12d0:f099:5db,1
sdv-id-oyLiqh,ACC_134,ENT_UK_018,346954.5911282441,USD,2026-03-21 00:47:15,618e:8681:d5b1:e614:28a9:d231:d53:5c50,1
sdv-id-ZqtcRW,ACC_107,ENT_UK_005,938.3365674080007,USD,2026-03-21 10:54:06,5938:706a:bedd:7cf7:86b4:a897:f7d7:69e5,1
sdv-id-DMSqQv,ACC_211,ENT_UK_006,1128803.838190177,USD,2026-03-14 01:38:03,7c2a:dcb5:91c9:bf1f:65d0:96f7:7f8f:db96,2
sdv-id-ETevgR,ACC_142,ENT_UK_014,59010.03355474709,USD,2026-01-24 11:36:00,9d33:c049:3f1d:a356:2e29:720b:761a:28f8,1
sdv-id-ShMERI,ACC_100,ENT_UK_001,47325.643497122066,USD,2026-03-20 00:06:29,65bb:956d:10bd:ee96:d79a:dddc:6f16:8faf,1
sdv-id-IzxVEQ,ACC_156,ENT_UK_017,979.0415181751748,USD,2026-02-08 22:30:19,e619:9b15:4935:42da:5794:4496:7fda:dd3c,1
sdv-id-NHcddC,ACC_171,ENT_UK_003,922420.4511366986,USD,2026-01-20 07:11:12,c2a0:a817:8fd8:17e:94a9:7bdd:921a:446c,1
sdv-id-rKlYPs,ACC_181,ENT_UK_002,19167.142515326123,USD,2026-01-30 22:19:18,5624:5951:4b71:74d4:9a82:bddc:dddd:9e6e,1
sdv-id-CRlgsb,ACC_293,ENT_UK_012,427245.14278516365,USD,2026-02-06 16:28:46,1d5f:1277:6c2d:81bc:f9c2:b995:e9a6:80fa,2
sdv-id-gHuNRs,ACC_142,ENT_UK_016,6339.9455970157005,USD,2026-02-03 21:12:08,913b:f003:953:b5ff:f198:ea7a:df75:26b6,1
sdv-id-PGdefY,ACC_176,ENT_UK_011,729584.5786131952,USD,2026-01-31 19:49:31,fdd3:20f9:e63c:dfd5:508a:1fdc:8dad:6329,1
sdv-id-WwxprB,ACC_142,ENT_UK_007,6753.307471100055,USD,2026-03-12 16:21:14,230f:82b:dddb:8bd1:b08f:fdef:5894:8cf,1
sdv-id-qakNtJ,ACC_142,ENT_UK_005,375090.47304415394,USD,2026-02-21 08:07:11,8d26:e339:e2a0:d4a3:3420:f238:6010:1d54,2
sdv-id-tTmiYY,ACC_271,ENT_UK_015,113839.50401531837,USD,2026-03-29 12:30:33,3aa1:ff11:6aa2:21eb:cd41:d732:cac0:3997,1
sdv-id-mkkeGp,ACC_146,ENT_UK_012,71583.14915259175,USD,2026-01-17 21:46:43,c59f:a0a8:bf8:cd22:7158:3b6:f8cc:7cc,1
sdv-id-VcNwMT,ACC_176,ENT_UK_017,355504.8076470121,USD,2026-01-26 11:21:04,6c90:e7a:44f5:7eac:bb9a:e2cc:8af5:cc91,1
sdv-id-oqRjhN,ACC_155,ENT_UK_013,34455.13311214526,USD,2026-03-03 11:15:14,a0e0:1f0a:f95a:9fc4:f04e:17bf:793:859c,1
sdv-id-IYEjBP,ACC_248,ENT_UK_015,219695.35211290827,USD,2026-01-11 01:27:52,3577:9671:4e8c:8b23:160e:37df:d54d:ca3,1
sdv-id-EfIBBl,ACC_146,ENT_UK_001,76022.98604987275,USD,2026-03-30 14:32:34,bcec:9b6b:7de9:a5ac:9031:98a5:320b:66f,1
sdv-id-RiQxUt,ACC_156,ENT_UK_003,117821.43591127824,USD,2026-03-30 03:03:04,3e5e:eed2:8de5:964f:5305:25e2:3cf4:88c8,1
sdv-id-vLsmKH,ACC_142,ENT_UK_008,906778.2230506098,USD,2026-01-05 13:48:07,b914:b68d:cab:6db3:a271:6901:d11f:2694,1
sdv-id-DbEiBN,ACC_142,ENT_UK_002,723797.2797796794,USD,2026-03-01 01:09:45,1a86:623b:f686:1a7:1b1:597:43:efe4,2
sdv-id-aavPOI,ACC_199,ENT_UK_006,71504.72757452901,USD,2026-03-28 02:14:36,7a3a:70e3:ca8:f2d9:fa97:259:447e:f30e,1
sdv-id-eEQSSd,ACC_181,ENT_UK_011,246122.57473659684,USD,2026-02-14 03:59:25,6157:3c66:b41d:9ad1:c13b:483e:b98c:5e72,1
sdv-id-apRWXX,ACC_264,ENT_UK_019,796270.2129605417,USD,2026-02-21 22:19:17,8e0a:421a:98d5:c4f4:d8db:c723:fa67:77fe,1
sdv-id-vIsVCI,ACC_107,ENT_UK_006,3618.158291944638,USD,2026-01-04 09:23:17,87f9:c61a:95a6:7c3d:18bf:f212:d58a:1fbc,1
sdv-id-yvRlMh,ACC_171,ENT_UK_005,269826.66170270956,USD,2026-02-04 03:03:58,28f8:9586:e2f5:7249:92fd:46da:7a41:820a,1
sdv-id-cOpomK,ACC_176,ENT_UK_002,9219.173740677265,USD,2026-01-27 15:24:13,dcb8:a3be:ba7d:2135:6481:a007:790d:2822,1
sdv-id-wmgMei,ACC_234,ENT_UK_004,234665.27652117523,USD,2026-01-27 05:43:56,8e02:6ad0:b6f5:85b1:45b5:6b1d:c91d:c7d1,1
sdv-id-eknSMN,ACC_155,ENT_UK_015,603388.5477557726,USD,2026-03-27 18:04:37,51b4:b8c0:4c6:5aa9:faa2:5b75:f8c5:2ba3,1
sdv-id-YHvcNh,ACC_107,ENT_UK_016,33900.288133301925,USD,2026-03-21 12:50:34,e2dc:1ae8:daa3:84c7:1041:647a:571d:c08f,1
sdv-id-JntUHt,ACC_160,ENT_UK_006,75425.391662079,USD,2026-01-02 10:58:10,6517:8e85:7416:9ff:6bd2:d2dc:e30e:8dd9,2
sdv-id-vPalxR,ACC_211,ENT_UK_010,989.5398986101486,USD,2026-02-25 02:30:07,2439:bf10:a949:2c6:dda:6134:b195:cd3e,1
sdv-id-mDtkmi,ACC_171,ENT_UK_017,169139.4956615544,USD,2026-02-14 01:06:20,b296:2a4c:ad33:455d:3d06:ae63:3d8b:c4ab,2
sdv-id-VNYPVK,ACC_248,ENT_UK_002,475043.0954079057,USD,2026-01-11 09:50:00,35ab:34d6:4480:75a8:3229:4f43:395b:d25b,2
sdv-id-ophash,ACC_176,ENT_UK_018,10557.664199242128,USD,2026-01-31 17:26:02,fd23:a99:9ef5:b9f9:e374:f65c:33e8:5edb,1
sdv-id-ipjtXe,ACC_196,ENT_UK_006,2226.3035999009303,USD,2026-01-15 23:55:23,a96c:2c33:205f:f119:be9:586e:1170:a667,1
sdv-id-dcPtgh,ACC_156,ENT_UK_002,153010.80057532663,USD,2026-03-24 07:46:13,c0be:1100:b00f:1b98:ea4:1f55:b59d:27e1,1
sdv-id-EJvhlu,ACC_155,ENT_UK_002,68952.59041146211,USD,2026-01-12 19:53:06,c10f:bc16:cf79:9120:b060:a3a:e4dd:d2f7,1
sdv-id-ykkqdb,ACC_156,ENT_UK_002,120251.70347318937,USD,2026-02-12 11:38:56,f00f:a0e8:3fcc:66d:44e:56ac:ee46:7ee1,1
sdv-id-MYzsom,ACC_242,ENT_UK_003,23356.254593596805,USD,2026-01-11 17:41:15,747c:8dfd:ae0a:fddc:ebfe:c92e:1af1:1c9f,1
sdv-id-GZVRJw,ACC_171,ENT_UK_002,9285.447763143007,USD,2026-02-27 08:55:22,f13b:1a17:cece:a2e8:2f07:b4ca:7e1:41d7,1
sdv-id-qQcMnr,ACC_225,ENT_UK_001,904407.8756508884,USD,2026-01-26 23:38:52,3480:af90:3eb1:73a1:b8f0:8f3c:31f0:7dfa,1
sdv-id-tXCXWI,ACC_284,ENT_UK_013,1525.303901902182,USD,2026-02-18 12:09:15,c3da:75c2:32f7:fa3:1ba4:6416:aab1:a2a9,1
sdv-id-DdzlRm,ACC_242,ENT_UK_017,114257.3403563982,USD,2026-03-29 23:56:10,53e:84db:4017:4a8e:6b04:155d:a517:9852,1
sdv-id-FhfNsN,ACC_176,ENT_UK_001,197996.36299958423,USD,2026-01-18 18:35:11,c9ef:796b:cde8:1e80:2f0f:d6a5:c2e0:2a7d,1
sdv-id-jTHrtg,ACC_264,ENT_UK_003,30794.193107510047,USD,2026-03-03 12:26:58,d927:75b1:90b0:f31f:16f5:4f07:f8a3:22b6,1
sdv-id-drezBl,ACC_142,ENT_UK_002,14774.87079518889,USD,2026-02-10 23:49:44,c841:45e6:a5de:4ee2:77b3:a4a1:af0f:2c74,1
sdv-id-kAGUTp,ACC_211,ENT_UK_015,10337.969679914451,USD,2026-01-30 15:21:26,e9c6:942e:db8f:f333:525b:a5cc:70c2:d384,1
sdv-id-qVogsF,ACC_271,ENT_UK_010,15502.91751395606,USD,2026-02-15 01:44:48,a2da:5731:8dd8:43a5:b988:c35d:8fbd:6261,1
sdv-id-LGmOqW,ACC_100,ENT_UK_007,955235.6917881249,USD,2026-03-08 04:41:33,5a0c:8e83:3703:108c:ccdc:24ee:48a8:917b,1
sdv-id-hifWHB,ACC_176,ENT_UK_001,3872.464028164247,USD,2026-02-13 09:42:44,135b:7fea:6210:f502:fe62:9bd9:b131:94f9,1
sdv-id-hyuxol,ACC_107,ENT_UK_012,1212630.5517400594,USD,2026-01-08 03:18:15,1f9f:afa7:76a7:f39e:d246:645d:5e4a:6a43,1
sdv-id-kkXfNS,ACC_293,ENT_UK_018,119023.47136777092,USD,2026-02-05 15:00:55,eae1:4897:c84c:df45:2c37:6beb:ffce:a63c,1
sdv-id-wzDNwD,ACC_107,ENT_UK_018,15186.789116703752,USD,2026-02-05 22:42:57,d30:bd17:c173:6295:a910:e1d8:c862:d0db,1
sdv-id-IMAvWA,ACC_176,ENT_UK_007,12007.546968955172,USD,2026-03-28 04:49:39,42f8:55c0:b8ac:c43f:a8db:d3ca:d458:c7a1,1
sdv-id-VhVXYu,ACC_284,ENT_UK_009,963830.161691315,USD,2026-01-12 22:00:14,1d50:3d8d:9b7e:e5cd:1541:262f:7d10:c157,1
sdv-id-znrEhy,ACC_247,ENT_UK_014,109687.21969308668,USD,2026-02-24 06:25:11,e087:12c5:bbfe:d035:37ab:780b:25f1:a9b5,1
sdv-id-SkfpbZ,ACC_253,ENT_UK_008,1210.9806883816502,USD,2026-01-26 07:49:26,48ad:98e3:e6b:88c2:ffe6:c5e5:81c4:7290,1
sdv-id-pESwfQ,ACC_211,ENT_UK_011,102912.07294877812,USD,2026-03-27 11:27:48,197a:5082:b84d:7d8e:d526:26ac:b492:b3e6,1
sdv-id-CuGpqp,ACC_176,ENT_UK_015,876284.2230327877,USD,2026-01-25 16:31:00,445a:e5c:79e8:cdcf:b1b6:ce46:fefc:9315,2
sdv-id-dWSSph,ACC_176,ENT_UK_009,7999.915792015798,USD,2026-01-30 05:21:21,3ffa:179d:c1eb:7607:e032:3ec2:8d9c:188c,1
sdv-id-PURFgy,ACC_176,ENT_UK_003,216703.12211994297,USD,2026-03-15 06:33:04,7909:9ea4:9541:f6de:9f0f:5abb:89be:66b4,1
sdv-id-zgCzfC,ACC_273,ENT_UK_017,627776.8276271079,USD,2026-01-05 07:39:22,346e:2b53:b334:9f60:346b:f940:ffb9:3563,1
sdv-id-KTdrUM,ACC_271,ENT_UK_010,138175.93940717535,USD,2026-02-16 19:34:58,bd62:8ebd:5b44:2e06:f23b:5920:8851:ff44,1
sdv-id-NNUnEU,ACC_134,ENT_UK_015,1965.0327788881248,USD,2026-03-29 23:09:23,d0ff:de0a:4511:b536:6cd7:53aa:f289:289a,1
sdv-id-SeuBMu,ACC_186,ENT_UK_003,2216.6855566008608,USD,2026-03-15 02:41:00,1b79:be90:230b:2599:aa99:fbc2:219d:fa99,1
sdv-id-mqnrZn,ACC_142,ENT_UK_015,489379.44971977186,USD,2026-02-27 05:14:34,77b5:c530:f90b:3c88:6740:ff7b:4db1:1e59,2
sdv-id-phLTGD,ACC_170,ENT_UK_008,1056620.4527945642,USD,2026-01-24 11:22:25,e1d2:2c39:b848:2e2a:25d9:bf05:2207:d850,1
sdv-id-kMvANe,ACC_156,ENT_UK_011,24595.923663847305,USD,2026-02-11 14:50:14,e9c1:ab88:ad21:6e5c:c0e6:26ea:661a:31d5,1
sdv-id-ZZNUqc,ACC_146,ENT_UK_001,55354.34119045097,USD,2026-02-01 19:26:01,58d1:9ca:d5e7:707f:fd58:1db:87bc:dc6e,1
sdv-id-Nbhttt,ACC_262,ENT_UK_008,61710.71679541738,USD,2026-03-18 00:31:02,80da:7958:19bf:505d:3bc:e7e5:23ae:757d,1
sdv-id-NWgjDf,ACC_162,ENT_UK_009,351744.20116823947,USD,2026-03-18 13:37:51,ec49:367a:ccb2:7169:a05b:89fa:4759:81fe,1
sdv-id-nDBXiy,ACC_176,ENT_UK_004,93658.16658110116,USD,2026-01-12 13:24:37,94b3:13e8:6485:3185:50b4:173c:c44e:1156,1
sdv-id-PjILse,ACC_271,ENT_UK_008,60587.60523702478,USD,2026-03-11 03:27:00,a239:2dc8:6f3:ca5b:456b:86c4:48d3:fd34,1
sdv-id-ctIOpk,ACC_262,ENT_UK_011,1338099.8292045093,USD,2026-02-03 17:55:42,72aa:c2a4:81a1:842c:2057:3129:d6b3:9fc0,1
sdv-id-UufZrW,ACC_142,ENT_UK_004,608677.0933906212,USD,2026-02-01 09:03:43,b432:5169:ffbc:8b45:c08b:c84c:1537:15ba,1
sdv-id-DumsDs,ACC_256,ENT_UK_015,58469.28097607128,USD,2026-01-07 12:33:16,506c:d45f:115a:148c:d1fb:dc05:c299:4e1b,1
sdv-id-BafaoX,ACC_146,ENT_UK_009,183327.7283919628,USD,2026-02-28 14:52:58,1da1:dc43:e5f2:d126:e1ee:3b72:4e98:f2c1,1
sdv-id-myoxGC,ACC_176,ENT_UK_019,1053.1819517407384,USD,2026-01-31 15:17:21,992e:16cb:fade:eb07:2f5a:797a:64e3:5c19,1
sdv-id-mnoFdE,ACC_107,ENT_UK_011,279097.77618276846,USD,2026-02-01 01:29:15,644a:41ce:cd9:9ee8:876b:24d5:57fd:1ff4,1
sdv-id-CblbFf,ACC_164,ENT_UK_010,601655.2075185854,USD,2026-03-16 07:23:24,11c1:9df2:5dee:e200:6283:d7f5:594d:8bd1,2
sdv-id-CNkuAp,ACC_211,ENT_UK_010,41867.04436492388,USD,2026-03-09 07:57:10,11e9:f3ad:3c2d:f463:3b23:93db:d720:1209,1
sdv-id-utOoAd,ACC_160,ENT_UK_003,2967.333553258008,USD,2026-01-05 11:38:29,c28c:fadc:76ee:ffd7:9360:eb49:c433:bf57,2
sdv-id-dNUvhr,ACC_293,ENT_UK_018,369110.047412169,USD,2026-03-17 07:51:14,79ef:3cad:298b:757d:5d59:fb94:b42e:ef2f,1
sdv-id-kIgxlQ,ACC_146,ENT_UK_018,19882.0151580807,USD,2026-02-22 17:18:38,92de:248d:4e74:7f5a:3577:da5:c15e:7ba1,1
sdv-id-pKjjSw,ACC_271,ENT_UK_014,123760.95491143166,USD,2026-02-18 12:52:09,bc30:8d20:c385:62e3:e1e6:d7f:d072:a514,2
sdv-id-nSUWNS,ACC_160,ENT_UK_008,972.8156993123642,USD,2026-01-13 03:42:58,6c5e:f487:92e0:4cb2:b6be:5999:7cc5:12fa,2
sdv-id-uIvWDd,ACC_176,ENT_UK_008,130495.774324937,USD,2026-02-25 22:13:03,f720:af46:fe4d:246b:7a88:ae52:ae6c:bb74,1
sdv-id-qvKWGm,ACC_142,ENT_UK_012,1400.0898011543245,USD,2026-01-17 16:57:22,b9fd:5bdb:2767:1031:6ece:30e2:f414:c832,1
sdv-id-kakRtc,ACC_176,ENT_UK_018,864461.756490969,USD,2026-04-01 13:38:00,845f:423d:e801:609e:8926:ad6a:d8bf:c921,1
sdv-id-JdYAya,ACC_107,ENT_UK_016,81573.65315660016,USD,2026-02-09 14:43:10,a8c6:a693:3cb6:dea1:13a4:c290:78a0:9395,1
sdv-id-FhcyCm,ACC_128,ENT_UK_004,956.945248372132,USD,2026-03-14 19:06:37,a15f:db19:6faa:3363:fdef:baa4:c46a:98d2,1
sdv-id-AnzMMC,ACC_100,ENT_UK_001,85983.24164521908,USD,2026-01-07 16:31:56,b6f8:8a2a:60b8:b589:d578:230:5c46:bc97,1
sdv-id-scujRS,ACC_247,ENT_UK_018,7162.446416123786,USD,2026-01-09 03:56:07,94ed:ba9d:e435:be02:3edc:d598:9b41:7e69,1
sdv-id-SIbcqS,ACC_176,ENT_UK_003,2248.2665067421085,USD,2026-03-11 19:13:28,edc0:fd2e:238a:c1bc:fbee:e813:4efd:65ec,1
sdv-id-SJJzmj,ACC_273,ENT_UK_001,7863.689244783339,USD,2026-02-09 02:17:31,fdcb:5fac:5ae8:b414:ae79:fe1f:99ce:5e80,1
sdv-id-UNfZet,ACC_264,ENT_UK_014,160018.67356886808,USD,2026-01-16 05:23:54,5e7b:a0f5:1925:2b88:595d:6025:c6d1:e31e,1
sdv-id-KQsuNs,ACC_142,ENT_UK_005,44360.65893189411,USD,2026-01-13 04:50:15,547e:70de:1f03:706b:f8ab:d4d3:f0c3:329b,1
sdv-id-ztNCJX,ACC_142,ENT_UK_008,1460269.290992866,USD,2026-02-18 11:02:20,9dd3:a5a6:532b:8ba9:fc03:22ec:cd39:77ff,1
sdv-id-arMSVH,ACC_142,ENT_UK_011,235188.70659211185,USD,2026-03-09 14:30:58,583d:54f4:2a5e:11ef:2ddd:35b6:8234:4dd2,1
sdv-id-ClkVFS,ACC_273,ENT_UK_008,307195.5573040624,USD,2026-03-13 16:19:01,78bd:e15b:53ac:5691:4511:63d3:6b33:5447,1
sdv-id-sczNoA,ACC_211,ENT_UK_010,57938.57571887329,USD,2026-01-26 12:37:44,d421:d896:94dd:8b19:5165:4dca:9384:2729,1
sdv-id-SuRgni,ACC_142,ENT_UK_008,541486.5040376656,USD,2026-02-11 05:53:07,6c12:b8a7:f3e0:193b:7cb6:13ed:5d4b:5b73,1
sdv-id-AoCQMp,ACC_100,ENT_UK_006,154182.74365475925,USD,2026-01-10 16:48:15,1327:7b3f:2708:f8b4:2e6e:ea3b:8d8:497e,1
sdv-id-PtrLwe,ACC_211,ENT_UK_012,102890.21185395682,USD,2026-02-08 17:20:39,8374:f035:3ef5:f66c:73ba:e64d:efe3:643d,1
sdv-id-jfWZWS,ACC_142,ENT_UK_016,583746.5459882917,USD,2026-02-21 11:41:04,8657:ec97:b029:80c3:b076:f380:3949:e005,1
sdv-id-KXnlgL,ACC_134,ENT_UK_013,469591.090453856,USD,2026-01-22 05:43:10,7ae8:a9a5:36de:cd82:5b86:1f63:831f:f587,2
sdv-id-SOiAVL,ACC_171,ENT_UK_004,85311.9311207414,USD,2026-03-08 12:16:19,32b5:9036:a58d:a958:f071:41fa:766:778f,1
sdv-id-iQKHEB,ACC_171,ENT_UK_017,33641.58675735078,USD,2026-02-03 08:48:54,9275:402c:4757:4953:68d4:e394:4018:e66e,1
sdv-id-NtzjRi,ACC_264,ENT_UK_001,7899.332212650739,USD,2026-03-30 14:26:37,7019:213f:869e:22e2:145e:6df1:639e:57a5,1
sdv-id-aQPfIR,ACC_199,ENT_UK_019,6079.459711585021,USD,2026-01-04 12:35:18,79b8:61e:9aaf:4cd3:ce3d:cd3f:b39f:7685,1
sdv-id-LNiIWn,ACC_248,ENT_UK_005,739386.7874492801,USD,2026-02-28 14:00:04,7917:a292:758b:f141:cf0f:751a:5ee6:8961,1
sdv-id-qSvpot,ACC_271,ENT_UK_009,10946.38092482369,USD,2026-03-26 13:20:47,83b6:674d:c316:a64c:9805:7528:b1f2:cacb,1
sdv-id-tIiqJF,ACC_293,ENT_UK_006,687883.6223668207,USD,2026-01-08 05:36:03,fd91:5f6d:a02c:931:1a73:6fe7:8cc:6f70,1
sdv-id-auOUvQ,ACC_273,ENT_UK_018,942.872863903382,USD,2026-03-15 17:41:02,b390:a0d4:996a:6f35:9ed8:3a5:d552:8368,1
sdv-id-rJMsLJ,ACC_261,ENT_UK_010,350241.4256107685,USD,2026-03-18 14:43:52,421f:4571:9eae:7e9a:a3ae:948d:7ce9:2857,2
sdv-id-yiAqjG,ACC_142,ENT_UK_010,299526.7574595987,USD,2026-02-13 18:55:52,da1f:66a0:3aad:67e1:1432:5e15:7a03:ed2,1
sdv-id-huNmts,ACC_142,ENT_UK_011,117288.80688882452,USD,2026-03-11 00:34:24,357a:bee6:af10:7e7a:6a08:6c20:1aaa:bdf4,1
sdv-id-PMBcNA,ACC_284,ENT_UK_003,358784.16896677413,USD,2026-01-22 10:12:07,d071:424f:c8ef:9bc3:a8d8:8faa:bf2e:40aa,1
sdv-id-gvQXbH,ACC_142,ENT_UK_008,3237.8967041070982,USD,2026-02-04 00:19:57,1fa2:510e:f071:ffea:7dd0:bd0:668:2c36,1
sdv-id-QnKitP,ACC_234,ENT_UK_014,165631.99838630945,USD,2026-03-11 23:34:21,bad3:1035:aef9:3311:1f5f:f80c:3b78:866e,1
sdv-id-XBzkFs,ACC_155,ENT_UK_008,3394.576908673554,USD,2026-03-27 19:05:10,c912:a2ad:2f89:2847:8cd0:921f:b98d:736f,1
sdv-id-cijoJs,ACC_271,ENT_UK_012,924.8988329361088,USD,2026-01-11 10:55:07,51a0:ead4:4c33:551d:7752:1e4e:bce0:8aa9,1
sdv-id-nHblBO,ACC_225,ENT_UK_018,36402.55050965753,USD,2026-03-24 17:54:48,9ff:5836:3fd7:138a:529c:81a5:3da6:294d,1
sdv-id-xdfNfq,ACC_171,ENT_UK_010,411615.86069387017,USD,2026-03-21 03:16:09,d8ce:2228:8144:3c30:1aa2:4651:80de:5036,2
sdv-id-QgCdcS,ACC_176,ENT_UK_019,446168.5012387601,USD,2026-03-27 18:12:01,34cb:c9e0:b482:543f:8c0b:6bac:da4e:b95c,1
sdv-id-ERtskK,ACC_273,ENT_UK_009,3751.312366715243,USD,2026-03-06 14:28:51,3e9e:e6c4:6c8a:b9de:7d2e:19ee:ffc3:91d5,1
sdv-id-nNjNwg,ACC_107,ENT_UK_011,362884.9869867929,USD,2026-02-17 11:21:33,6337:540a:1e4f:732:3594:5a22:4537:6192,1
sdv-id-NeiqOS,ACC_107,ENT_UK_004,482577.5115288026,USD,2026-03-28 07:23:57,4e21:ffaf:a53c:eb3:a642:3bca:31b8:b5e6,2
sdv-id-UgCTXn,ACC_299,ENT_UK_004,180894.3305033597,USD,2026-01-07 02:06:28,89c4:d639:dfab:54b7:5b8d:3021:86c3:43e9,1
sdv-id-dCUmwo,ACC_104,ENT_UK_008,133982.78993532358,USD,2026-01-17 12:57:11,7f0c:6649:a997:9c5c:c2e4:ee73:87c2:4495,1
sdv-id-OzAKml,ACC_134,ENT_UK_014,9638.43772984593,USD,2026-02-12 20:03:25,2a16:dfaa:6d6c:1991:9e23:87a3:7051:5893,1
sdv-id-tfLwyk,ACC_256,ENT_UK_004,4035.8140507713865,USD,2026-01-24 14:35:19,390b:3c9:6c33:3220:466b:2eda:d283:1818,1
sdv-id-cKEhOv,ACC_107,ENT_UK_015,449608.151979788,USD,2026-02-05 19:54:54,189a:faef:787a:d330:8bd3:14c8:ca72:dd70,1
sdv-id-UvKkVf,ACC_273,ENT_UK_012,929.6947711668448,USD,2026-02-14 04:13:20,1e:3d6b:f8cf:d29f:61cb:b5ca:d481:bc8e,1
sdv-id-iNPKZH,ACC_196,ENT_UK_010,2099.143879745513,USD,2026-01-17 18:21:54,47e1:8a4e:25d8:589d:ab9f:6128:ad08:af23,1
sdv-id-ZgbKTQ,ACC_199,ENT_UK_009,164808.7644124868,USD,2026-03-30 12:36:54,6be3:3321:6d1:47ea:9aa7:1738:b47b:68c6,1
sdv-id-kkJFQF,ACC_142,ENT_UK_006,1196873.2281237002,USD,2026-01-04 16:33:15,165f:5d6e:b856:7647:da7d:d315:f546:dd7f,1
sdv-id-botrTQ,ACC_211,ENT_UK_009,792905.8547743686,USD,2026-01-03 14:08:29,7450:b342:e32f:5e26:4080:ba7a:1bdf:aa89,1
sdv-id-xklsRw,ACC_100,ENT_UK_004,223080.1982362301,USD,2026-03-03 23:53:07,57fe:fbba:845f:e9cd:7cd0:8d4c:d129:e648,1
sdv-id-UOqwHG,ACC_253,ENT_UK_019,197007.0233806558,USD,2026-03-20 03:05:04,4500:4d15:fd2c:4833:91d1:2751:c2ab:f8bd,1
sdv-id-HCgYlZ,ACC_160,ENT_UK_017,1422.0412949906506,USD,2026-02-18 16:53:03,1cc8:c954:9ff4:bb68:b4db:60a2:2a66:2e6f,2
sdv-id-uqzOAo,ACC_299,ENT_UK_007,62660.85017771518,USD,2026-03-23 20:51:02,73d1:f82c:50f8:7634:f50d:956:e76e:97c,1
sdv-id-nEOuWV,ACC_284,ENT_UK_005,111741.38588523844,USD,2026-03-28 19:46:14,d372:8d8:ad12:a64a:c58:8e64:4d54:f418,1
sdv-id-MLdrAn,ACC_225,ENT_UK_016,1222.1492309568848,USD,2026-01-19 04:04:00,3da0:835d:a4a3:74dc:126e:f43f:b8dd:1804,1
sdv-id-TsAaOB,ACC_100,ENT_UK_002,493703.0290484333,USD,2026-01-05 11:47:54,f403:5434:e50:d8a0:ca83:956b:96c6:8e8,1
sdv-id-QIlvxT,ACC_211,ENT_UK_011,1057.1989747175237,USD,2026-01-15 20:40:53,8232:b356:dbfe:7d30:f21:ddcc:2411:3253,1
sdv-id-TnQOiQ,ACC_293,ENT_UK_006,383019.6326372151,USD,2026-01-22 09:50:32,4238:9ebf:e079:a0da:e453:cd18:d725:32ad,1
sdv-id-sIGiXs,ACC_264,ENT_UK_010,121651.91918082228,USD,2026-01-21 23:17:59,3e3b:4891:3bc5:b99a:342a:efad:bf67:2070,1
sdv-id-DrVEZl,ACC_211,ENT_UK_004,406394.46208372567,USD,2026-01-18 22:43:55,6d16:280:b1b9:ca13:54d0:d646:ee3b:9454,1
sdv-id-cFkxmG,ACC_134,ENT_UK_006,283850.59229669644,USD,2026-01-18 23:54:02,8a14:bbea:4f2f:2e40:866b:c508:394b:ef9c,1
sdv-id-LIkdch,ACC_256,ENT_UK_015,1213115.4047915488,USD,2026-02-08 04:30:41,cd19:ac82:f64b:b1ab:2f01:bea5:8583:f6e2,1
sdv-id-PGaUOS,ACC_176,ENT_UK_015,3293.4400266245725,USD,2026-02-16 17:53:13,e1e:9489:1da8:a43e:187a:4101:abf:545e,1
sdv-id-AUORDZ,ACC_176,ENT_UK_011,521516.0755847643,USD,2026-02-03 20:00:38,bc8f:7db:732a:11b3:d7e1:609c:784b:6bc0,2
sdv-id-GWmedR,ACC_142,ENT_UK_015,341880.791390625,USD,2026-03-14 12:56:18,cb2c:f169:ac2d:c952:fccf:1372:44be:7795,2
sdv-id-UUStld,ACC_279,ENT_UK_013,28258.363505702684,USD,2026-01-18 21:51:42,fdae:f418:2074:a185:33bf:d154:b3c1:25dd,2
sdv-id-prxBCl,ACC_155,ENT_UK_008,213895.78536294503,USD,2026-03-28 09:49:18,464b:2635:9f22:c176:8c5e:4981:d6b1:e55d,1
sdv-id-XUqEil,ACC_247,ENT_UK_004,18802.72287072048,USD,2026-03-01 17:18:51,f3d2:4f28:98e9:ada1:4ad0:d1af:4396:425,1
sdv-id-QzskvT,ACC_176,ENT_UK_010,378145.6183631767,USD,2026-02-18 16:57:10,9270:d12:bb96:7dfc:30d9:21c8:14f7:dfba,1
sdv-id-oesrLg,ACC_171,ENT_UK_010,456182.2114191009,USD,2026-01-03 15:51:15,d9f7:5bf1:2ce2:6338:161:c4d2:bbe8:d65,1
sdv-id-pctIqN,ACC_256,ENT_UK_001,269112.15122680954,USD,2026-02-15 17:28:05,9a69:918d:d070:7484:7a6e:ce09:a5ad:19f8,1
sdv-id-fyojLT,ACC_171,ENT_UK_010,159078.6078367756,USD,2026-02-20 10:48:53,4c7c:5923:670c:f975:d127:9f40:96e2:56c5,1
sdv-id-rVkTht,ACC_176,ENT_UK_002,146563.40180378742,USD,2026-01-13 11:16:08,2b66:bce2:d8b6:6a35:271a:f41f:d4fc:c837,1
sdv-id-UzNRvC,ACC_176,ENT_UK_013,1820.652295737463,USD,2026-03-25 10:35:39,2418:eb29:e420:6de:90c6:59e2:4bb5:ff4d,1
sdv-id-qaXfKP,ACC_264,ENT_UK_011,78220.32052871626,USD,2026-01-06 18:19:56,7e92:dc25:71e2:de45:d1c9:d498:9b69:d4d5,1
sdv-id-vhEIDw,ACC_162,ENT_UK_004,94443.65419837984,USD,2026-01-01 22:14:40,30a2:2599:2f9b:701f:93d8:d2ba:1d5f:e96d,1
sdv-id-QRPHFi,ACC_271,ENT_UK_004,114362.21062708752,USD,2026-03-27 17:49:32,1569:1677:618e:65d4:30bc:3961:112f:2da,1
sdv-id-ACSJCS,ACC_187,ENT_UK_001,9068.036692355625,USD,2026-02-23 08:18:22,f6e6:1b69:fd48:b8e7:442f:718f:b36d:dcc3,1
sdv-id-Eakxvk,ACC_107,ENT_UK_017,12073.750991046098,USD,2026-01-01 23:53:21,9f29:a01d:5416:929b:41aa:4fc2:9375:f2cd,1
sdv-id-qzVMdE,ACC_248,ENT_UK_015,335839.43019644805,USD,2026-02-04 11:58:14,b24c:7d96:44bf:6cd:8c48:2221:cc8e:5b8a,1
sdv-id-vuHCJh,ACC_211,ENT_UK_012,102586.20549920702,USD,2026-03-12 23:57:07,7171:7ae6:cc33:a3c6:68d9:dafe:7a1e:9e55,1
sdv-id-jwznJR,ACC_171,ENT_UK_009,23814.296369035113,USD,2026-01-26 00:46:16,d530:b4fc:a68:3612:f514:d36e:caff:46a4,1
sdv-id-NbJBpt,ACC_176,ENT_UK_017,529641.2859804914,USD,2026-02-09 16:54:09,577b:ef2d:b0e7:b7c3:874f:1d9d:baab:6903,1
sdv-id-wfflZo,ACC_181,ENT_UK_011,207696.44535966904,USD,2026-02-18 11:52:02,4932:1853:cfb7:491f:8220:323d:9b1:b0bd,1
sdv-id-ovJPNr,ACC_186,ENT_UK_002,3269.232424314683,USD,2026-02-06 09:05:55,d10f:1329:bb6e:3a70:83a8:5dcd:47c4:6601,1
sdv-id-IRmjcH,ACC_134,ENT_UK_007,200863.1945476021,USD,2026-01-09 03:52:30,b80b:bbb1:ecaf:2740:c0ee:28db:e8ee:eb1c,2
sdv-id-ZAoeZQ,ACC_284,ENT_UK_005,111090.45078281556,USD,2026-02-18 04:39:00,c521:7c0a:245:1187:e312:eb9c:2c55:1ee8,1
sdv-id-vntrNH,ACC_248,ENT_UK_018,1274176.0789516086,USD,2026-01-23 02:48:16,d0f9:92ec:6cbd:1f90:c63a:ce4:6c27:8c26,1
sdv-id-Apfofl,ACC_107,ENT_UK_006,51983.73570192471,USD,2026-03-29 06:05:11,2c2:d430:7067:5d3b:ea8e:8cae:91a9:ba1d,1
sdv-id-twFwIy,ACC_142,ENT_UK_008,562347.7008825497,USD,2026-01-16 10:48:28,5ef9:cc5f:43fd:bfe0:a6b6:4b67:9601:3cdc,1
sdv-id-DihNkp,ACC_107,ENT_UK_014,2844.4754973613403,USD,2026-03-14 08:23:38,b211:e0c1:27d4:cb82:cfbf:d445:cd6b:2732,1
sdv-id-YymExv,ACC_293,ENT_UK_012,19248.045007850174,USD,2026-03-25 14:16:04,f56e:a535:2221:689d:fbc3:c5c9:16bc:c4d8,1
sdv-id-iyvKhs,ACC_155,ENT_UK_011,5440.3819553426265,USD,2026-02-17 19:50:25,30eb:3777:6701:e677:6bcf:9985:fb50:2d4b,1
sdv-id-GeOGZv,ACC_186,ENT_UK_018,197093.1169634235,USD,2026-03-17 14:38:30,a508:bcee:7d6d:aec:d105:a1c9:96e6:ed0c,1
sdv-id-LTNpFd,ACC_186,ENT_UK_009,154192.60046899147,USD,2026-01-16 21:22:03,6d8a:d88b:d83f:d2dc:2981:913b:16e6:e685,1
sdv-id-OOgCEN,ACC_142,ENT_UK_011,13887.168296744589,USD,2026-01-10 10:40:12,842a:d759:d3a2:149a:ac95:8990:79c4:a4cd,1
sdv-id-KAdUWO,ACC_284,ENT_UK_006,9566.23604591566,USD,2026-03-08 23:44:00,a463:8de:8339:c851:2b3a:4be5:70c5:dc20,1
sdv-id-kQRwgp,ACC_262,ENT_UK_015,59873.95677498693,USD,2026-03-11 21:58:26,9aa6:9775:c60a:e18:7909:3bfe:39e9:85c6,1
sdv-id-koZIHU,ACC_176,ENT_UK_011,34667.822635929566,USD,2026-03-28 00:27:31,abb6:b0cf:55e0:24fc:548e:fd08:5bd:8397,1
sdv-id-UZqZXA,ACC_221,ENT_UK_017,54374.10181246119,USD,2026-03-16 07:53:06,51eb:9964:4e2f:1729:8013:b44b:119a:49f2,1
sdv-id-VxibEC,ACC_187,ENT_UK_017,37793.1312836813,USD,2026-03-11 04:22:44,8c58:de4e:f4ff:37ed:dcca:932d:9f83:4731,1
sdv-id-hlSFwJ,ACC_271,ENT_UK_013,238803.39848834128,USD,2026-02-21 07:39:51,e0e:5d37:6ce4:6195:7b8e:3383:612:e897,1
sdv-id-EAaKWc,ACC_256,ENT_UK_015,174577.98971294027,USD,2026-03-23 18:35:01,3a7a:5ac3:9329:e80d:9b9f:3f44:73cf:f00c,2
sdv-id-bouIDY,ACC_293,ENT_UK_007,926051.703801372,USD,2026-03-02 17:26:18,5444:50e2:f90c:a5ed:ae1f:d92b:8527:af89,1
sdv-id-poSegl,ACC_299,ENT_UK_018,81519.78008144368,USD,2026-03-22 15:29:02,b87c:d9d0:ac33:c67:2bfd:d149:d0cb:2664,1
sdv-id-ZwIzWs,ACC_142,ENT_UK_003,2171.678857467494,USD,2026-04-01 00:33:04,1f9b:376:81a4:240b:8729:6358:448f:85b4,1
sdv-id-rViPEu,ACC_142,ENT_UK_015,69836.75306389245,USD,2026-01-29 07:55:35,968:d4ef:51ef:f2e5:74c8:f8ae:fa69:db13,1
sdv-id-ngLZFn,ACC_242,ENT_UK_001,261384.4468695279,USD,2026-03-21 11:36:13,7f9f:9dde:2410:5576:a906:5fc8:cc24:cad7,1
sdv-id-ozPBUT,ACC_142,ENT_UK_009,26386.710569944706,USD,2026-03-20 01:47:06,cc72:8967:7107:233:36a8:9abe:c942:7139,1
sdv-id-CjTzvg,ACC_284,ENT_UK_003,239203.30667532425,USD,2026-03-01 22:39:27,21a6:99c:5be5:7962:9867:398c:2234:a787,2
sdv-id-TROnFi,ACC_248,ENT_UK_017,398286.8914691064,USD,2026-03-05 15:27:19,a2ef:783c:5813:7aa9:549f:183a:dfcb:cfcd,1
sdv-id-ibinYA,ACC_107,ENT_UK_003,205538.01163808745,USD,2026-02-09 07:54:04,fd31:5af0:3d12:1384:15d2:b1a9:2c6f:95fc,1
sdv-id-sgknpH,ACC_156,ENT_UK_017,156888.16957682895,USD,2026-02-01 15:56:49,af20:4392:365a:b29:7f5:b6df:b49b:263,1
sdv-id-fnEQxi,ACC_294,ENT_UK_013,76209.80507733596,USD,2026-03-28 09:35:36,9c68:d310:9ef:7139:4e63:b952:2897:a719,2
sdv-id-JJMlrU,ACC_162,ENT_UK_006,640485.5953147244,USD,2026-01-11 15:36:46,c167:1985:4ad5:cd44:2d7c:c7c5:c172:3a11,1
sdv-id-eURTPq,ACC_176,ENT_UK_007,18643.671792602618,USD,2026-01-24 07:48:24,f9c3:d872:bb23:ff6a:a03:be3a:410b:16cc,1
sdv-id-vAvJFN,ACC_211,ENT_UK_006,335755.73308986897,USD,2026-02-28 14:20:00,55f0:633c:dc8f:91fa:69c5:6dc1:2a57:f63,1
sdv-id-uaaLhf,ACC_170,ENT_UK_004,66938.60816801355,USD,2026-03-12 12:15:10,c39d:6997:a4c0:eeb:79d0:8734:963d:a82d,1
sdv-id-VDvMPJ,ACC_176,ENT_UK_009,2222.5309235042814,USD,2026-02-19 18:24:24,37d9:53a0:95a:8ffe:dbc4:d1c5:fa52:b195,1
sdv-id-lQzJSO,ACC_100,ENT_UK_002,299874.5290984435,USD,2026-01-07 11:10:34,3c9f:624f:cd7e:dbfb:9cf0:b520:9b21:daad,1
sdv-id-xQARXu,ACC_273,ENT_UK_001,37452.66370770162,USD,2026-02-02 15:55:44,218a:c290:62ae:ffb0:936f:2eb4:c5a1:142e,1
sdv-id-maMVtq,ACC_176,ENT_UK_019,1166.5629793568323,USD,2026-03-28 20:29:04,4b7b:d46f:6166:7458:6ac0:a0e:e19d:c55b,1
sdv-id-pgtKbk,ACC_160,ENT_UK_007,932.662167660836,USD,2026-03-15 14:59:54,c4ab:1d12:9e7e:ed92:7b4d:68a1:e444:f329,2
sdv-id-xdPnDH,ACC_176,ENT_UK_006,44886.29033067045,USD,2026-03-14 17:31:56,1410:9ddc:1839:7160:94dc:da2b:c938:5937,1
sdv-id-dIOAlK,ACC_235,ENT_UK_018,7563.868567619948,USD,2026-03-31 05:43:17,8c5:84cf:5364:5331:43f9:db87:16a2:a122,2
sdv-id-fZSYkU,ACC_107,ENT_UK_004,150682.55945564626,USD,2026-01-05 01:31:54,dc31:e0b:325d:4aa0:ed77:68b0:c572:4d24,1
sdv-id-IvGBzG,ACC_176,ENT_UK_002,260230.07036705536,USD,2026-03-09 21:07:53,2127:997d:2777:1a83:2216:e69a:d7d2:dfe1,1
sdv-id-vPwONw,ACC_273,ENT_UK_015,60186.422073003785,USD,2026-01-11 07:39:46,d6ff:7144:3395:fbd0:690:503f:78fc:beb2,1
sdv-id-SwBEnx,ACC_107,ENT_UK_002,869053.8989440468,USD,2026-02-21 01:31:16,97f9:b3fc:1367:ec64:56d9:fc1:4ef9:91ad,2
sdv-id-gTpBVa,ACC_123,ENT_UK_007,937.7201162309084,USD,2026-03-23 06:29:09,24ee:6ee:7654:77cd:3d5a:c19a:1ec7:1cb9,1
sdv-id-KEYIoN,ACC_171,ENT_UK_008,9480.08854800035,USD,2026-01-26 07:14:38,6d08:dae1:e0e4:c16c:c5ed:df98:215e:9668,1
sdv-id-uxQPPY,ACC_176,ENT_UK_005,77981.8654961142,USD,2026-01-09 19:01:38,a26d:e4eb:e270:efa6:640e:ae0e:d4b5:8b45,1
sdv-id-JmyqDR,ACC_211,ENT_UK_012,2069.7077872016134,USD,2026-01-15 17:14:45,2099:249f:f83e:feea:6f12:90ac:1c87:98ec,1
sdv-id-MGywEj,ACC_242,ENT_UK_005,38610.053268046,USD,2026-03-22 20:15:31,e598:f63c:ee2e:80c:1148:a2c7:8a38:2bc0,1
sdv-id-qaLCAu,ACC_186,ENT_UK_011,77783.56346178662,USD,2026-03-03 06:45:16,a9d5:e6d9:148f:d422:80ad:b597:eb1f:83ea,1
sdv-id-xSuGVf,ACC_273,ENT_UK_015,913.8885700687412,USD,2026-02-14 16:13:31,f582:8d5c:60a4:87c4:69e9:601f:6684:3d11,1
sdv-id-NicUSS,ACC_293,ENT_UK_019,138796.1813980863,USD,2026-02-10 21:24:37,31ee:84d1:5a04:78f:5e53:cdd0:59ad:3046,2
sdv-id-QRZcRB,ACC_284,ENT_UK_019,719826.4455431841,USD,2026-03-13 07:40:31,4bf9:ec72:5e45:ccbb:8c8e:2b6e:fa9b:76bf,2
sdv-id-riDcNZ,ACC_146,ENT_UK_016,144640.640901172,USD,2026-01-20 21:04:58,e301:b0e5:7cf:1a6d:8892:c80b:2d95:b404,1
sdv-id-NBySXI,ACC_170,ENT_UK_010,56731.48812899255,USD,2026-03-09 02:17:52,965a:78ea:87e4:feae:d615:2e46:e817:e0a0,1
sdv-id-ABPwju,ACC_264,ENT_UK_016,216700.10701168224,USD,2026-02-20 06:33:56,feea:8694:5bfe:9423:8e3a:deda:4dcb:f6a2,2
sdv-id-QEukiv,ACC_176,ENT_UK_003,387743.50327459304,USD,2026-03-04 09:58:39,4986:4488:1882:3109:e9c0:751:e368:e642,1
sdv-id-eKrZss,ACC_160,ENT_UK_005,980.4935663531196,USD,2026-02-06 15:49:55,b1f7:3fb9:6c9e:ff06:365a:aee5:15ea:22ef,2
sdv-id-ahTyNX,ACC_171,ENT_UK_005,104365.48033520198,USD,2026-01-16 11:04:06,542e:d290:d6f2:ec59:f374:43d3:fe67:8aeb,1
sdv-id-vnegjd,ACC_176,ENT_UK_006,379245.04386687593,USD,2026-03-24 11:38:55,c59b:1130:3bff:4b70:dcef:abc:4ca5:a16b,1
sdv-id-vssAjF,ACC_242,ENT_UK_003,248612.5537847849,USD,2026-01-10 11:05:26,e318:3b81:587e:27d9:656c:2eab:c520:1f32,1
sdv-id-lGhNUV,ACC_273,ENT_UK_011,198084.19884530935,USD,2026-01-13 03:34:58,419e:a864:34d:8eeb:7385:972b:10ef:ef8d,2
sdv-id-yNdIVX,ACC_264,ENT_UK_002,11926.5260368665,USD,2026-02-04 13:07:50,8559:f529:2296:ce97:dc91:ad11:21:af06,1
sdv-id-rDeGKv,ACC_199,ENT_UK_016,368774.7669482771,USD,2026-01-12 10:51:01,a11:c67e:b632:987d:f784:77a:7af8:3dd3,1
sdv-id-InKfNU,ACC_142,ENT_UK_007,374728.7332823595,USD,2026-03-21 18:17:26,ca44:81b2:d7a4:c0e1:618b:82e5:8a1a:1e5c,1
sdv-id-KLoOkB,ACC_107,ENT_UK_019,28287.761473465507,USD,2026-03-11 02:49:59,5548:9af4:7b0c:1ae5:2bb2:f4b4:71fb:d996,1
sdv-id-ZSlmWz,ACC_271,ENT_UK_016,29375.102626735446,USD,2026-02-21 21:33:29,11ba:b1a:14ba:15ae:3065:228b:eaf4:5352,1
sdv-id-jQRedV,ACC_181,ENT_UK_003,16435.875033016793,USD,2026-01-27 06:17:39,747d:e8b1:6c30:cac0:b1fd:d2fa:222:57f8,1
sdv-id-VRxWOg,ACC_262,ENT_UK_006,25292.95680483756,USD,2026-01-07 13:00:48,49f:f8f4:ba1d:b54e:575a:8a64:290b:6dde,1
sdv-id-fuEhgV,ACC_181,ENT_UK_001,3198.403158125762,USD,2026-03-25 22:33:17,5050:277a:1ac1:896e:5131:4ce7:f94b:d4fd,1
sdv-id-YvhVpx,ACC_155,ENT_UK_004,637609.3611410543,USD,2026-03-23 23:05:12,6b8c:648:d9ee:65a3:35c2:637c:2fec:8784,1
sdv-id-rdqBfR,ACC_142,ENT_UK_015,1752990.9987548825,USD,2026-01-11 21:23:11,bd54:3720:3d0e:add1:905d:14f1:c0e6:87ce,2
sdv-id-mNjAEF,ACC_107,ENT_UK_012,113394.94987351354,USD,2026-02-21 12:46:55,e977:2223:ac6e:a5a7:cbad:8314:f6b0:bed,1
sdv-id-wHgYmO,ACC_211,ENT_UK_010,58641.11851651463,USD,2026-01-09 12:20:56,c125:f40:27b7:a3ee:53c3:da16:13d0:3d96,1
sdv-id-dXVyRE,ACC_196,ENT_UK_014,499134.659577136,USD,2026-02-01 14:52:57,3e4f:627b:4129:cd5f:7aab:a896:2cfe:466f,2
sdv-id-nHqsUX,ACC_155,ENT_UK_006,150194.21084532447,USD,2026-03-31 16:48:09,139a:4b3d:205e:1519:64e:8bfc:daf6:e516,1
sdv-id-fdCyvi,ACC_181,ENT_UK_003,33698.58873941479,USD,2026-03-31 00:32:38,3663:32b7:3914:9264:7bc6:679d:414b:2583,1
sdv-id-ATYOrI,ACC_155,ENT_UK_006,143390.20796355236,USD,2026-03-16 06:26:10,8ec5:fa4c:5b08:957:cd1f:4791:b5e1:655e,1
sdv-id-PHsRgO,ACC_211,ENT_UK_001,939.4860192663804,USD,2026-01-23 03:46:34,d53b:5a16:a6d4:a812:cfaf:1f86:af86:c574,1
sdv-id-NKTjtu,ACC_181,ENT_UK_008,589842.1103004309,USD,2026-04-01 15:36:00,b212:f4e1:25c8:ada5:b9b2:9a12:12e9:60af,1
sdv-id-bFhuFQ,ACC_176,ENT_UK_013,34577.46799028164,USD,2026-03-12 12:07:31,87d4:5114:6168:1232:1694:68be:b671:e671,1
sdv-id-OQmFuE,ACC_225,ENT_UK_007,1182998.1896145104,USD,2026-03-18 12:00:41,600c:9466:e05e:8278:6e64:c164:6937:9e11,2
sdv-id-NXdpFO,ACC_196,ENT_UK_004,666835.8942132394,USD,2026-03-09 14:03:51,653d:c531:3c7d:26b1:dc4:e0c6:7762:f86d,1
sdv-id-HkLvbS,ACC_264,ENT_UK_007,46543.068972806046,USD,2026-03-25 00:20:01,bd3a:4bed:b941:25d9:88e5:b855:208d:f128,1
sdv-id-rexyfF,ACC_253,ENT_UK_003,132013.91761340242,USD,2026-03-17 18:44:29,2c89:4e15:378c:4d68:8edd:3914:4479:19cf,1
sdv-id-qqpZOT,ACC_242,ENT_UK_013,300501.7365601473,USD,2026-01-31 14:59:54,8375:2511:77ea:b62e:b363:2960:30ec:1f2d,1
sdv-id-fzgfuW,ACC_271,ENT_UK_007,6185.713458183674,USD,2026-03-13 22:39:47,82c:58ea:1d28:a453:be:222a:e64:7317,1
sdv-id-nhanPP,ACC_253,ENT_UK_002,52548.51521318672,USD,2026-03-26 23:40:42,c713:789f:a500:a914:f304:1464:1dc0:b1d6,1
sdv-id-IGoukz,ACC_176,ENT_UK_010,77325.20142292554,USD,2026-01-04 21:48:58,5d2:ea70:3529:78d3:25ac:3a2a:5638:117c,1
sdv-id-zyeBLa,ACC_156,ENT_UK_012,28107.60292294781,USD,2026-02-13 19:27:50,5505:ce86:6d9b:22bd:d07f:d335:44bd:2420,1
sdv-id-BXydzb,ACC_107,ENT_UK_005,53658.9640735985,USD,2026-03-05 14:52:19,7cc8:c649:3ccb:ca7:a936:fb67:1b36:7cf8,1
sdv-id-aZZAfo,ACC_171,ENT_UK_008,1012.3035658990804,USD,2026-01-19 21:45:23,77c3:70c5:9496:d69b:ebe:2f4a:b65a:3faa,1
sdv-id-VAsLvB,ACC_164,ENT_UK_015,492910.2416448499,USD,2026-02-10 03:59:42,feac:1736:cbae:4a0d:d57:2039:ef52:4bf5,2
sdv-id-hcLrXS,ACC_176,ENT_UK_018,193715.9828929412,USD,2026-02-07 17:48:11,1858:22c6:1d4f:401:3459:e6c7:ef60:5c80,1
sdv-id-TPXWIB,ACC_142,ENT_UK_003,1329591.319201558,USD,2026-03-06 07:06:33,501:4aca:855f:5f2b:5eea:f589:2a79:c42b,1
sdv-id-ylPAyw,ACC_176,ENT_UK_002,151671.49774870547,USD,2026-03-05 17:25:00,7bc9:669c:74d6:429b:fbc3:4221:9c2f:fbc0,1
sdv-id-bWwEbM,ACC_171,ENT_UK_001,395120.25912556687,USD,2026-03-21 19:54:08,780f:1a18:7cc6:9e23:ed9c:4a4c:f267:d17d,1
sdv-id-lLszJa,ACC_176,ENT_UK_015,83705.32027710849,USD,2026-01-23 08:07:00,399b:d0f9:7d59:e3ec:4dd7:e07c:b402:c764,1
sdv-id-hFQyWx,ACC_234,ENT_UK_001,51295.60570202151,USD,2026-03-05 21:12:37,7716:7d2c:8f12:4069:7487:e459:5166:243c,1
sdv-id-LyDnUu,ACC_248,ENT_UK_018,493615.55245467933,USD,2026-03-13 08:53:34,854c:e9e4:2629:aa0d:4da2:408:431a:cde6,1
sdv-id-WnoWKU,ACC_284,ENT_UK_010,2991.7510069333457,USD,2026-03-04 02:10:12,b1a6:a4dc:e6d5:5555:32f0:dc86:6c4c:4584,1
sdv-id-RxKVJC,ACC_176,ENT_UK_017,64449.02158582376,USD,2026-01-23 19:27:53,81b:9e15:5665:b9c6:37bb:56ea:2baf:9441,1
sdv-id-dWmUuv,ACC_181,ENT_UK_007,44744.2263475717,USD,2026-03-21 13:58:07,6581:5396:f051:c1b6:b934:747c:c213:c332,1
sdv-id-rKYPLl,ACC_155,ENT_UK_003,9381.7522579975,USD,2026-01-18 13:38:04,18bc:9d79:979f:20a5:743:28a7:84d5:ee93,1
sdv-id-WUUspJ,ACC_176,ENT_UK_004,84053.0316335888,USD,2026-02-02 19:11:19,ab2d:f2d4:2cb1:e22b:eac0:d629:1014:9c71,2
sdv-id-DelYLQ,ACC_242,ENT_UK_016,32273.831529146813,USD,2026-02-18 17:28:26,7c37:7225:d621:9ff8:af57:ebaf:ff7d:b02f,1
sdv-id-KbINIb,ACC_176,ENT_UK_006,122634.9731819469,USD,2026-02-25 11:45:30,4831:cffb:c872:6107:33fa:166e:25e5:f8a5,1
sdv-id-UxAUqC,ACC_199,ENT_UK_003,15312.92681270453,USD,2026-03-30 00:40:36,e3f0:1d9b:ea31:ae35:556a:13e1:7a6a:eca8,1
sdv-id-fXQmej,ACC_273,ENT_UK_011,42032.35121192868,USD,2026-02-08 14:25:53,4f81:5d3c:6e10:ad09:e2d3:8f05:37c7:a5e0,1
sdv-id-QMHiCN,ACC_294,ENT_UK_003,3046.144612676915,USD,2026-01-09 09:19:18,1c0f:df58:8069:3b15:23df:6ce5:f400:95a,2
sdv-id-AFEFIS,ACC_162,ENT_UK_002,76849.6144040154,USD,2026-02-05 03:14:58,f464:fe54:3502:3001:51a8:7c43:aee3:8d5e,1
sdv-id-OIvTaU,ACC_186,ENT_UK_009,1334875.5553547284,USD,2026-02-07 00:21:21,bd15:713c:d685:e5:cfc1:bf51:723d:107e,1
sdv-id-AhCNDN,ACC_142,ENT_UK_003,2268.1820784393567,USD,2026-02-18 06:22:54,aedb:9e2:bc46:9139:9c86:b60c:f076:81db,1
sdv-id-NAFdBU,ACC_171,ENT_UK_018,7734.422260862862,USD,2026-03-27 16:03:32,a6c3:68a8:7c0:78f8:97a6:151c:eb74:701,1
sdv-id-cqlSDD,ACC_171,ENT_UK_004,106261.00124799849,USD,2026-03-11 13:20:57,b768:3f24:9b5f:e62f:d5a6:b7b4:d790:3c63,1
sdv-id-wPjclU,ACC_249,ENT_UK_004,441107.67252614634,USD,2026-01-29 00:24:43,4818:8e55:494d:3c9a:2c19:df38:8df8:d00b,1
sdv-id-QQxfha,ACC_134,ENT_UK_003,542077.5532154193,USD,2026-02-13 09:16:47,33c7:a268:ebc5:790a:e8ba:26f0:e6ef:283,2
sdv-id-yzulNU,ACC_299,ENT_UK_010,24874.71679950398,USD,2026-03-06 19:40:37,d685:2ba:6b76:8195:f9fa:85fa:91c6:4be1,1
sdv-id-XiYXnS,ACC_155,ENT_UK_005,101498.51612825369,USD,2026-03-31 14:44:21,a9f6:cdde:6095:45d9:1bba:3f7:eb56:4da2,1
sdv-id-TNEKwb,ACC_211,ENT_UK_012,61098.49789518838,USD,2026-02-22 01:33:56,1850:34b3:d635:7134:72a9:130a:966f:fec0,1
sdv-id-zvwilI,ACC_293,ENT_UK_005,165476.98145484226,USD,2026-01-31 00:21:32,d2c8:2e1c:c23d:ae29:9870:c9ab:5653:912d,2
sdv-id-WvZkOJ,ACC_253,ENT_UK_012,1543.5133513321775,USD,2026-03-12 22:59:01,2385:2de8:5646:1896:8ceb:1aff:28fe:7a95,1
sdv-id-FRuVsU,ACC_176,ENT_UK_001,355407.7553194522,USD,2026-01-01 22:21:07,8fcd:39f2:9abf:c9f:b52d:2221:1d99:479c,2
sdv-id-ESbPBJ,ACC_243,ENT_UK_001,42425.44884709155,USD,2026-01-30 11:25:08,1801:89c3:c843:81fd:b0a7:f54a:cd79:6846,1
sdv-id-gFhgDL,ACC_196,ENT_UK_003,19177.793854678355,USD,2026-03-11 15:30:43,ca6d:72e6:9a11:a498:8823:92b6:5523:8076,1
sdv-id-eSfyAg,ACC_107,ENT_UK_004,74447.30445533003,USD,2026-02-08 06:28:28,7eb9:cf35:b51d:4b1d:62ee:696e:f113:44f6,1
sdv-id-UcrCIo,ACC_155,ENT_UK_015,191577.96605396585,USD,2026-01-08 07:38:09,22cd:1001:1abc:8d39:ac80:5698:eb71:d54e,1
sdv-id-oFwxCQ,ACC_107,ENT_UK_017,94606.29137168842,USD,2026-03-22 14:16:03,bc8c:5481:5c5a:9380:7ee2:2c80:b6e7:69ba,1
sdv-id-RJRGjP,ACC_211,ENT_UK_003,11688.12913473466,USD,2026-04-01 10:36:33,c698:b98:c5ad:e8aa:2fff:ec13:1a06:f3e5,1
sdv-id-IqXIoH,ACC_142,ENT_UK_005,79972.70037744421,USD,2026-01-18 18:14:13,62a4:d4da:3c0c:c9ff:86f8:887c:a84f:94d1,1
sdv-id-wiBPlo,ACC_211,ENT_UK_005,247954.4132030278,USD,2026-03-14 10:36:21,8368:4f55:a932:cf63:f4a8:79e1:b705:a0d8,2
sdv-id-HyCoCy,ACC_107,ENT_UK_018,76996.5311513952,USD,2026-01-17 23:47:48,5f86:2278:4a05:773c:48df:993:9da:3a3,2
sdv-id-EjAwHs,ACC_142,ENT_UK_004,2394.8434586595267,USD,2026-02-05 18:34:40,50c4:3a9f:bc91:8f0e:1218:36c5:97ff:5bda,1
sdv-id-xRgUhC,ACC_247,ENT_UK_003,6516.27541181614,USD,2026-02-22 03:13:42,a3a7:f02e:9063:66d4:a88e:6ac8:aadb:b1b8,1
sdv-id-EUtBIa,ACC_155,ENT_UK_009,44289.95145684692,USD,2026-03-06 15:45:59,2f90:3263:8fe1:a294:a4fe:dd08:90e:412,1
sdv-id-MVVhru,ACC_142,ENT_UK_003,1159032.916610724,USD,2026-01-05 10:28:22,da4b:9a34:6718:e32c:a8da:6cc:c335:552e,1
sdv-id-eTboLJ,ACC_162,ENT_UK_013,6751.919678425219,USD,2026-02-16 05:03:37,e25f:16ca:2d28:777d:c8ac:d82f:c8e6:cd1d,1
sdv-id-XhPKig,ACC_134,ENT_UK_014,11789.382919817595,USD,2026-02-12 18:45:03,fb8:bba4:c6c5:875d:7b01:31d2:f9f0:57fe,1
sdv-id-xOcMpe,ACC_176,ENT_UK_007,10289.685223913071,USD,2026-03-07 07:35:16,b6e0:a134:8826:c18e:287:cee3:e1de:df88,1
sdv-id-BXwXFW,ACC_199,ENT_UK_014,1442887.69422989,USD,2026-01-14 22:24:09,c00e:6ce:e58a:3b23:5ddb:8462:49bf:24b0,1
sdv-id-KOIeSw,ACC_155,ENT_UK_007,143288.005044612,USD,2026-01-30 07:55:59,1288:f4d1:3caf:90a9:5f75:105b:e021:98a,1
sdv-id-UVgFpB,ACC_107,ENT_UK_001,868927.5408056505,USD,2026-02-10 19:24:09,4d23:a8f8:8435:84e3:e316:d072:f53a:448,1
sdv-id-hWjazj,ACC_299,ENT_UK_002,1485.6108358645938,USD,2026-01-29 01:08:34,46e:d486:9d56:7176:d54e:7592:ec87:7aeb,1
sdv-id-gagJhp,ACC_142,ENT_UK_018,1139.5062073984566,USD,2026-01-13 15:39:46,51a2:5b1a:221e:9cab:dd69:f4ac:aeb9:cd2d,1
sdv-id-mfmRrm,ACC_107,ENT_UK_001,1467572.3824405638,USD,2026-03-22 01:20:43,2edd:eb9d:8ce1:f9d1:cd61:e930:8db7:2fd4,1
sdv-id-pKdYRq,ACC_171,ENT_UK_006,1363444.8838258395,USD,2026-01-13 01:18:37,e370:a6d7:582b:f1fa:8c53:167d:6fee:2788,1
sdv-id-MQhKzb,ACC_142,ENT_UK_004,111037.77917438754,USD,2026-03-24 09:50:47,7df2:10e8:eea0:5c91:a01e:48ff:8329:5249,1
sdv-id-DOjVeu,ACC_176,ENT_UK_014,4297.526423270959,USD,2026-03-21 03:02:38,6d2a:31df:a516:a91c:8691:539a:7ea0:764e,1
sdv-id-ecfaGx,ACC_273,ENT_UK_001,223560.71623281212,USD,2026-02-26 19:21:43,a8d5:5fec:a6d5:b7d6:3c28:fd7b:91a9:8feb,1
sdv-id-udooZA,ACC_176,ENT_UK_009,39373.68461685768,USD,2026-03-14 22:58:30,68fe:9fef:f25c:61f9:ffdf:f34c:c9b5:e93c,1
sdv-id-SLBDIh,ACC_176,ENT_UK_002,265938.95873351087,USD,2026-03-31 10:42:45,c97:2f2c:4007:ef72:60a1:42f7:ee9d:6771,1
sdv-id-LRfyuA,ACC_171,ENT_UK_002,106998.45957702806,USD,2026-03-19 21:42:54,29fc:b187:4a3f:7159:eb02:90a5:a253:1cea,1
sdv-id-NNYwew,ACC_273,ENT_UK_018,1070805.0578931402,USD,2026-02-16 18:55:08,e01d:6aa:6091:b48f:b873:1294:3fb9:8afc,2
sdv-id-KKXFBT,ACC_273,ENT_UK_011,232678.1788668651,USD,2026-01-16 00:27:16,5a5a:b453:7b74:71bc:ff1e:84a4:a511:e65b,1
sdv-id-dDCilm,ACC_142,ENT_UK_005,5370.473296775249,USD,2026-02-01 13:24:15,44f3:93bb:3504:af:3f64:6503:f475:533,1
sdv-id-jedtcw,ACC_299,ENT_UK_015,33341.628520528546,USD,2026-03-22 23:41:47,bf9d:554a:9932:258e:3fc0:d07d:6ac8:a83d,1
sdv-id-UCiudt,ACC_142,ENT_UK_019,758489.8638381639,USD,2026-02-14 23:08:50,b36f:6e98:26eb:543d:1ad7:66e0:591f:3f26,1
sdv-id-CPrWIb,ACC_142,ENT_UK_001,777076.7828012628,USD,2026-01-19 02:40:01,4a7a:3114:9083:83c9:a544:66be:aaf6:31e2,1
sdv-id-vaHkxJ,ACC_146,ENT_UK_003,4486.618500803209,USD,2026-01-24 09:30:04,3f49:e79:11b2:cec3:4eae:8fb5:fef8:fd26,1
sdv-id-tHthzj,ACC_181,ENT_UK_005,17332.733099045414,USD,2026-01-18 00:27:14,9bfd:ee35:1ec8:6737:d3d9:84bf:4494:23bc,1
sdv-id-ZMOlWY,ACC_160,ENT_UK_018,12102.583828353834,USD,2026-01-22 14:41:10,b66a:fd0e:19c:8506:a2a0:b9f5:9ea2:504d,2
sdv-id-gySFqc,ACC_176,ENT_UK_011,86917.30512960472,USD,2026-02-26 16:19:30,25f2:9f59:eef7:5208:8bfc:f3f6:9070:2cc6,1
sdv-id-MxVDLX,ACC_248,ENT_UK_008,8606.895592727118,USD,2026-02-16 20:27:33,8d93:29d9:47b2:a5ec:f7a2:f492:cac6:3d8,1
sdv-id-mSRWaK,ACC_170,ENT_UK_008,7032.100386024559,USD,2026-03-17 15:30:09,bad4:12a8:fc24:8eeb:29e8:ac90:6cc1:dbc3,1
sdv-id-BgcKIo,ACC_100,ENT_UK_016,225998.02351841415,USD,2026-03-31 17:36:11,f3ca:9d2e:6231:b774:6f1a:eb06:aa7d:f18,1
sdv-id-ZrnimF,ACC_171,ENT_UK_013,201180.29294600233,USD,2026-03-19 17:06:08,ece4:259c:8274:bb3d:55:66d5:a904:b0a8,1
sdv-id-FQCjAw,ACC_142,ENT_UK_014,8321.029121042224,USD,2026-02-13 07:49:57,e1d5:65f8:91d:aab3:de99:2d9a:fd96:fd65,1
sdv-id-mqKaqX,ACC_181,ENT_UK_004,28468.789464505127,USD,2026-03-06 07:02:16,e08b:5688:697:99d6:7e19:d436:451d:79ef,1
sdv-id-weegvq,ACC_142,ENT_UK_003,1258577.0335714945,USD,2026-02-07 20:18:48,e010:34ef:702d:c329:4502:f38c:e845:cc38,1
sdv-id-LhmiGu,ACC_273,ENT_UK_009,3163.77795832731,USD,2026-01-31 18:38:17,746c:ddfd:4307:d049:7087:17fb:c811:f44d,1
sdv-id-eEcnSO,ACC_171,ENT_UK_005,343991.2439024185,USD,2026-03-17 15:46:53,ef6b:fb92:5b34:5518:7076:7735:e911:c77c,1
sdv-id-deRaEI,ACC_176,ENT_UK_015,1598.69957300049,USD,2026-03-18 01:06:42,f36:6f18:6ac3:a735:e7:852d:f205:ed49,1
sdv-id-wiVOtW,ACC_247,ENT_UK_013,34381.52134047797,USD,2026-03-25 14:17:21,9f3c:7b44:31ca:b38b:8171:37cc:dcdf:6b16,1
sdv-id-RSRGPT,ACC_107,ENT_UK_001,434407.5533653778,USD,2026-01-10 19:41:43,d211:c1:e3e1:37cf:d254:a9d4:90fb:a4cb,1
sdv-id-JqmMZT,ACC_171,ENT_UK_014,1784.3597862324807,USD,2026-02-21 16:41:52,3755:cc34:bcdc:e9bb:b4b1:e0e7:a026:4267,1
sdv-id-FeJlXv,ACC_134,ENT_UK_010,318772.9708420063,USD,2026-01-26 18:21:43,392a:c9c:b5e1:ca3a:741e:4db4:6333:d556,1
sdv-id-zUGiGj,ACC_107,ENT_UK_005,947.5952544441948,USD,2026-02-21 18:59:06,5800:3e1b:8802:9703:d36f:971e:abdd:f6e6,1
sdv-id-fqmesR,ACC_271,ENT_UK_010,311577.4547261649,USD,2026-03-29 23:24:54,fdb6:5e41:1d2:66c6:71f5:3531:600a:33e0,1
sdv-id-MbbtfM,ACC_176,ENT_UK_015,10063.604900959315,USD,2026-01-02 19:06:19,3d00:bfdc:a129:dc9c:f52e:e1ed:ca67:fcaf,1
sdv-id-uPeDDV,ACC_164,ENT_UK_012,51188.072431818146,USD,2026-03-18 20:33:11,8201:5639:1739:b2bc:6f27:2cae:f899:f746,1
sdv-id-cgLUqN,ACC_199,ENT_UK_001,68195.51920256786,USD,2026-01-28 05:43:35,b86d:7d57:6391:e849:1d2a:43fb:9c48:aa9f,1
sdv-id-SoadBS,ACC_242,ENT_UK_008,4442.749917265293,USD,2026-02-04 12:19:20,d27f:2882:2c1b:3dad:3fa0:9dfa:8523:d7a7,1
sdv-id-GLJZXu,ACC_256,ENT_UK_011,3744.329078430369,USD,2026-03-01 23:22:31,39e:130:76a3:af2b:1144:c300:a1ae:a1a4,1
sdv-id-PEgMRY,ACC_211,ENT_UK_009,11253.709392107829,USD,2026-03-18 10:48:18,93ef:64c1:3ae1:f32a:75ed:2ee4:7c00:32dc,1
sdv-id-sXiApF,ACC_107,ENT_UK_007,928.4401091337636,USD,2026-03-10 13:48:52,fe22:d8ee:e6ff:5a1d:a6e9:1a76:135f:29d,1
sdv-id-JZkzzM,ACC_155,ENT_UK_004,950.759381404897,USD,2026-03-23 13:34:09,89fc:170c:ea62:27c6:6487:cb94:5b67:d1e2,1
sdv-id-uMpvvO,ACC_271,ENT_UK_003,10949.808214207123,USD,2026-01-04 02:10:01,d839:300a:8837:273f:e7e8:f8b8:9b21:93a1,1
sdv-id-gRnJhN,ACC_107,ENT_UK_014,37612.06118011448,USD,2026-02-26 07:12:50,6b32:1fec:eb78:47c0:45f:1782:aeb7:8586,1
sdv-id-ePSUfQ,ACC_107,ENT_UK_015,3727.8773997383983,USD,2026-03-03 02:06:10,3a3e:91eb:d581:8d59:432b:4d11:94a6:1d16,1
sdv-id-zpsTof,ACC_189,ENT_UK_012,886907.5203773142,USD,2026-01-17 17:06:00,3f8a:58cf:ab6d:4280:be9:aaea:3779:648a,1
sdv-id-xRKUzm,ACC_134,ENT_UK_006,1644193.633180318,USD,2026-03-28 19:26:29,f205:9bb9:e175:49a0:61bf:c078:9f5c:985,1
sdv-id-NCGUYS,ACC_164,ENT_UK_005,64327.39935015265,USD,2026-03-15 10:47:00,35ba:3671:9664:750d:ebac:48bd:793e:4e24,1
sdv-id-MyJVne,ACC_146,ENT_UK_003,938.240848625046,USD,2026-03-21 12:02:47,4bd2:9e63:c900:278a:1aff:6586:ab97:6fd2,1
sdv-id-oiyfDP,ACC_134,ENT_UK_012,23062.37793923377,USD,2026-03-31 21:24:49,671b:6cc4:c4b8:2546:e9c7:e10b:2b37:d9b0,1
sdv-id-LTHEae,ACC_160,ENT_UK_010,45445.91810150039,USD,2026-02-10 10:03:14,dde5:222:65f8:ffc5:2fa0:f047:3b3f:5386,2
sdv-id-spgfbk,ACC_242,ENT_UK_006,155170.13182015298,USD,2026-01-31 02:52:08,75c6:94c:df4a:f996:4c2d:b28b:e6c9:cb0,1
sdv-id-xkebfv,ACC_170,ENT_UK_009,7506.070323076101,USD,2026-01-09 09:49:50,4bb9:daa8:284:362c:865a:6118:b0b6:f621,1
sdv-id-eeCFDy,ACC_198,ENT_UK_011,30999.739673989458,USD,2026-03-31 07:49:05,9280:83e:960f:1e38:bae5:e497:6edc:7c35,1
sdv-id-dmOHOH,ACC_176,ENT_UK_019,4177.998365071209,USD,2026-03-31 09:29:54,b298:47c3:be4f:1499:99c2:be2b:758c:5f52,1
sdv-id-fMmSqy,ACC_199,ENT_UK_019,5851.573251859376,USD,2026-03-17 02:23:39,32cd:2fd1:23b7:445c:57ad:95ae:699a:a1ca,1
sdv-id-TtXsUK,ACC_155,ENT_UK_013,9402.715246557362,USD,2026-01-21 15:39:33,da7f:b18b:bd0f:dc60:75fa:2093:40f9:9c4b,1
sdv-id-ocmmfq,ACC_176,ENT_UK_005,8604.176143103066,USD,2026-01-22 12:59:01,6b7a:82ea:a50d:8f92:a364:5037:c43b:f201,1
sdv-id-uJegBH,ACC_155,ENT_UK_008,937291.2472015602,USD,2026-01-05 16:28:23,db96:c340:2f82:25e3:db5b:96d1:385e:9307,1
sdv-id-sMSFio,ACC_107,ENT_UK_006,538176.4020235687,USD,2026-03-23 10:42:18,2a9b:b2c0:751:74ec:b2e8:669e:b026:f281,1
sdv-id-nFKoRG,ACC_176,ENT_UK_012,406175.30843055405,USD,2026-03-22 21:04:08,6fc0:7da:ee99:e0a2:3a83:ad5e:54a0:1873,2
sdv-id-SrfdkK,ACC_164,ENT_UK_012,63173.732468382295,USD,2026-03-28 18:16:54,b9fd:7d0b:3be3:fee1:d4b5:e3c6:df9:2bb7,2
sdv-id-QCiKOq,ACC_264,ENT_UK_005,716380.3971636682,USD,2026-02-25 14:11:44,58e3:7878:7aa9:9f66:e173:4dcb:624f:7d9,2
sdv-id-XOIHaH,ACC_196,ENT_UK_019,964.262753486684,USD,2026-03-08 13:09:49,2f5d:b725:b424:bfda:b8e9:c947:986a:7d79,1
sdv-id-YNeDKh,ACC_247,ENT_UK_009,944.3834264179816,USD,2026-01-09 03:20:13,51f5:947b:1923:f398:1115:6d81:4060:4d4f,1
sdv-id-pcWjBA,ACC_196,ENT_UK_008,577160.5861635354,USD,2026-01-03 18:16:38,653:d5ef:1e14:ff1e:3165:8baf:6338:ba84,1
sdv-id-mBEkPT,ACC_211,ENT_UK_015,423441.3858196155,USD,2026-03-24 18:33:22,e970:1e28:3f5d:78a4:c1ae:bc6:475e:5ec4,2
sdv-id-eAYJHz,ACC_249,ENT_UK_015,176969.03988398006,USD,2026-03-03 23:02:16,325d:44bd:8df4:6fac:90e7:5452:ebc9:ba77,1
sdv-id-GfiVPR,ACC_211,ENT_UK_013,1177.7888035472429,USD,2026-02-13 03:31:05,e72f:3e84:a697:7c4:e86c:18aa:9638:61d7,1
sdv-id-KzFKMk,ACC_162,ENT_UK_008,58243.86148337173,USD,2026-02-01 20:52:47,3423:326b:8d82:57d:2449:53ed:8319:b259,1
sdv-id-MQnPab,ACC_189,ENT_UK_018,22921.650020086436,USD,2026-01-16 16:53:38,876e:38a0:d06d:298c:9143:528f:f624:958c,1
sdv-id-limwJR,ACC_146,ENT_UK_012,16751.23900979984,USD,2026-01-08 09:39:36,848b:69af:6c2:9a75:905a:5096:20dc:8ebe,1
sdv-id-oEWKTE,ACC_253,ENT_UK_009,11540.130044303927,USD,2026-03-06 13:14:58,288a:7d91:b471:6d00:7c9f:a3de:bf61:6398,1
sdv-id-rgmGyg,ACC_243,ENT_UK_009,9831.632354412955,USD,2026-01-14 17:43:06,9621:df08:621e:29de:856a:688:9a49:b93f,1
sdv-id-CyNqek,ACC_271,ENT_UK_007,1038.618093711984,USD,2026-02-09 17:13:21,7166:884a:7b70:bc2a:b4b6:aac7:8477:ee85,1
sdv-id-VTZwUn,ACC_186,ENT_UK_018,14121.201138202096,USD,2026-03-28 05:26:43,c423:e6c4:9fb3:6da4:d675:e9c8:313a:6dd3,1
sdv-id-HZANVX,ACC_162,ENT_UK_012,30163.033593655524,USD,2026-01-28 20:59:15,8ccf:4172:a78e:546c:954f:26be:a50f:8bf6,1
sdv-id-SqCHyp,ACC_142,ENT_UK_007,29201.48763797547,USD,2026-03-27 09:13:54,11c0:16cd:2177:934c:e70f:f049:e5f:4a21,1
sdv-id-rsuDpj,ACC_176,ENT_UK_013,184470.55830691135,USD,2026-03-21 15:21:25,be47:1181:a7f9:4106:4aa4:39a2:3b01:2838,1
sdv-id-vGRQmb,ACC_176,ENT_UK_012,31764.74954148335,USD,2026-02-12 09:44:42,20c4:c118:5b2e:babe:c3be:5e89:ec06:a4f,1
sdv-id-eQisWf,ACC_156,ENT_UK_001,988.7041919630628,USD,2026-03-11 12:09:57,c2f5:c57d:fbe8:e47:ac78:8252:a6a1:b044,1
sdv-id-BFyQLs,ACC_187,ENT_UK_005,370548.2175907344,USD,2026-04-01 14:49:53,55a8:dfb1:9986:cc52:e059:611a:d6ae:8d29,2
sdv-id-rPaFTG,ACC_211,ENT_UK_007,1897219.666291353,USD,2026-03-31 09:25:02,6e5a:c5dc:d882:390a:8dea:2cb7:929a:3de9,2
sdv-id-tDfQIB,ACC_273,ENT_UK_012,306897.5714793393,USD,2026-01-08 03:25:28,936c:4c8f:e113:d51a:9497:a240:6f7a:aa61,1
sdv-id-mYFZeo,ACC_256,ENT_UK_005,2190.369963947073,USD,2026-02-20 10:00:14,9a61:99be:241e:e581:3f47:8b38:da2d:8a79,1
sdv-id-mpnILV,ACC_253,ENT_UK_011,245710.0155034137,USD,2026-02-09 10:28:02,ae5a:91ba:205f:575f:bebc:3730:e9cd:f76e,1
sdv-id-twsZnY,ACC_272,ENT_UK_002,1488.2691539670184,USD,2026-03-30 23:25:02,c8d5:9054:dc45:f6c2:87d6:3387:3fd9:8ce7,0
sdv-id-yinjyu,ACC_107,ENT_UK_019,1136237.2839034705,USD,2026-02-13 03:46:01,7da1:386f:8f2d:10f5:382f:b616:810f:560d,1
sdv-id-BsCSSQ,ACC_284,ENT_UK_013,121933.20475561134,USD,2026-02-17 07:08:01,ad24:76d1:9891:1e35:983:8d56:70f5:ff70,1
sdv-id-FuVLec,ACC_155,ENT_UK_014,53922.993508072126,USD,2026-01-21 10:53:47,e70:cacf:ac08:7978:372d:e152:ce5d:f066,1
sdv-id-MMfeaG,ACC_271,ENT_UK_015,385417.094414212,USD,2026-02-22 12:12:10,c815:7d44:6096:60f5:7a9c:f65:2e99:a728,2
sdv-id-NlbfFA,ACC_211,ENT_UK_001,2061.2006567778803,USD,2026-03-02 12:51:27,a1f7:be9e:6fb6:f9a7:8d1a:ccf7:4d21:7c3b,1
sdv-id-piROjj,ACC_134,ENT_UK_017,13364.209568648164,USD,2026-01-26 04:43:01,66cc:f334:e3c1:b32e:f37d:d0fe:d5a8:95ac,1
sdv-id-shLsuy,ACC_248,ENT_UK_019,183303.59506504683,USD,2026-02-07 08:17:11,f8e0:25c3:22de:6aae:1542:85e0:e2b5:7f28,2
sdv-id-MaZjbq,ACC_107,ENT_UK_006,929.9197280081814,USD,2026-01-24 07:52:10,c07a:b7b6:87c2:1ad:c32d:2672:2278:7d6d,1
sdv-id-jKKQcJ,ACC_264,ENT_UK_015,1018.0860653066646,USD,2026-03-19 15:16:22,95d8:4f4:9a7f:2a1:3d06:d874:2efa:4eb1,1
sdv-id-XfwFaD,ACC_100,ENT_UK_010,25892.859061814383,USD,2026-03-09 05:40:04,6f56:39bf:7b64:4532:5de2:738b:f041:f99e,1
sdv-id-tvBYuh,ACC_211,ENT_UK_010,153497.54269174126,USD,2026-02-20 07:41:58,9df7:cfde:b68d:22e3:6d8d:8c04:471e:1f57,1
sdv-id-DhXCUI,ACC_176,ENT_UK_013,32223.14702848262,USD,2026-02-18 12:56:40,71d4:b5e0:b8c4:7a40:ab3a:3e9f:f7b7:b10b,1
sdv-id-wYRCgG,ACC_271,ENT_UK_014,227614.40805876633,USD,2026-02-16 09:43:17,8ca8:9162:d356:2015:d058:46c7:3476:169e,1
sdv-id-eqKpkh,ACC_176,ENT_UK_002,8325.656188674273,USD,2026-02-13 04:14:18,1ab2:4e9e:8ad:eec9:e30c:109c:b836:8a7a,1
sdv-id-NdHPXJ,ACC_242,ENT_UK_015,1067458.3061180003,USD,2026-01-17 14:08:35,d9ec:1905:35a9:8dee:36b7:380c:8676:77a9,2
sdv-id-JKfNiN,ACC_181,ENT_UK_005,49008.92670109792,USD,2026-02-09 01:48:02,c164:4bff:721:2a0b:8405:d7c3:ba45:3ebe,1
sdv-id-FOmVtQ,ACC_164,ENT_UK_016,61668.9238248262,USD,2026-03-13 04:20:22,7714:c82:a6c5:c0fd:a55d:209f:e5f4:c159,1
sdv-id-sGOxhH,ACC_134,ENT_UK_011,27176.764992758985,USD,2026-02-25 12:40:44,99f0:84b6:555:fe7d:d888:9ce9:4ca8:a44,1
sdv-id-bzoMxw,ACC_142,ENT_UK_019,1240.4547641627146,USD,2026-01-30 04:01:03,784f:2511:2dc0:3d11:9e2e:648e:a442:eb9f,1
sdv-id-xhZVne,ACC_142,ENT_UK_003,5979.498680856132,USD,2026-02-07 09:01:57,90b0:4bca:d030:c81b:19d5:a4f7:5723:ac61,1
sdv-id-grvkLV,ACC_273,ENT_UK_018,43686.299629288325,USD,2026-02-06 05:14:19,bea4:2c3f:3788:cf94:1c8e:3f99:cf06:8a87,1
sdv-id-uqwgDq,ACC_211,ENT_UK_002,63044.564851172545,USD,2026-03-09 19:42:26,dc2f:ae85:eb4f:532f:96e2:3c36:9dd6:8797,1
sdv-id-QhYHJb,ACC_253,ENT_UK_013,996572.3810520036,USD,2026-04-01 13:49:39,eb68:2d47:d331:e0fc:ba2b:dcd5:40e7:91b7,2
sdv-id-jKykqo,ACC_176,ENT_UK_001,7772.19277054906,USD,2026-01-29 09:45:28,a5e1:f150:642b:1813:c7b:fa26:fe23:f97,1
sdv-id-jZgrHz,ACC_225,ENT_UK_011,65249.6750456878,USD,2026-03-11 21:22:36,636d:460d:bc7f:9d69:4572:a9a6:73e0:ea2b,1
sdv-id-ZzVHiR,ACC_107,ENT_UK_019,313617.1240705993,USD,2026-04-01 07:33:41,4d3a:70ed:50fb:8ce8:8d68:bd24:f9b5:bca9,1
sdv-id-GsOWLL,ACC_176,ENT_UK_002,52716.87267333989,USD,2026-02-27 07:28:51,9076:39a6:9dc3:bf07:1842:9a65:1995:26ab,1
sdv-id-VvCxHL,ACC_247,ENT_UK_017,1277.0261453260705,USD,2026-01-20 05:21:18,d1c8:355c:8f0b:750a:4e8e:f354:c484:db38,1
sdv-id-MvzYbX,ACC_242,ENT_UK_016,151736.35952660037,USD,2026-03-21 03:39:50,4c0:19c:aeeb:2f40:8ae7:5e97:a4cb:d718,2
sdv-id-PTkKCk,ACC_172,ENT_UK_013,1763.3962252261924,USD,2026-03-12 07:04:37,2e35:1da0:8468:727b:d219:72ec:e1e4:17aa,1
sdv-id-IcNlqD,ACC_199,ENT_UK_019,128141.91612333508,USD,2026-02-17 03:22:34,eb3e:a7f2:460b:f21f:9e4:11a9:2968:5271,1
sdv-id-fTXMEM,ACC_261,ENT_UK_006,14543.813010951972,USD,2026-03-24 19:48:32,e720:a49a:bdf0:a8a:a3db:b491:c8f:86b6,1
sdv-id-TiFODI,ACC_176,ENT_UK_006,774393.949942505,USD,2026-01-04 10:19:29,bf5e:dbf8:da3d:c34e:b1f7:a668:13c5:eec7,2
sdv-id-AlDrTX,ACC_142,ENT_UK_007,80103.68126734436,USD,2026-03-29 23:54:14,150e:ccbf:4b68:1965:1840:b2cb:deab:67,1
sdv-id-thJGeL,ACC_142,ENT_UK_007,769886.350989746,USD,2026-02-04 11:38:33,aef:4f3f:a5d6:4962:8a85:3755:2af3:c03d,2
sdv-id-rAXMTy,ACC_162,ENT_UK_016,1452186.4877408526,USD,2026-02-05 05:28:44,b880:86a0:84c5:3b4b:d19c:26df:4f75:82e7,1
sdv-id-mLRsVT,ACC_162,ENT_UK_019,365486.8273312433,USD,2026-03-07 17:40:28,d945:6323:6a28:bd99:25ce:aa8f:e477:3a9,1
sdv-id-rrOjJn,ACC_176,ENT_UK_011,55708.48494770855,USD,2026-02-20 22:18:19,18a3:6963:9c64:f356:a058:9313:dc56:beeb,1
sdv-id-lIrQFF,ACC_162,ENT_UK_011,108285.61410516634,USD,2026-02-24 11:41:28,a012:d634:b9fb:7615:35fd:26c:5be8:ab78,1
sdv-id-sRfVNb,ACC_176,ENT_UK_007,10977.715172884193,USD,2026-01-22 02:06:15,8ef9:60b1:a737:b5a0:2933:e04f:7dc8:8e0a,1
sdv-id-XtlUEJ,ACC_253,ENT_UK_008,11312.58182102479,USD,2026-03-16 02:56:24,80c9:5e59:adca:fb2f:386:ad73:8a39:6286,1
sdv-id-woUUUv,ACC_176,ENT_UK_002,471250.6448437458,USD,2026-03-07 09:08:53,8974:dcf6:9edc:265a:9b5c:cafd:efcf:474d,2
sdv-id-sXOXlU,ACC_196,ENT_UK_002,23617.913943833923,USD,2026-02-02 21:00:53,bbb4:d66d:d39d:4c94:9b99:7dfd:acf8:d02b,1
sdv-id-ERNRti,ACC_142,ENT_UK_001,447240.61955037114,USD,2026-02-26 18:20:04,9ff6:de23:d823:9cc1:cc58:b40:4753:ec65,1
sdv-id-UIkeIi,ACC_248,ENT_UK_006,778240.5013749474,USD,2026-03-03 13:39:05,9ac8:9f61:e319:ce49:31b8:f9b4:f846:db72,1
sdv-id-NWvJXV,ACC_176,ENT_UK_007,342201.92726591614,USD,2026-03-08 02:52:10,4d8f:1eaf:f300:e664:9184:690c:93e0:2bec,1
sdv-id-jqeTpq,ACC_171,ENT_UK_014,80572.27845620166,USD,2026-03-26 23:03:24,2fd1:477c:e64b:ba42:a946:e0b2:affa:ea97,1
sdv-id-ASUORO,ACC_243,ENT_UK_012,247802.2259679164,USD,2026-01-13 00:32:51,9cef:2d15:7639:658f:7fbd:80f3:f5f3:aa0b,1
sdv-id-gPfVdk,ACC_107,ENT_UK_004,55263.53070994452,USD,2026-01-31 02:42:30,6c8d:5613:d909:ca0c:6910:f86f:40b:29ca,1
sdv-id-qmbHkK,ACC_234,ENT_UK_017,154943.71154658138,USD,2026-02-21 23:57:06,d2d8:2e30:158b:1b66:a853:3edf:64b3:b2ca,1
sdv-id-RKaMDh,ACC_142,ENT_UK_003,207625.2252183594,USD,2026-03-14 12:24:35,289a:6441:8289:df4a:1a22:d20a:7ef1:d16,1
sdv-id-usGWEN,ACC_221,ENT_UK_016,44372.90107324991,USD,2026-03-15 12:18:15,7a32:ef1c:528a:2f90:5194:f8b:1925:f433,1
sdv-id-hysyhr,ACC_142,ENT_UK_007,152883.54607322154,USD,2026-01-14 14:00:13,61f8:3da7:2a7c:3c1b:2c87:2f73:964d:2587,1
sdv-id-JotOGW,ACC_155,ENT_UK_017,4625.686370049385,USD,2026-01-08 20:04:02,877d:bcfa:b05f:45c4:17ef:da5c:201a:d4c0,1
sdv-id-FsyBmr,ACC_271,ENT_UK_006,35090.68714372245,USD,2026-02-15 13:54:42,9484:d7e4:6d00:8185:6960:be6:e877:48e9,1
sdv-id-bYTVFG,ACC_107,ENT_UK_003,339328.47200630663,USD,2026-03-08 21:00:16,c940:a5bf:c3e2:98af:feaf:686a:94c7:cb06,1
sdv-id-lCXMrr,ACC_176,ENT_UK_017,541540.5755698318,USD,2026-02-21 04:03:20,401e:dd19:9309:7a9:6786:fcb:4c80:bbc7,1
sdv-id-ypAzhu,ACC_160,ENT_UK_013,3643.761650174136,USD,2026-03-26 18:21:31,3723:81f3:7a79:16c2:e00f:9f83:165c:e4b2,2
sdv-id-aJPeJr,ACC_181,ENT_UK_009,1508483.184912524,USD,2026-03-28 20:47:43,ccf0:687c:696a:a527:1621:72e7:3471:ab88,2
sdv-id-CHCHvY,ACC_293,ENT_UK_008,38212.83729260199,USD,2026-02-17 04:56:30,479e:f454:1abb:2b72:81a3:bdac:f06a:e980,1
sdv-id-wEyvWY,ACC_142,ENT_UK_005,10315.516908623096,USD,2026-01-14 01:52:46,7c43:62e4:b654:f931:d74b:bf:cf2a:4b37,1
sdv-id-gUAmLp,ACC_199,ENT_UK_001,72188.5250177757,USD,2026-02-11 12:00:42,4c5a:92fd:5d28:739c:29e7:b59:ebc9:a813,1
sdv-id-GRrjxz,ACC_107,ENT_UK_015,366541.23334837775,USD,2026-01-10 16:28:27,902:6d4:8867:d67e:784e:28f3:f695:65b,2
sdv-id-IqogKY,ACC_176,ENT_UK_014,19652.980735278197,USD,2026-01-22 23:41:33,cd4d:de1a:df81:dbd9:51f8:a8d8:89c4:a722,1
