doc_id,swift_msg_id,commodity,unit_price,market_avg,qty,vessel_id,price_deviation
SHIP_V_1003,sdv-id-UBStqt,Raw Jute,902,5.0,1839,SHIP_V_1003,179.4
SHIP_V_1631,sdv-id-DkoVul,Industrial Chemicals,638,50.0,1779,SHIP_V_1631,11.76
SHIP_V_1751,sdv-id-rzNwCt,Industrial Chemicals,1373,50.0,1603,SHIP_V_1751,26.46
SHIP_V_1354,sdv-id-rOxscH,Solar Panels,501,120.0,581,SHIP_V_1354,3.175
SHIP_V_1732,sdv-id-YGruGT,Ready-made Garments,1364,8.5,1815,SHIP_V_1732,159.47058823529412
SHIP_V_1030,sdv-id-xOkEKz,Smartphones,882,300.0,1666,SHIP_V_1030,1.94
SHIP_V_1651,sdv-id-EYzZUF,Ready-made Garments,80,8.5,1817,SHIP_V_1651,8.411764705882353
SHIP_V_1419,sdv-id-sMDAlO,Ready-made Garments,326,8.5,1321,SHIP_V_1419,37.35294117647059
SHIP_V_1060,sdv-id-eUTRjM,Smartphones,967,300.0,643,SHIP_V_1060,2.223333333333333
SHIP_V_1791,sdv-id-OpCkDZ,Raw Jute,195,5.0,1354,SHIP_V_1791,38.0
SHIP_V_1268,sdv-id-KUosHA,Raw Jute,898,5.0,1551,SHIP_V_1268,178.6
SHIP_V_1959,sdv-id-EFAxze,Industrial Chemicals,462,50.0,656,SHIP_V_1959,8.24
SHIP_V_1655,sdv-id-dmfxDU,Raw Jute,240,5.0,1729,SHIP_V_1655,47.0
SHIP_V_1873,sdv-id-mxSIdC,Ready-made Garments,234,8.5,1453,SHIP_V_1873,26.529411764705884
SHIP_V_1132,sdv-id-pqspiD,Ready-made Garments,56,8.5,394,SHIP_V_1132,5.588235294117647
SHIP_V_1136,sdv-id-ubKfSm,Smartphones,1239,300.0,199,SHIP_V_1136,3.13
SHIP_V_1833,sdv-id-bXlvbH,Raw Jute,915,5.0,888,SHIP_V_1833,182.0
SHIP_V_1212,sdv-id-HBbeTd,Solar Panels,631,120.0,721,SHIP_V_1212,4.258333333333334
SHIP_V_1726,sdv-id-gQVsAo,Industrial Chemicals,250,50.0,1153,SHIP_V_1726,4.0
SHIP_V_1738,sdv-id-sAnukt,Smartphones,153,300.0,912,SHIP_V_1738,-0.49
SHIP_V_1062,sdv-id-yfvMVs,Solar Panels,224,120.0,1971,SHIP_V_1062,0.8666666666666667
SHIP_V_1186,sdv-id-lAJvkL,Industrial Chemicals,746,50.0,389,SHIP_V_1186,13.92
SHIP_V_1138,sdv-id-lBKKsE,Raw Jute,923,5.0,442,SHIP_V_1138,183.6
SHIP_V_1314,sdv-id-HnSxBC,Smartphones,225,300.0,1770,SHIP_V_1314,-0.25
SHIP_V_1598,sdv-id-RniEPm,Raw Jute,776,5.0,538,SHIP_V_1598,154.2
SHIP_V_1590,sdv-id-NlZxRy,Industrial Chemicals,1957,50.0,455,SHIP_V_1590,38.14
SHIP_V_1677,sdv-id-gOijaV,Smartphones,368,300.0,1840,SHIP_V_1677,0.2266666666666666
SHIP_V_1183,sdv-id-DfnKUN,Solar Panels,1190,120.0,1226,SHIP_V_1183,8.916666666666666
SHIP_V_1574,sdv-id-QyFifJ,Raw Jute,475,5.0,1796,SHIP_V_1574,94.0
SHIP_V_1552,sdv-id-umiutQ,Raw Jute,262,5.0,569,SHIP_V_1552,51.4
SHIP_V_1240,sdv-id-ydiWAs,Industrial Chemicals,1121,50.0,1739,SHIP_V_1240,21.42
SHIP_V_1349,sdv-id-DgLKPi,Ready-made Garments,390,8.5,185,SHIP_V_1349,44.88235294117647
SHIP_V_1423,sdv-id-mYiYOB,Ready-made Garments,340,8.5,1753,SHIP_V_1423,39.0
SHIP_V_1894,sdv-id-Ezppwn,Raw Jute,1655,5.0,777,SHIP_V_1894,330.0
SHIP_V_1606,sdv-id-zPSlRx,Ready-made Garments,9,8.5,654,SHIP_V_1606,0.0588235294117647
SHIP_V_1988,sdv-id-BckGFj,Smartphones,6,300.0,1999,SHIP_V_1988,-0.98
SHIP_V_1189,sdv-id-QUyWvd,Smartphones,30,300.0,1328,SHIP_V_1189,-0.9
SHIP_V_1200,sdv-id-KEiVor,Ready-made Garments,952,8.5,758,SHIP_V_1200,111.0
SHIP_V_1794,sdv-id-tOvEla,Smartphones,440,300.0,770,SHIP_V_1794,0.4666666666666667
SHIP_V_1552,sdv-id-pSNpOr,Ready-made Garments,578,8.5,1918,SHIP_V_1552,67.0
SHIP_V_1053,sdv-id-TYejhq,Industrial Chemicals,942,50.0,827,SHIP_V_1053,17.84
SHIP_V_1937,sdv-id-BfUdhU,Smartphones,1374,300.0,590,SHIP_V_1937,3.58
SHIP_V_1501,sdv-id-HALeaa,Ready-made Garments,193,8.5,1235,SHIP_V_1501,21.705882352941178
SHIP_V_1428,sdv-id-EjmTxr,Ready-made Garments,2144,8.5,670,SHIP_V_1428,251.23529411764707
SHIP_V_1148,sdv-id-xtEIGX,Smartphones,2339,300.0,769,SHIP_V_1148,6.796666666666667
SHIP_V_1168,sdv-id-oCyKYC,Solar Panels,217,120.0,545,SHIP_V_1168,0.8083333333333333
SHIP_V_1879,sdv-id-fhTTgS,Industrial Chemicals,2420,50.0,1578,SHIP_V_1879,47.4
SHIP_V_1225,sdv-id-vhWTsN,Solar Panels,219,120.0,1648,SHIP_V_1225,0.825
SHIP_V_1937,sdv-id-HYcsJR,Ready-made Garments,183,8.5,1819,SHIP_V_1937,20.529411764705884
SHIP_V_1136,sdv-id-MVJBKP,Ready-made Garments,571,8.5,1662,SHIP_V_1136,66.17647058823529
SHIP_V_1874,sdv-id-jHcWOP,Smartphones,1214,300.0,369,SHIP_V_1874,3.046666666666667
SHIP_V_1096,sdv-id-dpAPZl,Ready-made Garments,814,8.5,964,SHIP_V_1096,94.76470588235294
SHIP_V_1321,sdv-id-YOMRkx,Ready-made Garments,1626,8.5,192,SHIP_V_1321,190.2941176470588
SHIP_V_1224,sdv-id-foIJgp,Ready-made Garments,187,8.5,1212,SHIP_V_1224,21.0
SHIP_V_1651,sdv-id-UFCqbv,Raw Jute,10,5.0,464,SHIP_V_1651,1.0
SHIP_V_1249,sdv-id-jvJXtE,Solar Panels,223,120.0,277,SHIP_V_1249,0.8583333333333333
SHIP_V_1426,sdv-id-JLvrnm,Raw Jute,327,5.0,141,SHIP_V_1426,64.4
SHIP_V_1431,sdv-id-cFnFyK,Smartphones,1602,300.0,335,SHIP_V_1431,4.34
SHIP_V_1749,sdv-id-MDoqTx,Ready-made Garments,987,8.5,263,SHIP_V_1749,115.11764705882354
SHIP_V_1316,sdv-id-ASgtaO,Smartphones,328,300.0,1194,SHIP_V_1316,0.0933333333333333
SHIP_V_1996,sdv-id-VBFLCE,Solar Panels,804,120.0,841,SHIP_V_1996,5.7
SHIP_V_1554,sdv-id-TkvYsT,Smartphones,333,300.0,1062,SHIP_V_1554,0.11
SHIP_V_1514,sdv-id-TKSFMa,Industrial Chemicals,800,50.0,703,SHIP_V_1514,15.0
SHIP_V_1335,sdv-id-KQOjXU,Smartphones,31,300.0,293,SHIP_V_1335,-0.8966666666666666
SHIP_V_1188,sdv-id-jUBdZi,Industrial Chemicals,1431,50.0,1411,SHIP_V_1188,27.62
SHIP_V_1534,sdv-id-bOlhfE,Industrial Chemicals,316,50.0,904,SHIP_V_1534,5.32
SHIP_V_1989,sdv-id-GCmfsT,Ready-made Garments,423,8.5,1839,SHIP_V_1989,48.76470588235294
SHIP_V_1553,sdv-id-idlRjE,Solar Panels,2142,120.0,974,SHIP_V_1553,16.85
SHIP_V_1114,sdv-id-eZTQoo,Ready-made Garments,1451,8.5,606,SHIP_V_1114,169.7058823529412
SHIP_V_1141,sdv-id-ndneAh,Ready-made Garments,948,8.5,331,SHIP_V_1141,110.52941176470588
SHIP_V_1306,sdv-id-oGnPXy,Raw Jute,2023,5.0,1794,SHIP_V_1306,403.6
SHIP_V_1837,sdv-id-dxZXhL,Industrial Chemicals,498,50.0,389,SHIP_V_1837,8.96
SHIP_V_1793,sdv-id-FCqkoI,Industrial Chemicals,393,50.0,1541,SHIP_V_1793,6.86
SHIP_V_1088,sdv-id-WZZXik,Smartphones,274,300.0,1429,SHIP_V_1088,-0.0866666666666666
SHIP_V_1278,sdv-id-aRYUlg,Smartphones,1114,300.0,516,SHIP_V_1278,2.713333333333334
SHIP_V_1601,sdv-id-OAvSSk,Raw Jute,979,5.0,288,SHIP_V_1601,194.8
SHIP_V_1300,sdv-id-FMerrB,Ready-made Garments,1843,8.5,1611,SHIP_V_1300,215.8235294117647
SHIP_V_1499,sdv-id-IaEvXY,Smartphones,502,300.0,350,SHIP_V_1499,0.6733333333333333
SHIP_V_1141,sdv-id-XlDHcB,Ready-made Garments,551,8.5,221,SHIP_V_1141,63.8235294117647
SHIP_V_1915,sdv-id-NSfGUe,Solar Panels,1240,120.0,826,SHIP_V_1915,9.333333333333334
SHIP_V_1739,sdv-id-QenkXG,Industrial Chemicals,1095,50.0,839,SHIP_V_1739,20.9
SHIP_V_1806,sdv-id-CAxhGp,Solar Panels,352,120.0,1472,SHIP_V_1806,1.9333333333333331
SHIP_V_1352,sdv-id-fqqBHI,Solar Panels,131,120.0,1397,SHIP_V_1352,0.0916666666666666
SHIP_V_1914,sdv-id-gUYJFa,Smartphones,486,300.0,1751,SHIP_V_1914,0.62
SHIP_V_1231,sdv-id-rxLlDY,Raw Jute,565,5.0,122,SHIP_V_1231,112.0
SHIP_V_1617,sdv-id-MvxBrE,Ready-made Garments,730,8.5,1941,SHIP_V_1617,84.88235294117646
SHIP_V_1856,sdv-id-OKyCTh,Industrial Chemicals,512,50.0,839,SHIP_V_1856,9.24
SHIP_V_1951,sdv-id-FKvhuP,Solar Panels,709,120.0,468,SHIP_V_1951,4.908333333333333
SHIP_V_1066,sdv-id-mjcmlo,Smartphones,1356,300.0,321,SHIP_V_1066,3.52
SHIP_V_1553,sdv-id-ibNJLM,Ready-made Garments,47,8.5,1798,SHIP_V_1553,4.529411764705882
SHIP_V_1858,sdv-id-UDnupz,Solar Panels,590,120.0,475,SHIP_V_1858,3.9166666666666665
SHIP_V_1595,sdv-id-JtHCDn,Raw Jute,979,5.0,816,SHIP_V_1595,194.8
SHIP_V_1939,sdv-id-QMAvee,Industrial Chemicals,308,50.0,1892,SHIP_V_1939,5.16
SHIP_V_1125,sdv-id-aDWBCi,Industrial Chemicals,697,50.0,1095,SHIP_V_1125,12.94
SHIP_V_1057,sdv-id-mmtTQO,Smartphones,2499,300.0,404,SHIP_V_1057,7.33
SHIP_V_1204,sdv-id-oQpkiV,Smartphones,528,300.0,955,SHIP_V_1204,0.76
SHIP_V_1305,sdv-id-YmMSoq,Ready-made Garments,48,8.5,1713,SHIP_V_1305,4.647058823529412
SHIP_V_1301,sdv-id-PdmpHy,Industrial Chemicals,748,50.0,766,SHIP_V_1301,13.96
SHIP_V_1598,sdv-id-OEyCcS,Ready-made Garments,720,8.5,1664,SHIP_V_1598,83.70588235294117
SHIP_V_1400,sdv-id-KlKRKY,Industrial Chemicals,1499,50.0,1749,SHIP_V_1400,28.98
SHIP_V_1479,sdv-id-HHxEMz,Solar Panels,539,120.0,1076,SHIP_V_1479,3.4916666666666667
SHIP_V_1824,sdv-id-pEKxYO,Ready-made Garments,2796,8.5,1573,SHIP_V_1824,327.94117647058823
SHIP_V_1365,sdv-id-jrWObY,Raw Jute,700,5.0,1724,SHIP_V_1365,139.0
SHIP_V_1679,sdv-id-pelSjz,Smartphones,1269,300.0,1743,SHIP_V_1679,3.23
SHIP_V_1335,sdv-id-nGKerx,Ready-made Garments,241,8.5,223,SHIP_V_1335,27.352941176470587
SHIP_V_1769,sdv-id-EnvMyh,Ready-made Garments,534,8.5,279,SHIP_V_1769,61.8235294117647
SHIP_V_1149,sdv-id-iQdmtR,Smartphones,410,300.0,414,SHIP_V_1149,0.3666666666666666
SHIP_V_1836,sdv-id-ZIWGol,Raw Jute,71,5.0,675,SHIP_V_1836,13.2
SHIP_V_1938,sdv-id-Uvqzob,Smartphones,167,300.0,916,SHIP_V_1938,-0.4433333333333333
SHIP_V_1167,sdv-id-zLgpep,Raw Jute,501,5.0,1839,SHIP_V_1167,99.2
SHIP_V_1270,sdv-id-FYIJhY,Smartphones,411,300.0,155,SHIP_V_1270,0.37
SHIP_V_1102,sdv-id-HqZdSi,Raw Jute,764,5.0,528,SHIP_V_1102,151.8
SHIP_V_1705,sdv-id-MnJGTs,Industrial Chemicals,1265,50.0,1144,SHIP_V_1705,24.3
SHIP_V_1969,sdv-id-ekQbpN,Ready-made Garments,25,8.5,1647,SHIP_V_1969,1.9411764705882353
SHIP_V_1804,sdv-id-lTrFsF,Smartphones,2075,300.0,419,SHIP_V_1804,5.916666666666667
SHIP_V_1059,sdv-id-IlbpOL,Ready-made Garments,459,8.5,535,SHIP_V_1059,53.0
SHIP_V_1026,sdv-id-Xsmcnm,Ready-made Garments,177,8.5,386,SHIP_V_1026,19.823529411764707
SHIP_V_1755,sdv-id-MqCRDl,Raw Jute,715,5.0,198,SHIP_V_1755,142.0
SHIP_V_1542,sdv-id-ZAFhHK,Industrial Chemicals,420,50.0,973,SHIP_V_1542,7.4
SHIP_V_1242,sdv-id-nhaHDj,Industrial Chemicals,1762,50.0,246,SHIP_V_1242,34.24
SHIP_V_1337,sdv-id-pYZkPk,Industrial Chemicals,1184,50.0,1564,SHIP_V_1337,22.68
SHIP_V_1159,sdv-id-EoHcwu,Solar Panels,156,120.0,1209,SHIP_V_1159,0.3
SHIP_V_1697,sdv-id-mRrIVp,Industrial Chemicals,467,50.0,774,SHIP_V_1697,8.34
SHIP_V_1660,sdv-id-FwnmKO,Smartphones,288,300.0,1432,SHIP_V_1660,-0.04
SHIP_V_1176,sdv-id-eLPZQi,Solar Panels,554,120.0,375,SHIP_V_1176,3.6166666666666663
SHIP_V_1092,sdv-id-LJIZIx,Industrial Chemicals,1650,50.0,478,SHIP_V_1092,32.0
SHIP_V_1308,sdv-id-ZnYtBj,Smartphones,1384,300.0,229,SHIP_V_1308,3.6133333333333337
SHIP_V_1332,sdv-id-BUZAlu,Solar Panels,910,120.0,1549,SHIP_V_1332,6.583333333333333
SHIP_V_1326,sdv-id-WdlpzS,Industrial Chemicals,756,50.0,1243,SHIP_V_1326,14.12
SHIP_V_1322,sdv-id-DQzUAq,Smartphones,2292,300.0,1634,SHIP_V_1322,6.64
SHIP_V_1272,sdv-id-RwgPum,Raw Jute,1087,5.0,1263,SHIP_V_1272,216.4
SHIP_V_1488,sdv-id-psWRFQ,Industrial Chemicals,589,50.0,722,SHIP_V_1488,10.78
SHIP_V_1239,sdv-id-titMJm,Raw Jute,1112,5.0,1284,SHIP_V_1239,221.4
SHIP_V_1788,sdv-id-GVlKIm,Industrial Chemicals,1472,50.0,1981,SHIP_V_1788,28.44
SHIP_V_1840,sdv-id-vQTyWI,Industrial Chemicals,1181,50.0,695,SHIP_V_1840,22.62
SHIP_V_1016,sdv-id-jdHEQN,Solar Panels,185,120.0,1258,SHIP_V_1016,0.5416666666666666
SHIP_V_1953,sdv-id-NWIOMf,Ready-made Garments,232,8.5,1916,SHIP_V_1953,26.294117647058822
SHIP_V_1464,sdv-id-itLzJn,Raw Jute,385,5.0,525,SHIP_V_1464,76.0
SHIP_V_1521,sdv-id-ArAayA,Smartphones,462,300.0,105,SHIP_V_1521,0.54
SHIP_V_1393,sdv-id-OVtSpL,Ready-made Garments,1255,8.5,1816,SHIP_V_1393,146.64705882352942
SHIP_V_1381,sdv-id-uePuKu,Smartphones,1882,300.0,130,SHIP_V_1381,5.273333333333333
SHIP_V_1862,sdv-id-ZgALdv,Smartphones,785,300.0,308,SHIP_V_1862,1.6166666666666667
SHIP_V_1547,sdv-id-alIxKx,Raw Jute,591,5.0,1131,SHIP_V_1547,117.2
SHIP_V_1405,sdv-id-GapZsB,Raw Jute,369,5.0,523,SHIP_V_1405,72.8
SHIP_V_1445,sdv-id-mYSHxM,Industrial Chemicals,1246,50.0,1868,SHIP_V_1445,23.92
SHIP_V_1183,sdv-id-bnUZoE,Smartphones,533,300.0,1500,SHIP_V_1183,0.7766666666666666
SHIP_V_1447,sdv-id-aHfALX,Raw Jute,875,5.0,1876,SHIP_V_1447,174.0
SHIP_V_1334,sdv-id-aKvQXY,Raw Jute,430,5.0,1713,SHIP_V_1334,85.0
SHIP_V_1539,sdv-id-znEjvd,Raw Jute,196,5.0,1888,SHIP_V_1539,38.2
SHIP_V_1540,sdv-id-pHQDcn,Solar Panels,929,120.0,762,SHIP_V_1540,6.741666666666666
SHIP_V_1534,sdv-id-HdTzfE,Smartphones,318,300.0,913,SHIP_V_1534,0.06
SHIP_V_1985,sdv-id-FVSqgh,Ready-made Garments,821,8.5,235,SHIP_V_1985,95.58823529411764
SHIP_V_1692,sdv-id-ojyMtj,Raw Jute,1919,5.0,675,SHIP_V_1692,382.8
SHIP_V_1477,sdv-id-SAkRDM,Industrial Chemicals,397,50.0,1719,SHIP_V_1477,6.94
SHIP_V_1156,sdv-id-ukiswq,Ready-made Garments,161,8.5,814,SHIP_V_1156,17.941176470588236
SHIP_V_1445,sdv-id-mJeZQO,Ready-made Garments,260,8.5,1948,SHIP_V_1445,29.58823529411765
SHIP_V_1191,sdv-id-FgElIW,Smartphones,1053,300.0,1688,SHIP_V_1191,2.51
SHIP_V_1130,sdv-id-RkcRCZ,Ready-made Garments,569,8.5,1604,SHIP_V_1130,65.94117647058823
SHIP_V_1678,sdv-id-fZCVHr,Ready-made Garments,328,8.5,1665,SHIP_V_1678,37.588235294117645
SHIP_V_1229,sdv-id-dlqJbI,Solar Panels,312,120.0,1641,SHIP_V_1229,1.6
SHIP_V_1124,sdv-id-SeaFKU,Ready-made Garments,1225,8.5,1005,SHIP_V_1124,143.11764705882354
SHIP_V_1885,sdv-id-mfMRkE,Solar Panels,841,120.0,1769,SHIP_V_1885,6.008333333333334
SHIP_V_1017,sdv-id-ymzWYf,Ready-made Garments,732,8.5,555,SHIP_V_1017,85.11764705882354
SHIP_V_1844,sdv-id-UkbgqH,Smartphones,54,300.0,261,SHIP_V_1844,-0.82
SHIP_V_1223,sdv-id-rFxnfS,Industrial Chemicals,329,50.0,1808,SHIP_V_1223,5.58
SHIP_V_1120,sdv-id-whyZvi,Raw Jute,313,5.0,1626,SHIP_V_1120,61.6
SHIP_V_1155,sdv-id-FpXOWm,Ready-made Garments,31,8.5,1570,SHIP_V_1155,2.6470588235294117
SHIP_V_1601,sdv-id-EhNqQp,Smartphones,704,300.0,1778,SHIP_V_1601,1.346666666666667
SHIP_V_1529,sdv-id-yrgyxq,Raw Jute,230,5.0,400,SHIP_V_1529,45.0
SHIP_V_1545,sdv-id-nHMEiK,Smartphones,456,300.0,209,SHIP_V_1545,0.52
SHIP_V_1462,sdv-id-qbIaaj,Raw Jute,100,5.0,1517,SHIP_V_1462,19.0
SHIP_V_1903,sdv-id-TgGVhX,Ready-made Garments,729,8.5,1304,SHIP_V_1903,84.76470588235294
SHIP_V_1093,sdv-id-lNDXDR,Industrial Chemicals,1741,50.0,1107,SHIP_V_1093,33.82
SHIP_V_1118,sdv-id-BQyIOG,Industrial Chemicals,521,50.0,532,SHIP_V_1118,9.42
SHIP_V_1130,sdv-id-ExEJRs,Raw Jute,876,5.0,1597,SHIP_V_1130,174.2
SHIP_V_1028,sdv-id-pKvJOR,Raw Jute,1304,5.0,989,SHIP_V_1028,259.8
SHIP_V_1500,sdv-id-ohjBsX,Industrial Chemicals,425,50.0,886,SHIP_V_1500,7.5
SHIP_V_1194,sdv-id-FrGkKA,Raw Jute,419,5.0,1510,SHIP_V_1194,82.8
SHIP_V_1855,sdv-id-vfrJES,Ready-made Garments,85,8.5,1867,SHIP_V_1855,9.0
SHIP_V_1645,sdv-id-YmsmEC,Raw Jute,25,5.0,1609,SHIP_V_1645,4.0
SHIP_V_1601,sdv-id-XgWmYy,Smartphones,771,300.0,757,SHIP_V_1601,1.57
SHIP_V_1733,sdv-id-uIoEby,Raw Jute,976,5.0,1487,SHIP_V_1733,194.2
SHIP_V_1485,sdv-id-pdiRAG,Raw Jute,116,5.0,904,SHIP_V_1485,22.2
SHIP_V_1837,sdv-id-ZrTgoA,Industrial Chemicals,1714,50.0,860,SHIP_V_1837,33.28
SHIP_V_1398,sdv-id-JrGYLE,Industrial Chemicals,1086,50.0,863,SHIP_V_1398,20.72
SHIP_V_1939,sdv-id-rUVFIL,Raw Jute,977,5.0,1539,SHIP_V_1939,194.4
SHIP_V_1107,sdv-id-vhaOub,Ready-made Garments,1715,8.5,585,SHIP_V_1107,200.76470588235293
SHIP_V_1847,sdv-id-loBipP,Raw Jute,1718,5.0,241,SHIP_V_1847,342.6
SHIP_V_1277,sdv-id-IJbZhD,Ready-made Garments,2043,8.5,1791,SHIP_V_1277,239.35294117647055
SHIP_V_1529,sdv-id-XAflHH,Industrial Chemicals,856,50.0,485,SHIP_V_1529,16.12
SHIP_V_1193,sdv-id-vwoPfi,Smartphones,700,300.0,1021,SHIP_V_1193,1.3333333333333333
SHIP_V_1379,sdv-id-QoZhGN,Ready-made Garments,145,8.5,926,SHIP_V_1379,16.058823529411764
SHIP_V_1024,sdv-id-TpWvJO,Solar Panels,1458,120.0,561,SHIP_V_1024,11.15
SHIP_V_1713,sdv-id-nZNkvY,Industrial Chemicals,167,50.0,806,SHIP_V_1713,2.34
SHIP_V_1559,sdv-id-HFiAub,Smartphones,233,300.0,750,SHIP_V_1559,-0.2233333333333333
SHIP_V_1718,sdv-id-RoaLOU,Smartphones,290,300.0,326,SHIP_V_1718,-0.0333333333333333
SHIP_V_1470,sdv-id-rfLWzZ,Ready-made Garments,148,8.5,1776,SHIP_V_1470,16.41176470588235
SHIP_V_1452,sdv-id-ktHjWm,Smartphones,505,300.0,1294,SHIP_V_1452,0.6833333333333333
SHIP_V_1323,sdv-id-caBvYJ,Raw Jute,106,5.0,1213,SHIP_V_1323,20.2
SHIP_V_1962,sdv-id-jbvoIM,Industrial Chemicals,1550,50.0,614,SHIP_V_1962,30.0
SHIP_V_1242,sdv-id-OlYXhd,Smartphones,7,300.0,1131,SHIP_V_1242,-0.9766666666666668
SHIP_V_1799,sdv-id-wGrkvM,Industrial Chemicals,1943,50.0,744,SHIP_V_1799,37.86
SHIP_V_1936,sdv-id-JNmBpu,Solar Panels,140,120.0,1971,SHIP_V_1936,0.1666666666666666
SHIP_V_1694,sdv-id-kozIHF,Raw Jute,1420,5.0,1535,SHIP_V_1694,283.0
SHIP_V_1975,sdv-id-YAwSzD,Ready-made Garments,399,8.5,1687,SHIP_V_1975,45.94117647058823
SHIP_V_1510,sdv-id-YCjddR,Raw Jute,656,5.0,254,SHIP_V_1510,130.2
SHIP_V_1308,sdv-id-tzgLSt,Smartphones,681,300.0,113,SHIP_V_1308,1.27
SHIP_V_1851,sdv-id-VIBHkA,Ready-made Garments,75,8.5,1865,SHIP_V_1851,7.823529411764706
SHIP_V_1144,sdv-id-sJyEpC,Ready-made Garments,1235,8.5,1709,SHIP_V_1144,144.2941176470588
SHIP_V_1528,sdv-id-NLPFAu,Ready-made Garments,1328,8.5,1228,SHIP_V_1528,155.23529411764707
SHIP_V_1364,sdv-id-qhvKnN,Industrial Chemicals,251,50.0,629,SHIP_V_1364,4.02
SHIP_V_1856,sdv-id-KkrMeL,Ready-made Garments,500,8.5,1335,SHIP_V_1856,57.8235294117647
SHIP_V_1279,sdv-id-UpGPEO,Raw Jute,626,5.0,924,SHIP_V_1279,124.2
SHIP_V_1114,sdv-id-XrTOcW,Smartphones,1473,300.0,217,SHIP_V_1114,3.91
SHIP_V_1824,sdv-id-DCmXpX,Raw Jute,606,5.0,1206,SHIP_V_1824,120.2
SHIP_V_1266,sdv-id-HlthQV,Ready-made Garments,365,8.5,1893,SHIP_V_1266,41.94117647058823
SHIP_V_1222,sdv-id-vvCTKi,Raw Jute,75,5.0,1687,SHIP_V_1222,14.0
SHIP_V_1413,sdv-id-KaAaGP,Industrial Chemicals,283,50.0,1175,SHIP_V_1413,4.66
SHIP_V_1007,sdv-id-cAXWry,Raw Jute,729,5.0,1568,SHIP_V_1007,144.8
SHIP_V_1075,sdv-id-DXHllp,Smartphones,451,300.0,599,SHIP_V_1075,0.5033333333333333
SHIP_V_1840,sdv-id-QEgMDP,Raw Jute,439,5.0,361,SHIP_V_1840,86.8
SHIP_V_1412,sdv-id-pcrYBW,Ready-made Garments,244,8.5,1078,SHIP_V_1412,27.705882352941178
SHIP_V_1062,sdv-id-PvFufL,Industrial Chemicals,221,50.0,1834,SHIP_V_1062,3.42
SHIP_V_1615,sdv-id-ernVKQ,Industrial Chemicals,119,50.0,1597,SHIP_V_1615,1.38
SHIP_V_1555,sdv-id-HKPLZI,Industrial Chemicals,816,50.0,1239,SHIP_V_1555,15.32
SHIP_V_1392,sdv-id-akcBCf,Raw Jute,119,5.0,1904,SHIP_V_1392,22.8
SHIP_V_1274,sdv-id-bSBCaF,Ready-made Garments,354,8.5,562,SHIP_V_1274,40.64705882352941
SHIP_V_1447,sdv-id-IiSiXg,Smartphones,1589,300.0,452,SHIP_V_1447,4.296666666666667
SHIP_V_1237,sdv-id-tbgYJL,Ready-made Garments,1357,8.5,1883,SHIP_V_1237,158.64705882352942
SHIP_V_1896,sdv-id-FxDJOi,Industrial Chemicals,1926,50.0,1056,SHIP_V_1896,37.52
SHIP_V_1349,sdv-id-YqqADV,Smartphones,75,300.0,1016,SHIP_V_1349,-0.75
SHIP_V_1483,sdv-id-WPYVLc,Industrial Chemicals,640,50.0,1563,SHIP_V_1483,11.8
SHIP_V_1521,sdv-id-BZHQzl,Ready-made Garments,329,8.5,1661,SHIP_V_1521,37.705882352941174
SHIP_V_1222,sdv-id-Ceznmh,Smartphones,843,300.0,1462,SHIP_V_1222,1.81
SHIP_V_1616,sdv-id-stYWhl,Ready-made Garments,74,8.5,1591,SHIP_V_1616,7.705882352941177
SHIP_V_1422,sdv-id-UNPYoF,Smartphones,395,300.0,434,SHIP_V_1422,0.3166666666666666
SHIP_V_1422,sdv-id-WlWnzd,Smartphones,944,300.0,1889,SHIP_V_1422,2.1466666666666665
SHIP_V_1363,sdv-id-YOCBXI,Industrial Chemicals,1528,50.0,414,SHIP_V_1363,29.56
SHIP_V_1868,sdv-id-slHsRz,Smartphones,695,300.0,1156,SHIP_V_1868,1.3166666666666669
SHIP_V_1611,sdv-id-ejNPeo,Smartphones,1604,300.0,1796,SHIP_V_1611,4.346666666666667
SHIP_V_1534,sdv-id-WCsEMF,Raw Jute,2023,5.0,1197,SHIP_V_1534,403.6
SHIP_V_1345,sdv-id-hWoATP,Raw Jute,832,5.0,512,SHIP_V_1345,165.4
SHIP_V_1494,sdv-id-rAeAvd,Solar Panels,8,120.0,1329,SHIP_V_1494,-0.9333333333333332
SHIP_V_1570,sdv-id-VqjiOa,Ready-made Garments,309,8.5,331,SHIP_V_1570,35.35294117647059
SHIP_V_1875,sdv-id-FbhnxE,Raw Jute,1840,5.0,1476,SHIP_V_1875,367.0
SHIP_V_1033,sdv-id-nalTCI,Industrial Chemicals,1272,50.0,407,SHIP_V_1033,24.44
SHIP_V_1954,sdv-id-fRkLGO,Raw Jute,1543,5.0,1885,SHIP_V_1954,307.6
SHIP_V_1505,sdv-id-SSdeAx,Ready-made Garments,1425,8.5,884,SHIP_V_1505,166.64705882352942
SHIP_V_1638,sdv-id-tHsbiI,Smartphones,1602,300.0,879,SHIP_V_1638,4.34
SHIP_V_1127,sdv-id-oeVQDm,Smartphones,715,300.0,1016,SHIP_V_1127,1.3833333333333333
SHIP_V_1260,sdv-id-ZIOdcX,Smartphones,530,300.0,1347,SHIP_V_1260,0.7666666666666667
SHIP_V_1783,sdv-id-asDFro,Ready-made Garments,492,8.5,1131,SHIP_V_1783,56.88235294117647
SHIP_V_1072,sdv-id-iaDPsI,Smartphones,756,300.0,218,SHIP_V_1072,1.52
SHIP_V_1758,sdv-id-CQeFnR,Smartphones,315,300.0,917,SHIP_V_1758,0.05
SHIP_V_1796,sdv-id-zsIUQK,Smartphones,158,300.0,1877,SHIP_V_1796,-0.4733333333333333
SHIP_V_1814,sdv-id-mTVHNj,Raw Jute,98,5.0,256,SHIP_V_1814,18.6
SHIP_V_1160,sdv-id-zqPYaj,Smartphones,1529,300.0,1842,SHIP_V_1160,4.096666666666667
SHIP_V_1113,sdv-id-aVNdvW,Ready-made Garments,253,8.5,829,SHIP_V_1113,28.764705882352946
SHIP_V_1348,sdv-id-lGlzIv,Raw Jute,421,5.0,608,SHIP_V_1348,83.2
SHIP_V_1211,sdv-id-tFNKAL,Industrial Chemicals,410,50.0,157,SHIP_V_1211,7.2
SHIP_V_1891,sdv-id-ZjJjPk,Industrial Chemicals,491,50.0,877,SHIP_V_1891,8.82
SHIP_V_1717,sdv-id-pCewBI,Industrial Chemicals,562,50.0,1230,SHIP_V_1717,10.24
SHIP_V_1950,sdv-id-lhrYTh,Smartphones,488,300.0,1764,SHIP_V_1950,0.6266666666666667
SHIP_V_1075,sdv-id-FSZwEC,Smartphones,55,300.0,1257,SHIP_V_1075,-0.8166666666666667
SHIP_V_1939,sdv-id-UUFspC,Ready-made Garments,1090,8.5,1826,SHIP_V_1939,127.23529411764706
SHIP_V_1237,sdv-id-dFaMrT,Raw Jute,775,5.0,1518,SHIP_V_1237,154.0
SHIP_V_1137,sdv-id-kazHSr,Smartphones,497,300.0,1528,SHIP_V_1137,0.6566666666666666
SHIP_V_1764,sdv-id-WYZHXb,Industrial Chemicals,172,50.0,188,SHIP_V_1764,2.44
SHIP_V_1019,sdv-id-gEHjwl,Solar Panels,714,120.0,705,SHIP_V_1019,4.95
SHIP_V_1732,sdv-id-kSQHXB,Industrial Chemicals,1184,50.0,320,SHIP_V_1732,22.68
SHIP_V_1833,sdv-id-TqnVjX,Ready-made Garments,1043,8.5,157,SHIP_V_1833,121.70588235294116
SHIP_V_1756,sdv-id-kCsxrX,Industrial Chemicals,1154,50.0,1619,SHIP_V_1756,22.08
SHIP_V_1924,sdv-id-dorXNE,Smartphones,69,300.0,1215,SHIP_V_1924,-0.77
SHIP_V_1916,sdv-id-drDapz,Smartphones,369,300.0,569,SHIP_V_1916,0.23
SHIP_V_1655,sdv-id-lmxqJl,Raw Jute,1651,5.0,1715,SHIP_V_1655,329.2
SHIP_V_1447,sdv-id-niIjMZ,Solar Panels,263,120.0,1260,SHIP_V_1447,1.1916666666666669
SHIP_V_1089,sdv-id-eWMtvS,Raw Jute,889,5.0,961,SHIP_V_1089,176.8
SHIP_V_1152,sdv-id-XsylXo,Smartphones,588,300.0,1750,SHIP_V_1152,0.96
SHIP_V_1153,sdv-id-rybdBg,Industrial Chemicals,1610,50.0,394,SHIP_V_1153,31.2
SHIP_V_1219,sdv-id-eTAqvX,Solar Panels,35,120.0,574,SHIP_V_1219,-0.7083333333333334
SHIP_V_1823,sdv-id-QcfQRB,Solar Panels,469,120.0,1102,SHIP_V_1823,2.908333333333333
SHIP_V_1541,sdv-id-Pttkae,Solar Panels,312,120.0,1931,SHIP_V_1541,1.6
SHIP_V_1381,sdv-id-JmhLfz,Smartphones,1307,300.0,845,SHIP_V_1381,3.3566666666666665
SHIP_V_1055,sdv-id-VnOAOY,Smartphones,1399,300.0,1893,SHIP_V_1055,3.6633333333333336
SHIP_V_1058,sdv-id-elkOov,Raw Jute,790,5.0,918,SHIP_V_1058,157.0
SHIP_V_1037,sdv-id-uwUweu,Raw Jute,562,5.0,1383,SHIP_V_1037,111.4
SHIP_V_1201,sdv-id-IpOiAb,Smartphones,291,300.0,1546,SHIP_V_1201,-0.03
SHIP_V_1417,sdv-id-gCdQxw,Industrial Chemicals,635,50.0,639,SHIP_V_1417,11.7
SHIP_V_1829,sdv-id-LxQdyz,Raw Jute,387,5.0,102,SHIP_V_1829,76.4
SHIP_V_1676,sdv-id-HOwKjq,Industrial Chemicals,186,50.0,313,SHIP_V_1676,2.72
SHIP_V_1127,sdv-id-ZWMxxc,Smartphones,127,300.0,1814,SHIP_V_1127,-0.5766666666666667
SHIP_V_1793,sdv-id-CtWMLj,Smartphones,169,300.0,1669,SHIP_V_1793,-0.4366666666666666
SHIP_V_1114,sdv-id-HTqqaM,Industrial Chemicals,1087,50.0,1973,SHIP_V_1114,20.74
SHIP_V_1095,sdv-id-PBmmlI,Smartphones,200,300.0,579,SHIP_V_1095,-0.3333333333333333
SHIP_V_1537,sdv-id-GTPCKE,Smartphones,1238,300.0,1543,SHIP_V_1537,3.1266666666666665
SHIP_V_1975,sdv-id-kxlvIR,Smartphones,685,300.0,1727,SHIP_V_1975,1.2833333333333334
SHIP_V_1781,sdv-id-iULGjQ,Industrial Chemicals,883,50.0,1763,SHIP_V_1781,16.66
SHIP_V_1697,sdv-id-fJBhvb,Smartphones,1402,300.0,1554,SHIP_V_1697,3.673333333333334
SHIP_V_1161,sdv-id-pxORBF,Industrial Chemicals,179,50.0,146,SHIP_V_1161,2.58
SHIP_V_1163,sdv-id-iHQGVT,Industrial Chemicals,573,50.0,1222,SHIP_V_1163,10.46
SHIP_V_1267,sdv-id-SCWxct,Solar Panels,254,120.0,1247,SHIP_V_1267,1.1166666666666667
SHIP_V_1171,sdv-id-WMiyzU,Ready-made Garments,624,8.5,848,SHIP_V_1171,72.41176470588235
SHIP_V_1296,sdv-id-WpnrgA,Ready-made Garments,527,8.5,1132,SHIP_V_1296,61.0
SHIP_V_1182,sdv-id-aXHSml,Smartphones,1101,300.0,657,SHIP_V_1182,2.67
SHIP_V_1318,sdv-id-aVYHRS,Smartphones,1336,300.0,568,SHIP_V_1318,3.453333333333333
SHIP_V_1581,sdv-id-ABgHPz,Ready-made Garments,1508,8.5,1443,SHIP_V_1581,176.41176470588235
SHIP_V_1464,sdv-id-rZyhlv,Smartphones,934,300.0,1095,SHIP_V_1464,2.1133333333333333
SHIP_V_1479,sdv-id-ftWSeW,Solar Panels,1014,120.0,1618,SHIP_V_1479,7.45
SHIP_V_1269,sdv-id-MIjjBV,Industrial Chemicals,518,50.0,1282,SHIP_V_1269,9.36
SHIP_V_1921,sdv-id-dTIpfM,Raw Jute,629,5.0,1195,SHIP_V_1921,124.8
SHIP_V_1444,sdv-id-LRudrY,Ready-made Garments,124,8.5,321,SHIP_V_1444,13.588235294117649
SHIP_V_1542,sdv-id-cbLNPS,Smartphones,34,300.0,434,SHIP_V_1542,-0.8866666666666667
SHIP_V_1409,sdv-id-YfSqTk,Smartphones,1812,300.0,387,SHIP_V_1409,5.04
SHIP_V_1062,sdv-id-lFuLGq,Raw Jute,652,5.0,1349,SHIP_V_1062,129.4
SHIP_V_1836,sdv-id-npcZNO,Solar Panels,1085,120.0,906,SHIP_V_1836,8.041666666666666
SHIP_V_1253,sdv-id-BZKqMI,Ready-made Garments,1328,8.5,204,SHIP_V_1253,155.23529411764707
SHIP_V_1118,sdv-id-RzAzmk,Raw Jute,902,5.0,1782,SHIP_V_1118,179.4
SHIP_V_1104,sdv-id-uAWXve,Raw Jute,1185,5.0,943,SHIP_V_1104,236.0
SHIP_V_1395,sdv-id-llrEOF,Smartphones,675,300.0,694,SHIP_V_1395,1.25
SHIP_V_1014,sdv-id-YZzaev,Smartphones,121,300.0,1975,SHIP_V_1014,-0.5966666666666667
SHIP_V_1649,sdv-id-RRqiWn,Raw Jute,1440,5.0,1070,SHIP_V_1649,287.0
SHIP_V_1984,sdv-id-vehgwZ,Industrial Chemicals,1084,50.0,807,SHIP_V_1984,20.68
SHIP_V_1065,sdv-id-uqeoxx,Raw Jute,263,5.0,877,SHIP_V_1065,51.6
SHIP_V_1716,sdv-id-UltVfk,Ready-made Garments,25,8.5,1449,SHIP_V_1716,1.9411764705882353
SHIP_V_1350,sdv-id-voIuoP,Industrial Chemicals,1498,50.0,340,SHIP_V_1350,28.96
SHIP_V_1093,sdv-id-duWwWm,Ready-made Garments,554,8.5,889,SHIP_V_1093,64.17647058823529
SHIP_V_1303,sdv-id-eUEnyJ,Smartphones,185,300.0,779,SHIP_V_1303,-0.3833333333333333
SHIP_V_1831,sdv-id-dJuAVu,Industrial Chemicals,497,50.0,1549,SHIP_V_1831,8.94
SHIP_V_1025,sdv-id-nvYiZa,Raw Jute,761,5.0,1293,SHIP_V_1025,151.2
SHIP_V_1767,sdv-id-CIrAhY,Smartphones,1402,300.0,1103,SHIP_V_1767,3.673333333333334
SHIP_V_1224,sdv-id-deKQvz,Solar Panels,21,120.0,1999,SHIP_V_1224,-0.825
SHIP_V_1306,sdv-id-mePuBM,Ready-made Garments,445,8.5,1065,SHIP_V_1306,51.35294117647059
SHIP_V_1354,sdv-id-xDzpQL,Raw Jute,356,5.0,1710,SHIP_V_1354,70.2
SHIP_V_1873,sdv-id-MTPWET,Smartphones,1133,300.0,390,SHIP_V_1873,2.776666666666667
SHIP_V_1852,sdv-id-MsiSfp,Solar Panels,206,120.0,152,SHIP_V_1852,0.7166666666666667
SHIP_V_1380,sdv-id-LIxeMK,Ready-made Garments,78,8.5,849,SHIP_V_1380,8.176470588235293
SHIP_V_1076,sdv-id-jfivNP,Industrial Chemicals,2164,50.0,698,SHIP_V_1076,42.28
SHIP_V_1544,sdv-id-RKnDFm,Smartphones,855,300.0,1469,SHIP_V_1544,1.85
SHIP_V_1339,sdv-id-FfhXvn,Raw Jute,882,5.0,884,SHIP_V_1339,175.4
SHIP_V_1101,sdv-id-jPGOKv,Raw Jute,591,5.0,1420,SHIP_V_1101,117.2
SHIP_V_1792,sdv-id-RBiBTs,Raw Jute,623,5.0,973,SHIP_V_1792,123.6
SHIP_V_1241,sdv-id-rkZAEM,Industrial Chemicals,992,50.0,652,SHIP_V_1241,18.84
SHIP_V_1846,sdv-id-AuPlKo,Solar Panels,515,120.0,1452,SHIP_V_1846,3.2916666666666665
SHIP_V_1513,sdv-id-Qejxde,Smartphones,307,300.0,1249,SHIP_V_1513,0.0233333333333333
SHIP_V_1698,sdv-id-KmSeYM,Ready-made Garments,1637,8.5,801,SHIP_V_1698,191.58823529411765
SHIP_V_1383,sdv-id-IXpfGb,Solar Panels,107,120.0,557,SHIP_V_1383,-0.1083333333333333
SHIP_V_1793,sdv-id-ApPZQz,Solar Panels,766,120.0,1772,SHIP_V_1793,5.383333333333334
SHIP_V_1731,sdv-id-ZuSQHU,Industrial Chemicals,567,50.0,1162,SHIP_V_1731,10.34
SHIP_V_1922,sdv-id-UhpnoS,Smartphones,1134,300.0,755,SHIP_V_1922,2.78
SHIP_V_1687,sdv-id-JfzEdO,Smartphones,239,300.0,1672,SHIP_V_1687,-0.2033333333333333
SHIP_V_1594,sdv-id-PkrcUV,Smartphones,1166,300.0,1274,SHIP_V_1594,2.8866666666666667
SHIP_V_1524,sdv-id-oKfwxz,Ready-made Garments,1518,8.5,380,SHIP_V_1524,177.58823529411765
SHIP_V_1180,sdv-id-ZWNFHG,Smartphones,915,300.0,1741,SHIP_V_1180,2.05
SHIP_V_1073,sdv-id-yOZpfE,Raw Jute,465,5.0,1074,SHIP_V_1073,92.0
SHIP_V_1550,sdv-id-nnZyeU,Solar Panels,1683,120.0,238,SHIP_V_1550,13.025
SHIP_V_1760,sdv-id-jCoLpM,Smartphones,331,300.0,1042,SHIP_V_1760,0.1033333333333333
SHIP_V_1251,sdv-id-iXyZtj,Smartphones,766,300.0,305,SHIP_V_1251,1.5533333333333332
SHIP_V_1147,sdv-id-wJAoEx,Smartphones,1095,300.0,433,SHIP_V_1147,2.65
SHIP_V_1132,sdv-id-KLYick,Ready-made Garments,363,8.5,1443,SHIP_V_1132,41.705882352941174
SHIP_V_1481,sdv-id-uHPrkj,Raw Jute,714,5.0,1896,SHIP_V_1481,141.8
SHIP_V_1617,sdv-id-UwbjYD,Smartphones,452,300.0,1898,SHIP_V_1617,0.5066666666666667
SHIP_V_1902,sdv-id-sFzLar,Smartphones,779,300.0,411,SHIP_V_1902,1.596666666666667
SHIP_V_1599,sdv-id-sNUCGy,Raw Jute,83,5.0,1231,SHIP_V_1599,15.6
SHIP_V_1729,sdv-id-boejCR,Industrial Chemicals,503,50.0,345,SHIP_V_1729,9.06
SHIP_V_1457,sdv-id-EeXUqX,Ready-made Garments,557,8.5,1010,SHIP_V_1457,64.52941176470588
SHIP_V_1771,sdv-id-JruGtk,Raw Jute,1061,5.0,1552,SHIP_V_1771,211.2
SHIP_V_1254,sdv-id-ipSfDc,Solar Panels,251,120.0,316,SHIP_V_1254,1.0916666666666666
SHIP_V_1025,sdv-id-dSUZat,Raw Jute,439,5.0,1497,SHIP_V_1025,86.8
SHIP_V_1399,sdv-id-hCIuwx,Smartphones,859,300.0,557,SHIP_V_1399,1.8633333333333333
SHIP_V_1227,sdv-id-OMjQbe,Solar Panels,2394,120.0,654,SHIP_V_1227,18.95
SHIP_V_1186,sdv-id-aOvqKU,Raw Jute,837,5.0,873,SHIP_V_1186,166.4
SHIP_V_1152,sdv-id-HEUvJy,Ready-made Garments,1001,8.5,830,SHIP_V_1152,116.76470588235294
SHIP_V_1285,sdv-id-CQLZpV,Smartphones,606,300.0,1152,SHIP_V_1285,1.02
SHIP_V_1050,sdv-id-ggyYou,Ready-made Garments,343,8.5,881,SHIP_V_1050,39.35294117647059
SHIP_V_1871,sdv-id-PoXSCU,Ready-made Garments,765,8.5,1370,SHIP_V_1871,89.0
SHIP_V_1178,sdv-id-mqERBq,Smartphones,733,300.0,282,SHIP_V_1178,1.4433333333333334
SHIP_V_1865,sdv-id-tYqoKf,Smartphones,636,300.0,1705,SHIP_V_1865,1.12
SHIP_V_1179,sdv-id-Elcooh,Raw Jute,862,5.0,302,SHIP_V_1179,171.4
SHIP_V_1768,sdv-id-TamlSi,Raw Jute,822,5.0,1412,SHIP_V_1768,163.4
SHIP_V_1103,sdv-id-ncejqq,Smartphones,145,300.0,673,SHIP_V_1103,-0.5166666666666667
SHIP_V_1787,sdv-id-COZgku,Solar Panels,470,120.0,1529,SHIP_V_1787,2.9166666666666665
SHIP_V_1349,sdv-id-dHECzm,Smartphones,418,300.0,172,SHIP_V_1349,0.3933333333333333
SHIP_V_1910,sdv-id-EuTTPI,Industrial Chemicals,2068,50.0,941,SHIP_V_1910,40.36
SHIP_V_1264,sdv-id-FsMUrl,Raw Jute,835,5.0,1191,SHIP_V_1264,166.0
SHIP_V_1112,sdv-id-EojoGg,Smartphones,913,300.0,1041,SHIP_V_1112,2.0433333333333334
SHIP_V_1935,sdv-id-UTJYcv,Solar Panels,250,120.0,1573,SHIP_V_1935,1.0833333333333333
SHIP_V_1575,sdv-id-HKayez,Industrial Chemicals,291,50.0,763,SHIP_V_1575,4.82
SHIP_V_1257,sdv-id-ldMleb,Solar Panels,433,120.0,1613,SHIP_V_1257,2.6083333333333334
SHIP_V_1250,sdv-id-hVfMmn,Smartphones,286,300.0,1275,SHIP_V_1250,-0.0466666666666666
SHIP_V_1807,sdv-id-AaXoPl,Ready-made Garments,255,8.5,1838,SHIP_V_1807,29.0
SHIP_V_1116,sdv-id-eVexrD,Solar Panels,604,120.0,1380,SHIP_V_1116,4.033333333333333
SHIP_V_1311,sdv-id-irSszA,Raw Jute,397,5.0,285,SHIP_V_1311,78.4
SHIP_V_1447,sdv-id-TVGXDe,Ready-made Garments,605,8.5,1848,SHIP_V_1447,70.17647058823529
SHIP_V_1385,sdv-id-CGCply,Solar Panels,917,120.0,396,SHIP_V_1385,6.641666666666667
SHIP_V_1240,sdv-id-ggFpLt,Smartphones,299,300.0,1976,SHIP_V_1240,-0.0033333333333333
SHIP_V_1967,sdv-id-tvBSkl,Smartphones,150,300.0,1305,SHIP_V_1967,-0.5
SHIP_V_1973,sdv-id-VFJwbf,Smartphones,51,300.0,744,SHIP_V_1973,-0.83
SHIP_V_1872,sdv-id-QfejBq,Ready-made Garments,1312,8.5,1721,SHIP_V_1872,153.35294117647058
SHIP_V_1372,sdv-id-hJzSsJ,Solar Panels,17,120.0,1677,SHIP_V_1372,-0.8583333333333333
SHIP_V_1668,sdv-id-bUfCVa,Solar Panels,1020,120.0,538,SHIP_V_1668,7.5
SHIP_V_1339,sdv-id-ZYQRXK,Industrial Chemicals,852,50.0,1316,SHIP_V_1339,16.04
SHIP_V_1485,sdv-id-eMIrFn,Raw Jute,1404,5.0,1864,SHIP_V_1485,279.8
SHIP_V_1434,sdv-id-ozngKE,Smartphones,630,300.0,114,SHIP_V_1434,1.1
SHIP_V_1928,sdv-id-XHVTWn,Ready-made Garments,121,8.5,1596,SHIP_V_1928,13.235294117647058
SHIP_V_1369,sdv-id-jWrnut,Industrial Chemicals,44,50.0,1454,SHIP_V_1369,-0.12
SHIP_V_1898,sdv-id-csEmFo,Smartphones,137,300.0,1274,SHIP_V_1898,-0.5433333333333333
SHIP_V_1232,sdv-id-tzFzbl,Industrial Chemicals,352,50.0,464,SHIP_V_1232,6.04
SHIP_V_1931,sdv-id-ynhAmW,Ready-made Garments,1149,8.5,688,SHIP_V_1931,134.1764705882353
SHIP_V_1118,sdv-id-FCQdTM,Solar Panels,737,120.0,796,SHIP_V_1118,5.141666666666667
SHIP_V_1394,sdv-id-QpVwTa,Solar Panels,1451,120.0,1243,SHIP_V_1394,11.091666666666669
SHIP_V_1077,sdv-id-vKsWDj,Smartphones,200,300.0,581,SHIP_V_1077,-0.3333333333333333
SHIP_V_1587,sdv-id-GzrGYW,Smartphones,837,300.0,803,SHIP_V_1587,1.79
SHIP_V_1459,sdv-id-wlTEyw,Ready-made Garments,4,8.5,465,SHIP_V_1459,-0.5294117647058824
SHIP_V_1905,sdv-id-BfOMQI,Industrial Chemicals,1591,50.0,766,SHIP_V_1905,30.82
SHIP_V_1016,sdv-id-LqglgG,Solar Panels,698,120.0,701,SHIP_V_1016,4.816666666666666
SHIP_V_1928,sdv-id-vsrGOA,Smartphones,414,300.0,1583,SHIP_V_1928,0.38
SHIP_V_1460,sdv-id-SGEYFb,Smartphones,331,300.0,710,SHIP_V_1460,0.1033333333333333
SHIP_V_1568,sdv-id-hJddLp,Raw Jute,763,5.0,1580,SHIP_V_1568,151.6
SHIP_V_1740,sdv-id-RFOKRO,Smartphones,556,300.0,1191,SHIP_V_1740,0.8533333333333334
SHIP_V_1735,sdv-id-CaGzqL,Industrial Chemicals,1047,50.0,1737,SHIP_V_1735,19.94
SHIP_V_1822,sdv-id-OmQaBW,Industrial Chemicals,7,50.0,1800,SHIP_V_1822,-0.86
SHIP_V_1236,sdv-id-NhXcjo,Ready-made Garments,561,8.5,941,SHIP_V_1236,65.0
SHIP_V_1955,sdv-id-JtvtSj,Raw Jute,339,5.0,412,SHIP_V_1955,66.8
SHIP_V_1388,sdv-id-WZWGmX,Ready-made Garments,2378,8.5,1011,SHIP_V_1388,278.7647058823529
SHIP_V_1221,sdv-id-yXeQtu,Solar Panels,813,120.0,1007,SHIP_V_1221,5.775
SHIP_V_1942,sdv-id-XGTGfa,Raw Jute,422,5.0,1056,SHIP_V_1942,83.4
SHIP_V_1804,sdv-id-ecgoGh,Raw Jute,1222,5.0,150,SHIP_V_1804,243.4
SHIP_V_1742,sdv-id-GqpCUs,Solar Panels,86,120.0,1860,SHIP_V_1742,-0.2833333333333333
SHIP_V_1647,sdv-id-PhYaHG,Smartphones,623,300.0,482,SHIP_V_1647,1.0766666666666669
SHIP_V_1228,sdv-id-slBZbm,Smartphones,101,300.0,128,SHIP_V_1228,-0.6633333333333333
SHIP_V_1957,sdv-id-ggpJuW,Solar Panels,400,120.0,1445,SHIP_V_1957,2.3333333333333335
SHIP_V_1256,sdv-id-CzTHWu,Raw Jute,254,5.0,1992,SHIP_V_1256,49.8
SHIP_V_1382,sdv-id-tdNTQN,Solar Panels,56,120.0,159,SHIP_V_1382,-0.5333333333333333
SHIP_V_1061,sdv-id-vNZjBZ,Smartphones,86,300.0,634,SHIP_V_1061,-0.7133333333333334
SHIP_V_1689,sdv-id-PQLSma,Raw Jute,1708,5.0,1428,SHIP_V_1689,340.6
SHIP_V_1335,sdv-id-XzYwJD,Ready-made Garments,399,8.5,1387,SHIP_V_1335,45.94117647058823
SHIP_V_1152,sdv-id-ZrvVnh,Ready-made Garments,645,8.5,442,SHIP_V_1152,74.88235294117646
SHIP_V_1976,sdv-id-OJCjZk,Industrial Chemicals,451,50.0,1866,SHIP_V_1976,8.02
SHIP_V_1315,sdv-id-rftzWS,Raw Jute,137,5.0,711,SHIP_V_1315,26.4
SHIP_V_1881,sdv-id-iqAJRe,Smartphones,962,300.0,1036,SHIP_V_1881,2.2066666666666666
SHIP_V_1871,sdv-id-ztbOCh,Raw Jute,1708,5.0,593,SHIP_V_1871,340.6
SHIP_V_1017,sdv-id-VDsjtb,Industrial Chemicals,1407,50.0,841,SHIP_V_1017,27.14
SHIP_V_1635,sdv-id-ZIAhEd,Solar Panels,1893,120.0,142,SHIP_V_1635,14.775
SHIP_V_1256,sdv-id-BRcwmn,Smartphones,675,300.0,379,SHIP_V_1256,1.25
SHIP_V_1830,sdv-id-FnZNTi,Industrial Chemicals,1019,50.0,1121,SHIP_V_1830,19.38
SHIP_V_1075,sdv-id-weTJiS,Industrial Chemicals,1141,50.0,377,SHIP_V_1075,21.82
SHIP_V_1991,sdv-id-XQEKHs,Solar Panels,976,120.0,961,SHIP_V_1991,7.133333333333334
SHIP_V_1930,sdv-id-LGGjyu,Smartphones,1556,300.0,796,SHIP_V_1930,4.1866666666666665
SHIP_V_1666,sdv-id-uAxgoB,Smartphones,212,300.0,979,SHIP_V_1666,-0.2933333333333333
SHIP_V_1737,sdv-id-ZQRTuI,Smartphones,212,300.0,475,SHIP_V_1737,-0.2933333333333333
SHIP_V_1249,sdv-id-OFJlaO,Industrial Chemicals,1133,50.0,854,SHIP_V_1249,21.66
SHIP_V_1192,sdv-id-RrHMLS,Solar Panels,206,120.0,776,SHIP_V_1192,0.7166666666666667
SHIP_V_1865,sdv-id-vMRNwO,Ready-made Garments,152,8.5,928,SHIP_V_1865,16.88235294117647
SHIP_V_1710,sdv-id-tYEyuM,Solar Panels,208,120.0,933,SHIP_V_1710,0.7333333333333333
SHIP_V_1615,sdv-id-uylQyY,Solar Panels,1096,120.0,1689,SHIP_V_1615,8.133333333333333
SHIP_V_1300,sdv-id-LEpJuj,Raw Jute,296,5.0,1867,SHIP_V_1300,58.2
SHIP_V_1001,sdv-id-qCwgYs,Ready-made Garments,1077,8.5,1490,SHIP_V_1001,125.70588235294116
SHIP_V_1856,sdv-id-RfRoWt,Solar Panels,1316,120.0,493,SHIP_V_1856,9.966666666666669
SHIP_V_1377,sdv-id-TTvJdw,Smartphones,1560,300.0,1068,SHIP_V_1377,4.2
SHIP_V_1052,sdv-id-FrAvoC,Raw Jute,798,5.0,1278,SHIP_V_1052,158.6
SHIP_V_1370,sdv-id-FVDhOG,Raw Jute,1540,5.0,1648,SHIP_V_1370,307.0
SHIP_V_1985,sdv-id-hPewUo,Industrial Chemicals,917,50.0,1940,SHIP_V_1985,17.34
SHIP_V_1762,sdv-id-YAitzC,Industrial Chemicals,1262,50.0,386,SHIP_V_1762,24.24
SHIP_V_1337,sdv-id-otIolU,Industrial Chemicals,675,50.0,1652,SHIP_V_1337,12.5
SHIP_V_1096,sdv-id-SDxMVH,Solar Panels,108,120.0,1682,SHIP_V_1096,-0.1
SHIP_V_1046,sdv-id-afTLjS,Industrial Chemicals,516,50.0,1686,SHIP_V_1046,9.32
SHIP_V_1833,sdv-id-aKfCOv,Raw Jute,620,5.0,1133,SHIP_V_1833,123.0
SHIP_V_1806,sdv-id-bnXkXf,Smartphones,174,300.0,828,SHIP_V_1806,-0.42
SHIP_V_1606,sdv-id-VjeSte,Ready-made Garments,174,8.5,1240,SHIP_V_1606,19.470588235294116
SHIP_V_1417,sdv-id-SLEojb,Smartphones,855,300.0,1207,SHIP_V_1417,1.85
SHIP_V_1707,sdv-id-DhCzip,Smartphones,1896,300.0,1068,SHIP_V_1707,5.32
SHIP_V_1113,sdv-id-SqKOzq,Raw Jute,618,5.0,1463,SHIP_V_1113,122.6
SHIP_V_1097,sdv-id-CrSZbG,Smartphones,296,300.0,702,SHIP_V_1097,-0.0133333333333333
SHIP_V_1474,sdv-id-ZXjfhK,Smartphones,1047,300.0,846,SHIP_V_1474,2.49
SHIP_V_1833,sdv-id-gSaBLj,Smartphones,895,300.0,1081,SHIP_V_1833,1.9833333333333336
SHIP_V_1068,sdv-id-fUMqqt,Smartphones,840,300.0,1717,SHIP_V_1068,1.8
SHIP_V_1051,sdv-id-AzyHPk,Smartphones,777,300.0,1727,SHIP_V_1051,1.59
SHIP_V_1724,sdv-id-ttoKqw,Solar Panels,723,120.0,984,SHIP_V_1724,5.025
SHIP_V_1824,sdv-id-NKYXKK,Raw Jute,858,5.0,987,SHIP_V_1824,170.6
SHIP_V_1843,sdv-id-QUtzIw,Industrial Chemicals,713,50.0,486,SHIP_V_1843,13.26
SHIP_V_1260,sdv-id-WDLqNb,Solar Panels,1043,120.0,1870,SHIP_V_1260,7.691666666666666
SHIP_V_1857,sdv-id-VoYzkC,Industrial Chemicals,163,50.0,1886,SHIP_V_1857,2.26
SHIP_V_1497,sdv-id-eGKGvZ,Industrial Chemicals,315,50.0,1644,SHIP_V_1497,5.3
SHIP_V_1217,sdv-id-rDejFI,Ready-made Garments,1089,8.5,1646,SHIP_V_1217,127.11764705882354
SHIP_V_1748,sdv-id-KyIEYu,Smartphones,508,300.0,1450,SHIP_V_1748,0.6933333333333334
SHIP_V_1691,sdv-id-uTOURi,Industrial Chemicals,573,50.0,1913,SHIP_V_1691,10.46
SHIP_V_1052,sdv-id-uPZyZQ,Industrial Chemicals,256,50.0,1256,SHIP_V_1052,4.12
SHIP_V_1001,sdv-id-ktvPKx,Industrial Chemicals,1232,50.0,1817,SHIP_V_1001,23.64
SHIP_V_1855,sdv-id-GiOrNg,Raw Jute,131,5.0,1805,SHIP_V_1855,25.2
SHIP_V_1278,sdv-id-BfNolE,Smartphones,190,300.0,832,SHIP_V_1278,-0.3666666666666666
SHIP_V_1727,sdv-id-pcoohc,Industrial Chemicals,769,50.0,494,SHIP_V_1727,14.38
SHIP_V_1461,sdv-id-bLquDA,Smartphones,446,300.0,384,SHIP_V_1461,0.4866666666666667
SHIP_V_1132,sdv-id-FfVFIo,Solar Panels,486,120.0,1475,SHIP_V_1132,3.05
SHIP_V_1044,sdv-id-sELuSv,Smartphones,1070,300.0,298,SHIP_V_1044,2.566666666666667
SHIP_V_1231,sdv-id-xIAFrB,Smartphones,1065,300.0,1607,SHIP_V_1231,2.55
SHIP_V_1861,sdv-id-SRcHVr,Smartphones,197,300.0,1041,SHIP_V_1861,-0.3433333333333333
SHIP_V_1428,sdv-id-AsQfjF,Solar Panels,675,120.0,1370,SHIP_V_1428,4.625
SHIP_V_1162,sdv-id-CnuFdu,Ready-made Garments,605,8.5,356,SHIP_V_1162,70.17647058823529
SHIP_V_1320,sdv-id-kxzUHV,Smartphones,632,300.0,731,SHIP_V_1320,1.106666666666667
SHIP_V_1951,sdv-id-zXadLZ,Solar Panels,342,120.0,996,SHIP_V_1951,1.85
SHIP_V_1017,sdv-id-NvqELN,Smartphones,676,300.0,855,SHIP_V_1017,1.2533333333333334
SHIP_V_1589,sdv-id-kzXuco,Solar Panels,4,120.0,1953,SHIP_V_1589,-0.9666666666666668
SHIP_V_1879,sdv-id-pIhpff,Raw Jute,548,5.0,376,SHIP_V_1879,108.6
SHIP_V_1230,sdv-id-jfUWRP,Solar Panels,84,120.0,1192,SHIP_V_1230,-0.3
SHIP_V_1754,sdv-id-qWKLbv,Industrial Chemicals,212,50.0,918,SHIP_V_1754,3.24
SHIP_V_1282,sdv-id-oQhdvU,Industrial Chemicals,1111,50.0,1942,SHIP_V_1282,21.22
SHIP_V_1260,sdv-id-mLIrKb,Smartphones,341,300.0,175,SHIP_V_1260,0.1366666666666666
SHIP_V_1705,sdv-id-CDhxMP,Raw Jute,1718,5.0,622,SHIP_V_1705,342.6
SHIP_V_1874,sdv-id-EDnLQV,Industrial Chemicals,712,50.0,1987,SHIP_V_1874,13.24
SHIP_V_1134,sdv-id-KVpSOw,Smartphones,671,300.0,1438,SHIP_V_1134,1.2366666666666666
SHIP_V_1337,sdv-id-sbRBQX,Ready-made Garments,434,8.5,469,SHIP_V_1337,50.05882352941177
SHIP_V_1007,sdv-id-EXLywG,Industrial Chemicals,188,50.0,1340,SHIP_V_1007,2.76
SHIP_V_1898,sdv-id-lEDynK,Smartphones,1374,300.0,196,SHIP_V_1898,3.58
SHIP_V_1207,sdv-id-ZvvCDK,Solar Panels,624,120.0,685,SHIP_V_1207,4.2
SHIP_V_1502,sdv-id-duNVyp,Ready-made Garments,942,8.5,1873,SHIP_V_1502,109.82352941176472
SHIP_V_1235,sdv-id-NZRLkH,Smartphones,139,300.0,728,SHIP_V_1235,-0.5366666666666666
SHIP_V_1151,sdv-id-ChOenR,Raw Jute,1594,5.0,980,SHIP_V_1151,317.8
SHIP_V_1245,sdv-id-JTNemM,Industrial Chemicals,828,50.0,1444,SHIP_V_1245,15.56
SHIP_V_1218,sdv-id-dRIcUF,Raw Jute,863,5.0,1210,SHIP_V_1218,171.6
SHIP_V_1989,sdv-id-iaNsYQ,Smartphones,373,300.0,325,SHIP_V_1989,0.2433333333333333
SHIP_V_1810,sdv-id-xVqutk,Smartphones,1893,300.0,1033,SHIP_V_1810,5.31
SHIP_V_1119,sdv-id-McRWvy,Smartphones,17,300.0,1941,SHIP_V_1119,-0.9433333333333334
SHIP_V_1802,sdv-id-ZGaXgE,Raw Jute,1565,5.0,155,SHIP_V_1802,312.0
SHIP_V_1989,sdv-id-jbNcCP,Ready-made Garments,129,8.5,1791,SHIP_V_1989,14.176470588235292
SHIP_V_1715,sdv-id-mzWjnG,Raw Jute,134,5.0,351,SHIP_V_1715,25.8
SHIP_V_1707,sdv-id-mUXMMs,Raw Jute,107,5.0,1437,SHIP_V_1707,20.4
SHIP_V_1128,sdv-id-LjylTM,Solar Panels,326,120.0,986,SHIP_V_1128,1.7166666666666666
SHIP_V_1045,sdv-id-nZKjdN,Solar Panels,4,120.0,1908,SHIP_V_1045,-0.9666666666666668
SHIP_V_1141,sdv-id-oaCAQp,Solar Panels,196,120.0,1299,SHIP_V_1141,0.6333333333333333
SHIP_V_1812,sdv-id-dvPrin,Raw Jute,1481,5.0,518,SHIP_V_1812,295.2
SHIP_V_1434,sdv-id-tWiWTc,Ready-made Garments,435,8.5,1634,SHIP_V_1434,50.1764705882353
SHIP_V_1070,sdv-id-ZPLlKd,Ready-made Garments,1284,8.5,344,SHIP_V_1070,150.05882352941177
SHIP_V_1157,sdv-id-zSpjOi,Industrial Chemicals,955,50.0,821,SHIP_V_1157,18.1
SHIP_V_1231,sdv-id-pEYeFb,Solar Panels,324,120.0,1305,SHIP_V_1231,1.7
SHIP_V_1985,sdv-id-rZZwlU,Solar Panels,109,120.0,1897,SHIP_V_1985,-0.0916666666666666
SHIP_V_1136,sdv-id-dPGNCs,Smartphones,216,300.0,1541,SHIP_V_1136,-0.28
SHIP_V_1222,sdv-id-jLjiyy,Smartphones,796,300.0,713,SHIP_V_1222,1.653333333333333
SHIP_V_1180,sdv-id-JdujDw,Industrial Chemicals,1200,50.0,175,SHIP_V_1180,23.0
SHIP_V_1286,sdv-id-vJrlyy,Raw Jute,1439,5.0,1979,SHIP_V_1286,286.8
SHIP_V_1011,sdv-id-TTnZmK,Raw Jute,974,5.0,986,SHIP_V_1011,193.8
SHIP_V_1623,sdv-id-LNIIsY,Ready-made Garments,426,8.5,992,SHIP_V_1623,49.11764705882353
SHIP_V_1552,sdv-id-KsmLIZ,Ready-made Garments,1075,8.5,416,SHIP_V_1552,125.47058823529412
SHIP_V_1342,sdv-id-OIFUTi,Raw Jute,740,5.0,659,SHIP_V_1342,147.0
SHIP_V_1955,sdv-id-kEeLsu,Ready-made Garments,576,8.5,1236,SHIP_V_1955,66.76470588235294
SHIP_V_1762,sdv-id-CWHBBw,Solar Panels,122,120.0,1780,SHIP_V_1762,0.0166666666666666
SHIP_V_1422,sdv-id-voAeAa,Industrial Chemicals,717,50.0,499,SHIP_V_1422,13.34
SHIP_V_1929,sdv-id-dbEJxs,Raw Jute,928,5.0,1221,SHIP_V_1929,184.6
SHIP_V_1844,sdv-id-AtPrcP,Ready-made Garments,289,8.5,725,SHIP_V_1844,33.0
SHIP_V_1035,sdv-id-RvhIgq,Raw Jute,649,5.0,1963,SHIP_V_1035,128.8
SHIP_V_1712,sdv-id-bKHaGw,Solar Panels,314,120.0,930,SHIP_V_1712,1.6166666666666667
SHIP_V_1491,sdv-id-YIUEDv,Raw Jute,957,5.0,615,SHIP_V_1491,190.4
SHIP_V_1723,sdv-id-QYMbvG,Solar Panels,925,120.0,915,SHIP_V_1723,6.708333333333333
SHIP_V_1268,sdv-id-GUxaHD,Industrial Chemicals,828,50.0,199,SHIP_V_1268,15.56
SHIP_V_1539,sdv-id-zPmayH,Smartphones,2897,300.0,1374,SHIP_V_1539,8.656666666666666
SHIP_V_1480,sdv-id-GVDUCK,Ready-made Garments,315,8.5,450,SHIP_V_1480,36.05882352941177
SHIP_V_1637,sdv-id-eAhExt,Industrial Chemicals,149,50.0,535,SHIP_V_1637,1.98
SHIP_V_1499,sdv-id-pJCRED,Smartphones,924,300.0,603,SHIP_V_1499,2.08
SHIP_V_1142,sdv-id-lwSyOE,Smartphones,469,300.0,1497,SHIP_V_1142,0.5633333333333334
SHIP_V_1381,sdv-id-vyiwof,Solar Panels,604,120.0,836,SHIP_V_1381,4.033333333333333
SHIP_V_1701,sdv-id-qpSdaI,Solar Panels,113,120.0,328,SHIP_V_1701,-0.0583333333333333
SHIP_V_1889,sdv-id-heKEvG,Smartphones,1573,300.0,374,SHIP_V_1889,4.243333333333333
SHIP_V_1986,sdv-id-FuECeu,Smartphones,12,300.0,1761,SHIP_V_1986,-0.96
SHIP_V_1616,sdv-id-rfPXeJ,Solar Panels,432,120.0,1831,SHIP_V_1616,2.6
SHIP_V_1213,sdv-id-pKBsKR,Smartphones,419,300.0,1976,SHIP_V_1213,0.3966666666666666
SHIP_V_1612,sdv-id-jLpfTe,Smartphones,1480,300.0,840,SHIP_V_1612,3.933333333333333
SHIP_V_1458,sdv-id-fPyUVC,Smartphones,412,300.0,1512,SHIP_V_1458,0.3733333333333333
SHIP_V_1099,sdv-id-OKvmkr,Industrial Chemicals,646,50.0,480,SHIP_V_1099,11.92
SHIP_V_1690,sdv-id-sgeOBg,Ready-made Garments,148,8.5,1917,SHIP_V_1690,16.41176470588235
SHIP_V_1381,sdv-id-iwMjmV,Industrial Chemicals,421,50.0,556,SHIP_V_1381,7.42
SHIP_V_1828,sdv-id-VpEKop,Industrial Chemicals,450,50.0,636,SHIP_V_1828,8.0
SHIP_V_1817,sdv-id-zNMsHg,Solar Panels,226,120.0,1334,SHIP_V_1817,0.8833333333333333
SHIP_V_1207,sdv-id-NovMep,Ready-made Garments,324,8.5,1317,SHIP_V_1207,37.11764705882353
SHIP_V_1002,sdv-id-QrNWQY,Ready-made Garments,125,8.5,1858,SHIP_V_1002,13.705882352941176
SHIP_V_1138,sdv-id-XfLtLA,Industrial Chemicals,788,50.0,103,SHIP_V_1138,14.76
SHIP_V_1964,sdv-id-XNCrTO,Ready-made Garments,1105,8.5,1938,SHIP_V_1964,129.0
SHIP_V_1983,sdv-id-mRyBxX,Raw Jute,912,5.0,934,SHIP_V_1983,181.4
SHIP_V_1547,sdv-id-lmwXix,Raw Jute,474,5.0,1666,SHIP_V_1547,93.8
SHIP_V_1502,sdv-id-PebYYq,Smartphones,1191,300.0,713,SHIP_V_1502,2.97
SHIP_V_1837,sdv-id-KkWAVs,Ready-made Garments,162,8.5,483,SHIP_V_1837,18.058823529411764
SHIP_V_1936,sdv-id-qNstQL,Raw Jute,301,5.0,1899,SHIP_V_1936,59.2
SHIP_V_1068,sdv-id-RuiMur,Raw Jute,333,5.0,743,SHIP_V_1068,65.6
SHIP_V_1678,sdv-id-vtxwJv,Smartphones,677,300.0,1240,SHIP_V_1678,1.2566666666666666
SHIP_V_1190,sdv-id-PjKiOE,Raw Jute,554,5.0,1278,SHIP_V_1190,109.8
SHIP_V_1995,sdv-id-sdnRyp,Industrial Chemicals,604,50.0,341,SHIP_V_1995,11.08
SHIP_V_1831,sdv-id-KOhfnN,Raw Jute,1440,5.0,726,SHIP_V_1831,287.0
SHIP_V_1766,sdv-id-uFLQJe,Smartphones,530,300.0,270,SHIP_V_1766,0.7666666666666667
SHIP_V_1822,sdv-id-RDhALc,Smartphones,497,300.0,370,SHIP_V_1822,0.6566666666666666
SHIP_V_1280,sdv-id-YPSJRb,Raw Jute,216,5.0,1628,SHIP_V_1280,42.2
SHIP_V_1542,sdv-id-YPerzh,Ready-made Garments,404,8.5,876,SHIP_V_1542,46.52941176470589
SHIP_V_1930,sdv-id-lzYoVU,Solar Panels,87,120.0,1664,SHIP_V_1930,-0.275
SHIP_V_1193,sdv-id-yCaEkM,Smartphones,276,300.0,648,SHIP_V_1193,-0.08
SHIP_V_1707,sdv-id-OnKlAo,Ready-made Garments,1624,8.5,834,SHIP_V_1707,190.05882352941177
SHIP_V_1682,sdv-id-wnxjRK,Industrial Chemicals,583,50.0,241,SHIP_V_1682,10.66
SHIP_V_1430,sdv-id-TINodo,Smartphones,120,300.0,318,SHIP_V_1430,-0.6
SHIP_V_1483,sdv-id-jDrFUJ,Smartphones,734,300.0,1906,SHIP_V_1483,1.4466666666666668
SHIP_V_1143,sdv-id-wJQpdL,Industrial Chemicals,875,50.0,1316,SHIP_V_1143,16.5
SHIP_V_1927,sdv-id-mAZVyf,Smartphones,1040,300.0,113,SHIP_V_1927,2.466666666666667
SHIP_V_1232,sdv-id-MqGyMW,Ready-made Garments,638,8.5,1124,SHIP_V_1232,74.05882352941177
SHIP_V_1837,sdv-id-tEsIfk,Industrial Chemicals,924,50.0,255,SHIP_V_1837,17.48
SHIP_V_1413,sdv-id-cbSwPH,Industrial Chemicals,183,50.0,1730,SHIP_V_1413,2.66
SHIP_V_1745,sdv-id-XEWMwR,Industrial Chemicals,574,50.0,356,SHIP_V_1745,10.48
SHIP_V_1771,sdv-id-RDJlmw,Industrial Chemicals,1676,50.0,432,SHIP_V_1771,32.52
SHIP_V_1012,sdv-id-sYaqfb,Industrial Chemicals,195,50.0,590,SHIP_V_1012,2.9
SHIP_V_1384,sdv-id-tgXUNs,Industrial Chemicals,902,50.0,414,SHIP_V_1384,17.04
SHIP_V_1179,sdv-id-PKxcqn,Smartphones,919,300.0,605,SHIP_V_1179,2.0633333333333335
SHIP_V_1253,sdv-id-keItYo,Ready-made Garments,1392,8.5,1344,SHIP_V_1253,162.76470588235293
SHIP_V_1018,sdv-id-zyNixO,Raw Jute,1349,5.0,308,SHIP_V_1018,268.8
SHIP_V_1594,sdv-id-wBAncm,Raw Jute,228,5.0,1766,SHIP_V_1594,44.6
SHIP_V_1422,sdv-id-nNyRSk,Industrial Chemicals,129,50.0,947,SHIP_V_1422,1.58
SHIP_V_1505,sdv-id-MWyMFR,Smartphones,585,300.0,1740,SHIP_V_1505,0.95
SHIP_V_1061,sdv-id-MMzlCm,Ready-made Garments,2573,8.5,691,SHIP_V_1061,301.70588235294116
SHIP_V_1196,sdv-id-vxnqQc,Raw Jute,419,5.0,1345,SHIP_V_1196,82.8
SHIP_V_1533,sdv-id-OCQXem,Smartphones,787,300.0,461,SHIP_V_1533,1.6233333333333333
SHIP_V_1790,sdv-id-iBAVCA,Solar Panels,717,120.0,451,SHIP_V_1790,4.975
SHIP_V_1733,sdv-id-uyAbrZ,Raw Jute,657,5.0,1597,SHIP_V_1733,130.4
SHIP_V_1260,sdv-id-gNgMnZ,Raw Jute,1916,5.0,924,SHIP_V_1260,382.2
SHIP_V_1174,sdv-id-OCWufJ,Industrial Chemicals,341,50.0,1510,SHIP_V_1174,5.82
SHIP_V_1489,sdv-id-vAXlbb,Solar Panels,139,120.0,1034,SHIP_V_1489,0.1583333333333333
SHIP_V_1054,sdv-id-LCtGyz,Smartphones,227,300.0,199,SHIP_V_1054,-0.2433333333333333
SHIP_V_1400,sdv-id-NHlRrg,Ready-made Garments,560,8.5,732,SHIP_V_1400,64.88235294117646
SHIP_V_1460,sdv-id-UYqPsv,Smartphones,933,300.0,275,SHIP_V_1460,2.11
SHIP_V_1846,sdv-id-WrUVTn,Industrial Chemicals,1227,50.0,914,SHIP_V_1846,23.54
SHIP_V_1116,sdv-id-UHXINC,Smartphones,585,300.0,841,SHIP_V_1116,0.95
SHIP_V_1728,sdv-id-WEcCrA,Smartphones,1824,300.0,695,SHIP_V_1728,5.08
SHIP_V_1489,sdv-id-Xfakfi,Industrial Chemicals,599,50.0,628,SHIP_V_1489,10.98
SHIP_V_1212,sdv-id-JyMNKK,Industrial Chemicals,1517,50.0,757,SHIP_V_1212,29.34
SHIP_V_1688,sdv-id-xsGkJK,Ready-made Garments,859,8.5,907,SHIP_V_1688,100.05882352941175
SHIP_V_1800,sdv-id-iiPOUI,Industrial Chemicals,602,50.0,1754,SHIP_V_1800,11.04
SHIP_V_1111,sdv-id-YwtNaK,Raw Jute,120,5.0,1358,SHIP_V_1111,23.0
SHIP_V_1869,sdv-id-HBLAiy,Ready-made Garments,864,8.5,262,SHIP_V_1869,100.6470588235294
SHIP_V_1156,sdv-id-QWRMNM,Smartphones,1860,300.0,1192,SHIP_V_1156,5.2
SHIP_V_1836,sdv-id-aqFPXH,Industrial Chemicals,734,50.0,1782,SHIP_V_1836,13.68
SHIP_V_1799,sdv-id-Cmnllj,Smartphones,908,300.0,500,SHIP_V_1799,2.026666666666667
SHIP_V_1519,sdv-id-zzhXXT,Smartphones,571,300.0,909,SHIP_V_1519,0.9033333333333332
SHIP_V_1361,sdv-id-uwcNXf,Industrial Chemicals,1440,50.0,1486,SHIP_V_1361,27.8
SHIP_V_1672,sdv-id-DJqosx,Smartphones,171,300.0,1267,SHIP_V_1672,-0.43
SHIP_V_1596,sdv-id-AJUZTF,Smartphones,640,300.0,1366,SHIP_V_1596,1.1333333333333333
SHIP_V_1633,sdv-id-JzoFcw,Solar Panels,391,120.0,1282,SHIP_V_1633,2.2583333333333333
SHIP_V_1816,sdv-id-TkLkjv,Ready-made Garments,808,8.5,1771,SHIP_V_1816,94.05882352941175
SHIP_V_1976,sdv-id-MgBtkm,Raw Jute,2067,5.0,1214,SHIP_V_1976,412.4
SHIP_V_1672,sdv-id-eDyFvN,Raw Jute,590,5.0,154,SHIP_V_1672,117.0
SHIP_V_1585,sdv-id-sRzsph,Industrial Chemicals,43,50.0,1854,SHIP_V_1585,-0.14
SHIP_V_1960,sdv-id-THScVP,Industrial Chemicals,594,50.0,912,SHIP_V_1960,10.88
SHIP_V_1016,sdv-id-WgfYmm,Smartphones,587,300.0,1787,SHIP_V_1016,0.9566666666666668
SHIP_V_1364,sdv-id-DlaBoN,Smartphones,1694,300.0,629,SHIP_V_1364,4.6466666666666665
SHIP_V_1134,sdv-id-MaUBbk,Industrial Chemicals,330,50.0,318,SHIP_V_1134,5.6
SHIP_V_1033,sdv-id-RzYfZx,Raw Jute,1292,5.0,195,SHIP_V_1033,257.4
SHIP_V_1268,sdv-id-omkIvZ,Raw Jute,810,5.0,820,SHIP_V_1268,161.0
SHIP_V_1426,sdv-id-ImtghZ,Smartphones,77,300.0,1127,SHIP_V_1426,-0.7433333333333333
SHIP_V_1828,sdv-id-gIFVUj,Solar Panels,671,120.0,1523,SHIP_V_1828,4.591666666666667
SHIP_V_1805,sdv-id-KvPMym,Smartphones,604,300.0,1067,SHIP_V_1805,1.0133333333333334
SHIP_V_1407,sdv-id-crbYzS,Ready-made Garments,192,8.5,1827,SHIP_V_1407,21.58823529411765
SHIP_V_1238,sdv-id-rxbkJP,Ready-made Garments,66,8.5,1544,SHIP_V_1238,6.764705882352941
SHIP_V_1696,sdv-id-ynQfru,Smartphones,1278,300.0,893,SHIP_V_1696,3.26
SHIP_V_1523,sdv-id-XJjegv,Smartphones,316,300.0,448,SHIP_V_1523,0.0533333333333333
SHIP_V_1937,sdv-id-QpsfYq,Smartphones,366,300.0,1848,SHIP_V_1937,0.22
SHIP_V_1446,sdv-id-DTstne,Smartphones,890,300.0,542,SHIP_V_1446,1.9666666666666663
SHIP_V_1780,sdv-id-FrubNO,Solar Panels,1187,120.0,209,SHIP_V_1780,8.891666666666667
SHIP_V_1581,sdv-id-gJxdzP,Solar Panels,119,120.0,1544,SHIP_V_1581,-0.0083333333333333
SHIP_V_1988,sdv-id-kmCtTt,Smartphones,25,300.0,1377,SHIP_V_1988,-0.9166666666666666
SHIP_V_1165,sdv-id-qxmNED,Ready-made Garments,170,8.5,1711,SHIP_V_1165,19.0
SHIP_V_1399,sdv-id-FWkCXv,Industrial Chemicals,1214,50.0,457,SHIP_V_1399,23.28
SHIP_V_1270,sdv-id-FohFMi,Ready-made Garments,43,8.5,1816,SHIP_V_1270,4.0588235294117645
SHIP_V_1972,sdv-id-ETfjJV,Industrial Chemicals,991,50.0,435,SHIP_V_1972,18.82
SHIP_V_1689,sdv-id-EHjNiG,Industrial Chemicals,3232,50.0,1066,SHIP_V_1689,63.64
SHIP_V_1126,sdv-id-IMTJnC,Industrial Chemicals,1096,50.0,1320,SHIP_V_1126,20.92
SHIP_V_1105,sdv-id-cmNqKI,Ready-made Garments,599,8.5,942,SHIP_V_1105,69.47058823529412
SHIP_V_1752,sdv-id-gAEykS,Raw Jute,790,5.0,1551,SHIP_V_1752,157.0
SHIP_V_1708,sdv-id-aSucIN,Ready-made Garments,119,8.5,1913,SHIP_V_1708,13.0
SHIP_V_1627,sdv-id-DGGOnL,Ready-made Garments,429,8.5,1526,SHIP_V_1627,49.47058823529411
SHIP_V_1464,sdv-id-juXxFP,Smartphones,2079,300.0,781,SHIP_V_1464,5.93
SHIP_V_1093,sdv-id-IjSttk,Industrial Chemicals,385,50.0,1686,SHIP_V_1093,6.7
SHIP_V_1936,sdv-id-RYGvjR,Raw Jute,42,5.0,705,SHIP_V_1936,7.4
SHIP_V_1039,sdv-id-LZlYZB,Industrial Chemicals,266,50.0,1521,SHIP_V_1039,4.32
SHIP_V_1507,sdv-id-hHrfGl,Ready-made Garments,652,8.5,1597,SHIP_V_1507,75.70588235294117
SHIP_V_1917,sdv-id-ufGNaj,Smartphones,1116,300.0,284,SHIP_V_1917,2.72
SHIP_V_1500,sdv-id-ndRyUe,Solar Panels,1193,120.0,744,SHIP_V_1500,8.941666666666666
SHIP_V_1657,sdv-id-QlzDBr,Ready-made Garments,1653,8.5,758,SHIP_V_1657,193.47058823529412
SHIP_V_1407,sdv-id-BZLxdj,Raw Jute,819,5.0,1066,SHIP_V_1407,162.8
SHIP_V_1422,sdv-id-kuOWcD,Smartphones,489,300.0,1171,SHIP_V_1422,0.63
SHIP_V_1006,sdv-id-rOIneG,Ready-made Garments,757,8.5,487,SHIP_V_1006,88.05882352941177
SHIP_V_1519,sdv-id-TnBPPF,Smartphones,697,300.0,385,SHIP_V_1519,1.3233333333333333
SHIP_V_1857,sdv-id-tcxPsG,Industrial Chemicals,711,50.0,1416,SHIP_V_1857,13.22
SHIP_V_1438,sdv-id-QULKAr,Ready-made Garments,951,8.5,1779,SHIP_V_1438,110.88235294117646
SHIP_V_1249,sdv-id-PWBFcl,Industrial Chemicals,914,50.0,1312,SHIP_V_1249,17.28
SHIP_V_1964,sdv-id-lbaimK,Smartphones,801,300.0,1319,SHIP_V_1964,1.67
SHIP_V_1372,sdv-id-iuYmpw,Smartphones,158,300.0,372,SHIP_V_1372,-0.4733333333333333
SHIP_V_1856,sdv-id-tsVzJt,Smartphones,442,300.0,1021,SHIP_V_1856,0.4733333333333333
SHIP_V_1658,sdv-id-zPyxJY,Raw Jute,649,5.0,119,SHIP_V_1658,128.8
SHIP_V_1833,sdv-id-SXzigt,Industrial Chemicals,417,50.0,1387,SHIP_V_1833,7.34
SHIP_V_1370,sdv-id-UpHISn,Solar Panels,545,120.0,607,SHIP_V_1370,3.5416666666666665
SHIP_V_1305,sdv-id-eMqvoa,Ready-made Garments,1431,8.5,403,SHIP_V_1305,167.35294117647058
SHIP_V_1718,sdv-id-jbtjEz,Raw Jute,1276,5.0,1175,SHIP_V_1718,254.2
SHIP_V_1928,sdv-id-rCgCGf,Ready-made Garments,891,8.5,856,SHIP_V_1928,103.82352941176472
SHIP_V_1768,sdv-id-QfQzAl,Smartphones,971,300.0,378,SHIP_V_1768,2.236666666666667
SHIP_V_1766,sdv-id-SNUndl,Industrial Chemicals,480,50.0,537,SHIP_V_1766,8.6
SHIP_V_1705,sdv-id-IdQQnn,Solar Panels,447,120.0,293,SHIP_V_1705,2.725
SHIP_V_1688,sdv-id-DFWFJz,Industrial Chemicals,183,50.0,1783,SHIP_V_1688,2.66
SHIP_V_1937,sdv-id-pikPpn,Raw Jute,382,5.0,1137,SHIP_V_1937,75.4
SHIP_V_1290,sdv-id-JwXCBc,Industrial Chemicals,1383,50.0,1440,SHIP_V_1290,26.66
SHIP_V_1590,sdv-id-BoWETk,Industrial Chemicals,570,50.0,986,SHIP_V_1590,10.4
SHIP_V_1822,sdv-id-nIdohm,Industrial Chemicals,536,50.0,1547,SHIP_V_1822,9.72
SHIP_V_1168,sdv-id-bAucgu,Ready-made Garments,506,8.5,1705,SHIP_V_1168,58.52941176470589
SHIP_V_1001,sdv-id-MNjRQz,Raw Jute,711,5.0,1444,SHIP_V_1001,141.2
SHIP_V_1938,sdv-id-DFGvys,Ready-made Garments,510,8.5,954,SHIP_V_1938,59.0
SHIP_V_1299,sdv-id-OZvyuQ,Smartphones,268,300.0,1495,SHIP_V_1299,-0.1066666666666666
SHIP_V_1829,sdv-id-citsdd,Ready-made Garments,954,8.5,1140,SHIP_V_1829,111.23529411764706
SHIP_V_1901,sdv-id-eYrnQG,Industrial Chemicals,730,50.0,1401,SHIP_V_1901,13.6
SHIP_V_1177,sdv-id-PqqGBv,Industrial Chemicals,589,50.0,898,SHIP_V_1177,10.78
SHIP_V_1560,sdv-id-GusRoJ,Smartphones,900,300.0,308,SHIP_V_1560,2.0
SHIP_V_1523,sdv-id-gUJjdX,Raw Jute,614,5.0,1517,SHIP_V_1523,121.8
SHIP_V_1990,sdv-id-yNUWHv,Smartphones,112,300.0,124,SHIP_V_1990,-0.6266666666666667
SHIP_V_1216,sdv-id-CRIfIb,Smartphones,318,300.0,1414,SHIP_V_1216,0.06
SHIP_V_1520,sdv-id-PNWvMc,Smartphones,261,300.0,1627,SHIP_V_1520,-0.13
SHIP_V_1020,sdv-id-bBSbZo,Ready-made Garments,354,8.5,1640,SHIP_V_1020,40.64705882352941
SHIP_V_1682,sdv-id-EPoIQj,Ready-made Garments,302,8.5,1683,SHIP_V_1682,34.529411764705884
SHIP_V_1414,sdv-id-gvnhTo,Smartphones,730,300.0,198,SHIP_V_1414,1.4333333333333331
SHIP_V_1884,sdv-id-Wgonno,Solar Panels,1934,120.0,1306,SHIP_V_1884,15.116666666666667
SHIP_V_1744,sdv-id-hFGgaZ,Solar Panels,794,120.0,585,SHIP_V_1744,5.616666666666666
SHIP_V_1106,sdv-id-MpYuiu,Smartphones,1202,300.0,1655,SHIP_V_1106,3.006666666666667
SHIP_V_1825,sdv-id-QJjtld,Ready-made Garments,304,8.5,1210,SHIP_V_1825,34.76470588235294
SHIP_V_1751,sdv-id-wyMFBc,Smartphones,754,300.0,1483,SHIP_V_1751,1.5133333333333334
SHIP_V_1541,sdv-id-DYHJMf,Smartphones,1293,300.0,956,SHIP_V_1541,3.31
SHIP_V_1653,sdv-id-NidpHX,Ready-made Garments,231,8.5,1402,SHIP_V_1653,26.176470588235293
SHIP_V_1674,sdv-id-YDdSiv,Industrial Chemicals,1544,50.0,1267,SHIP_V_1674,29.88
SHIP_V_1853,sdv-id-xOReVk,Raw Jute,1605,5.0,701,SHIP_V_1853,320.0
SHIP_V_1182,sdv-id-xKucfp,Raw Jute,4,5.0,845,SHIP_V_1182,-0.2
SHIP_V_1033,sdv-id-hiUIyQ,Ready-made Garments,263,8.5,1485,SHIP_V_1033,29.941176470588236
SHIP_V_1634,sdv-id-KySxyV,Raw Jute,486,5.0,519,SHIP_V_1634,96.2
SHIP_V_1493,sdv-id-qNdhhH,Industrial Chemicals,1199,50.0,1369,SHIP_V_1493,22.98
SHIP_V_1751,sdv-id-vDfIIQ,Solar Panels,1716,120.0,858,SHIP_V_1751,13.3
SHIP_V_1846,sdv-id-zFtFWj,Raw Jute,776,5.0,1354,SHIP_V_1846,154.2
SHIP_V_1563,sdv-id-smeqNh,Smartphones,735,300.0,380,SHIP_V_1563,1.45
SHIP_V_1263,sdv-id-SWjisT,Industrial Chemicals,357,50.0,1487,SHIP_V_1263,6.14
SHIP_V_1447,sdv-id-NuaMfi,Solar Panels,526,120.0,1481,SHIP_V_1447,3.3833333333333333
SHIP_V_1306,sdv-id-tqeNot,Ready-made Garments,90,8.5,620,SHIP_V_1306,9.588235294117649
SHIP_V_1509,sdv-id-XIdswX,Raw Jute,3550,5.0,137,SHIP_V_1509,709.0
SHIP_V_1206,sdv-id-lUMfaS,Solar Panels,97,120.0,782,SHIP_V_1206,-0.1916666666666666
SHIP_V_1475,sdv-id-ybkepe,Raw Jute,569,5.0,1580,SHIP_V_1475,112.8
SHIP_V_1134,sdv-id-aaETPD,Solar Panels,755,120.0,854,SHIP_V_1134,5.291666666666667
SHIP_V_1056,sdv-id-LYzrzm,Ready-made Garments,618,8.5,1690,SHIP_V_1056,71.70588235294117
SHIP_V_1799,sdv-id-MxucDO,Smartphones,794,300.0,161,SHIP_V_1799,1.6466666666666667
SHIP_V_1158,sdv-id-bNaXES,Ready-made Garments,1099,8.5,291,SHIP_V_1158,128.2941176470588
SHIP_V_1559,sdv-id-QiUXoB,Industrial Chemicals,42,50.0,518,SHIP_V_1559,-0.16
SHIP_V_1338,sdv-id-lXWBUL,Industrial Chemicals,330,50.0,979,SHIP_V_1338,5.6
SHIP_V_1896,sdv-id-AimzfZ,Raw Jute,368,5.0,206,SHIP_V_1896,72.6
SHIP_V_1455,sdv-id-EJStIv,Smartphones,721,300.0,1646,SHIP_V_1455,1.403333333333333
SHIP_V_1331,sdv-id-JycHmw,Solar Panels,95,120.0,1524,SHIP_V_1331,-0.2083333333333333
SHIP_V_1655,sdv-id-EBIzqT,Raw Jute,577,5.0,954,SHIP_V_1655,114.4
SHIP_V_1474,sdv-id-BhXhaV,Industrial Chemicals,332,50.0,565,SHIP_V_1474,5.64
SHIP_V_1897,sdv-id-ZLzphh,Industrial Chemicals,46,50.0,1736,SHIP_V_1897,-0.08
SHIP_V_1284,sdv-id-LAfqew,Raw Jute,303,5.0,1731,SHIP_V_1284,59.6
SHIP_V_1317,sdv-id-bxJMEP,Raw Jute,1486,5.0,1035,SHIP_V_1317,296.2
SHIP_V_1058,sdv-id-YWMHMi,Ready-made Garments,467,8.5,1674,SHIP_V_1058,53.94117647058823
SHIP_V_1383,sdv-id-ejCsgC,Ready-made Garments,1691,8.5,1406,SHIP_V_1383,197.94117647058823
SHIP_V_1571,sdv-id-jElsBm,Raw Jute,340,5.0,178,SHIP_V_1571,67.0
SHIP_V_1796,sdv-id-sWHIsg,Ready-made Garments,93,8.5,1843,SHIP_V_1796,9.941176470588236
SHIP_V_1357,sdv-id-oaWGRU,Solar Panels,695,120.0,1458,SHIP_V_1357,4.791666666666667
SHIP_V_1424,sdv-id-EDioNx,Raw Jute,78,5.0,616,SHIP_V_1424,14.6
SHIP_V_1206,sdv-id-kVqBiZ,Industrial Chemicals,309,50.0,849,SHIP_V_1206,5.18
SHIP_V_1499,sdv-id-pneqhk,Solar Panels,1045,120.0,1276,SHIP_V_1499,7.708333333333333
SHIP_V_1513,sdv-id-KExClc,Raw Jute,1094,5.0,222,SHIP_V_1513,217.8
SHIP_V_1511,sdv-id-LQEQFi,Raw Jute,852,5.0,255,SHIP_V_1511,169.4
SHIP_V_1510,sdv-id-CnUUIc,Smartphones,1372,300.0,1003,SHIP_V_1510,3.5733333333333333
SHIP_V_1405,sdv-id-VZyeRu,Industrial Chemicals,984,50.0,1349,SHIP_V_1405,18.68
SHIP_V_1805,sdv-id-sMierk,Raw Jute,830,5.0,991,SHIP_V_1805,165.0
SHIP_V_1051,sdv-id-vgwSTG,Ready-made Garments,647,8.5,674,SHIP_V_1051,75.11764705882354
SHIP_V_1677,sdv-id-MEGCkQ,Smartphones,213,300.0,1924,SHIP_V_1677,-0.29
SHIP_V_1518,sdv-id-dafMNP,Raw Jute,936,5.0,232,SHIP_V_1518,186.2
SHIP_V_1814,sdv-id-JsqbRh,Industrial Chemicals,327,50.0,417,SHIP_V_1814,5.54
SHIP_V_1556,sdv-id-nlIScp,Smartphones,338,300.0,1288,SHIP_V_1556,0.1266666666666666
SHIP_V_1305,sdv-id-DmZUOq,Raw Jute,5,5.0,1675,SHIP_V_1305,0.0
SHIP_V_1881,sdv-id-FYJlVC,Industrial Chemicals,1507,50.0,666,SHIP_V_1881,29.14
SHIP_V_1028,sdv-id-qMudEY,Ready-made Garments,374,8.5,641,SHIP_V_1028,43.0
SHIP_V_1503,sdv-id-fQInCd,Industrial Chemicals,505,50.0,1559,SHIP_V_1503,9.1
SHIP_V_1382,sdv-id-GKchnS,Smartphones,97,300.0,1510,SHIP_V_1382,-0.6766666666666666
SHIP_V_1298,sdv-id-mVCXBR,Ready-made Garments,498,8.5,1009,SHIP_V_1298,57.588235294117645
SHIP_V_1630,sdv-id-DuoqEA,Ready-made Garments,126,8.5,1165,SHIP_V_1630,13.823529411764708
SHIP_V_1736,sdv-id-SQJHlG,Raw Jute,677,5.0,1077,SHIP_V_1736,134.4
SHIP_V_1325,sdv-id-qXzhpH,Smartphones,111,300.0,688,SHIP_V_1325,-0.63
SHIP_V_1126,sdv-id-RWBfhO,Industrial Chemicals,465,50.0,490,SHIP_V_1126,8.3
SHIP_V_1011,sdv-id-omwPdA,Raw Jute,1421,5.0,1992,SHIP_V_1011,283.2
SHIP_V_1243,sdv-id-UQDCZO,Smartphones,547,300.0,929,SHIP_V_1243,0.8233333333333334
SHIP_V_1508,sdv-id-TXElBC,Solar Panels,340,120.0,1092,SHIP_V_1508,1.8333333333333333
SHIP_V_1116,sdv-id-JWNANh,Smartphones,715,300.0,205,SHIP_V_1116,1.3833333333333333
SHIP_V_1501,sdv-id-PbBWrt,Industrial Chemicals,438,50.0,1447,SHIP_V_1501,7.76
SHIP_V_1778,sdv-id-SJGOtz,Solar Panels,1122,120.0,497,SHIP_V_1778,8.35
SHIP_V_1840,sdv-id-etOQaD,Raw Jute,655,5.0,1192,SHIP_V_1840,130.0
SHIP_V_1730,sdv-id-cjhkWz,Solar Panels,369,120.0,367,SHIP_V_1730,2.075
SHIP_V_1718,sdv-id-eNqPOD,Raw Jute,3387,5.0,389,SHIP_V_1718,676.4
SHIP_V_1406,sdv-id-zRMQgY,Ready-made Garments,269,8.5,327,SHIP_V_1406,30.647058823529413
SHIP_V_1377,sdv-id-GwdILo,Raw Jute,266,5.0,1475,SHIP_V_1377,52.2
SHIP_V_1175,sdv-id-MEcmeR,Smartphones,404,300.0,1401,SHIP_V_1175,0.3466666666666667
SHIP_V_1615,sdv-id-LiJCyh,Solar Panels,1152,120.0,1517,SHIP_V_1615,8.6
SHIP_V_1789,sdv-id-pbLEaU,Industrial Chemicals,351,50.0,1005,SHIP_V_1789,6.02
SHIP_V_1853,sdv-id-ekFsuE,Smartphones,643,300.0,1287,SHIP_V_1853,1.143333333333333
SHIP_V_1781,sdv-id-lsDLGS,Ready-made Garments,430,8.5,880,SHIP_V_1781,49.588235294117645
SHIP_V_1142,sdv-id-kvEmZl,Industrial Chemicals,1484,50.0,1198,SHIP_V_1142,28.68
SHIP_V_1346,sdv-id-KoqAuc,Ready-made Garments,776,8.5,809,SHIP_V_1346,90.29411764705884
SHIP_V_1276,sdv-id-OFdlJH,Smartphones,923,300.0,1273,SHIP_V_1276,2.0766666666666667
SHIP_V_1669,sdv-id-wFDVmM,Raw Jute,668,5.0,1710,SHIP_V_1669,132.6
SHIP_V_1072,sdv-id-mRRatI,Smartphones,515,300.0,616,SHIP_V_1072,0.7166666666666667
SHIP_V_1009,sdv-id-qRLapo,Ready-made Garments,457,8.5,1449,SHIP_V_1009,52.76470588235294
SHIP_V_1345,sdv-id-wsIOeD,Industrial Chemicals,756,50.0,1253,SHIP_V_1345,14.12
SHIP_V_1849,sdv-id-ikyvZV,Ready-made Garments,360,8.5,1457,SHIP_V_1849,41.35294117647059
SHIP_V_1097,sdv-id-aymvak,Smartphones,681,300.0,1300,SHIP_V_1097,1.27
SHIP_V_1618,sdv-id-CTNKqx,Ready-made Garments,1183,8.5,1199,SHIP_V_1618,138.1764705882353
SHIP_V_1950,sdv-id-HlIuMP,Industrial Chemicals,2417,50.0,1357,SHIP_V_1950,47.34
SHIP_V_1451,sdv-id-QDWkny,Smartphones,1325,300.0,876,SHIP_V_1451,3.4166666666666665
SHIP_V_1221,sdv-id-KwcOuM,Smartphones,1182,300.0,950,SHIP_V_1221,2.94
SHIP_V_1321,sdv-id-MJARkR,Solar Panels,70,120.0,1655,SHIP_V_1321,-0.4166666666666667
SHIP_V_1643,sdv-id-XCRyIM,Solar Panels,1163,120.0,651,SHIP_V_1643,8.691666666666666
SHIP_V_1235,sdv-id-mKPvPi,Smartphones,1575,300.0,1514,SHIP_V_1235,4.25
SHIP_V_1316,sdv-id-qiECoW,Industrial Chemicals,335,50.0,1337,SHIP_V_1316,5.7
SHIP_V_1371,sdv-id-jPSDXL,Smartphones,377,300.0,1874,SHIP_V_1371,0.2566666666666666
SHIP_V_1930,sdv-id-ekyonv,Raw Jute,33,5.0,765,SHIP_V_1930,5.6
SHIP_V_1099,sdv-id-DjcMUZ,Ready-made Garments,1151,8.5,1476,SHIP_V_1099,134.41176470588235
SHIP_V_1417,sdv-id-rULKGC,Industrial Chemicals,55,50.0,109,SHIP_V_1417,0.1
SHIP_V_1356,sdv-id-AhBMMB,Smartphones,2345,300.0,1311,SHIP_V_1356,6.816666666666666
SHIP_V_1791,sdv-id-lFqpKM,Industrial Chemicals,383,50.0,1790,SHIP_V_1791,6.66
SHIP_V_1471,sdv-id-lGfxNT,Industrial Chemicals,1326,50.0,995,SHIP_V_1471,25.52
SHIP_V_1061,sdv-id-WfCRcz,Smartphones,183,300.0,1507,SHIP_V_1061,-0.39
SHIP_V_1153,sdv-id-xkUwRK,Smartphones,598,300.0,1430,SHIP_V_1153,0.9933333333333332
SHIP_V_1137,sdv-id-ruQWee,Ready-made Garments,715,8.5,1202,SHIP_V_1137,83.11764705882354
SHIP_V_1054,sdv-id-GrwRSj,Ready-made Garments,184,8.5,627,SHIP_V_1054,20.647058823529413
SHIP_V_1528,sdv-id-GYQJMq,Raw Jute,985,5.0,613,SHIP_V_1528,196.0
SHIP_V_1978,sdv-id-qaQPkj,Solar Panels,35,120.0,1716,SHIP_V_1978,-0.7083333333333334
SHIP_V_1510,sdv-id-bJZgru,Raw Jute,46,5.0,653,SHIP_V_1510,8.2
SHIP_V_1212,sdv-id-FfPpVD,Solar Panels,359,120.0,372,SHIP_V_1212,1.9916666666666667
SHIP_V_1261,sdv-id-rQvQGX,Raw Jute,864,5.0,1538,SHIP_V_1261,171.8
SHIP_V_1688,sdv-id-oKzqKh,Ready-made Garments,410,8.5,1566,SHIP_V_1688,47.23529411764706
SHIP_V_1814,sdv-id-DVvMgW,Smartphones,45,300.0,1920,SHIP_V_1814,-0.85
SHIP_V_1433,sdv-id-tLqeDZ,Ready-made Garments,224,8.5,674,SHIP_V_1433,25.352941176470587
SHIP_V_1008,sdv-id-NOhoNL,Solar Panels,220,120.0,414,SHIP_V_1008,0.8333333333333334
SHIP_V_1096,sdv-id-gcKIRK,Industrial Chemicals,409,50.0,1595,SHIP_V_1096,7.18
SHIP_V_1607,sdv-id-LGkgeG,Ready-made Garments,609,8.5,534,SHIP_V_1607,70.6470588235294
SHIP_V_1343,sdv-id-JrHguj,Smartphones,78,300.0,1794,SHIP_V_1343,-0.74
SHIP_V_1348,sdv-id-XCgKKs,Smartphones,1259,300.0,1597,SHIP_V_1348,3.1966666666666668
SHIP_V_1541,sdv-id-QLSRRB,Ready-made Garments,958,8.5,979,SHIP_V_1541,111.70588235294116
SHIP_V_1441,sdv-id-NgilbN,Raw Jute,727,5.0,1311,SHIP_V_1441,144.4
SHIP_V_1363,sdv-id-gwAgkx,Smartphones,2129,300.0,1918,SHIP_V_1363,6.096666666666667
SHIP_V_1511,sdv-id-CRhQNM,Industrial Chemicals,214,50.0,368,SHIP_V_1511,3.28
SHIP_V_1286,sdv-id-PDGSHH,Smartphones,429,300.0,1978,SHIP_V_1286,0.43
SHIP_V_1288,sdv-id-bUQtNy,Industrial Chemicals,397,50.0,1771,SHIP_V_1288,6.94
SHIP_V_1175,sdv-id-qkPYaO,Raw Jute,400,5.0,229,SHIP_V_1175,79.0
SHIP_V_1755,sdv-id-gUaHam,Smartphones,132,300.0,1428,SHIP_V_1755,-0.56
SHIP_V_1008,sdv-id-DEauwN,Ready-made Garments,290,8.5,1048,SHIP_V_1008,33.11764705882353
SHIP_V_1549,sdv-id-YqhhAw,Smartphones,334,300.0,1497,SHIP_V_1549,0.1133333333333333
SHIP_V_1751,sdv-id-skTfSl,Ready-made Garments,715,8.5,883,SHIP_V_1751,83.11764705882354
SHIP_V_1800,sdv-id-mWWWUV,Ready-made Garments,959,8.5,1428,SHIP_V_1800,111.82352941176472
SHIP_V_1415,sdv-id-RbyXFa,Raw Jute,82,5.0,149,SHIP_V_1415,15.4
SHIP_V_1283,sdv-id-dBxOeR,Ready-made Garments,324,8.5,866,SHIP_V_1283,37.11764705882353
SHIP_V_1197,sdv-id-qBhCNr,Industrial Chemicals,2378,50.0,1329,SHIP_V_1197,46.56
SHIP_V_1247,sdv-id-lHqyVf,Raw Jute,986,5.0,250,SHIP_V_1247,196.2
SHIP_V_1812,sdv-id-lfPBkm,Ready-made Garments,691,8.5,946,SHIP_V_1812,80.29411764705883
SHIP_V_1927,sdv-id-AJeREH,Ready-made Garments,274,8.5,1931,SHIP_V_1927,31.235294117647054
SHIP_V_1261,sdv-id-nUflNM,Industrial Chemicals,650,50.0,1314,SHIP_V_1261,12.0
SHIP_V_1476,sdv-id-lslHiJ,Raw Jute,1189,5.0,1300,SHIP_V_1476,236.8
SHIP_V_1941,sdv-id-TfCiYN,Raw Jute,6,5.0,1477,SHIP_V_1941,0.2
SHIP_V_1284,sdv-id-fjAMLd,Raw Jute,577,5.0,668,SHIP_V_1284,114.4
SHIP_V_1772,sdv-id-uACpqy,Smartphones,1074,300.0,1958,SHIP_V_1772,2.58
SHIP_V_1008,sdv-id-lKuYXN,Industrial Chemicals,659,50.0,1862,SHIP_V_1008,12.18
SHIP_V_1239,sdv-id-NIPhJf,Raw Jute,927,5.0,299,SHIP_V_1239,184.4
SHIP_V_1584,sdv-id-ujKApR,Industrial Chemicals,1543,50.0,1044,SHIP_V_1584,29.86
SHIP_V_1385,sdv-id-IaRdbC,Solar Panels,94,120.0,1258,SHIP_V_1385,-0.2166666666666666
SHIP_V_1859,sdv-id-EBHgbp,Solar Panels,178,120.0,1958,SHIP_V_1859,0.4833333333333333
SHIP_V_1618,sdv-id-XQfGpA,Industrial Chemicals,389,50.0,1776,SHIP_V_1618,6.78
SHIP_V_1770,sdv-id-aqgozH,Ready-made Garments,376,8.5,1179,SHIP_V_1770,43.23529411764706
SHIP_V_1916,sdv-id-VNlLNv,Ready-made Garments,722,8.5,770,SHIP_V_1916,83.94117647058823
SHIP_V_1710,sdv-id-FlbVez,Industrial Chemicals,488,50.0,1205,SHIP_V_1710,8.76
SHIP_V_1501,sdv-id-tdGizR,Industrial Chemicals,1054,50.0,508,SHIP_V_1501,20.08
SHIP_V_1116,sdv-id-upNilS,Smartphones,1331,300.0,589,SHIP_V_1116,3.4366666666666665
SHIP_V_1521,sdv-id-tebzex,Raw Jute,682,5.0,1933,SHIP_V_1521,135.4
SHIP_V_1020,sdv-id-wsrsli,Smartphones,428,300.0,735,SHIP_V_1020,0.4266666666666667
SHIP_V_1181,sdv-id-DUGYZD,Ready-made Garments,609,8.5,216,SHIP_V_1181,70.6470588235294
SHIP_V_1274,sdv-id-CPqjaW,Smartphones,1035,300.0,374,SHIP_V_1274,2.45
SHIP_V_1581,sdv-id-waBgte,Raw Jute,1021,5.0,109,SHIP_V_1581,203.2
SHIP_V_1980,sdv-id-ZyxWqR,Raw Jute,1787,5.0,1273,SHIP_V_1980,356.4
SHIP_V_1605,sdv-id-bfkJbz,Smartphones,399,300.0,1919,SHIP_V_1605,0.33
SHIP_V_1655,sdv-id-MjfeEQ,Ready-made Garments,122,8.5,1447,SHIP_V_1655,13.352941176470589
SHIP_V_1401,sdv-id-FxzTZR,Ready-made Garments,839,8.5,818,SHIP_V_1401,97.70588235294116
SHIP_V_1245,sdv-id-pdHrlM,Solar Panels,427,120.0,1312,SHIP_V_1245,2.558333333333333
SHIP_V_1394,sdv-id-NrVcgR,Ready-made Garments,1958,8.5,333,SHIP_V_1394,229.35294117647055
SHIP_V_1084,sdv-id-rVTxeG,Ready-made Garments,192,8.5,1351,SHIP_V_1084,21.58823529411765
SHIP_V_1303,sdv-id-kEQMnE,Ready-made Garments,591,8.5,271,SHIP_V_1303,68.52941176470588
SHIP_V_1871,sdv-id-yuFPic,Solar Panels,313,120.0,1559,SHIP_V_1871,1.6083333333333334
SHIP_V_1496,sdv-id-mgxMmt,Smartphones,1105,300.0,1431,SHIP_V_1496,2.683333333333333
SHIP_V_1788,sdv-id-bOYNQU,Industrial Chemicals,723,50.0,812,SHIP_V_1788,13.46
SHIP_V_1507,sdv-id-SuRVTh,Industrial Chemicals,1493,50.0,1521,SHIP_V_1507,28.86
SHIP_V_1961,sdv-id-HEGoUg,Solar Panels,1194,120.0,467,SHIP_V_1961,8.95
SHIP_V_1521,sdv-id-MfJtXw,Smartphones,1728,300.0,437,SHIP_V_1521,4.76
SHIP_V_1834,sdv-id-SNSmKA,Raw Jute,570,5.0,731,SHIP_V_1834,113.0
SHIP_V_1039,sdv-id-jbmiuV,Industrial Chemicals,505,50.0,679,SHIP_V_1039,9.1
SHIP_V_1602,sdv-id-IKaILh,Ready-made Garments,438,8.5,1657,SHIP_V_1602,50.52941176470589
SHIP_V_1230,sdv-id-gUCYZf,Ready-made Garments,424,8.5,1271,SHIP_V_1230,48.88235294117647
SHIP_V_1664,sdv-id-bQxjwg,Smartphones,401,300.0,1995,SHIP_V_1664,0.3366666666666666
SHIP_V_1102,sdv-id-IWfbte,Raw Jute,326,5.0,275,SHIP_V_1102,64.2
SHIP_V_1009,sdv-id-UNNGZk,Industrial Chemicals,174,50.0,1605,SHIP_V_1009,2.48
SHIP_V_1141,sdv-id-FguCRD,Solar Panels,204,120.0,1119,SHIP_V_1141,0.7
SHIP_V_1351,sdv-id-fFlPYt,Smartphones,1294,300.0,820,SHIP_V_1351,3.3133333333333335
SHIP_V_1812,sdv-id-mXjApf,Solar Panels,1480,120.0,1269,SHIP_V_1812,11.333333333333334
SHIP_V_1184,sdv-id-mDDAeA,Solar Panels,1066,120.0,373,SHIP_V_1184,7.883333333333334
SHIP_V_1451,sdv-id-AoiiJR,Raw Jute,1521,5.0,1273,SHIP_V_1451,303.2
SHIP_V_1423,sdv-id-lKZULJ,Solar Panels,373,120.0,1593,SHIP_V_1423,2.1083333333333334
SHIP_V_1204,sdv-id-dYtjkV,Industrial Chemicals,1158,50.0,209,SHIP_V_1204,22.16
SHIP_V_1665,sdv-id-NsrLmz,Ready-made Garments,471,8.5,769,SHIP_V_1665,54.411764705882355
SHIP_V_1454,sdv-id-WBPRxU,Industrial Chemicals,1465,50.0,1228,SHIP_V_1454,28.3
SHIP_V_1349,sdv-id-KanVcp,Smartphones,557,300.0,1781,SHIP_V_1349,0.8566666666666667
SHIP_V_1206,sdv-id-lDYnkD,Smartphones,50,300.0,1616,SHIP_V_1206,-0.8333333333333334
SHIP_V_1874,sdv-id-fcHGdy,Raw Jute,579,5.0,358,SHIP_V_1874,114.8
SHIP_V_1142,sdv-id-LNJHnT,Solar Panels,450,120.0,647,SHIP_V_1142,2.75
SHIP_V_1775,sdv-id-XkJTZt,Solar Panels,64,120.0,1532,SHIP_V_1775,-0.4666666666666667
SHIP_V_1039,sdv-id-DVWnCF,Solar Panels,750,120.0,517,SHIP_V_1039,5.25
SHIP_V_1168,sdv-id-XieVXV,Solar Panels,16,120.0,1757,SHIP_V_1168,-0.8666666666666667
SHIP_V_1068,sdv-id-MOuHZR,Solar Panels,243,120.0,1639,SHIP_V_1068,1.025
SHIP_V_1631,sdv-id-ixDEMV,Raw Jute,383,5.0,1615,SHIP_V_1631,75.6
SHIP_V_1614,sdv-id-fXsAHp,Ready-made Garments,744,8.5,1553,SHIP_V_1614,86.52941176470588
SHIP_V_1861,sdv-id-iGTneq,Ready-made Garments,823,8.5,880,SHIP_V_1861,95.82352941176472
SHIP_V_1301,sdv-id-koYpiJ,Industrial Chemicals,1586,50.0,203,SHIP_V_1301,30.72
SHIP_V_1200,sdv-id-derjrK,Smartphones,860,300.0,1072,SHIP_V_1200,1.8666666666666667
SHIP_V_1064,sdv-id-KbyhIm,Solar Panels,118,120.0,1775,SHIP_V_1064,-0.0166666666666666
SHIP_V_1007,sdv-id-fWpQKk,Raw Jute,302,5.0,1012,SHIP_V_1007,59.4
SHIP_V_1417,sdv-id-FsQZUP,Solar Panels,665,120.0,834,SHIP_V_1417,4.541666666666667
SHIP_V_1902,sdv-id-SugDVm,Raw Jute,20,5.0,1173,SHIP_V_1902,3.0
SHIP_V_1577,sdv-id-JMGIjo,Ready-made Garments,93,8.5,1864,SHIP_V_1577,9.941176470588236
SHIP_V_1967,sdv-id-KOSFDS,Smartphones,398,300.0,854,SHIP_V_1967,0.3266666666666666
SHIP_V_1179,sdv-id-BytXPf,Raw Jute,89,5.0,527,SHIP_V_1179,16.8
SHIP_V_1886,sdv-id-fTNPHB,Smartphones,1036,300.0,669,SHIP_V_1886,2.453333333333333
SHIP_V_1767,sdv-id-hPkqSv,Industrial Chemicals,88,50.0,1302,SHIP_V_1767,0.76
SHIP_V_1678,sdv-id-oaPYbo,Raw Jute,710,5.0,988,SHIP_V_1678,141.0
SHIP_V_1207,sdv-id-GqyNqD,Ready-made Garments,163,8.5,1634,SHIP_V_1207,18.176470588235293
SHIP_V_1397,sdv-id-EaIKPF,Ready-made Garments,52,8.5,922,SHIP_V_1397,5.117647058823529
SHIP_V_1121,sdv-id-texfGB,Raw Jute,1126,5.0,611,SHIP_V_1121,224.2
SHIP_V_1648,sdv-id-rucZMa,Solar Panels,581,120.0,1606,SHIP_V_1648,3.841666666666667
SHIP_V_1338,sdv-id-AcBImr,Industrial Chemicals,37,50.0,633,SHIP_V_1338,-0.26
SHIP_V_1378,sdv-id-cQSzAH,Industrial Chemicals,767,50.0,452,SHIP_V_1378,14.34
SHIP_V_1729,sdv-id-xOBFPd,Solar Panels,482,120.0,1608,SHIP_V_1729,3.0166666666666666
SHIP_V_1821,sdv-id-OAtKHj,Raw Jute,1313,5.0,1800,SHIP_V_1821,261.6
SHIP_V_1801,sdv-id-OQGWlY,Solar Panels,482,120.0,1975,SHIP_V_1801,3.0166666666666666
SHIP_V_1504,sdv-id-JHMQMY,Solar Panels,278,120.0,456,SHIP_V_1504,1.3166666666666669
SHIP_V_1965,sdv-id-rsCHyM,Raw Jute,2081,5.0,644,SHIP_V_1965,415.2
SHIP_V_1437,sdv-id-QfiOFm,Raw Jute,141,5.0,1231,SHIP_V_1437,27.2
SHIP_V_1407,sdv-id-CRQiXm,Smartphones,1628,300.0,1901,SHIP_V_1407,4.426666666666667
SHIP_V_1635,sdv-id-ttarrN,Solar Panels,752,120.0,1059,SHIP_V_1635,5.266666666666667
SHIP_V_1463,sdv-id-APPtsX,Ready-made Garments,1146,8.5,1267,SHIP_V_1463,133.8235294117647
SHIP_V_1404,sdv-id-OyBUtz,Smartphones,629,300.0,1030,SHIP_V_1404,1.096666666666667
SHIP_V_1280,sdv-id-agvleK,Smartphones,120,300.0,1301,SHIP_V_1280,-0.6
SHIP_V_1962,sdv-id-XjrpuG,Raw Jute,197,5.0,1370,SHIP_V_1962,38.4
SHIP_V_1072,sdv-id-PIjPAP,Smartphones,866,300.0,1389,SHIP_V_1072,1.8866666666666667
SHIP_V_1542,sdv-id-zIrjbY,Industrial Chemicals,1350,50.0,579,SHIP_V_1542,26.0
SHIP_V_1555,sdv-id-sfyMQJ,Raw Jute,1375,5.0,1477,SHIP_V_1555,274.0
SHIP_V_1121,sdv-id-JwEJTb,Smartphones,1661,300.0,185,SHIP_V_1121,4.536666666666667
SHIP_V_1132,sdv-id-vFHPHG,Smartphones,730,300.0,1413,SHIP_V_1132,1.4333333333333331
SHIP_V_1341,sdv-id-DIFtfD,Industrial Chemicals,461,50.0,535,SHIP_V_1341,8.22
SHIP_V_1468,sdv-id-vphPgs,Smartphones,110,300.0,876,SHIP_V_1468,-0.6333333333333333
SHIP_V_1439,sdv-id-HGDkfE,Raw Jute,862,5.0,1802,SHIP_V_1439,171.4
SHIP_V_1894,sdv-id-EoPcQj,Ready-made Garments,1746,8.5,341,SHIP_V_1894,204.41176470588235
SHIP_V_1790,sdv-id-CfALfT,Smartphones,416,300.0,1321,SHIP_V_1790,0.3866666666666666
SHIP_V_1497,sdv-id-ObWfAn,Solar Panels,1,120.0,1069,SHIP_V_1497,-0.9916666666666668
SHIP_V_1606,sdv-id-PXbKDZ,Raw Jute,2274,5.0,291,SHIP_V_1606,453.8
SHIP_V_1253,sdv-id-vwhiSC,Solar Panels,80,120.0,1797,SHIP_V_1253,-0.3333333333333333
SHIP_V_1849,sdv-id-WRAhGB,Raw Jute,1567,5.0,343,SHIP_V_1849,312.4
SHIP_V_1082,sdv-id-zZEjLB,Industrial Chemicals,291,50.0,1228,SHIP_V_1082,4.82
SHIP_V_1685,sdv-id-AFCEwj,Ready-made Garments,538,8.5,1504,SHIP_V_1685,62.294117647058826
SHIP_V_1136,sdv-id-ONZQPR,Industrial Chemicals,298,50.0,1600,SHIP_V_1136,4.96
SHIP_V_1468,sdv-id-PrBWgv,Solar Panels,383,120.0,1136,SHIP_V_1468,2.191666666666667
SHIP_V_1336,sdv-id-PAgtxJ,Smartphones,550,300.0,486,SHIP_V_1336,0.8333333333333334
SHIP_V_1556,sdv-id-cphKSA,Solar Panels,253,120.0,1312,SHIP_V_1556,1.1083333333333334
SHIP_V_1640,sdv-id-vvJzWg,Industrial Chemicals,1087,50.0,1319,SHIP_V_1640,20.74
SHIP_V_1366,sdv-id-QhZmQz,Solar Panels,763,120.0,1619,SHIP_V_1366,5.358333333333333
SHIP_V_1309,sdv-id-tPLguq,Raw Jute,543,5.0,1223,SHIP_V_1309,107.6
SHIP_V_1397,sdv-id-fzweoC,Smartphones,850,300.0,212,SHIP_V_1397,1.8333333333333333
SHIP_V_1803,sdv-id-iWtfRU,Solar Panels,716,120.0,1033,SHIP_V_1803,4.966666666666667
SHIP_V_1264,sdv-id-UvcoCb,Raw Jute,1328,5.0,148,SHIP_V_1264,264.6
SHIP_V_1358,sdv-id-CsFPmU,Raw Jute,251,5.0,894,SHIP_V_1358,49.2
SHIP_V_1136,sdv-id-tBCSLD,Solar Panels,662,120.0,671,SHIP_V_1136,4.516666666666667
SHIP_V_1240,sdv-id-ZKEZGX,Solar Panels,777,120.0,1680,SHIP_V_1240,5.475
SHIP_V_1698,sdv-id-bvWhXi,Industrial Chemicals,278,50.0,640,SHIP_V_1698,4.56
SHIP_V_1694,sdv-id-BINbQU,Industrial Chemicals,341,50.0,1120,SHIP_V_1694,5.82
SHIP_V_1554,sdv-id-INnLnD,Raw Jute,166,5.0,1023,SHIP_V_1554,32.2
SHIP_V_1138,sdv-id-YIgcTX,Industrial Chemicals,538,50.0,1842,SHIP_V_1138,9.76
SHIP_V_1886,sdv-id-uxWdSx,Industrial Chemicals,2328,50.0,1313,SHIP_V_1886,45.56
SHIP_V_1590,sdv-id-KjBvHs,Raw Jute,924,5.0,526,SHIP_V_1590,183.8
SHIP_V_1570,sdv-id-ndzcHt,Ready-made Garments,148,8.5,934,SHIP_V_1570,16.41176470588235
SHIP_V_1552,sdv-id-yQKHBs,Raw Jute,318,5.0,705,SHIP_V_1552,62.6
SHIP_V_1474,sdv-id-DeCZOX,Ready-made Garments,299,8.5,1534,SHIP_V_1474,34.1764705882353
SHIP_V_1302,sdv-id-xYFlhw,Raw Jute,800,5.0,732,SHIP_V_1302,159.0
SHIP_V_1353,sdv-id-FXhGtY,Smartphones,1276,300.0,1226,SHIP_V_1353,3.2533333333333334
SHIP_V_1066,sdv-id-hpsmpd,Smartphones,282,300.0,255,SHIP_V_1066,-0.06
SHIP_V_1390,sdv-id-ioLCYg,Ready-made Garments,1291,8.5,1344,SHIP_V_1390,150.88235294117646
SHIP_V_1247,sdv-id-CfQMFt,Ready-made Garments,232,8.5,692,SHIP_V_1247,26.294117647058822
SHIP_V_1010,sdv-id-eYQvwN,Solar Panels,567,120.0,490,SHIP_V_1010,3.725
SHIP_V_1758,sdv-id-RkxEhz,Industrial Chemicals,774,50.0,1530,SHIP_V_1758,14.48
SHIP_V_1334,sdv-id-APlxSK,Smartphones,412,300.0,309,SHIP_V_1334,0.3733333333333333
SHIP_V_1215,sdv-id-vYPtpE,Raw Jute,451,5.0,1500,SHIP_V_1215,89.2
SHIP_V_1919,sdv-id-trUMEU,Smartphones,345,300.0,164,SHIP_V_1919,0.15
SHIP_V_1780,sdv-id-DEOWCd,Ready-made Garments,2889,8.5,831,SHIP_V_1780,338.88235294117646
SHIP_V_1844,sdv-id-eFBOFj,Ready-made Garments,272,8.5,1317,SHIP_V_1844,31.0
SHIP_V_1567,sdv-id-eblGOf,Smartphones,1587,300.0,1962,SHIP_V_1567,4.29
SHIP_V_1433,sdv-id-HwDHrE,Industrial Chemicals,446,50.0,1697,SHIP_V_1433,7.92
SHIP_V_1248,sdv-id-eTnodB,Solar Panels,1148,120.0,1257,SHIP_V_1248,8.566666666666666
SHIP_V_1462,sdv-id-IjBHMu,Ready-made Garments,210,8.5,1298,SHIP_V_1462,23.705882352941178
SHIP_V_1930,sdv-id-rxpxRD,Industrial Chemicals,727,50.0,1055,SHIP_V_1930,13.54
SHIP_V_1985,sdv-id-PDTHOC,Industrial Chemicals,48,50.0,414,SHIP_V_1985,-0.04
SHIP_V_1678,sdv-id-KjvAJg,Ready-made Garments,514,8.5,1453,SHIP_V_1678,59.47058823529411
SHIP_V_1219,sdv-id-uhKuWA,Ready-made Garments,1420,8.5,1575,SHIP_V_1219,166.05882352941177
SHIP_V_1952,sdv-id-KLTPPi,Industrial Chemicals,431,50.0,1500,SHIP_V_1952,7.62
SHIP_V_1490,sdv-id-ZIPglz,Industrial Chemicals,88,50.0,1319,SHIP_V_1490,0.76
SHIP_V_1253,sdv-id-QdoBQU,Smartphones,226,300.0,676,SHIP_V_1253,-0.2466666666666666
SHIP_V_1617,sdv-id-ohMNwX,Smartphones,2368,300.0,715,SHIP_V_1617,6.8933333333333335
SHIP_V_1492,sdv-id-VdbIpO,Smartphones,974,300.0,1493,SHIP_V_1492,2.2466666666666666
SHIP_V_1245,sdv-id-oeVPFR,Industrial Chemicals,2658,50.0,422,SHIP_V_1245,52.16
SHIP_V_1830,sdv-id-cExGBP,Smartphones,223,300.0,1894,SHIP_V_1830,-0.2566666666666666
SHIP_V_1370,sdv-id-GFOHsc,Industrial Chemicals,1330,50.0,593,SHIP_V_1370,25.6
SHIP_V_1104,sdv-id-bFUuOP,Ready-made Garments,929,8.5,1270,SHIP_V_1104,108.29411764705884
SHIP_V_1456,sdv-id-VFFCHS,Raw Jute,211,5.0,1100,SHIP_V_1456,41.2
SHIP_V_1218,sdv-id-tZlrdB,Smartphones,358,300.0,1370,SHIP_V_1218,0.1933333333333333
SHIP_V_1616,sdv-id-gcjjNO,Smartphones,1408,300.0,1793,SHIP_V_1616,3.693333333333334
SHIP_V_1136,sdv-id-WYesNg,Smartphones,1688,300.0,1893,SHIP_V_1136,4.626666666666667
SHIP_V_1112,sdv-id-zoIyhU,Smartphones,613,300.0,1743,SHIP_V_1112,1.0433333333333332
SHIP_V_1119,sdv-id-NyFqvs,Ready-made Garments,29,8.5,1748,SHIP_V_1119,2.411764705882353
SHIP_V_1547,sdv-id-bIVhTl,Solar Panels,136,120.0,1342,SHIP_V_1547,0.1333333333333333
SHIP_V_1099,sdv-id-UPzrXG,Smartphones,744,300.0,1143,SHIP_V_1099,1.48
SHIP_V_1501,sdv-id-psTWrP,Raw Jute,894,5.0,1810,SHIP_V_1501,177.8
SHIP_V_1081,sdv-id-EdDRMt,Smartphones,494,300.0,822,SHIP_V_1081,0.6466666666666666
SHIP_V_1316,sdv-id-QeoFgm,Ready-made Garments,231,8.5,1130,SHIP_V_1316,26.176470588235293
SHIP_V_1694,sdv-id-dbaYxK,Smartphones,1077,300.0,1723,SHIP_V_1694,2.59
SHIP_V_1356,sdv-id-dheFew,Raw Jute,13,5.0,1677,SHIP_V_1356,1.6
SHIP_V_1582,sdv-id-Qfgash,Smartphones,228,300.0,1556,SHIP_V_1582,-0.24
SHIP_V_1435,sdv-id-ckFJAk,Industrial Chemicals,952,50.0,808,SHIP_V_1435,18.04
SHIP_V_1143,sdv-id-GaPDQY,Ready-made Garments,338,8.5,1903,SHIP_V_1143,38.76470588235294
SHIP_V_1439,sdv-id-pogoyi,Smartphones,51,300.0,946,SHIP_V_1439,-0.83
SHIP_V_1830,sdv-id-ZARLVx,Ready-made Garments,146,8.5,1030,SHIP_V_1830,16.176470588235293
SHIP_V_1839,sdv-id-eKhydx,Smartphones,1688,300.0,908,SHIP_V_1839,4.626666666666667
SHIP_V_1853,sdv-id-HfWoaL,Industrial Chemicals,885,50.0,1993,SHIP_V_1853,16.7
SHIP_V_1615,sdv-id-tkjdnc,Ready-made Garments,667,8.5,610,SHIP_V_1615,77.47058823529412
SHIP_V_1030,sdv-id-fPVYae,Smartphones,291,300.0,484,SHIP_V_1030,-0.03
SHIP_V_1207,sdv-id-ZjLgnT,Smartphones,246,300.0,699,SHIP_V_1207,-0.18
SHIP_V_1175,sdv-id-CYxxcP,Smartphones,1344,300.0,1518,SHIP_V_1175,3.48
SHIP_V_1540,sdv-id-SzSLIx,Solar Panels,986,120.0,1822,SHIP_V_1540,7.216666666666667
SHIP_V_1602,sdv-id-uxHfup,Smartphones,1110,300.0,983,SHIP_V_1602,2.7
SHIP_V_1998,sdv-id-sBHsbR,Industrial Chemicals,1271,50.0,1081,SHIP_V_1998,24.42
SHIP_V_1526,sdv-id-taqPkD,Industrial Chemicals,1181,50.0,995,SHIP_V_1526,22.62
SHIP_V_1097,sdv-id-HJLKyD,Ready-made Garments,723,8.5,1364,SHIP_V_1097,84.05882352941177
SHIP_V_1351,sdv-id-JpICZP,Industrial Chemicals,1142,50.0,1056,SHIP_V_1351,21.84
SHIP_V_1859,sdv-id-fwzYkK,Smartphones,1014,300.0,1340,SHIP_V_1859,2.38
SHIP_V_1248,sdv-id-APcgJJ,Industrial Chemicals,637,50.0,1393,SHIP_V_1248,11.74
SHIP_V_1237,sdv-id-CfYnKi,Ready-made Garments,1280,8.5,881,SHIP_V_1237,149.58823529411765
SHIP_V_1732,sdv-id-wtRhyq,Ready-made Garments,883,8.5,1710,SHIP_V_1732,102.88235294117646
SHIP_V_1806,sdv-id-HoqQzm,Smartphones,1701,300.0,768,SHIP_V_1806,4.67
SHIP_V_1412,sdv-id-dBFarZ,Industrial Chemicals,1087,50.0,1153,SHIP_V_1412,20.74
SHIP_V_1757,sdv-id-LmCRQZ,Solar Panels,2318,120.0,1108,SHIP_V_1757,18.316666666666663
SHIP_V_1856,sdv-id-SfIZti,Smartphones,637,300.0,1465,SHIP_V_1856,1.1233333333333333
SHIP_V_1793,sdv-id-HtNXxF,Industrial Chemicals,441,50.0,1019,SHIP_V_1793,7.82
SHIP_V_1301,sdv-id-UQxhjo,Solar Panels,562,120.0,1383,SHIP_V_1301,3.683333333333333
SHIP_V_1234,sdv-id-eMGcjj,Industrial Chemicals,700,50.0,1611,SHIP_V_1234,13.0
SHIP_V_1517,sdv-id-KKdnGn,Ready-made Garments,385,8.5,1815,SHIP_V_1517,44.294117647058826
SHIP_V_1530,sdv-id-RabIbb,Industrial Chemicals,1805,50.0,1138,SHIP_V_1530,35.1
SHIP_V_1855,sdv-id-MqnUcv,Solar Panels,580,120.0,1368,SHIP_V_1855,3.8333333333333335
SHIP_V_1920,sdv-id-qwyYZi,Raw Jute,1499,5.0,1591,SHIP_V_1920,298.8
SHIP_V_1628,sdv-id-lLbwMa,Smartphones,133,300.0,1588,SHIP_V_1628,-0.5566666666666666
SHIP_V_1434,sdv-id-nQGCYq,Raw Jute,2270,5.0,1739,SHIP_V_1434,453.0
SHIP_V_1266,sdv-id-wvZxtM,Smartphones,1429,300.0,1041,SHIP_V_1266,3.763333333333333
SHIP_V_1372,sdv-id-iFYPPt,Raw Jute,1042,5.0,1288,SHIP_V_1372,207.4
SHIP_V_1419,sdv-id-TiqZvL,Smartphones,309,300.0,1855,SHIP_V_1419,0.03
SHIP_V_1003,sdv-id-agleAO,Raw Jute,1004,5.0,1537,SHIP_V_1003,199.8
SHIP_V_1387,sdv-id-rKRSgp,Raw Jute,1517,5.0,1290,SHIP_V_1387,302.4
SHIP_V_1963,sdv-id-KGHZYp,Smartphones,1411,300.0,1657,SHIP_V_1963,3.703333333333333
SHIP_V_1468,sdv-id-kQYwvM,Smartphones,1764,300.0,554,SHIP_V_1468,4.88
SHIP_V_1854,sdv-id-YKwliD,Smartphones,104,300.0,1367,SHIP_V_1854,-0.6533333333333333
SHIP_V_1916,sdv-id-QlyyZY,Smartphones,107,300.0,302,SHIP_V_1916,-0.6433333333333333
SHIP_V_1070,sdv-id-LewqmL,Smartphones,205,300.0,1104,SHIP_V_1070,-0.3166666666666666
SHIP_V_1040,sdv-id-aIpaZg,Smartphones,91,300.0,325,SHIP_V_1040,-0.6966666666666667
SHIP_V_1400,sdv-id-yZYBAi,Raw Jute,259,5.0,1121,SHIP_V_1400,50.8
SHIP_V_1755,sdv-id-cQieUk,Smartphones,459,300.0,1072,SHIP_V_1755,0.53
SHIP_V_1286,sdv-id-Pphhkc,Ready-made Garments,592,8.5,904,SHIP_V_1286,68.6470588235294
SHIP_V_1056,sdv-id-GuQOpD,Smartphones,292,300.0,146,SHIP_V_1056,-0.0266666666666666
SHIP_V_1779,sdv-id-DWPaKj,Industrial Chemicals,887,50.0,832,SHIP_V_1779,16.74
SHIP_V_1157,sdv-id-QuJdQV,Ready-made Garments,470,8.5,908,SHIP_V_1157,54.294117647058826
SHIP_V_1710,sdv-id-BbhjCN,Industrial Chemicals,315,50.0,256,SHIP_V_1710,5.3
SHIP_V_1026,sdv-id-IWwUqP,Ready-made Garments,16,8.5,1399,SHIP_V_1026,0.8823529411764706
SHIP_V_1504,sdv-id-LspGMi,Raw Jute,1560,5.0,624,SHIP_V_1504,311.0
SHIP_V_1623,sdv-id-LecTrP,Raw Jute,250,5.0,345,SHIP_V_1623,49.0
SHIP_V_1406,sdv-id-RAxvUi,Industrial Chemicals,1030,50.0,231,SHIP_V_1406,19.6
SHIP_V_1616,sdv-id-AyVslm,Ready-made Garments,291,8.5,312,SHIP_V_1616,33.23529411764706
SHIP_V_1190,sdv-id-OtRqbX,Raw Jute,140,5.0,486,SHIP_V_1190,27.0
SHIP_V_1567,sdv-id-RNfOyA,Solar Panels,61,120.0,1100,SHIP_V_1567,-0.4916666666666666
SHIP_V_1692,sdv-id-VLeGnp,Industrial Chemicals,362,50.0,1850,SHIP_V_1692,6.24
SHIP_V_1619,sdv-id-ymuheO,Raw Jute,692,5.0,608,SHIP_V_1619,137.4
SHIP_V_1281,sdv-id-HgqSez,Raw Jute,352,5.0,1371,SHIP_V_1281,69.4
SHIP_V_1128,sdv-id-KNsgmJ,Solar Panels,576,120.0,894,SHIP_V_1128,3.8
SHIP_V_1218,sdv-id-lbUtNd,Ready-made Garments,1121,8.5,1553,SHIP_V_1218,130.88235294117646
SHIP_V_1918,sdv-id-PUcgds,Smartphones,115,300.0,1472,SHIP_V_1918,-0.6166666666666667
SHIP_V_1144,sdv-id-KfPCVI,Ready-made Garments,427,8.5,1464,SHIP_V_1144,49.23529411764706
SHIP_V_1276,sdv-id-WAxMBz,Industrial Chemicals,176,50.0,1315,SHIP_V_1276,2.52
SHIP_V_1097,sdv-id-ZbNxwQ,Solar Panels,669,120.0,1245,SHIP_V_1097,4.575
SHIP_V_1006,sdv-id-moCfON,Solar Panels,10,120.0,718,SHIP_V_1006,-0.9166666666666666
SHIP_V_1257,sdv-id-HDFLuw,Smartphones,1304,300.0,1126,SHIP_V_1257,3.3466666666666667
SHIP_V_1124,sdv-id-VMlkPH,Industrial Chemicals,856,50.0,103,SHIP_V_1124,16.12
SHIP_V_1714,sdv-id-eqxWjz,Solar Panels,609,120.0,1084,SHIP_V_1714,4.075
SHIP_V_1831,sdv-id-nLENYR,Smartphones,124,300.0,483,SHIP_V_1831,-0.5866666666666667
SHIP_V_1421,sdv-id-KrPFmF,Solar Panels,260,120.0,1323,SHIP_V_1421,1.1666666666666667
SHIP_V_1277,sdv-id-UBMTOg,Ready-made Garments,1272,8.5,927,SHIP_V_1277,148.64705882352942
SHIP_V_1015,sdv-id-OChJmp,Raw Jute,320,5.0,366,SHIP_V_1015,63.0
SHIP_V_1134,sdv-id-GezUfd,Raw Jute,366,5.0,293,SHIP_V_1134,72.2
SHIP_V_1794,sdv-id-LiqJQI,Solar Panels,127,120.0,568,SHIP_V_1794,0.0583333333333333
SHIP_V_1455,sdv-id-gFnBiH,Ready-made Garments,788,8.5,192,SHIP_V_1455,91.70588235294116
SHIP_V_1211,sdv-id-SVasIm,Ready-made Garments,220,8.5,1517,SHIP_V_1211,24.88235294117647
SHIP_V_1076,sdv-id-oTxXez,Solar Panels,213,120.0,1899,SHIP_V_1076,0.775
SHIP_V_1178,sdv-id-MdAlsB,Industrial Chemicals,1106,50.0,184,SHIP_V_1178,21.12
SHIP_V_1950,sdv-id-pfZmiX,Ready-made Garments,802,8.5,1640,SHIP_V_1950,93.3529411764706
SHIP_V_1318,sdv-id-LQNWqT,Solar Panels,738,120.0,1761,SHIP_V_1318,5.15
SHIP_V_1063,sdv-id-ACdYxO,Ready-made Garments,835,8.5,1426,SHIP_V_1063,97.23529411764706
SHIP_V_1023,sdv-id-JoYbaD,Industrial Chemicals,228,50.0,220,SHIP_V_1023,3.56
SHIP_V_1565,sdv-id-zBDJin,Ready-made Garments,605,8.5,686,SHIP_V_1565,70.17647058823529
SHIP_V_1103,sdv-id-ROVCZq,Solar Panels,476,120.0,829,SHIP_V_1103,2.966666666666667
SHIP_V_1720,sdv-id-PSnrDi,Raw Jute,664,5.0,1951,SHIP_V_1720,131.8
SHIP_V_1281,sdv-id-aBqRhx,Smartphones,1077,300.0,865,SHIP_V_1281,2.59
SHIP_V_1815,sdv-id-yyTVpv,Smartphones,147,300.0,1948,SHIP_V_1815,-0.51
SHIP_V_1345,sdv-id-kALdeK,Ready-made Garments,1622,8.5,624,SHIP_V_1345,189.8235294117647
SHIP_V_1834,sdv-id-GjqYas,Industrial Chemicals,1015,50.0,1037,SHIP_V_1834,19.3
SHIP_V_1575,sdv-id-lIlFLQ,Smartphones,831,300.0,198,SHIP_V_1575,1.77
SHIP_V_1668,sdv-id-hqaSnr,Industrial Chemicals,1832,50.0,1978,SHIP_V_1668,35.64
SHIP_V_1530,sdv-id-eSPPyg,Smartphones,869,300.0,449,SHIP_V_1530,1.8966666666666667
SHIP_V_1616,sdv-id-TFlIrY,Industrial Chemicals,684,50.0,1446,SHIP_V_1616,12.68
SHIP_V_1776,sdv-id-JTYdwS,Solar Panels,86,120.0,1831,SHIP_V_1776,-0.2833333333333333
SHIP_V_1686,sdv-id-QkmuaD,Ready-made Garments,598,8.5,1794,SHIP_V_1686,69.3529411764706
SHIP_V_1664,sdv-id-kKTlNb,Solar Panels,57,120.0,1013,SHIP_V_1664,-0.525
SHIP_V_1571,sdv-id-WPqWDs,Smartphones,659,300.0,708,SHIP_V_1571,1.1966666666666668
SHIP_V_1367,sdv-id-alDEiy,Industrial Chemicals,382,50.0,561,SHIP_V_1367,6.64
SHIP_V_1900,sdv-id-fuqTPx,Ready-made Garments,203,8.5,1719,SHIP_V_1900,22.88235294117647
SHIP_V_1205,sdv-id-QcVqpv,Solar Panels,1726,120.0,1212,SHIP_V_1205,13.383333333333333
SHIP_V_1804,sdv-id-rquRPQ,Raw Jute,1031,5.0,1831,SHIP_V_1804,205.2
SHIP_V_1047,sdv-id-RMtZKQ,Raw Jute,1788,5.0,1219,SHIP_V_1047,356.6
SHIP_V_1892,sdv-id-xQnYtH,Raw Jute,596,5.0,1431,SHIP_V_1892,118.2
SHIP_V_1206,sdv-id-KuvxpA,Smartphones,85,300.0,1916,SHIP_V_1206,-0.7166666666666667
SHIP_V_1764,sdv-id-sjuetA,Solar Panels,814,120.0,428,SHIP_V_1764,5.783333333333333
SHIP_V_1358,sdv-id-QnqXlm,Ready-made Garments,537,8.5,361,SHIP_V_1358,62.1764705882353
SHIP_V_1726,sdv-id-aCdvzy,Solar Panels,409,120.0,1241,SHIP_V_1726,2.408333333333333
SHIP_V_1148,sdv-id-LhHwYU,Raw Jute,134,5.0,839,SHIP_V_1148,25.8
SHIP_V_1852,sdv-id-xZvcxw,Raw Jute,1065,5.0,1446,SHIP_V_1852,212.0
SHIP_V_1523,sdv-id-pGRJJf,Ready-made Garments,275,8.5,457,SHIP_V_1523,31.352941176470587
SHIP_V_1989,sdv-id-qFEabd,Smartphones,366,300.0,157,SHIP_V_1989,0.22
SHIP_V_1658,sdv-id-jOmsxR,Ready-made Garments,14,8.5,1117,SHIP_V_1658,0.6470588235294118
SHIP_V_1407,sdv-id-grLgcA,Ready-made Garments,1925,8.5,918,SHIP_V_1407,225.47058823529412
SHIP_V_1020,sdv-id-MdPVKI,Smartphones,2798,300.0,804,SHIP_V_1020,8.326666666666666
SHIP_V_1496,sdv-id-atopxz,Ready-made Garments,474,8.5,117,SHIP_V_1496,54.76470588235294
SHIP_V_1933,sdv-id-dkiRMq,Industrial Chemicals,955,50.0,1247,SHIP_V_1933,18.1
SHIP_V_1395,sdv-id-oHwKLO,Smartphones,14,300.0,667,SHIP_V_1395,-0.9533333333333334
SHIP_V_1613,sdv-id-ahTmbz,Solar Panels,824,120.0,1106,SHIP_V_1613,5.866666666666666
SHIP_V_1662,sdv-id-WMdvDj,Industrial Chemicals,86,50.0,1687,SHIP_V_1662,0.72
SHIP_V_1604,sdv-id-ghIdKp,Smartphones,329,300.0,295,SHIP_V_1604,0.0966666666666666
SHIP_V_1489,sdv-id-gOQYuX,Ready-made Garments,79,8.5,444,SHIP_V_1489,8.294117647058824
SHIP_V_1401,sdv-id-wGlYIi,Raw Jute,1967,5.0,1155,SHIP_V_1401,392.4
SHIP_V_1416,sdv-id-MnxTyk,Smartphones,234,300.0,815,SHIP_V_1416,-0.22
SHIP_V_1050,sdv-id-nORtqV,Solar Panels,137,120.0,619,SHIP_V_1050,0.1416666666666666
SHIP_V_1501,sdv-id-ygmBXf,Ready-made Garments,904,8.5,1735,SHIP_V_1501,105.3529411764706
SHIP_V_1817,sdv-id-ikuACe,Ready-made Garments,701,8.5,1191,SHIP_V_1817,81.47058823529412
SHIP_V_1959,sdv-id-NmYxln,Ready-made Garments,1276,8.5,1978,SHIP_V_1959,149.11764705882354
SHIP_V_1319,sdv-id-nKxHOq,Ready-made Garments,978,8.5,1958,SHIP_V_1319,114.05882352941175
SHIP_V_1527,sdv-id-hicjGC,Raw Jute,624,5.0,343,SHIP_V_1527,123.8
SHIP_V_1200,sdv-id-yJbofJ,Industrial Chemicals,940,50.0,367,SHIP_V_1200,17.8
SHIP_V_1974,sdv-id-yVGeZi,Ready-made Garments,38,8.5,882,SHIP_V_1974,3.4705882352941178
SHIP_V_1259,sdv-id-XcBEek,Raw Jute,10,5.0,1547,SHIP_V_1259,1.0
SHIP_V_1412,sdv-id-WNPpvz,Smartphones,242,300.0,928,SHIP_V_1412,-0.1933333333333333
SHIP_V_1549,sdv-id-rSnDfF,Industrial Chemicals,525,50.0,835,SHIP_V_1549,9.5
SHIP_V_1847,sdv-id-PtYWpe,Industrial Chemicals,528,50.0,398,SHIP_V_1847,9.56
SHIP_V_1175,sdv-id-FcteiM,Raw Jute,1750,5.0,1695,SHIP_V_1175,349.0
SHIP_V_1696,sdv-id-epPgsc,Solar Panels,583,120.0,1463,SHIP_V_1696,3.8583333333333334
SHIP_V_1324,sdv-id-ZwgVLb,Industrial Chemicals,305,50.0,1415,SHIP_V_1324,5.1
SHIP_V_1740,sdv-id-LOuElA,Solar Panels,1069,120.0,1827,SHIP_V_1740,7.908333333333333
SHIP_V_1579,sdv-id-ggxcOv,Industrial Chemicals,1049,50.0,738,SHIP_V_1579,19.98
SHIP_V_1739,sdv-id-dpGPAU,Smartphones,861,300.0,977,SHIP_V_1739,1.87
SHIP_V_1002,sdv-id-VfEcUv,Industrial Chemicals,464,50.0,599,SHIP_V_1002,8.28
SHIP_V_1948,sdv-id-GnvRqu,Raw Jute,282,5.0,1186,SHIP_V_1948,55.4
SHIP_V_1945,sdv-id-WiZJtg,Ready-made Garments,210,8.5,948,SHIP_V_1945,23.705882352941178
SHIP_V_1846,sdv-id-ZiPUwT,Raw Jute,1296,5.0,1538,SHIP_V_1846,258.2
SHIP_V_1844,sdv-id-DQujSY,Ready-made Garments,113,8.5,1775,SHIP_V_1844,12.294117647058824
SHIP_V_1198,sdv-id-zdWMKx,Raw Jute,2513,5.0,408,SHIP_V_1198,501.6
SHIP_V_1170,sdv-id-HgncIu,Ready-made Garments,1101,8.5,160,SHIP_V_1170,128.52941176470588
SHIP_V_1581,sdv-id-gRKJEd,Solar Panels,1675,120.0,791,SHIP_V_1581,12.958333333333334
SHIP_V_1831,sdv-id-JdFCHo,Industrial Chemicals,503,50.0,693,SHIP_V_1831,9.06
SHIP_V_1731,sdv-id-EcmnbK,Raw Jute,381,5.0,1086,SHIP_V_1731,75.2
SHIP_V_1531,sdv-id-DChcmH,Solar Panels,167,120.0,215,SHIP_V_1531,0.3916666666666666
SHIP_V_1296,sdv-id-iKVjwV,Raw Jute,2133,5.0,539,SHIP_V_1296,425.6
SHIP_V_1810,sdv-id-SdkFhg,Raw Jute,701,5.0,669,SHIP_V_1810,139.2
SHIP_V_1578,sdv-id-Pcujig,Raw Jute,233,5.0,972,SHIP_V_1578,45.6
SHIP_V_1732,sdv-id-vDfKqE,Smartphones,40,300.0,543,SHIP_V_1732,-0.8666666666666667
SHIP_V_1246,sdv-id-hxgqZf,Smartphones,633,300.0,513,SHIP_V_1246,1.11
SHIP_V_1154,sdv-id-kidzgk,Raw Jute,870,5.0,1849,SHIP_V_1154,173.0
SHIP_V_1445,sdv-id-PtZEcw,Smartphones,1331,300.0,805,SHIP_V_1445,3.4366666666666665
SHIP_V_1095,sdv-id-bSdYmJ,Smartphones,616,300.0,1878,SHIP_V_1095,1.0533333333333332
SHIP_V_1739,sdv-id-zcbDGU,Smartphones,113,300.0,627,SHIP_V_1739,-0.6233333333333333
SHIP_V_1985,sdv-id-RweLPa,Raw Jute,1546,5.0,1010,SHIP_V_1985,308.2
SHIP_V_1443,sdv-id-EyvwSe,Ready-made Garments,373,8.5,1685,SHIP_V_1443,42.88235294117647
SHIP_V_1724,sdv-id-nkgZtp,Industrial Chemicals,793,50.0,923,SHIP_V_1724,14.86
SHIP_V_1002,sdv-id-wtaeON,Solar Panels,378,120.0,1730,SHIP_V_1002,2.15
SHIP_V_1212,sdv-id-MDZNOZ,Raw Jute,342,5.0,1964,SHIP_V_1212,67.4
SHIP_V_1533,sdv-id-dYDYfo,Solar Panels,1012,120.0,963,SHIP_V_1533,7.433333333333334
SHIP_V_1273,sdv-id-ZfpGXi,Solar Panels,401,120.0,1471,SHIP_V_1273,2.341666666666667
SHIP_V_1903,sdv-id-iHLQME,Industrial Chemicals,671,50.0,1964,SHIP_V_1903,12.42
SHIP_V_1692,sdv-id-myKRss,Smartphones,860,300.0,1610,SHIP_V_1692,1.8666666666666667
SHIP_V_1562,sdv-id-pyqkcq,Smartphones,478,300.0,532,SHIP_V_1562,0.5933333333333334
SHIP_V_1506,sdv-id-zrvCxo,Raw Jute,1503,5.0,1158,SHIP_V_1506,299.6
SHIP_V_1137,sdv-id-LRsjDd,Smartphones,1362,300.0,444,SHIP_V_1137,3.54
SHIP_V_1675,sdv-id-LAIDCj,Smartphones,421,300.0,233,SHIP_V_1675,0.4033333333333333
SHIP_V_1776,sdv-id-zdRizI,Ready-made Garments,173,8.5,1717,SHIP_V_1776,19.352941176470587
SHIP_V_1985,sdv-id-PHMCfC,Industrial Chemicals,525,50.0,1101,SHIP_V_1985,9.5
SHIP_V_1960,sdv-id-eCwtkl,Ready-made Garments,877,8.5,1243,SHIP_V_1960,102.17647058823528
SHIP_V_1804,sdv-id-aFgeTm,Smartphones,574,300.0,1181,SHIP_V_1804,0.9133333333333332
SHIP_V_1332,sdv-id-EtlPFB,Smartphones,812,300.0,1054,SHIP_V_1332,1.7066666666666668
SHIP_V_1411,sdv-id-TCTYto,Smartphones,1441,300.0,199,SHIP_V_1411,3.803333333333333
SHIP_V_1592,sdv-id-OsulHx,Raw Jute,100,5.0,1438,SHIP_V_1592,19.0
SHIP_V_1006,sdv-id-WfFuQv,Smartphones,677,300.0,406,SHIP_V_1006,1.2566666666666666
SHIP_V_1252,sdv-id-dHZwQK,Industrial Chemicals,802,50.0,1437,SHIP_V_1252,15.04
SHIP_V_1609,sdv-id-eOKwpy,Smartphones,159,300.0,1061,SHIP_V_1609,-0.47
SHIP_V_1500,sdv-id-CJWpEO,Smartphones,1308,300.0,122,SHIP_V_1500,3.36
SHIP_V_1890,sdv-id-FxTosX,Solar Panels,168,120.0,1954,SHIP_V_1890,0.4
SHIP_V_1998,sdv-id-fWKToa,Industrial Chemicals,252,50.0,1391,SHIP_V_1998,4.04
SHIP_V_1937,sdv-id-PRkRyL,Industrial Chemicals,1403,50.0,688,SHIP_V_1937,27.06
SHIP_V_1208,sdv-id-jyfDtq,Solar Panels,506,120.0,1726,SHIP_V_1208,3.216666666666667
SHIP_V_1203,sdv-id-cbGNiW,Raw Jute,60,5.0,1167,SHIP_V_1203,11.0
SHIP_V_1781,sdv-id-EHjuJt,Ready-made Garments,1302,8.5,534,SHIP_V_1781,152.1764705882353
SHIP_V_1772,sdv-id-vJIwGq,Industrial Chemicals,1559,50.0,551,SHIP_V_1772,30.18
SHIP_V_1633,sdv-id-QPvxJE,Raw Jute,238,5.0,1634,SHIP_V_1633,46.6
SHIP_V_1143,sdv-id-UEVgMs,Smartphones,1088,300.0,383,SHIP_V_1143,2.6266666666666665
SHIP_V_1824,sdv-id-HzJqXy,Ready-made Garments,375,8.5,861,SHIP_V_1824,43.11764705882353
SHIP_V_1915,sdv-id-ZQhFBb,Industrial Chemicals,1403,50.0,1408,SHIP_V_1915,27.06
SHIP_V_1919,sdv-id-DyKTAy,Raw Jute,395,5.0,1778,SHIP_V_1919,78.0
SHIP_V_1083,sdv-id-KRidwr,Solar Panels,578,120.0,826,SHIP_V_1083,3.816666666666667
SHIP_V_1122,sdv-id-nFrkNi,Raw Jute,942,5.0,272,SHIP_V_1122,187.4
SHIP_V_1582,sdv-id-kbphiK,Industrial Chemicals,739,50.0,1303,SHIP_V_1582,13.78
SHIP_V_1433,sdv-id-Ggrmut,Smartphones,837,300.0,1157,SHIP_V_1433,1.79
SHIP_V_1730,sdv-id-IzdvGc,Smartphones,201,300.0,1143,SHIP_V_1730,-0.33
SHIP_V_1559,sdv-id-JotleQ,Solar Panels,449,120.0,1474,SHIP_V_1559,2.7416666666666667
SHIP_V_1255,sdv-id-YLVHGI,Raw Jute,1446,5.0,157,SHIP_V_1255,288.2
SHIP_V_1415,sdv-id-mXVLKj,Raw Jute,427,5.0,1218,SHIP_V_1415,84.4
SHIP_V_1288,sdv-id-wlTnlb,Smartphones,44,300.0,948,SHIP_V_1288,-0.8533333333333334
SHIP_V_1671,sdv-id-DnmUcf,Raw Jute,396,5.0,1354,SHIP_V_1671,78.2
SHIP_V_1099,sdv-id-qpoUPk,Industrial Chemicals,518,50.0,235,SHIP_V_1099,9.36
SHIP_V_1846,sdv-id-yMhaJi,Industrial Chemicals,1329,50.0,568,SHIP_V_1846,25.58
SHIP_V_1949,sdv-id-DgLqyp,Industrial Chemicals,894,50.0,118,SHIP_V_1949,16.88
SHIP_V_1274,sdv-id-mFysTs,Ready-made Garments,1131,8.5,273,SHIP_V_1274,132.05882352941177
SHIP_V_1092,sdv-id-EJLmLz,Smartphones,1544,300.0,327,SHIP_V_1092,4.1466666666666665
SHIP_V_1875,sdv-id-pIUBny,Ready-made Garments,1077,8.5,494,SHIP_V_1875,125.70588235294116
SHIP_V_1273,sdv-id-grrFpk,Raw Jute,134,5.0,1014,SHIP_V_1273,25.8
SHIP_V_1937,sdv-id-iBqSqA,Ready-made Garments,259,8.5,1489,SHIP_V_1937,29.470588235294116
SHIP_V_1573,sdv-id-KPMnVs,Industrial Chemicals,610,50.0,853,SHIP_V_1573,11.2
SHIP_V_1081,sdv-id-VWugKb,Solar Panels,540,120.0,1149,SHIP_V_1081,3.5
SHIP_V_1749,sdv-id-SiJGOt,Industrial Chemicals,50,50.0,679,SHIP_V_1749,0.0
SHIP_V_1689,sdv-id-jATfWx,Smartphones,91,300.0,1896,SHIP_V_1689,-0.6966666666666667
SHIP_V_1577,sdv-id-NFvZyO,Ready-made Garments,490,8.5,1217,SHIP_V_1577,56.64705882352941
SHIP_V_1192,sdv-id-vhDWQz,Raw Jute,441,5.0,1504,SHIP_V_1192,87.2
SHIP_V_1351,sdv-id-aJfzCu,Industrial Chemicals,326,50.0,240,SHIP_V_1351,5.52
SHIP_V_1594,sdv-id-LLEGHA,Ready-made Garments,1237,8.5,122,SHIP_V_1594,144.52941176470588
SHIP_V_1634,sdv-id-JRjUAS,Smartphones,782,300.0,1858,SHIP_V_1634,1.606666666666667
SHIP_V_1068,sdv-id-bBSggR,Industrial Chemicals,352,50.0,829,SHIP_V_1068,6.04
SHIP_V_1686,sdv-id-OgGrgZ,Raw Jute,730,5.0,1507,SHIP_V_1686,145.0
SHIP_V_1081,sdv-id-QlVTld,Smartphones,1391,300.0,1363,SHIP_V_1081,3.6366666666666663
SHIP_V_1262,sdv-id-VSnvlO,Smartphones,707,300.0,991,SHIP_V_1262,1.356666666666667
SHIP_V_1491,sdv-id-FXNgqJ,Industrial Chemicals,1821,50.0,673,SHIP_V_1491,35.42
SHIP_V_1215,sdv-id-ZPPgOZ,Ready-made Garments,1025,8.5,1520,SHIP_V_1215,119.58823529411764
SHIP_V_1329,sdv-id-WtXiSZ,Raw Jute,905,5.0,1413,SHIP_V_1329,180.0
SHIP_V_1428,sdv-id-JAWAsj,Smartphones,728,300.0,799,SHIP_V_1428,1.4266666666666667
SHIP_V_1851,sdv-id-sRIXfj,Industrial Chemicals,976,50.0,997,SHIP_V_1851,18.52
SHIP_V_1581,sdv-id-dIFQke,Raw Jute,1314,5.0,1272,SHIP_V_1581,261.8
SHIP_V_1402,sdv-id-stFmXF,Ready-made Garments,1293,8.5,1881,SHIP_V_1402,151.11764705882354
SHIP_V_1075,sdv-id-lAjZaA,Raw Jute,1017,5.0,1954,SHIP_V_1075,202.4
SHIP_V_1155,sdv-id-hQtVfa,Industrial Chemicals,71,50.0,854,SHIP_V_1155,0.42
SHIP_V_1464,sdv-id-uFdJDh,Ready-made Garments,1711,8.5,975,SHIP_V_1464,200.2941176470588
SHIP_V_1297,sdv-id-EelUCC,Smartphones,34,300.0,1375,SHIP_V_1297,-0.8866666666666667
SHIP_V_1921,sdv-id-zuUjPV,Smartphones,216,300.0,1751,SHIP_V_1921,-0.28
SHIP_V_1953,sdv-id-IvKfET,Industrial Chemicals,821,50.0,297,SHIP_V_1953,15.42
SHIP_V_1900,sdv-id-QyKLVC,Ready-made Garments,927,8.5,130,SHIP_V_1900,108.05882352941175
SHIP_V_1161,sdv-id-rPWdQk,Industrial Chemicals,935,50.0,1912,SHIP_V_1161,17.7
SHIP_V_1804,sdv-id-SkRDWO,Solar Panels,43,120.0,1119,SHIP_V_1804,-0.6416666666666667
SHIP_V_1175,sdv-id-pwQgmd,Smartphones,1737,300.0,1787,SHIP_V_1175,4.79
SHIP_V_1038,sdv-id-sWsMmR,Industrial Chemicals,313,50.0,823,SHIP_V_1038,5.26
SHIP_V_1398,sdv-id-sHztCc,Industrial Chemicals,128,50.0,1439,SHIP_V_1398,1.56
SHIP_V_1912,sdv-id-ZRjfoH,Ready-made Garments,254,8.5,1076,SHIP_V_1912,28.88235294117647
SHIP_V_1892,sdv-id-VvhjAJ,Ready-made Garments,425,8.5,1414,SHIP_V_1892,49.0
SHIP_V_1350,sdv-id-KaDbTg,Industrial Chemicals,1210,50.0,1437,SHIP_V_1350,23.2
SHIP_V_1030,sdv-id-uEjeRh,Industrial Chemicals,602,50.0,805,SHIP_V_1030,11.04
SHIP_V_1089,sdv-id-vDbAjm,Ready-made Garments,1052,8.5,163,SHIP_V_1089,122.76470588235294
SHIP_V_1456,sdv-id-Xmucah,Industrial Chemicals,404,50.0,731,SHIP_V_1456,7.08
SHIP_V_1925,sdv-id-dIzqix,Smartphones,1530,300.0,1797,SHIP_V_1925,4.1
SHIP_V_1169,sdv-id-xEvrlI,Raw Jute,616,5.0,1098,SHIP_V_1169,122.2
SHIP_V_1046,sdv-id-ZfXQrv,Raw Jute,203,5.0,668,SHIP_V_1046,39.6
SHIP_V_1838,sdv-id-syLdNT,Solar Panels,126,120.0,401,SHIP_V_1838,0.05
SHIP_V_1811,sdv-id-mnoHSE,Ready-made Garments,142,8.5,1104,SHIP_V_1811,15.705882352941176
SHIP_V_1639,sdv-id-GJwiep,Solar Panels,1073,120.0,681,SHIP_V_1639,7.941666666666666
SHIP_V_1738,sdv-id-gLATuH,Raw Jute,1219,5.0,407,SHIP_V_1738,242.8
SHIP_V_1743,sdv-id-ChnNkG,Industrial Chemicals,2441,50.0,827,SHIP_V_1743,47.82
SHIP_V_1615,sdv-id-MWeifI,Solar Panels,237,120.0,1117,SHIP_V_1615,0.975
SHIP_V_1498,sdv-id-pMWdrs,Ready-made Garments,1024,8.5,284,SHIP_V_1498,119.47058823529412
SHIP_V_1632,sdv-id-zPorCD,Solar Panels,808,120.0,1493,SHIP_V_1632,5.733333333333333
SHIP_V_1712,sdv-id-oxfjXZ,Raw Jute,85,5.0,1312,SHIP_V_1712,16.0
SHIP_V_1022,sdv-id-mIiGfL,Industrial Chemicals,528,50.0,1273,SHIP_V_1022,9.56
SHIP_V_1829,sdv-id-cqHyEf,Smartphones,632,300.0,1335,SHIP_V_1829,1.106666666666667
SHIP_V_1051,sdv-id-vjTjxq,Smartphones,1313,300.0,1692,SHIP_V_1051,3.3766666666666665
SHIP_V_1922,sdv-id-AhnaMv,Raw Jute,156,5.0,1731,SHIP_V_1922,30.2
SHIP_V_1295,sdv-id-jQEJMO,Industrial Chemicals,504,50.0,757,SHIP_V_1295,9.08
SHIP_V_1833,sdv-id-RmkqBK,Ready-made Garments,994,8.5,1624,SHIP_V_1833,115.94117647058825
SHIP_V_1933,sdv-id-oBclxo,Smartphones,881,300.0,534,SHIP_V_1933,1.9366666666666668
SHIP_V_1976,sdv-id-mMxEZV,Industrial Chemicals,279,50.0,1585,SHIP_V_1976,4.58
SHIP_V_1096,sdv-id-xmmVWE,Raw Jute,172,5.0,873,SHIP_V_1096,33.4
SHIP_V_1453,sdv-id-TpGRBo,Smartphones,1344,300.0,1778,SHIP_V_1453,3.48
SHIP_V_1918,sdv-id-fBZAZN,Solar Panels,14,120.0,511,SHIP_V_1918,-0.8833333333333333
SHIP_V_1931,sdv-id-EmHAFW,Ready-made Garments,2312,8.5,175,SHIP_V_1931,271.0
SHIP_V_1870,sdv-id-imsyUD,Ready-made Garments,1036,8.5,1008,SHIP_V_1870,120.88235294117646
SHIP_V_1229,sdv-id-ztjlFq,Industrial Chemicals,1534,50.0,1662,SHIP_V_1229,29.68
SHIP_V_1115,sdv-id-jFIOvq,Industrial Chemicals,1574,50.0,1160,SHIP_V_1115,30.48
SHIP_V_1218,sdv-id-yMGFKc,Smartphones,135,300.0,1801,SHIP_V_1218,-0.55
SHIP_V_1937,sdv-id-xvegDy,Solar Panels,195,120.0,1459,SHIP_V_1937,0.625
SHIP_V_1071,sdv-id-NTBPdT,Solar Panels,1235,120.0,795,SHIP_V_1071,9.291666666666666
SHIP_V_1694,sdv-id-HvLcrO,Solar Panels,270,120.0,745,SHIP_V_1694,1.25
SHIP_V_1129,sdv-id-fFBqid,Ready-made Garments,601,8.5,1227,SHIP_V_1129,69.70588235294117
SHIP_V_1459,sdv-id-VvewGp,Raw Jute,1137,5.0,1070,SHIP_V_1459,226.4
SHIP_V_1428,sdv-id-iRNVtQ,Smartphones,86,300.0,204,SHIP_V_1428,-0.7133333333333334
SHIP_V_1362,sdv-id-qJqMAO,Raw Jute,106,5.0,1593,SHIP_V_1362,20.2
SHIP_V_1249,sdv-id-eWUdQz,Smartphones,705,300.0,1392,SHIP_V_1249,1.35
SHIP_V_1310,sdv-id-LVgdhb,Industrial Chemicals,1233,50.0,1878,SHIP_V_1310,23.66
SHIP_V_1070,sdv-id-kkTXAY,Raw Jute,1752,5.0,471,SHIP_V_1070,349.4
SHIP_V_1485,sdv-id-fswkjS,Smartphones,808,300.0,1610,SHIP_V_1485,1.6933333333333334
SHIP_V_1097,sdv-id-TLRPDm,Industrial Chemicals,1150,50.0,1562,SHIP_V_1097,22.0
SHIP_V_1038,sdv-id-rbCalM,Industrial Chemicals,625,50.0,1821,SHIP_V_1038,11.5
SHIP_V_1845,sdv-id-wvanbY,Solar Panels,88,120.0,269,SHIP_V_1845,-0.2666666666666666
SHIP_V_1756,sdv-id-QBzrtG,Ready-made Garments,461,8.5,888,SHIP_V_1756,53.23529411764706
SHIP_V_1341,sdv-id-ktkAKp,Industrial Chemicals,504,50.0,862,SHIP_V_1341,9.08
SHIP_V_1887,sdv-id-AbnivT,Raw Jute,931,5.0,1371,SHIP_V_1887,185.2
SHIP_V_1304,sdv-id-jySBIv,Ready-made Garments,270,8.5,1539,SHIP_V_1304,30.764705882352946
SHIP_V_1707,sdv-id-XucQTL,Raw Jute,639,5.0,1814,SHIP_V_1707,126.8
SHIP_V_1200,sdv-id-oUSBPh,Smartphones,714,300.0,1926,SHIP_V_1200,1.38
SHIP_V_1662,sdv-id-msvAyX,Solar Panels,363,120.0,1449,SHIP_V_1662,2.025
SHIP_V_1813,sdv-id-CIwBQf,Raw Jute,101,5.0,1061,SHIP_V_1813,19.2
SHIP_V_1043,sdv-id-iZuVNx,Solar Panels,1082,120.0,250,SHIP_V_1043,8.016666666666667
SHIP_V_1363,sdv-id-SbEmeA,Raw Jute,286,5.0,1207,SHIP_V_1363,56.2
SHIP_V_1814,sdv-id-xbtfcR,Raw Jute,743,5.0,1875,SHIP_V_1814,147.6
SHIP_V_1686,sdv-id-xqeKZo,Smartphones,476,300.0,1908,SHIP_V_1686,0.5866666666666667
SHIP_V_1284,sdv-id-OylhpK,Smartphones,47,300.0,1672,SHIP_V_1284,-0.8433333333333334
SHIP_V_1412,sdv-id-jOpQSn,Ready-made Garments,278,8.5,614,SHIP_V_1412,31.705882352941178
SHIP_V_1332,sdv-id-SHqWJb,Raw Jute,867,5.0,333,SHIP_V_1332,172.4
SHIP_V_1398,sdv-id-MprGDX,Raw Jute,733,5.0,1483,SHIP_V_1398,145.6
SHIP_V_1522,sdv-id-yNUVQZ,Industrial Chemicals,2036,50.0,990,SHIP_V_1522,39.72
SHIP_V_1399,sdv-id-zrqlRQ,Raw Jute,472,5.0,1321,SHIP_V_1399,93.4
SHIP_V_1041,sdv-id-vmPZlg,Raw Jute,114,5.0,1725,SHIP_V_1041,21.8
SHIP_V_1830,sdv-id-QOLpkc,Ready-made Garments,184,8.5,1961,SHIP_V_1830,20.647058823529413
SHIP_V_1921,sdv-id-VTRAYk,Solar Panels,184,120.0,958,SHIP_V_1921,0.5333333333333333
SHIP_V_1080,sdv-id-tyTzhS,Ready-made Garments,123,8.5,705,SHIP_V_1080,13.470588235294118
SHIP_V_1286,sdv-id-KJMYUw,Raw Jute,1227,5.0,664,SHIP_V_1286,244.4
SHIP_V_1097,sdv-id-FOxgaa,Ready-made Garments,129,8.5,1389,SHIP_V_1097,14.176470588235292
SHIP_V_1141,sdv-id-MPAJRP,Smartphones,718,300.0,143,SHIP_V_1141,1.393333333333333
SHIP_V_1221,sdv-id-tHXIIU,Smartphones,448,300.0,1836,SHIP_V_1221,0.4933333333333333
SHIP_V_1107,sdv-id-ZoIIsT,Smartphones,813,300.0,1232,SHIP_V_1107,1.71
SHIP_V_1973,sdv-id-VVOJmI,Ready-made Garments,528,8.5,960,SHIP_V_1973,61.11764705882353
SHIP_V_1990,sdv-id-xSHWky,Industrial Chemicals,199,50.0,987,SHIP_V_1990,2.98
SHIP_V_1593,sdv-id-sAAhrB,Raw Jute,451,5.0,1660,SHIP_V_1593,89.2
SHIP_V_1291,sdv-id-lCyLmI,Smartphones,297,300.0,589,SHIP_V_1291,-0.01
SHIP_V_1924,sdv-id-ceMXha,Raw Jute,722,5.0,785,SHIP_V_1924,143.4
SHIP_V_1175,sdv-id-pXkDnK,Raw Jute,437,5.0,1114,SHIP_V_1175,86.4
SHIP_V_1752,sdv-id-FGMhyv,Raw Jute,1877,5.0,332,SHIP_V_1752,374.4
SHIP_V_1780,sdv-id-XPQcJT,Solar Panels,85,120.0,652,SHIP_V_1780,-0.2916666666666667
SHIP_V_1325,sdv-id-OnHkMS,Ready-made Garments,1200,8.5,1458,SHIP_V_1325,140.1764705882353
SHIP_V_1494,sdv-id-NZpqCl,Industrial Chemicals,677,50.0,781,SHIP_V_1494,12.54
SHIP_V_1855,sdv-id-obbTZe,Ready-made Garments,1318,8.5,1178,SHIP_V_1855,154.05882352941177
SHIP_V_1589,sdv-id-oKOUvk,Industrial Chemicals,354,50.0,771,SHIP_V_1589,6.08
SHIP_V_1931,sdv-id-MtGiEU,Raw Jute,795,5.0,1630,SHIP_V_1931,158.0
SHIP_V_1887,sdv-id-szFpBP,Solar Panels,546,120.0,1351,SHIP_V_1887,3.55
SHIP_V_1547,sdv-id-flZigJ,Solar Panels,1969,120.0,1337,SHIP_V_1547,15.408333333333331
SHIP_V_1044,sdv-id-tKcmqa,Industrial Chemicals,317,50.0,1093,SHIP_V_1044,5.34
SHIP_V_1951,sdv-id-GDQAnr,Ready-made Garments,138,8.5,1358,SHIP_V_1951,15.235294117647058
SHIP_V_1072,sdv-id-MjPHSM,Solar Panels,1124,120.0,1424,SHIP_V_1072,8.366666666666667
SHIP_V_1572,sdv-id-kLcnDt,Raw Jute,2570,5.0,1218,SHIP_V_1572,513.0
SHIP_V_1592,sdv-id-MLbRRU,Solar Panels,30,120.0,1632,SHIP_V_1592,-0.75
SHIP_V_1730,sdv-id-gGaTpI,Industrial Chemicals,1253,50.0,1176,SHIP_V_1730,24.06
SHIP_V_1663,sdv-id-wmrLfZ,Smartphones,603,300.0,781,SHIP_V_1663,1.01
SHIP_V_1688,sdv-id-MKNReD,Ready-made Garments,633,8.5,1390,SHIP_V_1688,73.47058823529412
SHIP_V_1949,sdv-id-PqwLFb,Ready-made Garments,610,8.5,391,SHIP_V_1949,70.76470588235294
SHIP_V_1385,sdv-id-LSJzKE,Smartphones,726,300.0,508,SHIP_V_1385,1.42
SHIP_V_1351,sdv-id-bJJARZ,Raw Jute,772,5.0,1082,SHIP_V_1351,153.4
SHIP_V_1581,sdv-id-BVbCun,Smartphones,92,300.0,444,SHIP_V_1581,-0.6933333333333334
SHIP_V_1965,sdv-id-VgenzK,Raw Jute,1548,5.0,629,SHIP_V_1965,308.6
SHIP_V_1992,sdv-id-itCgpc,Raw Jute,370,5.0,746,SHIP_V_1992,73.0
SHIP_V_1222,sdv-id-kMOGRB,Smartphones,946,300.0,128,SHIP_V_1222,2.1533333333333333
SHIP_V_1525,sdv-id-EaWObC,Solar Panels,784,120.0,1750,SHIP_V_1525,5.533333333333333
SHIP_V_1514,sdv-id-NyYWiu,Industrial Chemicals,778,50.0,491,SHIP_V_1514,14.56
SHIP_V_1304,sdv-id-Vkjpwe,Ready-made Garments,1029,8.5,293,SHIP_V_1304,120.05882352941175
SHIP_V_1100,sdv-id-zSoVEI,Raw Jute,380,5.0,646,SHIP_V_1100,75.0
SHIP_V_1734,sdv-id-vqntMS,Ready-made Garments,861,8.5,1691,SHIP_V_1734,100.29411764705884
SHIP_V_1995,sdv-id-rDihNr,Smartphones,1026,300.0,510,SHIP_V_1995,2.42
SHIP_V_1305,sdv-id-MMsokV,Smartphones,431,300.0,707,SHIP_V_1305,0.4366666666666666
SHIP_V_1232,sdv-id-DJooJi,Ready-made Garments,1041,8.5,1904,SHIP_V_1232,121.47058823529412
SHIP_V_1332,sdv-id-aojwjS,Solar Panels,471,120.0,1677,SHIP_V_1332,2.925
SHIP_V_1246,sdv-id-SjmouO,Raw Jute,314,5.0,1804,SHIP_V_1246,61.8
SHIP_V_1539,sdv-id-pSdkaA,Ready-made Garments,79,8.5,266,SHIP_V_1539,8.294117647058824
SHIP_V_1597,sdv-id-zrJvyF,Raw Jute,249,5.0,1931,SHIP_V_1597,48.8
SHIP_V_1956,sdv-id-aSgukC,Raw Jute,1198,5.0,742,SHIP_V_1956,238.6
SHIP_V_1452,sdv-id-TBkJmJ,Solar Panels,265,120.0,1805,SHIP_V_1452,1.2083333333333333
SHIP_V_1903,sdv-id-YuNiGU,Smartphones,1802,300.0,761,SHIP_V_1903,5.006666666666667
SHIP_V_1067,sdv-id-fIrZyM,Smartphones,199,300.0,613,SHIP_V_1067,-0.3366666666666666
SHIP_V_1322,sdv-id-jflaFM,Industrial Chemicals,1082,50.0,1251,SHIP_V_1322,20.64
SHIP_V_1695,sdv-id-wwLLxi,Smartphones,432,300.0,990,SHIP_V_1695,0.44
SHIP_V_1363,sdv-id-ovCybh,Solar Panels,873,120.0,1376,SHIP_V_1363,6.275
SHIP_V_1372,sdv-id-BmBZzy,Solar Panels,87,120.0,987,SHIP_V_1372,-0.275
SHIP_V_1119,sdv-id-vsLXrg,Industrial Chemicals,879,50.0,361,SHIP_V_1119,16.58
SHIP_V_1933,sdv-id-dRdDZm,Raw Jute,816,5.0,250,SHIP_V_1933,162.2
SHIP_V_1667,sdv-id-pSXAhh,Smartphones,360,300.0,1598,SHIP_V_1667,0.2
SHIP_V_1151,sdv-id-hupXXd,Industrial Chemicals,306,50.0,1461,SHIP_V_1151,5.12
SHIP_V_1519,sdv-id-AJqbLZ,Smartphones,843,300.0,1728,SHIP_V_1519,1.81
SHIP_V_1949,sdv-id-HSePJk,Smartphones,814,300.0,880,SHIP_V_1949,1.7133333333333334
SHIP_V_1295,sdv-id-iqqutB,Solar Panels,695,120.0,1199,SHIP_V_1295,4.791666666666667
SHIP_V_1700,sdv-id-vMhxQL,Solar Panels,779,120.0,1704,SHIP_V_1700,5.491666666666666
SHIP_V_1378,sdv-id-yqpONY,Smartphones,962,300.0,502,SHIP_V_1378,2.2066666666666666
SHIP_V_1986,sdv-id-cBscLd,Industrial Chemicals,987,50.0,1285,SHIP_V_1986,18.74
SHIP_V_1315,sdv-id-civZYM,Solar Panels,1143,120.0,1368,SHIP_V_1315,8.525
SHIP_V_1106,sdv-id-mArbqX,Ready-made Garments,315,8.5,459,SHIP_V_1106,36.05882352941177
SHIP_V_1466,sdv-id-wzhwza,Smartphones,501,300.0,1420,SHIP_V_1466,0.67
SHIP_V_1431,sdv-id-cdeuXv,Industrial Chemicals,524,50.0,604,SHIP_V_1431,9.48
SHIP_V_1690,sdv-id-PVJjFl,Solar Panels,221,120.0,911,SHIP_V_1690,0.8416666666666667
SHIP_V_1638,sdv-id-OGJUaf,Raw Jute,85,5.0,1826,SHIP_V_1638,16.0
SHIP_V_1311,sdv-id-mtHxvt,Solar Panels,461,120.0,1302,SHIP_V_1311,2.841666666666667
SHIP_V_1464,sdv-id-Vddbyh,Ready-made Garments,89,8.5,335,SHIP_V_1464,9.470588235294118
SHIP_V_1770,sdv-id-PiNyvU,Smartphones,2521,300.0,107,SHIP_V_1770,7.403333333333333
SHIP_V_1789,sdv-id-JHQgZD,Ready-made Garments,328,8.5,246,SHIP_V_1789,37.588235294117645
SHIP_V_1786,sdv-id-BhKpOF,Raw Jute,809,5.0,1541,SHIP_V_1786,160.8
SHIP_V_1382,sdv-id-byMPPK,Raw Jute,691,5.0,681,SHIP_V_1382,137.2
SHIP_V_1142,sdv-id-atDbBF,Solar Panels,677,120.0,1610,SHIP_V_1142,4.641666666666667
SHIP_V_1153,sdv-id-bUKeco,Raw Jute,1038,5.0,1124,SHIP_V_1153,206.6
SHIP_V_1152,sdv-id-jcVtuh,Industrial Chemicals,1089,50.0,1165,SHIP_V_1152,20.78
SHIP_V_1551,sdv-id-zHTKhI,Industrial Chemicals,1211,50.0,1978,SHIP_V_1551,23.22
SHIP_V_1340,sdv-id-GDQmLD,Smartphones,1017,300.0,438,SHIP_V_1340,2.39
SHIP_V_1174,sdv-id-NcmAyZ,Solar Panels,1068,120.0,673,SHIP_V_1174,7.9
SHIP_V_1507,sdv-id-Ljmycu,Smartphones,494,300.0,1007,SHIP_V_1507,0.6466666666666666
SHIP_V_1809,sdv-id-VRZmuv,Smartphones,801,300.0,918,SHIP_V_1809,1.67
SHIP_V_1995,sdv-id-ezPREQ,Smartphones,907,300.0,340,SHIP_V_1995,2.0233333333333334
SHIP_V_1188,sdv-id-FsqvMj,Ready-made Garments,452,8.5,452,SHIP_V_1188,52.1764705882353
SHIP_V_1938,sdv-id-crGrdQ,Raw Jute,622,5.0,1406,SHIP_V_1938,123.4
SHIP_V_1007,sdv-id-sDeeqB,Raw Jute,996,5.0,1010,SHIP_V_1007,198.2
SHIP_V_1339,sdv-id-FvItCU,Raw Jute,762,5.0,108,SHIP_V_1339,151.4
SHIP_V_1288,sdv-id-ISrvFp,Solar Panels,1098,120.0,1497,SHIP_V_1288,8.15
SHIP_V_1296,sdv-id-EvFcFr,Solar Panels,71,120.0,259,SHIP_V_1296,-0.4083333333333333
SHIP_V_1818,sdv-id-kGLarx,Industrial Chemicals,342,50.0,830,SHIP_V_1818,5.84
SHIP_V_1058,sdv-id-rJCKbT,Ready-made Garments,726,8.5,1548,SHIP_V_1058,84.41176470588235
SHIP_V_1594,sdv-id-wOYQPA,Solar Panels,244,120.0,1163,SHIP_V_1594,1.0333333333333334
SHIP_V_1595,sdv-id-prBOyr,Ready-made Garments,304,8.5,275,SHIP_V_1595,34.76470588235294
SHIP_V_1023,sdv-id-rfrqOa,Raw Jute,777,5.0,590,SHIP_V_1023,154.4
SHIP_V_1308,sdv-id-qherGD,Ready-made Garments,438,8.5,1879,SHIP_V_1308,50.52941176470589
SHIP_V_1685,sdv-id-ZvlZMl,Ready-made Garments,537,8.5,1185,SHIP_V_1685,62.1764705882353
SHIP_V_1112,sdv-id-winqmt,Raw Jute,1132,5.0,296,SHIP_V_1112,225.4
SHIP_V_1578,sdv-id-hJHVNv,Raw Jute,35,5.0,800,SHIP_V_1578,6.0
SHIP_V_1410,sdv-id-VNziMi,Industrial Chemicals,1613,50.0,728,SHIP_V_1410,31.26
SHIP_V_1862,sdv-id-nJycKt,Raw Jute,42,5.0,1576,SHIP_V_1862,7.4
SHIP_V_1052,sdv-id-yJHkBW,Solar Panels,180,120.0,1009,SHIP_V_1052,0.5
SHIP_V_1468,sdv-id-BqOAhr,Smartphones,597,300.0,1710,SHIP_V_1468,0.99
SHIP_V_1766,sdv-id-KQYmoo,Raw Jute,563,5.0,1710,SHIP_V_1766,111.6
SHIP_V_1244,sdv-id-dbSCbM,Raw Jute,311,5.0,1012,SHIP_V_1244,61.2
SHIP_V_1109,sdv-id-EbRtEy,Smartphones,872,300.0,971,SHIP_V_1109,1.9066666666666667
SHIP_V_1423,sdv-id-oWqsWB,Ready-made Garments,849,8.5,1114,SHIP_V_1423,98.88235294117646
SHIP_V_1742,sdv-id-UfLxSp,Smartphones,654,300.0,582,SHIP_V_1742,1.18
SHIP_V_1825,sdv-id-WIooHr,Smartphones,945,300.0,730,SHIP_V_1825,2.15
SHIP_V_1798,sdv-id-sQBFvK,Raw Jute,1707,5.0,424,SHIP_V_1798,340.4
SHIP_V_1010,sdv-id-RFtIAJ,Smartphones,1954,300.0,1362,SHIP_V_1010,5.513333333333334
SHIP_V_1175,sdv-id-PMNScC,Smartphones,100,300.0,1618,SHIP_V_1175,-0.6666666666666666
SHIP_V_1298,sdv-id-MMVOuL,Smartphones,1631,300.0,320,SHIP_V_1298,4.4366666666666665
SHIP_V_1009,sdv-id-HkKrLs,Industrial Chemicals,1153,50.0,277,SHIP_V_1009,22.06
SHIP_V_1179,sdv-id-Mtuqyv,Solar Panels,743,120.0,650,SHIP_V_1179,5.191666666666666
SHIP_V_1087,sdv-id-JAfMyZ,Raw Jute,829,5.0,1071,SHIP_V_1087,164.8
SHIP_V_1325,sdv-id-kyjoFP,Solar Panels,216,120.0,998,SHIP_V_1325,0.8
SHIP_V_1596,sdv-id-FBBKeE,Ready-made Garments,1332,8.5,1239,SHIP_V_1596,155.7058823529412
SHIP_V_1496,sdv-id-ecyijM,Ready-made Garments,420,8.5,378,SHIP_V_1496,48.411764705882355
SHIP_V_1642,sdv-id-oCxXdI,Ready-made Garments,791,8.5,639,SHIP_V_1642,92.05882352941175
SHIP_V_1691,sdv-id-pdkUJK,Solar Panels,370,120.0,236,SHIP_V_1691,2.0833333333333335
SHIP_V_1170,sdv-id-zWQROP,Solar Panels,20,120.0,583,SHIP_V_1170,-0.8333333333333334
SHIP_V_1739,sdv-id-fwgeEc,Smartphones,321,300.0,908,SHIP_V_1739,0.07
SHIP_V_1546,sdv-id-upbAoZ,Ready-made Garments,343,8.5,1849,SHIP_V_1546,39.35294117647059
SHIP_V_1026,sdv-id-QnQOOE,Solar Panels,548,120.0,415,SHIP_V_1026,3.566666666666667
SHIP_V_1200,sdv-id-DeGLQn,Ready-made Garments,426,8.5,1300,SHIP_V_1200,49.11764705882353
SHIP_V_1487,sdv-id-VimLfN,Industrial Chemicals,1025,50.0,1717,SHIP_V_1487,19.5
SHIP_V_1512,sdv-id-TCLykM,Solar Panels,377,120.0,1931,SHIP_V_1512,2.1416666666666666
SHIP_V_1288,sdv-id-VUiZpB,Ready-made Garments,719,8.5,1459,SHIP_V_1288,83.58823529411765
SHIP_V_1452,sdv-id-zylaFv,Industrial Chemicals,807,50.0,810,SHIP_V_1452,15.14
SHIP_V_1199,sdv-id-keeOAS,Ready-made Garments,29,8.5,2000,SHIP_V_1199,2.411764705882353
SHIP_V_1761,sdv-id-wdclwZ,Raw Jute,864,5.0,847,SHIP_V_1761,171.8
SHIP_V_1171,sdv-id-nRaRro,Smartphones,1024,300.0,1801,SHIP_V_1171,2.4133333333333336
SHIP_V_1036,sdv-id-GQLJzg,Industrial Chemicals,640,50.0,999,SHIP_V_1036,11.8
SHIP_V_1549,sdv-id-HMvvKf,Industrial Chemicals,549,50.0,1801,SHIP_V_1549,9.98
SHIP_V_1788,sdv-id-DePGDR,Smartphones,240,300.0,1351,SHIP_V_1788,-0.2
SHIP_V_1779,sdv-id-CHsxfh,Industrial Chemicals,1555,50.0,585,SHIP_V_1779,30.1
SHIP_V_1248,sdv-id-tFyKSG,Solar Panels,132,120.0,130,SHIP_V_1248,0.1
SHIP_V_1416,sdv-id-JqBncF,Industrial Chemicals,1916,50.0,217,SHIP_V_1416,37.32
SHIP_V_1984,sdv-id-xbhQux,Ready-made Garments,561,8.5,1055,SHIP_V_1984,65.0
SHIP_V_1428,sdv-id-FOZWKx,Raw Jute,6,5.0,1524,SHIP_V_1428,0.2
SHIP_V_1946,sdv-id-BPTaeA,Ready-made Garments,271,8.5,1590,SHIP_V_1946,30.88235294117647
SHIP_V_1724,sdv-id-LTrlPd,Ready-made Garments,344,8.5,1165,SHIP_V_1724,39.47058823529411
SHIP_V_1454,sdv-id-wLPVku,Raw Jute,402,5.0,1917,SHIP_V_1454,79.4
SHIP_V_1228,sdv-id-PtpUjw,Industrial Chemicals,183,50.0,1804,SHIP_V_1228,2.66
SHIP_V_1455,sdv-id-xHsYKf,Smartphones,277,300.0,582,SHIP_V_1455,-0.0766666666666666
SHIP_V_1199,sdv-id-JFNIkl,Raw Jute,472,5.0,692,SHIP_V_1199,93.4
SHIP_V_1508,sdv-id-ztoQOw,Smartphones,1485,300.0,546,SHIP_V_1508,3.95
SHIP_V_1432,sdv-id-wbHCdn,Ready-made Garments,521,8.5,868,SHIP_V_1432,60.294117647058826
SHIP_V_1167,sdv-id-vldker,Industrial Chemicals,1168,50.0,836,SHIP_V_1167,22.36
SHIP_V_1119,sdv-id-aytSLg,Ready-made Garments,1598,8.5,844,SHIP_V_1119,187.0
SHIP_V_1387,sdv-id-HTpqyj,Ready-made Garments,6,8.5,1702,SHIP_V_1387,-0.2941176470588235
SHIP_V_1889,sdv-id-petDYW,Raw Jute,348,5.0,1671,SHIP_V_1889,68.6
SHIP_V_1196,sdv-id-MNYlYq,Ready-made Garments,66,8.5,1080,SHIP_V_1196,6.764705882352941
SHIP_V_1631,sdv-id-cAkhJp,Industrial Chemicals,321,50.0,887,SHIP_V_1631,5.42
SHIP_V_1283,sdv-id-ohZPBD,Solar Panels,276,120.0,814,SHIP_V_1283,1.3
SHIP_V_1094,sdv-id-DAMXbn,Smartphones,918,300.0,1762,SHIP_V_1094,2.06
SHIP_V_1673,sdv-id-pvAFsx,Smartphones,153,300.0,862,SHIP_V_1673,-0.49
SHIP_V_1208,sdv-id-OuIWaT,Raw Jute,697,5.0,1176,SHIP_V_1208,138.4
SHIP_V_1319,sdv-id-wSVJyT,Smartphones,696,300.0,132,SHIP_V_1319,1.32
SHIP_V_1348,sdv-id-YoumLX,Solar Panels,502,120.0,295,SHIP_V_1348,3.183333333333333
SHIP_V_1783,sdv-id-LAIiLR,Ready-made Garments,293,8.5,1943,SHIP_V_1783,33.470588235294116
SHIP_V_1257,sdv-id-cjxvWx,Smartphones,436,300.0,1436,SHIP_V_1257,0.4533333333333333
SHIP_V_1357,sdv-id-YVFSeC,Ready-made Garments,146,8.5,704,SHIP_V_1357,16.176470588235293
SHIP_V_1500,sdv-id-OFPWMn,Raw Jute,1489,5.0,303,SHIP_V_1500,296.8
SHIP_V_1170,sdv-id-JOBRWE,Smartphones,171,300.0,420,SHIP_V_1170,-0.43
SHIP_V_1692,sdv-id-UQvcDO,Raw Jute,530,5.0,384,SHIP_V_1692,105.0
SHIP_V_1299,sdv-id-SphGjo,Ready-made Garments,1316,8.5,609,SHIP_V_1299,153.8235294117647
SHIP_V_1288,sdv-id-NOmNTW,Smartphones,673,300.0,720,SHIP_V_1288,1.2433333333333334
SHIP_V_1253,sdv-id-fnmuSM,Ready-made Garments,200,8.5,1941,SHIP_V_1253,22.529411764705884
SHIP_V_1565,sdv-id-YwIVQa,Ready-made Garments,269,8.5,1568,SHIP_V_1565,30.647058823529413
SHIP_V_1442,sdv-id-wGHEAe,Solar Panels,1265,120.0,137,SHIP_V_1442,9.541666666666666
SHIP_V_1641,sdv-id-zOHxkR,Smartphones,499,300.0,1737,SHIP_V_1641,0.6633333333333333
SHIP_V_1750,sdv-id-GELEpj,Raw Jute,1447,5.0,1647,SHIP_V_1750,288.4
SHIP_V_1885,sdv-id-JEogjo,Raw Jute,84,5.0,760,SHIP_V_1885,15.8
SHIP_V_1554,sdv-id-mZlOfY,Raw Jute,1200,5.0,165,SHIP_V_1554,239.0
SHIP_V_1742,sdv-id-PIzqOC,Industrial Chemicals,561,50.0,585,SHIP_V_1742,10.22
SHIP_V_1186,sdv-id-PfMfdf,Smartphones,801,300.0,644,SHIP_V_1186,1.67
SHIP_V_1197,sdv-id-HUJnof,Industrial Chemicals,1166,50.0,795,SHIP_V_1197,22.32
SHIP_V_1222,sdv-id-dIpuGt,Raw Jute,1533,5.0,511,SHIP_V_1222,305.6
SHIP_V_1756,sdv-id-qdzPcZ,Industrial Chemicals,470,50.0,1864,SHIP_V_1756,8.4
SHIP_V_1615,sdv-id-ITfBpp,Raw Jute,466,5.0,757,SHIP_V_1615,92.2
SHIP_V_1401,sdv-id-GZOrDH,Solar Panels,307,120.0,1828,SHIP_V_1401,1.5583333333333331
SHIP_V_1884,sdv-id-mQFjLE,Raw Jute,198,5.0,1763,SHIP_V_1884,38.6
SHIP_V_1092,sdv-id-RPfLqQ,Smartphones,2791,300.0,1719,SHIP_V_1092,8.303333333333333
SHIP_V_1411,sdv-id-uvSCRG,Industrial Chemicals,1499,50.0,386,SHIP_V_1411,28.98
SHIP_V_1786,sdv-id-WypfiR,Raw Jute,1913,5.0,441,SHIP_V_1786,381.6
SHIP_V_1205,sdv-id-pDUKYK,Industrial Chemicals,540,50.0,1094,SHIP_V_1205,9.8
SHIP_V_1074,sdv-id-ryuWAF,Solar Panels,37,120.0,1910,SHIP_V_1074,-0.6916666666666667
SHIP_V_1374,sdv-id-NQzjLJ,Ready-made Garments,449,8.5,378,SHIP_V_1374,51.8235294117647
SHIP_V_1624,sdv-id-OHAXdL,Smartphones,524,300.0,1089,SHIP_V_1624,0.7466666666666667
SHIP_V_1227,sdv-id-VLaMnQ,Industrial Chemicals,1133,50.0,438,SHIP_V_1227,21.66
SHIP_V_1625,sdv-id-gQXGiR,Raw Jute,1821,5.0,386,SHIP_V_1625,363.2
SHIP_V_1735,sdv-id-YvVAxg,Industrial Chemicals,1151,50.0,766,SHIP_V_1735,22.02
SHIP_V_1091,sdv-id-mAZZwM,Industrial Chemicals,348,50.0,1470,SHIP_V_1091,5.96
SHIP_V_1495,sdv-id-BhluqB,Ready-made Garments,59,8.5,1491,SHIP_V_1495,5.9411764705882355
SHIP_V_1352,sdv-id-wpyPsJ,Ready-made Garments,30,8.5,1073,SHIP_V_1352,2.5294117647058822
SHIP_V_1465,sdv-id-QDXVsZ,Raw Jute,1227,5.0,191,SHIP_V_1465,244.4
SHIP_V_1093,sdv-id-vLSZiA,Smartphones,354,300.0,1032,SHIP_V_1093,0.18
SHIP_V_1428,sdv-id-FIgPMD,Ready-made Garments,927,8.5,1505,SHIP_V_1428,108.05882352941175
SHIP_V_1642,sdv-id-VZmsXj,Ready-made Garments,928,8.5,663,SHIP_V_1642,108.17647058823528
SHIP_V_1768,sdv-id-qDKhPv,Smartphones,719,300.0,696,SHIP_V_1768,1.3966666666666667
SHIP_V_1973,sdv-id-ivDVqY,Ready-made Garments,43,8.5,1747,SHIP_V_1973,4.0588235294117645
SHIP_V_1848,sdv-id-HFYywX,Solar Panels,436,120.0,1896,SHIP_V_1848,2.6333333333333333
SHIP_V_1101,sdv-id-XvYgzz,Smartphones,1037,300.0,1593,SHIP_V_1101,2.4566666666666666
SHIP_V_1198,sdv-id-yklREG,Smartphones,236,300.0,1506,SHIP_V_1198,-0.2133333333333333
SHIP_V_1135,sdv-id-PRxByR,Industrial Chemicals,1566,50.0,1153,SHIP_V_1135,30.32
SHIP_V_1348,sdv-id-kXinKH,Smartphones,204,300.0,682,SHIP_V_1348,-0.32
SHIP_V_1744,sdv-id-JeUKSV,Ready-made Garments,329,8.5,1365,SHIP_V_1744,37.705882352941174
SHIP_V_1612,sdv-id-QmaEWg,Solar Panels,673,120.0,1477,SHIP_V_1612,4.608333333333333
SHIP_V_1563,sdv-id-ZOaiSS,Smartphones,984,300.0,928,SHIP_V_1563,2.28
SHIP_V_1394,sdv-id-cqVTPI,Ready-made Garments,541,8.5,1621,SHIP_V_1394,62.64705882352941
SHIP_V_1713,sdv-id-KJYTrs,Industrial Chemicals,440,50.0,1337,SHIP_V_1713,7.8
SHIP_V_1076,sdv-id-jfeNif,Smartphones,986,300.0,475,SHIP_V_1076,2.286666666666666
SHIP_V_1240,sdv-id-ZOhiVh,Industrial Chemicals,2302,50.0,659,SHIP_V_1240,45.04
SHIP_V_1317,sdv-id-DyeUdL,Ready-made Garments,517,8.5,571,SHIP_V_1317,59.8235294117647
SHIP_V_1575,sdv-id-UCYZKq,Raw Jute,202,5.0,1205,SHIP_V_1575,39.4
SHIP_V_1793,sdv-id-xPwjjW,Industrial Chemicals,1080,50.0,840,SHIP_V_1793,20.6
SHIP_V_1578,sdv-id-BSPKwS,Smartphones,1666,300.0,329,SHIP_V_1578,4.553333333333334
SHIP_V_1749,sdv-id-YEHNWz,Industrial Chemicals,1680,50.0,293,SHIP_V_1749,32.6
SHIP_V_1437,sdv-id-iSLaUB,Raw Jute,268,5.0,479,SHIP_V_1437,52.6
SHIP_V_1130,sdv-id-aXQDRx,Solar Panels,452,120.0,602,SHIP_V_1130,2.7666666666666666
SHIP_V_1882,sdv-id-obYnKz,Ready-made Garments,680,8.5,1302,SHIP_V_1882,79.0
SHIP_V_1958,sdv-id-pgXXYW,Ready-made Garments,82,8.5,1945,SHIP_V_1958,8.647058823529411
SHIP_V_1204,sdv-id-SkSilk,Raw Jute,75,5.0,360,SHIP_V_1204,14.0
SHIP_V_1388,sdv-id-lsCTPv,Ready-made Garments,541,8.5,966,SHIP_V_1388,62.64705882352941
SHIP_V_1645,sdv-id-RLTsxf,Industrial Chemicals,93,50.0,972,SHIP_V_1645,0.86
SHIP_V_1182,sdv-id-prBRoJ,Ready-made Garments,913,8.5,602,SHIP_V_1182,106.41176470588236
SHIP_V_1188,sdv-id-zRlAON,Smartphones,500,300.0,1939,SHIP_V_1188,0.6666666666666666
SHIP_V_1409,sdv-id-BoXBaE,Solar Panels,452,120.0,1728,SHIP_V_1409,2.7666666666666666
SHIP_V_1763,sdv-id-CyEoeU,Smartphones,763,300.0,1103,SHIP_V_1763,1.5433333333333332
SHIP_V_1844,sdv-id-OjWGoQ,Solar Panels,75,120.0,996,SHIP_V_1844,-0.375
SHIP_V_1893,sdv-id-BdAZMN,Raw Jute,203,5.0,1471,SHIP_V_1893,39.6
SHIP_V_1624,sdv-id-MmtraY,Ready-made Garments,211,8.5,1520,SHIP_V_1624,23.823529411764707
SHIP_V_1238,sdv-id-OkziVM,Industrial Chemicals,1055,50.0,189,SHIP_V_1238,20.1
SHIP_V_1941,sdv-id-LlPUdv,Ready-made Garments,5,8.5,1778,SHIP_V_1941,-0.4117647058823529
SHIP_V_1341,sdv-id-FBHnoC,Smartphones,1074,300.0,597,SHIP_V_1341,2.58
SHIP_V_1414,sdv-id-xiOJoo,Ready-made Garments,385,8.5,245,SHIP_V_1414,44.294117647058826
SHIP_V_1927,sdv-id-ejKEvd,Ready-made Garments,1808,8.5,859,SHIP_V_1927,211.7058823529412
SHIP_V_1546,sdv-id-oUmDPh,Smartphones,26,300.0,1023,SHIP_V_1546,-0.9133333333333332
SHIP_V_1868,sdv-id-RnbIvZ,Raw Jute,102,5.0,1199,SHIP_V_1868,19.4
SHIP_V_1855,sdv-id-eQOuZS,Solar Panels,267,120.0,1555,SHIP_V_1855,1.225
SHIP_V_1685,sdv-id-mlvtjr,Smartphones,305,300.0,970,SHIP_V_1685,0.0166666666666666
SHIP_V_1716,sdv-id-jdjiIM,Solar Panels,380,120.0,1785,SHIP_V_1716,2.1666666666666665
SHIP_V_1229,sdv-id-mMDBsW,Ready-made Garments,1496,8.5,977,SHIP_V_1229,175.0
SHIP_V_1962,sdv-id-LDtYds,Solar Panels,693,120.0,894,SHIP_V_1962,4.775
SHIP_V_1052,sdv-id-LmizUJ,Industrial Chemicals,1756,50.0,472,SHIP_V_1052,34.12
SHIP_V_1125,sdv-id-afCDQn,Smartphones,776,300.0,477,SHIP_V_1125,1.586666666666667
SHIP_V_1346,sdv-id-pvHHXa,Industrial Chemicals,844,50.0,1576,SHIP_V_1346,15.88
SHIP_V_1498,sdv-id-YXZoBg,Raw Jute,371,5.0,629,SHIP_V_1498,73.2
SHIP_V_1650,sdv-id-knRevv,Smartphones,401,300.0,268,SHIP_V_1650,0.3366666666666666
SHIP_V_1330,sdv-id-AeCSKu,Smartphones,1659,300.0,1180,SHIP_V_1330,4.53
SHIP_V_1018,sdv-id-EiwYrD,Smartphones,1024,300.0,1829,SHIP_V_1018,2.4133333333333336
SHIP_V_1223,sdv-id-aIaQKH,Ready-made Garments,918,8.5,1040,SHIP_V_1223,107.0
SHIP_V_1982,sdv-id-MMMBJO,Ready-made Garments,815,8.5,1480,SHIP_V_1982,94.88235294117646
SHIP_V_1696,sdv-id-wNaqky,Solar Panels,858,120.0,232,SHIP_V_1696,6.15
SHIP_V_1477,sdv-id-PeczyJ,Smartphones,876,300.0,1309,SHIP_V_1477,1.92
SHIP_V_1396,sdv-id-XIiRAu,Solar Panels,402,120.0,1793,SHIP_V_1396,2.35
SHIP_V_1524,sdv-id-otuZmh,Ready-made Garments,290,8.5,1219,SHIP_V_1524,33.11764705882353
SHIP_V_1828,sdv-id-CORFTk,Ready-made Garments,169,8.5,1080,SHIP_V_1828,18.88235294117647
SHIP_V_1460,sdv-id-EVWkGM,Ready-made Garments,31,8.5,815,SHIP_V_1460,2.6470588235294117
SHIP_V_1073,sdv-id-MIKTQQ,Industrial Chemicals,1205,50.0,150,SHIP_V_1073,23.1
SHIP_V_1587,sdv-id-PkuGcr,Raw Jute,535,5.0,560,SHIP_V_1587,106.0
SHIP_V_1509,sdv-id-MMJVBa,Raw Jute,656,5.0,1661,SHIP_V_1509,130.2
SHIP_V_1759,sdv-id-yHUPYQ,Smartphones,1641,300.0,963,SHIP_V_1759,4.47
SHIP_V_1090,sdv-id-FXRvgi,Raw Jute,70,5.0,1790,SHIP_V_1090,13.0
SHIP_V_1104,sdv-id-NHMIym,Smartphones,223,300.0,429,SHIP_V_1104,-0.2566666666666666
SHIP_V_1501,sdv-id-wzHzLR,Industrial Chemicals,2208,50.0,1159,SHIP_V_1501,43.16
SHIP_V_1988,sdv-id-lMSTmS,Ready-made Garments,822,8.5,281,SHIP_V_1988,95.70588235294116
SHIP_V_1910,sdv-id-AzCeNd,Ready-made Garments,669,8.5,1680,SHIP_V_1910,77.70588235294117
SHIP_V_1421,sdv-id-SIKICJ,Industrial Chemicals,1033,50.0,1419,SHIP_V_1421,19.66
SHIP_V_1945,sdv-id-DpaRkc,Ready-made Garments,171,8.5,658,SHIP_V_1945,19.11764705882353
SHIP_V_1565,sdv-id-dWzDdY,Ready-made Garments,97,8.5,757,SHIP_V_1565,10.411764705882351
SHIP_V_1789,sdv-id-Ldpnlr,Industrial Chemicals,1394,50.0,539,SHIP_V_1789,26.88
SHIP_V_1230,sdv-id-BIFKJV,Solar Panels,321,120.0,642,SHIP_V_1230,1.675
SHIP_V_1791,sdv-id-bWUevs,Industrial Chemicals,581,50.0,1468,SHIP_V_1791,10.62
SHIP_V_1262,sdv-id-TfVSod,Industrial Chemicals,761,50.0,1986,SHIP_V_1262,14.22
SHIP_V_1522,sdv-id-zUfnOO,Industrial Chemicals,44,50.0,525,SHIP_V_1522,-0.12
SHIP_V_1584,sdv-id-kWVSdO,Raw Jute,965,5.0,454,SHIP_V_1584,192.0
SHIP_V_1724,sdv-id-gfRckM,Raw Jute,502,5.0,752,SHIP_V_1724,99.4
SHIP_V_1030,sdv-id-gwdznn,Smartphones,1095,300.0,686,SHIP_V_1030,2.65
SHIP_V_1143,sdv-id-LjMXfc,Smartphones,1163,300.0,792,SHIP_V_1143,2.8766666666666665
SHIP_V_1288,sdv-id-eWjrCk,Smartphones,13,300.0,474,SHIP_V_1288,-0.9566666666666668
SHIP_V_1020,sdv-id-ORPKMZ,Smartphones,112,300.0,1648,SHIP_V_1020,-0.6266666666666667
SHIP_V_1689,sdv-id-lIXRpI,Smartphones,776,300.0,521,SHIP_V_1689,1.586666666666667
SHIP_V_1012,sdv-id-pwtNur,Solar Panels,478,120.0,1602,SHIP_V_1012,2.9833333333333334
SHIP_V_1421,sdv-id-FqGvZb,Ready-made Garments,474,8.5,1701,SHIP_V_1421,54.76470588235294
SHIP_V_1042,sdv-id-ZfZrto,Raw Jute,22,5.0,1993,SHIP_V_1042,3.4
SHIP_V_1047,sdv-id-tFFQhi,Raw Jute,522,5.0,1716,SHIP_V_1047,103.4
SHIP_V_1462,sdv-id-ILHhOK,Solar Panels,218,120.0,284,SHIP_V_1462,0.8166666666666667
SHIP_V_1139,sdv-id-uhmGkP,Smartphones,104,300.0,499,SHIP_V_1139,-0.6533333333333333
SHIP_V_1545,sdv-id-svoiOF,Industrial Chemicals,410,50.0,460,SHIP_V_1545,7.2
SHIP_V_1174,sdv-id-fCehve,Ready-made Garments,438,8.5,1619,SHIP_V_1174,50.52941176470589
SHIP_V_1002,sdv-id-fZnYDj,Raw Jute,1422,5.0,172,SHIP_V_1002,283.4
SHIP_V_1109,sdv-id-KGyGzR,Solar Panels,842,120.0,717,SHIP_V_1109,6.016666666666667
SHIP_V_1171,sdv-id-ngppVT,Industrial Chemicals,1353,50.0,1303,SHIP_V_1171,26.06
SHIP_V_1451,sdv-id-SNOsWe,Smartphones,618,300.0,1455,SHIP_V_1451,1.06
SHIP_V_1687,sdv-id-uADerl,Solar Panels,1047,120.0,1331,SHIP_V_1687,7.725
SHIP_V_1018,sdv-id-Omnqgj,Industrial Chemicals,217,50.0,1673,SHIP_V_1018,3.34
SHIP_V_1133,sdv-id-iQoacd,Smartphones,940,300.0,1340,SHIP_V_1133,2.1333333333333333
SHIP_V_1154,sdv-id-PFgLYz,Smartphones,830,300.0,751,SHIP_V_1154,1.7666666666666666
SHIP_V_1793,sdv-id-YRXuiU,Solar Panels,755,120.0,1815,SHIP_V_1793,5.291666666666667
SHIP_V_1158,sdv-id-iNfakf,Solar Panels,467,120.0,1518,SHIP_V_1158,2.8916666666666666
SHIP_V_1630,sdv-id-jrjiok,Industrial Chemicals,575,50.0,1396,SHIP_V_1630,10.5
SHIP_V_1903,sdv-id-fWbhSz,Industrial Chemicals,1459,50.0,1684,SHIP_V_1903,28.18
SHIP_V_1163,sdv-id-oshleZ,Solar Panels,134,120.0,1288,SHIP_V_1163,0.1166666666666666
SHIP_V_1942,sdv-id-sbIsiX,Industrial Chemicals,389,50.0,1010,SHIP_V_1942,6.78
SHIP_V_1839,sdv-id-XGJnGl,Industrial Chemicals,1124,50.0,726,SHIP_V_1839,21.48
SHIP_V_1062,sdv-id-LVacIJ,Solar Panels,567,120.0,1652,SHIP_V_1062,3.725
SHIP_V_1300,sdv-id-yksfVN,Smartphones,260,300.0,177,SHIP_V_1300,-0.1333333333333333
SHIP_V_1565,sdv-id-ZFuKOE,Raw Jute,670,5.0,1214,SHIP_V_1565,133.0
SHIP_V_1297,sdv-id-IbyXZj,Industrial Chemicals,215,50.0,1701,SHIP_V_1297,3.3
SHIP_V_1198,sdv-id-DkDuVf,Industrial Chemicals,586,50.0,1383,SHIP_V_1198,10.72
SHIP_V_1370,sdv-id-zdnxOK,Solar Panels,181,120.0,929,SHIP_V_1370,0.5083333333333333
SHIP_V_1629,sdv-id-qxdnem,Industrial Chemicals,453,50.0,1655,SHIP_V_1629,8.06
SHIP_V_1536,sdv-id-ioNtzS,Smartphones,296,300.0,627,SHIP_V_1536,-0.0133333333333333
SHIP_V_1265,sdv-id-NUWWXQ,Ready-made Garments,1207,8.5,586,SHIP_V_1265,141.0
SHIP_V_1785,sdv-id-rHFsFl,Raw Jute,294,5.0,1030,SHIP_V_1785,57.8
SHIP_V_1217,sdv-id-UNmbZk,Raw Jute,1002,5.0,172,SHIP_V_1217,199.4
SHIP_V_1628,sdv-id-aZZFza,Smartphones,2010,300.0,1520,SHIP_V_1628,5.7
SHIP_V_1131,sdv-id-tSYnwy,Smartphones,196,300.0,645,SHIP_V_1131,-0.3466666666666667
SHIP_V_1695,sdv-id-XptNaa,Smartphones,771,300.0,1621,SHIP_V_1695,1.57
SHIP_V_1897,sdv-id-Bbeipc,Smartphones,2000,300.0,653,SHIP_V_1897,5.666666666666667
SHIP_V_1161,sdv-id-YVSaPI,Industrial Chemicals,441,50.0,265,SHIP_V_1161,7.82
SHIP_V_1189,sdv-id-PYjIMW,Raw Jute,1753,5.0,1552,SHIP_V_1189,349.6
SHIP_V_1511,sdv-id-eXRMqx,Ready-made Garments,711,8.5,1266,SHIP_V_1511,82.6470588235294
SHIP_V_1090,sdv-id-SImOyw,Smartphones,1405,300.0,1691,SHIP_V_1090,3.683333333333333
SHIP_V_1915,sdv-id-WvcDDa,Ready-made Garments,219,8.5,925,SHIP_V_1915,24.764705882352946
SHIP_V_1951,sdv-id-ymohEI,Ready-made Garments,252,8.5,308,SHIP_V_1951,28.647058823529413
SHIP_V_1715,sdv-id-UduixQ,Raw Jute,335,5.0,1945,SHIP_V_1715,66.0
SHIP_V_1626,sdv-id-wRJhKo,Ready-made Garments,696,8.5,1714,SHIP_V_1626,80.88235294117646
SHIP_V_1648,sdv-id-fvMFXi,Raw Jute,518,5.0,1560,SHIP_V_1648,102.6
SHIP_V_1304,sdv-id-gpyLjf,Raw Jute,429,5.0,1838,SHIP_V_1304,84.8
SHIP_V_1584,sdv-id-PRqYbI,Raw Jute,179,5.0,294,SHIP_V_1584,34.8
SHIP_V_1745,sdv-id-GLAgzw,Industrial Chemicals,335,50.0,563,SHIP_V_1745,5.7
SHIP_V_1899,sdv-id-UttiyD,Raw Jute,348,5.0,1095,SHIP_V_1899,68.6
SHIP_V_1732,sdv-id-jqmXVC,Raw Jute,1060,5.0,387,SHIP_V_1732,211.0
SHIP_V_1629,sdv-id-bqDGQG,Raw Jute,282,5.0,892,SHIP_V_1629,55.4
SHIP_V_1419,sdv-id-LTLEOv,Raw Jute,514,5.0,1316,SHIP_V_1419,101.8
SHIP_V_1099,sdv-id-xVrERf,Solar Panels,184,120.0,1563,SHIP_V_1099,0.5333333333333333
SHIP_V_1521,sdv-id-ChyeiG,Smartphones,104,300.0,1015,SHIP_V_1521,-0.6533333333333333
SHIP_V_1898,sdv-id-lQAMwg,Solar Panels,102,120.0,878,SHIP_V_1898,-0.15
SHIP_V_1331,sdv-id-uixTnJ,Industrial Chemicals,301,50.0,1079,SHIP_V_1331,5.02
SHIP_V_1786,sdv-id-nJOfan,Raw Jute,732,5.0,1473,SHIP_V_1786,145.4
SHIP_V_1540,sdv-id-qKRXlH,Smartphones,145,300.0,1198,SHIP_V_1540,-0.5166666666666667
SHIP_V_1766,sdv-id-dtkidq,Raw Jute,238,5.0,407,SHIP_V_1766,46.6
SHIP_V_1918,sdv-id-lvVigo,Ready-made Garments,654,8.5,1705,SHIP_V_1918,75.94117647058823
SHIP_V_1957,sdv-id-sDJqTw,Raw Jute,711,5.0,1256,SHIP_V_1957,141.2
SHIP_V_1816,sdv-id-iplRYH,Industrial Chemicals,539,50.0,1602,SHIP_V_1816,9.78
SHIP_V_1857,sdv-id-bszgdD,Ready-made Garments,612,8.5,1258,SHIP_V_1857,71.0
SHIP_V_1426,sdv-id-yyCbzx,Smartphones,304,300.0,1055,SHIP_V_1426,0.0133333333333333
SHIP_V_1857,sdv-id-cEhdsp,Ready-made Garments,383,8.5,1198,SHIP_V_1857,44.05882352941177
SHIP_V_1566,sdv-id-mGgEzK,Smartphones,548,300.0,321,SHIP_V_1566,0.8266666666666667
SHIP_V_1603,sdv-id-XoebUD,Industrial Chemicals,309,50.0,575,SHIP_V_1603,5.18
SHIP_V_1939,sdv-id-fwAXai,Solar Panels,133,120.0,511,SHIP_V_1939,0.1083333333333333
SHIP_V_1777,sdv-id-wVgfZm,Ready-made Garments,44,8.5,812,SHIP_V_1777,4.176470588235294
SHIP_V_1737,sdv-id-cqPhJT,Ready-made Garments,13,8.5,1665,SHIP_V_1737,0.5294117647058824
SHIP_V_1176,sdv-id-IomhNp,Industrial Chemicals,1944,50.0,1323,SHIP_V_1176,37.88
SHIP_V_1492,sdv-id-LdKkDG,Raw Jute,786,5.0,909,SHIP_V_1492,156.2
SHIP_V_1442,sdv-id-oTxqba,Smartphones,203,300.0,1703,SHIP_V_1442,-0.3233333333333333
SHIP_V_1087,sdv-id-rmffGJ,Industrial Chemicals,520,50.0,236,SHIP_V_1087,9.4
SHIP_V_1292,sdv-id-MXMnZU,Raw Jute,453,5.0,432,SHIP_V_1292,89.6
SHIP_V_1359,sdv-id-JSHbug,Smartphones,85,300.0,308,SHIP_V_1359,-0.7166666666666667
SHIP_V_1114,sdv-id-CLEQok,Smartphones,195,300.0,718,SHIP_V_1114,-0.35
SHIP_V_1672,sdv-id-PEjZsM,Smartphones,403,300.0,416,SHIP_V_1672,0.3433333333333333
SHIP_V_1883,sdv-id-VNnjPV,Smartphones,287,300.0,1371,SHIP_V_1883,-0.0433333333333333
SHIP_V_1617,sdv-id-jSdibA,Smartphones,1052,300.0,328,SHIP_V_1617,2.506666666666667
SHIP_V_1162,sdv-id-cSCgoT,Industrial Chemicals,902,50.0,1102,SHIP_V_1162,17.04
SHIP_V_1203,sdv-id-TSeViB,Smartphones,1201,300.0,1976,SHIP_V_1203,3.0033333333333334
SHIP_V_1533,sdv-id-bdTcKe,Industrial Chemicals,669,50.0,1401,SHIP_V_1533,12.38
SHIP_V_1617,sdv-id-IbdmQY,Ready-made Garments,76,8.5,1114,SHIP_V_1617,7.9411764705882355
SHIP_V_1333,sdv-id-sJPcDD,Smartphones,113,300.0,1189,SHIP_V_1333,-0.6233333333333333
SHIP_V_1260,sdv-id-YvxDkD,Solar Panels,1689,120.0,138,SHIP_V_1260,13.075
SHIP_V_1191,sdv-id-dsqKOw,Solar Panels,359,120.0,878,SHIP_V_1191,1.9916666666666667
SHIP_V_1663,sdv-id-ExgYVc,Ready-made Garments,92,8.5,578,SHIP_V_1663,9.823529411764708
SHIP_V_1112,sdv-id-IhSTrM,Smartphones,1146,300.0,1498,SHIP_V_1112,2.82
SHIP_V_1645,sdv-id-mzpoas,Industrial Chemicals,537,50.0,978,SHIP_V_1645,9.74
SHIP_V_1420,sdv-id-nDLwhW,Solar Panels,946,120.0,332,SHIP_V_1420,6.883333333333334
SHIP_V_1875,sdv-id-mJLWcS,Ready-made Garments,358,8.5,1083,SHIP_V_1875,41.11764705882353
SHIP_V_1548,sdv-id-xhbatB,Smartphones,59,300.0,415,SHIP_V_1548,-0.8033333333333333
SHIP_V_1838,sdv-id-xhlGTW,Ready-made Garments,753,8.5,397,SHIP_V_1838,87.58823529411765
SHIP_V_1552,sdv-id-viiJqA,Smartphones,352,300.0,1808,SHIP_V_1552,0.1733333333333333
SHIP_V_1240,sdv-id-IJbIAU,Ready-made Garments,682,8.5,1259,SHIP_V_1240,79.23529411764706
SHIP_V_1053,sdv-id-DzAFxP,Industrial Chemicals,53,50.0,854,SHIP_V_1053,0.06
SHIP_V_1213,sdv-id-yVLoJQ,Smartphones,10,300.0,1150,SHIP_V_1213,-0.9666666666666668
SHIP_V_1703,sdv-id-YlrxnU,Solar Panels,841,120.0,420,SHIP_V_1703,6.008333333333334
SHIP_V_1452,sdv-id-neTeDC,Solar Panels,191,120.0,1440,SHIP_V_1452,0.5916666666666667
SHIP_V_1162,sdv-id-nsTBYu,Raw Jute,1959,5.0,192,SHIP_V_1162,390.8
SHIP_V_1024,sdv-id-KjMylb,Industrial Chemicals,1583,50.0,280,SHIP_V_1024,30.66
SHIP_V_1816,sdv-id-GaNiHr,Industrial Chemicals,1151,50.0,1378,SHIP_V_1816,22.02
SHIP_V_1112,sdv-id-vhmYxJ,Industrial Chemicals,682,50.0,934,SHIP_V_1112,12.64
SHIP_V_1901,sdv-id-HQexVN,Raw Jute,1473,5.0,1229,SHIP_V_1901,293.6
SHIP_V_1837,sdv-id-CCOdLI,Smartphones,749,300.0,1013,SHIP_V_1837,1.4966666666666666
SHIP_V_1180,sdv-id-lhcKlv,Smartphones,531,300.0,1078,SHIP_V_1180,0.77
SHIP_V_1962,sdv-id-TZfFzy,Industrial Chemicals,1156,50.0,719,SHIP_V_1962,22.12
SHIP_V_1107,sdv-id-tvttux,Industrial Chemicals,1408,50.0,344,SHIP_V_1107,27.16
SHIP_V_1339,sdv-id-wDQGKl,Raw Jute,478,5.0,664,SHIP_V_1339,94.6
SHIP_V_1871,sdv-id-jGSfAB,Industrial Chemicals,1188,50.0,357,SHIP_V_1871,22.76
SHIP_V_1156,sdv-id-DBbvuL,Ready-made Garments,1258,8.5,1229,SHIP_V_1156,147.0
SHIP_V_1598,sdv-id-BvjQKJ,Industrial Chemicals,594,50.0,1237,SHIP_V_1598,10.88
SHIP_V_1181,sdv-id-Jwlurt,Industrial Chemicals,205,50.0,249,SHIP_V_1181,3.1
SHIP_V_1242,sdv-id-gojfMz,Solar Panels,1691,120.0,1062,SHIP_V_1242,13.091666666666669
SHIP_V_1528,sdv-id-wFKmme,Industrial Chemicals,550,50.0,1359,SHIP_V_1528,10.0
SHIP_V_1006,sdv-id-ynGwyd,Raw Jute,697,5.0,1531,SHIP_V_1006,138.4
SHIP_V_1660,sdv-id-TTvUaZ,Smartphones,113,300.0,1862,SHIP_V_1660,-0.6233333333333333
SHIP_V_1410,sdv-id-gxdtOQ,Industrial Chemicals,1297,50.0,989,SHIP_V_1410,24.94
SHIP_V_1619,sdv-id-ZcLJAm,Industrial Chemicals,209,50.0,1893,SHIP_V_1619,3.18
SHIP_V_1507,sdv-id-UdGQDX,Industrial Chemicals,105,50.0,1641,SHIP_V_1507,1.1
SHIP_V_1964,sdv-id-TutfwQ,Ready-made Garments,781,8.5,1951,SHIP_V_1964,90.88235294117646
SHIP_V_1859,sdv-id-SgIcTC,Ready-made Garments,1531,8.5,1114,SHIP_V_1859,179.11764705882354
SHIP_V_1737,sdv-id-UsXmMR,Smartphones,754,300.0,649,SHIP_V_1737,1.5133333333333334
SHIP_V_1303,sdv-id-kbQomF,Smartphones,1269,300.0,1768,SHIP_V_1303,3.23
SHIP_V_1066,sdv-id-wYiYLx,Ready-made Garments,368,8.5,473,SHIP_V_1066,42.294117647058826
SHIP_V_1065,sdv-id-BSbkLn,Solar Panels,391,120.0,388,SHIP_V_1065,2.2583333333333333
SHIP_V_1036,sdv-id-PvKSDc,Solar Panels,923,120.0,709,SHIP_V_1036,6.691666666666666
SHIP_V_1518,sdv-id-AuYthS,Ready-made Garments,689,8.5,1074,SHIP_V_1518,80.05882352941177
SHIP_V_1842,sdv-id-SVKvqY,Ready-made Garments,716,8.5,1848,SHIP_V_1842,83.23529411764706
SHIP_V_1612,sdv-id-zKHrAc,Ready-made Garments,219,8.5,102,SHIP_V_1612,24.764705882352946
SHIP_V_1100,sdv-id-SGIXln,Ready-made Garments,45,8.5,642,SHIP_V_1100,4.294117647058823
SHIP_V_1579,sdv-id-BUPxbf,Industrial Chemicals,148,50.0,212,SHIP_V_1579,1.96
SHIP_V_1863,sdv-id-PSlsZY,Ready-made Garments,907,8.5,728,SHIP_V_1863,105.70588235294116
SHIP_V_1645,sdv-id-tplsZu,Ready-made Garments,285,8.5,976,SHIP_V_1645,32.529411764705884
SHIP_V_1570,sdv-id-FhjBPV,Solar Panels,1370,120.0,574,SHIP_V_1570,10.416666666666666
SHIP_V_1608,sdv-id-EXdEZF,Ready-made Garments,1476,8.5,992,SHIP_V_1608,172.64705882352942
SHIP_V_1239,sdv-id-IPgIph,Industrial Chemicals,2873,50.0,559,SHIP_V_1239,56.46
SHIP_V_1396,sdv-id-fNwAnI,Ready-made Garments,1159,8.5,243,SHIP_V_1396,135.35294117647058
SHIP_V_1777,sdv-id-MdPBUB,Smartphones,660,300.0,665,SHIP_V_1777,1.2
SHIP_V_1642,sdv-id-dtjxyc,Smartphones,27,300.0,1402,SHIP_V_1642,-0.91
SHIP_V_1370,sdv-id-dLUQmq,Raw Jute,559,5.0,683,SHIP_V_1370,110.8
SHIP_V_1336,sdv-id-FPlfwT,Smartphones,2068,300.0,138,SHIP_V_1336,5.8933333333333335
SHIP_V_1526,sdv-id-wSLHwR,Industrial Chemicals,393,50.0,1571,SHIP_V_1526,6.86
SHIP_V_1097,sdv-id-Lajdjf,Raw Jute,578,5.0,1596,SHIP_V_1097,114.6
SHIP_V_1133,sdv-id-iXixbu,Smartphones,989,300.0,1406,SHIP_V_1133,2.296666666666667
SHIP_V_1668,sdv-id-fcdLDl,Raw Jute,1541,5.0,855,SHIP_V_1668,307.2
SHIP_V_1534,sdv-id-depTzS,Raw Jute,2290,5.0,1815,SHIP_V_1534,457.0
SHIP_V_1105,sdv-id-qMIKeS,Industrial Chemicals,1329,50.0,351,SHIP_V_1105,25.58
SHIP_V_1984,sdv-id-CSERMt,Ready-made Garments,108,8.5,1982,SHIP_V_1984,11.705882352941176
SHIP_V_1811,sdv-id-awQjrW,Ready-made Garments,745,8.5,1858,SHIP_V_1811,86.6470588235294
SHIP_V_1038,sdv-id-JvtvmK,Raw Jute,583,5.0,928,SHIP_V_1038,115.6
SHIP_V_1362,sdv-id-RDxtiR,Industrial Chemicals,550,50.0,1665,SHIP_V_1362,10.0
SHIP_V_1082,sdv-id-vEvawf,Raw Jute,728,5.0,756,SHIP_V_1082,144.6
SHIP_V_1479,sdv-id-SOIKpP,Raw Jute,33,5.0,1407,SHIP_V_1479,5.6
SHIP_V_1904,sdv-id-qptOmh,Solar Panels,286,120.0,1973,SHIP_V_1904,1.3833333333333333
SHIP_V_1187,sdv-id-NtJELQ,Raw Jute,1100,5.0,367,SHIP_V_1187,219.0
SHIP_V_1830,sdv-id-qWNZEB,Ready-made Garments,207,8.5,827,SHIP_V_1830,23.352941176470587
SHIP_V_1792,sdv-id-xlsZCu,Smartphones,749,300.0,117,SHIP_V_1792,1.4966666666666666
SHIP_V_1278,sdv-id-yFnwCC,Smartphones,446,300.0,124,SHIP_V_1278,0.4866666666666667
SHIP_V_1716,sdv-id-lUDfxY,Ready-made Garments,1330,8.5,893,SHIP_V_1716,155.47058823529412
SHIP_V_1115,sdv-id-KXkznL,Ready-made Garments,623,8.5,374,SHIP_V_1115,72.29411764705883
SHIP_V_1839,sdv-id-hutBTW,Smartphones,379,300.0,155,SHIP_V_1839,0.2633333333333333
SHIP_V_1211,sdv-id-tpRcou,Raw Jute,2450,5.0,608,SHIP_V_1211,489.0
SHIP_V_1417,sdv-id-DiodcA,Industrial Chemicals,494,50.0,1862,SHIP_V_1417,8.88
SHIP_V_1099,sdv-id-ghpXGJ,Industrial Chemicals,1140,50.0,1269,SHIP_V_1099,21.8
SHIP_V_1193,sdv-id-RTXzCu,Solar Panels,477,120.0,1152,SHIP_V_1193,2.975
SHIP_V_1509,sdv-id-UiQJEg,Smartphones,703,300.0,714,SHIP_V_1509,1.3433333333333333
SHIP_V_1740,sdv-id-uVQHNh,Industrial Chemicals,294,50.0,299,SHIP_V_1740,4.88
SHIP_V_1603,sdv-id-GzItaT,Raw Jute,2425,5.0,340,SHIP_V_1603,484.0
SHIP_V_1494,sdv-id-RyJsZu,Industrial Chemicals,453,50.0,731,SHIP_V_1494,8.06
SHIP_V_1030,sdv-id-dmKeVS,Solar Panels,354,120.0,376,SHIP_V_1030,1.95
SHIP_V_1786,sdv-id-cWYceG,Smartphones,580,300.0,1911,SHIP_V_1786,0.9333333333333332
SHIP_V_1554,sdv-id-DpQqtT,Smartphones,573,300.0,350,SHIP_V_1554,0.91
SHIP_V_1883,sdv-id-gJqxWk,Raw Jute,1018,5.0,979,SHIP_V_1883,202.6
SHIP_V_1408,sdv-id-whLNac,Smartphones,854,300.0,459,SHIP_V_1408,1.846666666666667
SHIP_V_1031,sdv-id-yxQmgw,Smartphones,1045,300.0,738,SHIP_V_1031,2.4833333333333334
SHIP_V_1858,sdv-id-hPDFLu,Ready-made Garments,717,8.5,872,SHIP_V_1858,83.3529411764706
SHIP_V_1625,sdv-id-mHepgP,Industrial Chemicals,967,50.0,1373,SHIP_V_1625,18.34
SHIP_V_1624,sdv-id-iwtIvi,Raw Jute,920,5.0,979,SHIP_V_1624,183.0
SHIP_V_1329,sdv-id-cUytuL,Smartphones,2,300.0,594,SHIP_V_1329,-0.9933333333333332
SHIP_V_1155,sdv-id-JPpoCj,Solar Panels,1284,120.0,346,SHIP_V_1155,9.7
SHIP_V_1156,sdv-id-HZiPRa,Raw Jute,453,5.0,1093,SHIP_V_1156,89.6
SHIP_V_1939,sdv-id-VJBTfN,Smartphones,1491,300.0,284,SHIP_V_1939,3.97
SHIP_V_1256,sdv-id-WdhzXx,Industrial Chemicals,1302,50.0,976,SHIP_V_1256,25.04
SHIP_V_1072,sdv-id-NYlnmV,Industrial Chemicals,300,50.0,1034,SHIP_V_1072,5.0
SHIP_V_1893,sdv-id-YcyGiV,Industrial Chemicals,486,50.0,865,SHIP_V_1893,8.72
SHIP_V_1566,sdv-id-pTCdfi,Raw Jute,810,5.0,1439,SHIP_V_1566,161.0
SHIP_V_1852,sdv-id-xbBkhr,Ready-made Garments,322,8.5,1163,SHIP_V_1852,36.88235294117647
SHIP_V_1119,sdv-id-dWytaS,Industrial Chemicals,1113,50.0,938,SHIP_V_1119,21.26
SHIP_V_1504,sdv-id-iBQfYH,Raw Jute,1935,5.0,103,SHIP_V_1504,386.0
SHIP_V_1907,sdv-id-gqEAoH,Industrial Chemicals,172,50.0,228,SHIP_V_1907,2.44
SHIP_V_1627,sdv-id-PTkGpJ,Industrial Chemicals,572,50.0,1142,SHIP_V_1627,10.44
SHIP_V_1676,sdv-id-EndNPc,Smartphones,440,300.0,335,SHIP_V_1676,0.4666666666666667
SHIP_V_1154,sdv-id-IAqubI,Solar Panels,1241,120.0,1773,SHIP_V_1154,9.341666666666669
SHIP_V_1478,sdv-id-nwLzpQ,Raw Jute,164,5.0,1500,SHIP_V_1478,31.8
SHIP_V_1353,sdv-id-MzYrwH,Smartphones,231,300.0,1823,SHIP_V_1353,-0.23
SHIP_V_1853,sdv-id-dFTYtV,Ready-made Garments,1125,8.5,1193,SHIP_V_1853,131.35294117647058
SHIP_V_1127,sdv-id-haZKiE,Industrial Chemicals,272,50.0,1078,SHIP_V_1127,4.44
SHIP_V_1147,sdv-id-KRbotj,Smartphones,145,300.0,1440,SHIP_V_1147,-0.5166666666666667
SHIP_V_1105,sdv-id-ABpjtz,Ready-made Garments,411,8.5,1547,SHIP_V_1105,47.35294117647059
SHIP_V_1101,sdv-id-nwLffB,Solar Panels,382,120.0,978,SHIP_V_1101,2.183333333333333
SHIP_V_1842,sdv-id-HsBtwt,Solar Panels,124,120.0,992,SHIP_V_1842,0.0333333333333333
SHIP_V_1935,sdv-id-pTLMWt,Ready-made Garments,1982,8.5,368,SHIP_V_1935,232.1764705882353
SHIP_V_1228,sdv-id-NtQlzO,Industrial Chemicals,1533,50.0,767,SHIP_V_1228,29.66
SHIP_V_1728,sdv-id-Pnjtpb,Ready-made Garments,112,8.5,805,SHIP_V_1728,12.176470588235292
SHIP_V_1892,sdv-id-vRuimZ,Smartphones,345,300.0,1486,SHIP_V_1892,0.15
SHIP_V_1803,sdv-id-osMMYD,Ready-made Garments,1251,8.5,150,SHIP_V_1803,146.1764705882353
SHIP_V_1170,sdv-id-maMGvT,Ready-made Garments,56,8.5,411,SHIP_V_1170,5.588235294117647
SHIP_V_1824,sdv-id-ZKUUdu,Industrial Chemicals,2082,50.0,119,SHIP_V_1824,40.64
SHIP_V_1661,sdv-id-CsMkmQ,Ready-made Garments,2511,8.5,311,SHIP_V_1661,294.4117647058824
SHIP_V_1980,sdv-id-VLybAY,Solar Panels,860,120.0,1824,SHIP_V_1980,6.166666666666667
SHIP_V_1944,sdv-id-PSwqSQ,Raw Jute,767,5.0,1474,SHIP_V_1944,152.4
SHIP_V_1842,sdv-id-tdefaK,Industrial Chemicals,815,50.0,1027,SHIP_V_1842,15.3
SHIP_V_1277,sdv-id-wnUsls,Smartphones,142,300.0,877,SHIP_V_1277,-0.5266666666666666
SHIP_V_1518,sdv-id-KVuelK,Raw Jute,219,5.0,170,SHIP_V_1518,42.8
SHIP_V_1034,sdv-id-fxSUnW,Solar Panels,671,120.0,1053,SHIP_V_1034,4.591666666666667
SHIP_V_1601,sdv-id-TOzGyC,Smartphones,628,300.0,538,SHIP_V_1601,1.0933333333333333
SHIP_V_1133,sdv-id-kISrtU,Industrial Chemicals,150,50.0,1472,SHIP_V_1133,2.0
SHIP_V_1384,sdv-id-nvqxZG,Smartphones,1192,300.0,116,SHIP_V_1384,2.973333333333333
SHIP_V_1968,sdv-id-HsKbkH,Raw Jute,697,5.0,1412,SHIP_V_1968,138.4
SHIP_V_1907,sdv-id-aafaAM,Smartphones,1386,300.0,278,SHIP_V_1907,3.62
SHIP_V_1316,sdv-id-lhgKCs,Ready-made Garments,1660,8.5,1115,SHIP_V_1316,194.2941176470588
SHIP_V_1671,sdv-id-XeFbKU,Smartphones,668,300.0,985,SHIP_V_1671,1.2266666666666666
SHIP_V_1219,sdv-id-kMeHra,Ready-made Garments,210,8.5,994,SHIP_V_1219,23.705882352941178
SHIP_V_1336,sdv-id-uxNFCz,Industrial Chemicals,614,50.0,169,SHIP_V_1336,11.28
SHIP_V_1043,sdv-id-AjKgOy,Industrial Chemicals,181,50.0,156,SHIP_V_1043,2.62
SHIP_V_1201,sdv-id-EUGZDt,Raw Jute,959,5.0,1870,SHIP_V_1201,190.8
SHIP_V_1878,sdv-id-RsHAoc,Ready-made Garments,922,8.5,1077,SHIP_V_1878,107.47058823529412
SHIP_V_1982,sdv-id-DnwWbk,Ready-made Garments,495,8.5,1381,SHIP_V_1982,57.23529411764706
SHIP_V_1809,sdv-id-nHLmpz,Solar Panels,36,120.0,1252,SHIP_V_1809,-0.7
SHIP_V_1568,sdv-id-HfHPMX,Ready-made Garments,1758,8.5,824,SHIP_V_1568,205.8235294117647
SHIP_V_1709,sdv-id-DYDtHD,Solar Panels,762,120.0,1133,SHIP_V_1709,5.35
SHIP_V_1326,sdv-id-QeFsgL,Industrial Chemicals,220,50.0,879,SHIP_V_1326,3.4
SHIP_V_1217,sdv-id-PjkgRZ,Industrial Chemicals,502,50.0,1591,SHIP_V_1217,9.04
SHIP_V_1472,sdv-id-xmpLbx,Raw Jute,1133,5.0,1451,SHIP_V_1472,225.6
SHIP_V_1207,sdv-id-pdmYcI,Industrial Chemicals,1143,50.0,319,SHIP_V_1207,21.86
SHIP_V_1698,sdv-id-VUMBCh,Ready-made Garments,30,8.5,1590,SHIP_V_1698,2.5294117647058822
SHIP_V_1950,sdv-id-ZrlgTa,Raw Jute,784,5.0,1621,SHIP_V_1950,155.8
SHIP_V_1623,sdv-id-Ifazxu,Ready-made Garments,231,8.5,1140,SHIP_V_1623,26.176470588235293
SHIP_V_1890,sdv-id-sBhIkT,Ready-made Garments,488,8.5,1552,SHIP_V_1890,56.411764705882355
SHIP_V_1200,sdv-id-MOdjwF,Industrial Chemicals,1570,50.0,564,SHIP_V_1200,30.4
SHIP_V_1773,sdv-id-olVlUE,Raw Jute,481,5.0,820,SHIP_V_1773,95.2
SHIP_V_1486,sdv-id-sGLVCe,Raw Jute,657,5.0,726,SHIP_V_1486,130.4
SHIP_V_1866,sdv-id-cAgVWa,Industrial Chemicals,686,50.0,825,SHIP_V_1866,12.72
SHIP_V_1273,sdv-id-CcleQr,Solar Panels,905,120.0,239,SHIP_V_1273,6.541666666666667
SHIP_V_1196,sdv-id-NHUbdz,Solar Panels,12,120.0,1312,SHIP_V_1196,-0.9
SHIP_V_1912,sdv-id-mAkDpQ,Industrial Chemicals,1080,50.0,1866,SHIP_V_1912,20.6
SHIP_V_1243,sdv-id-IrvQJw,Ready-made Garments,81,8.5,946,SHIP_V_1243,8.529411764705882
SHIP_V_1365,sdv-id-ZAjIhg,Raw Jute,174,5.0,866,SHIP_V_1365,33.8
SHIP_V_1943,sdv-id-irBCBe,Ready-made Garments,727,8.5,507,SHIP_V_1943,84.52941176470588
SHIP_V_1505,sdv-id-bRclWD,Raw Jute,360,5.0,1356,SHIP_V_1505,71.0
SHIP_V_1795,sdv-id-aBmJXn,Smartphones,848,300.0,1065,SHIP_V_1795,1.8266666666666669
SHIP_V_1022,sdv-id-lkEghV,Solar Panels,198,120.0,1375,SHIP_V_1022,0.65
SHIP_V_1188,sdv-id-eNYwHI,Smartphones,397,300.0,1286,SHIP_V_1188,0.3233333333333333
SHIP_V_1278,sdv-id-UGbLzb,Solar Panels,368,120.0,1675,SHIP_V_1278,2.066666666666667
SHIP_V_1506,sdv-id-ubKBbR,Ready-made Garments,1861,8.5,1865,SHIP_V_1506,217.94117647058823
SHIP_V_1255,sdv-id-IdPzuy,Ready-made Garments,595,8.5,1910,SHIP_V_1255,69.0
SHIP_V_1835,sdv-id-BiyTGG,Smartphones,1457,300.0,1363,SHIP_V_1835,3.8566666666666665
SHIP_V_1125,sdv-id-URmIFI,Raw Jute,15,5.0,1357,SHIP_V_1125,2.0
SHIP_V_1498,sdv-id-XoWxIo,Raw Jute,1711,5.0,1907,SHIP_V_1498,341.2
SHIP_V_1417,sdv-id-RVZVbd,Raw Jute,1615,5.0,1234,SHIP_V_1417,322.0
SHIP_V_1047,sdv-id-VIHODN,Smartphones,699,300.0,1778,SHIP_V_1047,1.33
SHIP_V_1605,sdv-id-UcSHSK,Raw Jute,1086,5.0,701,SHIP_V_1605,216.2
SHIP_V_1797,sdv-id-gWhssC,Industrial Chemicals,1419,50.0,740,SHIP_V_1797,27.38
SHIP_V_1218,sdv-id-JOnEne,Smartphones,1603,300.0,791,SHIP_V_1218,4.343333333333334
SHIP_V_1303,sdv-id-LwQJrl,Ready-made Garments,319,8.5,1062,SHIP_V_1303,36.52941176470589
SHIP_V_1720,sdv-id-ZxCqKO,Raw Jute,650,5.0,458,SHIP_V_1720,129.0
SHIP_V_1012,sdv-id-oCIzSw,Smartphones,1441,300.0,942,SHIP_V_1012,3.803333333333333
SHIP_V_1668,sdv-id-EjmHJl,Raw Jute,2045,5.0,1492,SHIP_V_1668,408.0
SHIP_V_1264,sdv-id-pbmBes,Ready-made Garments,619,8.5,1192,SHIP_V_1264,71.82352941176471
SHIP_V_1478,sdv-id-EdrYzK,Smartphones,716,300.0,1851,SHIP_V_1478,1.3866666666666667
SHIP_V_1154,sdv-id-EWhwIZ,Industrial Chemicals,681,50.0,283,SHIP_V_1154,12.62
SHIP_V_1102,sdv-id-oMATye,Ready-made Garments,1124,8.5,476,SHIP_V_1102,131.23529411764707
SHIP_V_1633,sdv-id-kjQKYm,Ready-made Garments,1590,8.5,537,SHIP_V_1633,186.05882352941177
SHIP_V_1677,sdv-id-XiekVn,Solar Panels,406,120.0,109,SHIP_V_1677,2.3833333333333333
SHIP_V_1798,sdv-id-UVhsKd,Ready-made Garments,973,8.5,1877,SHIP_V_1798,113.47058823529412
SHIP_V_1913,sdv-id-eBlxAG,Raw Jute,737,5.0,573,SHIP_V_1913,146.4
SHIP_V_1358,sdv-id-yacTSm,Smartphones,312,300.0,1711,SHIP_V_1358,0.04
SHIP_V_1389,sdv-id-ypKgAq,Ready-made Garments,47,8.5,1267,SHIP_V_1389,4.529411764705882
SHIP_V_1085,sdv-id-PKtfVp,Ready-made Garments,1110,8.5,1608,SHIP_V_1085,129.58823529411765
SHIP_V_1165,sdv-id-BYprKf,Solar Panels,328,120.0,615,SHIP_V_1165,1.7333333333333334
SHIP_V_1106,sdv-id-ICXccN,Solar Panels,418,120.0,1812,SHIP_V_1106,2.4833333333333334
SHIP_V_1671,sdv-id-yyKhRm,Ready-made Garments,1148,8.5,357,SHIP_V_1671,134.05882352941177
SHIP_V_1213,sdv-id-rhUvYv,Industrial Chemicals,1328,50.0,1027,SHIP_V_1213,25.56
SHIP_V_1494,sdv-id-sxFuIn,Smartphones,704,300.0,667,SHIP_V_1494,1.346666666666667
SHIP_V_1513,sdv-id-FgmnOr,Industrial Chemicals,607,50.0,329,SHIP_V_1513,11.14
SHIP_V_1368,sdv-id-UCvrAZ,Smartphones,475,300.0,1474,SHIP_V_1368,0.5833333333333334
SHIP_V_1153,sdv-id-AeJyOT,Ready-made Garments,539,8.5,311,SHIP_V_1153,62.411764705882355
SHIP_V_1180,sdv-id-wQEdUt,Ready-made Garments,1898,8.5,978,SHIP_V_1180,222.2941176470588
SHIP_V_1967,sdv-id-rKZBAQ,Solar Panels,2193,120.0,161,SHIP_V_1967,17.275
SHIP_V_1463,sdv-id-wzPNJX,Ready-made Garments,442,8.5,829,SHIP_V_1463,51.0
SHIP_V_1641,sdv-id-lGbqOl,Industrial Chemicals,508,50.0,448,SHIP_V_1641,9.16
SHIP_V_1563,sdv-id-ZGVTCg,Solar Panels,182,120.0,1372,SHIP_V_1563,0.5166666666666667
SHIP_V_1923,sdv-id-fzMDRu,Smartphones,280,300.0,1178,SHIP_V_1923,-0.0666666666666666
SHIP_V_1923,sdv-id-flLkRW,Raw Jute,1611,5.0,825,SHIP_V_1923,321.2
SHIP_V_1994,sdv-id-XyqeFe,Smartphones,388,300.0,1582,SHIP_V_1994,0.2933333333333333
SHIP_V_1092,sdv-id-RHqRXg,Solar Panels,210,120.0,860,SHIP_V_1092,0.75
SHIP_V_1663,sdv-id-ftdWOO,Raw Jute,1144,5.0,1730,SHIP_V_1663,227.8
SHIP_V_1281,sdv-id-JDBfks,Solar Panels,1111,120.0,1112,SHIP_V_1281,8.258333333333333
SHIP_V_1610,sdv-id-oddLzG,Smartphones,705,300.0,1207,SHIP_V_1610,1.35
SHIP_V_1903,sdv-id-RswzfE,Smartphones,103,300.0,1050,SHIP_V_1903,-0.6566666666666666
SHIP_V_1172,sdv-id-OPKstU,Ready-made Garments,1504,8.5,598,SHIP_V_1172,175.94117647058823
SHIP_V_1306,sdv-id-GVDYQF,Ready-made Garments,1310,8.5,655,SHIP_V_1306,153.11764705882354
SHIP_V_1126,sdv-id-WICUqC,Industrial Chemicals,194,50.0,1771,SHIP_V_1126,2.88
SHIP_V_1282,sdv-id-FBlxKq,Industrial Chemicals,2048,50.0,805,SHIP_V_1282,39.96
SHIP_V_1673,sdv-id-WcGsmB,Raw Jute,335,5.0,909,SHIP_V_1673,66.0
SHIP_V_1359,sdv-id-plvCJv,Industrial Chemicals,1474,50.0,741,SHIP_V_1359,28.48
SHIP_V_1771,sdv-id-tKPGGc,Smartphones,1514,300.0,805,SHIP_V_1771,4.046666666666667
SHIP_V_1770,sdv-id-ivEIzY,Industrial Chemicals,168,50.0,1969,SHIP_V_1770,2.36
SHIP_V_1035,sdv-id-CSCTnQ,Raw Jute,347,5.0,1430,SHIP_V_1035,68.4
SHIP_V_1296,sdv-id-dczEqE,Raw Jute,729,5.0,1533,SHIP_V_1296,144.8
SHIP_V_1458,sdv-id-JiNmnn,Solar Panels,71,120.0,698,SHIP_V_1458,-0.4083333333333333
SHIP_V_1965,sdv-id-yZgBWF,Smartphones,517,300.0,111,SHIP_V_1965,0.7233333333333334
SHIP_V_1851,sdv-id-daHZoP,Ready-made Garments,577,8.5,1179,SHIP_V_1851,66.88235294117646
SHIP_V_1774,sdv-id-HuVtAM,Raw Jute,1903,5.0,1297,SHIP_V_1774,379.6
SHIP_V_1863,sdv-id-qSGrWA,Ready-made Garments,827,8.5,1847,SHIP_V_1863,96.29411764705884
SHIP_V_1929,sdv-id-KFxFgG,Ready-made Garments,900,8.5,460,SHIP_V_1929,104.88235294117646
SHIP_V_1241,sdv-id-pNmMxC,Smartphones,987,300.0,581,SHIP_V_1241,2.29
SHIP_V_1301,sdv-id-cTUEOy,Solar Panels,77,120.0,980,SHIP_V_1301,-0.3583333333333333
SHIP_V_1863,sdv-id-rqEkZE,Smartphones,283,300.0,321,SHIP_V_1863,-0.0566666666666666
SHIP_V_1237,sdv-id-yagWif,Smartphones,616,300.0,1160,SHIP_V_1237,1.0533333333333332
SHIP_V_1166,sdv-id-pOJhQD,Raw Jute,390,5.0,1053,SHIP_V_1166,77.0
SHIP_V_1067,sdv-id-QkDGvv,Ready-made Garments,793,8.5,1788,SHIP_V_1067,92.29411764705884
SHIP_V_1800,sdv-id-cQlZop,Raw Jute,156,5.0,538,SHIP_V_1800,30.2
SHIP_V_1843,sdv-id-srCGCL,Ready-made Garments,71,8.5,1202,SHIP_V_1843,7.352941176470588
SHIP_V_1524,sdv-id-SGqSpS,Raw Jute,1976,5.0,1886,SHIP_V_1524,394.2
SHIP_V_1350,sdv-id-AKuiSH,Solar Panels,419,120.0,1892,SHIP_V_1350,2.4916666666666667
SHIP_V_1260,sdv-id-lNWToH,Ready-made Garments,1232,8.5,981,SHIP_V_1260,143.94117647058823
SHIP_V_1908,sdv-id-eIcuxm,Raw Jute,1404,5.0,940,SHIP_V_1908,279.8
SHIP_V_1404,sdv-id-ZhuwuT,Solar Panels,1200,120.0,465,SHIP_V_1404,9.0
SHIP_V_1123,sdv-id-fITQwY,Raw Jute,1193,5.0,831,SHIP_V_1123,237.6
SHIP_V_1062,sdv-id-DylEoW,Smartphones,263,300.0,1996,SHIP_V_1062,-0.1233333333333333
SHIP_V_1732,sdv-id-frjery,Raw Jute,810,5.0,123,SHIP_V_1732,161.0
SHIP_V_1734,sdv-id-mOdLKi,Smartphones,28,300.0,1594,SHIP_V_1734,-0.9066666666666666
SHIP_V_1602,sdv-id-ZXmabb,Industrial Chemicals,820,50.0,331,SHIP_V_1602,15.4
SHIP_V_1211,sdv-id-HSEXVW,Smartphones,52,300.0,929,SHIP_V_1211,-0.8266666666666667
SHIP_V_1153,sdv-id-DIRHqD,Solar Panels,1236,120.0,1527,SHIP_V_1153,9.3
SHIP_V_1580,sdv-id-yJcxxa,Industrial Chemicals,395,50.0,147,SHIP_V_1580,6.9
SHIP_V_1063,sdv-id-ekGojP,Raw Jute,257,5.0,1428,SHIP_V_1063,50.4
SHIP_V_1021,sdv-id-nJCguZ,Raw Jute,1477,5.0,1090,SHIP_V_1021,294.4
SHIP_V_1163,sdv-id-gRPrcg,Smartphones,187,300.0,950,SHIP_V_1163,-0.3766666666666666
SHIP_V_1904,sdv-id-hIQFdy,Ready-made Garments,424,8.5,781,SHIP_V_1904,48.88235294117647
SHIP_V_1895,sdv-id-IXKBOa,Industrial Chemicals,684,50.0,818,SHIP_V_1895,12.68
SHIP_V_1533,sdv-id-smeTch,Ready-made Garments,669,8.5,1160,SHIP_V_1533,77.70588235294117
SHIP_V_1125,sdv-id-JkbOtL,Solar Panels,565,120.0,1644,SHIP_V_1125,3.7083333333333335
SHIP_V_1006,sdv-id-djPxPn,Industrial Chemicals,319,50.0,1569,SHIP_V_1006,5.38
SHIP_V_1169,sdv-id-lAJTEh,Smartphones,994,300.0,1140,SHIP_V_1169,2.3133333333333335
SHIP_V_1472,sdv-id-AyubmY,Ready-made Garments,267,8.5,359,SHIP_V_1472,30.41176470588235
SHIP_V_1185,sdv-id-iddBXw,Raw Jute,783,5.0,1972,SHIP_V_1185,155.6
SHIP_V_1213,sdv-id-FQEEzv,Solar Panels,687,120.0,1332,SHIP_V_1213,4.725
SHIP_V_1126,sdv-id-xgsXIZ,Smartphones,1713,300.0,519,SHIP_V_1126,4.71
SHIP_V_1422,sdv-id-aBFXbT,Raw Jute,1967,5.0,153,SHIP_V_1422,392.4
SHIP_V_1002,sdv-id-Enxwnh,Smartphones,1404,300.0,753,SHIP_V_1002,3.68
SHIP_V_1881,sdv-id-XYwnig,Smartphones,232,300.0,1096,SHIP_V_1881,-0.2266666666666666
SHIP_V_1431,sdv-id-ocKMuV,Industrial Chemicals,418,50.0,670,SHIP_V_1431,7.36
SHIP_V_1440,sdv-id-WeSWKy,Smartphones,298,300.0,1258,SHIP_V_1440,-0.0066666666666666
SHIP_V_1687,sdv-id-gNPDsi,Industrial Chemicals,607,50.0,1236,SHIP_V_1687,11.14
SHIP_V_1640,sdv-id-aRpeol,Solar Panels,371,120.0,590,SHIP_V_1640,2.091666666666667
SHIP_V_1061,sdv-id-hSstRj,Smartphones,265,300.0,1378,SHIP_V_1061,-0.1166666666666666
SHIP_V_1578,sdv-id-qREEcL,Ready-made Garments,1882,8.5,922,SHIP_V_1578,220.41176470588235
SHIP_V_1495,sdv-id-TGZYLr,Smartphones,44,300.0,213,SHIP_V_1495,-0.8533333333333334
SHIP_V_1718,sdv-id-cMluCu,Industrial Chemicals,125,50.0,1901,SHIP_V_1718,1.5
SHIP_V_1411,sdv-id-vIMFBL,Ready-made Garments,292,8.5,600,SHIP_V_1411,33.35294117647059
SHIP_V_1497,sdv-id-VMwTQo,Solar Panels,46,120.0,1345,SHIP_V_1497,-0.6166666666666667
SHIP_V_1072,sdv-id-nsCxxd,Smartphones,1274,300.0,1672,SHIP_V_1072,3.2466666666666666
SHIP_V_1010,sdv-id-KsGWAn,Industrial Chemicals,99,50.0,569,SHIP_V_1010,0.98
SHIP_V_1374,sdv-id-jMRzrj,Smartphones,1678,300.0,1068,SHIP_V_1374,4.593333333333334
SHIP_V_1934,sdv-id-HHNFhO,Smartphones,576,300.0,1084,SHIP_V_1934,0.92
SHIP_V_1724,sdv-id-Fvtxvk,Industrial Chemicals,919,50.0,1952,SHIP_V_1724,17.38
SHIP_V_1129,sdv-id-vWKRID,Solar Panels,810,120.0,974,SHIP_V_1129,5.75
SHIP_V_1046,sdv-id-xcdFob,Ready-made Garments,3,8.5,1507,SHIP_V_1046,-0.6470588235294118
SHIP_V_1907,sdv-id-wRRYom,Solar Panels,304,120.0,905,SHIP_V_1907,1.5333333333333334
SHIP_V_1855,sdv-id-BiTqVO,Smartphones,1011,300.0,1516,SHIP_V_1855,2.37
SHIP_V_1135,sdv-id-eFtecz,Raw Jute,310,5.0,552,SHIP_V_1135,61.0
SHIP_V_1976,sdv-id-XIFWhA,Ready-made Garments,947,8.5,1488,SHIP_V_1976,110.41176470588236
SHIP_V_1313,sdv-id-CGxsQn,Smartphones,111,300.0,693,SHIP_V_1313,-0.63
SHIP_V_1440,sdv-id-DgDKPg,Industrial Chemicals,199,50.0,1381,SHIP_V_1440,2.98
SHIP_V_1353,sdv-id-zHYoFz,Industrial Chemicals,1794,50.0,1765,SHIP_V_1353,34.88
SHIP_V_1201,sdv-id-ZpbFBW,Ready-made Garments,872,8.5,206,SHIP_V_1201,101.58823529411764
SHIP_V_1645,sdv-id-vwIDSp,Solar Panels,211,120.0,1204,SHIP_V_1645,0.7583333333333333
SHIP_V_1945,sdv-id-fkstfr,Smartphones,756,300.0,1886,SHIP_V_1945,1.52
SHIP_V_1832,sdv-id-GTsBUc,Industrial Chemicals,1723,50.0,361,SHIP_V_1832,33.46
SHIP_V_1986,sdv-id-wKrMXC,Solar Panels,319,120.0,489,SHIP_V_1986,1.6583333333333334
SHIP_V_1229,sdv-id-fPNvbA,Ready-made Garments,639,8.5,972,SHIP_V_1229,74.17647058823529
SHIP_V_1753,sdv-id-dgrlju,Smartphones,1034,300.0,1798,SHIP_V_1753,2.4466666666666668
SHIP_V_1329,sdv-id-FgedTt,Smartphones,853,300.0,1346,SHIP_V_1329,1.8433333333333333
SHIP_V_1626,sdv-id-aVaJvf,Raw Jute,517,5.0,843,SHIP_V_1626,102.4
SHIP_V_1434,sdv-id-ICZuOk,Raw Jute,346,5.0,1048,SHIP_V_1434,68.2
SHIP_V_1852,sdv-id-LtVQJy,Industrial Chemicals,1029,50.0,1973,SHIP_V_1852,19.58
SHIP_V_1519,sdv-id-dettpe,Ready-made Garments,22,8.5,1691,SHIP_V_1519,1.588235294117647
SHIP_V_1517,sdv-id-ppVCxV,Industrial Chemicals,1369,50.0,1518,SHIP_V_1517,26.38
SHIP_V_1102,sdv-id-GFcRXF,Ready-made Garments,499,8.5,478,SHIP_V_1102,57.705882352941174
SHIP_V_1415,sdv-id-xwvUgf,Raw Jute,838,5.0,958,SHIP_V_1415,166.6
SHIP_V_1827,sdv-id-pAFrqr,Smartphones,359,300.0,1986,SHIP_V_1827,0.1966666666666666
SHIP_V_1511,sdv-id-BbIRnZ,Smartphones,331,300.0,1138,SHIP_V_1511,0.1033333333333333
SHIP_V_1627,sdv-id-LYiQmk,Ready-made Garments,1077,8.5,663,SHIP_V_1627,125.70588235294116
SHIP_V_1814,sdv-id-BteVmF,Smartphones,902,300.0,776,SHIP_V_1814,2.006666666666667
SHIP_V_1264,sdv-id-RQCqlF,Industrial Chemicals,2736,50.0,174,SHIP_V_1264,53.72
SHIP_V_1477,sdv-id-EKccMR,Ready-made Garments,608,8.5,1308,SHIP_V_1477,70.52941176470588
SHIP_V_1971,sdv-id-LaVFoJ,Solar Panels,1489,120.0,319,SHIP_V_1971,11.408333333333331
SHIP_V_1711,sdv-id-PXwJeG,Industrial Chemicals,567,50.0,1244,SHIP_V_1711,10.34
SHIP_V_1222,sdv-id-vSEveB,Solar Panels,202,120.0,1923,SHIP_V_1222,0.6833333333333333
SHIP_V_1650,sdv-id-upvViN,Industrial Chemicals,642,50.0,1765,SHIP_V_1650,11.84
SHIP_V_1577,sdv-id-JpSsHp,Raw Jute,533,5.0,459,SHIP_V_1577,105.6
SHIP_V_1004,sdv-id-chjGEq,Ready-made Garments,4,8.5,1097,SHIP_V_1004,-0.5294117647058824
SHIP_V_1603,sdv-id-BgheJt,Ready-made Garments,1162,8.5,611,SHIP_V_1603,135.7058823529412
SHIP_V_1441,sdv-id-VDkfGL,Industrial Chemicals,17,50.0,1119,SHIP_V_1441,-0.66
SHIP_V_1670,sdv-id-DNDQYk,Smartphones,720,300.0,472,SHIP_V_1670,1.4
SHIP_V_1946,sdv-id-wzWKpr,Industrial Chemicals,1132,50.0,1234,SHIP_V_1946,21.64
SHIP_V_1138,sdv-id-QbfaOH,Solar Panels,464,120.0,765,SHIP_V_1138,2.8666666666666667
SHIP_V_1637,sdv-id-ZFLTym,Industrial Chemicals,2364,50.0,1735,SHIP_V_1637,46.28
SHIP_V_1815,sdv-id-XnfaqZ,Industrial Chemicals,209,50.0,1628,SHIP_V_1815,3.18
SHIP_V_1337,sdv-id-nwzVpK,Smartphones,698,300.0,1453,SHIP_V_1337,1.3266666666666669
SHIP_V_1363,sdv-id-HwFPTZ,Smartphones,394,300.0,1975,SHIP_V_1363,0.3133333333333333
SHIP_V_1178,sdv-id-KUeKXy,Industrial Chemicals,1195,50.0,901,SHIP_V_1178,22.9
SHIP_V_1460,sdv-id-tECLtt,Solar Panels,935,120.0,868,SHIP_V_1460,6.791666666666667
SHIP_V_1008,sdv-id-pVffKH,Raw Jute,1719,5.0,1424,SHIP_V_1008,342.8
SHIP_V_1860,sdv-id-kvqfeQ,Industrial Chemicals,1009,50.0,314,SHIP_V_1860,19.18
SHIP_V_1168,sdv-id-FymDCX,Raw Jute,457,5.0,1100,SHIP_V_1168,90.4
SHIP_V_1086,sdv-id-ZrSWmY,Smartphones,102,300.0,1822,SHIP_V_1086,-0.66
SHIP_V_1577,sdv-id-EHpDUG,Smartphones,517,300.0,702,SHIP_V_1577,0.7233333333333334
SHIP_V_1268,sdv-id-TWeARu,Ready-made Garments,536,8.5,1188,SHIP_V_1268,62.05882352941177
SHIP_V_1735,sdv-id-jELetr,Solar Panels,320,120.0,1737,SHIP_V_1735,1.6666666666666667
SHIP_V_1768,sdv-id-oUsljV,Industrial Chemicals,1136,50.0,1905,SHIP_V_1768,21.72
SHIP_V_1260,sdv-id-ofaEWJ,Industrial Chemicals,326,50.0,1673,SHIP_V_1260,5.52
SHIP_V_1765,sdv-id-dzhslX,Smartphones,1105,300.0,1631,SHIP_V_1765,2.683333333333333
SHIP_V_1019,sdv-id-GIXYvY,Solar Panels,1032,120.0,1231,SHIP_V_1019,7.6
SHIP_V_1932,sdv-id-nEFKUH,Industrial Chemicals,95,50.0,1313,SHIP_V_1932,0.9
SHIP_V_1226,sdv-id-ceSpKd,Smartphones,406,300.0,1619,SHIP_V_1226,0.3533333333333333
SHIP_V_1201,sdv-id-amjRte,Solar Panels,269,120.0,556,SHIP_V_1201,1.2416666666666667
SHIP_V_1211,sdv-id-OJUViB,Ready-made Garments,113,8.5,341,SHIP_V_1211,12.294117647058824
SHIP_V_1784,sdv-id-BZIDGK,Smartphones,1229,300.0,1881,SHIP_V_1784,3.0966666666666667
SHIP_V_1954,sdv-id-ZlcOiz,Industrial Chemicals,1982,50.0,535,SHIP_V_1954,38.64
SHIP_V_1794,sdv-id-CqmKLC,Smartphones,1391,300.0,767,SHIP_V_1794,3.6366666666666663
SHIP_V_1174,sdv-id-TtkFPR,Smartphones,1430,300.0,713,SHIP_V_1174,3.7666666666666666
SHIP_V_1355,sdv-id-rmDraa,Industrial Chemicals,1168,50.0,1734,SHIP_V_1355,22.36
SHIP_V_1724,sdv-id-exRaCO,Raw Jute,86,5.0,977,SHIP_V_1724,16.2
SHIP_V_1201,sdv-id-vNGTSQ,Solar Panels,470,120.0,238,SHIP_V_1201,2.9166666666666665
SHIP_V_1182,sdv-id-KMJDHU,Smartphones,1439,300.0,1593,SHIP_V_1182,3.796666666666667
SHIP_V_1948,sdv-id-lOxqhO,Smartphones,8,300.0,1113,SHIP_V_1948,-0.9733333333333334
SHIP_V_1671,sdv-id-HpWQLl,Ready-made Garments,224,8.5,1015,SHIP_V_1671,25.352941176470587
SHIP_V_1681,sdv-id-LcoCBP,Industrial Chemicals,108,50.0,876,SHIP_V_1681,1.16
SHIP_V_1251,sdv-id-EOhehk,Ready-made Garments,70,8.5,1838,SHIP_V_1251,7.235294117647059
SHIP_V_1655,sdv-id-ysdrrN,Industrial Chemicals,1058,50.0,191,SHIP_V_1655,20.16
SHIP_V_1248,sdv-id-DTYWFj,Smartphones,68,300.0,1606,SHIP_V_1248,-0.7733333333333333
SHIP_V_1026,sdv-id-hjBpzO,Smartphones,133,300.0,768,SHIP_V_1026,-0.5566666666666666
SHIP_V_1627,sdv-id-zySYiV,Raw Jute,719,5.0,1411,SHIP_V_1627,142.8
SHIP_V_1593,sdv-id-VnbMbW,Industrial Chemicals,101,50.0,610,SHIP_V_1593,1.02
SHIP_V_1717,sdv-id-VfussM,Solar Panels,332,120.0,269,SHIP_V_1717,1.7666666666666666
SHIP_V_1655,sdv-id-uhrBTg,Raw Jute,251,5.0,689,SHIP_V_1655,49.2
SHIP_V_1005,sdv-id-KvepEa,Smartphones,312,300.0,681,SHIP_V_1005,0.04
SHIP_V_1345,sdv-id-cErGKW,Smartphones,493,300.0,1905,SHIP_V_1345,0.6433333333333333
SHIP_V_1011,sdv-id-sNeyQK,Industrial Chemicals,428,50.0,1487,SHIP_V_1011,7.56
SHIP_V_1623,sdv-id-ZWXNuL,Industrial Chemicals,296,50.0,941,SHIP_V_1623,4.92
SHIP_V_1196,sdv-id-ysnqtJ,Solar Panels,1552,120.0,407,SHIP_V_1196,11.933333333333334
SHIP_V_1798,sdv-id-TUQgTB,Industrial Chemicals,262,50.0,739,SHIP_V_1798,4.24
SHIP_V_1262,sdv-id-WAKLKe,Industrial Chemicals,2245,50.0,555,SHIP_V_1262,43.9
SHIP_V_1836,sdv-id-EYihty,Smartphones,757,300.0,1353,SHIP_V_1836,1.5233333333333334
SHIP_V_1851,sdv-id-DaoHyE,Raw Jute,1022,5.0,932,SHIP_V_1851,203.4
SHIP_V_1415,sdv-id-aXUYmq,Solar Panels,173,120.0,1224,SHIP_V_1415,0.4416666666666666
SHIP_V_1245,sdv-id-FonZog,Smartphones,720,300.0,1301,SHIP_V_1245,1.4
SHIP_V_1183,sdv-id-TbdbTM,Smartphones,317,300.0,1892,SHIP_V_1183,0.0566666666666666
SHIP_V_1823,sdv-id-DHNUxy,Smartphones,474,300.0,246,SHIP_V_1823,0.58
SHIP_V_1107,sdv-id-fDjNJO,Raw Jute,308,5.0,798,SHIP_V_1107,60.6
SHIP_V_1636,sdv-id-ZzhHnV,Solar Panels,156,120.0,902,SHIP_V_1636,0.3
SHIP_V_1281,sdv-id-nFYKmn,Raw Jute,246,5.0,1241,SHIP_V_1281,48.2
SHIP_V_1743,sdv-id-xqWwhR,Raw Jute,287,5.0,1573,SHIP_V_1743,56.4
SHIP_V_1249,sdv-id-mvvluV,Solar Panels,253,120.0,567,SHIP_V_1249,1.1083333333333334
SHIP_V_1728,sdv-id-tzdtci,Ready-made Garments,926,8.5,143,SHIP_V_1728,107.94117647058825
SHIP_V_1864,sdv-id-LXkZwE,Smartphones,483,300.0,1680,SHIP_V_1864,0.61
SHIP_V_1371,sdv-id-RvGrxv,Raw Jute,1379,5.0,246,SHIP_V_1371,274.8
SHIP_V_1435,sdv-id-JxAuBk,Ready-made Garments,26,8.5,1986,SHIP_V_1435,2.0588235294117645
SHIP_V_1686,sdv-id-SKdNDD,Solar Panels,464,120.0,1379,SHIP_V_1686,2.8666666666666667
SHIP_V_1814,sdv-id-GArFNZ,Solar Panels,570,120.0,219,SHIP_V_1814,3.75
SHIP_V_1245,sdv-id-hvJZhx,Smartphones,69,300.0,1793,SHIP_V_1245,-0.77
SHIP_V_1521,sdv-id-vPDodq,Ready-made Garments,606,8.5,296,SHIP_V_1521,70.29411764705883
SHIP_V_1986,sdv-id-OajeFE,Ready-made Garments,1107,8.5,1784,SHIP_V_1986,129.23529411764707
SHIP_V_1828,sdv-id-PdPmOK,Smartphones,687,300.0,1243,SHIP_V_1828,1.29
SHIP_V_1453,sdv-id-cWlszL,Raw Jute,253,5.0,1957,SHIP_V_1453,49.6
SHIP_V_1808,sdv-id-mopGBP,Solar Panels,692,120.0,1295,SHIP_V_1808,4.766666666666667
SHIP_V_1557,sdv-id-UCZwVu,Smartphones,877,300.0,1363,SHIP_V_1557,1.9233333333333331
SHIP_V_1470,sdv-id-YaVbgw,Raw Jute,1047,5.0,390,SHIP_V_1470,208.4
SHIP_V_1194,sdv-id-oddZhf,Smartphones,357,300.0,778,SHIP_V_1194,0.19
SHIP_V_1499,sdv-id-RUKNtH,Raw Jute,912,5.0,1682,SHIP_V_1499,181.4
SHIP_V_1667,sdv-id-cGYMBr,Industrial Chemicals,2465,50.0,1449,SHIP_V_1667,48.3
SHIP_V_1764,sdv-id-amCMfL,Ready-made Garments,607,8.5,381,SHIP_V_1764,70.41176470588235
SHIP_V_1520,sdv-id-cVqSsa,Ready-made Garments,697,8.5,188,SHIP_V_1520,81.0
SHIP_V_1407,sdv-id-GzQPwe,Smartphones,901,300.0,1005,SHIP_V_1407,2.0033333333333334
SHIP_V_1985,sdv-id-pZDAlP,Raw Jute,131,5.0,1583,SHIP_V_1985,25.2
SHIP_V_1201,sdv-id-TePixC,Smartphones,1170,300.0,1831,SHIP_V_1201,2.9
SHIP_V_1982,sdv-id-pXqBSQ,Smartphones,631,300.0,758,SHIP_V_1982,1.1033333333333333
SHIP_V_1071,sdv-id-GxRCUL,Smartphones,1132,300.0,477,SHIP_V_1071,2.7733333333333334
SHIP_V_1985,sdv-id-BxZiPV,Smartphones,504,300.0,1331,SHIP_V_1985,0.68
SHIP_V_1446,sdv-id-dmCEBB,Smartphones,802,300.0,1611,SHIP_V_1446,1.6733333333333331
SHIP_V_1060,sdv-id-aGJdoO,Raw Jute,150,5.0,711,SHIP_V_1060,29.0
SHIP_V_1745,sdv-id-kfCVSM,Ready-made Garments,188,8.5,1537,SHIP_V_1745,21.11764705882353
SHIP_V_1000,sdv-id-dNLpal,Smartphones,1095,300.0,139,SHIP_V_1000,2.65
SHIP_V_1469,sdv-id-AsfQkY,Solar Panels,206,120.0,1313,SHIP_V_1469,0.7166666666666667
SHIP_V_1683,sdv-id-byOUes,Smartphones,861,300.0,1606,SHIP_V_1683,1.87
SHIP_V_1380,sdv-id-YYNKQe,Raw Jute,656,5.0,1237,SHIP_V_1380,130.2
SHIP_V_1160,sdv-id-JOhHSR,Smartphones,229,300.0,1658,SHIP_V_1160,-0.2366666666666666
SHIP_V_1164,sdv-id-HILKiz,Industrial Chemicals,462,50.0,1831,SHIP_V_1164,8.24
SHIP_V_1627,sdv-id-rvOQKf,Raw Jute,1541,5.0,486,SHIP_V_1627,307.2
SHIP_V_1141,sdv-id-JEjtyo,Smartphones,786,300.0,1448,SHIP_V_1141,1.62
SHIP_V_1474,sdv-id-NnMNtR,Raw Jute,159,5.0,1341,SHIP_V_1474,30.8
SHIP_V_1245,sdv-id-cEZDIM,Raw Jute,62,5.0,516,SHIP_V_1245,11.4
SHIP_V_1567,sdv-id-btUoLF,Smartphones,233,300.0,189,SHIP_V_1567,-0.2233333333333333
SHIP_V_1002,sdv-id-pkkZbw,Ready-made Garments,1550,8.5,428,SHIP_V_1002,181.35294117647055
SHIP_V_1659,sdv-id-fWSBBj,Raw Jute,981,5.0,846,SHIP_V_1659,195.2
SHIP_V_1002,sdv-id-BqqNbi,Smartphones,529,300.0,560,SHIP_V_1002,0.7633333333333333
SHIP_V_1082,sdv-id-DTbVVc,Smartphones,672,300.0,759,SHIP_V_1082,1.24
SHIP_V_1257,sdv-id-WDIeot,Raw Jute,1413,5.0,1738,SHIP_V_1257,281.6
SHIP_V_1138,sdv-id-piEIMJ,Industrial Chemicals,1136,50.0,839,SHIP_V_1138,21.72
SHIP_V_1417,sdv-id-iNLeuO,Smartphones,986,300.0,1269,SHIP_V_1417,2.286666666666666
SHIP_V_1587,sdv-id-CJUTON,Raw Jute,610,5.0,839,SHIP_V_1587,121.0
SHIP_V_1356,sdv-id-ssxnMY,Ready-made Garments,988,8.5,1063,SHIP_V_1356,115.23529411764706
SHIP_V_1512,sdv-id-QhJVxH,Ready-made Garments,236,8.5,1841,SHIP_V_1512,26.764705882352946
SHIP_V_1115,sdv-id-mhCXrM,Raw Jute,759,5.0,1124,SHIP_V_1115,150.8
SHIP_V_1734,sdv-id-CFABlc,Ready-made Garments,1034,8.5,811,SHIP_V_1734,120.6470588235294
SHIP_V_1675,sdv-id-xzLTcr,Industrial Chemicals,2029,50.0,695,SHIP_V_1675,39.58
SHIP_V_1487,sdv-id-wkprIo,Industrial Chemicals,585,50.0,1518,SHIP_V_1487,10.7
SHIP_V_1625,sdv-id-BxSonU,Smartphones,968,300.0,749,SHIP_V_1625,2.2266666666666666
SHIP_V_1044,sdv-id-IlDZdU,Raw Jute,349,5.0,1360,SHIP_V_1044,68.8
SHIP_V_1925,sdv-id-JKFWuU,Smartphones,2050,300.0,984,SHIP_V_1925,5.833333333333333
SHIP_V_1884,sdv-id-MXdPNy,Raw Jute,194,5.0,700,SHIP_V_1884,37.8
SHIP_V_1516,sdv-id-QZBfWb,Industrial Chemicals,270,50.0,1640,SHIP_V_1516,4.4
SHIP_V_1779,sdv-id-hbvuWN,Ready-made Garments,320,8.5,1799,SHIP_V_1779,36.64705882352941
SHIP_V_1004,sdv-id-qkyrSU,Solar Panels,1417,120.0,531,SHIP_V_1004,10.808333333333334
SHIP_V_1350,sdv-id-mTVJeO,Solar Panels,157,120.0,202,SHIP_V_1350,0.3083333333333333
SHIP_V_1365,sdv-id-AuFRVv,Solar Panels,147,120.0,1843,SHIP_V_1365,0.225
SHIP_V_1434,sdv-id-VCYsag,Solar Panels,348,120.0,1392,SHIP_V_1434,1.9
SHIP_V_1912,sdv-id-PgABQW,Industrial Chemicals,841,50.0,446,SHIP_V_1912,15.82
SHIP_V_1882,sdv-id-kMIYrz,Solar Panels,1687,120.0,1587,SHIP_V_1882,13.058333333333334
SHIP_V_1329,sdv-id-OhHVTX,Solar Panels,138,120.0,695,SHIP_V_1329,0.15
SHIP_V_1800,sdv-id-GCLKuO,Raw Jute,1174,5.0,188,SHIP_V_1800,233.8
SHIP_V_1049,sdv-id-bOTNxo,Smartphones,300,300.0,1987,SHIP_V_1049,0.0
SHIP_V_1843,sdv-id-bCoTQj,Smartphones,823,300.0,985,SHIP_V_1843,1.7433333333333334
SHIP_V_1985,sdv-id-ozlBeB,Smartphones,782,300.0,356,SHIP_V_1985,1.606666666666667
SHIP_V_1125,sdv-id-dTXxAn,Industrial Chemicals,983,50.0,1746,SHIP_V_1125,18.66
SHIP_V_1405,sdv-id-etTaFg,Industrial Chemicals,483,50.0,1860,SHIP_V_1405,8.66
SHIP_V_1671,sdv-id-cPWWis,Solar Panels,253,120.0,1537,SHIP_V_1671,1.1083333333333334
SHIP_V_1590,sdv-id-yoTPKS,Solar Panels,40,120.0,1766,SHIP_V_1590,-0.6666666666666666
SHIP_V_1555,sdv-id-JsgYEk,Solar Panels,1388,120.0,397,SHIP_V_1555,10.566666666666666
SHIP_V_1800,sdv-id-IepakX,Ready-made Garments,72,8.5,1469,SHIP_V_1800,7.470588235294118
SHIP_V_1080,sdv-id-fNipmL,Smartphones,1535,300.0,987,SHIP_V_1080,4.116666666666666
SHIP_V_1647,sdv-id-rpNqvn,Solar Panels,561,120.0,1740,SHIP_V_1647,3.675
SHIP_V_1059,sdv-id-rwLWHF,Ready-made Garments,229,8.5,994,SHIP_V_1059,25.941176470588236
SHIP_V_1372,sdv-id-RGrXqg,Raw Jute,19,5.0,174,SHIP_V_1372,2.8
SHIP_V_1348,sdv-id-tQADMr,Ready-made Garments,1369,8.5,974,SHIP_V_1348,160.05882352941177
SHIP_V_1672,sdv-id-fnzxaw,Industrial Chemicals,966,50.0,1714,SHIP_V_1672,18.32
SHIP_V_1542,sdv-id-SPDMcw,Raw Jute,493,5.0,1481,SHIP_V_1542,97.6
SHIP_V_1134,sdv-id-FJCDSb,Industrial Chemicals,1091,50.0,1890,SHIP_V_1134,20.82
SHIP_V_1880,sdv-id-Yzzfpf,Raw Jute,1021,5.0,1455,SHIP_V_1880,203.2
SHIP_V_1765,sdv-id-kzkSme,Smartphones,1161,300.0,1827,SHIP_V_1765,2.87
SHIP_V_1127,sdv-id-OCzUca,Industrial Chemicals,80,50.0,1350,SHIP_V_1127,0.6
SHIP_V_1573,sdv-id-hILIVE,Raw Jute,1574,5.0,403,SHIP_V_1573,313.8
SHIP_V_1567,sdv-id-gWlboL,Ready-made Garments,87,8.5,1237,SHIP_V_1567,9.235294117647058
SHIP_V_1355,sdv-id-qHHPBf,Industrial Chemicals,2579,50.0,508,SHIP_V_1355,50.58
SHIP_V_1121,sdv-id-uRqlQf,Smartphones,575,300.0,198,SHIP_V_1121,0.9166666666666666
SHIP_V_1976,sdv-id-sVoiyQ,Ready-made Garments,1046,8.5,953,SHIP_V_1976,122.05882352941175
SHIP_V_1483,sdv-id-NKIJKv,Industrial Chemicals,45,50.0,816,SHIP_V_1483,-0.1
SHIP_V_1710,sdv-id-KbJbrk,Smartphones,245,300.0,471,SHIP_V_1710,-0.1833333333333333
SHIP_V_1045,sdv-id-Hyzwqb,Raw Jute,691,5.0,1742,SHIP_V_1045,137.2
SHIP_V_1209,sdv-id-JOTEzX,Smartphones,747,300.0,1251,SHIP_V_1209,1.49
SHIP_V_1194,sdv-id-geHrae,Smartphones,434,300.0,856,SHIP_V_1194,0.4466666666666666
SHIP_V_1747,sdv-id-uqtDwo,Industrial Chemicals,541,50.0,261,SHIP_V_1747,9.82
SHIP_V_1711,sdv-id-QNfuss,Industrial Chemicals,1164,50.0,1655,SHIP_V_1711,22.28
SHIP_V_1125,sdv-id-JdfEXR,Ready-made Garments,546,8.5,1016,SHIP_V_1125,63.23529411764706
SHIP_V_1017,sdv-id-EYhCWF,Smartphones,269,300.0,254,SHIP_V_1017,-0.1033333333333333
SHIP_V_1391,sdv-id-EbcRzC,Raw Jute,468,5.0,678,SHIP_V_1391,92.6
SHIP_V_1569,sdv-id-PeDHLx,Raw Jute,1209,5.0,203,SHIP_V_1569,240.8
SHIP_V_1223,sdv-id-EfqKUT,Smartphones,32,300.0,839,SHIP_V_1223,-0.8933333333333333
SHIP_V_1596,sdv-id-DWspHs,Raw Jute,633,5.0,1133,SHIP_V_1596,125.6
SHIP_V_1592,sdv-id-AQNhZv,Ready-made Garments,2354,8.5,613,SHIP_V_1592,275.94117647058823
SHIP_V_1146,sdv-id-VVEfsT,Industrial Chemicals,981,50.0,1327,SHIP_V_1146,18.62
SHIP_V_1773,sdv-id-HeqxOQ,Industrial Chemicals,2133,50.0,420,SHIP_V_1773,41.66
SHIP_V_1329,sdv-id-xbbVQN,Smartphones,898,300.0,1317,SHIP_V_1329,1.9933333333333336
SHIP_V_1738,sdv-id-KeIgDD,Smartphones,915,300.0,699,SHIP_V_1738,2.05
SHIP_V_1785,sdv-id-XxVpZN,Industrial Chemicals,1080,50.0,1446,SHIP_V_1785,20.6
SHIP_V_1403,sdv-id-zPachK,Raw Jute,425,5.0,1495,SHIP_V_1403,84.0
SHIP_V_1814,sdv-id-xwawff,Smartphones,748,300.0,752,SHIP_V_1814,1.4933333333333334
SHIP_V_1250,sdv-id-uVmMQM,Raw Jute,74,5.0,205,SHIP_V_1250,13.8
SHIP_V_1920,sdv-id-AZveVr,Ready-made Garments,1749,8.5,1020,SHIP_V_1920,204.76470588235293
SHIP_V_1700,sdv-id-QSjJtn,Raw Jute,801,5.0,154,SHIP_V_1700,159.2
SHIP_V_1471,sdv-id-QXdbNF,Solar Panels,25,120.0,1507,SHIP_V_1471,-0.7916666666666666
SHIP_V_1868,sdv-id-PFMgtR,Industrial Chemicals,359,50.0,1325,SHIP_V_1868,6.18
SHIP_V_1854,sdv-id-bCLUmC,Solar Panels,1043,120.0,1404,SHIP_V_1854,7.691666666666666
SHIP_V_1973,sdv-id-lRrbwZ,Industrial Chemicals,1657,50.0,1229,SHIP_V_1973,32.14
SHIP_V_1969,sdv-id-YarzTv,Industrial Chemicals,107,50.0,1937,SHIP_V_1969,1.14
SHIP_V_1586,sdv-id-kCrSsR,Ready-made Garments,284,8.5,1581,SHIP_V_1586,32.411764705882355
SHIP_V_1311,sdv-id-TbyyFA,Industrial Chemicals,311,50.0,1010,SHIP_V_1311,5.22
SHIP_V_1196,sdv-id-IEHyhU,Solar Panels,1450,120.0,1960,SHIP_V_1196,11.083333333333334
SHIP_V_1867,sdv-id-bIWPXD,Industrial Chemicals,29,50.0,707,SHIP_V_1867,-0.42
SHIP_V_1852,sdv-id-qVzOgw,Industrial Chemicals,659,50.0,911,SHIP_V_1852,12.18
SHIP_V_1638,sdv-id-HbkIPf,Solar Panels,437,120.0,802,SHIP_V_1638,2.6416666666666666
SHIP_V_1919,sdv-id-HViJTM,Industrial Chemicals,750,50.0,599,SHIP_V_1919,14.0
SHIP_V_1654,sdv-id-XtbxbN,Ready-made Garments,978,8.5,599,SHIP_V_1654,114.05882352941175
SHIP_V_1544,sdv-id-ynWLZH,Industrial Chemicals,316,50.0,750,SHIP_V_1544,5.32
SHIP_V_1816,sdv-id-ZUUUXY,Raw Jute,406,5.0,1705,SHIP_V_1816,80.2
SHIP_V_1648,sdv-id-yFHREZ,Smartphones,1824,300.0,1484,SHIP_V_1648,5.08
SHIP_V_1369,sdv-id-Qnqcln,Ready-made Garments,64,8.5,1532,SHIP_V_1369,6.529411764705882
SHIP_V_1443,sdv-id-MiSEQN,Solar Panels,1029,120.0,270,SHIP_V_1443,7.575
SHIP_V_1520,sdv-id-IGUdVB,Smartphones,629,300.0,537,SHIP_V_1520,1.096666666666667
SHIP_V_1531,sdv-id-XCQdPB,Smartphones,1064,300.0,1703,SHIP_V_1531,2.546666666666667
SHIP_V_1394,sdv-id-tGWpJu,Raw Jute,1274,5.0,626,SHIP_V_1394,253.8
SHIP_V_1944,sdv-id-tdEXXU,Solar Panels,150,120.0,1403,SHIP_V_1944,0.25
SHIP_V_1443,sdv-id-SeyzpZ,Ready-made Garments,345,8.5,1693,SHIP_V_1443,39.588235294117645
SHIP_V_1225,sdv-id-xUqGEw,Ready-made Garments,823,8.5,1074,SHIP_V_1225,95.82352941176472
SHIP_V_1464,sdv-id-KaqFMq,Ready-made Garments,147,8.5,1900,SHIP_V_1464,16.294117647058822
SHIP_V_1724,sdv-id-yOLaRh,Raw Jute,130,5.0,1603,SHIP_V_1724,25.0
SHIP_V_1049,sdv-id-OayQqw,Solar Panels,11,120.0,235,SHIP_V_1049,-0.9083333333333332
SHIP_V_1713,sdv-id-lIcnAk,Smartphones,51,300.0,467,SHIP_V_1713,-0.83
SHIP_V_1067,sdv-id-VsOEXP,Smartphones,1859,300.0,1365,SHIP_V_1067,5.196666666666666
SHIP_V_1567,sdv-id-TsQkLC,Smartphones,384,300.0,1780,SHIP_V_1567,0.28
SHIP_V_1535,sdv-id-AtAyYS,Raw Jute,565,5.0,1386,SHIP_V_1535,112.0
SHIP_V_1613,sdv-id-qhuEGD,Ready-made Garments,636,8.5,343,SHIP_V_1613,73.82352941176471
SHIP_V_1578,sdv-id-EJQvve,Smartphones,1149,300.0,887,SHIP_V_1578,2.83
SHIP_V_1315,sdv-id-BLBbXA,Industrial Chemicals,292,50.0,1188,SHIP_V_1315,4.84
SHIP_V_1248,sdv-id-UoWTpP,Smartphones,703,300.0,1815,SHIP_V_1248,1.3433333333333333
SHIP_V_1485,sdv-id-VNpScy,Smartphones,259,300.0,1191,SHIP_V_1485,-0.1366666666666666
SHIP_V_1570,sdv-id-oEVQJx,Solar Panels,135,120.0,662,SHIP_V_1570,0.125
SHIP_V_1469,sdv-id-DFOmPI,Ready-made Garments,467,8.5,1590,SHIP_V_1469,53.94117647058823
SHIP_V_1002,sdv-id-UkpAkt,Smartphones,1195,300.0,582,SHIP_V_1002,2.9833333333333334
SHIP_V_1743,sdv-id-oXIbPj,Solar Panels,571,120.0,609,SHIP_V_1743,3.7583333333333337
SHIP_V_1979,sdv-id-KgHihz,Solar Panels,565,120.0,1072,SHIP_V_1979,3.7083333333333335
SHIP_V_1941,sdv-id-JgoZhl,Solar Panels,329,120.0,446,SHIP_V_1941,1.7416666666666667
SHIP_V_1120,sdv-id-DSemjr,Smartphones,228,300.0,1028,SHIP_V_1120,-0.24
SHIP_V_1721,sdv-id-tlVBld,Ready-made Garments,728,8.5,1970,SHIP_V_1721,84.6470588235294
SHIP_V_1564,sdv-id-HRefRz,Smartphones,210,300.0,1721,SHIP_V_1564,-0.3
SHIP_V_1267,sdv-id-aEgNpx,Industrial Chemicals,1950,50.0,1117,SHIP_V_1267,38.0
SHIP_V_1624,sdv-id-AWyqQI,Ready-made Garments,662,8.5,291,SHIP_V_1624,76.88235294117646
SHIP_V_1127,sdv-id-NVfFYA,Smartphones,109,300.0,371,SHIP_V_1127,-0.6366666666666667
SHIP_V_1383,sdv-id-FVOZHC,Ready-made Garments,2044,8.5,681,SHIP_V_1383,239.47058823529412
SHIP_V_1825,sdv-id-RVHddA,Ready-made Garments,255,8.5,547,SHIP_V_1825,29.0
SHIP_V_1745,sdv-id-lveAOq,Ready-made Garments,403,8.5,496,SHIP_V_1745,46.411764705882355
SHIP_V_1571,sdv-id-XFhUGK,Smartphones,1018,300.0,142,SHIP_V_1571,2.3933333333333335
SHIP_V_1780,sdv-id-eXaNRC,Solar Panels,1156,120.0,1349,SHIP_V_1780,8.633333333333333
SHIP_V_1081,sdv-id-VDKMwu,Raw Jute,407,5.0,1753,SHIP_V_1081,80.4
SHIP_V_1309,sdv-id-wSzZSe,Smartphones,210,300.0,1283,SHIP_V_1309,-0.3
SHIP_V_1374,sdv-id-pppSKU,Raw Jute,226,5.0,1554,SHIP_V_1374,44.2
SHIP_V_1457,sdv-id-eVwSGM,Industrial Chemicals,95,50.0,1876,SHIP_V_1457,0.9
SHIP_V_1244,sdv-id-SnVmSm,Industrial Chemicals,98,50.0,1523,SHIP_V_1244,0.96
SHIP_V_1896,sdv-id-oYAIsf,Industrial Chemicals,277,50.0,834,SHIP_V_1896,4.54
SHIP_V_1020,sdv-id-CbmHJe,Raw Jute,404,5.0,547,SHIP_V_1020,79.8
SHIP_V_1285,sdv-id-HkfPPd,Ready-made Garments,471,8.5,703,SHIP_V_1285,54.411764705882355
SHIP_V_1930,sdv-id-LtDHsx,Raw Jute,1328,5.0,1410,SHIP_V_1930,264.6
SHIP_V_1399,sdv-id-vttqYg,Industrial Chemicals,519,50.0,1195,SHIP_V_1399,9.38
SHIP_V_1178,sdv-id-MJJbVQ,Solar Panels,33,120.0,1132,SHIP_V_1178,-0.725
SHIP_V_1768,sdv-id-KaBNOE,Raw Jute,575,5.0,912,SHIP_V_1768,114.0
SHIP_V_1003,sdv-id-XqLxaE,Industrial Chemicals,357,50.0,1496,SHIP_V_1003,6.14
SHIP_V_1326,sdv-id-MYourS,Solar Panels,1169,120.0,1394,SHIP_V_1326,8.741666666666667
SHIP_V_1254,sdv-id-XlUZLd,Smartphones,1677,300.0,1479,SHIP_V_1254,4.59
SHIP_V_1356,sdv-id-aUHmds,Ready-made Garments,520,8.5,1593,SHIP_V_1356,60.1764705882353
SHIP_V_1573,sdv-id-fYicpJ,Raw Jute,1285,5.0,1196,SHIP_V_1573,256.0
SHIP_V_1068,sdv-id-hqRNqM,Industrial Chemicals,760,50.0,1983,SHIP_V_1068,14.2
SHIP_V_1885,sdv-id-iCcDpI,Raw Jute,672,5.0,1144,SHIP_V_1885,133.4
SHIP_V_1946,sdv-id-eCLwAE,Raw Jute,110,5.0,1988,SHIP_V_1946,21.0
SHIP_V_1444,sdv-id-oQjWTC,Raw Jute,1021,5.0,131,SHIP_V_1444,203.2
SHIP_V_1782,sdv-id-QeatVD,Industrial Chemicals,1082,50.0,1209,SHIP_V_1782,20.64
SHIP_V_1544,sdv-id-mgdurq,Ready-made Garments,248,8.5,1502,SHIP_V_1544,28.176470588235293
SHIP_V_1152,sdv-id-TVjgFF,Smartphones,2465,300.0,1382,SHIP_V_1152,7.216666666666667
SHIP_V_1065,sdv-id-WNPgjy,Industrial Chemicals,672,50.0,744,SHIP_V_1065,12.44
SHIP_V_1920,sdv-id-UNzRLJ,Industrial Chemicals,1242,50.0,1535,SHIP_V_1920,23.84
SHIP_V_1263,sdv-id-atHSGk,Smartphones,978,300.0,1389,SHIP_V_1263,2.26
SHIP_V_1980,sdv-id-yzgTUx,Raw Jute,1029,5.0,385,SHIP_V_1980,204.8
SHIP_V_1407,sdv-id-uJqDlB,Smartphones,20,300.0,1542,SHIP_V_1407,-0.9333333333333332
SHIP_V_1571,sdv-id-GbfDNq,Ready-made Garments,1305,8.5,324,SHIP_V_1571,152.52941176470588
SHIP_V_1595,sdv-id-FvsrCZ,Industrial Chemicals,1567,50.0,177,SHIP_V_1595,30.34
SHIP_V_1075,sdv-id-yMLPhy,Smartphones,118,300.0,273,SHIP_V_1075,-0.6066666666666667
SHIP_V_1293,sdv-id-ULvxvd,Smartphones,513,300.0,335,SHIP_V_1293,0.71
SHIP_V_1841,sdv-id-mUfDPL,Smartphones,1086,300.0,466,SHIP_V_1841,2.62
SHIP_V_1345,sdv-id-mMhMbq,Raw Jute,1389,5.0,1450,SHIP_V_1345,276.8
SHIP_V_1593,sdv-id-SqGFAh,Raw Jute,840,5.0,353,SHIP_V_1593,167.0
SHIP_V_1474,sdv-id-EADHNC,Raw Jute,38,5.0,1267,SHIP_V_1474,6.6
SHIP_V_1981,sdv-id-euIyDO,Industrial Chemicals,786,50.0,419,SHIP_V_1981,14.72
SHIP_V_1754,sdv-id-hXArZn,Ready-made Garments,620,8.5,1148,SHIP_V_1754,71.94117647058823
SHIP_V_1190,sdv-id-opqkte,Solar Panels,940,120.0,1372,SHIP_V_1190,6.833333333333333
SHIP_V_1220,sdv-id-ACIAqw,Smartphones,722,300.0,1009,SHIP_V_1220,1.4066666666666667
SHIP_V_1224,sdv-id-ggquWC,Industrial Chemicals,353,50.0,1789,SHIP_V_1224,6.06
SHIP_V_1292,sdv-id-DFaKja,Raw Jute,479,5.0,276,SHIP_V_1292,94.8
SHIP_V_1459,sdv-id-SelhDA,Raw Jute,409,5.0,800,SHIP_V_1459,80.8
SHIP_V_1176,sdv-id-GIpgVG,Ready-made Garments,338,8.5,1209,SHIP_V_1176,38.76470588235294
SHIP_V_1278,sdv-id-sOxvjm,Smartphones,448,300.0,462,SHIP_V_1278,0.4933333333333333
SHIP_V_1424,sdv-id-vyNFPc,Solar Panels,251,120.0,1568,SHIP_V_1424,1.0916666666666666
SHIP_V_1721,sdv-id-MMzJNd,Ready-made Garments,564,8.5,1120,SHIP_V_1721,65.3529411764706
SHIP_V_1765,sdv-id-xuPGth,Industrial Chemicals,430,50.0,1204,SHIP_V_1765,7.6
SHIP_V_1632,sdv-id-jSfRYF,Ready-made Garments,112,8.5,784,SHIP_V_1632,12.176470588235292
SHIP_V_1559,sdv-id-hOahHw,Industrial Chemicals,1290,50.0,121,SHIP_V_1559,24.8
SHIP_V_1426,sdv-id-YDxJEJ,Solar Panels,850,120.0,1539,SHIP_V_1426,6.083333333333333
SHIP_V_1950,sdv-id-QUcmec,Ready-made Garments,2174,8.5,575,SHIP_V_1950,254.76470588235293
SHIP_V_1313,sdv-id-LpAEiH,Raw Jute,766,5.0,957,SHIP_V_1313,152.2
SHIP_V_1947,sdv-id-ImcjoU,Smartphones,1980,300.0,698,SHIP_V_1947,5.6
SHIP_V_1558,sdv-id-KLFEFV,Smartphones,920,300.0,1243,SHIP_V_1558,2.066666666666667
SHIP_V_1546,sdv-id-dtFlyG,Raw Jute,692,5.0,569,SHIP_V_1546,137.4
SHIP_V_1103,sdv-id-KfWMJf,Smartphones,95,300.0,708,SHIP_V_1103,-0.6833333333333333
SHIP_V_1106,sdv-id-xbWFWf,Smartphones,87,300.0,408,SHIP_V_1106,-0.71
SHIP_V_1815,sdv-id-iNYRil,Raw Jute,119,5.0,491,SHIP_V_1815,22.8
SHIP_V_1307,sdv-id-ActdoR,Industrial Chemicals,103,50.0,1178,SHIP_V_1307,1.06
SHIP_V_1818,sdv-id-JFGAYH,Smartphones,262,300.0,1350,SHIP_V_1818,-0.1266666666666666
SHIP_V_1777,sdv-id-fUdYyp,Solar Panels,504,120.0,671,SHIP_V_1777,3.2
SHIP_V_1974,sdv-id-zNQRjw,Smartphones,167,300.0,1355,SHIP_V_1974,-0.4433333333333333
SHIP_V_1266,sdv-id-KAjxBb,Raw Jute,380,5.0,1453,SHIP_V_1266,75.0
SHIP_V_1871,sdv-id-OdAODC,Industrial Chemicals,1046,50.0,1014,SHIP_V_1871,19.92
SHIP_V_1332,sdv-id-OUhYrb,Solar Panels,227,120.0,161,SHIP_V_1332,0.8916666666666667
SHIP_V_1829,sdv-id-RJxyLw,Smartphones,545,300.0,266,SHIP_V_1829,0.8166666666666667
SHIP_V_1245,sdv-id-vIPAjp,Industrial Chemicals,944,50.0,1508,SHIP_V_1245,17.88
SHIP_V_1395,sdv-id-tEMxPD,Smartphones,183,300.0,1389,SHIP_V_1395,-0.39
SHIP_V_1225,sdv-id-rGKtnM,Industrial Chemicals,529,50.0,528,SHIP_V_1225,9.58
SHIP_V_1339,sdv-id-DQFcSg,Raw Jute,855,5.0,962,SHIP_V_1339,170.0
SHIP_V_1683,sdv-id-zGPRtq,Raw Jute,51,5.0,588,SHIP_V_1683,9.2
SHIP_V_1771,sdv-id-qMzBaf,Solar Panels,222,120.0,1592,SHIP_V_1771,0.85
SHIP_V_1047,sdv-id-irKSch,Raw Jute,735,5.0,1537,SHIP_V_1047,146.0
SHIP_V_1413,sdv-id-kOsvNg,Solar Panels,620,120.0,1481,SHIP_V_1413,4.166666666666667
SHIP_V_1118,sdv-id-yMGgsu,Raw Jute,778,5.0,541,SHIP_V_1118,154.6
SHIP_V_1214,sdv-id-SDViKF,Solar Panels,1458,120.0,163,SHIP_V_1214,11.15
SHIP_V_1871,sdv-id-hDlsEO,Raw Jute,688,5.0,1386,SHIP_V_1871,136.6
SHIP_V_1420,sdv-id-HKhnzw,Industrial Chemicals,347,50.0,801,SHIP_V_1420,5.94
SHIP_V_1137,sdv-id-azNWxi,Smartphones,1493,300.0,1811,SHIP_V_1137,3.9766666666666666
SHIP_V_1073,sdv-id-rkoDLd,Smartphones,471,300.0,544,SHIP_V_1073,0.57
SHIP_V_1579,sdv-id-STRfJF,Solar Panels,424,120.0,1937,SHIP_V_1579,2.533333333333333
SHIP_V_1270,sdv-id-PWPjTN,Ready-made Garments,543,8.5,1266,SHIP_V_1270,62.88235294117647
SHIP_V_1746,sdv-id-IuCDuD,Solar Panels,447,120.0,1092,SHIP_V_1746,2.725
SHIP_V_1599,sdv-id-Unzaso,Raw Jute,483,5.0,985,SHIP_V_1599,95.6
SHIP_V_1025,sdv-id-KHJRhO,Raw Jute,552,5.0,593,SHIP_V_1025,109.4
SHIP_V_1683,sdv-id-XclsyH,Raw Jute,765,5.0,327,SHIP_V_1683,152.0
SHIP_V_1701,sdv-id-reCdSH,Industrial Chemicals,1080,50.0,1585,SHIP_V_1701,20.6
SHIP_V_1615,sdv-id-KGtGmB,Ready-made Garments,1807,8.5,736,SHIP_V_1615,211.58823529411765
SHIP_V_1306,sdv-id-IZBujK,Ready-made Garments,584,8.5,1550,SHIP_V_1306,67.70588235294117
SHIP_V_1312,sdv-id-wCmqLU,Smartphones,1218,300.0,684,SHIP_V_1312,3.06
SHIP_V_1284,sdv-id-vFpzCI,Industrial Chemicals,1858,50.0,1431,SHIP_V_1284,36.16
SHIP_V_1595,sdv-id-ZqzejD,Solar Panels,454,120.0,1217,SHIP_V_1595,2.783333333333333
SHIP_V_1775,sdv-id-NUyAsT,Smartphones,321,300.0,1105,SHIP_V_1775,0.07
SHIP_V_1372,sdv-id-aoiLrX,Smartphones,823,300.0,1162,SHIP_V_1372,1.7433333333333334
SHIP_V_1567,sdv-id-HqQOrJ,Industrial Chemicals,472,50.0,597,SHIP_V_1567,8.44
SHIP_V_1229,sdv-id-xoBZrt,Smartphones,343,300.0,132,SHIP_V_1229,0.1433333333333333
SHIP_V_1593,sdv-id-QhZbPs,Industrial Chemicals,1294,50.0,298,SHIP_V_1593,24.88
SHIP_V_1489,sdv-id-gTwuNh,Solar Panels,241,120.0,390,SHIP_V_1489,1.0083333333333333
SHIP_V_1298,sdv-id-voWqsT,Solar Panels,394,120.0,1535,SHIP_V_1298,2.283333333333333
SHIP_V_1109,sdv-id-ZWHFJc,Ready-made Garments,1148,8.5,703,SHIP_V_1109,134.05882352941177
SHIP_V_1608,sdv-id-RlOOsm,Raw Jute,1269,5.0,675,SHIP_V_1608,252.8
SHIP_V_1249,sdv-id-bVguDA,Raw Jute,1038,5.0,511,SHIP_V_1249,206.6
SHIP_V_1403,sdv-id-zEQgsG,Ready-made Garments,316,8.5,1172,SHIP_V_1403,36.1764705882353
SHIP_V_1946,sdv-id-mrsLmQ,Industrial Chemicals,345,50.0,525,SHIP_V_1946,5.9
SHIP_V_1504,sdv-id-CikrnS,Solar Panels,667,120.0,411,SHIP_V_1504,4.558333333333334
SHIP_V_1376,sdv-id-ofSrgo,Smartphones,745,300.0,933,SHIP_V_1376,1.4833333333333334
SHIP_V_1837,sdv-id-cKlIUp,Ready-made Garments,38,8.5,701,SHIP_V_1837,3.4705882352941178
SHIP_V_1570,sdv-id-qcMajy,Raw Jute,125,5.0,929,SHIP_V_1570,24.0
SHIP_V_1802,sdv-id-UjvlQV,Raw Jute,1488,5.0,418,SHIP_V_1802,296.6
SHIP_V_1749,sdv-id-nIBNzc,Ready-made Garments,830,8.5,1107,SHIP_V_1749,96.6470588235294
SHIP_V_1778,sdv-id-gvWDRI,Smartphones,348,300.0,392,SHIP_V_1778,0.16
SHIP_V_1662,sdv-id-zTOTMh,Smartphones,631,300.0,1003,SHIP_V_1662,1.1033333333333333
SHIP_V_1259,sdv-id-qqwBaL,Raw Jute,2182,5.0,202,SHIP_V_1259,435.4
SHIP_V_1064,sdv-id-DMtSxM,Raw Jute,479,5.0,253,SHIP_V_1064,94.8
SHIP_V_1243,sdv-id-WnOvzh,Smartphones,498,300.0,214,SHIP_V_1243,0.66
SHIP_V_1933,sdv-id-yTNNMo,Solar Panels,266,120.0,1646,SHIP_V_1933,1.2166666666666666
SHIP_V_1732,sdv-id-VcZmhb,Industrial Chemicals,578,50.0,144,SHIP_V_1732,10.56
SHIP_V_1547,sdv-id-btVkYU,Ready-made Garments,367,8.5,741,SHIP_V_1547,42.1764705882353
SHIP_V_1963,sdv-id-MeJUVK,Solar Panels,109,120.0,399,SHIP_V_1963,-0.0916666666666666
SHIP_V_1309,sdv-id-NSzdWA,Ready-made Garments,135,8.5,392,SHIP_V_1309,14.882352941176473
SHIP_V_1288,sdv-id-yTrYQt,Ready-made Garments,27,8.5,1759,SHIP_V_1288,2.176470588235294
SHIP_V_1987,sdv-id-flyIfQ,Ready-made Garments,689,8.5,265,SHIP_V_1987,80.05882352941177
SHIP_V_1325,sdv-id-BoEfpa,Smartphones,1826,300.0,733,SHIP_V_1325,5.086666666666667
SHIP_V_1096,sdv-id-qMaIKJ,Ready-made Garments,869,8.5,1026,SHIP_V_1096,101.23529411764706
SHIP_V_1836,sdv-id-XtJOYq,Industrial Chemicals,837,50.0,499,SHIP_V_1836,15.74
SHIP_V_1195,sdv-id-NCnmUH,Raw Jute,1319,5.0,512,SHIP_V_1195,262.8
SHIP_V_1223,sdv-id-mICHuO,Raw Jute,138,5.0,550,SHIP_V_1223,26.6
SHIP_V_1225,sdv-id-TdveXd,Raw Jute,44,5.0,382,SHIP_V_1225,7.8
SHIP_V_1073,sdv-id-ShfzlO,Smartphones,741,300.0,1269,SHIP_V_1073,1.47
SHIP_V_1529,sdv-id-MZoGsT,Industrial Chemicals,1039,50.0,1064,SHIP_V_1529,19.78
SHIP_V_1581,sdv-id-AbHvlG,Industrial Chemicals,580,50.0,485,SHIP_V_1581,10.6
SHIP_V_1007,sdv-id-gZYriR,Raw Jute,1470,5.0,139,SHIP_V_1007,293.0
SHIP_V_1284,sdv-id-TjKhRV,Industrial Chemicals,677,50.0,765,SHIP_V_1284,12.54
SHIP_V_1583,sdv-id-TeBNrg,Smartphones,911,300.0,411,SHIP_V_1583,2.036666666666666
SHIP_V_1634,sdv-id-dWkswh,Industrial Chemicals,7,50.0,957,SHIP_V_1634,-0.86
SHIP_V_1476,sdv-id-ODBsOX,Solar Panels,1390,120.0,925,SHIP_V_1476,10.583333333333334
SHIP_V_1817,sdv-id-nWOwBK,Smartphones,89,300.0,1838,SHIP_V_1817,-0.7033333333333334
SHIP_V_1337,sdv-id-HXNIlT,Smartphones,740,300.0,1795,SHIP_V_1337,1.4666666666666666
SHIP_V_1752,sdv-id-dxnxAI,Raw Jute,636,5.0,1503,SHIP_V_1752,126.2
SHIP_V_1005,sdv-id-kJXNfr,Industrial Chemicals,638,50.0,1330,SHIP_V_1005,11.76
SHIP_V_1023,sdv-id-KNUvdR,Raw Jute,1033,5.0,1092,SHIP_V_1023,205.6
SHIP_V_1035,sdv-id-oNFpPO,Industrial Chemicals,870,50.0,1214,SHIP_V_1035,16.4
SHIP_V_1374,sdv-id-GMOKEq,Smartphones,381,300.0,1200,SHIP_V_1374,0.27
SHIP_V_1297,sdv-id-fDLhCr,Ready-made Garments,692,8.5,431,SHIP_V_1297,80.41176470588235
SHIP_V_1726,sdv-id-oneMvV,Raw Jute,122,5.0,1527,SHIP_V_1726,23.4
SHIP_V_1036,sdv-id-muOsrO,Solar Panels,599,120.0,1564,SHIP_V_1036,3.9916666666666663
SHIP_V_1112,sdv-id-SqKUMQ,Industrial Chemicals,156,50.0,1893,SHIP_V_1112,2.12
SHIP_V_1779,sdv-id-PgwOIb,Solar Panels,284,120.0,1376,SHIP_V_1779,1.3666666666666667
SHIP_V_1421,sdv-id-XdHCTD,Industrial Chemicals,1335,50.0,1925,SHIP_V_1421,25.7
SHIP_V_1800,sdv-id-JpZSzd,Smartphones,375,300.0,589,SHIP_V_1800,0.25
SHIP_V_1371,sdv-id-rTlFMu,Raw Jute,753,5.0,168,SHIP_V_1371,149.6
SHIP_V_1488,sdv-id-GpQMiP,Ready-made Garments,1611,8.5,729,SHIP_V_1488,188.52941176470588
SHIP_V_1048,sdv-id-NIgkUx,Smartphones,40,300.0,1152,SHIP_V_1048,-0.8666666666666667
SHIP_V_1241,sdv-id-UpiARB,Raw Jute,114,5.0,1818,SHIP_V_1241,21.8
SHIP_V_1727,sdv-id-VIjqTg,Industrial Chemicals,238,50.0,1619,SHIP_V_1727,3.76
SHIP_V_1375,sdv-id-lceWVM,Solar Panels,420,120.0,779,SHIP_V_1375,2.5
SHIP_V_1171,sdv-id-dVJbBu,Smartphones,1172,300.0,403,SHIP_V_1171,2.9066666666666667
SHIP_V_1739,sdv-id-wLLyFX,Ready-made Garments,527,8.5,1487,SHIP_V_1739,61.0
SHIP_V_1442,sdv-id-wsNsWQ,Ready-made Garments,540,8.5,374,SHIP_V_1442,62.52941176470589
SHIP_V_1063,sdv-id-jIfBQX,Industrial Chemicals,1168,50.0,170,SHIP_V_1063,22.36
SHIP_V_1088,sdv-id-swpfSG,Industrial Chemicals,540,50.0,1974,SHIP_V_1088,9.8
SHIP_V_1067,sdv-id-VnHSya,Smartphones,604,300.0,972,SHIP_V_1067,1.0133333333333334
SHIP_V_1646,sdv-id-XFSJAp,Solar Panels,986,120.0,1203,SHIP_V_1646,7.216666666666667
SHIP_V_1800,sdv-id-fALjOu,Raw Jute,521,5.0,954,SHIP_V_1800,103.2
SHIP_V_1274,sdv-id-TBrWiq,Smartphones,541,300.0,676,SHIP_V_1274,0.8033333333333333
SHIP_V_1455,sdv-id-IgdCOp,Smartphones,1808,300.0,824,SHIP_V_1455,5.026666666666666
SHIP_V_1994,sdv-id-NaGUze,Smartphones,1007,300.0,851,SHIP_V_1994,2.3566666666666665
SHIP_V_1979,sdv-id-oWiAvi,Solar Panels,936,120.0,1583,SHIP_V_1979,6.8
SHIP_V_1084,sdv-id-hOMRSD,Solar Panels,18,120.0,1976,SHIP_V_1084,-0.85
SHIP_V_1810,sdv-id-nrkzpU,Smartphones,1184,300.0,1151,SHIP_V_1810,2.9466666666666668
SHIP_V_1217,sdv-id-ASPoDv,Solar Panels,103,120.0,780,SHIP_V_1217,-0.1416666666666666
SHIP_V_1456,sdv-id-cBbDlZ,Industrial Chemicals,154,50.0,1072,SHIP_V_1456,2.08
SHIP_V_1226,sdv-id-YUPJZM,Smartphones,952,300.0,446,SHIP_V_1226,2.1733333333333333
SHIP_V_1124,sdv-id-RKUBck,Industrial Chemicals,543,50.0,1898,SHIP_V_1124,9.86
SHIP_V_1326,sdv-id-GiAWtZ,Solar Panels,174,120.0,1631,SHIP_V_1326,0.45
SHIP_V_1195,sdv-id-dyejwB,Solar Panels,308,120.0,1319,SHIP_V_1195,1.5666666666666669
SHIP_V_1661,sdv-id-GVmcKO,Raw Jute,670,5.0,1727,SHIP_V_1661,133.0
SHIP_V_1928,sdv-id-ViiWLn,Ready-made Garments,458,8.5,1525,SHIP_V_1928,52.88235294117647
SHIP_V_1506,sdv-id-aIuEBa,Smartphones,1523,300.0,1837,SHIP_V_1506,4.076666666666667
SHIP_V_1348,sdv-id-zkwxZr,Industrial Chemicals,1729,50.0,1527,SHIP_V_1348,33.58
SHIP_V_1372,sdv-id-NjtEcJ,Industrial Chemicals,477,50.0,555,SHIP_V_1372,8.54
SHIP_V_1780,sdv-id-rbQxlu,Solar Panels,64,120.0,1948,SHIP_V_1780,-0.4666666666666667
SHIP_V_1483,sdv-id-IoAWCD,Industrial Chemicals,652,50.0,686,SHIP_V_1483,12.04
SHIP_V_1276,sdv-id-PlaySB,Raw Jute,2638,5.0,1081,SHIP_V_1276,526.6
SHIP_V_1350,sdv-id-ZXCYes,Smartphones,504,300.0,1400,SHIP_V_1350,0.68
SHIP_V_1135,sdv-id-krvmUH,Smartphones,1403,300.0,403,SHIP_V_1135,3.6766666666666663
SHIP_V_1274,sdv-id-CrBNsY,Smartphones,1186,300.0,771,SHIP_V_1274,2.953333333333333
SHIP_V_1372,sdv-id-VAzAPP,Smartphones,2077,300.0,860,SHIP_V_1372,5.923333333333333
SHIP_V_1867,sdv-id-KLYtOx,Smartphones,509,300.0,562,SHIP_V_1867,0.6966666666666667
SHIP_V_1577,sdv-id-VJyHfv,Solar Panels,66,120.0,1736,SHIP_V_1577,-0.45
SHIP_V_1111,sdv-id-PtFSOS,Solar Panels,135,120.0,108,SHIP_V_1111,0.125
SHIP_V_1392,sdv-id-LxdfdT,Industrial Chemicals,261,50.0,1223,SHIP_V_1392,4.22
SHIP_V_1076,sdv-id-jObhkz,Industrial Chemicals,534,50.0,1976,SHIP_V_1076,9.68
SHIP_V_1255,sdv-id-WCDMgk,Industrial Chemicals,978,50.0,301,SHIP_V_1255,18.56
SHIP_V_1175,sdv-id-Fddkhm,Raw Jute,709,5.0,458,SHIP_V_1175,140.8
SHIP_V_1770,sdv-id-qfXdWT,Smartphones,1193,300.0,1956,SHIP_V_1770,2.9766666666666666
SHIP_V_1443,sdv-id-AKXspA,Industrial Chemicals,959,50.0,421,SHIP_V_1443,18.18
SHIP_V_1941,sdv-id-DRclYe,Ready-made Garments,169,8.5,1563,SHIP_V_1941,18.88235294117647
SHIP_V_1707,sdv-id-cmdOeU,Raw Jute,710,5.0,474,SHIP_V_1707,141.0
SHIP_V_1627,sdv-id-HSJyCZ,Industrial Chemicals,179,50.0,264,SHIP_V_1627,2.58
SHIP_V_1499,sdv-id-LbAFQb,Smartphones,95,300.0,1762,SHIP_V_1499,-0.6833333333333333
SHIP_V_1712,sdv-id-huHUby,Solar Panels,529,120.0,1152,SHIP_V_1712,3.408333333333333
SHIP_V_1788,sdv-id-oNztFP,Solar Panels,468,120.0,1044,SHIP_V_1788,2.9
SHIP_V_1202,sdv-id-lnbKPY,Raw Jute,1054,5.0,890,SHIP_V_1202,209.8
SHIP_V_1032,sdv-id-pLrkYr,Smartphones,796,300.0,1681,SHIP_V_1032,1.653333333333333
SHIP_V_1410,sdv-id-paZAJc,Ready-made Garments,192,8.5,391,SHIP_V_1410,21.58823529411765
SHIP_V_1277,sdv-id-LjaGLh,Industrial Chemicals,151,50.0,1788,SHIP_V_1277,2.02
SHIP_V_1456,sdv-id-nKdGDI,Industrial Chemicals,1412,50.0,1400,SHIP_V_1456,27.24
SHIP_V_1930,sdv-id-sHOTxf,Ready-made Garments,174,8.5,591,SHIP_V_1930,19.470588235294116
SHIP_V_1062,sdv-id-zaokoq,Raw Jute,1159,5.0,1166,SHIP_V_1062,230.8
SHIP_V_1404,sdv-id-UyHyTP,Solar Panels,243,120.0,448,SHIP_V_1404,1.025
SHIP_V_1110,sdv-id-WJvqRe,Smartphones,100,300.0,1493,SHIP_V_1110,-0.6666666666666666
SHIP_V_1147,sdv-id-jFUSTw,Smartphones,522,300.0,330,SHIP_V_1147,0.74
SHIP_V_1404,sdv-id-rdPLtR,Raw Jute,1026,5.0,1708,SHIP_V_1404,204.2
SHIP_V_1560,sdv-id-igJoJx,Ready-made Garments,1006,8.5,1606,SHIP_V_1560,117.3529411764706
SHIP_V_1001,sdv-id-LGqTkX,Ready-made Garments,796,8.5,1203,SHIP_V_1001,92.6470588235294
SHIP_V_1588,sdv-id-GFKSdz,Ready-made Garments,667,8.5,1850,SHIP_V_1588,77.47058823529412
SHIP_V_1511,sdv-id-JuNIiO,Solar Panels,223,120.0,516,SHIP_V_1511,0.8583333333333333
SHIP_V_1365,sdv-id-iyCXXC,Smartphones,347,300.0,619,SHIP_V_1365,0.1566666666666666
SHIP_V_1022,sdv-id-uKeGwE,Solar Panels,421,120.0,1943,SHIP_V_1022,2.5083333333333333
SHIP_V_1359,sdv-id-pjnMdH,Solar Panels,758,120.0,744,SHIP_V_1359,5.316666666666666
SHIP_V_1433,sdv-id-SdNNQW,Smartphones,467,300.0,1671,SHIP_V_1433,0.5566666666666666
SHIP_V_1148,sdv-id-mrZBRJ,Ready-made Garments,14,8.5,1590,SHIP_V_1148,0.6470588235294118
SHIP_V_1813,sdv-id-DrBjHb,Ready-made Garments,140,8.5,612,SHIP_V_1813,15.470588235294118
SHIP_V_1675,sdv-id-DiUCtC,Raw Jute,313,5.0,1891,SHIP_V_1675,61.6
SHIP_V_1915,sdv-id-MPoXHv,Ready-made Garments,1311,8.5,1641,SHIP_V_1915,153.23529411764707
SHIP_V_1678,sdv-id-jhvqFv,Ready-made Garments,460,8.5,595,SHIP_V_1678,53.11764705882353
SHIP_V_1011,sdv-id-ZlOyuP,Ready-made Garments,1395,8.5,1245,SHIP_V_1011,163.11764705882354
SHIP_V_1380,sdv-id-rhJhwO,Industrial Chemicals,773,50.0,943,SHIP_V_1380,14.46
SHIP_V_1369,sdv-id-HKduuf,Ready-made Garments,961,8.5,1132,SHIP_V_1369,112.05882352941175
SHIP_V_1288,sdv-id-FfYlpy,Raw Jute,204,5.0,1797,SHIP_V_1288,39.8
SHIP_V_1163,sdv-id-fmWSTo,Smartphones,2129,300.0,1065,SHIP_V_1163,6.096666666666667
SHIP_V_1688,sdv-id-vEOORu,Industrial Chemicals,648,50.0,678,SHIP_V_1688,11.96
SHIP_V_1560,sdv-id-bfzGfo,Raw Jute,110,5.0,1999,SHIP_V_1560,21.0
SHIP_V_1505,sdv-id-gELytC,Raw Jute,312,5.0,837,SHIP_V_1505,61.4
SHIP_V_1427,sdv-id-YOUSTR,Smartphones,952,300.0,1007,SHIP_V_1427,2.1733333333333333
SHIP_V_1852,sdv-id-dHXQzZ,Ready-made Garments,855,8.5,1221,SHIP_V_1852,99.58823529411764
SHIP_V_1300,sdv-id-MnUaGG,Smartphones,56,300.0,1807,SHIP_V_1300,-0.8133333333333334
SHIP_V_1808,sdv-id-hzgfAr,Industrial Chemicals,1622,50.0,982,SHIP_V_1808,31.44
SHIP_V_1942,sdv-id-rWNjUZ,Raw Jute,2154,5.0,1853,SHIP_V_1942,429.8
SHIP_V_1521,sdv-id-UbHSXI,Ready-made Garments,226,8.5,1578,SHIP_V_1521,25.58823529411765
SHIP_V_1970,sdv-id-KsyBkA,Smartphones,348,300.0,1165,SHIP_V_1970,0.16
SHIP_V_1707,sdv-id-qaUAQD,Industrial Chemicals,140,50.0,1420,SHIP_V_1707,1.8
SHIP_V_1124,sdv-id-yzKKoz,Ready-made Garments,114,8.5,1788,SHIP_V_1124,12.411764705882351
SHIP_V_1284,sdv-id-EvTtOg,Industrial Chemicals,205,50.0,1899,SHIP_V_1284,3.1
SHIP_V_1348,sdv-id-MbiHyR,Solar Panels,264,120.0,973,SHIP_V_1348,1.2
SHIP_V_1692,sdv-id-IZVbND,Smartphones,721,300.0,1555,SHIP_V_1692,1.403333333333333
SHIP_V_1218,sdv-id-nKFumC,Smartphones,872,300.0,262,SHIP_V_1218,1.9066666666666667
SHIP_V_1091,sdv-id-SVakOc,Smartphones,648,300.0,330,SHIP_V_1091,1.16
SHIP_V_1935,sdv-id-cNwhaI,Industrial Chemicals,507,50.0,678,SHIP_V_1935,9.14
SHIP_V_1167,sdv-id-vKLpPe,Solar Panels,166,120.0,757,SHIP_V_1167,0.3833333333333333
SHIP_V_1677,sdv-id-ISHRQu,Ready-made Garments,628,8.5,1815,SHIP_V_1677,72.88235294117646
SHIP_V_1402,sdv-id-imFHma,Solar Panels,416,120.0,362,SHIP_V_1402,2.466666666666667
SHIP_V_1603,sdv-id-ZqLjoV,Ready-made Garments,10,8.5,1802,SHIP_V_1603,0.1764705882352941
SHIP_V_1422,sdv-id-aGTNjJ,Raw Jute,1695,5.0,1167,SHIP_V_1422,338.0
SHIP_V_1288,sdv-id-oXSHus,Raw Jute,2018,5.0,1481,SHIP_V_1288,402.6
SHIP_V_1681,sdv-id-dflvBV,Smartphones,146,300.0,1647,SHIP_V_1681,-0.5133333333333333
SHIP_V_1725,sdv-id-plIlpV,Industrial Chemicals,168,50.0,1727,SHIP_V_1725,2.36
SHIP_V_1055,sdv-id-OdLCtg,Solar Panels,129,120.0,652,SHIP_V_1055,0.075
SHIP_V_1198,sdv-id-kIOwKf,Ready-made Garments,304,8.5,1293,SHIP_V_1198,34.76470588235294
SHIP_V_1527,sdv-id-QuBxXK,Raw Jute,1312,5.0,790,SHIP_V_1527,261.4
SHIP_V_1630,sdv-id-mAHsic,Raw Jute,221,5.0,618,SHIP_V_1630,43.2
SHIP_V_1705,sdv-id-MXzlRm,Smartphones,805,300.0,746,SHIP_V_1705,1.6833333333333331
SHIP_V_1608,sdv-id-fFmrNV,Industrial Chemicals,22,50.0,785,SHIP_V_1608,-0.56
SHIP_V_1525,sdv-id-oDRwRX,Smartphones,849,300.0,710,SHIP_V_1525,1.83
SHIP_V_1010,sdv-id-XYcWma,Ready-made Garments,323,8.5,1422,SHIP_V_1010,37.0
SHIP_V_1850,sdv-id-WrqpEl,Ready-made Garments,1240,8.5,1764,SHIP_V_1850,144.88235294117646
SHIP_V_1213,sdv-id-IlKeIZ,Raw Jute,1566,5.0,1366,SHIP_V_1213,312.2
SHIP_V_1371,sdv-id-pGxSOk,Solar Panels,501,120.0,1822,SHIP_V_1371,3.175
SHIP_V_1076,sdv-id-JVGhzy,Smartphones,2167,300.0,580,SHIP_V_1076,6.223333333333334
SHIP_V_1040,sdv-id-ohwbSW,Smartphones,950,300.0,1005,SHIP_V_1040,2.1666666666666665
SHIP_V_1841,sdv-id-iajVaM,Raw Jute,1378,5.0,713,SHIP_V_1841,274.6
SHIP_V_1283,sdv-id-wypHcI,Smartphones,1229,300.0,1016,SHIP_V_1283,3.0966666666666667
SHIP_V_1891,sdv-id-aliMpB,Smartphones,820,300.0,1901,SHIP_V_1891,1.7333333333333334
SHIP_V_1986,sdv-id-umnvEV,Raw Jute,1840,5.0,580,SHIP_V_1986,367.0
SHIP_V_1494,sdv-id-kurbPj,Raw Jute,283,5.0,756,SHIP_V_1494,55.6
SHIP_V_1521,sdv-id-iAxcwf,Solar Panels,489,120.0,1526,SHIP_V_1521,3.075
SHIP_V_1936,sdv-id-BjMRGk,Raw Jute,1071,5.0,1092,SHIP_V_1936,213.2
SHIP_V_1721,sdv-id-gZkFJl,Smartphones,1497,300.0,476,SHIP_V_1721,3.99
SHIP_V_1828,sdv-id-xGzJkz,Raw Jute,813,5.0,1714,SHIP_V_1828,161.6
SHIP_V_1456,sdv-id-tyfpil,Ready-made Garments,84,8.5,1555,SHIP_V_1456,8.882352941176471
SHIP_V_1710,sdv-id-KFLLGW,Ready-made Garments,149,8.5,590,SHIP_V_1710,16.529411764705884
SHIP_V_1222,sdv-id-ZtvZKM,Raw Jute,862,5.0,926,SHIP_V_1222,171.4
SHIP_V_1091,sdv-id-rkUEqi,Solar Panels,2262,120.0,852,SHIP_V_1091,17.85
SHIP_V_1134,sdv-id-TxYVBC,Smartphones,2223,300.0,349,SHIP_V_1134,6.41
SHIP_V_1924,sdv-id-OMVwWP,Smartphones,408,300.0,1155,SHIP_V_1924,0.36
SHIP_V_1719,sdv-id-WrsFcv,Raw Jute,625,5.0,362,SHIP_V_1719,124.0
SHIP_V_1393,sdv-id-qKOBtA,Industrial Chemicals,1294,50.0,1022,SHIP_V_1393,24.88
SHIP_V_1345,sdv-id-FKqSjG,Ready-made Garments,597,8.5,257,SHIP_V_1345,69.23529411764706
SHIP_V_1618,sdv-id-sugchF,Ready-made Garments,1225,8.5,437,SHIP_V_1618,143.11764705882354
SHIP_V_1508,sdv-id-NGLyPP,Smartphones,1188,300.0,581,SHIP_V_1508,2.96
SHIP_V_1974,sdv-id-nppWmk,Smartphones,1416,300.0,1217,SHIP_V_1974,3.72
SHIP_V_1202,sdv-id-EnCNrV,Smartphones,895,300.0,1367,SHIP_V_1202,1.9833333333333336
SHIP_V_1142,sdv-id-KlHtDn,Smartphones,420,300.0,723,SHIP_V_1142,0.4
SHIP_V_1451,sdv-id-GaZeHJ,Industrial Chemicals,1430,50.0,245,SHIP_V_1451,27.6
SHIP_V_1268,sdv-id-QRDfuS,Ready-made Garments,168,8.5,924,SHIP_V_1268,18.764705882352946
SHIP_V_1697,sdv-id-EnLhhH,Smartphones,360,300.0,863,SHIP_V_1697,0.2
SHIP_V_1936,sdv-id-FmaruE,Ready-made Garments,763,8.5,556,SHIP_V_1936,88.76470588235294
SHIP_V_1954,sdv-id-fOdOdH,Smartphones,262,300.0,1246,SHIP_V_1954,-0.1266666666666666
SHIP_V_1290,sdv-id-kaIQKk,Raw Jute,506,5.0,1830,SHIP_V_1290,100.2
SHIP_V_1103,sdv-id-MKNIcR,Industrial Chemicals,1618,50.0,1533,SHIP_V_1103,31.36
SHIP_V_1065,sdv-id-sqbMTU,Smartphones,806,300.0,1662,SHIP_V_1065,1.6866666666666668
SHIP_V_1644,sdv-id-sDKRsU,Smartphones,704,300.0,1678,SHIP_V_1644,1.346666666666667
SHIP_V_1050,sdv-id-wgwknn,Solar Panels,823,120.0,1569,SHIP_V_1050,5.858333333333333
SHIP_V_1195,sdv-id-EJuTTb,Smartphones,1121,300.0,287,SHIP_V_1195,2.736666666666667
SHIP_V_1023,sdv-id-gLajPl,Solar Panels,608,120.0,435,SHIP_V_1023,4.066666666666666
SHIP_V_1501,sdv-id-wJwqjc,Solar Panels,71,120.0,744,SHIP_V_1501,-0.4083333333333333
SHIP_V_1457,sdv-id-tiOwvv,Solar Panels,396,120.0,1203,SHIP_V_1457,2.3
SHIP_V_1880,sdv-id-NkhTOi,Solar Panels,339,120.0,1958,SHIP_V_1880,1.825
SHIP_V_1607,sdv-id-KTKIhs,Raw Jute,551,5.0,660,SHIP_V_1607,109.2
SHIP_V_1063,sdv-id-JtKbLw,Smartphones,227,300.0,1236,SHIP_V_1063,-0.2433333333333333
SHIP_V_1329,sdv-id-WeuLCq,Solar Panels,539,120.0,448,SHIP_V_1329,3.4916666666666667
SHIP_V_1578,sdv-id-YaRWEb,Raw Jute,675,5.0,1472,SHIP_V_1578,134.0
SHIP_V_1644,sdv-id-jyWQSb,Raw Jute,2121,5.0,591,SHIP_V_1644,423.2
SHIP_V_1200,sdv-id-hRKyPv,Raw Jute,774,5.0,1223,SHIP_V_1200,153.8
SHIP_V_1948,sdv-id-AylXEh,Ready-made Garments,150,8.5,1970,SHIP_V_1948,16.647058823529413
SHIP_V_1070,sdv-id-zHWfLm,Raw Jute,276,5.0,1826,SHIP_V_1070,54.2
SHIP_V_1945,sdv-id-gAWoMH,Raw Jute,1105,5.0,810,SHIP_V_1945,220.0
SHIP_V_1269,sdv-id-chkvWZ,Smartphones,392,300.0,1903,SHIP_V_1269,0.3066666666666666
SHIP_V_1378,sdv-id-MAYifr,Industrial Chemicals,890,50.0,646,SHIP_V_1378,16.8
SHIP_V_1701,sdv-id-mfCsAW,Solar Panels,303,120.0,620,SHIP_V_1701,1.525
SHIP_V_1530,sdv-id-XuMOZK,Industrial Chemicals,862,50.0,930,SHIP_V_1530,16.24
SHIP_V_1629,sdv-id-nJxQua,Industrial Chemicals,204,50.0,943,SHIP_V_1629,3.08
SHIP_V_1979,sdv-id-cgHSHH,Ready-made Garments,1187,8.5,1617,SHIP_V_1979,138.64705882352942
SHIP_V_1333,sdv-id-ujTAOL,Smartphones,124,300.0,301,SHIP_V_1333,-0.5866666666666667
SHIP_V_1858,sdv-id-vrRWau,Ready-made Garments,370,8.5,1922,SHIP_V_1858,42.52941176470589
SHIP_V_1399,sdv-id-lJZkjV,Raw Jute,536,5.0,703,SHIP_V_1399,106.2
SHIP_V_1603,sdv-id-AUkiHN,Industrial Chemicals,453,50.0,561,SHIP_V_1603,8.06
SHIP_V_1560,sdv-id-lWLITX,Solar Panels,925,120.0,525,SHIP_V_1560,6.708333333333333
SHIP_V_1856,sdv-id-fFFcgx,Raw Jute,1105,5.0,1235,SHIP_V_1856,220.0
SHIP_V_1206,sdv-id-pMYJwD,Smartphones,341,300.0,611,SHIP_V_1206,0.1366666666666666
SHIP_V_1369,sdv-id-eyxISa,Solar Panels,649,120.0,1981,SHIP_V_1369,4.408333333333333
SHIP_V_1836,sdv-id-QXqMuU,Industrial Chemicals,699,50.0,1800,SHIP_V_1836,12.98
SHIP_V_1385,sdv-id-QjPrvg,Raw Jute,279,5.0,1052,SHIP_V_1385,54.8
SHIP_V_1664,sdv-id-TRBPtd,Ready-made Garments,123,8.5,827,SHIP_V_1664,13.470588235294118
SHIP_V_1291,sdv-id-xpzekE,Smartphones,129,300.0,515,SHIP_V_1291,-0.57
SHIP_V_1545,sdv-id-ZIQpvl,Solar Panels,210,120.0,585,SHIP_V_1545,0.75
SHIP_V_1053,sdv-id-HomxlL,Smartphones,953,300.0,489,SHIP_V_1053,2.1766666666666667
SHIP_V_1747,sdv-id-WUExti,Smartphones,46,300.0,1854,SHIP_V_1747,-0.8466666666666667
SHIP_V_1962,sdv-id-UGBKSt,Raw Jute,235,5.0,940,SHIP_V_1962,46.0
SHIP_V_1959,sdv-id-uiTJcN,Smartphones,687,300.0,1777,SHIP_V_1959,1.29
SHIP_V_1698,sdv-id-UatPgz,Solar Panels,217,120.0,1356,SHIP_V_1698,0.8083333333333333
SHIP_V_1306,sdv-id-csjsmj,Raw Jute,392,5.0,414,SHIP_V_1306,77.4
SHIP_V_1747,sdv-id-KLYfup,Smartphones,320,300.0,1059,SHIP_V_1747,0.0666666666666666
SHIP_V_1336,sdv-id-tyUrzK,Ready-made Garments,645,8.5,287,SHIP_V_1336,74.88235294117646
SHIP_V_1787,sdv-id-fhqknW,Smartphones,533,300.0,1078,SHIP_V_1787,0.7766666666666666
SHIP_V_1777,sdv-id-PfcvGn,Solar Panels,36,120.0,1327,SHIP_V_1777,-0.7
SHIP_V_1915,sdv-id-YtaFfs,Ready-made Garments,1270,8.5,1058,SHIP_V_1915,148.41176470588235
SHIP_V_1297,sdv-id-WEIOBC,Raw Jute,714,5.0,1091,SHIP_V_1297,141.8
SHIP_V_1345,sdv-id-hwRAAy,Raw Jute,402,5.0,1688,SHIP_V_1345,79.4
SHIP_V_1605,sdv-id-vWYHgF,Raw Jute,811,5.0,1351,SHIP_V_1605,161.2
SHIP_V_1297,sdv-id-puptpq,Raw Jute,597,5.0,224,SHIP_V_1297,118.4
SHIP_V_1163,sdv-id-thZCJG,Smartphones,95,300.0,1822,SHIP_V_1163,-0.6833333333333333
SHIP_V_1588,sdv-id-uCeitB,Industrial Chemicals,1246,50.0,1645,SHIP_V_1588,23.92
SHIP_V_1052,sdv-id-hBUchJ,Industrial Chemicals,1322,50.0,1441,SHIP_V_1052,25.44
SHIP_V_1699,sdv-id-WtDvVS,Ready-made Garments,531,8.5,581,SHIP_V_1699,61.47058823529411
SHIP_V_1058,sdv-id-LAySUa,Ready-made Garments,1106,8.5,1166,SHIP_V_1058,129.11764705882354
SHIP_V_1052,sdv-id-BdTIkz,Raw Jute,415,5.0,1069,SHIP_V_1052,82.0
SHIP_V_1376,sdv-id-LCUFdD,Smartphones,925,300.0,440,SHIP_V_1376,2.0833333333333335
SHIP_V_1358,sdv-id-qfoVYF,Smartphones,442,300.0,1399,SHIP_V_1358,0.4733333333333333
SHIP_V_1526,sdv-id-rCndIH,Raw Jute,569,5.0,192,SHIP_V_1526,112.8
SHIP_V_1183,sdv-id-YsvhNx,Smartphones,42,300.0,365,SHIP_V_1183,-0.86
SHIP_V_1160,sdv-id-pFmEsY,Ready-made Garments,14,8.5,763,SHIP_V_1160,0.6470588235294118
SHIP_V_1736,sdv-id-BPcftd,Smartphones,1428,300.0,538,SHIP_V_1736,3.76
SHIP_V_1279,sdv-id-zuoVOs,Smartphones,146,300.0,1896,SHIP_V_1279,-0.5133333333333333
SHIP_V_1624,sdv-id-nWlASL,Smartphones,63,300.0,708,SHIP_V_1624,-0.79
SHIP_V_1363,sdv-id-ntUFEz,Smartphones,1301,300.0,1705,SHIP_V_1363,3.3366666666666664
SHIP_V_1138,sdv-id-lEaumA,Ready-made Garments,149,8.5,451,SHIP_V_1138,16.529411764705884
SHIP_V_1662,sdv-id-CupuHd,Solar Panels,472,120.0,1131,SHIP_V_1662,2.933333333333333
SHIP_V_1631,sdv-id-VcoKPX,Ready-made Garments,1383,8.5,825,SHIP_V_1631,161.7058823529412
SHIP_V_1036,sdv-id-lQoCKI,Ready-made Garments,594,8.5,418,SHIP_V_1036,68.88235294117646
SHIP_V_1483,sdv-id-giqrpa,Smartphones,551,300.0,1456,SHIP_V_1483,0.8366666666666667
SHIP_V_1267,sdv-id-sZOFNT,Raw Jute,879,5.0,126,SHIP_V_1267,174.8
SHIP_V_1332,sdv-id-ELEEmv,Raw Jute,2102,5.0,499,SHIP_V_1332,419.4
SHIP_V_1452,sdv-id-XpSQoo,Smartphones,573,300.0,1050,SHIP_V_1452,0.91
SHIP_V_1868,sdv-id-phApds,Smartphones,404,300.0,290,SHIP_V_1868,0.3466666666666667
SHIP_V_1846,sdv-id-nwIpTa,Smartphones,210,300.0,1772,SHIP_V_1846,-0.3
SHIP_V_1077,sdv-id-ImYGRH,Solar Panels,40,120.0,1229,SHIP_V_1077,-0.6666666666666666
SHIP_V_1347,sdv-id-IfqbMe,Industrial Chemicals,464,50.0,805,SHIP_V_1347,8.28
SHIP_V_1857,sdv-id-HIfwad,Solar Panels,579,120.0,892,SHIP_V_1857,3.825
SHIP_V_1086,sdv-id-QuKdrO,Raw Jute,911,5.0,121,SHIP_V_1086,181.2
SHIP_V_1524,sdv-id-cXeiAY,Industrial Chemicals,286,50.0,388,SHIP_V_1524,4.72
SHIP_V_1332,sdv-id-DfxvUS,Raw Jute,556,5.0,1245,SHIP_V_1332,110.2
SHIP_V_1087,sdv-id-mXwCsr,Ready-made Garments,653,8.5,1470,SHIP_V_1087,75.82352941176471
SHIP_V_1730,sdv-id-jpMmoM,Smartphones,728,300.0,938,SHIP_V_1730,1.4266666666666667
SHIP_V_1658,sdv-id-kWQQue,Raw Jute,2868,5.0,784,SHIP_V_1658,572.6
SHIP_V_1786,sdv-id-GQneEx,Ready-made Garments,247,8.5,1676,SHIP_V_1786,28.058823529411764
SHIP_V_1205,sdv-id-qMKmBW,Industrial Chemicals,450,50.0,241,SHIP_V_1205,8.0
SHIP_V_1072,sdv-id-cRrDoq,Smartphones,394,300.0,1333,SHIP_V_1072,0.3133333333333333
SHIP_V_1991,sdv-id-aFwhJn,Industrial Chemicals,1382,50.0,1114,SHIP_V_1991,26.64
SHIP_V_1637,sdv-id-IFCsny,Raw Jute,1524,5.0,1070,SHIP_V_1637,303.8
SHIP_V_1723,sdv-id-GdRPXh,Ready-made Garments,794,8.5,450,SHIP_V_1723,92.41176470588236
SHIP_V_1592,sdv-id-qfaNkM,Raw Jute,375,5.0,1293,SHIP_V_1592,74.0
SHIP_V_1798,sdv-id-BwjwKA,Smartphones,884,300.0,271,SHIP_V_1798,1.9466666666666668
SHIP_V_1753,sdv-id-yzobvi,Industrial Chemicals,2385,50.0,707,SHIP_V_1753,46.7
SHIP_V_1061,sdv-id-ZTWVsF,Raw Jute,1404,5.0,622,SHIP_V_1061,279.8
SHIP_V_1301,sdv-id-iXrwqK,Smartphones,98,300.0,1758,SHIP_V_1301,-0.6733333333333333
SHIP_V_1970,sdv-id-wcvftt,Smartphones,3089,300.0,396,SHIP_V_1970,9.296666666666669
SHIP_V_1740,sdv-id-tQLXbf,Raw Jute,352,5.0,1344,SHIP_V_1740,69.4
SHIP_V_1312,sdv-id-EWvbKU,Raw Jute,1239,5.0,607,SHIP_V_1312,246.8
SHIP_V_1157,sdv-id-hbrcxb,Ready-made Garments,1435,8.5,1203,SHIP_V_1157,167.8235294117647
SHIP_V_1015,sdv-id-uxzCCH,Smartphones,770,300.0,607,SHIP_V_1015,1.5666666666666669
SHIP_V_1947,sdv-id-pSzwYK,Solar Panels,67,120.0,1688,SHIP_V_1947,-0.4416666666666666
SHIP_V_1878,sdv-id-tUOSTF,Raw Jute,37,5.0,1547,SHIP_V_1878,6.4
SHIP_V_1920,sdv-id-itjMtt,Smartphones,1254,300.0,1519,SHIP_V_1920,3.18
SHIP_V_1125,sdv-id-AEZlvD,Raw Jute,1416,5.0,1279,SHIP_V_1125,282.2
SHIP_V_1866,sdv-id-HmsgAL,Raw Jute,1423,5.0,1021,SHIP_V_1866,283.6
SHIP_V_1866,sdv-id-HnuHfX,Smartphones,1017,300.0,982,SHIP_V_1866,2.39
SHIP_V_1738,sdv-id-ETPdKQ,Smartphones,479,300.0,809,SHIP_V_1738,0.5966666666666667
SHIP_V_1307,sdv-id-yIPolJ,Solar Panels,2,120.0,1553,SHIP_V_1307,-0.9833333333333332
SHIP_V_1586,sdv-id-NZLccz,Industrial Chemicals,1214,50.0,189,SHIP_V_1586,23.28
SHIP_V_1636,sdv-id-aguXux,Solar Panels,590,120.0,1940,SHIP_V_1636,3.9166666666666665
SHIP_V_1483,sdv-id-ZdAtUc,Industrial Chemicals,2133,50.0,1757,SHIP_V_1483,41.66
SHIP_V_1886,sdv-id-BVzXkQ,Industrial Chemicals,534,50.0,190,SHIP_V_1886,9.68
SHIP_V_1996,sdv-id-iefXqb,Smartphones,1804,300.0,1565,SHIP_V_1996,5.013333333333334
SHIP_V_1927,sdv-id-BEnpNB,Industrial Chemicals,1573,50.0,804,SHIP_V_1927,30.46
SHIP_V_1040,sdv-id-TwnAbo,Ready-made Garments,1598,8.5,111,SHIP_V_1040,187.0
SHIP_V_1645,sdv-id-Wnzrtg,Smartphones,1573,300.0,232,SHIP_V_1645,4.243333333333333
SHIP_V_1146,sdv-id-nhTQKl,Smartphones,648,300.0,1835,SHIP_V_1146,1.16
SHIP_V_1390,sdv-id-pdvppZ,Industrial Chemicals,466,50.0,664,SHIP_V_1390,8.32
SHIP_V_1140,sdv-id-wSERQQ,Smartphones,50,300.0,1813,SHIP_V_1140,-0.8333333333333334
SHIP_V_1044,sdv-id-tQmlzY,Smartphones,1096,300.0,274,SHIP_V_1044,2.6533333333333333
SHIP_V_1350,sdv-id-CLlYNC,Solar Panels,94,120.0,1793,SHIP_V_1350,-0.2166666666666666
SHIP_V_1126,sdv-id-tNKjIR,Smartphones,697,300.0,1075,SHIP_V_1126,1.3233333333333333
SHIP_V_1172,sdv-id-lFWYBa,Smartphones,57,300.0,1120,SHIP_V_1172,-0.81
SHIP_V_1370,sdv-id-jWlygJ,Ready-made Garments,293,8.5,1169,SHIP_V_1370,33.470588235294116
SHIP_V_1322,sdv-id-soEZbc,Industrial Chemicals,491,50.0,1708,SHIP_V_1322,8.82
SHIP_V_1969,sdv-id-wEGjbe,Raw Jute,645,5.0,883,SHIP_V_1969,128.0
SHIP_V_1700,sdv-id-ImZEwL,Smartphones,518,300.0,1571,SHIP_V_1700,0.7266666666666667
SHIP_V_1922,sdv-id-kFwUOk,Smartphones,863,300.0,1718,SHIP_V_1922,1.8766666666666667
SHIP_V_1215,sdv-id-uthSiC,Smartphones,1163,300.0,1707,SHIP_V_1215,2.8766666666666665
SHIP_V_1555,sdv-id-XZlcBL,Solar Panels,1161,120.0,1768,SHIP_V_1555,8.675
SHIP_V_1227,sdv-id-uYhZok,Industrial Chemicals,1449,50.0,672,SHIP_V_1227,27.98
SHIP_V_1301,sdv-id-MXvcDf,Smartphones,489,300.0,324,SHIP_V_1301,0.63
SHIP_V_1527,sdv-id-ZVRHGd,Ready-made Garments,199,8.5,1340,SHIP_V_1527,22.41176470588235
SHIP_V_1990,sdv-id-FfJWKW,Ready-made Garments,490,8.5,1622,SHIP_V_1990,56.64705882352941
SHIP_V_1498,sdv-id-RcMrBN,Smartphones,1333,300.0,103,SHIP_V_1498,3.443333333333334
SHIP_V_1278,sdv-id-mQeWWk,Industrial Chemicals,935,50.0,596,SHIP_V_1278,17.7
SHIP_V_1208,sdv-id-ZKhAnq,Raw Jute,139,5.0,1160,SHIP_V_1208,26.8
SHIP_V_1010,sdv-id-rsKseX,Ready-made Garments,157,8.5,1596,SHIP_V_1010,17.470588235294116
SHIP_V_1481,sdv-id-qQmaYn,Industrial Chemicals,1268,50.0,423,SHIP_V_1481,24.36
SHIP_V_1720,sdv-id-TNnDDL,Solar Panels,294,120.0,1723,SHIP_V_1720,1.45
SHIP_V_1160,sdv-id-dvJOFf,Ready-made Garments,77,8.5,1843,SHIP_V_1160,8.058823529411764
SHIP_V_1601,sdv-id-armZQo,Raw Jute,89,5.0,689,SHIP_V_1601,16.8
SHIP_V_1366,sdv-id-MIOTWG,Solar Panels,542,120.0,327,SHIP_V_1366,3.5166666666666666
SHIP_V_1910,sdv-id-kdliMg,Industrial Chemicals,29,50.0,1751,SHIP_V_1910,-0.42
SHIP_V_1844,sdv-id-tRAsUS,Ready-made Garments,373,8.5,1472,SHIP_V_1844,42.88235294117647
SHIP_V_1167,sdv-id-mFeKdD,Smartphones,829,300.0,1015,SHIP_V_1167,1.7633333333333334
SHIP_V_1114,sdv-id-OTpjwz,Smartphones,388,300.0,1281,SHIP_V_1114,0.2933333333333333
SHIP_V_1985,sdv-id-SLqLcf,Industrial Chemicals,1128,50.0,759,SHIP_V_1985,21.56
SHIP_V_1403,sdv-id-INafLV,Industrial Chemicals,164,50.0,1147,SHIP_V_1403,2.28
SHIP_V_1439,sdv-id-eRXFts,Solar Panels,42,120.0,457,SHIP_V_1439,-0.65
SHIP_V_1871,sdv-id-VCguiG,Raw Jute,2002,5.0,364,SHIP_V_1871,399.4
SHIP_V_1434,sdv-id-AGpNHJ,Smartphones,339,300.0,1701,SHIP_V_1434,0.13
SHIP_V_1797,sdv-id-OYVKPP,Ready-made Garments,1321,8.5,1228,SHIP_V_1797,154.41176470588235
SHIP_V_1580,sdv-id-XjOMxy,Smartphones,1121,300.0,1124,SHIP_V_1580,2.736666666666667
SHIP_V_1166,sdv-id-pytmgz,Raw Jute,1590,5.0,787,SHIP_V_1166,317.0
SHIP_V_1652,sdv-id-DQzuDD,Smartphones,744,300.0,589,SHIP_V_1652,1.48
SHIP_V_1550,sdv-id-cVYSuZ,Smartphones,705,300.0,1486,SHIP_V_1550,1.35
SHIP_V_1956,sdv-id-dltNhQ,Smartphones,204,300.0,441,SHIP_V_1956,-0.32
SHIP_V_1016,sdv-id-yFyvHO,Solar Panels,1308,120.0,882,SHIP_V_1016,9.9
SHIP_V_1910,sdv-id-uUcXLJ,Ready-made Garments,45,8.5,1450,SHIP_V_1910,4.294117647058823
SHIP_V_1212,sdv-id-USmEkE,Industrial Chemicals,484,50.0,1436,SHIP_V_1212,8.68
SHIP_V_1264,sdv-id-uOqZwX,Ready-made Garments,304,8.5,534,SHIP_V_1264,34.76470588235294
SHIP_V_1207,sdv-id-GdHKXh,Solar Panels,86,120.0,1681,SHIP_V_1207,-0.2833333333333333
SHIP_V_1141,sdv-id-iHVKBs,Raw Jute,632,5.0,152,SHIP_V_1141,125.4
SHIP_V_1741,sdv-id-XjgVWA,Smartphones,1011,300.0,300,SHIP_V_1741,2.37
SHIP_V_1931,sdv-id-VHZjZY,Ready-made Garments,1282,8.5,487,SHIP_V_1931,149.8235294117647
SHIP_V_1369,sdv-id-sbcNkn,Smartphones,1015,300.0,1184,SHIP_V_1369,2.3833333333333333
SHIP_V_1993,sdv-id-IZbZku,Industrial Chemicals,1628,50.0,1812,SHIP_V_1993,31.56
SHIP_V_1798,sdv-id-SleRoA,Industrial Chemicals,55,50.0,1908,SHIP_V_1798,0.1
SHIP_V_1031,sdv-id-xIuAKA,Solar Panels,212,120.0,1905,SHIP_V_1031,0.7666666666666667
SHIP_V_1965,sdv-id-hBkMxR,Ready-made Garments,142,8.5,1968,SHIP_V_1965,15.705882352941176
SHIP_V_1973,sdv-id-PaNEHO,Ready-made Garments,378,8.5,1256,SHIP_V_1973,43.47058823529411
SHIP_V_1939,sdv-id-PnfDHH,Industrial Chemicals,496,50.0,540,SHIP_V_1939,8.92
SHIP_V_1791,sdv-id-ZWBWZJ,Smartphones,40,300.0,721,SHIP_V_1791,-0.8666666666666667
SHIP_V_1134,sdv-id-uFpdAW,Ready-made Garments,1631,8.5,1500,SHIP_V_1134,190.8823529411765
SHIP_V_1006,sdv-id-bExgLb,Smartphones,1093,300.0,1212,SHIP_V_1006,2.6433333333333335
SHIP_V_1227,sdv-id-nlyNvN,Industrial Chemicals,340,50.0,903,SHIP_V_1227,5.8
SHIP_V_1262,sdv-id-YtofrA,Smartphones,825,300.0,1917,SHIP_V_1262,1.75
SHIP_V_1197,sdv-id-kLIzBC,Smartphones,749,300.0,752,SHIP_V_1197,1.4966666666666666
SHIP_V_1689,sdv-id-KfIlNw,Smartphones,660,300.0,1639,SHIP_V_1689,1.2
SHIP_V_1491,sdv-id-EKawzq,Smartphones,392,300.0,1061,SHIP_V_1491,0.3066666666666666
SHIP_V_1621,sdv-id-ZIKvDP,Solar Panels,590,120.0,711,SHIP_V_1621,3.9166666666666665
SHIP_V_1326,sdv-id-yCkUXR,Solar Panels,183,120.0,1495,SHIP_V_1326,0.525
SHIP_V_1489,sdv-id-LZXvuE,Smartphones,1332,300.0,1655,SHIP_V_1489,3.44
SHIP_V_1329,sdv-id-IEWFzS,Industrial Chemicals,1791,50.0,1089,SHIP_V_1329,34.82
SHIP_V_1461,sdv-id-iWVUZu,Raw Jute,589,5.0,306,SHIP_V_1461,116.8
SHIP_V_1134,sdv-id-txfxJY,Industrial Chemicals,363,50.0,203,SHIP_V_1134,6.26
SHIP_V_1249,sdv-id-pmwwxc,Industrial Chemicals,747,50.0,1516,SHIP_V_1249,13.94
SHIP_V_1747,sdv-id-fwEREg,Raw Jute,540,5.0,1510,SHIP_V_1747,107.0
SHIP_V_1647,sdv-id-ByzZoQ,Smartphones,1812,300.0,823,SHIP_V_1647,5.04
SHIP_V_1884,sdv-id-iIMrXq,Industrial Chemicals,173,50.0,1594,SHIP_V_1884,2.46
SHIP_V_1573,sdv-id-TkwUIQ,Ready-made Garments,652,8.5,1713,SHIP_V_1573,75.70588235294117
SHIP_V_1748,sdv-id-sWmcsb,Ready-made Garments,1338,8.5,242,SHIP_V_1748,156.41176470588235
SHIP_V_1018,sdv-id-VzcmzZ,Solar Panels,1273,120.0,1832,SHIP_V_1018,9.608333333333333
SHIP_V_1645,sdv-id-KmxKTt,Solar Panels,1080,120.0,1384,SHIP_V_1645,8.0
SHIP_V_1122,sdv-id-ECjUfe,Raw Jute,493,5.0,1055,SHIP_V_1122,97.6
SHIP_V_1976,sdv-id-DLSMZP,Industrial Chemicals,263,50.0,1847,SHIP_V_1976,4.26
SHIP_V_1352,sdv-id-uVYSdI,Ready-made Garments,101,8.5,896,SHIP_V_1352,10.882352941176473
SHIP_V_1915,sdv-id-WJgDWo,Industrial Chemicals,74,50.0,1739,SHIP_V_1915,0.48
SHIP_V_1192,sdv-id-oXhbCm,Raw Jute,409,5.0,1680,SHIP_V_1192,80.8
SHIP_V_1251,sdv-id-nkTRKJ,Smartphones,300,300.0,416,SHIP_V_1251,0.0
SHIP_V_1720,sdv-id-ZZPSgq,Solar Panels,147,120.0,1934,SHIP_V_1720,0.225
SHIP_V_1415,sdv-id-REWACM,Raw Jute,173,5.0,369,SHIP_V_1415,33.6
SHIP_V_1634,sdv-id-QvFFvQ,Smartphones,131,300.0,1809,SHIP_V_1634,-0.5633333333333334
SHIP_V_1025,sdv-id-qKurPE,Raw Jute,571,5.0,1640,SHIP_V_1025,113.2
SHIP_V_1675,sdv-id-QJyUyD,Industrial Chemicals,1871,50.0,820,SHIP_V_1675,36.42
SHIP_V_1124,sdv-id-ogteYU,Raw Jute,1373,5.0,1886,SHIP_V_1124,273.6
SHIP_V_1396,sdv-id-vDDqST,Raw Jute,1931,5.0,1412,SHIP_V_1396,385.2
SHIP_V_1262,sdv-id-wNHwoT,Solar Panels,544,120.0,1416,SHIP_V_1262,3.533333333333333
SHIP_V_1914,sdv-id-rMgxuw,Smartphones,913,300.0,303,SHIP_V_1914,2.0433333333333334
SHIP_V_1275,sdv-id-AJksyP,Solar Panels,6,120.0,617,SHIP_V_1275,-0.95
SHIP_V_1657,sdv-id-vQcnNI,Industrial Chemicals,1269,50.0,106,SHIP_V_1657,24.38
SHIP_V_1185,sdv-id-hrLGPp,Ready-made Garments,319,8.5,831,SHIP_V_1185,36.52941176470589
SHIP_V_1622,sdv-id-BGlTBO,Industrial Chemicals,1027,50.0,831,SHIP_V_1622,19.54
SHIP_V_1257,sdv-id-aJsdyJ,Smartphones,245,300.0,417,SHIP_V_1257,-0.1833333333333333
SHIP_V_1839,sdv-id-MMJHzY,Industrial Chemicals,786,50.0,236,SHIP_V_1839,14.72
SHIP_V_1092,sdv-id-sTbKgo,Smartphones,143,300.0,1604,SHIP_V_1092,-0.5233333333333333
SHIP_V_1686,sdv-id-kMimYR,Raw Jute,67,5.0,444,SHIP_V_1686,12.4
SHIP_V_1842,sdv-id-TZzvDG,Ready-made Garments,882,8.5,1738,SHIP_V_1842,102.76470588235294
SHIP_V_1235,sdv-id-fyuhzB,Raw Jute,1080,5.0,740,SHIP_V_1235,215.0
SHIP_V_1128,sdv-id-TIOywf,Ready-made Garments,1059,8.5,132,SHIP_V_1128,123.58823529411764
SHIP_V_1415,sdv-id-vYfyjF,Industrial Chemicals,966,50.0,1870,SHIP_V_1415,18.32
SHIP_V_1049,sdv-id-QZalVc,Industrial Chemicals,1474,50.0,1727,SHIP_V_1049,28.48
SHIP_V_1766,sdv-id-qzKWtb,Ready-made Garments,140,8.5,319,SHIP_V_1766,15.470588235294118
SHIP_V_1998,sdv-id-BbCAgZ,Solar Panels,1637,120.0,161,SHIP_V_1998,12.641666666666667
SHIP_V_1439,sdv-id-nwYrpV,Solar Panels,79,120.0,1908,SHIP_V_1439,-0.3416666666666667
SHIP_V_1645,sdv-id-nICZMY,Raw Jute,189,5.0,1723,SHIP_V_1645,36.8
SHIP_V_1859,sdv-id-hDCDzb,Raw Jute,705,5.0,1408,SHIP_V_1859,140.0
SHIP_V_1877,sdv-id-ZqIDIo,Raw Jute,355,5.0,1326,SHIP_V_1877,70.0
SHIP_V_1514,sdv-id-isPOCZ,Raw Jute,41,5.0,769,SHIP_V_1514,7.2
SHIP_V_1698,sdv-id-uSTCVn,Smartphones,573,300.0,302,SHIP_V_1698,0.91
SHIP_V_1505,sdv-id-LIsdnI,Ready-made Garments,1117,8.5,362,SHIP_V_1505,130.41176470588235
SHIP_V_1859,sdv-id-BVrPBo,Raw Jute,328,5.0,359,SHIP_V_1859,64.6
SHIP_V_1303,sdv-id-cVFCjO,Solar Panels,479,120.0,1550,SHIP_V_1303,2.9916666666666667
SHIP_V_1558,sdv-id-mdsgCh,Smartphones,402,300.0,563,SHIP_V_1558,0.34
SHIP_V_1321,sdv-id-hCiseN,Smartphones,18,300.0,1395,SHIP_V_1321,-0.94
SHIP_V_1008,sdv-id-PPyfuR,Ready-made Garments,3632,8.5,274,SHIP_V_1008,426.2941176470589
SHIP_V_1211,sdv-id-apeNMr,Smartphones,654,300.0,1464,SHIP_V_1211,1.18
SHIP_V_1310,sdv-id-zoldtq,Ready-made Garments,1761,8.5,426,SHIP_V_1310,206.1764705882353
SHIP_V_1981,sdv-id-OLUOnd,Raw Jute,517,5.0,1361,SHIP_V_1981,102.4
SHIP_V_1978,sdv-id-kaHPyi,Raw Jute,649,5.0,1475,SHIP_V_1978,128.8
SHIP_V_1289,sdv-id-IWKaXd,Smartphones,88,300.0,1566,SHIP_V_1289,-0.7066666666666667
SHIP_V_1889,sdv-id-RGgjkE,Solar Panels,2092,120.0,259,SHIP_V_1889,16.433333333333334
SHIP_V_1415,sdv-id-VuSQmV,Smartphones,207,300.0,706,SHIP_V_1415,-0.31
SHIP_V_1184,sdv-id-nZqTyi,Ready-made Garments,585,8.5,1031,SHIP_V_1184,67.82352941176471
SHIP_V_1715,sdv-id-wLyham,Raw Jute,756,5.0,761,SHIP_V_1715,150.2
SHIP_V_1757,sdv-id-JpFlIR,Smartphones,390,300.0,145,SHIP_V_1757,0.3
SHIP_V_1703,sdv-id-KLpUvT,Raw Jute,459,5.0,1088,SHIP_V_1703,90.8
SHIP_V_1754,sdv-id-SmmyDJ,Industrial Chemicals,1716,50.0,1585,SHIP_V_1754,33.32
SHIP_V_1294,sdv-id-cfdiUb,Industrial Chemicals,838,50.0,800,SHIP_V_1294,15.76
SHIP_V_1833,sdv-id-wltFNS,Industrial Chemicals,6,50.0,1568,SHIP_V_1833,-0.88
SHIP_V_1308,sdv-id-AWwPZb,Smartphones,912,300.0,1565,SHIP_V_1308,2.04
SHIP_V_1672,sdv-id-nnsCDP,Raw Jute,212,5.0,1229,SHIP_V_1672,41.4
SHIP_V_1204,sdv-id-TyBfUU,Industrial Chemicals,168,50.0,815,SHIP_V_1204,2.36
SHIP_V_1101,sdv-id-rIhZKG,Ready-made Garments,795,8.5,711,SHIP_V_1101,92.52941176470588
SHIP_V_1893,sdv-id-pwzJSL,Industrial Chemicals,725,50.0,1252,SHIP_V_1893,13.5
SHIP_V_1184,sdv-id-cGXggt,Industrial Chemicals,934,50.0,411,SHIP_V_1184,17.68
SHIP_V_1328,sdv-id-HkYBwk,Ready-made Garments,414,8.5,729,SHIP_V_1328,47.705882352941174
SHIP_V_1408,sdv-id-EPGLYC,Ready-made Garments,1589,8.5,367,SHIP_V_1408,185.94117647058823
SHIP_V_1766,sdv-id-vizoSK,Industrial Chemicals,782,50.0,1674,SHIP_V_1766,14.64
SHIP_V_1661,sdv-id-sOoIXq,Ready-made Garments,972,8.5,1417,SHIP_V_1661,113.3529411764706
SHIP_V_1679,sdv-id-ohCOZV,Industrial Chemicals,829,50.0,1943,SHIP_V_1679,15.58
SHIP_V_1384,sdv-id-nTvyKr,Ready-made Garments,848,8.5,453,SHIP_V_1384,98.76470588235294
SHIP_V_1470,sdv-id-wEPYZq,Industrial Chemicals,976,50.0,1422,SHIP_V_1470,18.52
SHIP_V_1178,sdv-id-UuYHrT,Smartphones,457,300.0,1220,SHIP_V_1178,0.5233333333333333
SHIP_V_1234,sdv-id-irlsSl,Industrial Chemicals,281,50.0,105,SHIP_V_1234,4.62
SHIP_V_1479,sdv-id-VKWAvs,Solar Panels,315,120.0,1883,SHIP_V_1479,1.625
SHIP_V_1803,sdv-id-QFXPGJ,Smartphones,259,300.0,1785,SHIP_V_1803,-0.1366666666666666
SHIP_V_1472,sdv-id-dIBZQX,Solar Panels,242,120.0,1571,SHIP_V_1472,1.0166666666666666
SHIP_V_1429,sdv-id-oqShTC,Smartphones,924,300.0,1859,SHIP_V_1429,2.08
SHIP_V_1557,sdv-id-RRjmGU,Ready-made Garments,1331,8.5,801,SHIP_V_1557,155.58823529411765
SHIP_V_1170,sdv-id-MCLBcQ,Smartphones,610,300.0,1294,SHIP_V_1170,1.0333333333333334
SHIP_V_1941,sdv-id-rwJzIa,Industrial Chemicals,511,50.0,557,SHIP_V_1941,9.22
SHIP_V_1427,sdv-id-ImNqvp,Industrial Chemicals,581,50.0,869,SHIP_V_1427,10.62
SHIP_V_1642,sdv-id-RVhNSg,Industrial Chemicals,290,50.0,1729,SHIP_V_1642,4.8
SHIP_V_1081,sdv-id-NZbVoM,Industrial Chemicals,828,50.0,1786,SHIP_V_1081,15.56
SHIP_V_1693,sdv-id-qjnsKR,Industrial Chemicals,1137,50.0,660,SHIP_V_1693,21.74
SHIP_V_1807,sdv-id-UcRGFZ,Raw Jute,137,5.0,1996,SHIP_V_1807,26.4
SHIP_V_1926,sdv-id-EpOiRd,Industrial Chemicals,100,50.0,1199,SHIP_V_1926,1.0
SHIP_V_1362,sdv-id-qGFgTM,Raw Jute,356,5.0,376,SHIP_V_1362,70.2
SHIP_V_1108,sdv-id-uVMUFZ,Ready-made Garments,254,8.5,1903,SHIP_V_1108,28.88235294117647
SHIP_V_1757,sdv-id-AHzGtI,Industrial Chemicals,2067,50.0,613,SHIP_V_1757,40.34
SHIP_V_1004,sdv-id-jOryCz,Smartphones,132,300.0,1368,SHIP_V_1004,-0.56
SHIP_V_1384,sdv-id-qAIPiV,Raw Jute,1384,5.0,957,SHIP_V_1384,275.8
SHIP_V_1683,sdv-id-WPaIiH,Ready-made Garments,43,8.5,1916,SHIP_V_1683,4.0588235294117645
SHIP_V_1345,sdv-id-klUVBQ,Raw Jute,201,5.0,1468,SHIP_V_1345,39.2
SHIP_V_1798,sdv-id-eykFti,Smartphones,294,300.0,851,SHIP_V_1798,-0.02
SHIP_V_1205,sdv-id-TNnRGb,Raw Jute,4,5.0,1161,SHIP_V_1205,-0.2
SHIP_V_1941,sdv-id-PMPeaj,Smartphones,1342,300.0,1888,SHIP_V_1941,3.473333333333333
SHIP_V_1131,sdv-id-cSJBdH,Industrial Chemicals,1313,50.0,1252,SHIP_V_1131,25.26
SHIP_V_1371,sdv-id-UVnzye,Smartphones,140,300.0,731,SHIP_V_1371,-0.5333333333333333
SHIP_V_1266,sdv-id-OhLhLN,Raw Jute,2091,5.0,1584,SHIP_V_1266,417.2
SHIP_V_1528,sdv-id-WIJPIv,Raw Jute,896,5.0,986,SHIP_V_1528,178.2
SHIP_V_1991,sdv-id-crqWSF,Raw Jute,631,5.0,678,SHIP_V_1991,125.2
SHIP_V_1649,sdv-id-LhrNEg,Solar Panels,1142,120.0,489,SHIP_V_1649,8.516666666666667
SHIP_V_1735,sdv-id-TpHwcs,Smartphones,506,300.0,1416,SHIP_V_1735,0.6866666666666666
SHIP_V_1526,sdv-id-vkzYgS,Solar Panels,53,120.0,1205,SHIP_V_1526,-0.5583333333333333
SHIP_V_1093,sdv-id-cvymSU,Solar Panels,581,120.0,873,SHIP_V_1093,3.841666666666667
SHIP_V_1079,sdv-id-UHoSUT,Solar Panels,1066,120.0,366,SHIP_V_1079,7.883333333333334
SHIP_V_1234,sdv-id-wBegTN,Solar Panels,879,120.0,828,SHIP_V_1234,6.325
SHIP_V_1215,sdv-id-UGlwgQ,Industrial Chemicals,1736,50.0,750,SHIP_V_1215,33.72
SHIP_V_1488,sdv-id-hVZZTi,Smartphones,1337,300.0,1123,SHIP_V_1488,3.4566666666666666
SHIP_V_1742,sdv-id-moLWZJ,Raw Jute,167,5.0,803,SHIP_V_1742,32.4
SHIP_V_1584,sdv-id-pTFyaV,Industrial Chemicals,239,50.0,1099,SHIP_V_1584,3.78
SHIP_V_1704,sdv-id-YXwSqe,Smartphones,1221,300.0,617,SHIP_V_1704,3.07
SHIP_V_1983,sdv-id-fFCORJ,Industrial Chemicals,198,50.0,1055,SHIP_V_1983,2.96
SHIP_V_1444,sdv-id-NERHBR,Raw Jute,79,5.0,412,SHIP_V_1444,14.8
SHIP_V_1510,sdv-id-eqxOQR,Raw Jute,1229,5.0,1605,SHIP_V_1510,244.8
SHIP_V_1980,sdv-id-Chljgc,Smartphones,223,300.0,753,SHIP_V_1980,-0.2566666666666666
SHIP_V_1506,sdv-id-FibfmR,Ready-made Garments,467,8.5,1600,SHIP_V_1506,53.94117647058823
SHIP_V_1126,sdv-id-JglDmc,Smartphones,1189,300.0,438,SHIP_V_1126,2.963333333333334
SHIP_V_1976,sdv-id-WSvPlR,Raw Jute,1648,5.0,956,SHIP_V_1976,328.6
SHIP_V_1718,sdv-id-QcXJbC,Industrial Chemicals,982,50.0,768,SHIP_V_1718,18.64
SHIP_V_1615,sdv-id-TJyvUN,Smartphones,1135,300.0,787,SHIP_V_1615,2.783333333333333
SHIP_V_1977,sdv-id-sftoaD,Ready-made Garments,778,8.5,1011,SHIP_V_1977,90.52941176470588
SHIP_V_1410,sdv-id-fhseLz,Ready-made Garments,73,8.5,390,SHIP_V_1410,7.588235294117647
SHIP_V_1918,sdv-id-cwUvtx,Ready-made Garments,656,8.5,876,SHIP_V_1918,76.17647058823529
SHIP_V_1034,sdv-id-WLNUEL,Raw Jute,2136,5.0,823,SHIP_V_1034,426.2
SHIP_V_1810,sdv-id-roieuH,Industrial Chemicals,1057,50.0,746,SHIP_V_1810,20.14
SHIP_V_1989,sdv-id-wVpPIB,Smartphones,559,300.0,1448,SHIP_V_1989,0.8633333333333333
SHIP_V_1905,sdv-id-baUQnw,Raw Jute,1351,5.0,1319,SHIP_V_1905,269.2
SHIP_V_1631,sdv-id-YlCbZR,Raw Jute,1182,5.0,670,SHIP_V_1631,235.4
SHIP_V_1584,sdv-id-DerORT,Smartphones,165,300.0,346,SHIP_V_1584,-0.45
SHIP_V_1384,sdv-id-exLYtT,Ready-made Garments,272,8.5,1201,SHIP_V_1384,31.0
SHIP_V_1298,sdv-id-GAumJD,Smartphones,381,300.0,1347,SHIP_V_1298,0.27
SHIP_V_1425,sdv-id-xwfWPm,Industrial Chemicals,1567,50.0,779,SHIP_V_1425,30.34
SHIP_V_1436,sdv-id-DyAAAq,Industrial Chemicals,269,50.0,341,SHIP_V_1436,4.38
SHIP_V_1129,sdv-id-YfJBPM,Ready-made Garments,485,8.5,755,SHIP_V_1129,56.05882352941177
SHIP_V_1307,sdv-id-zCwUPE,Ready-made Garments,1245,8.5,1587,SHIP_V_1307,145.47058823529412
SHIP_V_1403,sdv-id-iEQNlu,Raw Jute,2126,5.0,225,SHIP_V_1403,424.2
SHIP_V_1632,sdv-id-MVuBOX,Raw Jute,1501,5.0,1384,SHIP_V_1632,299.2
SHIP_V_1548,sdv-id-vMWJMQ,Industrial Chemicals,284,50.0,1944,SHIP_V_1548,4.68
SHIP_V_1344,sdv-id-YsSiPb,Smartphones,92,300.0,207,SHIP_V_1344,-0.6933333333333334
SHIP_V_1544,sdv-id-JdVcWm,Industrial Chemicals,2117,50.0,1595,SHIP_V_1544,41.34
SHIP_V_1300,sdv-id-eqIwsZ,Raw Jute,304,5.0,589,SHIP_V_1300,59.8
SHIP_V_1330,sdv-id-uZPboH,Ready-made Garments,116,8.5,1984,SHIP_V_1330,12.647058823529411
SHIP_V_1327,sdv-id-cJsbkr,Ready-made Garments,39,8.5,948,SHIP_V_1327,3.588235294117647
SHIP_V_1747,sdv-id-uFnIYv,Solar Panels,668,120.0,1248,SHIP_V_1747,4.566666666666666
SHIP_V_1638,sdv-id-ZPlRjd,Solar Panels,164,120.0,1037,SHIP_V_1638,0.3666666666666666
SHIP_V_1935,sdv-id-bGiVMp,Raw Jute,163,5.0,1509,SHIP_V_1935,31.6
SHIP_V_1747,sdv-id-wHXQGU,Industrial Chemicals,1981,50.0,1430,SHIP_V_1747,38.62
SHIP_V_1266,sdv-id-VZNKea,Solar Panels,132,120.0,443,SHIP_V_1266,0.1
SHIP_V_1262,sdv-id-eVCqNh,Raw Jute,1188,5.0,305,SHIP_V_1262,236.6
SHIP_V_1386,sdv-id-zYZndi,Raw Jute,148,5.0,1272,SHIP_V_1386,28.6
SHIP_V_1001,sdv-id-icJfPH,Raw Jute,56,5.0,153,SHIP_V_1001,10.2
SHIP_V_1332,sdv-id-BaGtPs,Smartphones,785,300.0,525,SHIP_V_1332,1.6166666666666667
SHIP_V_1782,sdv-id-IeQBrn,Solar Panels,216,120.0,1935,SHIP_V_1782,0.8
SHIP_V_1288,sdv-id-WyNBSr,Industrial Chemicals,406,50.0,524,SHIP_V_1288,7.12
SHIP_V_1478,sdv-id-INETKH,Ready-made Garments,537,8.5,790,SHIP_V_1478,62.1764705882353
SHIP_V_1960,sdv-id-aeseYh,Solar Panels,146,120.0,662,SHIP_V_1960,0.2166666666666666
SHIP_V_1796,sdv-id-ZPxUcB,Raw Jute,493,5.0,1590,SHIP_V_1796,97.6
SHIP_V_1833,sdv-id-lqohAs,Solar Panels,738,120.0,803,SHIP_V_1833,5.15
SHIP_V_1442,sdv-id-sNznpw,Solar Panels,192,120.0,1603,SHIP_V_1442,0.6
SHIP_V_1309,sdv-id-DxsOkF,Raw Jute,245,5.0,758,SHIP_V_1309,48.0
SHIP_V_1535,sdv-id-hIbefo,Industrial Chemicals,1481,50.0,1316,SHIP_V_1535,28.62
SHIP_V_1076,sdv-id-lEfVnb,Smartphones,964,300.0,860,SHIP_V_1076,2.213333333333334
SHIP_V_1189,sdv-id-TXcbYe,Ready-made Garments,939,8.5,1035,SHIP_V_1189,109.47058823529412
SHIP_V_1592,sdv-id-JoAWte,Smartphones,315,300.0,208,SHIP_V_1592,0.05
SHIP_V_1100,sdv-id-sQTHht,Smartphones,1239,300.0,928,SHIP_V_1100,3.13
SHIP_V_1299,sdv-id-yMEtNX,Smartphones,760,300.0,367,SHIP_V_1299,1.5333333333333334
SHIP_V_1631,sdv-id-OhNiRK,Industrial Chemicals,335,50.0,605,SHIP_V_1631,5.7
SHIP_V_1277,sdv-id-hxwaPm,Industrial Chemicals,1808,50.0,299,SHIP_V_1277,35.16
SHIP_V_1104,sdv-id-lIvneO,Smartphones,1144,300.0,1226,SHIP_V_1104,2.8133333333333335
SHIP_V_1821,sdv-id-tePajK,Smartphones,1467,300.0,1849,SHIP_V_1821,3.89
SHIP_V_1270,sdv-id-hEBTBK,Solar Panels,328,120.0,985,SHIP_V_1270,1.7333333333333334
SHIP_V_1486,sdv-id-KSgMtm,Industrial Chemicals,2253,50.0,1553,SHIP_V_1486,44.06
SHIP_V_1150,sdv-id-YjSmrW,Smartphones,1147,300.0,494,SHIP_V_1150,2.8233333333333333
SHIP_V_1254,sdv-id-HvOBgl,Raw Jute,517,5.0,488,SHIP_V_1254,102.4
SHIP_V_1251,sdv-id-zxyKKf,Smartphones,876,300.0,1200,SHIP_V_1251,1.92
SHIP_V_1884,sdv-id-WWWKeO,Industrial Chemicals,770,50.0,703,SHIP_V_1884,14.4
SHIP_V_1663,sdv-id-XVVeKb,Solar Panels,505,120.0,688,SHIP_V_1663,3.2083333333333335
SHIP_V_1391,sdv-id-ZmOOON,Ready-made Garments,72,8.5,1004,SHIP_V_1391,7.470588235294118
SHIP_V_1756,sdv-id-GlOzKk,Ready-made Garments,64,8.5,1885,SHIP_V_1756,6.529411764705882
SHIP_V_1183,sdv-id-CSxswl,Ready-made Garments,368,8.5,279,SHIP_V_1183,42.294117647058826
SHIP_V_1611,sdv-id-WmYjrf,Ready-made Garments,997,8.5,1175,SHIP_V_1611,116.29411764705884
SHIP_V_1632,sdv-id-XGOGqn,Raw Jute,1782,5.0,286,SHIP_V_1632,355.4
SHIP_V_1027,sdv-id-YvATwj,Smartphones,803,300.0,1261,SHIP_V_1027,1.6766666666666667
SHIP_V_1863,sdv-id-dXlgZr,Raw Jute,507,5.0,1060,SHIP_V_1863,100.4
SHIP_V_1066,sdv-id-jooIap,Solar Panels,389,120.0,1684,SHIP_V_1066,2.2416666666666667
SHIP_V_1307,sdv-id-KZYHtD,Raw Jute,555,5.0,1502,SHIP_V_1307,110.0
SHIP_V_1189,sdv-id-xocbuq,Ready-made Garments,1058,8.5,688,SHIP_V_1189,123.47058823529412
SHIP_V_1134,sdv-id-NtcikE,Raw Jute,19,5.0,1529,SHIP_V_1134,2.8
SHIP_V_1627,sdv-id-rhPieW,Solar Panels,628,120.0,769,SHIP_V_1627,4.233333333333333
SHIP_V_1139,sdv-id-AHOjgc,Smartphones,2171,300.0,542,SHIP_V_1139,6.236666666666666
SHIP_V_1129,sdv-id-SpTUCS,Smartphones,1739,300.0,278,SHIP_V_1129,4.796666666666667
SHIP_V_1157,sdv-id-ESQlGQ,Ready-made Garments,836,8.5,1758,SHIP_V_1157,97.3529411764706
SHIP_V_1370,sdv-id-VRZncg,Ready-made Garments,2027,8.5,910,SHIP_V_1370,237.47058823529412
SHIP_V_1363,sdv-id-LnIqlk,Raw Jute,1768,5.0,1318,SHIP_V_1363,352.6
SHIP_V_1507,sdv-id-zVqVLz,Industrial Chemicals,718,50.0,1353,SHIP_V_1507,13.36
SHIP_V_1263,sdv-id-LQYRHF,Industrial Chemicals,1695,50.0,1316,SHIP_V_1263,32.9
SHIP_V_1809,sdv-id-Oiimir,Ready-made Garments,57,8.5,1556,SHIP_V_1809,5.705882352941177
SHIP_V_1646,sdv-id-YbYwtu,Solar Panels,1181,120.0,1338,SHIP_V_1646,8.841666666666667
SHIP_V_1140,sdv-id-OcbuOt,Industrial Chemicals,1603,50.0,393,SHIP_V_1140,31.06
SHIP_V_1756,sdv-id-rDNFPv,Industrial Chemicals,256,50.0,1399,SHIP_V_1756,4.12
SHIP_V_1036,sdv-id-RnrciX,Industrial Chemicals,304,50.0,682,SHIP_V_1036,5.08
SHIP_V_1173,sdv-id-sWOlEy,Smartphones,1102,300.0,1303,SHIP_V_1173,2.6733333333333333
SHIP_V_1812,sdv-id-cXcWcm,Raw Jute,3052,5.0,1611,SHIP_V_1812,609.4
SHIP_V_1179,sdv-id-QsZitv,Solar Panels,1048,120.0,1932,SHIP_V_1179,7.733333333333333
SHIP_V_1924,sdv-id-yFABvI,Raw Jute,38,5.0,1464,SHIP_V_1924,6.6
SHIP_V_1644,sdv-id-xxISBW,Ready-made Garments,1030,8.5,204,SHIP_V_1644,120.17647058823528
SHIP_V_1957,sdv-id-fvlWCd,Smartphones,1015,300.0,775,SHIP_V_1957,2.3833333333333333
SHIP_V_1935,sdv-id-qRaltx,Raw Jute,512,5.0,682,SHIP_V_1935,101.4
SHIP_V_1818,sdv-id-LmJNJU,Industrial Chemicals,160,50.0,1484,SHIP_V_1818,2.2
SHIP_V_1276,sdv-id-aHxQTj,Ready-made Garments,470,8.5,1588,SHIP_V_1276,54.294117647058826
SHIP_V_1852,sdv-id-ioBDXr,Smartphones,305,300.0,1622,SHIP_V_1852,0.0166666666666666
SHIP_V_1212,sdv-id-vDJZLJ,Industrial Chemicals,612,50.0,1340,SHIP_V_1212,11.24
SHIP_V_1324,sdv-id-zelvdw,Industrial Chemicals,167,50.0,715,SHIP_V_1324,2.34
SHIP_V_1811,sdv-id-klqbuD,Ready-made Garments,782,8.5,1848,SHIP_V_1811,91.0
SHIP_V_1205,sdv-id-YqOOJy,Raw Jute,800,5.0,982,SHIP_V_1205,159.0
SHIP_V_1156,sdv-id-UayksY,Smartphones,435,300.0,1059,SHIP_V_1156,0.45
SHIP_V_1739,sdv-id-fOYDKl,Smartphones,149,300.0,1404,SHIP_V_1739,-0.5033333333333333
SHIP_V_1914,sdv-id-HAFhHO,Smartphones,1014,300.0,908,SHIP_V_1914,2.38
SHIP_V_1610,sdv-id-wVdJzB,Solar Panels,323,120.0,1119,SHIP_V_1610,1.6916666666666669
SHIP_V_1053,sdv-id-vqObub,Raw Jute,386,5.0,607,SHIP_V_1053,76.2
SHIP_V_1875,sdv-id-LuTRSn,Smartphones,2900,300.0,1933,SHIP_V_1875,8.666666666666666
SHIP_V_1232,sdv-id-LMiqKq,Smartphones,101,300.0,1385,SHIP_V_1232,-0.6633333333333333
SHIP_V_1776,sdv-id-cdvGLX,Smartphones,48,300.0,1440,SHIP_V_1776,-0.84
SHIP_V_1911,sdv-id-iTJyIl,Industrial Chemicals,1171,50.0,162,SHIP_V_1911,22.42
SHIP_V_1187,sdv-id-xImLkf,Industrial Chemicals,1940,50.0,679,SHIP_V_1187,37.8
SHIP_V_1771,sdv-id-cWnmhl,Raw Jute,98,5.0,1356,SHIP_V_1771,18.6
SHIP_V_1214,sdv-id-OsIRef,Smartphones,389,300.0,873,SHIP_V_1214,0.2966666666666667
SHIP_V_1720,sdv-id-sBLpqS,Ready-made Garments,634,8.5,718,SHIP_V_1720,73.58823529411765
SHIP_V_1551,sdv-id-gUNNpl,Smartphones,1236,300.0,261,SHIP_V_1551,3.12
SHIP_V_1276,sdv-id-vZFASe,Industrial Chemicals,2441,50.0,968,SHIP_V_1276,47.82
SHIP_V_1931,sdv-id-Ldllna,Ready-made Garments,1387,8.5,228,SHIP_V_1931,162.1764705882353
SHIP_V_1503,sdv-id-sCoNCM,Ready-made Garments,59,8.5,668,SHIP_V_1503,5.9411764705882355
SHIP_V_1898,sdv-id-PRDlPJ,Smartphones,124,300.0,1974,SHIP_V_1898,-0.5866666666666667
SHIP_V_1795,sdv-id-epbBSX,Smartphones,213,300.0,1819,SHIP_V_1795,-0.29
SHIP_V_1330,sdv-id-XQyeWM,Raw Jute,571,5.0,763,SHIP_V_1330,113.2
SHIP_V_1438,sdv-id-ScVwNB,Smartphones,2459,300.0,1508,SHIP_V_1438,7.196666666666666
SHIP_V_1699,sdv-id-SQlTXt,Smartphones,1546,300.0,253,SHIP_V_1699,4.153333333333333
SHIP_V_1281,sdv-id-kMKqWQ,Smartphones,3,300.0,1793,SHIP_V_1281,-0.99
SHIP_V_1023,sdv-id-IkrREr,Ready-made Garments,813,8.5,597,SHIP_V_1023,94.6470588235294
SHIP_V_1900,sdv-id-gRtUmL,Ready-made Garments,1973,8.5,1350,SHIP_V_1900,231.1176470588235
SHIP_V_1915,sdv-id-BFyfsV,Industrial Chemicals,1114,50.0,1992,SHIP_V_1915,21.28
SHIP_V_1009,sdv-id-cykDqB,Solar Panels,575,120.0,1285,SHIP_V_1009,3.7916666666666665
SHIP_V_1230,sdv-id-ePtmMc,Industrial Chemicals,3453,50.0,133,SHIP_V_1230,68.06
SHIP_V_1174,sdv-id-JzDZWx,Raw Jute,19,5.0,944,SHIP_V_1174,2.8
SHIP_V_1042,sdv-id-kcHipb,Solar Panels,248,120.0,337,SHIP_V_1042,1.0666666666666669
SHIP_V_1866,sdv-id-qtmYLI,Smartphones,1063,300.0,1872,SHIP_V_1866,2.5433333333333334
SHIP_V_1052,sdv-id-rYkjNk,Ready-made Garments,514,8.5,778,SHIP_V_1052,59.47058823529411
SHIP_V_1294,sdv-id-XLevwx,Raw Jute,662,5.0,304,SHIP_V_1294,131.4
SHIP_V_1673,sdv-id-IFQHpJ,Industrial Chemicals,1361,50.0,466,SHIP_V_1673,26.22
SHIP_V_1175,sdv-id-aMkXLL,Smartphones,319,300.0,1838,SHIP_V_1175,0.0633333333333333
SHIP_V_1438,sdv-id-UGpvje,Raw Jute,252,5.0,332,SHIP_V_1438,49.4
SHIP_V_1150,sdv-id-hfOMSI,Industrial Chemicals,1764,50.0,1250,SHIP_V_1150,34.28
SHIP_V_1815,sdv-id-sXpBME,Smartphones,1171,300.0,1485,SHIP_V_1815,2.9033333333333333
SHIP_V_1804,sdv-id-eaJnuX,Solar Panels,241,120.0,1075,SHIP_V_1804,1.0083333333333333
SHIP_V_1080,sdv-id-IKMAXD,Industrial Chemicals,1361,50.0,1701,SHIP_V_1080,26.22
SHIP_V_1970,sdv-id-sgkbkS,Ready-made Garments,573,8.5,565,SHIP_V_1970,66.41176470588235
SHIP_V_1422,sdv-id-uHLVXD,Industrial Chemicals,726,50.0,1186,SHIP_V_1422,13.52
SHIP_V_1076,sdv-id-joYASR,Smartphones,1444,300.0,591,SHIP_V_1076,3.8133333333333335
SHIP_V_1839,sdv-id-JpzCtI,Industrial Chemicals,718,50.0,1795,SHIP_V_1839,13.36
SHIP_V_1045,sdv-id-BgPZZh,Ready-made Garments,2452,8.5,776,SHIP_V_1045,287.47058823529414
SHIP_V_1487,sdv-id-IjqOEi,Ready-made Garments,2332,8.5,822,SHIP_V_1487,273.3529411764706
SHIP_V_1617,sdv-id-emcQGu,Smartphones,245,300.0,520,SHIP_V_1617,-0.1833333333333333
SHIP_V_1852,sdv-id-JpweKp,Smartphones,840,300.0,1750,SHIP_V_1852,1.8
SHIP_V_1647,sdv-id-BzpLAb,Solar Panels,575,120.0,452,SHIP_V_1647,3.7916666666666665
SHIP_V_1152,sdv-id-GqIGkK,Smartphones,1749,300.0,1505,SHIP_V_1152,4.83
SHIP_V_1799,sdv-id-kxyDSn,Raw Jute,1511,5.0,1061,SHIP_V_1799,301.2
SHIP_V_1546,sdv-id-PEzhjf,Raw Jute,658,5.0,650,SHIP_V_1546,130.6
SHIP_V_1599,sdv-id-KWinMv,Smartphones,1066,300.0,1187,SHIP_V_1599,2.5533333333333332
SHIP_V_1719,sdv-id-ZjYOOw,Smartphones,916,300.0,605,SHIP_V_1719,2.0533333333333332
SHIP_V_1712,sdv-id-MyBnOm,Raw Jute,1778,5.0,598,SHIP_V_1712,354.6
SHIP_V_1951,sdv-id-MgngvM,Industrial Chemicals,1217,50.0,1842,SHIP_V_1951,23.34
SHIP_V_1696,sdv-id-zyXops,Raw Jute,95,5.0,1770,SHIP_V_1696,18.0
SHIP_V_1289,sdv-id-BwLxbZ,Smartphones,587,300.0,1780,SHIP_V_1289,0.9566666666666668
SHIP_V_1205,sdv-id-DSrLPt,Ready-made Garments,106,8.5,1417,SHIP_V_1205,11.470588235294118
SHIP_V_1490,sdv-id-EVHaES,Solar Panels,230,120.0,174,SHIP_V_1490,0.9166666666666666
SHIP_V_1044,sdv-id-vXHugi,Industrial Chemicals,224,50.0,1928,SHIP_V_1044,3.48
SHIP_V_1582,sdv-id-fJSsSb,Raw Jute,460,5.0,1266,SHIP_V_1582,91.0
SHIP_V_1400,sdv-id-SpkZlB,Smartphones,221,300.0,1786,SHIP_V_1400,-0.2633333333333333
SHIP_V_1686,sdv-id-MTMilG,Smartphones,581,300.0,1012,SHIP_V_1686,0.9366666666666666
SHIP_V_1704,sdv-id-ORcGKZ,Raw Jute,2258,5.0,281,SHIP_V_1704,450.6
SHIP_V_1371,sdv-id-avbPTv,Raw Jute,1006,5.0,233,SHIP_V_1371,200.2
SHIP_V_1891,sdv-id-zEIyzp,Smartphones,1998,300.0,1610,SHIP_V_1891,5.66
SHIP_V_1453,sdv-id-tHylSo,Raw Jute,1464,5.0,326,SHIP_V_1453,291.8
SHIP_V_1142,sdv-id-wLbnAZ,Ready-made Garments,1245,8.5,1217,SHIP_V_1142,145.47058823529412
SHIP_V_1921,sdv-id-GRqLvy,Industrial Chemicals,947,50.0,1995,SHIP_V_1921,17.94
SHIP_V_1751,sdv-id-SGikHf,Industrial Chemicals,957,50.0,446,SHIP_V_1751,18.14
SHIP_V_1138,sdv-id-ONwPuF,Smartphones,819,300.0,1564,SHIP_V_1138,1.73
SHIP_V_1811,sdv-id-McEOdA,Smartphones,1544,300.0,607,SHIP_V_1811,4.1466666666666665
SHIP_V_1659,sdv-id-VYyugb,Solar Panels,755,120.0,1572,SHIP_V_1659,5.291666666666667
SHIP_V_1864,sdv-id-rdHqmc,Smartphones,145,300.0,812,SHIP_V_1864,-0.5166666666666667
SHIP_V_1117,sdv-id-LUIevh,Solar Panels,99,120.0,244,SHIP_V_1117,-0.175
SHIP_V_1983,sdv-id-BVeHev,Raw Jute,889,5.0,1255,SHIP_V_1983,176.8
SHIP_V_1495,sdv-id-alleQW,Solar Panels,211,120.0,716,SHIP_V_1495,0.7583333333333333
SHIP_V_1988,sdv-id-UydwYu,Industrial Chemicals,117,50.0,515,SHIP_V_1988,1.34
SHIP_V_1254,sdv-id-HHcnWr,Raw Jute,1315,5.0,747,SHIP_V_1254,262.0
SHIP_V_1255,sdv-id-oFWewv,Ready-made Garments,1435,8.5,923,SHIP_V_1255,167.8235294117647
SHIP_V_1444,sdv-id-gIUGeO,Smartphones,1158,300.0,764,SHIP_V_1444,2.86
SHIP_V_1713,sdv-id-TedyMm,Industrial Chemicals,490,50.0,1357,SHIP_V_1713,8.8
SHIP_V_1727,sdv-id-MaBJSV,Raw Jute,2725,5.0,1969,SHIP_V_1727,544.0
SHIP_V_1473,sdv-id-pqgPRB,Solar Panels,199,120.0,1431,SHIP_V_1473,0.6583333333333333
SHIP_V_1965,sdv-id-uUFqsx,Industrial Chemicals,460,50.0,883,SHIP_V_1965,8.2
SHIP_V_1951,sdv-id-JLDzvj,Solar Panels,574,120.0,1044,SHIP_V_1951,3.783333333333333
SHIP_V_1345,sdv-id-cQnVVF,Smartphones,537,300.0,1738,SHIP_V_1345,0.79
SHIP_V_1700,sdv-id-aRDiVX,Industrial Chemicals,394,50.0,1429,SHIP_V_1700,6.88
SHIP_V_1445,sdv-id-ooLGhU,Smartphones,691,300.0,783,SHIP_V_1445,1.3033333333333332
SHIP_V_1383,sdv-id-bQyfjc,Raw Jute,694,5.0,852,SHIP_V_1383,137.8
SHIP_V_1944,sdv-id-HRBbHq,Raw Jute,553,5.0,1821,SHIP_V_1944,109.6
SHIP_V_1710,sdv-id-aNbjim,Smartphones,836,300.0,1807,SHIP_V_1710,1.7866666666666666
SHIP_V_1579,sdv-id-ClssVF,Industrial Chemicals,1010,50.0,1311,SHIP_V_1579,19.2
SHIP_V_1642,sdv-id-aJenEX,Ready-made Garments,1039,8.5,730,SHIP_V_1642,121.23529411764706
SHIP_V_1408,sdv-id-YpnvOf,Smartphones,539,300.0,1988,SHIP_V_1408,0.7966666666666666
SHIP_V_1895,sdv-id-XqUFEM,Smartphones,164,300.0,434,SHIP_V_1895,-0.4533333333333333
SHIP_V_1928,sdv-id-NOHXbu,Raw Jute,1456,5.0,1622,SHIP_V_1928,290.2
SHIP_V_1790,sdv-id-vAInYi,Industrial Chemicals,724,50.0,766,SHIP_V_1790,13.48
SHIP_V_1019,sdv-id-cORXBt,Solar Panels,811,120.0,1464,SHIP_V_1019,5.758333333333334
SHIP_V_1628,sdv-id-YePszP,Raw Jute,376,5.0,1737,SHIP_V_1628,74.2
SHIP_V_1070,sdv-id-OiRXYe,Smartphones,158,300.0,1879,SHIP_V_1070,-0.4733333333333333
SHIP_V_1632,sdv-id-DqVogN,Smartphones,1052,300.0,1115,SHIP_V_1632,2.506666666666667
SHIP_V_1548,sdv-id-bPFkbF,Smartphones,48,300.0,1137,SHIP_V_1548,-0.84
SHIP_V_1819,sdv-id-wYiRqn,Industrial Chemicals,1070,50.0,1149,SHIP_V_1819,20.4
SHIP_V_1540,sdv-id-hwjgBq,Industrial Chemicals,1181,50.0,528,SHIP_V_1540,22.62
SHIP_V_1926,sdv-id-ZzMGab,Industrial Chemicals,2117,50.0,412,SHIP_V_1926,41.34
SHIP_V_1166,sdv-id-fYqHkl,Industrial Chemicals,1313,50.0,200,SHIP_V_1166,25.26
SHIP_V_1443,sdv-id-vihITc,Smartphones,863,300.0,1164,SHIP_V_1443,1.8766666666666667
SHIP_V_1364,sdv-id-kKLzah,Industrial Chemicals,1763,50.0,111,SHIP_V_1364,34.26
SHIP_V_1605,sdv-id-JAPJZV,Smartphones,519,300.0,1345,SHIP_V_1605,0.73
SHIP_V_1637,sdv-id-llXOtz,Raw Jute,635,5.0,304,SHIP_V_1637,126.0
SHIP_V_1650,sdv-id-hDaQbp,Industrial Chemicals,60,50.0,1851,SHIP_V_1650,0.2
SHIP_V_1833,sdv-id-MkUGyM,Smartphones,461,300.0,1569,SHIP_V_1833,0.5366666666666666
SHIP_V_1640,sdv-id-zWqfaC,Smartphones,1371,300.0,710,SHIP_V_1640,3.57
SHIP_V_1625,sdv-id-tqcJgi,Industrial Chemicals,206,50.0,549,SHIP_V_1625,3.12
SHIP_V_1666,sdv-id-IkFVQi,Raw Jute,317,5.0,1414,SHIP_V_1666,62.4
SHIP_V_1866,sdv-id-WgqnSa,Raw Jute,684,5.0,875,SHIP_V_1866,135.8
SHIP_V_1223,sdv-id-ZySSGn,Raw Jute,896,5.0,1026,SHIP_V_1223,178.2
SHIP_V_1145,sdv-id-eHetcd,Smartphones,73,300.0,1430,SHIP_V_1145,-0.7566666666666667
SHIP_V_1421,sdv-id-JvDbUg,Raw Jute,194,5.0,1117,SHIP_V_1421,37.8
SHIP_V_1676,sdv-id-dLsXPs,Ready-made Garments,543,8.5,764,SHIP_V_1676,62.88235294117647
SHIP_V_1799,sdv-id-KOSPNc,Ready-made Garments,120,8.5,677,SHIP_V_1799,13.117647058823527
SHIP_V_1088,sdv-id-dnJQzI,Raw Jute,900,5.0,1603,SHIP_V_1088,179.0
SHIP_V_1554,sdv-id-SOXIXM,Solar Panels,1487,120.0,590,SHIP_V_1554,11.391666666666667
SHIP_V_1477,sdv-id-CxEMac,Ready-made Garments,468,8.5,597,SHIP_V_1477,54.05882352941177
SHIP_V_1951,sdv-id-LjKngo,Ready-made Garments,773,8.5,275,SHIP_V_1951,89.94117647058823
SHIP_V_1572,sdv-id-yMdKKs,Ready-made Garments,751,8.5,1159,SHIP_V_1572,87.3529411764706
SHIP_V_1610,sdv-id-DvMtUC,Smartphones,430,300.0,340,SHIP_V_1610,0.4333333333333333
SHIP_V_1346,sdv-id-scdRpG,Ready-made Garments,735,8.5,282,SHIP_V_1346,85.47058823529412
SHIP_V_1200,sdv-id-Vqbrsk,Solar Panels,737,120.0,1997,SHIP_V_1200,5.141666666666667
SHIP_V_1264,sdv-id-NJXnJZ,Raw Jute,1302,5.0,501,SHIP_V_1264,259.4
SHIP_V_1768,sdv-id-esFPvc,Smartphones,889,300.0,341,SHIP_V_1768,1.9633333333333336
SHIP_V_1915,sdv-id-eWorNW,Solar Panels,72,120.0,1076,SHIP_V_1915,-0.4
SHIP_V_1669,sdv-id-Ewvzgw,Raw Jute,675,5.0,867,SHIP_V_1669,134.0
SHIP_V_1716,sdv-id-GSUChh,Ready-made Garments,658,8.5,1831,SHIP_V_1716,76.41176470588235
SHIP_V_1048,sdv-id-cJdswB,Industrial Chemicals,739,50.0,174,SHIP_V_1048,13.78
SHIP_V_1669,sdv-id-XSYwyM,Smartphones,1851,300.0,224,SHIP_V_1669,5.17
SHIP_V_1806,sdv-id-KJCcIr,Solar Panels,1543,120.0,195,SHIP_V_1806,11.858333333333333
SHIP_V_1561,sdv-id-prOklq,Industrial Chemicals,2442,50.0,1467,SHIP_V_1561,47.84
SHIP_V_1910,sdv-id-gmMZSm,Industrial Chemicals,2126,50.0,280,SHIP_V_1910,41.52
SHIP_V_1721,sdv-id-oIXjNo,Solar Panels,1853,120.0,880,SHIP_V_1721,14.441666666666666
SHIP_V_1894,sdv-id-YAHluK,Smartphones,404,300.0,155,SHIP_V_1894,0.3466666666666667
SHIP_V_1077,sdv-id-DwlvTU,Smartphones,19,300.0,832,SHIP_V_1077,-0.9366666666666666
SHIP_V_1723,sdv-id-LMrFhE,Solar Panels,104,120.0,656,SHIP_V_1723,-0.1333333333333333
SHIP_V_1454,sdv-id-Yiglsd,Ready-made Garments,1703,8.5,518,SHIP_V_1454,199.35294117647055
SHIP_V_1380,sdv-id-LmuyKm,Smartphones,704,300.0,595,SHIP_V_1380,1.346666666666667
SHIP_V_1211,sdv-id-VAoEnE,Solar Panels,524,120.0,641,SHIP_V_1211,3.3666666666666667
SHIP_V_1095,sdv-id-cFXjZo,Industrial Chemicals,294,50.0,502,SHIP_V_1095,4.88
SHIP_V_1657,sdv-id-llWxgO,Raw Jute,1059,5.0,912,SHIP_V_1657,210.8
SHIP_V_1238,sdv-id-Ytvhsm,Ready-made Garments,312,8.5,1528,SHIP_V_1238,35.705882352941174
SHIP_V_1584,sdv-id-SoeHzI,Ready-made Garments,721,8.5,868,SHIP_V_1584,83.82352941176471
SHIP_V_1669,sdv-id-uKrMxN,Solar Panels,143,120.0,1216,SHIP_V_1669,0.1916666666666666
SHIP_V_1836,sdv-id-GSdZkG,Smartphones,1489,300.0,1008,SHIP_V_1836,3.963333333333334
SHIP_V_1405,sdv-id-laUAut,Solar Panels,201,120.0,520,SHIP_V_1405,0.675
SHIP_V_1142,sdv-id-TdPHoe,Smartphones,69,300.0,1682,SHIP_V_1142,-0.77
SHIP_V_1714,sdv-id-cvPaUK,Smartphones,897,300.0,1221,SHIP_V_1714,1.99
SHIP_V_1312,sdv-id-cGfCAr,Smartphones,490,300.0,202,SHIP_V_1312,0.6333333333333333
SHIP_V_1189,sdv-id-LlqLbq,Solar Panels,232,120.0,1888,SHIP_V_1189,0.9333333333333332
SHIP_V_1050,sdv-id-gApgPb,Smartphones,841,300.0,847,SHIP_V_1050,1.8033333333333332
SHIP_V_1094,sdv-id-RyrJjc,Raw Jute,164,5.0,1450,SHIP_V_1094,31.8
SHIP_V_1674,sdv-id-iOnuKE,Raw Jute,2403,5.0,850,SHIP_V_1674,479.6
SHIP_V_1605,sdv-id-yONQVy,Smartphones,1411,300.0,1098,SHIP_V_1605,3.703333333333333
SHIP_V_1296,sdv-id-zNvOPj,Smartphones,1133,300.0,1625,SHIP_V_1296,2.776666666666667
SHIP_V_1857,sdv-id-EbsIYk,Raw Jute,444,5.0,918,SHIP_V_1857,87.8
SHIP_V_1273,sdv-id-tRxbSH,Smartphones,1859,300.0,179,SHIP_V_1273,5.196666666666666
SHIP_V_1637,sdv-id-uEKCrk,Raw Jute,757,5.0,873,SHIP_V_1637,150.4
SHIP_V_1719,sdv-id-UKvkEj,Smartphones,1391,300.0,1772,SHIP_V_1719,3.6366666666666663
SHIP_V_1519,sdv-id-gYzfYD,Smartphones,61,300.0,1503,SHIP_V_1519,-0.7966666666666666
SHIP_V_1624,sdv-id-YCpcOU,Solar Panels,251,120.0,983,SHIP_V_1624,1.0916666666666666
SHIP_V_1549,sdv-id-ZApJRV,Raw Jute,559,5.0,1633,SHIP_V_1549,110.8
SHIP_V_1364,sdv-id-bBIXlA,Ready-made Garments,121,8.5,1899,SHIP_V_1364,13.235294117647058
SHIP_V_1970,sdv-id-wXwSva,Solar Panels,200,120.0,1860,SHIP_V_1970,0.6666666666666666
SHIP_V_1000,sdv-id-IEwiYf,Ready-made Garments,231,8.5,1788,SHIP_V_1000,26.176470588235293
SHIP_V_1631,sdv-id-ezpqeN,Smartphones,1262,300.0,379,SHIP_V_1631,3.2066666666666666
SHIP_V_1406,sdv-id-ZUlPkP,Ready-made Garments,1395,8.5,904,SHIP_V_1406,163.11764705882354
SHIP_V_1461,sdv-id-DIvXHK,Smartphones,269,300.0,265,SHIP_V_1461,-0.1033333333333333
SHIP_V_1771,sdv-id-BaIaVe,Smartphones,338,300.0,1348,SHIP_V_1771,0.1266666666666666
SHIP_V_1065,sdv-id-hwclcq,Smartphones,860,300.0,827,SHIP_V_1065,1.8666666666666667
SHIP_V_1859,sdv-id-SFIuYN,Smartphones,145,300.0,1837,SHIP_V_1859,-0.5166666666666667
SHIP_V_1477,sdv-id-VfnoLJ,Raw Jute,730,5.0,177,SHIP_V_1477,145.0
SHIP_V_1773,sdv-id-JsTval,Smartphones,329,300.0,1571,SHIP_V_1773,0.0966666666666666
SHIP_V_1991,sdv-id-xvENDA,Solar Panels,622,120.0,169,SHIP_V_1991,4.183333333333334
SHIP_V_1041,sdv-id-aJbUMz,Industrial Chemicals,1234,50.0,418,SHIP_V_1041,23.68
SHIP_V_1988,sdv-id-TfiYWP,Ready-made Garments,681,8.5,503,SHIP_V_1988,79.11764705882354
SHIP_V_1267,sdv-id-miEWOa,Ready-made Garments,232,8.5,1328,SHIP_V_1267,26.294117647058822
SHIP_V_1308,sdv-id-gGsqAP,Industrial Chemicals,887,50.0,996,SHIP_V_1308,16.74
SHIP_V_1781,sdv-id-VPFLSO,Raw Jute,669,5.0,1074,SHIP_V_1781,132.8
SHIP_V_1332,sdv-id-KNNkmm,Smartphones,1321,300.0,860,SHIP_V_1332,3.4033333333333333
SHIP_V_1461,sdv-id-iPuhvr,Solar Panels,378,120.0,588,SHIP_V_1461,2.15
SHIP_V_1673,sdv-id-fkwbvJ,Industrial Chemicals,638,50.0,973,SHIP_V_1673,11.76
SHIP_V_1164,sdv-id-vGFoys,Ready-made Garments,850,8.5,1803,SHIP_V_1164,99.0
SHIP_V_1440,sdv-id-RmkqlZ,Smartphones,92,300.0,1409,SHIP_V_1440,-0.6933333333333334
SHIP_V_1927,sdv-id-HIWywc,Industrial Chemicals,416,50.0,1129,SHIP_V_1927,7.32
SHIP_V_1117,sdv-id-aHfWgk,Smartphones,4,300.0,1924,SHIP_V_1117,-0.9866666666666668
SHIP_V_1096,sdv-id-DpdNvS,Raw Jute,2764,5.0,332,SHIP_V_1096,551.8
SHIP_V_1529,sdv-id-unkgtX,Raw Jute,314,5.0,381,SHIP_V_1529,61.8
SHIP_V_1030,sdv-id-niNFHK,Industrial Chemicals,748,50.0,1439,SHIP_V_1030,13.96
SHIP_V_1949,sdv-id-nhWuXQ,Smartphones,610,300.0,1058,SHIP_V_1949,1.0333333333333334
SHIP_V_1347,sdv-id-pArTdz,Ready-made Garments,665,8.5,1733,SHIP_V_1347,77.23529411764706
SHIP_V_1234,sdv-id-tloHVW,Raw Jute,422,5.0,1700,SHIP_V_1234,83.4
SHIP_V_1503,sdv-id-mJALlh,Solar Panels,1275,120.0,123,SHIP_V_1503,9.625
SHIP_V_1634,sdv-id-eBtDoa,Ready-made Garments,356,8.5,290,SHIP_V_1634,40.88235294117647
SHIP_V_1928,sdv-id-PfsDlq,Raw Jute,1167,5.0,150,SHIP_V_1928,232.4
SHIP_V_1839,sdv-id-iKscii,Ready-made Garments,456,8.5,1943,SHIP_V_1839,52.64705882352941
SHIP_V_1723,sdv-id-VJRCuk,Ready-made Garments,1423,8.5,568,SHIP_V_1723,166.41176470588235
SHIP_V_1353,sdv-id-UBqMBG,Ready-made Garments,359,8.5,1819,SHIP_V_1353,41.23529411764706
SHIP_V_1897,sdv-id-uxqowL,Industrial Chemicals,1507,50.0,207,SHIP_V_1897,29.14
SHIP_V_1931,sdv-id-sdhoko,Ready-made Garments,527,8.5,1129,SHIP_V_1931,61.0
SHIP_V_1297,sdv-id-sEQLHb,Industrial Chemicals,696,50.0,1852,SHIP_V_1297,12.92
SHIP_V_1572,sdv-id-xkumgw,Raw Jute,1187,5.0,1350,SHIP_V_1572,236.4
SHIP_V_1465,sdv-id-NVPciJ,Industrial Chemicals,562,50.0,1305,SHIP_V_1465,10.24
SHIP_V_1286,sdv-id-OreVFQ,Smartphones,1700,300.0,1383,SHIP_V_1286,4.666666666666667
SHIP_V_1247,sdv-id-lvQYrG,Industrial Chemicals,900,50.0,736,SHIP_V_1247,17.0
SHIP_V_1938,sdv-id-YGNIBK,Smartphones,718,300.0,243,SHIP_V_1938,1.393333333333333
SHIP_V_1637,sdv-id-ZzKXdH,Ready-made Garments,201,8.5,256,SHIP_V_1637,22.647058823529413
SHIP_V_1344,sdv-id-CRTFcZ,Ready-made Garments,314,8.5,595,SHIP_V_1344,35.94117647058823
SHIP_V_1478,sdv-id-EAbOnR,Industrial Chemicals,642,50.0,220,SHIP_V_1478,11.84
SHIP_V_1186,sdv-id-qlVSKg,Industrial Chemicals,330,50.0,281,SHIP_V_1186,5.6
SHIP_V_1909,sdv-id-vAepKc,Industrial Chemicals,1944,50.0,1257,SHIP_V_1909,37.88
SHIP_V_1390,sdv-id-VkrEeO,Industrial Chemicals,174,50.0,1440,SHIP_V_1390,2.48
SHIP_V_1605,sdv-id-okNFJH,Industrial Chemicals,477,50.0,798,SHIP_V_1605,8.54
SHIP_V_1291,sdv-id-kiechZ,Ready-made Garments,419,8.5,1329,SHIP_V_1291,48.294117647058826
SHIP_V_1984,sdv-id-XETFSJ,Industrial Chemicals,200,50.0,563,SHIP_V_1984,3.0
SHIP_V_1548,sdv-id-pVrCDY,Raw Jute,1562,5.0,1572,SHIP_V_1548,311.4
SHIP_V_1384,sdv-id-cRgxrb,Raw Jute,656,5.0,597,SHIP_V_1384,130.2
SHIP_V_1189,sdv-id-MLGRZR,Ready-made Garments,237,8.5,1612,SHIP_V_1189,26.88235294117647
SHIP_V_1783,sdv-id-RthMDr,Solar Panels,193,120.0,927,SHIP_V_1783,0.6083333333333333
SHIP_V_1197,sdv-id-drOMlo,Raw Jute,412,5.0,1154,SHIP_V_1197,81.4
SHIP_V_1836,sdv-id-TSKVPP,Smartphones,332,300.0,1171,SHIP_V_1836,0.1066666666666666
SHIP_V_1439,sdv-id-MyBCnF,Ready-made Garments,815,8.5,273,SHIP_V_1439,94.88235294117646
SHIP_V_1195,sdv-id-GVqFIY,Solar Panels,504,120.0,997,SHIP_V_1195,3.2
SHIP_V_1995,sdv-id-ODubBe,Solar Panels,156,120.0,743,SHIP_V_1995,0.3
SHIP_V_1082,sdv-id-fHZpUQ,Industrial Chemicals,13,50.0,1362,SHIP_V_1082,-0.74
SHIP_V_1363,sdv-id-gpidft,Ready-made Garments,10,8.5,1197,SHIP_V_1363,0.1764705882352941
SHIP_V_1212,sdv-id-nfndKb,Raw Jute,804,5.0,1745,SHIP_V_1212,159.8
SHIP_V_1651,sdv-id-YhiXwH,Solar Panels,531,120.0,1221,SHIP_V_1651,3.425
SHIP_V_1123,sdv-id-LwsKKH,Solar Panels,318,120.0,1786,SHIP_V_1123,1.65
SHIP_V_1115,sdv-id-DMTOZX,Solar Panels,278,120.0,397,SHIP_V_1115,1.3166666666666669
SHIP_V_1642,sdv-id-dHwSLJ,Industrial Chemicals,471,50.0,362,SHIP_V_1642,8.42
SHIP_V_1382,sdv-id-iAcYer,Raw Jute,636,5.0,177,SHIP_V_1382,126.2
SHIP_V_1615,sdv-id-MqpKcB,Ready-made Garments,659,8.5,576,SHIP_V_1615,76.52941176470588
SHIP_V_1621,sdv-id-siDHLQ,Solar Panels,338,120.0,149,SHIP_V_1621,1.8166666666666669
SHIP_V_1136,sdv-id-cZjdTj,Raw Jute,963,5.0,1647,SHIP_V_1136,191.6
SHIP_V_1474,sdv-id-ultPkp,Industrial Chemicals,383,50.0,254,SHIP_V_1474,6.66
SHIP_V_1946,sdv-id-CNphHF,Industrial Chemicals,673,50.0,462,SHIP_V_1946,12.46
SHIP_V_1791,sdv-id-gfoHqA,Ready-made Garments,144,8.5,379,SHIP_V_1791,15.941176470588236
SHIP_V_1402,sdv-id-GoyMXr,Raw Jute,777,5.0,653,SHIP_V_1402,154.4
SHIP_V_1320,sdv-id-VQgdhL,Raw Jute,165,5.0,1680,SHIP_V_1320,32.0
SHIP_V_1847,sdv-id-uqjuPw,Smartphones,1947,300.0,688,SHIP_V_1847,5.49
SHIP_V_1488,sdv-id-GFOvvC,Industrial Chemicals,1692,50.0,1034,SHIP_V_1488,32.84
SHIP_V_1157,sdv-id-KBTKyu,Smartphones,1246,300.0,125,SHIP_V_1157,3.1533333333333333
SHIP_V_1219,sdv-id-EGFBat,Industrial Chemicals,483,50.0,181,SHIP_V_1219,8.66
SHIP_V_1246,sdv-id-SihAYy,Raw Jute,883,5.0,1123,SHIP_V_1246,175.6
SHIP_V_1331,sdv-id-iakxoh,Solar Panels,342,120.0,1043,SHIP_V_1331,1.85
SHIP_V_1654,sdv-id-KJufvg,Raw Jute,710,5.0,870,SHIP_V_1654,141.0
SHIP_V_1919,sdv-id-ZgUJfh,Industrial Chemicals,246,50.0,1449,SHIP_V_1919,3.92
SHIP_V_1790,sdv-id-TTxubz,Industrial Chemicals,642,50.0,1619,SHIP_V_1790,11.84
SHIP_V_1687,sdv-id-VroaDa,Raw Jute,547,5.0,1825,SHIP_V_1687,108.4
SHIP_V_1779,sdv-id-LUVfVi,Ready-made Garments,189,8.5,1559,SHIP_V_1779,21.235294117647054
SHIP_V_1630,sdv-id-uNPEXg,Ready-made Garments,463,8.5,1186,SHIP_V_1630,53.47058823529411
SHIP_V_1861,sdv-id-FyzzOJ,Industrial Chemicals,1935,50.0,1179,SHIP_V_1861,37.7
SHIP_V_1580,sdv-id-ohofyT,Smartphones,169,300.0,286,SHIP_V_1580,-0.4366666666666666
SHIP_V_1170,sdv-id-ZTQocd,Smartphones,2843,300.0,858,SHIP_V_1170,8.476666666666667
SHIP_V_1467,sdv-id-ttkCbj,Smartphones,549,300.0,616,SHIP_V_1467,0.83
SHIP_V_1663,sdv-id-cdpWdS,Raw Jute,2184,5.0,817,SHIP_V_1663,435.8
SHIP_V_1403,sdv-id-cSCYwY,Smartphones,949,300.0,635,SHIP_V_1403,2.1633333333333336
SHIP_V_1970,sdv-id-kiHpyE,Solar Panels,825,120.0,1585,SHIP_V_1970,5.875
SHIP_V_1298,sdv-id-HIWKTn,Smartphones,897,300.0,360,SHIP_V_1298,1.99
SHIP_V_1401,sdv-id-awtdyD,Ready-made Garments,304,8.5,1357,SHIP_V_1401,34.76470588235294
SHIP_V_1607,sdv-id-zxXmzG,Raw Jute,674,5.0,1630,SHIP_V_1607,133.8
SHIP_V_1445,sdv-id-vAZDNW,Raw Jute,612,5.0,287,SHIP_V_1445,121.4
SHIP_V_1931,sdv-id-DKlQoH,Smartphones,1536,300.0,1484,SHIP_V_1931,4.12
SHIP_V_1244,sdv-id-WSiknv,Smartphones,1627,300.0,1192,SHIP_V_1244,4.423333333333333
SHIP_V_1670,sdv-id-SSNUir,Ready-made Garments,2356,8.5,1981,SHIP_V_1670,276.1764705882353
SHIP_V_1072,sdv-id-SgzDXl,Raw Jute,336,5.0,789,SHIP_V_1072,66.2
SHIP_V_1539,sdv-id-KRUuwV,Solar Panels,69,120.0,1584,SHIP_V_1539,-0.425
SHIP_V_1483,sdv-id-KvkvmL,Solar Panels,427,120.0,1660,SHIP_V_1483,2.558333333333333
SHIP_V_1809,sdv-id-DZWQlW,Raw Jute,1023,5.0,1036,SHIP_V_1809,203.6
SHIP_V_1924,sdv-id-wOkpVZ,Smartphones,702,300.0,1386,SHIP_V_1924,1.34
SHIP_V_1797,sdv-id-equzwQ,Solar Panels,99,120.0,1973,SHIP_V_1797,-0.175
SHIP_V_1219,sdv-id-AGagAr,Raw Jute,982,5.0,667,SHIP_V_1219,195.4
SHIP_V_1309,sdv-id-aLFyEI,Smartphones,1130,300.0,1572,SHIP_V_1309,2.7666666666666666
SHIP_V_1645,sdv-id-mhrxkZ,Smartphones,717,300.0,623,SHIP_V_1645,1.39
SHIP_V_1070,sdv-id-qXFDTc,Industrial Chemicals,1316,50.0,337,SHIP_V_1070,25.32
SHIP_V_1137,sdv-id-fkenQy,Ready-made Garments,557,8.5,1556,SHIP_V_1137,64.52941176470588
SHIP_V_1110,sdv-id-CoPqKV,Raw Jute,299,5.0,1011,SHIP_V_1110,58.8
SHIP_V_1137,sdv-id-capyci,Ready-made Garments,183,8.5,961,SHIP_V_1137,20.529411764705884
SHIP_V_1099,sdv-id-ziPihL,Ready-made Garments,422,8.5,215,SHIP_V_1099,48.64705882352941
SHIP_V_1554,sdv-id-lgRpwZ,Smartphones,17,300.0,1651,SHIP_V_1554,-0.9433333333333334
SHIP_V_1449,sdv-id-yqTfTX,Raw Jute,219,5.0,624,SHIP_V_1449,42.8
SHIP_V_1969,sdv-id-rcvMOc,Smartphones,1007,300.0,151,SHIP_V_1969,2.3566666666666665
SHIP_V_1779,sdv-id-ctnEDc,Ready-made Garments,1300,8.5,1298,SHIP_V_1779,151.94117647058823
SHIP_V_1585,sdv-id-yAtWEo,Ready-made Garments,1853,8.5,1087,SHIP_V_1585,217.0
SHIP_V_1642,sdv-id-NnEVuT,Smartphones,649,300.0,1034,SHIP_V_1642,1.163333333333333
SHIP_V_1450,sdv-id-FcZVld,Smartphones,864,300.0,449,SHIP_V_1450,1.88
SHIP_V_1372,sdv-id-rEFBtx,Industrial Chemicals,1050,50.0,249,SHIP_V_1372,20.0
SHIP_V_1504,sdv-id-jmOGKw,Ready-made Garments,623,8.5,1351,SHIP_V_1504,72.29411764705883
SHIP_V_1491,sdv-id-XafnYG,Raw Jute,548,5.0,1885,SHIP_V_1491,108.6
SHIP_V_1615,sdv-id-UJhrZy,Smartphones,340,300.0,1253,SHIP_V_1615,0.1333333333333333
SHIP_V_1253,sdv-id-BngYcL,Smartphones,318,300.0,278,SHIP_V_1253,0.06
SHIP_V_1479,sdv-id-RpZXcS,Smartphones,209,300.0,1700,SHIP_V_1479,-0.3033333333333333
SHIP_V_1554,sdv-id-kJSmHo,Raw Jute,859,5.0,267,SHIP_V_1554,170.8
SHIP_V_1298,sdv-id-xWKGXD,Ready-made Garments,66,8.5,1815,SHIP_V_1298,6.764705882352941
SHIP_V_1858,sdv-id-HzDFCW,Raw Jute,421,5.0,748,SHIP_V_1858,83.2
SHIP_V_1309,sdv-id-kGmnIt,Industrial Chemicals,1048,50.0,123,SHIP_V_1309,19.96
SHIP_V_1279,sdv-id-dDFiUO,Solar Panels,479,120.0,1705,SHIP_V_1279,2.9916666666666667
SHIP_V_1785,sdv-id-uMkNtY,Ready-made Garments,63,8.5,1861,SHIP_V_1785,6.411764705882353
SHIP_V_1715,sdv-id-OcEGuT,Ready-made Garments,1288,8.5,232,SHIP_V_1715,150.52941176470588
SHIP_V_1514,sdv-id-PpwWvM,Industrial Chemicals,1881,50.0,766,SHIP_V_1514,36.62
SHIP_V_1810,sdv-id-pazKnP,Ready-made Garments,192,8.5,759,SHIP_V_1810,21.58823529411765
SHIP_V_1566,sdv-id-LhSFWi,Smartphones,349,300.0,1008,SHIP_V_1566,0.1633333333333333
SHIP_V_1414,sdv-id-DxWjJE,Solar Panels,12,120.0,1126,SHIP_V_1414,-0.9
SHIP_V_1309,sdv-id-nIXRWL,Raw Jute,156,5.0,1622,SHIP_V_1309,30.2
SHIP_V_1016,sdv-id-OdiMZD,Ready-made Garments,243,8.5,1276,SHIP_V_1016,27.58823529411765
SHIP_V_1000,sdv-id-LfTDqd,Ready-made Garments,466,8.5,770,SHIP_V_1000,53.8235294117647
SHIP_V_1224,sdv-id-vNrtaM,Solar Panels,1469,120.0,604,SHIP_V_1224,11.241666666666667
SHIP_V_1252,sdv-id-vcsiIv,Industrial Chemicals,821,50.0,457,SHIP_V_1252,15.42
SHIP_V_1052,sdv-id-hzxGjK,Ready-made Garments,263,8.5,1263,SHIP_V_1052,29.941176470588236
SHIP_V_1629,sdv-id-dVDUWg,Industrial Chemicals,529,50.0,237,SHIP_V_1629,9.58
SHIP_V_1650,sdv-id-CrxeFj,Smartphones,495,300.0,1781,SHIP_V_1650,0.65
SHIP_V_1108,sdv-id-BDOglr,Smartphones,477,300.0,597,SHIP_V_1108,0.59
SHIP_V_1479,sdv-id-xmDRii,Ready-made Garments,796,8.5,1988,SHIP_V_1479,92.6470588235294
SHIP_V_1789,sdv-id-whRKqJ,Ready-made Garments,223,8.5,670,SHIP_V_1789,25.235294117647054
SHIP_V_1990,sdv-id-FBlBdf,Smartphones,958,300.0,735,SHIP_V_1990,2.193333333333334
SHIP_V_1458,sdv-id-hBAyzy,Ready-made Garments,1120,8.5,748,SHIP_V_1458,130.76470588235293
SHIP_V_1032,sdv-id-NWYOZY,Smartphones,523,300.0,229,SHIP_V_1032,0.7433333333333333
SHIP_V_1952,sdv-id-mRrzlx,Ready-made Garments,960,8.5,686,SHIP_V_1952,111.94117647058825
SHIP_V_1137,sdv-id-nwKplf,Raw Jute,1287,5.0,1613,SHIP_V_1137,256.4
SHIP_V_1000,sdv-id-DHsqzj,Ready-made Garments,354,8.5,988,SHIP_V_1000,40.64705882352941
SHIP_V_1940,sdv-id-tarDiH,Industrial Chemicals,1426,50.0,589,SHIP_V_1940,27.52
SHIP_V_1776,sdv-id-WpUQeN,Smartphones,282,300.0,988,SHIP_V_1776,-0.06
SHIP_V_1094,sdv-id-Iosqcu,Smartphones,937,300.0,1574,SHIP_V_1094,2.1233333333333335
SHIP_V_1050,sdv-id-cxLKcW,Raw Jute,1140,5.0,1166,SHIP_V_1050,227.0
SHIP_V_1856,sdv-id-SxeFSA,Ready-made Garments,957,8.5,759,SHIP_V_1856,111.58823529411764
SHIP_V_1803,sdv-id-ngiAll,Raw Jute,671,5.0,1341,SHIP_V_1803,133.2
SHIP_V_1844,sdv-id-mumJqx,Raw Jute,866,5.0,1924,SHIP_V_1844,172.2
SHIP_V_1554,sdv-id-JnNasW,Solar Panels,273,120.0,1855,SHIP_V_1554,1.275
SHIP_V_1688,sdv-id-uoztii,Ready-made Garments,106,8.5,1602,SHIP_V_1688,11.470588235294118
SHIP_V_1014,sdv-id-VHIdUj,Raw Jute,915,5.0,1255,SHIP_V_1014,182.0
SHIP_V_1382,sdv-id-lYietu,Raw Jute,309,5.0,1874,SHIP_V_1382,60.8
SHIP_V_1762,sdv-id-HDtVGP,Solar Panels,847,120.0,1682,SHIP_V_1762,6.058333333333334
SHIP_V_1399,sdv-id-GFiyqV,Solar Panels,292,120.0,904,SHIP_V_1399,1.4333333333333331
SHIP_V_1398,sdv-id-UasjFC,Smartphones,166,300.0,613,SHIP_V_1398,-0.4466666666666666
SHIP_V_1193,sdv-id-hfBbXh,Smartphones,1839,300.0,1278,SHIP_V_1193,5.13
SHIP_V_1183,sdv-id-GONwQt,Industrial Chemicals,817,50.0,702,SHIP_V_1183,15.34
SHIP_V_1038,sdv-id-FYWPQE,Smartphones,266,300.0,599,SHIP_V_1038,-0.1133333333333333
SHIP_V_1057,sdv-id-NUCGyf,Smartphones,854,300.0,1605,SHIP_V_1057,1.846666666666667
SHIP_V_1771,sdv-id-ZzfPlm,Solar Panels,27,120.0,1493,SHIP_V_1771,-0.775
SHIP_V_1034,sdv-id-mNbDbJ,Ready-made Garments,252,8.5,1810,SHIP_V_1034,28.647058823529413
SHIP_V_1065,sdv-id-SLbiIY,Smartphones,713,300.0,1372,SHIP_V_1065,1.3766666666666667
SHIP_V_1898,sdv-id-jZYiBQ,Ready-made Garments,1251,8.5,1176,SHIP_V_1898,146.1764705882353
SHIP_V_1022,sdv-id-fciLsJ,Ready-made Garments,608,8.5,1399,SHIP_V_1022,70.52941176470588
SHIP_V_1459,sdv-id-UnsVuw,Industrial Chemicals,665,50.0,331,SHIP_V_1459,12.3
SHIP_V_1520,sdv-id-EUJUqA,Smartphones,2100,300.0,1263,SHIP_V_1520,6.0
SHIP_V_1278,sdv-id-uzBAKw,Smartphones,229,300.0,1446,SHIP_V_1278,-0.2366666666666666
SHIP_V_1994,sdv-id-OXEtSl,Solar Panels,130,120.0,1379,SHIP_V_1994,0.0833333333333333
SHIP_V_1877,sdv-id-rDOUKU,Industrial Chemicals,320,50.0,926,SHIP_V_1877,5.4
SHIP_V_1494,sdv-id-iQwWzY,Industrial Chemicals,2740,50.0,169,SHIP_V_1494,53.8
SHIP_V_1348,sdv-id-eIqTEH,Raw Jute,559,5.0,510,SHIP_V_1348,110.8
SHIP_V_1876,sdv-id-lmdfej,Raw Jute,1574,5.0,616,SHIP_V_1876,313.8
SHIP_V_1912,sdv-id-IIQuFB,Raw Jute,19,5.0,1943,SHIP_V_1912,2.8
SHIP_V_1934,sdv-id-qfKykI,Solar Panels,533,120.0,1200,SHIP_V_1934,3.441666666666667
SHIP_V_1048,sdv-id-iuVphS,Industrial Chemicals,171,50.0,1946,SHIP_V_1048,2.42
SHIP_V_1474,sdv-id-WcvGcH,Industrial Chemicals,1634,50.0,1602,SHIP_V_1474,31.68
SHIP_V_1043,sdv-id-adhXgi,Smartphones,288,300.0,1979,SHIP_V_1043,-0.04
SHIP_V_1274,sdv-id-ZXdsvF,Raw Jute,226,5.0,1541,SHIP_V_1274,44.2
SHIP_V_1237,sdv-id-lZAWNE,Industrial Chemicals,1672,50.0,1257,SHIP_V_1237,32.44
SHIP_V_1333,sdv-id-Oobrlu,Smartphones,1575,300.0,1149,SHIP_V_1333,4.25
SHIP_V_1342,sdv-id-LLaBGF,Industrial Chemicals,313,50.0,886,SHIP_V_1342,5.26
SHIP_V_1075,sdv-id-xBqohm,Smartphones,89,300.0,896,SHIP_V_1075,-0.7033333333333334
SHIP_V_1820,sdv-id-tyzePQ,Raw Jute,621,5.0,933,SHIP_V_1820,123.2
SHIP_V_1023,sdv-id-WUtVrg,Ready-made Garments,765,8.5,582,SHIP_V_1023,89.0
SHIP_V_1024,sdv-id-BLKyOc,Ready-made Garments,607,8.5,1618,SHIP_V_1024,70.41176470588235
SHIP_V_1787,sdv-id-kFIfzN,Smartphones,348,300.0,177,SHIP_V_1787,0.16
SHIP_V_1998,sdv-id-RECPOL,Raw Jute,48,5.0,630,SHIP_V_1998,8.6
SHIP_V_1397,sdv-id-aYVMJg,Solar Panels,123,120.0,960,SHIP_V_1397,0.025
SHIP_V_1211,sdv-id-UqzNHk,Ready-made Garments,63,8.5,1724,SHIP_V_1211,6.411764705882353
SHIP_V_1047,sdv-id-BHANVz,Smartphones,199,300.0,1316,SHIP_V_1047,-0.3366666666666666
SHIP_V_1077,sdv-id-PmHYIz,Solar Panels,467,120.0,1311,SHIP_V_1077,2.8916666666666666
SHIP_V_1964,sdv-id-AGSJKz,Solar Panels,566,120.0,761,SHIP_V_1964,3.716666666666667
SHIP_V_1873,sdv-id-RuMmQA,Smartphones,1339,300.0,1526,SHIP_V_1873,3.463333333333334
SHIP_V_1748,sdv-id-iWeZHj,Smartphones,487,300.0,1837,SHIP_V_1748,0.6233333333333333
SHIP_V_1234,sdv-id-awuDfH,Industrial Chemicals,2124,50.0,1562,SHIP_V_1234,41.48
SHIP_V_1017,sdv-id-ITJRBC,Raw Jute,859,5.0,1031,SHIP_V_1017,170.8
SHIP_V_1107,sdv-id-YJqeUy,Smartphones,15,300.0,1252,SHIP_V_1107,-0.95
SHIP_V_1009,sdv-id-wfUaSD,Solar Panels,95,120.0,1700,SHIP_V_1009,-0.2083333333333333
SHIP_V_1262,sdv-id-XsvSld,Solar Panels,1009,120.0,265,SHIP_V_1262,7.408333333333333
SHIP_V_1711,sdv-id-PUSvsR,Ready-made Garments,117,8.5,1812,SHIP_V_1711,12.764705882352942
SHIP_V_1005,sdv-id-HIyszL,Smartphones,462,300.0,703,SHIP_V_1005,0.54
SHIP_V_1599,sdv-id-OAolPB,Raw Jute,211,5.0,1489,SHIP_V_1599,41.2
SHIP_V_1547,sdv-id-kVXTcA,Smartphones,405,300.0,1160,SHIP_V_1547,0.35
SHIP_V_1627,sdv-id-ShCOir,Raw Jute,489,5.0,1390,SHIP_V_1627,96.8
SHIP_V_1795,sdv-id-CwBRir,Solar Panels,1341,120.0,549,SHIP_V_1795,10.175
SHIP_V_1224,sdv-id-AuOhXE,Solar Panels,64,120.0,1396,SHIP_V_1224,-0.4666666666666667
SHIP_V_1707,sdv-id-mNcDZH,Raw Jute,840,5.0,1644,SHIP_V_1707,167.0
SHIP_V_1420,sdv-id-EIJCHI,Industrial Chemicals,1632,50.0,155,SHIP_V_1420,31.64
SHIP_V_1608,sdv-id-FkVJiA,Smartphones,430,300.0,1202,SHIP_V_1608,0.4333333333333333
SHIP_V_1606,sdv-id-BFJurl,Smartphones,654,300.0,1642,SHIP_V_1606,1.18
SHIP_V_1410,sdv-id-Ycapfs,Ready-made Garments,1534,8.5,704,SHIP_V_1410,179.47058823529412
SHIP_V_1320,sdv-id-MSNRdL,Industrial Chemicals,2348,50.0,919,SHIP_V_1320,45.96
SHIP_V_1341,sdv-id-scyMXs,Industrial Chemicals,2107,50.0,1538,SHIP_V_1341,41.14
SHIP_V_1532,sdv-id-BgwxYl,Solar Panels,1968,120.0,143,SHIP_V_1532,15.4
SHIP_V_1121,sdv-id-JkdwAh,Smartphones,664,300.0,1175,SHIP_V_1121,1.2133333333333334
SHIP_V_1598,sdv-id-UowooT,Raw Jute,201,5.0,1544,SHIP_V_1598,39.2
SHIP_V_1165,sdv-id-nbhHSK,Ready-made Garments,34,8.5,1932,SHIP_V_1165,3.0
SHIP_V_1976,sdv-id-VXultl,Raw Jute,1382,5.0,404,SHIP_V_1976,275.4
SHIP_V_1916,sdv-id-lmdPgb,Smartphones,641,300.0,850,SHIP_V_1916,1.1366666666666667
SHIP_V_1995,sdv-id-WKjizi,Smartphones,1172,300.0,1256,SHIP_V_1995,2.9066666666666667
SHIP_V_1988,sdv-id-szOxma,Raw Jute,171,5.0,378,SHIP_V_1988,33.2
SHIP_V_1003,sdv-id-nKIGTF,Solar Panels,1166,120.0,1330,SHIP_V_1003,8.716666666666667
SHIP_V_1641,sdv-id-jBfJNB,Ready-made Garments,330,8.5,1138,SHIP_V_1641,37.8235294117647
SHIP_V_1727,sdv-id-DJBXBJ,Industrial Chemicals,102,50.0,733,SHIP_V_1727,1.04
SHIP_V_1800,sdv-id-CJxVnz,Solar Panels,89,120.0,1330,SHIP_V_1800,-0.2583333333333333
SHIP_V_1175,sdv-id-FlghDz,Solar Panels,416,120.0,1551,SHIP_V_1175,2.466666666666667
SHIP_V_1254,sdv-id-tUbWOj,Ready-made Garments,203,8.5,844,SHIP_V_1254,22.88235294117647
SHIP_V_1818,sdv-id-fHTzfe,Industrial Chemicals,584,50.0,824,SHIP_V_1818,10.68
SHIP_V_1837,sdv-id-KQgnvp,Industrial Chemicals,787,50.0,1912,SHIP_V_1837,14.74
SHIP_V_1388,sdv-id-PDvoAz,Industrial Chemicals,527,50.0,832,SHIP_V_1388,9.54
SHIP_V_1913,sdv-id-beghRo,Industrial Chemicals,1131,50.0,1389,SHIP_V_1913,21.62
SHIP_V_1368,sdv-id-jYjEJG,Solar Panels,222,120.0,365,SHIP_V_1368,0.85
SHIP_V_1387,sdv-id-IzKHud,Ready-made Garments,925,8.5,1730,SHIP_V_1387,107.82352941176472
SHIP_V_1056,sdv-id-JPqSVQ,Solar Panels,67,120.0,730,SHIP_V_1056,-0.4416666666666666
SHIP_V_1193,sdv-id-rgSRQy,Industrial Chemicals,1675,50.0,1812,SHIP_V_1193,32.5
SHIP_V_1564,sdv-id-gpubab,Raw Jute,1284,5.0,1190,SHIP_V_1564,255.8
SHIP_V_1396,sdv-id-qwGRpX,Ready-made Garments,261,8.5,733,SHIP_V_1396,29.705882352941178
SHIP_V_1754,sdv-id-PhIpsH,Solar Panels,1177,120.0,443,SHIP_V_1754,8.808333333333334
SHIP_V_1759,sdv-id-zkAczs,Ready-made Garments,432,8.5,155,SHIP_V_1759,49.8235294117647
SHIP_V_1068,sdv-id-FZgApY,Industrial Chemicals,1540,50.0,230,SHIP_V_1068,29.8
SHIP_V_1856,sdv-id-BQlYbe,Raw Jute,265,5.0,240,SHIP_V_1856,52.0
SHIP_V_1768,sdv-id-pQILGG,Industrial Chemicals,1119,50.0,833,SHIP_V_1768,21.38
SHIP_V_1460,sdv-id-LOosnt,Ready-made Garments,388,8.5,988,SHIP_V_1460,44.64705882352941
SHIP_V_1438,sdv-id-xuNpiO,Smartphones,549,300.0,1838,SHIP_V_1438,0.83
SHIP_V_1788,sdv-id-rvzdTD,Raw Jute,916,5.0,1962,SHIP_V_1788,182.2
SHIP_V_1920,sdv-id-sgFpJe,Smartphones,329,300.0,891,SHIP_V_1920,0.0966666666666666
SHIP_V_1854,sdv-id-aRfAeX,Ready-made Garments,604,8.5,283,SHIP_V_1854,70.05882352941177
SHIP_V_1290,sdv-id-xfALvR,Industrial Chemicals,1516,50.0,1323,SHIP_V_1290,29.32
SHIP_V_1930,sdv-id-VwJWHm,Ready-made Garments,188,8.5,361,SHIP_V_1930,21.11764705882353
SHIP_V_1297,sdv-id-Zqjcor,Smartphones,863,300.0,1695,SHIP_V_1297,1.8766666666666667
SHIP_V_1157,sdv-id-WlUpEj,Raw Jute,1411,5.0,216,SHIP_V_1157,281.2
SHIP_V_1676,sdv-id-IMemaZ,Industrial Chemicals,951,50.0,123,SHIP_V_1676,18.02
SHIP_V_1208,sdv-id-HKzCuw,Industrial Chemicals,2536,50.0,336,SHIP_V_1208,49.72
SHIP_V_1950,sdv-id-WeWHwS,Industrial Chemicals,195,50.0,1287,SHIP_V_1950,2.9
SHIP_V_1909,sdv-id-vpyOqK,Smartphones,577,300.0,1871,SHIP_V_1909,0.9233333333333332
SHIP_V_1964,sdv-id-RCkRrD,Ready-made Garments,48,8.5,1125,SHIP_V_1964,4.647058823529412
SHIP_V_1607,sdv-id-HQAAip,Smartphones,1223,300.0,541,SHIP_V_1607,3.0766666666666667
SHIP_V_1088,sdv-id-ZLWDyu,Ready-made Garments,607,8.5,1687,SHIP_V_1088,70.41176470588235
SHIP_V_1468,sdv-id-BrcRDM,Industrial Chemicals,1144,50.0,488,SHIP_V_1468,21.88
SHIP_V_1970,sdv-id-pEjcFT,Ready-made Garments,299,8.5,793,SHIP_V_1970,34.1764705882353
SHIP_V_1541,sdv-id-tvheQa,Industrial Chemicals,1504,50.0,1494,SHIP_V_1541,29.08
SHIP_V_1099,sdv-id-oirjjs,Smartphones,267,300.0,1723,SHIP_V_1099,-0.11
SHIP_V_1919,sdv-id-fRiUwv,Industrial Chemicals,773,50.0,399,SHIP_V_1919,14.46
SHIP_V_1585,sdv-id-aYKaQD,Industrial Chemicals,754,50.0,603,SHIP_V_1585,14.08
SHIP_V_1176,sdv-id-SBQVhY,Ready-made Garments,446,8.5,421,SHIP_V_1176,51.47058823529411
SHIP_V_1480,sdv-id-IdMPCh,Smartphones,593,300.0,314,SHIP_V_1480,0.9766666666666668
SHIP_V_1446,sdv-id-BCHVRb,Smartphones,887,300.0,1814,SHIP_V_1446,1.9566666666666668
SHIP_V_1000,sdv-id-DnCxEC,Ready-made Garments,1013,8.5,1765,SHIP_V_1000,118.17647058823528
SHIP_V_1470,sdv-id-kfUKJK,Smartphones,572,300.0,1378,SHIP_V_1470,0.9066666666666666
SHIP_V_1936,sdv-id-hYqBAD,Solar Panels,1556,120.0,431,SHIP_V_1936,11.966666666666669
SHIP_V_1601,sdv-id-XkdXec,Solar Panels,102,120.0,1696,SHIP_V_1601,-0.15
SHIP_V_1379,sdv-id-bblXtx,Smartphones,369,300.0,1478,SHIP_V_1379,0.23
SHIP_V_1610,sdv-id-yHYcCI,Raw Jute,139,5.0,1150,SHIP_V_1610,26.8
SHIP_V_1311,sdv-id-cnMNki,Raw Jute,1892,5.0,1191,SHIP_V_1311,377.4
SHIP_V_1062,sdv-id-QKUViI,Solar Panels,765,120.0,1139,SHIP_V_1062,5.375
SHIP_V_1047,sdv-id-CujyAM,Solar Panels,1241,120.0,115,SHIP_V_1047,9.341666666666669
SHIP_V_1872,sdv-id-BcKxhN,Smartphones,1463,300.0,1489,SHIP_V_1872,3.8766666666666665
SHIP_V_1900,sdv-id-JBmubt,Ready-made Garments,419,8.5,357,SHIP_V_1900,48.294117647058826
SHIP_V_1320,sdv-id-ZRAmxJ,Ready-made Garments,147,8.5,154,SHIP_V_1320,16.294117647058822
SHIP_V_1227,sdv-id-ZqtTPu,Smartphones,231,300.0,1182,SHIP_V_1227,-0.23
SHIP_V_1184,sdv-id-YmRsuT,Industrial Chemicals,102,50.0,374,SHIP_V_1184,1.04
SHIP_V_1459,sdv-id-SIEpEC,Smartphones,982,300.0,1570,SHIP_V_1459,2.2733333333333334
SHIP_V_1873,sdv-id-vpwgyh,Raw Jute,1639,5.0,206,SHIP_V_1873,326.8
SHIP_V_1275,sdv-id-eiBLsJ,Ready-made Garments,276,8.5,1088,SHIP_V_1275,31.470588235294116
SHIP_V_1649,sdv-id-TmOAUT,Industrial Chemicals,665,50.0,1790,SHIP_V_1649,12.3
SHIP_V_1123,sdv-id-kiQcfd,Raw Jute,472,5.0,253,SHIP_V_1123,93.4
SHIP_V_1140,sdv-id-MZZAuC,Smartphones,1196,300.0,1404,SHIP_V_1140,2.986666666666667
SHIP_V_1036,sdv-id-LjXQzW,Smartphones,358,300.0,579,SHIP_V_1036,0.1933333333333333
SHIP_V_1766,sdv-id-ctTZtR,Industrial Chemicals,210,50.0,1976,SHIP_V_1766,3.2
SHIP_V_1177,sdv-id-epmZtk,Industrial Chemicals,211,50.0,1434,SHIP_V_1177,3.22
SHIP_V_1292,sdv-id-IvgpIY,Solar Panels,957,120.0,1618,SHIP_V_1292,6.975
SHIP_V_1269,sdv-id-pyoUWS,Ready-made Garments,194,8.5,1932,SHIP_V_1269,21.823529411764707
SHIP_V_1822,sdv-id-LxkTKa,Smartphones,91,300.0,249,SHIP_V_1822,-0.6966666666666667
SHIP_V_1796,sdv-id-dUaqxd,Smartphones,154,300.0,1613,SHIP_V_1796,-0.4866666666666667
SHIP_V_1472,sdv-id-nJTqgd,Raw Jute,653,5.0,245,SHIP_V_1472,129.6
SHIP_V_1498,sdv-id-YaTUkY,Ready-made Garments,1231,8.5,1249,SHIP_V_1498,143.8235294117647
SHIP_V_1159,sdv-id-dbKWHP,Solar Panels,153,120.0,1574,SHIP_V_1159,0.275
SHIP_V_1480,sdv-id-CBMKhS,Smartphones,2659,300.0,1236,SHIP_V_1480,7.863333333333333
SHIP_V_1912,sdv-id-SFGPfm,Ready-made Garments,1073,8.5,629,SHIP_V_1912,125.23529411764706
SHIP_V_1258,sdv-id-HmoCww,Smartphones,800,300.0,1737,SHIP_V_1258,1.6666666666666667
SHIP_V_1149,sdv-id-ZAiEzA,Solar Panels,596,120.0,1150,SHIP_V_1149,3.966666666666667
SHIP_V_1610,sdv-id-OPnvNk,Solar Panels,611,120.0,1288,SHIP_V_1610,4.091666666666667
SHIP_V_1073,sdv-id-rsbwLC,Ready-made Garments,378,8.5,224,SHIP_V_1073,43.47058823529411
SHIP_V_1463,sdv-id-zvDRiF,Ready-made Garments,2536,8.5,168,SHIP_V_1463,297.3529411764706
SHIP_V_1878,sdv-id-ZFAmaY,Raw Jute,1295,5.0,480,SHIP_V_1878,258.0
SHIP_V_1826,sdv-id-zSCMZR,Ready-made Garments,1001,8.5,1017,SHIP_V_1826,116.76470588235294
SHIP_V_1068,sdv-id-wRynAy,Smartphones,425,300.0,1908,SHIP_V_1068,0.4166666666666667
SHIP_V_1991,sdv-id-cjWklN,Industrial Chemicals,151,50.0,811,SHIP_V_1991,2.02
SHIP_V_1213,sdv-id-XWyrNL,Ready-made Garments,947,8.5,981,SHIP_V_1213,110.41176470588236
SHIP_V_1012,sdv-id-HSjZNw,Smartphones,337,300.0,1191,SHIP_V_1012,0.1233333333333333
SHIP_V_1040,sdv-id-ETKRmv,Smartphones,21,300.0,1001,SHIP_V_1040,-0.93
SHIP_V_1192,sdv-id-HIcftZ,Industrial Chemicals,540,50.0,1057,SHIP_V_1192,9.8
SHIP_V_1895,sdv-id-uPrkuV,Raw Jute,1052,5.0,1046,SHIP_V_1895,209.4
SHIP_V_1922,sdv-id-WdZaTb,Ready-made Garments,842,8.5,1681,SHIP_V_1922,98.05882352941175
SHIP_V_1909,sdv-id-QgSWOW,Raw Jute,768,5.0,1347,SHIP_V_1909,152.6
SHIP_V_1516,sdv-id-MVRPDO,Ready-made Garments,68,8.5,1133,SHIP_V_1516,7.0
SHIP_V_1274,sdv-id-qJeboB,Solar Panels,391,120.0,1185,SHIP_V_1274,2.2583333333333333
SHIP_V_1609,sdv-id-zYLNdf,Raw Jute,629,5.0,459,SHIP_V_1609,124.8
SHIP_V_1403,sdv-id-kljolY,Industrial Chemicals,2239,50.0,1733,SHIP_V_1403,43.78
SHIP_V_1787,sdv-id-rTDFZQ,Ready-made Garments,968,8.5,899,SHIP_V_1787,112.88235294117646
SHIP_V_1530,sdv-id-bJRHyS,Smartphones,110,300.0,1382,SHIP_V_1530,-0.6333333333333333
SHIP_V_1294,sdv-id-aPTodw,Ready-made Garments,1141,8.5,229,SHIP_V_1294,133.23529411764707
SHIP_V_1931,sdv-id-faYjhM,Industrial Chemicals,2383,50.0,1641,SHIP_V_1931,46.66
SHIP_V_1526,sdv-id-banaJn,Industrial Chemicals,1154,50.0,565,SHIP_V_1526,22.08
SHIP_V_1420,sdv-id-CRohVU,Smartphones,783,300.0,1445,SHIP_V_1420,1.61
SHIP_V_1407,sdv-id-DNRRbZ,Smartphones,826,300.0,1571,SHIP_V_1407,1.7533333333333334
SHIP_V_1636,sdv-id-kuyjOI,Industrial Chemicals,1016,50.0,1283,SHIP_V_1636,19.32
SHIP_V_1419,sdv-id-lYtCzR,Smartphones,302,300.0,1919,SHIP_V_1419,0.0066666666666666
SHIP_V_1812,sdv-id-WGPSwa,Smartphones,383,300.0,713,SHIP_V_1812,0.2766666666666666
SHIP_V_1267,sdv-id-rzHxNM,Smartphones,467,300.0,446,SHIP_V_1267,0.5566666666666666
SHIP_V_1179,sdv-id-AyQtZE,Smartphones,533,300.0,1180,SHIP_V_1179,0.7766666666666666
SHIP_V_1979,sdv-id-cNvngC,Ready-made Garments,398,8.5,1771,SHIP_V_1979,45.8235294117647
SHIP_V_1778,sdv-id-etSqpN,Industrial Chemicals,1833,50.0,1636,SHIP_V_1778,35.66
SHIP_V_1228,sdv-id-IlUxtx,Industrial Chemicals,924,50.0,1733,SHIP_V_1228,17.48
SHIP_V_1201,sdv-id-DkfEay,Ready-made Garments,115,8.5,602,SHIP_V_1201,12.529411764705882
SHIP_V_1847,sdv-id-ozTYan,Ready-made Garments,14,8.5,771,SHIP_V_1847,0.6470588235294118
SHIP_V_1068,sdv-id-boQkLV,Ready-made Garments,1712,8.5,615,SHIP_V_1068,200.41176470588235
SHIP_V_1176,sdv-id-KsUhNq,Ready-made Garments,237,8.5,406,SHIP_V_1176,26.88235294117647
SHIP_V_1307,sdv-id-QOPGxX,Raw Jute,889,5.0,1579,SHIP_V_1307,176.8
SHIP_V_1931,sdv-id-OwIwIx,Smartphones,1852,300.0,262,SHIP_V_1931,5.173333333333333
SHIP_V_1832,sdv-id-IObxmB,Solar Panels,364,120.0,1929,SHIP_V_1832,2.033333333333333
SHIP_V_1655,sdv-id-tUtSYO,Solar Panels,133,120.0,286,SHIP_V_1655,0.1083333333333333
SHIP_V_1266,sdv-id-MQCDdp,Industrial Chemicals,938,50.0,1950,SHIP_V_1266,17.76
SHIP_V_1129,sdv-id-EvAnaf,Smartphones,2037,300.0,1355,SHIP_V_1129,5.79
SHIP_V_1153,sdv-id-PLVqlF,Raw Jute,178,5.0,668,SHIP_V_1153,34.6
SHIP_V_1328,sdv-id-FCzvMs,Raw Jute,462,5.0,1642,SHIP_V_1328,91.4
SHIP_V_1110,sdv-id-vUwuED,Raw Jute,1,5.0,1901,SHIP_V_1110,-0.8
SHIP_V_1230,sdv-id-lvexav,Smartphones,1502,300.0,1637,SHIP_V_1230,4.006666666666667
SHIP_V_1056,sdv-id-oBJwgq,Smartphones,104,300.0,1246,SHIP_V_1056,-0.6533333333333333
SHIP_V_1038,sdv-id-ZpyrEt,Industrial Chemicals,1235,50.0,1371,SHIP_V_1038,23.7
SHIP_V_1135,sdv-id-leZrVd,Solar Panels,251,120.0,700,SHIP_V_1135,1.0916666666666666
SHIP_V_1580,sdv-id-iKovyW,Ready-made Garments,593,8.5,1442,SHIP_V_1580,68.76470588235294
SHIP_V_1833,sdv-id-qKlqEk,Raw Jute,216,5.0,750,SHIP_V_1833,42.2
SHIP_V_1438,sdv-id-swMrOK,Solar Panels,954,120.0,727,SHIP_V_1438,6.95
SHIP_V_1161,sdv-id-AqDcyi,Industrial Chemicals,168,50.0,1245,SHIP_V_1161,2.36
SHIP_V_1905,sdv-id-XNPNvZ,Smartphones,189,300.0,512,SHIP_V_1905,-0.37
SHIP_V_1655,sdv-id-ynZZKe,Smartphones,322,300.0,1546,SHIP_V_1655,0.0733333333333333
SHIP_V_1237,sdv-id-vUsRHY,Raw Jute,531,5.0,288,SHIP_V_1237,105.2
SHIP_V_1077,sdv-id-CZCqIm,Solar Panels,736,120.0,784,SHIP_V_1077,5.133333333333334
SHIP_V_1536,sdv-id-EJFhmD,Solar Panels,838,120.0,585,SHIP_V_1536,5.983333333333333
SHIP_V_1772,sdv-id-dvZJtd,Raw Jute,837,5.0,1498,SHIP_V_1772,166.4
SHIP_V_1694,sdv-id-ceFVRz,Solar Panels,385,120.0,1917,SHIP_V_1694,2.2083333333333335
SHIP_V_1343,sdv-id-BkkVUZ,Smartphones,677,300.0,126,SHIP_V_1343,1.2566666666666666
SHIP_V_1604,sdv-id-srIKgz,Smartphones,1028,300.0,1898,SHIP_V_1604,2.4266666666666667
SHIP_V_1070,sdv-id-ToIiAC,Smartphones,195,300.0,371,SHIP_V_1070,-0.35
SHIP_V_1645,sdv-id-EVtfBa,Solar Panels,1585,120.0,1190,SHIP_V_1645,12.208333333333334
SHIP_V_1048,sdv-id-xTLxRV,Solar Panels,846,120.0,531,SHIP_V_1048,6.05
SHIP_V_1569,sdv-id-yRcMWE,Industrial Chemicals,859,50.0,1270,SHIP_V_1569,16.18
SHIP_V_1205,sdv-id-SQkwmi,Raw Jute,1253,5.0,1559,SHIP_V_1205,249.6
SHIP_V_1002,sdv-id-poRzzk,Ready-made Garments,1116,8.5,1847,SHIP_V_1002,130.2941176470588
SHIP_V_1585,sdv-id-wCgRgR,Smartphones,425,300.0,1127,SHIP_V_1585,0.4166666666666667
SHIP_V_1457,sdv-id-RhGJeE,Industrial Chemicals,465,50.0,1646,SHIP_V_1457,8.3
SHIP_V_1224,sdv-id-ycSCay,Solar Panels,481,120.0,1458,SHIP_V_1224,3.0083333333333333
SHIP_V_1319,sdv-id-djYJYK,Raw Jute,24,5.0,1019,SHIP_V_1319,3.8
SHIP_V_1898,sdv-id-LHxOPR,Solar Panels,300,120.0,1284,SHIP_V_1898,1.5
SHIP_V_1971,sdv-id-OoHUrL,Raw Jute,398,5.0,1308,SHIP_V_1971,78.6
SHIP_V_1084,sdv-id-WnlXTe,Solar Panels,1105,120.0,407,SHIP_V_1084,8.208333333333334
SHIP_V_1484,sdv-id-kVpwPM,Smartphones,661,300.0,1598,SHIP_V_1484,1.2033333333333334
SHIP_V_1204,sdv-id-qwjtUy,Industrial Chemicals,499,50.0,922,SHIP_V_1204,8.98
SHIP_V_1416,sdv-id-DvELgf,Industrial Chemicals,494,50.0,1129,SHIP_V_1416,8.88
SHIP_V_1618,sdv-id-MopPES,Raw Jute,1297,5.0,487,SHIP_V_1618,258.4
SHIP_V_1280,sdv-id-ZuaSOs,Industrial Chemicals,594,50.0,519,SHIP_V_1280,10.88
SHIP_V_1475,sdv-id-RAjSwO,Ready-made Garments,2135,8.5,946,SHIP_V_1475,250.1764705882353
SHIP_V_1362,sdv-id-dMGhxE,Industrial Chemicals,625,50.0,739,SHIP_V_1362,11.5
SHIP_V_1090,sdv-id-FuxATe,Ready-made Garments,286,8.5,550,SHIP_V_1090,32.64705882352941
SHIP_V_1128,sdv-id-qkZSJU,Ready-made Garments,271,8.5,494,SHIP_V_1128,30.88235294117647
SHIP_V_1815,sdv-id-ZFqTXF,Industrial Chemicals,852,50.0,1975,SHIP_V_1815,16.04
SHIP_V_1370,sdv-id-uPCTXz,Solar Panels,1075,120.0,795,SHIP_V_1370,7.958333333333333
SHIP_V_1588,sdv-id-xeiLOt,Solar Panels,635,120.0,639,SHIP_V_1588,4.291666666666667
SHIP_V_1437,sdv-id-ICRuoX,Industrial Chemicals,2531,50.0,386,SHIP_V_1437,49.62
SHIP_V_1924,sdv-id-obsCaI,Smartphones,250,300.0,539,SHIP_V_1924,-0.1666666666666666
SHIP_V_1906,sdv-id-RrYqAB,Industrial Chemicals,64,50.0,106,SHIP_V_1906,0.28
SHIP_V_1758,sdv-id-lChqHZ,Raw Jute,51,5.0,1054,SHIP_V_1758,9.2
SHIP_V_1521,sdv-id-AoEAKt,Ready-made Garments,935,8.5,398,SHIP_V_1521,109.0
SHIP_V_1745,sdv-id-mGCLXG,Industrial Chemicals,468,50.0,1213,SHIP_V_1745,8.36
SHIP_V_1722,sdv-id-zsQQUA,Ready-made Garments,1946,8.5,1029,SHIP_V_1722,227.94117647058823
SHIP_V_1400,sdv-id-VpkRqt,Solar Panels,78,120.0,364,SHIP_V_1400,-0.35
SHIP_V_1735,sdv-id-fWRfvg,Raw Jute,1143,5.0,1341,SHIP_V_1735,227.6
SHIP_V_1962,sdv-id-PoonhC,Smartphones,476,300.0,464,SHIP_V_1962,0.5866666666666667
SHIP_V_1264,sdv-id-UJBRJY,Industrial Chemicals,1561,50.0,142,SHIP_V_1264,30.22
SHIP_V_1832,sdv-id-vSiGre,Raw Jute,2245,5.0,1524,SHIP_V_1832,448.0
SHIP_V_1259,sdv-id-YuSeUi,Smartphones,635,300.0,1221,SHIP_V_1259,1.1166666666666667
SHIP_V_1149,sdv-id-wOMAJt,Smartphones,739,300.0,1885,SHIP_V_1149,1.4633333333333334
SHIP_V_1511,sdv-id-YRZIjx,Ready-made Garments,626,8.5,1071,SHIP_V_1511,72.6470588235294
SHIP_V_1646,sdv-id-loYuVC,Ready-made Garments,1107,8.5,1666,SHIP_V_1646,129.23529411764707
SHIP_V_1248,sdv-id-DlGAfj,Raw Jute,211,5.0,849,SHIP_V_1248,41.2
SHIP_V_1542,sdv-id-qbqozo,Raw Jute,555,5.0,679,SHIP_V_1542,110.0
SHIP_V_1310,sdv-id-rAobYn,Smartphones,196,300.0,1106,SHIP_V_1310,-0.3466666666666667
SHIP_V_1726,sdv-id-VvPiWY,Ready-made Garments,253,8.5,1828,SHIP_V_1726,28.764705882352946
SHIP_V_1639,sdv-id-ZYZUno,Industrial Chemicals,492,50.0,1463,SHIP_V_1639,8.84
SHIP_V_1102,sdv-id-xRRCXL,Ready-made Garments,1567,8.5,535,SHIP_V_1102,183.35294117647055
SHIP_V_1111,sdv-id-RPgmwL,Ready-made Garments,345,8.5,1787,SHIP_V_1111,39.588235294117645
SHIP_V_1488,sdv-id-QYKuGm,Ready-made Garments,329,8.5,296,SHIP_V_1488,37.705882352941174
SHIP_V_1710,sdv-id-hjgYIf,Ready-made Garments,317,8.5,494,SHIP_V_1710,36.294117647058826
SHIP_V_1438,sdv-id-ujOFog,Smartphones,282,300.0,1250,SHIP_V_1438,-0.06
SHIP_V_1544,sdv-id-eVprqL,Smartphones,482,300.0,253,SHIP_V_1544,0.6066666666666667
SHIP_V_1452,sdv-id-VbThdt,Raw Jute,649,5.0,149,SHIP_V_1452,128.8
SHIP_V_1969,sdv-id-vYwbWm,Raw Jute,962,5.0,1893,SHIP_V_1969,191.4
SHIP_V_1801,sdv-id-KDJZuU,Ready-made Garments,678,8.5,1600,SHIP_V_1801,78.76470588235294
SHIP_V_1625,sdv-id-bPZAwh,Smartphones,903,300.0,1754,SHIP_V_1625,2.01
SHIP_V_1918,sdv-id-mntXkS,Raw Jute,432,5.0,1664,SHIP_V_1918,85.4
SHIP_V_1780,sdv-id-tSnUFY,Industrial Chemicals,1092,50.0,782,SHIP_V_1780,20.84
SHIP_V_1768,sdv-id-wsfOlD,Ready-made Garments,659,8.5,225,SHIP_V_1768,76.52941176470588
SHIP_V_1266,sdv-id-gBOFKh,Ready-made Garments,1564,8.5,1374,SHIP_V_1266,183.0
SHIP_V_1545,sdv-id-uGEHAc,Industrial Chemicals,1517,50.0,276,SHIP_V_1545,29.34
SHIP_V_1772,sdv-id-zZvSVL,Raw Jute,174,5.0,744,SHIP_V_1772,33.8
SHIP_V_1356,sdv-id-rzwFUz,Industrial Chemicals,1559,50.0,395,SHIP_V_1356,30.18
SHIP_V_1570,sdv-id-QadUHt,Industrial Chemicals,809,50.0,1263,SHIP_V_1570,15.18
SHIP_V_1997,sdv-id-zGIouD,Industrial Chemicals,1514,50.0,1788,SHIP_V_1997,29.28
SHIP_V_1598,sdv-id-ytqVSY,Industrial Chemicals,518,50.0,1185,SHIP_V_1598,9.36
SHIP_V_1401,sdv-id-UocDte,Industrial Chemicals,1316,50.0,1521,SHIP_V_1401,25.32
SHIP_V_1778,sdv-id-douNBJ,Ready-made Garments,567,8.5,1436,SHIP_V_1778,65.70588235294117
SHIP_V_1941,sdv-id-HnDhsY,Ready-made Garments,430,8.5,1000,SHIP_V_1941,49.588235294117645
SHIP_V_1482,sdv-id-GfRqpW,Raw Jute,507,5.0,716,SHIP_V_1482,100.4
SHIP_V_1358,sdv-id-msdmlF,Ready-made Garments,838,8.5,384,SHIP_V_1358,97.58823529411764
SHIP_V_1043,sdv-id-iOUCwL,Smartphones,348,300.0,1631,SHIP_V_1043,0.16
SHIP_V_1763,sdv-id-fndhPK,Raw Jute,751,5.0,1172,SHIP_V_1763,149.2
SHIP_V_1049,sdv-id-DECvoy,Industrial Chemicals,99,50.0,1775,SHIP_V_1049,0.98
SHIP_V_1947,sdv-id-Bvjpta,Raw Jute,211,5.0,1964,SHIP_V_1947,41.2
SHIP_V_1394,sdv-id-jWMcTq,Industrial Chemicals,442,50.0,1446,SHIP_V_1394,7.84
SHIP_V_1793,sdv-id-Hikinw,Smartphones,243,300.0,684,SHIP_V_1793,-0.19
SHIP_V_1892,sdv-id-ANLeiA,Raw Jute,1041,5.0,643,SHIP_V_1892,207.2
SHIP_V_1687,sdv-id-YAlhxa,Smartphones,238,300.0,1834,SHIP_V_1687,-0.2066666666666666
SHIP_V_1980,sdv-id-JfYRke,Raw Jute,206,5.0,1742,SHIP_V_1980,40.2
SHIP_V_1873,sdv-id-ZmlQnw,Solar Panels,362,120.0,1504,SHIP_V_1873,2.0166666666666666
SHIP_V_1052,sdv-id-iqMSVd,Ready-made Garments,1649,8.5,1032,SHIP_V_1052,193.0
SHIP_V_1396,sdv-id-ReNhTk,Industrial Chemicals,1835,50.0,727,SHIP_V_1396,35.7
SHIP_V_1185,sdv-id-sTDBlX,Smartphones,637,300.0,1066,SHIP_V_1185,1.1233333333333333
SHIP_V_1795,sdv-id-tVcBIx,Ready-made Garments,1260,8.5,104,SHIP_V_1795,147.23529411764707
SHIP_V_1943,sdv-id-XFCStj,Industrial Chemicals,2094,50.0,492,SHIP_V_1943,40.88
SHIP_V_1897,sdv-id-sajeUJ,Industrial Chemicals,696,50.0,865,SHIP_V_1897,12.92
SHIP_V_1998,sdv-id-Jtzdij,Smartphones,620,300.0,1305,SHIP_V_1998,1.0666666666666669
SHIP_V_1347,sdv-id-YPiXHh,Smartphones,15,300.0,1526,SHIP_V_1347,-0.95
SHIP_V_1558,sdv-id-mazvFZ,Raw Jute,794,5.0,781,SHIP_V_1558,157.8
SHIP_V_1580,sdv-id-QxCdja,Ready-made Garments,237,8.5,1025,SHIP_V_1580,26.88235294117647
SHIP_V_1851,sdv-id-WkOicx,Solar Panels,690,120.0,443,SHIP_V_1851,4.75
SHIP_V_1849,sdv-id-pAFJeM,Solar Panels,1813,120.0,149,SHIP_V_1849,14.108333333333333
SHIP_V_1555,sdv-id-nPTqvm,Solar Panels,182,120.0,802,SHIP_V_1555,0.5166666666666667
SHIP_V_1667,sdv-id-XFwrrN,Ready-made Garments,142,8.5,1725,SHIP_V_1667,15.705882352941176
SHIP_V_1233,sdv-id-jqgvzl,Solar Panels,142,120.0,1374,SHIP_V_1233,0.1833333333333333
SHIP_V_1277,sdv-id-nXcxYA,Smartphones,1353,300.0,286,SHIP_V_1277,3.51
SHIP_V_1689,sdv-id-czUJsF,Ready-made Garments,584,8.5,531,SHIP_V_1689,67.70588235294117
SHIP_V_1125,sdv-id-eLTybF,Smartphones,30,300.0,415,SHIP_V_1125,-0.9
SHIP_V_1109,sdv-id-WQNpev,Industrial Chemicals,207,50.0,447,SHIP_V_1109,3.14
SHIP_V_1070,sdv-id-pstNVd,Smartphones,161,300.0,1092,SHIP_V_1070,-0.4633333333333333
SHIP_V_1769,sdv-id-UcGIMc,Raw Jute,431,5.0,1717,SHIP_V_1769,85.2
SHIP_V_1789,sdv-id-cqAqSd,Ready-made Garments,16,8.5,986,SHIP_V_1789,0.8823529411764706
SHIP_V_1308,sdv-id-PtzvFX,Ready-made Garments,647,8.5,1397,SHIP_V_1308,75.11764705882354
SHIP_V_1982,sdv-id-rAkDCo,Ready-made Garments,1133,8.5,1717,SHIP_V_1982,132.2941176470588
SHIP_V_1802,sdv-id-jFXXmT,Smartphones,1015,300.0,337,SHIP_V_1802,2.3833333333333333
SHIP_V_1164,sdv-id-MLEJAk,Smartphones,185,300.0,1823,SHIP_V_1164,-0.3833333333333333
SHIP_V_1683,sdv-id-eXWOPc,Industrial Chemicals,2008,50.0,372,SHIP_V_1683,39.16
SHIP_V_1115,sdv-id-HnPmss,Ready-made Garments,86,8.5,480,SHIP_V_1115,9.117647058823527
SHIP_V_1141,sdv-id-GKEhyh,Smartphones,699,300.0,1016,SHIP_V_1141,1.33
SHIP_V_1906,sdv-id-kOUTPa,Smartphones,1178,300.0,265,SHIP_V_1906,2.9266666666666667
SHIP_V_1660,sdv-id-gninhr,Ready-made Garments,225,8.5,398,SHIP_V_1660,25.470588235294116
SHIP_V_1008,sdv-id-pNKEAD,Solar Panels,631,120.0,1667,SHIP_V_1008,4.258333333333334
SHIP_V_1002,sdv-id-CGMLrm,Smartphones,1653,300.0,1784,SHIP_V_1002,4.51
SHIP_V_1678,sdv-id-FGYaDm,Ready-made Garments,1067,8.5,494,SHIP_V_1678,124.52941176470588
SHIP_V_1138,sdv-id-LAorZA,Smartphones,2487,300.0,1383,SHIP_V_1138,7.29
SHIP_V_1682,sdv-id-ARqIBq,Smartphones,374,300.0,1409,SHIP_V_1682,0.2466666666666666
SHIP_V_1555,sdv-id-CXrjXH,Solar Panels,1752,120.0,261,SHIP_V_1555,13.6
SHIP_V_1603,sdv-id-FkLEdy,Industrial Chemicals,1221,50.0,709,SHIP_V_1603,23.42
SHIP_V_1447,sdv-id-wOXyZZ,Industrial Chemicals,930,50.0,1419,SHIP_V_1447,17.6
SHIP_V_1211,sdv-id-BlKojC,Industrial Chemicals,2065,50.0,705,SHIP_V_1211,40.3
SHIP_V_1961,sdv-id-eVOsnL,Industrial Chemicals,131,50.0,1522,SHIP_V_1961,1.62
SHIP_V_1184,sdv-id-gsklbG,Smartphones,28,300.0,1014,SHIP_V_1184,-0.9066666666666666
SHIP_V_1231,sdv-id-WJaxid,Smartphones,535,300.0,1104,SHIP_V_1231,0.7833333333333333
SHIP_V_1707,sdv-id-LTXGeC,Smartphones,441,300.0,519,SHIP_V_1707,0.47
SHIP_V_1823,sdv-id-HxwdnA,Ready-made Garments,777,8.5,1679,SHIP_V_1823,90.41176470588236
SHIP_V_1694,sdv-id-LpJBvC,Smartphones,437,300.0,577,SHIP_V_1694,0.4566666666666666
SHIP_V_1255,sdv-id-quJkCs,Raw Jute,711,5.0,1235,SHIP_V_1255,141.2
SHIP_V_1605,sdv-id-EdluDo,Solar Panels,1285,120.0,1370,SHIP_V_1605,9.708333333333334
SHIP_V_1244,sdv-id-SbIsHo,Smartphones,879,300.0,1843,SHIP_V_1244,1.93
SHIP_V_1825,sdv-id-GIZtKg,Raw Jute,494,5.0,1614,SHIP_V_1825,97.8
SHIP_V_1564,sdv-id-QQpRDo,Solar Panels,279,120.0,596,SHIP_V_1564,1.325
SHIP_V_1965,sdv-id-zahXJC,Ready-made Garments,297,8.5,1952,SHIP_V_1965,33.94117647058823
SHIP_V_1944,sdv-id-OrljYb,Solar Panels,852,120.0,941,SHIP_V_1944,6.1
SHIP_V_1998,sdv-id-vgVogz,Smartphones,1285,300.0,1687,SHIP_V_1998,3.283333333333333
SHIP_V_1063,sdv-id-GoYRaW,Industrial Chemicals,29,50.0,227,SHIP_V_1063,-0.42
SHIP_V_1333,sdv-id-iegcDp,Raw Jute,628,5.0,587,SHIP_V_1333,124.6
SHIP_V_1335,sdv-id-NtRBPu,Smartphones,719,300.0,1458,SHIP_V_1335,1.3966666666666667
SHIP_V_1970,sdv-id-dRDVEE,Industrial Chemicals,852,50.0,274,SHIP_V_1970,16.04
SHIP_V_1506,sdv-id-mJlxid,Raw Jute,892,5.0,676,SHIP_V_1506,177.4
SHIP_V_1026,sdv-id-MxsnMw,Industrial Chemicals,2193,50.0,707,SHIP_V_1026,42.86
SHIP_V_1502,sdv-id-pZEzXI,Industrial Chemicals,296,50.0,330,SHIP_V_1502,4.92
SHIP_V_1335,sdv-id-ucxLUN,Smartphones,1878,300.0,171,SHIP_V_1335,5.26
SHIP_V_1003,sdv-id-gCLKWv,Solar Panels,482,120.0,1497,SHIP_V_1003,3.0166666666666666
SHIP_V_1824,sdv-id-rtRmzo,Solar Panels,122,120.0,1981,SHIP_V_1824,0.0166666666666666
SHIP_V_1219,sdv-id-dYBfQD,Ready-made Garments,648,8.5,1876,SHIP_V_1219,75.23529411764706
SHIP_V_1886,sdv-id-Nwvgrr,Ready-made Garments,638,8.5,1090,SHIP_V_1886,74.05882352941177
SHIP_V_1693,sdv-id-Lyljax,Solar Panels,461,120.0,705,SHIP_V_1693,2.841666666666667
SHIP_V_1252,sdv-id-Ixmydv,Smartphones,959,300.0,797,SHIP_V_1252,2.1966666666666668
SHIP_V_1288,sdv-id-wbokiR,Smartphones,368,300.0,1801,SHIP_V_1288,0.2266666666666666
SHIP_V_1433,sdv-id-NaFoVS,Ready-made Garments,332,8.5,863,SHIP_V_1433,38.05882352941177
SHIP_V_1594,sdv-id-fgyxZi,Industrial Chemicals,963,50.0,507,SHIP_V_1594,18.26
SHIP_V_1840,sdv-id-hCkoGt,Industrial Chemicals,1215,50.0,550,SHIP_V_1840,23.3
SHIP_V_1252,sdv-id-WsTWiy,Smartphones,740,300.0,1104,SHIP_V_1252,1.4666666666666666
SHIP_V_1756,sdv-id-BnDwWX,Industrial Chemicals,190,50.0,1877,SHIP_V_1756,2.8
SHIP_V_1845,sdv-id-HEzoMJ,Industrial Chemicals,1575,50.0,389,SHIP_V_1845,30.5
SHIP_V_1964,sdv-id-AUyKHl,Smartphones,420,300.0,1585,SHIP_V_1964,0.4
SHIP_V_1449,sdv-id-uGyfPx,Smartphones,1141,300.0,1312,SHIP_V_1449,2.8033333333333332
SHIP_V_1123,sdv-id-ZKwcYZ,Industrial Chemicals,1555,50.0,1032,SHIP_V_1123,30.1
SHIP_V_1551,sdv-id-fBpFIK,Raw Jute,596,5.0,1616,SHIP_V_1551,118.2
SHIP_V_1761,sdv-id-SpxLIb,Ready-made Garments,398,8.5,221,SHIP_V_1761,45.8235294117647
SHIP_V_1567,sdv-id-njzaBt,Smartphones,1890,300.0,480,SHIP_V_1567,5.3
SHIP_V_1183,sdv-id-OIVssJ,Raw Jute,984,5.0,1688,SHIP_V_1183,195.8
SHIP_V_1755,sdv-id-qlfRCB,Ready-made Garments,298,8.5,753,SHIP_V_1755,34.05882352941177
SHIP_V_1729,sdv-id-JidHUT,Raw Jute,679,5.0,1448,SHIP_V_1729,134.8
SHIP_V_1125,sdv-id-WRinNM,Ready-made Garments,8,8.5,360,SHIP_V_1125,-0.0588235294117647
SHIP_V_1585,sdv-id-IKkpqB,Ready-made Garments,327,8.5,1727,SHIP_V_1585,37.47058823529411
SHIP_V_1223,sdv-id-pLFlDC,Industrial Chemicals,1012,50.0,638,SHIP_V_1223,19.24
SHIP_V_1867,sdv-id-gxzZee,Ready-made Garments,766,8.5,583,SHIP_V_1867,89.11764705882354
SHIP_V_1630,sdv-id-UrKcLD,Raw Jute,569,5.0,414,SHIP_V_1630,112.8
SHIP_V_1049,sdv-id-gpULMZ,Industrial Chemicals,381,50.0,1684,SHIP_V_1049,6.62
SHIP_V_1564,sdv-id-FbtJKO,Solar Panels,388,120.0,1899,SHIP_V_1564,2.2333333333333334
SHIP_V_1235,sdv-id-FlzlCi,Ready-made Garments,338,8.5,824,SHIP_V_1235,38.76470588235294
SHIP_V_1206,sdv-id-ThWhPy,Smartphones,98,300.0,1578,SHIP_V_1206,-0.6733333333333333
SHIP_V_1480,sdv-id-CrbOTZ,Industrial Chemicals,811,50.0,486,SHIP_V_1480,15.22
SHIP_V_1112,sdv-id-DXwaxe,Solar Panels,198,120.0,534,SHIP_V_1112,0.65
SHIP_V_1042,sdv-id-jJlRTD,Smartphones,343,300.0,475,SHIP_V_1042,0.1433333333333333
SHIP_V_1581,sdv-id-fEiloU,Smartphones,654,300.0,1554,SHIP_V_1581,1.18
SHIP_V_1196,sdv-id-eXBRfM,Industrial Chemicals,1968,50.0,1601,SHIP_V_1196,38.36
SHIP_V_1424,sdv-id-KVqqeg,Smartphones,1125,300.0,1557,SHIP_V_1424,2.75
SHIP_V_1724,sdv-id-HLMWOJ,Smartphones,565,300.0,1241,SHIP_V_1724,0.8833333333333333
SHIP_V_1007,sdv-id-jNzgyA,Smartphones,806,300.0,1860,SHIP_V_1007,1.6866666666666668
SHIP_V_1832,sdv-id-JipJvI,Solar Panels,282,120.0,924,SHIP_V_1832,1.35
SHIP_V_1450,sdv-id-TWDXfd,Solar Panels,559,120.0,1200,SHIP_V_1450,3.658333333333333
SHIP_V_1771,sdv-id-ALMaAi,Industrial Chemicals,1638,50.0,628,SHIP_V_1771,31.76
SHIP_V_1179,sdv-id-ehpsMV,Smartphones,1129,300.0,366,SHIP_V_1179,2.763333333333333
SHIP_V_1339,sdv-id-vpyYAv,Raw Jute,74,5.0,1511,SHIP_V_1339,13.8
SHIP_V_1510,sdv-id-NQDmuK,Raw Jute,823,5.0,1535,SHIP_V_1510,163.6
SHIP_V_1605,sdv-id-zPnMrQ,Ready-made Garments,561,8.5,949,SHIP_V_1605,65.0
SHIP_V_1931,sdv-id-EQrEeX,Industrial Chemicals,79,50.0,520,SHIP_V_1931,0.58
SHIP_V_1479,sdv-id-qPiteJ,Smartphones,450,300.0,1489,SHIP_V_1479,0.5
SHIP_V_1446,sdv-id-BreHog,Ready-made Garments,1075,8.5,628,SHIP_V_1446,125.47058823529412
SHIP_V_1248,sdv-id-McIjQk,Raw Jute,573,5.0,294,SHIP_V_1248,113.6
SHIP_V_1325,sdv-id-BXOXuA,Raw Jute,675,5.0,182,SHIP_V_1325,134.0
SHIP_V_1422,sdv-id-MHjdMZ,Solar Panels,279,120.0,173,SHIP_V_1422,1.325
SHIP_V_1375,sdv-id-KgfGdJ,Raw Jute,1204,5.0,1587,SHIP_V_1375,239.8
SHIP_V_1839,sdv-id-RbdBSx,Industrial Chemicals,289,50.0,636,SHIP_V_1839,4.78
SHIP_V_1107,sdv-id-yCHYBL,Smartphones,642,300.0,566,SHIP_V_1107,1.14
SHIP_V_1130,sdv-id-naImGc,Raw Jute,131,5.0,1061,SHIP_V_1130,25.2
SHIP_V_1327,sdv-id-wQGYJF,Solar Panels,127,120.0,1493,SHIP_V_1327,0.0583333333333333
SHIP_V_1275,sdv-id-UTQwsL,Solar Panels,324,120.0,384,SHIP_V_1275,1.7
SHIP_V_1921,sdv-id-nXizlY,Raw Jute,686,5.0,1763,SHIP_V_1921,136.2
SHIP_V_1636,sdv-id-EdyOsT,Raw Jute,644,5.0,1263,SHIP_V_1636,127.8
SHIP_V_1621,sdv-id-pASsCB,Ready-made Garments,413,8.5,1436,SHIP_V_1621,47.588235294117645
SHIP_V_1185,sdv-id-nxlVsb,Raw Jute,972,5.0,1471,SHIP_V_1185,193.4
SHIP_V_1854,sdv-id-OvEkgl,Smartphones,89,300.0,155,SHIP_V_1854,-0.7033333333333334
SHIP_V_1933,sdv-id-KRiwqR,Solar Panels,97,120.0,1493,SHIP_V_1933,-0.1916666666666666
SHIP_V_1749,sdv-id-FCqXDn,Solar Panels,624,120.0,927,SHIP_V_1749,4.2
SHIP_V_1230,sdv-id-flLsZD,Solar Panels,443,120.0,261,SHIP_V_1230,2.691666666666667
SHIP_V_1393,sdv-id-ZbHyjY,Smartphones,759,300.0,835,SHIP_V_1393,1.53
SHIP_V_1689,sdv-id-kXpnvv,Raw Jute,596,5.0,1364,SHIP_V_1689,118.2
SHIP_V_1727,sdv-id-rccqob,Industrial Chemicals,259,50.0,676,SHIP_V_1727,4.18
SHIP_V_1856,sdv-id-kQSBUW,Ready-made Garments,1562,8.5,1312,SHIP_V_1856,182.76470588235293
SHIP_V_1050,sdv-id-WQWTHD,Industrial Chemicals,1126,50.0,1481,SHIP_V_1050,21.52
SHIP_V_1076,sdv-id-ArfeuA,Smartphones,1155,300.0,381,SHIP_V_1076,2.85
SHIP_V_1498,sdv-id-oCqjRc,Solar Panels,713,120.0,1593,SHIP_V_1498,4.941666666666666
SHIP_V_1758,sdv-id-UrPdRE,Solar Panels,164,120.0,1445,SHIP_V_1758,0.3666666666666666
SHIP_V_1294,sdv-id-iyxfid,Smartphones,347,300.0,804,SHIP_V_1294,0.1566666666666666
SHIP_V_1631,sdv-id-mRzYtp,Smartphones,672,300.0,380,SHIP_V_1631,1.24
SHIP_V_1781,sdv-id-qqwqFH,Ready-made Garments,1114,8.5,124,SHIP_V_1781,130.05882352941177
SHIP_V_1408,sdv-id-NMxLrS,Smartphones,296,300.0,109,SHIP_V_1408,-0.0133333333333333
SHIP_V_1887,sdv-id-qneMok,Ready-made Garments,265,8.5,229,SHIP_V_1887,30.176470588235293
SHIP_V_1934,sdv-id-OPPARM,Raw Jute,658,5.0,1238,SHIP_V_1934,130.6
SHIP_V_1701,sdv-id-vqefSj,Solar Panels,18,120.0,811,SHIP_V_1701,-0.85
SHIP_V_1474,sdv-id-SDkNIe,Industrial Chemicals,427,50.0,1941,SHIP_V_1474,7.54
SHIP_V_1549,sdv-id-FpGoQb,Solar Panels,1093,120.0,886,SHIP_V_1549,8.108333333333333
SHIP_V_1222,sdv-id-bNHegK,Raw Jute,1691,5.0,1704,SHIP_V_1222,337.2
SHIP_V_1959,sdv-id-LkZHYH,Raw Jute,437,5.0,1278,SHIP_V_1959,86.4
SHIP_V_1637,sdv-id-ltLVwZ,Industrial Chemicals,444,50.0,965,SHIP_V_1637,7.88
SHIP_V_1901,sdv-id-pjhYrM,Industrial Chemicals,1322,50.0,1268,SHIP_V_1901,25.44
SHIP_V_1114,sdv-id-rKJPmF,Ready-made Garments,879,8.5,333,SHIP_V_1114,102.41176470588236
SHIP_V_1644,sdv-id-mJQWrw,Smartphones,12,300.0,1414,SHIP_V_1644,-0.96
SHIP_V_1482,sdv-id-IqwSsK,Raw Jute,811,5.0,1407,SHIP_V_1482,161.2
SHIP_V_1813,sdv-id-HAVIQw,Ready-made Garments,1760,8.5,1218,SHIP_V_1813,206.05882352941177
SHIP_V_1071,sdv-id-ADXFlB,Ready-made Garments,593,8.5,756,SHIP_V_1071,68.76470588235294
SHIP_V_1272,sdv-id-dfhOty,Raw Jute,906,5.0,1203,SHIP_V_1272,180.2
SHIP_V_1498,sdv-id-bcnrfB,Raw Jute,640,5.0,1577,SHIP_V_1498,127.0
SHIP_V_1027,sdv-id-odTXop,Raw Jute,729,5.0,1190,SHIP_V_1027,144.8
SHIP_V_1553,sdv-id-WdxJie,Industrial Chemicals,1313,50.0,823,SHIP_V_1553,25.26
SHIP_V_1860,sdv-id-sXipug,Industrial Chemicals,396,50.0,1826,SHIP_V_1860,6.92
SHIP_V_1353,sdv-id-qVBwIb,Ready-made Garments,966,8.5,1386,SHIP_V_1353,112.6470588235294
SHIP_V_1283,sdv-id-cDrJfd,Ready-made Garments,391,8.5,1974,SHIP_V_1283,45.0
SHIP_V_1715,sdv-id-kbvKje,Ready-made Garments,393,8.5,957,SHIP_V_1715,45.23529411764706
SHIP_V_1107,sdv-id-BHLJbE,Ready-made Garments,738,8.5,441,SHIP_V_1107,85.82352941176471
SHIP_V_1334,sdv-id-HrEvSw,Smartphones,231,300.0,1299,SHIP_V_1334,-0.23
SHIP_V_1839,sdv-id-QFYfPP,Industrial Chemicals,1899,50.0,1814,SHIP_V_1839,36.98
SHIP_V_1917,sdv-id-LpnJvp,Solar Panels,145,120.0,1959,SHIP_V_1917,0.2083333333333333
SHIP_V_1458,sdv-id-DUmsVt,Solar Panels,404,120.0,1824,SHIP_V_1458,2.3666666666666667
SHIP_V_1148,sdv-id-VpvgrW,Smartphones,1027,300.0,1801,SHIP_V_1148,2.4233333333333333
SHIP_V_1079,sdv-id-camRBM,Raw Jute,858,5.0,1813,SHIP_V_1079,170.6
SHIP_V_1391,sdv-id-YPQtTO,Industrial Chemicals,1227,50.0,848,SHIP_V_1391,23.54
SHIP_V_1990,sdv-id-mcJKag,Ready-made Garments,156,8.5,1819,SHIP_V_1990,17.352941176470587
SHIP_V_1479,sdv-id-eHlamk,Ready-made Garments,257,8.5,1078,SHIP_V_1479,29.235294117647054
SHIP_V_1217,sdv-id-gGhYXW,Raw Jute,148,5.0,863,SHIP_V_1217,28.6
SHIP_V_1767,sdv-id-gRGGhI,Raw Jute,1312,5.0,503,SHIP_V_1767,261.4
SHIP_V_1580,sdv-id-lFrrlj,Industrial Chemicals,429,50.0,1195,SHIP_V_1580,7.58
SHIP_V_1736,sdv-id-eeYiMl,Raw Jute,806,5.0,1682,SHIP_V_1736,160.2
SHIP_V_1683,sdv-id-zWnmOH,Smartphones,1721,300.0,693,SHIP_V_1683,4.736666666666666
SHIP_V_1242,sdv-id-tEjwrz,Smartphones,1339,300.0,1331,SHIP_V_1242,3.463333333333334
SHIP_V_1395,sdv-id-lyySQr,Smartphones,1214,300.0,1709,SHIP_V_1395,3.046666666666667
SHIP_V_1557,sdv-id-ZOusep,Ready-made Garments,76,8.5,1049,SHIP_V_1557,7.9411764705882355
SHIP_V_1039,sdv-id-pQgjQk,Solar Panels,73,120.0,1284,SHIP_V_1039,-0.3916666666666666
SHIP_V_1641,sdv-id-psthnx,Ready-made Garments,316,8.5,1700,SHIP_V_1641,36.1764705882353
SHIP_V_1998,sdv-id-VIlAbr,Ready-made Garments,1019,8.5,1658,SHIP_V_1998,118.88235294117646
SHIP_V_1957,sdv-id-LetoVI,Smartphones,485,300.0,128,SHIP_V_1957,0.6166666666666667
SHIP_V_1336,sdv-id-lwzPFW,Solar Panels,354,120.0,137,SHIP_V_1336,1.95
SHIP_V_1758,sdv-id-MxXuiU,Ready-made Garments,1016,8.5,432,SHIP_V_1758,118.52941176470588
SHIP_V_1261,sdv-id-ESwjSh,Ready-made Garments,1478,8.5,1376,SHIP_V_1261,172.88235294117646
SHIP_V_1973,sdv-id-ZXBQfx,Ready-made Garments,13,8.5,1543,SHIP_V_1973,0.5294117647058824
SHIP_V_1739,sdv-id-qrbuUV,Smartphones,1050,300.0,1686,SHIP_V_1739,2.5
SHIP_V_1911,sdv-id-wMlmVh,Raw Jute,1577,5.0,1648,SHIP_V_1911,314.4
SHIP_V_1931,sdv-id-WtIYSP,Smartphones,140,300.0,1980,SHIP_V_1931,-0.5333333333333333
SHIP_V_1249,sdv-id-QTqeTA,Ready-made Garments,360,8.5,1705,SHIP_V_1249,41.35294117647059
SHIP_V_1779,sdv-id-TbWFSV,Smartphones,979,300.0,1488,SHIP_V_1779,2.263333333333333
SHIP_V_1111,sdv-id-tStRQT,Industrial Chemicals,3001,50.0,926,SHIP_V_1111,59.02
SHIP_V_1043,sdv-id-zgvKoS,Industrial Chemicals,475,50.0,416,SHIP_V_1043,8.5
SHIP_V_1677,sdv-id-qUGhtz,Smartphones,1121,300.0,133,SHIP_V_1677,2.736666666666667
SHIP_V_1953,sdv-id-dYZGsK,Smartphones,1007,300.0,1124,SHIP_V_1953,2.3566666666666665
SHIP_V_1045,sdv-id-NBJLeT,Ready-made Garments,1443,8.5,1442,SHIP_V_1045,168.76470588235293
SHIP_V_1048,sdv-id-TZkMZO,Ready-made Garments,176,8.5,1250,SHIP_V_1048,19.705882352941178
SHIP_V_1288,sdv-id-SDJGbW,Smartphones,986,300.0,212,SHIP_V_1288,2.286666666666666
SHIP_V_1955,sdv-id-kTHALu,Solar Panels,871,120.0,1202,SHIP_V_1955,6.258333333333334
SHIP_V_1424,sdv-id-XlHZDc,Solar Panels,1373,120.0,459,SHIP_V_1424,10.441666666666666
SHIP_V_1232,sdv-id-IXDIHX,Smartphones,805,300.0,849,SHIP_V_1232,1.6833333333333331
SHIP_V_1612,sdv-id-yBDuvH,Raw Jute,1540,5.0,1676,SHIP_V_1612,307.0
SHIP_V_1581,sdv-id-PtAyvG,Smartphones,592,300.0,842,SHIP_V_1581,0.9733333333333334
SHIP_V_1095,sdv-id-MUZHVX,Smartphones,1087,300.0,350,SHIP_V_1095,2.6233333333333335
SHIP_V_1907,sdv-id-ojkVPj,Ready-made Garments,184,8.5,490,SHIP_V_1907,20.647058823529413
SHIP_V_1410,sdv-id-TRvTDT,Ready-made Garments,1132,8.5,808,SHIP_V_1410,132.1764705882353
SHIP_V_1076,sdv-id-KSTfvD,Smartphones,461,300.0,1858,SHIP_V_1076,0.5366666666666666
SHIP_V_1479,sdv-id-dzxkQW,Solar Panels,527,120.0,1240,SHIP_V_1479,3.3916666666666666
SHIP_V_1853,sdv-id-sUnwvL,Industrial Chemicals,458,50.0,1543,SHIP_V_1853,8.16
SHIP_V_1786,sdv-id-mkYJFK,Smartphones,488,300.0,511,SHIP_V_1786,0.6266666666666667
SHIP_V_1063,sdv-id-GbyLFr,Smartphones,643,300.0,1421,SHIP_V_1063,1.143333333333333
SHIP_V_1026,sdv-id-opexgY,Solar Panels,2286,120.0,1079,SHIP_V_1026,18.05
SHIP_V_1796,sdv-id-hTGsXk,Raw Jute,201,5.0,1925,SHIP_V_1796,39.2
SHIP_V_1191,sdv-id-MEvLsy,Smartphones,55,300.0,143,SHIP_V_1191,-0.8166666666666667
SHIP_V_1398,sdv-id-jmKxpt,Ready-made Garments,1085,8.5,829,SHIP_V_1398,126.6470588235294
SHIP_V_1626,sdv-id-iUdtjO,Ready-made Garments,996,8.5,777,SHIP_V_1626,116.17647058823528
SHIP_V_1473,sdv-id-ZRxCno,Solar Panels,328,120.0,739,SHIP_V_1473,1.7333333333333334
SHIP_V_1290,sdv-id-BSjaJI,Ready-made Garments,561,8.5,681,SHIP_V_1290,65.0
SHIP_V_1456,sdv-id-BDhSCj,Ready-made Garments,939,8.5,1648,SHIP_V_1456,109.47058823529412
SHIP_V_1073,sdv-id-wpSEcn,Raw Jute,1498,5.0,263,SHIP_V_1073,298.6
SHIP_V_1518,sdv-id-DBugrX,Solar Panels,1073,120.0,1531,SHIP_V_1518,7.941666666666666
SHIP_V_1014,sdv-id-ERPuXb,Solar Panels,1072,120.0,233,SHIP_V_1014,7.933333333333334
SHIP_V_1192,sdv-id-eAqWSZ,Smartphones,307,300.0,1964,SHIP_V_1192,0.0233333333333333
SHIP_V_1146,sdv-id-pxApeV,Smartphones,771,300.0,1840,SHIP_V_1146,1.57
SHIP_V_1691,sdv-id-gGlcZQ,Ready-made Garments,1148,8.5,602,SHIP_V_1691,134.05882352941177
SHIP_V_1900,sdv-id-OnKIAg,Ready-made Garments,711,8.5,565,SHIP_V_1900,82.6470588235294
SHIP_V_1464,sdv-id-yRydmP,Industrial Chemicals,564,50.0,1092,SHIP_V_1464,10.28
SHIP_V_1659,sdv-id-FJLKkc,Ready-made Garments,476,8.5,1964,SHIP_V_1659,55.0
SHIP_V_1230,sdv-id-zUsUPh,Solar Panels,318,120.0,882,SHIP_V_1230,1.65
SHIP_V_1315,sdv-id-wnFIhn,Ready-made Garments,77,8.5,1102,SHIP_V_1315,8.058823529411764
SHIP_V_1739,sdv-id-AwCAPs,Smartphones,385,300.0,1622,SHIP_V_1739,0.2833333333333333
SHIP_V_1042,sdv-id-vtyZQw,Raw Jute,237,5.0,1575,SHIP_V_1042,46.4
SHIP_V_1134,sdv-id-KQwhCn,Ready-made Garments,243,8.5,1188,SHIP_V_1134,27.58823529411765
SHIP_V_1063,sdv-id-AeJtOU,Smartphones,108,300.0,188,SHIP_V_1063,-0.64
SHIP_V_1191,sdv-id-zrbwNv,Smartphones,1147,300.0,1140,SHIP_V_1191,2.8233333333333333
SHIP_V_1266,sdv-id-uIOUHc,Solar Panels,254,120.0,957,SHIP_V_1266,1.1166666666666667
SHIP_V_1150,sdv-id-sDTSdo,Smartphones,28,300.0,1619,SHIP_V_1150,-0.9066666666666666
SHIP_V_1648,sdv-id-SThQsz,Smartphones,715,300.0,1200,SHIP_V_1648,1.3833333333333333
SHIP_V_1652,sdv-id-FuYTkF,Ready-made Garments,462,8.5,1435,SHIP_V_1652,53.35294117647059
SHIP_V_1734,sdv-id-HxztFV,Raw Jute,149,5.0,1369,SHIP_V_1734,28.8
SHIP_V_1194,sdv-id-bNFZui,Industrial Chemicals,1103,50.0,857,SHIP_V_1194,21.06
SHIP_V_1695,sdv-id-fZdKUQ,Solar Panels,526,120.0,378,SHIP_V_1695,3.3833333333333333
SHIP_V_1906,sdv-id-qUZtzX,Smartphones,1437,300.0,774,SHIP_V_1906,3.79
SHIP_V_1571,sdv-id-dTiXwK,Industrial Chemicals,628,50.0,663,SHIP_V_1571,11.56
SHIP_V_1584,sdv-id-xDnetQ,Smartphones,450,300.0,1077,SHIP_V_1584,0.5
SHIP_V_1443,sdv-id-GtDWwO,Smartphones,310,300.0,1065,SHIP_V_1443,0.0333333333333333
SHIP_V_1149,sdv-id-qnTWNj,Ready-made Garments,607,8.5,1297,SHIP_V_1149,70.41176470588235
SHIP_V_1208,sdv-id-wLFfzU,Ready-made Garments,747,8.5,1938,SHIP_V_1208,86.88235294117646
SHIP_V_1079,sdv-id-UlVgZf,Solar Panels,495,120.0,1094,SHIP_V_1079,3.125
SHIP_V_1968,sdv-id-mzLIRz,Ready-made Garments,104,8.5,1834,SHIP_V_1968,11.235294117647058
SHIP_V_1444,sdv-id-nOJaQo,Solar Panels,596,120.0,1012,SHIP_V_1444,3.966666666666667
SHIP_V_1655,sdv-id-Heiqds,Smartphones,244,300.0,1032,SHIP_V_1655,-0.1866666666666666
SHIP_V_1105,sdv-id-upOLPI,Smartphones,683,300.0,419,SHIP_V_1105,1.2766666666666666
SHIP_V_1897,sdv-id-zQcRok,Smartphones,2844,300.0,1725,SHIP_V_1897,8.48
SHIP_V_1537,sdv-id-LJrUMV,Smartphones,1126,300.0,581,SHIP_V_1537,2.7533333333333334
SHIP_V_1379,sdv-id-CRqkXY,Ready-made Garments,1181,8.5,1454,SHIP_V_1379,137.94117647058823
SHIP_V_1245,sdv-id-EWKkNm,Smartphones,1193,300.0,1604,SHIP_V_1245,2.9766666666666666
SHIP_V_1444,sdv-id-XijcvM,Industrial Chemicals,288,50.0,1798,SHIP_V_1444,4.76
SHIP_V_1207,sdv-id-mFfxmc,Ready-made Garments,637,8.5,1011,SHIP_V_1207,73.94117647058823
SHIP_V_1448,sdv-id-IJVCZL,Ready-made Garments,99,8.5,540,SHIP_V_1448,10.647058823529411
SHIP_V_1035,sdv-id-RMqZRY,Raw Jute,408,5.0,1931,SHIP_V_1035,80.6
SHIP_V_1594,sdv-id-JAXprq,Industrial Chemicals,1194,50.0,206,SHIP_V_1594,22.88
SHIP_V_1047,sdv-id-mbYJDT,Raw Jute,1593,5.0,1521,SHIP_V_1047,317.6
SHIP_V_1044,sdv-id-UsTQhq,Ready-made Garments,924,8.5,305,SHIP_V_1044,107.70588235294116
SHIP_V_1459,sdv-id-rnkwrM,Raw Jute,391,5.0,1709,SHIP_V_1459,77.2
SHIP_V_1058,sdv-id-fmnnEh,Solar Panels,69,120.0,1352,SHIP_V_1058,-0.425
SHIP_V_1711,sdv-id-enduWP,Ready-made Garments,430,8.5,1528,SHIP_V_1711,49.588235294117645
SHIP_V_1320,sdv-id-iTmHtx,Industrial Chemicals,1246,50.0,691,SHIP_V_1320,23.92
SHIP_V_1522,sdv-id-pTsQAQ,Raw Jute,827,5.0,1309,SHIP_V_1522,164.4
SHIP_V_1419,sdv-id-VlwlDO,Ready-made Garments,1715,8.5,1482,SHIP_V_1419,200.76470588235293
SHIP_V_1901,sdv-id-AllNNZ,Solar Panels,501,120.0,521,SHIP_V_1901,3.175
SHIP_V_1844,sdv-id-lSRJQT,Ready-made Garments,495,8.5,1202,SHIP_V_1844,57.23529411764706
SHIP_V_1481,sdv-id-jhsTpl,Ready-made Garments,1101,8.5,1347,SHIP_V_1481,128.52941176470588
SHIP_V_1300,sdv-id-IlaiRD,Raw Jute,1805,5.0,137,SHIP_V_1300,360.0
SHIP_V_1410,sdv-id-qEIpUb,Industrial Chemicals,2562,50.0,1693,SHIP_V_1410,50.24
SHIP_V_1111,sdv-id-bGnVTW,Raw Jute,903,5.0,847,SHIP_V_1111,179.6
SHIP_V_1943,sdv-id-fMAJNF,Industrial Chemicals,409,50.0,1729,SHIP_V_1943,7.18
SHIP_V_1706,sdv-id-eiOqVp,Ready-made Garments,1150,8.5,1022,SHIP_V_1706,134.2941176470588
SHIP_V_1481,sdv-id-NFfWon,Raw Jute,588,5.0,196,SHIP_V_1481,116.6
SHIP_V_1423,sdv-id-PAOVFu,Solar Panels,1087,120.0,891,SHIP_V_1423,8.058333333333334
SHIP_V_1024,sdv-id-PMUOfG,Smartphones,121,300.0,1717,SHIP_V_1024,-0.5966666666666667
SHIP_V_1552,sdv-id-gqkqbl,Industrial Chemicals,549,50.0,683,SHIP_V_1552,9.98
SHIP_V_1646,sdv-id-JqisqT,Ready-made Garments,121,8.5,1848,SHIP_V_1646,13.235294117647058
SHIP_V_1559,sdv-id-hcxtDf,Industrial Chemicals,2831,50.0,725,SHIP_V_1559,55.62
SHIP_V_1688,sdv-id-bNDlLT,Raw Jute,1533,5.0,1260,SHIP_V_1688,305.6
SHIP_V_1833,sdv-id-Velrqw,Raw Jute,570,5.0,1144,SHIP_V_1833,113.0
SHIP_V_1029,sdv-id-HEuNiK,Raw Jute,435,5.0,215,SHIP_V_1029,86.0
SHIP_V_1641,sdv-id-dQZYyF,Smartphones,71,300.0,331,SHIP_V_1641,-0.7633333333333333
SHIP_V_1211,sdv-id-vxHGJc,Industrial Chemicals,909,50.0,1689,SHIP_V_1211,17.18
SHIP_V_1039,sdv-id-rnmmYP,Ready-made Garments,1063,8.5,1273,SHIP_V_1039,124.05882352941175
SHIP_V_1790,sdv-id-WjXlHf,Solar Panels,382,120.0,1119,SHIP_V_1790,2.183333333333333
SHIP_V_1639,sdv-id-urykMV,Ready-made Garments,410,8.5,1040,SHIP_V_1639,47.23529411764706
SHIP_V_1415,sdv-id-kTevcG,Solar Panels,1539,120.0,472,SHIP_V_1415,11.825
SHIP_V_1965,sdv-id-FRSniW,Ready-made Garments,1356,8.5,1163,SHIP_V_1965,158.52941176470588
SHIP_V_1510,sdv-id-OcuMNb,Raw Jute,362,5.0,413,SHIP_V_1510,71.4
SHIP_V_1781,sdv-id-oGCUMn,Industrial Chemicals,1233,50.0,1045,SHIP_V_1781,23.66
SHIP_V_1891,sdv-id-xLvthi,Smartphones,114,300.0,319,SHIP_V_1891,-0.62
SHIP_V_1612,sdv-id-kXkqbK,Industrial Chemicals,1362,50.0,1297,SHIP_V_1612,26.24
SHIP_V_1775,sdv-id-MTCfIJ,Raw Jute,699,5.0,722,SHIP_V_1775,138.8
SHIP_V_1011,sdv-id-MLsdjH,Industrial Chemicals,1191,50.0,1517,SHIP_V_1011,22.82
SHIP_V_1707,sdv-id-zPQTbX,Smartphones,461,300.0,1053,SHIP_V_1707,0.5366666666666666
SHIP_V_1700,sdv-id-bKOJuH,Industrial Chemicals,1534,50.0,574,SHIP_V_1700,29.68
SHIP_V_1977,sdv-id-JkMybE,Smartphones,437,300.0,404,SHIP_V_1977,0.4566666666666666
SHIP_V_1817,sdv-id-uAtvJV,Smartphones,624,300.0,1547,SHIP_V_1817,1.08
SHIP_V_1869,sdv-id-VzkJbo,Solar Panels,112,120.0,1268,SHIP_V_1869,-0.0666666666666666
SHIP_V_1619,sdv-id-JqUhwJ,Smartphones,2227,300.0,139,SHIP_V_1619,6.423333333333333
SHIP_V_1331,sdv-id-PHNwnL,Ready-made Garments,615,8.5,1377,SHIP_V_1331,71.3529411764706
SHIP_V_1227,sdv-id-Ikydfw,Smartphones,124,300.0,1256,SHIP_V_1227,-0.5866666666666667
SHIP_V_1666,sdv-id-UBEKjZ,Smartphones,172,300.0,293,SHIP_V_1666,-0.4266666666666667
SHIP_V_1175,sdv-id-kIQqlX,Ready-made Garments,591,8.5,155,SHIP_V_1175,68.52941176470588
SHIP_V_1818,sdv-id-rTrext,Smartphones,1776,300.0,1982,SHIP_V_1818,4.92
SHIP_V_1194,sdv-id-VbdtSA,Industrial Chemicals,57,50.0,544,SHIP_V_1194,0.14
SHIP_V_1279,sdv-id-Fajfri,Raw Jute,2588,5.0,974,SHIP_V_1279,516.6
SHIP_V_1833,sdv-id-eTtfew,Solar Panels,46,120.0,1662,SHIP_V_1833,-0.6166666666666667
SHIP_V_1388,sdv-id-PgCEdj,Ready-made Garments,218,8.5,1119,SHIP_V_1388,24.647058823529413
SHIP_V_1089,sdv-id-TKxOqm,Solar Panels,21,120.0,587,SHIP_V_1089,-0.825
SHIP_V_1317,sdv-id-KmZgIM,Smartphones,34,300.0,1101,SHIP_V_1317,-0.8866666666666667
SHIP_V_1083,sdv-id-JIVsQS,Industrial Chemicals,148,50.0,642,SHIP_V_1083,1.96
SHIP_V_1083,sdv-id-uinDPJ,Raw Jute,427,5.0,609,SHIP_V_1083,84.4
SHIP_V_1979,sdv-id-gDKERg,Raw Jute,2745,5.0,144,SHIP_V_1979,548.0
SHIP_V_1047,sdv-id-AhlRvT,Industrial Chemicals,1683,50.0,1315,SHIP_V_1047,32.66
SHIP_V_1525,sdv-id-IbQati,Solar Panels,1249,120.0,1199,SHIP_V_1525,9.408333333333331
SHIP_V_1603,sdv-id-qlJHYf,Smartphones,987,300.0,1200,SHIP_V_1603,2.29
SHIP_V_1120,sdv-id-ZDuQlB,Ready-made Garments,1016,8.5,661,SHIP_V_1120,118.52941176470588
SHIP_V_1175,sdv-id-kZHOIp,Solar Panels,355,120.0,281,SHIP_V_1175,1.9583333333333333
SHIP_V_1614,sdv-id-IdXGMn,Ready-made Garments,468,8.5,1975,SHIP_V_1614,54.05882352941177
SHIP_V_1595,sdv-id-wQMUaH,Ready-made Garments,2557,8.5,190,SHIP_V_1595,299.8235294117647
SHIP_V_1873,sdv-id-EHycRa,Smartphones,215,300.0,560,SHIP_V_1873,-0.2833333333333333
SHIP_V_1505,sdv-id-byzidC,Ready-made Garments,1485,8.5,1316,SHIP_V_1505,173.7058823529412
SHIP_V_1507,sdv-id-qMZJCA,Ready-made Garments,560,8.5,1164,SHIP_V_1507,64.88235294117646
SHIP_V_1056,sdv-id-FPdxsi,Raw Jute,1851,5.0,109,SHIP_V_1056,369.2
SHIP_V_1316,sdv-id-ATDlpb,Ready-made Garments,261,8.5,1059,SHIP_V_1316,29.705882352941178
SHIP_V_1049,sdv-id-KsgjPQ,Solar Panels,257,120.0,1930,SHIP_V_1049,1.1416666666666666
SHIP_V_1399,sdv-id-vNZhve,Ready-made Garments,366,8.5,872,SHIP_V_1399,42.05882352941177
SHIP_V_1333,sdv-id-ObMcHD,Ready-made Garments,920,8.5,1809,SHIP_V_1333,107.23529411764706
SHIP_V_1597,sdv-id-sIsPaT,Solar Panels,15,120.0,136,SHIP_V_1597,-0.875
SHIP_V_1521,sdv-id-sBBVpJ,Ready-made Garments,539,8.5,1456,SHIP_V_1521,62.411764705882355
SHIP_V_1094,sdv-id-JVCsiv,Raw Jute,744,5.0,1406,SHIP_V_1094,147.8
SHIP_V_1000,sdv-id-cXGFdB,Ready-made Garments,976,8.5,1393,SHIP_V_1000,113.82352941176472
SHIP_V_1343,sdv-id-wbTvaI,Smartphones,887,300.0,1827,SHIP_V_1343,1.9566666666666668
SHIP_V_1632,sdv-id-IuEZzE,Raw Jute,533,5.0,976,SHIP_V_1632,105.6
SHIP_V_1124,sdv-id-hvSAsc,Smartphones,163,300.0,430,SHIP_V_1124,-0.4566666666666666
SHIP_V_1270,sdv-id-KpHWRb,Smartphones,21,300.0,1949,SHIP_V_1270,-0.93
SHIP_V_1090,sdv-id-CQaGmy,Ready-made Garments,1636,8.5,730,SHIP_V_1090,191.47058823529412
SHIP_V_1785,sdv-id-RWyhxT,Industrial Chemicals,387,50.0,1209,SHIP_V_1785,6.74
SHIP_V_1643,sdv-id-uMFegd,Industrial Chemicals,1427,50.0,511,SHIP_V_1643,27.54
SHIP_V_1627,sdv-id-OdkFbH,Industrial Chemicals,1367,50.0,1355,SHIP_V_1627,26.34
SHIP_V_1821,sdv-id-dISqVP,Raw Jute,1051,5.0,1826,SHIP_V_1821,209.2
SHIP_V_1767,sdv-id-hWyOIS,Smartphones,911,300.0,142,SHIP_V_1767,2.036666666666666
SHIP_V_1895,sdv-id-duoDMw,Ready-made Garments,1260,8.5,1407,SHIP_V_1895,147.23529411764707
SHIP_V_1084,sdv-id-Bjcnys,Smartphones,58,300.0,1518,SHIP_V_1084,-0.8066666666666666
SHIP_V_1003,sdv-id-gXKetQ,Smartphones,284,300.0,1793,SHIP_V_1003,-0.0533333333333333
SHIP_V_1649,sdv-id-rBBJoe,Ready-made Garments,475,8.5,1419,SHIP_V_1649,54.88235294117647
SHIP_V_1181,sdv-id-jMFJaP,Industrial Chemicals,138,50.0,1117,SHIP_V_1181,1.76
SHIP_V_1684,sdv-id-fAXYnA,Smartphones,322,300.0,1040,SHIP_V_1684,0.0733333333333333
SHIP_V_1263,sdv-id-FVrUEU,Industrial Chemicals,1289,50.0,489,SHIP_V_1263,24.78
SHIP_V_1385,sdv-id-aIxwqU,Smartphones,598,300.0,889,SHIP_V_1385,0.9933333333333332
SHIP_V_1190,sdv-id-kHzsrE,Industrial Chemicals,624,50.0,1330,SHIP_V_1190,11.48
SHIP_V_1329,sdv-id-XbNnlJ,Smartphones,430,300.0,1152,SHIP_V_1329,0.4333333333333333
SHIP_V_1897,sdv-id-dtkUSz,Ready-made Garments,1722,8.5,804,SHIP_V_1897,201.58823529411765
SHIP_V_1374,sdv-id-dsnJSQ,Smartphones,465,300.0,195,SHIP_V_1374,0.55
SHIP_V_1117,sdv-id-pAbXRB,Ready-made Garments,633,8.5,368,SHIP_V_1117,73.47058823529412
SHIP_V_1794,sdv-id-duJNlq,Smartphones,1209,300.0,811,SHIP_V_1794,3.03
SHIP_V_1243,sdv-id-czLzTj,Solar Panels,910,120.0,1274,SHIP_V_1243,6.583333333333333
SHIP_V_1188,sdv-id-HnCcdq,Ready-made Garments,45,8.5,1694,SHIP_V_1188,4.294117647058823
SHIP_V_1862,sdv-id-OapwwN,Industrial Chemicals,988,50.0,1001,SHIP_V_1862,18.76
SHIP_V_1492,sdv-id-Azztpc,Industrial Chemicals,374,50.0,1138,SHIP_V_1492,6.48
SHIP_V_1215,sdv-id-CJqBIa,Industrial Chemicals,149,50.0,1582,SHIP_V_1215,1.98
SHIP_V_1494,sdv-id-EpBShp,Solar Panels,1248,120.0,1867,SHIP_V_1494,9.4
SHIP_V_1679,sdv-id-xLuKsS,Solar Panels,1678,120.0,1421,SHIP_V_1679,12.983333333333333
SHIP_V_1357,sdv-id-pLOtyD,Raw Jute,954,5.0,534,SHIP_V_1357,189.8
SHIP_V_1397,sdv-id-pVfTYM,Industrial Chemicals,1638,50.0,514,SHIP_V_1397,31.76
SHIP_V_1934,sdv-id-pVubTc,Ready-made Garments,808,8.5,1919,SHIP_V_1934,94.05882352941175
SHIP_V_1217,sdv-id-saCOkb,Ready-made Garments,1537,8.5,171,SHIP_V_1217,179.8235294117647
SHIP_V_1113,sdv-id-ibMNGP,Smartphones,253,300.0,576,SHIP_V_1113,-0.1566666666666666
SHIP_V_1229,sdv-id-TFQyZU,Smartphones,63,300.0,1166,SHIP_V_1229,-0.79
SHIP_V_1273,sdv-id-HYYpan,Raw Jute,61,5.0,1988,SHIP_V_1273,11.2
SHIP_V_1459,sdv-id-hSqrfT,Smartphones,12,300.0,1676,SHIP_V_1459,-0.96
SHIP_V_1728,sdv-id-FdKFkx,Industrial Chemicals,870,50.0,360,SHIP_V_1728,16.4
SHIP_V_1888,sdv-id-FaiKKV,Smartphones,786,300.0,1402,SHIP_V_1888,1.62
SHIP_V_1082,sdv-id-ofhfdf,Industrial Chemicals,714,50.0,649,SHIP_V_1082,13.28
SHIP_V_1852,sdv-id-Nniict,Ready-made Garments,804,8.5,1439,SHIP_V_1852,93.58823529411764
SHIP_V_1589,sdv-id-KUuRvW,Smartphones,1049,300.0,384,SHIP_V_1589,2.4966666666666666
SHIP_V_1009,sdv-id-UuKuDi,Smartphones,7,300.0,1881,SHIP_V_1009,-0.9766666666666668
SHIP_V_1159,sdv-id-EEuudq,Industrial Chemicals,974,50.0,1017,SHIP_V_1159,18.48
SHIP_V_1166,sdv-id-Vafwyn,Raw Jute,110,5.0,1067,SHIP_V_1166,21.0
SHIP_V_1928,sdv-id-PNURAY,Smartphones,593,300.0,1595,SHIP_V_1928,0.9766666666666668
SHIP_V_1251,sdv-id-JQcIig,Smartphones,31,300.0,756,SHIP_V_1251,-0.8966666666666666
SHIP_V_1204,sdv-id-fvprxl,Ready-made Garments,131,8.5,724,SHIP_V_1204,14.411764705882351
SHIP_V_1769,sdv-id-aSPjmL,Raw Jute,132,5.0,1606,SHIP_V_1769,25.4
SHIP_V_1965,sdv-id-mVlAMx,Ready-made Garments,148,8.5,1099,SHIP_V_1965,16.41176470588235
SHIP_V_1781,sdv-id-wrsCOe,Industrial Chemicals,789,50.0,1114,SHIP_V_1781,14.78
SHIP_V_1728,sdv-id-UylZHs,Smartphones,457,300.0,1078,SHIP_V_1728,0.5233333333333333
SHIP_V_1192,sdv-id-vlsEbY,Industrial Chemicals,369,50.0,1236,SHIP_V_1192,6.38
SHIP_V_1761,sdv-id-fDmVAc,Solar Panels,155,120.0,1756,SHIP_V_1761,0.2916666666666667
SHIP_V_1247,sdv-id-bFhTsV,Industrial Chemicals,964,50.0,220,SHIP_V_1247,18.28
SHIP_V_1589,sdv-id-xJlFfk,Solar Panels,77,120.0,991,SHIP_V_1589,-0.3583333333333333
SHIP_V_1828,sdv-id-kexuNN,Smartphones,625,300.0,1208,SHIP_V_1828,1.0833333333333333
SHIP_V_1012,sdv-id-OEeOUM,Smartphones,546,300.0,480,SHIP_V_1012,0.82
SHIP_V_1087,sdv-id-JcfqxU,Raw Jute,1655,5.0,1826,SHIP_V_1087,330.0
SHIP_V_1899,sdv-id-OcPUaI,Raw Jute,556,5.0,1563,SHIP_V_1899,110.2
SHIP_V_1141,sdv-id-etTfVX,Raw Jute,850,5.0,1042,SHIP_V_1141,169.0
SHIP_V_1138,sdv-id-ZZbiVb,Smartphones,402,300.0,1560,SHIP_V_1138,0.34
SHIP_V_1843,sdv-id-ZOeGqX,Industrial Chemicals,2389,50.0,509,SHIP_V_1843,46.78
SHIP_V_1112,sdv-id-ivQkdW,Raw Jute,100,5.0,1801,SHIP_V_1112,19.0
SHIP_V_1592,sdv-id-qEmmdF,Raw Jute,1274,5.0,722,SHIP_V_1592,253.8
SHIP_V_1506,sdv-id-cSnJHd,Solar Panels,291,120.0,797,SHIP_V_1506,1.425
SHIP_V_1775,sdv-id-rbFjVo,Industrial Chemicals,819,50.0,1263,SHIP_V_1775,15.38
SHIP_V_1259,sdv-id-UlhNpC,Ready-made Garments,247,8.5,247,SHIP_V_1259,28.058823529411764
SHIP_V_1215,sdv-id-WXRXRp,Smartphones,1250,300.0,1077,SHIP_V_1215,3.1666666666666665
SHIP_V_1271,sdv-id-kQgqku,Industrial Chemicals,1076,50.0,166,SHIP_V_1271,20.52
SHIP_V_1553,sdv-id-bWhVxQ,Industrial Chemicals,768,50.0,1874,SHIP_V_1553,14.36
SHIP_V_1774,sdv-id-dODobP,Smartphones,2313,300.0,679,SHIP_V_1774,6.71
SHIP_V_1988,sdv-id-utsThU,Industrial Chemicals,708,50.0,615,SHIP_V_1988,13.16
SHIP_V_1735,sdv-id-CbHMeR,Industrial Chemicals,372,50.0,1991,SHIP_V_1735,6.44
SHIP_V_1488,sdv-id-hRrkbL,Industrial Chemicals,1384,50.0,373,SHIP_V_1488,26.68
SHIP_V_1006,sdv-id-BfJfEP,Industrial Chemicals,489,50.0,1228,SHIP_V_1006,8.78
SHIP_V_1879,sdv-id-LgOSNt,Industrial Chemicals,1498,50.0,663,SHIP_V_1879,28.96
SHIP_V_1822,sdv-id-Khqpsx,Ready-made Garments,606,8.5,897,SHIP_V_1822,70.29411764705883
SHIP_V_1391,sdv-id-atlgkA,Ready-made Garments,1203,8.5,1642,SHIP_V_1391,140.52941176470588
SHIP_V_1994,sdv-id-UMlEqx,Raw Jute,2057,5.0,234,SHIP_V_1994,410.4
SHIP_V_1994,sdv-id-KjQZqH,Raw Jute,158,5.0,1613,SHIP_V_1994,30.6
SHIP_V_1184,sdv-id-hxjQhx,Industrial Chemicals,1937,50.0,215,SHIP_V_1184,37.74
SHIP_V_1029,sdv-id-KVKlau,Smartphones,730,300.0,403,SHIP_V_1029,1.4333333333333331
SHIP_V_1351,sdv-id-lrzcsL,Industrial Chemicals,758,50.0,718,SHIP_V_1351,14.16
SHIP_V_1105,sdv-id-SzKwql,Smartphones,515,300.0,1001,SHIP_V_1105,0.7166666666666667
SHIP_V_1462,sdv-id-gRBTIW,Smartphones,33,300.0,751,SHIP_V_1462,-0.89
SHIP_V_1707,sdv-id-EczmzU,Industrial Chemicals,1026,50.0,429,SHIP_V_1707,19.52
SHIP_V_1176,sdv-id-psBmPM,Industrial Chemicals,53,50.0,535,SHIP_V_1176,0.06
SHIP_V_1603,sdv-id-tNxqUk,Smartphones,395,300.0,1858,SHIP_V_1603,0.3166666666666666
SHIP_V_1037,sdv-id-jamIeK,Solar Panels,197,120.0,693,SHIP_V_1037,0.6416666666666667
SHIP_V_1742,sdv-id-gXzZGw,Industrial Chemicals,880,50.0,1610,SHIP_V_1742,16.6
SHIP_V_1963,sdv-id-RAWlFe,Smartphones,355,300.0,1929,SHIP_V_1963,0.1833333333333333
SHIP_V_1195,sdv-id-FqaLHM,Raw Jute,1624,5.0,481,SHIP_V_1195,323.8
SHIP_V_1715,sdv-id-cLEFXr,Raw Jute,869,5.0,466,SHIP_V_1715,172.8
SHIP_V_1953,sdv-id-oQLtFb,Ready-made Garments,96,8.5,512,SHIP_V_1953,10.294117647058824
SHIP_V_1265,sdv-id-rYQYEe,Ready-made Garments,261,8.5,1805,SHIP_V_1265,29.705882352941178
SHIP_V_1306,sdv-id-weYDNV,Raw Jute,959,5.0,1905,SHIP_V_1306,190.8
SHIP_V_1023,sdv-id-fbdXHi,Raw Jute,196,5.0,1148,SHIP_V_1023,38.2
SHIP_V_1064,sdv-id-mzsLdP,Industrial Chemicals,798,50.0,1300,SHIP_V_1064,14.96
SHIP_V_1763,sdv-id-OZLVsu,Smartphones,1512,300.0,1081,SHIP_V_1763,4.04
SHIP_V_1616,sdv-id-oXycBS,Smartphones,88,300.0,390,SHIP_V_1616,-0.7066666666666667
SHIP_V_1362,sdv-id-cJDlmK,Solar Panels,1422,120.0,1443,SHIP_V_1362,10.85
SHIP_V_1793,sdv-id-WLYCWO,Smartphones,323,300.0,1406,SHIP_V_1793,0.0766666666666666
SHIP_V_1901,sdv-id-QjGyBw,Industrial Chemicals,195,50.0,893,SHIP_V_1901,2.9
SHIP_V_1165,sdv-id-DGolMZ,Solar Panels,269,120.0,696,SHIP_V_1165,1.2416666666666667
SHIP_V_1420,sdv-id-EnzjwN,Industrial Chemicals,438,50.0,1710,SHIP_V_1420,7.76
SHIP_V_1922,sdv-id-spBVUD,Industrial Chemicals,334,50.0,1865,SHIP_V_1922,5.68
SHIP_V_1157,sdv-id-BwoOkf,Industrial Chemicals,1093,50.0,427,SHIP_V_1157,20.86
SHIP_V_1139,sdv-id-bQOHZh,Raw Jute,554,5.0,1952,SHIP_V_1139,109.8
SHIP_V_1135,sdv-id-XOwTMw,Solar Panels,700,120.0,1883,SHIP_V_1135,4.833333333333333
SHIP_V_1992,sdv-id-ijpeNb,Raw Jute,240,5.0,1174,SHIP_V_1992,47.0
SHIP_V_1854,sdv-id-ZYNCmy,Smartphones,483,300.0,1677,SHIP_V_1854,0.61
SHIP_V_1919,sdv-id-HwIOrS,Raw Jute,18,5.0,1756,SHIP_V_1919,2.6
SHIP_V_1848,sdv-id-uNembC,Ready-made Garments,159,8.5,913,SHIP_V_1848,17.705882352941178
SHIP_V_1451,sdv-id-RSXwhv,Raw Jute,335,5.0,1355,SHIP_V_1451,66.0
SHIP_V_1287,sdv-id-HwQCSL,Raw Jute,403,5.0,1338,SHIP_V_1287,79.6
SHIP_V_1807,sdv-id-BSVaTT,Raw Jute,780,5.0,1647,SHIP_V_1807,155.0
SHIP_V_1685,sdv-id-ALoffC,Smartphones,1187,300.0,500,SHIP_V_1685,2.9566666666666666
SHIP_V_1563,sdv-id-SOGoUB,Industrial Chemicals,195,50.0,1987,SHIP_V_1563,2.9
SHIP_V_1536,sdv-id-uCNmbn,Smartphones,80,300.0,1492,SHIP_V_1536,-0.7333333333333333
SHIP_V_1523,sdv-id-kOeuDw,Solar Panels,195,120.0,1555,SHIP_V_1523,0.625
SHIP_V_1067,sdv-id-PwKyct,Industrial Chemicals,728,50.0,511,SHIP_V_1067,13.56
SHIP_V_1570,sdv-id-kDFTxq,Smartphones,838,300.0,1381,SHIP_V_1570,1.7933333333333332
SHIP_V_1867,sdv-id-ALaEUN,Raw Jute,635,5.0,1136,SHIP_V_1867,126.0
SHIP_V_1084,sdv-id-miCWdm,Smartphones,330,300.0,1567,SHIP_V_1084,0.1
SHIP_V_1815,sdv-id-VXVLwJ,Industrial Chemicals,2335,50.0,1181,SHIP_V_1815,45.7
SHIP_V_1940,sdv-id-qVThno,Smartphones,1007,300.0,1513,SHIP_V_1940,2.3566666666666665
SHIP_V_1469,sdv-id-PZERjd,Smartphones,976,300.0,213,SHIP_V_1469,2.2533333333333334
SHIP_V_1572,sdv-id-lRsYCH,Solar Panels,508,120.0,1152,SHIP_V_1572,3.2333333333333334
SHIP_V_1623,sdv-id-ffbxfc,Industrial Chemicals,1133,50.0,1445,SHIP_V_1623,21.66
SHIP_V_1657,sdv-id-XnjWSW,Smartphones,845,300.0,542,SHIP_V_1657,1.8166666666666669
SHIP_V_1769,sdv-id-IWPNnC,Smartphones,1312,300.0,1711,SHIP_V_1769,3.3733333333333335
SHIP_V_1767,sdv-id-TdnKSS,Raw Jute,1586,5.0,1161,SHIP_V_1767,316.2
SHIP_V_1362,sdv-id-JTrQYD,Industrial Chemicals,1456,50.0,141,SHIP_V_1362,28.12
SHIP_V_1629,sdv-id-XyGzCr,Industrial Chemicals,642,50.0,394,SHIP_V_1629,11.84
SHIP_V_1678,sdv-id-AFLZZU,Smartphones,280,300.0,671,SHIP_V_1678,-0.0666666666666666
SHIP_V_1032,sdv-id-ACVxUx,Industrial Chemicals,670,50.0,1075,SHIP_V_1032,12.4
SHIP_V_1446,sdv-id-trOmQH,Ready-made Garments,164,8.5,1627,SHIP_V_1446,18.294117647058822
SHIP_V_1374,sdv-id-vJmGeR,Smartphones,215,300.0,1874,SHIP_V_1374,-0.2833333333333333
SHIP_V_1890,sdv-id-purTcC,Ready-made Garments,1354,8.5,216,SHIP_V_1890,158.2941176470588
SHIP_V_1062,sdv-id-OKKfIp,Ready-made Garments,724,8.5,715,SHIP_V_1062,84.17647058823529
SHIP_V_1056,sdv-id-YSZGFi,Smartphones,352,300.0,1775,SHIP_V_1056,0.1733333333333333
SHIP_V_1059,sdv-id-nYsVGt,Smartphones,247,300.0,553,SHIP_V_1059,-0.1766666666666666
SHIP_V_1724,sdv-id-fHsBla,Ready-made Garments,871,8.5,123,SHIP_V_1724,101.47058823529412
SHIP_V_1965,sdv-id-hpjuTH,Smartphones,565,300.0,1087,SHIP_V_1965,0.8833333333333333
SHIP_V_1129,sdv-id-mGgxSZ,Ready-made Garments,2068,8.5,201,SHIP_V_1129,242.2941176470588
SHIP_V_1453,sdv-id-rtpkDq,Solar Panels,189,120.0,1351,SHIP_V_1453,0.575
SHIP_V_1266,sdv-id-UpcpMW,Industrial Chemicals,293,50.0,506,SHIP_V_1266,4.86
SHIP_V_1508,sdv-id-nxVVFI,Solar Panels,343,120.0,1649,SHIP_V_1508,1.8583333333333336
SHIP_V_1460,sdv-id-jZuZDB,Solar Panels,1389,120.0,1534,SHIP_V_1460,10.575
SHIP_V_1063,sdv-id-ecNEkQ,Raw Jute,123,5.0,1402,SHIP_V_1063,23.6
SHIP_V_1970,sdv-id-uPmdRs,Solar Panels,1216,120.0,1359,SHIP_V_1970,9.133333333333333
SHIP_V_1202,sdv-id-eXokGn,Smartphones,848,300.0,580,SHIP_V_1202,1.8266666666666669
SHIP_V_1866,sdv-id-Hiwejm,Ready-made Garments,655,8.5,525,SHIP_V_1866,76.05882352941177
SHIP_V_1493,sdv-id-mnYvUb,Smartphones,893,300.0,344,SHIP_V_1493,1.9766666666666663
SHIP_V_1146,sdv-id-dyDMiK,Solar Panels,1065,120.0,1178,SHIP_V_1146,7.875
SHIP_V_1858,sdv-id-ZHmlCA,Solar Panels,1486,120.0,1695,SHIP_V_1858,11.383333333333333
SHIP_V_1364,sdv-id-uMksGT,Raw Jute,415,5.0,766,SHIP_V_1364,82.0
SHIP_V_1944,sdv-id-TuXSXo,Smartphones,1088,300.0,359,SHIP_V_1944,2.6266666666666665
SHIP_V_1963,sdv-id-VlVrDA,Solar Panels,438,120.0,1507,SHIP_V_1963,2.65
SHIP_V_1805,sdv-id-DTTEVj,Ready-made Garments,1105,8.5,540,SHIP_V_1805,129.0
SHIP_V_1097,sdv-id-ChmbNW,Smartphones,959,300.0,1165,SHIP_V_1097,2.1966666666666668
SHIP_V_1601,sdv-id-zLLSIW,Smartphones,420,300.0,1571,SHIP_V_1601,0.4
SHIP_V_1426,sdv-id-RiiFUE,Solar Panels,729,120.0,1766,SHIP_V_1426,5.075
SHIP_V_1820,sdv-id-PTZQpG,Industrial Chemicals,1294,50.0,1406,SHIP_V_1820,24.88
SHIP_V_1392,sdv-id-gxibGi,Raw Jute,984,5.0,535,SHIP_V_1392,195.8
SHIP_V_1820,sdv-id-EgmGpv,Industrial Chemicals,1743,50.0,217,SHIP_V_1820,33.86
SHIP_V_1205,sdv-id-LPvOrB,Ready-made Garments,811,8.5,592,SHIP_V_1205,94.41176470588236
SHIP_V_1610,sdv-id-omCkHb,Smartphones,279,300.0,1402,SHIP_V_1610,-0.07
SHIP_V_1775,sdv-id-gQtsah,Solar Panels,2146,120.0,1696,SHIP_V_1775,16.883333333333333
SHIP_V_1177,sdv-id-IMxHQN,Smartphones,849,300.0,705,SHIP_V_1177,1.83
SHIP_V_1654,sdv-id-tSbaiL,Smartphones,1296,300.0,1352,SHIP_V_1654,3.32
SHIP_V_1192,sdv-id-VUKZEy,Smartphones,1417,300.0,102,SHIP_V_1192,3.723333333333333
SHIP_V_1400,sdv-id-liQwyo,Ready-made Garments,1329,8.5,146,SHIP_V_1400,155.35294117647058
SHIP_V_1219,sdv-id-esqEAw,Industrial Chemicals,294,50.0,1060,SHIP_V_1219,4.88
SHIP_V_1453,sdv-id-tYumjp,Raw Jute,98,5.0,1781,SHIP_V_1453,18.6
SHIP_V_1444,sdv-id-sVVbWr,Solar Panels,831,120.0,1012,SHIP_V_1444,5.925
SHIP_V_1095,sdv-id-eFrROZ,Industrial Chemicals,1314,50.0,721,SHIP_V_1095,25.28
SHIP_V_1631,sdv-id-mRoJcK,Ready-made Garments,59,8.5,1915,SHIP_V_1631,5.9411764705882355
SHIP_V_1599,sdv-id-hwkcbw,Solar Panels,483,120.0,1944,SHIP_V_1599,3.025
SHIP_V_1403,sdv-id-PBBHDV,Smartphones,1516,300.0,1541,SHIP_V_1403,4.053333333333334
SHIP_V_1851,sdv-id-KKYsSb,Ready-made Garments,7,8.5,696,SHIP_V_1851,-0.1764705882352941
SHIP_V_1253,sdv-id-LejDXW,Smartphones,1209,300.0,177,SHIP_V_1253,3.03
SHIP_V_1341,sdv-id-dapxZn,Industrial Chemicals,319,50.0,394,SHIP_V_1341,5.38
SHIP_V_1337,sdv-id-EkuDpP,Industrial Chemicals,196,50.0,194,SHIP_V_1337,2.92
SHIP_V_1530,sdv-id-WljbAj,Smartphones,382,300.0,120,SHIP_V_1530,0.2733333333333333
SHIP_V_1476,sdv-id-xcplbm,Industrial Chemicals,1718,50.0,1572,SHIP_V_1476,33.36
SHIP_V_1225,sdv-id-iSVJVJ,Raw Jute,1527,5.0,561,SHIP_V_1225,304.4
SHIP_V_1687,sdv-id-zcGnmg,Raw Jute,1642,5.0,685,SHIP_V_1687,327.4
SHIP_V_1283,sdv-id-eaedZo,Smartphones,236,300.0,719,SHIP_V_1283,-0.2133333333333333
SHIP_V_1360,sdv-id-Udpazp,Solar Panels,455,120.0,1639,SHIP_V_1360,2.7916666666666665
SHIP_V_1504,sdv-id-XYMsik,Smartphones,1556,300.0,285,SHIP_V_1504,4.1866666666666665
SHIP_V_1261,sdv-id-MHNpsq,Ready-made Garments,15,8.5,1782,SHIP_V_1261,0.7647058823529411
SHIP_V_1251,sdv-id-JGWoBX,Ready-made Garments,1090,8.5,684,SHIP_V_1251,127.23529411764706
SHIP_V_1608,sdv-id-awLseA,Ready-made Garments,880,8.5,375,SHIP_V_1608,102.52941176470588
SHIP_V_1867,sdv-id-AdnwHe,Raw Jute,2042,5.0,916,SHIP_V_1867,407.4
SHIP_V_1993,sdv-id-CQsfnR,Smartphones,354,300.0,1402,SHIP_V_1993,0.18
SHIP_V_1198,sdv-id-xQzzvN,Solar Panels,79,120.0,1016,SHIP_V_1198,-0.3416666666666667
SHIP_V_1882,sdv-id-OYObiq,Raw Jute,359,5.0,494,SHIP_V_1882,70.8
SHIP_V_1173,sdv-id-tWjMLk,Raw Jute,396,5.0,386,SHIP_V_1173,78.2
SHIP_V_1028,sdv-id-kSrhWG,Ready-made Garments,516,8.5,336,SHIP_V_1028,59.705882352941174
SHIP_V_1454,sdv-id-WOoQQJ,Industrial Chemicals,714,50.0,853,SHIP_V_1454,13.28
SHIP_V_1385,sdv-id-nanXTX,Solar Panels,114,120.0,1906,SHIP_V_1385,-0.05
SHIP_V_1599,sdv-id-YjdBcw,Smartphones,466,300.0,1626,SHIP_V_1599,0.5533333333333333
SHIP_V_1905,sdv-id-Uhtecs,Raw Jute,1072,5.0,885,SHIP_V_1905,213.4
SHIP_V_1863,sdv-id-OJjczl,Smartphones,107,300.0,1859,SHIP_V_1863,-0.6433333333333333
SHIP_V_1474,sdv-id-LzrMsk,Ready-made Garments,1112,8.5,1101,SHIP_V_1474,129.8235294117647
SHIP_V_1154,sdv-id-jXgGtv,Raw Jute,53,5.0,1125,SHIP_V_1154,9.6
SHIP_V_1768,sdv-id-NAATCe,Industrial Chemicals,855,50.0,1455,SHIP_V_1768,16.1
SHIP_V_1608,sdv-id-kPEmbX,Raw Jute,261,5.0,987,SHIP_V_1608,51.2
SHIP_V_1560,sdv-id-uvYGVO,Raw Jute,631,5.0,1733,SHIP_V_1560,125.2
SHIP_V_1111,sdv-id-SeHbOt,Ready-made Garments,215,8.5,1303,SHIP_V_1111,24.294117647058822
SHIP_V_1173,sdv-id-vPjuGO,Solar Panels,836,120.0,1450,SHIP_V_1173,5.966666666666667
SHIP_V_1928,sdv-id-dgsRJw,Ready-made Garments,571,8.5,482,SHIP_V_1928,66.17647058823529
SHIP_V_1160,sdv-id-CicaHJ,Solar Panels,463,120.0,1132,SHIP_V_1160,2.8583333333333334
SHIP_V_1361,sdv-id-XIkJBq,Smartphones,417,300.0,666,SHIP_V_1361,0.39
SHIP_V_1645,sdv-id-xjvNpf,Smartphones,368,300.0,1292,SHIP_V_1645,0.2266666666666666
SHIP_V_1170,sdv-id-DHmMkA,Solar Panels,170,120.0,202,SHIP_V_1170,0.4166666666666667
SHIP_V_1857,sdv-id-GyTPbj,Industrial Chemicals,2520,50.0,318,SHIP_V_1857,49.4
SHIP_V_1983,sdv-id-IQnjkm,Smartphones,396,300.0,1116,SHIP_V_1983,0.32
SHIP_V_1842,sdv-id-EkqtkJ,Ready-made Garments,719,8.5,1571,SHIP_V_1842,83.58823529411765
SHIP_V_1127,sdv-id-nzqQRO,Raw Jute,1003,5.0,1790,SHIP_V_1127,199.6
SHIP_V_1164,sdv-id-sdUIlp,Raw Jute,711,5.0,1306,SHIP_V_1164,141.2
SHIP_V_1529,sdv-id-xDkoMG,Smartphones,594,300.0,470,SHIP_V_1529,0.98
SHIP_V_1781,sdv-id-FUbxrS,Solar Panels,122,120.0,360,SHIP_V_1781,0.0166666666666666
SHIP_V_1675,sdv-id-sIJkwC,Industrial Chemicals,1398,50.0,1590,SHIP_V_1675,26.96
SHIP_V_1841,sdv-id-oDefZv,Smartphones,1731,300.0,640,SHIP_V_1841,4.77
SHIP_V_1870,sdv-id-SiCiGj,Industrial Chemicals,1548,50.0,1348,SHIP_V_1870,29.96
SHIP_V_1736,sdv-id-RBYMvi,Industrial Chemicals,1053,50.0,1825,SHIP_V_1736,20.06
SHIP_V_1891,sdv-id-ICSLRO,Ready-made Garments,892,8.5,397,SHIP_V_1891,103.94117647058825
SHIP_V_1174,sdv-id-qBZMrZ,Smartphones,1858,300.0,1795,SHIP_V_1174,5.193333333333333
SHIP_V_1566,sdv-id-UZBzxp,Ready-made Garments,1030,8.5,1536,SHIP_V_1566,120.17647058823528
SHIP_V_1104,sdv-id-aNKZJH,Industrial Chemicals,1155,50.0,334,SHIP_V_1104,22.1
SHIP_V_1813,sdv-id-aJRcOy,Ready-made Garments,507,8.5,1708,SHIP_V_1813,58.64705882352941
SHIP_V_1965,sdv-id-wlHeGj,Solar Panels,1750,120.0,1078,SHIP_V_1965,13.583333333333334
SHIP_V_1442,sdv-id-Tgdzvg,Smartphones,290,300.0,814,SHIP_V_1442,-0.0333333333333333
SHIP_V_1001,sdv-id-UhhYFl,Smartphones,678,300.0,299,SHIP_V_1001,1.26
SHIP_V_1758,sdv-id-DLLxWP,Ready-made Garments,8,8.5,1358,SHIP_V_1758,-0.0588235294117647
SHIP_V_1667,sdv-id-RiRcwc,Ready-made Garments,948,8.5,743,SHIP_V_1667,110.52941176470588
SHIP_V_1352,sdv-id-UiyMPu,Smartphones,1537,300.0,589,SHIP_V_1352,4.123333333333333
SHIP_V_1104,sdv-id-khxqjo,Ready-made Garments,1671,8.5,1832,SHIP_V_1104,195.58823529411765
SHIP_V_1540,sdv-id-xEZxVU,Solar Panels,349,120.0,1030,SHIP_V_1540,1.9083333333333337
SHIP_V_1629,sdv-id-WKSWhW,Raw Jute,778,5.0,430,SHIP_V_1629,154.6
SHIP_V_1522,sdv-id-JVrMfp,Industrial Chemicals,2100,50.0,588,SHIP_V_1522,41.0
SHIP_V_1885,sdv-id-sVwAtW,Ready-made Garments,32,8.5,680,SHIP_V_1885,2.764705882352941
SHIP_V_1919,sdv-id-IYRrmJ,Ready-made Garments,72,8.5,560,SHIP_V_1919,7.470588235294118
SHIP_V_1295,sdv-id-QiEWzp,Raw Jute,473,5.0,869,SHIP_V_1295,93.6
SHIP_V_1997,sdv-id-MbyNoe,Ready-made Garments,667,8.5,1125,SHIP_V_1997,77.47058823529412
SHIP_V_1474,sdv-id-XxTkQO,Industrial Chemicals,684,50.0,446,SHIP_V_1474,12.68
SHIP_V_1072,sdv-id-uECCYW,Ready-made Garments,1750,8.5,1546,SHIP_V_1072,204.8823529411765
SHIP_V_1785,sdv-id-JFPGsT,Ready-made Garments,594,8.5,1578,SHIP_V_1785,68.88235294117646
SHIP_V_1394,sdv-id-tsMfKy,Raw Jute,219,5.0,871,SHIP_V_1394,42.8
SHIP_V_1377,sdv-id-KSvOsx,Industrial Chemicals,1706,50.0,1837,SHIP_V_1377,33.12
SHIP_V_1404,sdv-id-iBsZWi,Industrial Chemicals,845,50.0,1542,SHIP_V_1404,15.9
SHIP_V_1844,sdv-id-mYciVp,Raw Jute,504,5.0,1721,SHIP_V_1844,99.8
SHIP_V_1331,sdv-id-XZuakr,Ready-made Garments,1266,8.5,121,SHIP_V_1331,147.94117647058823
SHIP_V_1445,sdv-id-BjbGGt,Ready-made Garments,849,8.5,161,SHIP_V_1445,98.88235294117646
SHIP_V_1774,sdv-id-iyFUMj,Smartphones,50,300.0,646,SHIP_V_1774,-0.8333333333333334
SHIP_V_1040,sdv-id-bnIXjz,Smartphones,305,300.0,1372,SHIP_V_1040,0.0166666666666666
SHIP_V_1595,sdv-id-fjRskl,Smartphones,489,300.0,1050,SHIP_V_1595,0.63
SHIP_V_1721,sdv-id-kXcjqa,Ready-made Garments,115,8.5,1124,SHIP_V_1721,12.529411764705882
SHIP_V_1901,sdv-id-nRWhnI,Smartphones,558,300.0,747,SHIP_V_1901,0.86
SHIP_V_1201,sdv-id-AmeNLb,Smartphones,1483,300.0,469,SHIP_V_1201,3.943333333333334
SHIP_V_1198,sdv-id-jOmJOI,Ready-made Garments,678,8.5,1885,SHIP_V_1198,78.76470588235294
SHIP_V_1810,sdv-id-XlCWKL,Solar Panels,252,120.0,1660,SHIP_V_1810,1.1
SHIP_V_1303,sdv-id-VdaAwZ,Smartphones,1652,300.0,446,SHIP_V_1303,4.506666666666667
SHIP_V_1283,sdv-id-WeoQUv,Raw Jute,1765,5.0,1419,SHIP_V_1283,352.0
SHIP_V_1177,sdv-id-VBJbPO,Ready-made Garments,966,8.5,1572,SHIP_V_1177,112.6470588235294
SHIP_V_1905,sdv-id-BTzfrl,Solar Panels,795,120.0,1354,SHIP_V_1905,5.625
SHIP_V_1257,sdv-id-lLLXQK,Raw Jute,516,5.0,1803,SHIP_V_1257,102.2
SHIP_V_1108,sdv-id-GCiCpV,Smartphones,926,300.0,417,SHIP_V_1108,2.0866666666666664
SHIP_V_1542,sdv-id-eSnoYH,Ready-made Garments,87,8.5,1063,SHIP_V_1542,9.235294117647058
SHIP_V_1955,sdv-id-QpBuMw,Ready-made Garments,2232,8.5,283,SHIP_V_1955,261.5882352941176
SHIP_V_1177,sdv-id-eBCfSx,Solar Panels,43,120.0,1658,SHIP_V_1177,-0.6416666666666667
SHIP_V_1431,sdv-id-APxfMl,Smartphones,708,300.0,608,SHIP_V_1431,1.36
SHIP_V_1714,sdv-id-vBeuST,Industrial Chemicals,483,50.0,436,SHIP_V_1714,8.66
SHIP_V_1260,sdv-id-nVoayV,Smartphones,1974,300.0,104,SHIP_V_1260,5.58
SHIP_V_1121,sdv-id-LgbEun,Industrial Chemicals,269,50.0,1797,SHIP_V_1121,4.38
SHIP_V_1174,sdv-id-UzEKZr,Industrial Chemicals,535,50.0,1917,SHIP_V_1174,9.7
SHIP_V_1227,sdv-id-xvdmSw,Smartphones,870,300.0,233,SHIP_V_1227,1.9
SHIP_V_1086,sdv-id-VUOPpn,Smartphones,826,300.0,1155,SHIP_V_1086,1.7533333333333334
SHIP_V_1840,sdv-id-vgKwRd,Raw Jute,430,5.0,908,SHIP_V_1840,85.0
SHIP_V_1858,sdv-id-gppCMy,Smartphones,489,300.0,1041,SHIP_V_1858,0.63
SHIP_V_1222,sdv-id-dEzwwf,Ready-made Garments,396,8.5,697,SHIP_V_1222,45.588235294117645
SHIP_V_1926,sdv-id-pfTGuz,Ready-made Garments,594,8.5,1532,SHIP_V_1926,68.88235294117646
SHIP_V_1203,sdv-id-dGpECc,Industrial Chemicals,1421,50.0,751,SHIP_V_1203,27.42
SHIP_V_1064,sdv-id-DnYhot,Smartphones,449,300.0,1996,SHIP_V_1064,0.4966666666666666
SHIP_V_1376,sdv-id-HqYqCm,Industrial Chemicals,1484,50.0,594,SHIP_V_1376,28.68
SHIP_V_1893,sdv-id-tfaTiw,Ready-made Garments,191,8.5,869,SHIP_V_1893,21.470588235294116
SHIP_V_1727,sdv-id-WVQhfr,Industrial Chemicals,35,50.0,1843,SHIP_V_1727,-0.3
SHIP_V_1510,sdv-id-QmECEl,Raw Jute,245,5.0,314,SHIP_V_1510,48.0
SHIP_V_1242,sdv-id-ecjPjW,Industrial Chemicals,659,50.0,304,SHIP_V_1242,12.18
SHIP_V_1110,sdv-id-ZEqKwZ,Solar Panels,453,120.0,1692,SHIP_V_1110,2.775
SHIP_V_1114,sdv-id-LhGLcS,Smartphones,393,300.0,1313,SHIP_V_1114,0.31
SHIP_V_1096,sdv-id-hXDhno,Ready-made Garments,436,8.5,1802,SHIP_V_1096,50.294117647058826
SHIP_V_1003,sdv-id-bmYvlo,Solar Panels,155,120.0,1046,SHIP_V_1003,0.2916666666666667
SHIP_V_1512,sdv-id-OBfGSr,Ready-made Garments,773,8.5,1708,SHIP_V_1512,89.94117647058823
SHIP_V_1878,sdv-id-zOZsXp,Smartphones,1131,300.0,338,SHIP_V_1878,2.77
SHIP_V_1859,sdv-id-JIUaVU,Industrial Chemicals,799,50.0,604,SHIP_V_1859,14.98
SHIP_V_1054,sdv-id-mormfA,Solar Panels,148,120.0,1499,SHIP_V_1054,0.2333333333333333
SHIP_V_1364,sdv-id-BLEPbp,Solar Panels,225,120.0,921,SHIP_V_1364,0.875
SHIP_V_1505,sdv-id-phimej,Ready-made Garments,885,8.5,1389,SHIP_V_1505,103.11764705882354
SHIP_V_1962,sdv-id-LotJbL,Industrial Chemicals,737,50.0,1901,SHIP_V_1962,13.74
SHIP_V_1318,sdv-id-rVZwMF,Smartphones,407,300.0,1817,SHIP_V_1318,0.3566666666666667
SHIP_V_1588,sdv-id-DFXGwe,Industrial Chemicals,961,50.0,1710,SHIP_V_1588,18.22
SHIP_V_1649,sdv-id-dJypEy,Industrial Chemicals,762,50.0,771,SHIP_V_1649,14.24
SHIP_V_1506,sdv-id-ffmOGi,Smartphones,1033,300.0,1265,SHIP_V_1506,2.443333333333334
SHIP_V_1798,sdv-id-UcqztI,Solar Panels,567,120.0,1412,SHIP_V_1798,3.725
SHIP_V_1560,sdv-id-yulppB,Solar Panels,247,120.0,1014,SHIP_V_1560,1.0583333333333331
SHIP_V_1388,sdv-id-oknpvn,Smartphones,2038,300.0,1633,SHIP_V_1388,5.793333333333333
SHIP_V_1345,sdv-id-SLhBVS,Raw Jute,2474,5.0,1012,SHIP_V_1345,493.8
SHIP_V_1828,sdv-id-FjvLUO,Raw Jute,1399,5.0,1675,SHIP_V_1828,278.8
SHIP_V_1110,sdv-id-ioHgGa,Solar Panels,672,120.0,548,SHIP_V_1110,4.6
SHIP_V_1492,sdv-id-XObBoK,Industrial Chemicals,1222,50.0,1942,SHIP_V_1492,23.44
SHIP_V_1121,sdv-id-ngKlbr,Raw Jute,1429,5.0,1782,SHIP_V_1121,284.8
SHIP_V_1527,sdv-id-ujJfpa,Ready-made Garments,770,8.5,1328,SHIP_V_1527,89.58823529411765
SHIP_V_1376,sdv-id-yGMhqf,Industrial Chemicals,2023,50.0,739,SHIP_V_1376,39.46
SHIP_V_1471,sdv-id-WpbVQp,Industrial Chemicals,21,50.0,957,SHIP_V_1471,-0.58
SHIP_V_1137,sdv-id-haIzqt,Ready-made Garments,86,8.5,1944,SHIP_V_1137,9.117647058823527
SHIP_V_1918,sdv-id-yuHQXu,Raw Jute,729,5.0,1621,SHIP_V_1918,144.8
SHIP_V_1999,sdv-id-EvyHaJ,Industrial Chemicals,205,50.0,960,SHIP_V_1999,3.1
SHIP_V_1566,sdv-id-wbBuCd,Smartphones,231,300.0,1569,SHIP_V_1566,-0.23
SHIP_V_1385,sdv-id-hvqwDL,Industrial Chemicals,248,50.0,740,SHIP_V_1385,3.96
SHIP_V_1698,sdv-id-lsfAiF,Ready-made Garments,78,8.5,893,SHIP_V_1698,8.176470588235293
SHIP_V_1561,sdv-id-PjakGK,Industrial Chemicals,719,50.0,1535,SHIP_V_1561,13.38
SHIP_V_1920,sdv-id-vORJCP,Solar Panels,144,120.0,1520,SHIP_V_1920,0.2
SHIP_V_1000,sdv-id-cHkdzJ,Ready-made Garments,1119,8.5,1371,SHIP_V_1000,130.64705882352942
SHIP_V_1214,sdv-id-UkGQlM,Industrial Chemicals,553,50.0,781,SHIP_V_1214,10.06
SHIP_V_1669,sdv-id-jaNdIF,Raw Jute,445,5.0,1803,SHIP_V_1669,88.0
SHIP_V_1180,sdv-id-RygjqN,Smartphones,233,300.0,1929,SHIP_V_1180,-0.2233333333333333
SHIP_V_1800,sdv-id-wGpMNF,Smartphones,1014,300.0,453,SHIP_V_1800,2.38
SHIP_V_1079,sdv-id-AiGYbU,Smartphones,432,300.0,1747,SHIP_V_1079,0.44
SHIP_V_1645,sdv-id-CSSYOg,Raw Jute,1164,5.0,1528,SHIP_V_1645,231.8
SHIP_V_1539,sdv-id-QlYboZ,Ready-made Garments,333,8.5,1025,SHIP_V_1539,38.1764705882353
SHIP_V_1226,sdv-id-Qcdsbj,Industrial Chemicals,1103,50.0,443,SHIP_V_1226,21.06
SHIP_V_1979,sdv-id-gKQeGf,Industrial Chemicals,336,50.0,1968,SHIP_V_1979,5.72
SHIP_V_1453,sdv-id-WyqAMY,Raw Jute,1199,5.0,206,SHIP_V_1453,238.8
SHIP_V_1199,sdv-id-DpSqRo,Raw Jute,102,5.0,1679,SHIP_V_1199,19.4
SHIP_V_1602,sdv-id-jgLVHe,Industrial Chemicals,632,50.0,1752,SHIP_V_1602,11.64
SHIP_V_1957,sdv-id-YuWuQa,Smartphones,208,300.0,1956,SHIP_V_1957,-0.3066666666666666
SHIP_V_1740,sdv-id-hBBbeU,Smartphones,947,300.0,574,SHIP_V_1740,2.1566666666666667
SHIP_V_1053,sdv-id-ItpNRR,Smartphones,940,300.0,199,SHIP_V_1053,2.1333333333333333
SHIP_V_1641,sdv-id-ALYsqu,Raw Jute,326,5.0,260,SHIP_V_1641,64.2
SHIP_V_1777,sdv-id-tWegCB,Ready-made Garments,97,8.5,754,SHIP_V_1777,10.411764705882351
SHIP_V_1255,sdv-id-GyXoZf,Solar Panels,592,120.0,288,SHIP_V_1255,3.933333333333333
SHIP_V_1085,sdv-id-FeefWv,Solar Panels,150,120.0,1936,SHIP_V_1085,0.25
SHIP_V_1641,sdv-id-peVHtN,Smartphones,408,300.0,1245,SHIP_V_1641,0.36
SHIP_V_1703,sdv-id-uOuRCQ,Solar Panels,28,120.0,1892,SHIP_V_1703,-0.7666666666666667
SHIP_V_1865,sdv-id-dnhyXG,Ready-made Garments,221,8.5,449,SHIP_V_1865,25.0
SHIP_V_1490,sdv-id-TacwxV,Raw Jute,841,5.0,1829,SHIP_V_1490,167.2
SHIP_V_1407,sdv-id-Lkapwv,Ready-made Garments,1188,8.5,447,SHIP_V_1407,138.76470588235293
SHIP_V_1501,sdv-id-agqxLn,Solar Panels,463,120.0,199,SHIP_V_1501,2.8583333333333334
SHIP_V_1512,sdv-id-iiHaFG,Industrial Chemicals,727,50.0,116,SHIP_V_1512,13.54
SHIP_V_1781,sdv-id-fQtlgV,Raw Jute,659,5.0,582,SHIP_V_1781,130.8
SHIP_V_1562,sdv-id-TYDYXT,Ready-made Garments,115,8.5,1298,SHIP_V_1562,12.529411764705882
SHIP_V_1068,sdv-id-LrdWnh,Smartphones,30,300.0,1895,SHIP_V_1068,-0.9
SHIP_V_1865,sdv-id-tagstn,Ready-made Garments,401,8.5,1362,SHIP_V_1865,46.1764705882353
SHIP_V_1670,sdv-id-pmgczP,Ready-made Garments,569,8.5,319,SHIP_V_1670,65.94117647058823
SHIP_V_1059,sdv-id-LGZhmS,Ready-made Garments,844,8.5,1765,SHIP_V_1059,98.29411764705884
SHIP_V_1228,sdv-id-FldfmM,Smartphones,728,300.0,1813,SHIP_V_1228,1.4266666666666667
SHIP_V_1703,sdv-id-VbkPIq,Solar Panels,314,120.0,788,SHIP_V_1703,1.6166666666666667
SHIP_V_1420,sdv-id-TzcJxH,Industrial Chemicals,385,50.0,298,SHIP_V_1420,6.7
SHIP_V_1530,sdv-id-kfAGBt,Smartphones,1618,300.0,588,SHIP_V_1530,4.3933333333333335
SHIP_V_1984,sdv-id-DwtMIz,Solar Panels,1178,120.0,1544,SHIP_V_1984,8.816666666666666
SHIP_V_1323,sdv-id-SJXIzK,Industrial Chemicals,881,50.0,389,SHIP_V_1323,16.62
SHIP_V_1495,sdv-id-vzQKCX,Raw Jute,301,5.0,1194,SHIP_V_1495,59.2
SHIP_V_1446,sdv-id-mUlIYz,Smartphones,800,300.0,825,SHIP_V_1446,1.6666666666666667
SHIP_V_1028,sdv-id-Wddmka,Industrial Chemicals,1373,50.0,1774,SHIP_V_1028,26.46
SHIP_V_1503,sdv-id-rUIYMj,Ready-made Garments,848,8.5,1011,SHIP_V_1503,98.76470588235294
SHIP_V_1077,sdv-id-cfQDSI,Solar Panels,145,120.0,1582,SHIP_V_1077,0.2083333333333333
SHIP_V_1119,sdv-id-UGIfFi,Smartphones,70,300.0,653,SHIP_V_1119,-0.7666666666666667
SHIP_V_1424,sdv-id-LXwfui,Raw Jute,768,5.0,1719,SHIP_V_1424,152.6
SHIP_V_1718,sdv-id-JtWfwi,Smartphones,833,300.0,295,SHIP_V_1718,1.7766666666666666
SHIP_V_1530,sdv-id-cwYsiy,Smartphones,1884,300.0,1911,SHIP_V_1530,5.28
SHIP_V_1638,sdv-id-uNvcBp,Raw Jute,1441,5.0,746,SHIP_V_1638,287.2
SHIP_V_1870,sdv-id-DdyakH,Smartphones,1404,300.0,367,SHIP_V_1870,3.68
SHIP_V_1275,sdv-id-QwVpOn,Smartphones,1421,300.0,450,SHIP_V_1275,3.736666666666667
SHIP_V_1474,sdv-id-iBuLEi,Industrial Chemicals,1375,50.0,591,SHIP_V_1474,26.5
SHIP_V_1063,sdv-id-YgWMAb,Ready-made Garments,337,8.5,355,SHIP_V_1063,38.64705882352941
SHIP_V_1927,sdv-id-ADrsIX,Raw Jute,975,5.0,713,SHIP_V_1927,194.0
SHIP_V_1260,sdv-id-aYvvOf,Raw Jute,1040,5.0,1332,SHIP_V_1260,207.0
SHIP_V_1542,sdv-id-CEzNOv,Smartphones,419,300.0,1139,SHIP_V_1542,0.3966666666666666
SHIP_V_1658,sdv-id-sGHipf,Smartphones,850,300.0,1262,SHIP_V_1658,1.8333333333333333
SHIP_V_1266,sdv-id-PwqjKB,Solar Panels,206,120.0,1114,SHIP_V_1266,0.7166666666666667
SHIP_V_1502,sdv-id-tRizDX,Solar Panels,907,120.0,1155,SHIP_V_1502,6.558333333333334
SHIP_V_1871,sdv-id-xSDPEn,Smartphones,1232,300.0,1219,SHIP_V_1871,3.1066666666666665
SHIP_V_1826,sdv-id-HQTaYo,Solar Panels,658,120.0,961,SHIP_V_1826,4.483333333333333
SHIP_V_1862,sdv-id-mXFUja,Solar Panels,930,120.0,1037,SHIP_V_1862,6.75
SHIP_V_1161,sdv-id-OdAzEY,Smartphones,423,300.0,526,SHIP_V_1161,0.41
SHIP_V_1678,sdv-id-pnLpKK,Ready-made Garments,942,8.5,128,SHIP_V_1678,109.82352941176472
SHIP_V_1156,sdv-id-tvEwCl,Industrial Chemicals,581,50.0,967,SHIP_V_1156,10.62
SHIP_V_1674,sdv-id-oZBMuI,Raw Jute,476,5.0,1628,SHIP_V_1674,94.2
SHIP_V_1450,sdv-id-faGVIE,Smartphones,858,300.0,719,SHIP_V_1450,1.86
SHIP_V_1055,sdv-id-jNMaJG,Ready-made Garments,634,8.5,882,SHIP_V_1055,73.58823529411765
SHIP_V_1732,sdv-id-TcavdC,Industrial Chemicals,951,50.0,976,SHIP_V_1732,18.02
SHIP_V_1879,sdv-id-uJjqzR,Industrial Chemicals,897,50.0,1965,SHIP_V_1879,16.94
SHIP_V_1863,sdv-id-tkOUWx,Industrial Chemicals,648,50.0,688,SHIP_V_1863,11.96
SHIP_V_1213,sdv-id-HYPgoO,Industrial Chemicals,1693,50.0,1119,SHIP_V_1213,32.86
SHIP_V_1219,sdv-id-ebIlma,Smartphones,458,300.0,1360,SHIP_V_1219,0.5266666666666666
SHIP_V_1357,sdv-id-qKXwpf,Industrial Chemicals,283,50.0,1314,SHIP_V_1357,4.66
SHIP_V_1095,sdv-id-Vajnrp,Raw Jute,1507,5.0,294,SHIP_V_1095,300.4
SHIP_V_1649,sdv-id-VQiNfA,Smartphones,484,300.0,1235,SHIP_V_1649,0.6133333333333333
SHIP_V_1870,sdv-id-MxRGof,Solar Panels,982,120.0,1684,SHIP_V_1870,7.183333333333334
SHIP_V_1650,sdv-id-bYKwfw,Industrial Chemicals,701,50.0,1319,SHIP_V_1650,13.02
SHIP_V_1466,sdv-id-TyGwlQ,Smartphones,27,300.0,1961,SHIP_V_1466,-0.91
SHIP_V_1250,sdv-id-tIEusR,Smartphones,82,300.0,1902,SHIP_V_1250,-0.7266666666666667
SHIP_V_1015,sdv-id-pFhYBw,Industrial Chemicals,1145,50.0,1142,SHIP_V_1015,21.9
SHIP_V_1901,sdv-id-HpDTUk,Ready-made Garments,426,8.5,1376,SHIP_V_1901,49.11764705882353
SHIP_V_1127,sdv-id-FMalCv,Smartphones,603,300.0,1174,SHIP_V_1127,1.01
SHIP_V_1664,sdv-id-CAqabc,Industrial Chemicals,1552,50.0,548,SHIP_V_1664,30.04
SHIP_V_1357,sdv-id-qLHdQN,Smartphones,29,300.0,1704,SHIP_V_1357,-0.9033333333333332
SHIP_V_1008,sdv-id-HaJWjZ,Solar Panels,503,120.0,540,SHIP_V_1008,3.191666666666667
SHIP_V_1482,sdv-id-OOJmab,Smartphones,248,300.0,1101,SHIP_V_1482,-0.1733333333333333
SHIP_V_1356,sdv-id-esDcMF,Raw Jute,373,5.0,653,SHIP_V_1356,73.6
SHIP_V_1780,sdv-id-qTEUBD,Solar Panels,528,120.0,848,SHIP_V_1780,3.4
SHIP_V_1922,sdv-id-lRdgri,Solar Panels,83,120.0,1986,SHIP_V_1922,-0.3083333333333333
SHIP_V_1793,sdv-id-ffHVah,Industrial Chemicals,1083,50.0,845,SHIP_V_1793,20.66
SHIP_V_1640,sdv-id-BCHFCA,Smartphones,1771,300.0,1673,SHIP_V_1640,4.903333333333333
SHIP_V_1433,sdv-id-yQVMqw,Solar Panels,124,120.0,1490,SHIP_V_1433,0.0333333333333333
SHIP_V_1637,sdv-id-OTYCHt,Smartphones,401,300.0,1210,SHIP_V_1637,0.3366666666666666
SHIP_V_1032,sdv-id-gASnmV,Raw Jute,271,5.0,1332,SHIP_V_1032,53.2
SHIP_V_1939,sdv-id-tEaCAM,Raw Jute,985,5.0,1892,SHIP_V_1939,196.0
SHIP_V_1695,sdv-id-owoYdJ,Ready-made Garments,1082,8.5,763,SHIP_V_1695,126.29411764705884
SHIP_V_1578,sdv-id-SsghJQ,Ready-made Garments,743,8.5,738,SHIP_V_1578,86.41176470588235
SHIP_V_1446,sdv-id-GtKhVN,Smartphones,502,300.0,935,SHIP_V_1446,0.6733333333333333
SHIP_V_1712,sdv-id-JGclUi,Smartphones,761,300.0,346,SHIP_V_1712,1.5366666666666666
SHIP_V_1249,sdv-id-XEMxHI,Raw Jute,770,5.0,659,SHIP_V_1249,153.0
SHIP_V_1384,sdv-id-JWOdsL,Industrial Chemicals,483,50.0,1960,SHIP_V_1384,8.66
SHIP_V_1270,sdv-id-WKnnUj,Industrial Chemicals,243,50.0,477,SHIP_V_1270,3.86
SHIP_V_1285,sdv-id-FMwqvo,Raw Jute,411,5.0,1091,SHIP_V_1285,81.2
SHIP_V_1541,sdv-id-wUPYVT,Industrial Chemicals,672,50.0,550,SHIP_V_1541,12.44
SHIP_V_1903,sdv-id-OaChmU,Ready-made Garments,374,8.5,918,SHIP_V_1903,43.0
SHIP_V_1811,sdv-id-qcCQFU,Raw Jute,693,5.0,1839,SHIP_V_1811,137.6
SHIP_V_1095,sdv-id-qqksMd,Industrial Chemicals,1444,50.0,1752,SHIP_V_1095,27.88
SHIP_V_1857,sdv-id-cTexiK,Ready-made Garments,435,8.5,137,SHIP_V_1857,50.1764705882353
SHIP_V_1925,sdv-id-qJbnfW,Raw Jute,227,5.0,1668,SHIP_V_1925,44.4
SHIP_V_1572,sdv-id-usLeNM,Smartphones,621,300.0,779,SHIP_V_1572,1.07
SHIP_V_1427,sdv-id-uZZVRE,Ready-made Garments,200,8.5,1147,SHIP_V_1427,22.529411764705884
SHIP_V_1354,sdv-id-zQEMAV,Ready-made Garments,400,8.5,256,SHIP_V_1354,46.05882352941177
SHIP_V_1310,sdv-id-MXqWBB,Industrial Chemicals,1416,50.0,623,SHIP_V_1310,27.32
SHIP_V_1316,sdv-id-GiCVSM,Smartphones,117,300.0,1309,SHIP_V_1316,-0.61
SHIP_V_1986,sdv-id-KlGbpL,Raw Jute,120,5.0,206,SHIP_V_1986,23.0
SHIP_V_1970,sdv-id-amLKoe,Ready-made Garments,1142,8.5,1135,SHIP_V_1970,133.35294117647058
SHIP_V_1687,sdv-id-KayCmK,Industrial Chemicals,341,50.0,1046,SHIP_V_1687,5.82
SHIP_V_1274,sdv-id-nDYmNi,Industrial Chemicals,813,50.0,1610,SHIP_V_1274,15.26
SHIP_V_1240,sdv-id-yZgdHc,Smartphones,971,300.0,1527,SHIP_V_1240,2.236666666666667
SHIP_V_1444,sdv-id-PmLvTP,Industrial Chemicals,591,50.0,1291,SHIP_V_1444,10.82
SHIP_V_1342,sdv-id-TDCTdf,Raw Jute,2287,5.0,1079,SHIP_V_1342,456.4
SHIP_V_1797,sdv-id-yQKbiz,Smartphones,228,300.0,1062,SHIP_V_1797,-0.24
SHIP_V_1546,sdv-id-ulySXX,Smartphones,636,300.0,1331,SHIP_V_1546,1.12
SHIP_V_1462,sdv-id-MpMgdT,Raw Jute,87,5.0,1016,SHIP_V_1462,16.4
SHIP_V_1494,sdv-id-hksCBQ,Ready-made Garments,413,8.5,1978,SHIP_V_1494,47.588235294117645
SHIP_V_1359,sdv-id-kLpUWw,Solar Panels,1832,120.0,1516,SHIP_V_1359,14.266666666666667
SHIP_V_1072,sdv-id-gznaxK,Ready-made Garments,1118,8.5,911,SHIP_V_1072,130.52941176470588
SHIP_V_1452,sdv-id-MLPDlR,Solar Panels,104,120.0,211,SHIP_V_1452,-0.1333333333333333
SHIP_V_1397,sdv-id-wGSxAh,Raw Jute,1157,5.0,1814,SHIP_V_1397,230.4
SHIP_V_1829,sdv-id-qiObLh,Ready-made Garments,679,8.5,928,SHIP_V_1829,78.88235294117646
SHIP_V_1889,sdv-id-pkqKWZ,Smartphones,139,300.0,944,SHIP_V_1889,-0.5366666666666666
SHIP_V_1446,sdv-id-LIBnIl,Smartphones,569,300.0,686,SHIP_V_1446,0.8966666666666666
SHIP_V_1732,sdv-id-nnwToh,Ready-made Garments,997,8.5,1274,SHIP_V_1732,116.29411764705884
SHIP_V_1293,sdv-id-eZJbCR,Industrial Chemicals,314,50.0,1129,SHIP_V_1293,5.28
SHIP_V_1772,sdv-id-Hvvjgj,Smartphones,596,300.0,197,SHIP_V_1772,0.9866666666666668
SHIP_V_1126,sdv-id-MsTgxW,Smartphones,599,300.0,1355,SHIP_V_1126,0.9966666666666668
SHIP_V_1430,sdv-id-BuMbyp,Industrial Chemicals,710,50.0,943,SHIP_V_1430,13.2
SHIP_V_1346,sdv-id-xRSeXB,Raw Jute,609,5.0,1169,SHIP_V_1346,120.8
SHIP_V_1969,sdv-id-utgqyf,Industrial Chemicals,662,50.0,788,SHIP_V_1969,12.24
SHIP_V_1209,sdv-id-OXUKvd,Ready-made Garments,626,8.5,1893,SHIP_V_1209,72.6470588235294
SHIP_V_1511,sdv-id-mopkkB,Solar Panels,725,120.0,248,SHIP_V_1511,5.041666666666667
SHIP_V_1977,sdv-id-oSUhyq,Industrial Chemicals,1498,50.0,1143,SHIP_V_1977,28.96
SHIP_V_1797,sdv-id-dCvuxE,Ready-made Garments,1774,8.5,718,SHIP_V_1797,207.7058823529412
SHIP_V_1571,sdv-id-TlZbLm,Smartphones,875,300.0,610,SHIP_V_1571,1.9166666666666667
SHIP_V_1351,sdv-id-Ukdgem,Solar Panels,188,120.0,1175,SHIP_V_1351,0.5666666666666667
SHIP_V_1291,sdv-id-VHAwLQ,Solar Panels,86,120.0,142,SHIP_V_1291,-0.2833333333333333
SHIP_V_1891,sdv-id-mbfdGr,Solar Panels,1848,120.0,1511,SHIP_V_1891,14.4
SHIP_V_1834,sdv-id-IDXNuw,Solar Panels,1391,120.0,1291,SHIP_V_1834,10.591666666666669
SHIP_V_1229,sdv-id-qJeLFA,Smartphones,620,300.0,1100,SHIP_V_1229,1.0666666666666669
SHIP_V_1242,sdv-id-lSQqXV,Raw Jute,296,5.0,349,SHIP_V_1242,58.2
SHIP_V_1026,sdv-id-HntXVF,Industrial Chemicals,702,50.0,719,SHIP_V_1026,13.04
SHIP_V_1979,sdv-id-bKolon,Smartphones,638,300.0,255,SHIP_V_1979,1.1266666666666667
SHIP_V_1450,sdv-id-xefyHi,Solar Panels,802,120.0,876,SHIP_V_1450,5.683333333333334
SHIP_V_1326,sdv-id-LAUsyw,Industrial Chemicals,633,50.0,1198,SHIP_V_1326,11.66
SHIP_V_1256,sdv-id-VDeVsU,Industrial Chemicals,1828,50.0,1587,SHIP_V_1256,35.56
SHIP_V_1947,sdv-id-CSZeIb,Raw Jute,459,5.0,996,SHIP_V_1947,90.8
SHIP_V_1645,sdv-id-aMNHga,Solar Panels,218,120.0,1133,SHIP_V_1645,0.8166666666666667
SHIP_V_1637,sdv-id-yjJeMO,Raw Jute,947,5.0,462,SHIP_V_1637,188.4
SHIP_V_1353,sdv-id-VNprsG,Smartphones,338,300.0,611,SHIP_V_1353,0.1266666666666666
SHIP_V_1086,sdv-id-JzBlSK,Ready-made Garments,113,8.5,238,SHIP_V_1086,12.294117647058824
SHIP_V_1335,sdv-id-oQLFrK,Industrial Chemicals,808,50.0,433,SHIP_V_1335,15.16
SHIP_V_1338,sdv-id-EtqBar,Smartphones,138,300.0,1984,SHIP_V_1338,-0.54
SHIP_V_1204,sdv-id-OflRcs,Solar Panels,487,120.0,1531,SHIP_V_1204,3.058333333333333
SHIP_V_1435,sdv-id-bTtjuZ,Industrial Chemicals,2479,50.0,735,SHIP_V_1435,48.58
SHIP_V_1398,sdv-id-pdcYqm,Ready-made Garments,1170,8.5,497,SHIP_V_1398,136.64705882352942
SHIP_V_1216,sdv-id-lwSnRW,Solar Panels,53,120.0,1441,SHIP_V_1216,-0.5583333333333333
SHIP_V_1615,sdv-id-ykkiZF,Solar Panels,470,120.0,1852,SHIP_V_1615,2.9166666666666665
SHIP_V_1875,sdv-id-DzCHst,Raw Jute,361,5.0,1753,SHIP_V_1875,71.2
SHIP_V_1472,sdv-id-nuGjRr,Ready-made Garments,214,8.5,1937,SHIP_V_1472,24.176470588235293
SHIP_V_1627,sdv-id-GdOKGH,Ready-made Garments,1117,8.5,599,SHIP_V_1627,130.41176470588235
SHIP_V_1806,sdv-id-MHFQkD,Industrial Chemicals,892,50.0,893,SHIP_V_1806,16.84
SHIP_V_1887,sdv-id-gfUeSc,Smartphones,1980,300.0,1073,SHIP_V_1887,5.6
SHIP_V_1548,sdv-id-SjyHbf,Raw Jute,1066,5.0,1716,SHIP_V_1548,212.2
SHIP_V_1168,sdv-id-NxxxdR,Industrial Chemicals,679,50.0,1263,SHIP_V_1168,12.58
SHIP_V_1422,sdv-id-ibrGtg,Raw Jute,550,5.0,298,SHIP_V_1422,109.0
SHIP_V_1795,sdv-id-eWFDjQ,Industrial Chemicals,785,50.0,1297,SHIP_V_1795,14.7
SHIP_V_1210,sdv-id-BXLNbj,Raw Jute,1312,5.0,290,SHIP_V_1210,261.4
SHIP_V_1902,sdv-id-kQvAdm,Solar Panels,202,120.0,1550,SHIP_V_1902,0.6833333333333333
SHIP_V_1673,sdv-id-WpKqxj,Raw Jute,1813,5.0,403,SHIP_V_1673,361.6
SHIP_V_1791,sdv-id-AwIEOi,Industrial Chemicals,98,50.0,1055,SHIP_V_1791,0.96
SHIP_V_1039,sdv-id-yoZsBx,Raw Jute,1059,5.0,640,SHIP_V_1039,210.8
SHIP_V_1029,sdv-id-AsaIbY,Smartphones,216,300.0,967,SHIP_V_1029,-0.28
SHIP_V_1845,sdv-id-SrGzfu,Ready-made Garments,133,8.5,709,SHIP_V_1845,14.647058823529411
SHIP_V_1890,sdv-id-JYXAjA,Smartphones,2028,300.0,182,SHIP_V_1890,5.76
SHIP_V_1402,sdv-id-VtaSvp,Industrial Chemicals,388,50.0,429,SHIP_V_1402,6.76
SHIP_V_1087,sdv-id-LvCzbi,Industrial Chemicals,1022,50.0,1965,SHIP_V_1087,19.44
SHIP_V_1950,sdv-id-OPfOZC,Raw Jute,1025,5.0,544,SHIP_V_1950,204.0
SHIP_V_1140,sdv-id-kiksvj,Raw Jute,1852,5.0,430,SHIP_V_1140,369.4
SHIP_V_1475,sdv-id-RExtWt,Raw Jute,208,5.0,1040,SHIP_V_1475,40.6
SHIP_V_1018,sdv-id-qzUjGn,Smartphones,494,300.0,1493,SHIP_V_1018,0.6466666666666666
SHIP_V_1232,sdv-id-iGJqzS,Raw Jute,1096,5.0,1876,SHIP_V_1232,218.2
SHIP_V_1845,sdv-id-HVXrNk,Smartphones,201,300.0,1911,SHIP_V_1845,-0.33
SHIP_V_1026,sdv-id-MckuKH,Smartphones,851,300.0,1364,SHIP_V_1026,1.836666666666667
SHIP_V_1409,sdv-id-lyjmUi,Ready-made Garments,781,8.5,804,SHIP_V_1409,90.88235294117646
SHIP_V_1630,sdv-id-QOWcnH,Industrial Chemicals,1199,50.0,1774,SHIP_V_1630,22.98
SHIP_V_1874,sdv-id-yZKwCq,Ready-made Garments,251,8.5,144,SHIP_V_1874,28.529411764705884
SHIP_V_1027,sdv-id-kGcvfT,Smartphones,103,300.0,1013,SHIP_V_1027,-0.6566666666666666
SHIP_V_1525,sdv-id-mLVbdt,Solar Panels,808,120.0,589,SHIP_V_1525,5.733333333333333
SHIP_V_1246,sdv-id-JTEMmm,Raw Jute,937,5.0,1698,SHIP_V_1246,186.4
SHIP_V_1442,sdv-id-OpTpSA,Raw Jute,273,5.0,1637,SHIP_V_1442,53.6
SHIP_V_1453,sdv-id-hmEFXv,Smartphones,1346,300.0,1098,SHIP_V_1453,3.486666666666667
SHIP_V_1013,sdv-id-kvBLcw,Smartphones,833,300.0,822,SHIP_V_1013,1.7766666666666666
SHIP_V_1177,sdv-id-TpHZEO,Solar Panels,1406,120.0,1674,SHIP_V_1177,10.716666666666669
SHIP_V_1060,sdv-id-genALs,Smartphones,633,300.0,843,SHIP_V_1060,1.11
SHIP_V_1340,sdv-id-qPqIAx,Raw Jute,422,5.0,349,SHIP_V_1340,83.4
SHIP_V_1812,sdv-id-tUQTPr,Industrial Chemicals,435,50.0,728,SHIP_V_1812,7.7
SHIP_V_1751,sdv-id-QEezAu,Industrial Chemicals,545,50.0,1567,SHIP_V_1751,9.9
SHIP_V_1890,sdv-id-BqysEt,Solar Panels,436,120.0,1734,SHIP_V_1890,2.6333333333333333
SHIP_V_1051,sdv-id-TwRLIo,Industrial Chemicals,67,50.0,1870,SHIP_V_1051,0.34
SHIP_V_1975,sdv-id-JgGgFa,Smartphones,342,300.0,1046,SHIP_V_1975,0.14
SHIP_V_1137,sdv-id-uphOOT,Smartphones,1097,300.0,601,SHIP_V_1137,2.6566666666666667
SHIP_V_1454,sdv-id-VnrXxi,Smartphones,774,300.0,195,SHIP_V_1454,1.58
SHIP_V_1736,sdv-id-cCTTGV,Raw Jute,1177,5.0,582,SHIP_V_1736,234.4
SHIP_V_1149,sdv-id-kQnkDG,Industrial Chemicals,1136,50.0,576,SHIP_V_1149,21.72
SHIP_V_1741,sdv-id-wRnnQK,Ready-made Garments,518,8.5,931,SHIP_V_1741,59.94117647058823
SHIP_V_1175,sdv-id-FKeZCl,Solar Panels,256,120.0,340,SHIP_V_1175,1.1333333333333333
SHIP_V_1463,sdv-id-kVLwex,Smartphones,233,300.0,1579,SHIP_V_1463,-0.2233333333333333
SHIP_V_1345,sdv-id-noFJNo,Raw Jute,306,5.0,311,SHIP_V_1345,60.2
SHIP_V_1289,sdv-id-hTPAwO,Smartphones,2390,300.0,820,SHIP_V_1289,6.966666666666667
SHIP_V_1459,sdv-id-TygpcI,Smartphones,693,300.0,865,SHIP_V_1459,1.31
SHIP_V_1014,sdv-id-AmKWXa,Solar Panels,1283,120.0,1808,SHIP_V_1014,9.691666666666666
SHIP_V_1037,sdv-id-YljasH,Smartphones,978,300.0,441,SHIP_V_1037,2.26
SHIP_V_1551,sdv-id-pWGTKx,Ready-made Garments,6,8.5,440,SHIP_V_1551,-0.2941176470588235
SHIP_V_1196,sdv-id-eRvpZP,Raw Jute,646,5.0,1223,SHIP_V_1196,128.2
SHIP_V_1812,sdv-id-fpqMzM,Raw Jute,833,5.0,453,SHIP_V_1812,165.6
SHIP_V_1734,sdv-id-AOUPBJ,Smartphones,81,300.0,1878,SHIP_V_1734,-0.73
SHIP_V_1204,sdv-id-vIuZkV,Smartphones,1175,300.0,737,SHIP_V_1204,2.9166666666666665
SHIP_V_1734,sdv-id-BBEsuF,Raw Jute,993,5.0,773,SHIP_V_1734,197.6
SHIP_V_1571,sdv-id-JsoEVo,Smartphones,427,300.0,574,SHIP_V_1571,0.4233333333333333
SHIP_V_1287,sdv-id-wBUTFd,Ready-made Garments,588,8.5,1978,SHIP_V_1287,68.17647058823529
SHIP_V_1500,sdv-id-CZWheP,Raw Jute,572,5.0,1581,SHIP_V_1500,113.4
SHIP_V_1158,sdv-id-RcYEBl,Ready-made Garments,769,8.5,1838,SHIP_V_1158,89.47058823529412
SHIP_V_1808,sdv-id-TOyitw,Smartphones,428,300.0,1587,SHIP_V_1808,0.4266666666666667
SHIP_V_1088,sdv-id-qieYBO,Industrial Chemicals,27,50.0,898,SHIP_V_1088,-0.46
SHIP_V_1216,sdv-id-txluvj,Solar Panels,340,120.0,1095,SHIP_V_1216,1.8333333333333333
SHIP_V_1069,sdv-id-XfTjDp,Solar Panels,1018,120.0,1032,SHIP_V_1069,7.483333333333333
SHIP_V_1004,sdv-id-qYTxkq,Solar Panels,1487,120.0,1804,SHIP_V_1004,11.391666666666667
SHIP_V_1357,sdv-id-jRkDFa,Ready-made Garments,319,8.5,908,SHIP_V_1357,36.52941176470589
SHIP_V_1342,sdv-id-mKUIGb,Smartphones,96,300.0,1861,SHIP_V_1342,-0.68
SHIP_V_1771,sdv-id-uKcmGz,Smartphones,1023,300.0,1208,SHIP_V_1771,2.41
SHIP_V_1432,sdv-id-TGYRSG,Ready-made Garments,304,8.5,1352,SHIP_V_1432,34.76470588235294
SHIP_V_1928,sdv-id-brfCeG,Smartphones,85,300.0,1977,SHIP_V_1928,-0.7166666666666667
SHIP_V_1560,sdv-id-EDqFjo,Solar Panels,369,120.0,1974,SHIP_V_1560,2.075
SHIP_V_1935,sdv-id-JLTxwX,Ready-made Garments,553,8.5,480,SHIP_V_1935,64.05882352941177
SHIP_V_1107,sdv-id-oFELLK,Raw Jute,234,5.0,1832,SHIP_V_1107,45.8
SHIP_V_1274,sdv-id-QjTHBd,Industrial Chemicals,2382,50.0,142,SHIP_V_1274,46.64
SHIP_V_1350,sdv-id-jZmeDm,Solar Panels,354,120.0,1761,SHIP_V_1350,1.95
SHIP_V_1945,sdv-id-jtDuFq,Smartphones,1299,300.0,350,SHIP_V_1945,3.33
SHIP_V_1304,sdv-id-wRVtDc,Solar Panels,282,120.0,391,SHIP_V_1304,1.35
SHIP_V_1821,sdv-id-BOBGWh,Ready-made Garments,1269,8.5,938,SHIP_V_1821,148.2941176470588
SHIP_V_1021,sdv-id-gNzJhH,Solar Panels,1107,120.0,1688,SHIP_V_1021,8.225
SHIP_V_1744,sdv-id-JJGjMU,Smartphones,1321,300.0,834,SHIP_V_1744,3.4033333333333333
SHIP_V_1808,sdv-id-uawwtu,Smartphones,175,300.0,1850,SHIP_V_1808,-0.4166666666666667
SHIP_V_1956,sdv-id-zzacOB,Solar Panels,156,120.0,1958,SHIP_V_1956,0.3
SHIP_V_1263,sdv-id-wdPEpo,Industrial Chemicals,1265,50.0,719,SHIP_V_1263,24.3
SHIP_V_1246,sdv-id-NHQXUd,Smartphones,1034,300.0,267,SHIP_V_1246,2.4466666666666668
SHIP_V_1909,sdv-id-wUGfdE,Smartphones,205,300.0,1137,SHIP_V_1909,-0.3166666666666666
SHIP_V_1040,sdv-id-ZapyNY,Ready-made Garments,440,8.5,713,SHIP_V_1040,50.76470588235294
SHIP_V_1045,sdv-id-KHsMYv,Smartphones,426,300.0,745,SHIP_V_1045,0.42
SHIP_V_1347,sdv-id-vPYewY,Solar Panels,188,120.0,979,SHIP_V_1347,0.5666666666666667
SHIP_V_1936,sdv-id-RUSfRJ,Smartphones,973,300.0,653,SHIP_V_1936,2.243333333333333
SHIP_V_1067,sdv-id-uucect,Solar Panels,266,120.0,1608,SHIP_V_1067,1.2166666666666666
SHIP_V_1560,sdv-id-BRxnyw,Smartphones,713,300.0,991,SHIP_V_1560,1.3766666666666667
SHIP_V_1089,sdv-id-POqbOW,Ready-made Garments,567,8.5,1926,SHIP_V_1089,65.70588235294117
SHIP_V_1896,sdv-id-uoUhsg,Raw Jute,703,5.0,1653,SHIP_V_1896,139.6
SHIP_V_1429,sdv-id-pWCKNZ,Industrial Chemicals,1680,50.0,1687,SHIP_V_1429,32.6
SHIP_V_1341,sdv-id-RDpsGB,Smartphones,868,300.0,1175,SHIP_V_1341,1.893333333333333
SHIP_V_1699,sdv-id-mOTLCj,Smartphones,417,300.0,1244,SHIP_V_1699,0.39
SHIP_V_1242,sdv-id-jIvKoE,Raw Jute,1809,5.0,126,SHIP_V_1242,360.8
SHIP_V_1759,sdv-id-sewHbC,Raw Jute,41,5.0,1185,SHIP_V_1759,7.2
SHIP_V_1410,sdv-id-kaVnEa,Raw Jute,43,5.0,1110,SHIP_V_1410,7.6
SHIP_V_1224,sdv-id-EXAVAN,Ready-made Garments,632,8.5,609,SHIP_V_1224,73.3529411764706
SHIP_V_1592,sdv-id-xhszgA,Raw Jute,124,5.0,1249,SHIP_V_1592,23.8
SHIP_V_1778,sdv-id-HvBtJs,Ready-made Garments,1553,8.5,1767,SHIP_V_1778,181.7058823529412
SHIP_V_1924,sdv-id-vfgoNY,Industrial Chemicals,111,50.0,1929,SHIP_V_1924,1.22
SHIP_V_1100,sdv-id-YumCpw,Industrial Chemicals,97,50.0,1936,SHIP_V_1100,0.94
SHIP_V_1113,sdv-id-uAFExF,Industrial Chemicals,929,50.0,1288,SHIP_V_1113,17.58
SHIP_V_1962,sdv-id-PhrDmA,Smartphones,1619,300.0,869,SHIP_V_1962,4.3966666666666665
SHIP_V_1875,sdv-id-GplUji,Ready-made Garments,153,8.5,646,SHIP_V_1875,17.0
SHIP_V_1200,sdv-id-dxaYqy,Smartphones,1171,300.0,425,SHIP_V_1200,2.9033333333333333
SHIP_V_1633,sdv-id-stlbNP,Raw Jute,673,5.0,785,SHIP_V_1633,133.6
SHIP_V_1420,sdv-id-zNAxnX,Smartphones,206,300.0,660,SHIP_V_1420,-0.3133333333333333
SHIP_V_1902,sdv-id-HRqfnJ,Smartphones,820,300.0,232,SHIP_V_1902,1.7333333333333334
SHIP_V_1579,sdv-id-tzBvBD,Smartphones,597,300.0,1113,SHIP_V_1579,0.99
SHIP_V_1986,sdv-id-JtXOLU,Smartphones,1423,300.0,472,SHIP_V_1986,3.743333333333333
SHIP_V_1410,sdv-id-ylOBgu,Industrial Chemicals,1692,50.0,1287,SHIP_V_1410,32.84
SHIP_V_1879,sdv-id-NzXInW,Solar Panels,359,120.0,1716,SHIP_V_1879,1.9916666666666667
SHIP_V_1459,sdv-id-QDMLmq,Ready-made Garments,148,8.5,1923,SHIP_V_1459,16.41176470588235
SHIP_V_1213,sdv-id-WmYqTq,Smartphones,443,300.0,1533,SHIP_V_1213,0.4766666666666667
SHIP_V_1757,sdv-id-CkfEDL,Industrial Chemicals,2569,50.0,1848,SHIP_V_1757,50.38
SHIP_V_1987,sdv-id-tOnShQ,Raw Jute,1407,5.0,389,SHIP_V_1987,280.4
SHIP_V_1478,sdv-id-qRZsWo,Raw Jute,929,5.0,1581,SHIP_V_1478,184.8
SHIP_V_1045,sdv-id-jbYilP,Industrial Chemicals,1649,50.0,1348,SHIP_V_1045,31.98
SHIP_V_1903,sdv-id-VjHShH,Solar Panels,214,120.0,762,SHIP_V_1903,0.7833333333333333
SHIP_V_1972,sdv-id-GXkAlq,Industrial Chemicals,378,50.0,296,SHIP_V_1972,6.56
SHIP_V_1450,sdv-id-RNcWMm,Smartphones,639,300.0,810,SHIP_V_1450,1.13
SHIP_V_1089,sdv-id-LWEwnM,Ready-made Garments,316,8.5,680,SHIP_V_1089,36.1764705882353
SHIP_V_1713,sdv-id-URAMhz,Industrial Chemicals,384,50.0,241,SHIP_V_1713,6.68
SHIP_V_1002,sdv-id-YOQWep,Raw Jute,436,5.0,1741,SHIP_V_1002,86.2
SHIP_V_1609,sdv-id-PuccWY,Smartphones,774,300.0,327,SHIP_V_1609,1.58
SHIP_V_1661,sdv-id-TtLrfH,Industrial Chemicals,597,50.0,1480,SHIP_V_1661,10.94
SHIP_V_1544,sdv-id-rbxkpH,Industrial Chemicals,259,50.0,1182,SHIP_V_1544,4.18
SHIP_V_1818,sdv-id-bzKHrt,Raw Jute,326,5.0,332,SHIP_V_1818,64.2
SHIP_V_1874,sdv-id-leMODg,Solar Panels,14,120.0,1567,SHIP_V_1874,-0.8833333333333333
SHIP_V_1136,sdv-id-BGOXgG,Solar Panels,295,120.0,1693,SHIP_V_1136,1.4583333333333333
SHIP_V_1903,sdv-id-LAESIk,Ready-made Garments,355,8.5,232,SHIP_V_1903,40.76470588235294
SHIP_V_1951,sdv-id-MyWBMu,Smartphones,859,300.0,992,SHIP_V_1951,1.8633333333333333
SHIP_V_1330,sdv-id-tNqbMh,Raw Jute,95,5.0,371,SHIP_V_1330,18.0
SHIP_V_1214,sdv-id-JPmpGs,Smartphones,467,300.0,714,SHIP_V_1214,0.5566666666666666
SHIP_V_1305,sdv-id-VASiTF,Smartphones,450,300.0,1300,SHIP_V_1305,0.5
SHIP_V_1639,sdv-id-STiDwT,Solar Panels,790,120.0,1468,SHIP_V_1639,5.583333333333333
SHIP_V_1212,sdv-id-BRzcWo,Solar Panels,248,120.0,1143,SHIP_V_1212,1.0666666666666669
SHIP_V_1067,sdv-id-daVXrJ,Raw Jute,865,5.0,978,SHIP_V_1067,172.0
SHIP_V_1925,sdv-id-MMvkdg,Raw Jute,1833,5.0,1498,SHIP_V_1925,365.6
SHIP_V_1283,sdv-id-PiqFMg,Smartphones,217,300.0,758,SHIP_V_1283,-0.2766666666666666
SHIP_V_1324,sdv-id-nSjFom,Industrial Chemicals,292,50.0,839,SHIP_V_1324,4.84
SHIP_V_1836,sdv-id-qbHhBl,Smartphones,885,300.0,534,SHIP_V_1836,1.95
SHIP_V_1059,sdv-id-jhSUCD,Raw Jute,802,5.0,397,SHIP_V_1059,159.4
SHIP_V_1535,sdv-id-AkVxeE,Solar Panels,377,120.0,1960,SHIP_V_1535,2.1416666666666666
SHIP_V_1706,sdv-id-tKAggb,Ready-made Garments,1009,8.5,1123,SHIP_V_1706,117.70588235294116
SHIP_V_1816,sdv-id-xUjQMj,Solar Panels,5,120.0,1168,SHIP_V_1816,-0.9583333333333334
SHIP_V_1031,sdv-id-wnnyTV,Smartphones,161,300.0,588,SHIP_V_1031,-0.4633333333333333
SHIP_V_1857,sdv-id-rEjesh,Solar Panels,980,120.0,220,SHIP_V_1857,7.166666666666667
SHIP_V_1331,sdv-id-aocSmJ,Smartphones,6,300.0,1605,SHIP_V_1331,-0.98
SHIP_V_1857,sdv-id-tIcWWa,Smartphones,248,300.0,1761,SHIP_V_1857,-0.1733333333333333
SHIP_V_1097,sdv-id-yCrnbg,Smartphones,696,300.0,1810,SHIP_V_1097,1.32
SHIP_V_1905,sdv-id-qFvqnd,Raw Jute,596,5.0,615,SHIP_V_1905,118.2
SHIP_V_1447,sdv-id-WhSaAO,Solar Panels,220,120.0,328,SHIP_V_1447,0.8333333333333334
SHIP_V_1154,sdv-id-svUYmo,Smartphones,1718,300.0,1194,SHIP_V_1154,4.726666666666667
SHIP_V_1706,sdv-id-LTnRYz,Industrial Chemicals,49,50.0,1988,SHIP_V_1706,-0.02
SHIP_V_1268,sdv-id-goVYoG,Solar Panels,529,120.0,1454,SHIP_V_1268,3.408333333333333
SHIP_V_1491,sdv-id-fdRrcl,Smartphones,1211,300.0,343,SHIP_V_1491,3.036666666666666
SHIP_V_1278,sdv-id-lqIUPx,Raw Jute,911,5.0,471,SHIP_V_1278,181.2
SHIP_V_1813,sdv-id-EdHire,Smartphones,393,300.0,1885,SHIP_V_1813,0.31
SHIP_V_1347,sdv-id-cXuEtU,Solar Panels,464,120.0,188,SHIP_V_1347,2.8666666666666667
SHIP_V_1133,sdv-id-eOpidX,Solar Panels,394,120.0,933,SHIP_V_1133,2.283333333333333
SHIP_V_1601,sdv-id-dlGfxr,Ready-made Garments,1113,8.5,631,SHIP_V_1601,129.94117647058823
SHIP_V_1467,sdv-id-JvfQsl,Raw Jute,669,5.0,1312,SHIP_V_1467,132.8
SHIP_V_1130,sdv-id-ChBkYB,Raw Jute,2108,5.0,391,SHIP_V_1130,420.6
SHIP_V_1615,sdv-id-wzwBkn,Smartphones,866,300.0,546,SHIP_V_1615,1.8866666666666667
SHIP_V_1375,sdv-id-SEtJrX,Smartphones,1213,300.0,1167,SHIP_V_1375,3.0433333333333334
SHIP_V_1501,sdv-id-qeqQgv,Smartphones,582,300.0,786,SHIP_V_1501,0.94
SHIP_V_1004,sdv-id-ogLRpl,Ready-made Garments,45,8.5,1699,SHIP_V_1004,4.294117647058823
SHIP_V_1164,sdv-id-aeChPt,Smartphones,329,300.0,958,SHIP_V_1164,0.0966666666666666
SHIP_V_1974,sdv-id-bvJBFX,Solar Panels,55,120.0,1642,SHIP_V_1974,-0.5416666666666666
SHIP_V_1261,sdv-id-EFuyXa,Raw Jute,36,5.0,1912,SHIP_V_1261,6.2
SHIP_V_1909,sdv-id-IKeqHf,Industrial Chemicals,593,50.0,1629,SHIP_V_1909,10.86
SHIP_V_1823,sdv-id-EZrOms,Solar Panels,250,120.0,671,SHIP_V_1823,1.0833333333333333
SHIP_V_1079,sdv-id-ZIXvbr,Smartphones,60,300.0,1702,SHIP_V_1079,-0.8
SHIP_V_1752,sdv-id-wqBwLW,Industrial Chemicals,1069,50.0,1158,SHIP_V_1752,20.38
SHIP_V_1066,sdv-id-OAluUE,Solar Panels,368,120.0,841,SHIP_V_1066,2.066666666666667
SHIP_V_1676,sdv-id-eqzMDv,Ready-made Garments,204,8.5,1912,SHIP_V_1676,23.0
SHIP_V_1340,sdv-id-Qydqmj,Ready-made Garments,719,8.5,1244,SHIP_V_1340,83.58823529411765
SHIP_V_1722,sdv-id-fVLtzs,Ready-made Garments,1659,8.5,1022,SHIP_V_1722,194.1764705882353
SHIP_V_1640,sdv-id-YXkVNn,Smartphones,888,300.0,1212,SHIP_V_1640,1.96
SHIP_V_1260,sdv-id-cADlZK,Ready-made Garments,838,8.5,1177,SHIP_V_1260,97.58823529411764
SHIP_V_1985,sdv-id-GoFfyU,Industrial Chemicals,985,50.0,792,SHIP_V_1985,18.7
SHIP_V_1645,sdv-id-oCUzBj,Smartphones,719,300.0,505,SHIP_V_1645,1.3966666666666667
SHIP_V_1145,sdv-id-dPPcbA,Industrial Chemicals,281,50.0,795,SHIP_V_1145,4.62
SHIP_V_1604,sdv-id-NHMrib,Raw Jute,30,5.0,1915,SHIP_V_1604,5.0
SHIP_V_1484,sdv-id-NGgpsc,Solar Panels,1261,120.0,993,SHIP_V_1484,9.508333333333333
SHIP_V_1393,sdv-id-dgNAXl,Raw Jute,422,5.0,719,SHIP_V_1393,83.4
SHIP_V_1871,sdv-id-wiNAub,Raw Jute,903,5.0,1473,SHIP_V_1871,179.6
SHIP_V_1271,sdv-id-HlVByy,Raw Jute,1581,5.0,395,SHIP_V_1271,315.2
SHIP_V_1401,sdv-id-RWaQCP,Raw Jute,228,5.0,1344,SHIP_V_1401,44.6
SHIP_V_1374,sdv-id-jDivGL,Smartphones,80,300.0,1318,SHIP_V_1374,-0.7333333333333333
SHIP_V_1864,sdv-id-vGsXfC,Smartphones,1120,300.0,1283,SHIP_V_1864,2.7333333333333334
SHIP_V_1969,sdv-id-MKEcqY,Solar Panels,103,120.0,1684,SHIP_V_1969,-0.1416666666666666
SHIP_V_1924,sdv-id-ItbEqm,Industrial Chemicals,431,50.0,1337,SHIP_V_1924,7.62
SHIP_V_1136,sdv-id-xGNSnx,Ready-made Garments,1442,8.5,1145,SHIP_V_1136,168.64705882352942
SHIP_V_1042,sdv-id-FMCUUf,Ready-made Garments,1137,8.5,1190,SHIP_V_1042,132.76470588235293
SHIP_V_1302,sdv-id-ClFpZr,Raw Jute,206,5.0,700,SHIP_V_1302,40.2
SHIP_V_1176,sdv-id-QRmszn,Ready-made Garments,1089,8.5,1769,SHIP_V_1176,127.11764705882354
SHIP_V_1635,sdv-id-jllpVB,Raw Jute,151,5.0,1587,SHIP_V_1635,29.2
SHIP_V_1683,sdv-id-TqJNVg,Solar Panels,541,120.0,1388,SHIP_V_1683,3.5083333333333333
SHIP_V_1606,sdv-id-dczIDI,Solar Panels,502,120.0,1049,SHIP_V_1606,3.183333333333333
SHIP_V_1194,sdv-id-VtKcKH,Ready-made Garments,1290,8.5,1977,SHIP_V_1194,150.76470588235293
SHIP_V_1611,sdv-id-IYywFH,Ready-made Garments,1595,8.5,1313,SHIP_V_1611,186.64705882352945
SHIP_V_1696,sdv-id-sWXhbB,Ready-made Garments,118,8.5,1902,SHIP_V_1696,12.882352941176473
SHIP_V_1674,sdv-id-GHomSk,Ready-made Garments,923,8.5,1383,SHIP_V_1674,107.58823529411764
SHIP_V_1681,sdv-id-FgwLZC,Smartphones,37,300.0,1416,SHIP_V_1681,-0.8766666666666667
SHIP_V_1324,sdv-id-LWyIBy,Raw Jute,982,5.0,559,SHIP_V_1324,195.4
SHIP_V_1069,sdv-id-obzqOb,Solar Panels,197,120.0,1883,SHIP_V_1069,0.6416666666666667
SHIP_V_1982,sdv-id-YbUdEL,Raw Jute,115,5.0,1138,SHIP_V_1982,22.0
SHIP_V_1525,sdv-id-EHSKKT,Industrial Chemicals,687,50.0,1366,SHIP_V_1525,12.74
SHIP_V_1634,sdv-id-Ealbta,Industrial Chemicals,703,50.0,1145,SHIP_V_1634,13.06
SHIP_V_1046,sdv-id-Qrvjwa,Solar Panels,510,120.0,893,SHIP_V_1046,3.25
SHIP_V_1843,sdv-id-XCkpmq,Industrial Chemicals,557,50.0,172,SHIP_V_1843,10.14
SHIP_V_1606,sdv-id-iniUZa,Raw Jute,1534,5.0,1533,SHIP_V_1606,305.8
SHIP_V_1369,sdv-id-ZTiMkX,Smartphones,339,300.0,1796,SHIP_V_1369,0.13
SHIP_V_1811,sdv-id-pVMhUD,Ready-made Garments,634,8.5,793,SHIP_V_1811,73.58823529411765
SHIP_V_1676,sdv-id-wXqInN,Solar Panels,383,120.0,398,SHIP_V_1676,2.191666666666667
SHIP_V_1415,sdv-id-JlfIny,Raw Jute,419,5.0,1228,SHIP_V_1415,82.8
SHIP_V_1210,sdv-id-ueemLO,Industrial Chemicals,991,50.0,969,SHIP_V_1210,18.82
SHIP_V_1777,sdv-id-hBURyh,Smartphones,95,300.0,1346,SHIP_V_1777,-0.6833333333333333
SHIP_V_1001,sdv-id-AnyrUR,Solar Panels,635,120.0,947,SHIP_V_1001,4.291666666666667
SHIP_V_1121,sdv-id-zALXrK,Raw Jute,55,5.0,1782,SHIP_V_1121,10.0
SHIP_V_1228,sdv-id-yAaGKs,Industrial Chemicals,1532,50.0,1362,SHIP_V_1228,29.64
SHIP_V_1771,sdv-id-gBzcID,Smartphones,907,300.0,1663,SHIP_V_1771,2.0233333333333334
SHIP_V_1497,sdv-id-ZlDhaW,Raw Jute,2603,5.0,1641,SHIP_V_1497,519.6
SHIP_V_1952,sdv-id-uplIhe,Industrial Chemicals,129,50.0,739,SHIP_V_1952,1.58
SHIP_V_1402,sdv-id-erlmPR,Ready-made Garments,95,8.5,317,SHIP_V_1402,10.176470588235292
SHIP_V_1484,sdv-id-SLSlPZ,Raw Jute,692,5.0,924,SHIP_V_1484,137.4
SHIP_V_1224,sdv-id-LXTrGP,Ready-made Garments,2899,8.5,625,SHIP_V_1224,340.05882352941177
SHIP_V_1495,sdv-id-zZeeMp,Raw Jute,21,5.0,906,SHIP_V_1495,3.2
SHIP_V_1225,sdv-id-hkweEI,Smartphones,196,300.0,346,SHIP_V_1225,-0.3466666666666667
SHIP_V_1206,sdv-id-vUQTKN,Industrial Chemicals,935,50.0,772,SHIP_V_1206,17.7
SHIP_V_1953,sdv-id-uaAuMk,Ready-made Garments,1855,8.5,848,SHIP_V_1953,217.23529411764707
SHIP_V_1082,sdv-id-qvnred,Smartphones,1101,300.0,160,SHIP_V_1082,2.67
SHIP_V_1314,sdv-id-pJWHrK,Solar Panels,996,120.0,549,SHIP_V_1314,7.3
SHIP_V_1772,sdv-id-HkPNYd,Smartphones,428,300.0,1488,SHIP_V_1772,0.4266666666666667
SHIP_V_1144,sdv-id-EqsQAt,Raw Jute,1012,5.0,1390,SHIP_V_1144,201.4
SHIP_V_1585,sdv-id-dGYjnt,Solar Panels,135,120.0,1900,SHIP_V_1585,0.125
SHIP_V_1424,sdv-id-hxBoMI,Raw Jute,640,5.0,471,SHIP_V_1424,127.0
SHIP_V_1750,sdv-id-eBpfEd,Ready-made Garments,1419,8.5,969,SHIP_V_1750,165.94117647058823
SHIP_V_1943,sdv-id-sZBfKr,Raw Jute,1193,5.0,232,SHIP_V_1943,237.6
SHIP_V_1380,sdv-id-EDWheI,Industrial Chemicals,1337,50.0,316,SHIP_V_1380,25.74
SHIP_V_1789,sdv-id-YmzVIm,Ready-made Garments,949,8.5,1178,SHIP_V_1789,110.6470588235294
SHIP_V_1567,sdv-id-NmKruQ,Raw Jute,1487,5.0,256,SHIP_V_1567,296.4
SHIP_V_1434,sdv-id-NtHWSI,Industrial Chemicals,730,50.0,963,SHIP_V_1434,13.6
SHIP_V_1343,sdv-id-nZPQPh,Industrial Chemicals,491,50.0,147,SHIP_V_1343,8.82
SHIP_V_1143,sdv-id-wKWNzA,Industrial Chemicals,1432,50.0,729,SHIP_V_1143,27.64
SHIP_V_1299,sdv-id-MvWgAP,Smartphones,684,300.0,378,SHIP_V_1299,1.28
SHIP_V_1335,sdv-id-PKVVQf,Solar Panels,507,120.0,816,SHIP_V_1335,3.225
SHIP_V_1328,sdv-id-JtZNfm,Smartphones,708,300.0,1483,SHIP_V_1328,1.36
SHIP_V_1321,sdv-id-ZpZMZb,Raw Jute,994,5.0,1703,SHIP_V_1321,197.8
SHIP_V_1409,sdv-id-vNWKBS,Ready-made Garments,1612,8.5,1713,SHIP_V_1409,188.64705882352945
SHIP_V_1988,sdv-id-duNWSG,Industrial Chemicals,1683,50.0,717,SHIP_V_1988,32.66
SHIP_V_1970,sdv-id-bVGmzg,Ready-made Garments,721,8.5,1745,SHIP_V_1970,83.82352941176471
SHIP_V_1421,sdv-id-GuEEkD,Ready-made Garments,612,8.5,1198,SHIP_V_1421,71.0
SHIP_V_1795,sdv-id-LcVVfH,Ready-made Garments,456,8.5,1485,SHIP_V_1795,52.64705882352941
SHIP_V_1722,sdv-id-DljdWV,Industrial Chemicals,468,50.0,1264,SHIP_V_1722,8.36
SHIP_V_1910,sdv-id-BakTZJ,Industrial Chemicals,283,50.0,1847,SHIP_V_1910,4.66
SHIP_V_1641,sdv-id-uWmiom,Industrial Chemicals,917,50.0,1705,SHIP_V_1641,17.34
SHIP_V_1931,sdv-id-uhbtdK,Smartphones,222,300.0,1085,SHIP_V_1931,-0.26
SHIP_V_1212,sdv-id-kOdSTp,Raw Jute,1522,5.0,1454,SHIP_V_1212,303.4
SHIP_V_1100,sdv-id-cvoRcV,Ready-made Garments,154,8.5,1702,SHIP_V_1100,17.11764705882353
SHIP_V_1465,sdv-id-CmxiEF,Industrial Chemicals,566,50.0,1501,SHIP_V_1465,10.32
SHIP_V_1732,sdv-id-sENTzr,Raw Jute,900,5.0,677,SHIP_V_1732,179.0
SHIP_V_1618,sdv-id-NusNYg,Industrial Chemicals,511,50.0,686,SHIP_V_1618,9.22
SHIP_V_1923,sdv-id-YqLFLI,Ready-made Garments,889,8.5,638,SHIP_V_1923,103.58823529411764
SHIP_V_1158,sdv-id-ikrsfy,Solar Panels,56,120.0,975,SHIP_V_1158,-0.5333333333333333
SHIP_V_1966,sdv-id-jkfwJE,Industrial Chemicals,19,50.0,979,SHIP_V_1966,-0.62
SHIP_V_1033,sdv-id-eHsIVu,Ready-made Garments,258,8.5,261,SHIP_V_1033,29.352941176470587
SHIP_V_1686,sdv-id-HOlGLM,Raw Jute,410,5.0,1479,SHIP_V_1686,81.0
SHIP_V_1265,sdv-id-NJzCrI,Smartphones,2025,300.0,105,SHIP_V_1265,5.75
SHIP_V_1408,sdv-id-XiwyuW,Ready-made Garments,3,8.5,1562,SHIP_V_1408,-0.6470588235294118
SHIP_V_1028,sdv-id-cACklO,Ready-made Garments,940,8.5,859,SHIP_V_1028,109.58823529411764
SHIP_V_1666,sdv-id-AevAzG,Ready-made Garments,572,8.5,812,SHIP_V_1666,66.29411764705883
SHIP_V_1515,sdv-id-lWkfjE,Raw Jute,461,5.0,1066,SHIP_V_1515,91.2
SHIP_V_1134,sdv-id-wgalNE,Solar Panels,90,120.0,1722,SHIP_V_1134,-0.25
SHIP_V_1187,sdv-id-pNrXUN,Smartphones,189,300.0,1112,SHIP_V_1187,-0.37
SHIP_V_1966,sdv-id-sTfBXv,Solar Panels,107,120.0,650,SHIP_V_1966,-0.1083333333333333
SHIP_V_1419,sdv-id-gZlmXw,Industrial Chemicals,1037,50.0,992,SHIP_V_1419,19.74
SHIP_V_1597,sdv-id-EaEmsk,Industrial Chemicals,103,50.0,817,SHIP_V_1597,1.06
SHIP_V_1872,sdv-id-DSyFHG,Ready-made Garments,596,8.5,1547,SHIP_V_1872,69.11764705882354
SHIP_V_1247,sdv-id-XqMFcB,Smartphones,56,300.0,1294,SHIP_V_1247,-0.8133333333333334
SHIP_V_1208,sdv-id-ZEgjZz,Ready-made Garments,1288,8.5,1202,SHIP_V_1208,150.52941176470588
SHIP_V_1239,sdv-id-Rlrbno,Smartphones,186,300.0,1774,SHIP_V_1239,-0.38
SHIP_V_1265,sdv-id-WOfkPl,Raw Jute,844,5.0,1969,SHIP_V_1265,167.8
SHIP_V_1103,sdv-id-WFTysl,Raw Jute,774,5.0,1665,SHIP_V_1103,153.8
SHIP_V_1059,sdv-id-qHbRxh,Raw Jute,927,5.0,1634,SHIP_V_1059,184.4
SHIP_V_1369,sdv-id-YZHGee,Smartphones,239,300.0,1775,SHIP_V_1369,-0.2033333333333333
SHIP_V_1186,sdv-id-fxpECf,Industrial Chemicals,825,50.0,981,SHIP_V_1186,15.5
SHIP_V_1863,sdv-id-MkXDvr,Raw Jute,915,5.0,1651,SHIP_V_1863,182.0
SHIP_V_1078,sdv-id-bpZPBT,Smartphones,223,300.0,1398,SHIP_V_1078,-0.2566666666666666
SHIP_V_1013,sdv-id-PFALmf,Raw Jute,1298,5.0,280,SHIP_V_1013,258.6
SHIP_V_1477,sdv-id-bpxOAN,Solar Panels,781,120.0,1703,SHIP_V_1477,5.508333333333334
SHIP_V_1499,sdv-id-rAWzgf,Raw Jute,107,5.0,1756,SHIP_V_1499,20.4
SHIP_V_1075,sdv-id-ckuEDG,Smartphones,344,300.0,325,SHIP_V_1075,0.1466666666666666
SHIP_V_1652,sdv-id-zyZEdt,Raw Jute,334,5.0,1957,SHIP_V_1652,65.8
SHIP_V_1992,sdv-id-LQMeOH,Smartphones,889,300.0,1041,SHIP_V_1992,1.9633333333333336
SHIP_V_1924,sdv-id-cYUgUY,Raw Jute,9,5.0,1990,SHIP_V_1924,0.8
SHIP_V_1600,sdv-id-HoiTUg,Smartphones,408,300.0,1942,SHIP_V_1600,0.36
SHIP_V_1206,sdv-id-FVLSjB,Industrial Chemicals,630,50.0,1806,SHIP_V_1206,11.6
SHIP_V_1926,sdv-id-YfajeY,Industrial Chemicals,641,50.0,497,SHIP_V_1926,11.82
SHIP_V_1887,sdv-id-PypbeQ,Ready-made Garments,4,8.5,1743,SHIP_V_1887,-0.5294117647058824
SHIP_V_1386,sdv-id-QHjlVL,Industrial Chemicals,1904,50.0,379,SHIP_V_1386,37.08
SHIP_V_1552,sdv-id-evYuXT,Raw Jute,157,5.0,1837,SHIP_V_1552,30.4
SHIP_V_1468,sdv-id-ZbQUsY,Solar Panels,94,120.0,364,SHIP_V_1468,-0.2166666666666666
SHIP_V_1286,sdv-id-KNetUd,Raw Jute,610,5.0,223,SHIP_V_1286,121.0
SHIP_V_1054,sdv-id-jEIENO,Solar Panels,517,120.0,1514,SHIP_V_1054,3.308333333333333
SHIP_V_1401,sdv-id-RUpXpZ,Industrial Chemicals,62,50.0,1091,SHIP_V_1401,0.24
SHIP_V_1249,sdv-id-zqMISn,Smartphones,685,300.0,1726,SHIP_V_1249,1.2833333333333334
SHIP_V_1967,sdv-id-tzGMBA,Ready-made Garments,275,8.5,705,SHIP_V_1967,31.352941176470587
SHIP_V_1351,sdv-id-qqjqqR,Smartphones,872,300.0,470,SHIP_V_1351,1.9066666666666667
SHIP_V_1499,sdv-id-vsrEPi,Industrial Chemicals,400,50.0,1045,SHIP_V_1499,7.0
SHIP_V_1023,sdv-id-oUYNNu,Ready-made Garments,735,8.5,1952,SHIP_V_1023,85.47058823529412
SHIP_V_1613,sdv-id-ngMVKK,Smartphones,139,300.0,1159,SHIP_V_1613,-0.5366666666666666
SHIP_V_1831,sdv-id-dwOxkf,Raw Jute,626,5.0,767,SHIP_V_1831,124.2
SHIP_V_1683,sdv-id-GMLTLt,Ready-made Garments,377,8.5,470,SHIP_V_1683,43.35294117647059
SHIP_V_1676,sdv-id-ZLWrIL,Raw Jute,1263,5.0,1654,SHIP_V_1676,251.6
SHIP_V_1038,sdv-id-UbiuKY,Solar Panels,246,120.0,693,SHIP_V_1038,1.05
SHIP_V_1605,sdv-id-BlYmGL,Solar Panels,867,120.0,681,SHIP_V_1605,6.225
SHIP_V_1076,sdv-id-sBppJo,Smartphones,987,300.0,143,SHIP_V_1076,2.29
SHIP_V_1976,sdv-id-ZjQYOQ,Smartphones,1036,300.0,317,SHIP_V_1976,2.453333333333333
SHIP_V_1974,sdv-id-RobUFr,Industrial Chemicals,837,50.0,1915,SHIP_V_1974,15.74
SHIP_V_1174,sdv-id-JTwgmr,Smartphones,1988,300.0,1316,SHIP_V_1174,5.626666666666667
SHIP_V_1811,sdv-id-SGcnsZ,Raw Jute,872,5.0,236,SHIP_V_1811,173.4
SHIP_V_1221,sdv-id-SJFKJv,Industrial Chemicals,662,50.0,192,SHIP_V_1221,12.24
SHIP_V_1865,sdv-id-lglhzA,Smartphones,513,300.0,1966,SHIP_V_1865,0.71
SHIP_V_1168,sdv-id-uVMPTe,Ready-made Garments,508,8.5,1162,SHIP_V_1168,58.76470588235294
SHIP_V_1796,sdv-id-SZUiij,Solar Panels,551,120.0,1823,SHIP_V_1796,3.591666666666667
SHIP_V_1016,sdv-id-zEudCU,Solar Panels,1087,120.0,398,SHIP_V_1016,8.058333333333334
SHIP_V_1228,sdv-id-LauDct,Raw Jute,658,5.0,1535,SHIP_V_1228,130.6
SHIP_V_1913,sdv-id-KYzrbC,Ready-made Garments,30,8.5,725,SHIP_V_1913,2.5294117647058822
SHIP_V_1777,sdv-id-LRfYFw,Solar Panels,675,120.0,1679,SHIP_V_1777,4.625
SHIP_V_1631,sdv-id-EhzYrr,Smartphones,815,300.0,1918,SHIP_V_1631,1.7166666666666666
SHIP_V_1640,sdv-id-GiZpSF,Smartphones,938,300.0,246,SHIP_V_1640,2.1266666666666665
SHIP_V_1905,sdv-id-arcfDp,Ready-made Garments,2588,8.5,370,SHIP_V_1905,303.47058823529414
SHIP_V_1459,sdv-id-HzzmRO,Smartphones,6,300.0,1406,SHIP_V_1459,-0.98
SHIP_V_1505,sdv-id-ZnENHe,Industrial Chemicals,1057,50.0,1643,SHIP_V_1505,20.14
SHIP_V_1252,sdv-id-goKGNb,Industrial Chemicals,1491,50.0,810,SHIP_V_1252,28.82
SHIP_V_1137,sdv-id-scWyVi,Ready-made Garments,941,8.5,580,SHIP_V_1137,109.70588235294116
SHIP_V_1069,sdv-id-OSGDwm,Smartphones,127,300.0,599,SHIP_V_1069,-0.5766666666666667
SHIP_V_1603,sdv-id-giNIck,Solar Panels,313,120.0,1773,SHIP_V_1603,1.6083333333333334
SHIP_V_1721,sdv-id-ZmvLEf,Industrial Chemicals,608,50.0,1634,SHIP_V_1721,11.16
SHIP_V_1546,sdv-id-pvAfWj,Solar Panels,243,120.0,1287,SHIP_V_1546,1.025
SHIP_V_1937,sdv-id-rzbmgc,Smartphones,1401,300.0,150,SHIP_V_1937,3.67
SHIP_V_1717,sdv-id-WrUunx,Solar Panels,886,120.0,342,SHIP_V_1717,6.383333333333334
SHIP_V_1820,sdv-id-auZRSA,Ready-made Garments,800,8.5,674,SHIP_V_1820,93.11764705882354
SHIP_V_1612,sdv-id-nFPEjk,Smartphones,400,300.0,1277,SHIP_V_1612,0.3333333333333333
SHIP_V_1676,sdv-id-Gvqcrw,Smartphones,1685,300.0,1090,SHIP_V_1676,4.616666666666666
SHIP_V_1559,sdv-id-QjSfjv,Smartphones,2244,300.0,1479,SHIP_V_1559,6.48
SHIP_V_1393,sdv-id-CwvcaZ,Industrial Chemicals,15,50.0,1863,SHIP_V_1393,-0.7
SHIP_V_1015,sdv-id-SuMpZo,Industrial Chemicals,489,50.0,1129,SHIP_V_1015,8.78
SHIP_V_1193,sdv-id-nEkIIn,Smartphones,745,300.0,1007,SHIP_V_1193,1.4833333333333334
SHIP_V_1907,sdv-id-fFBwai,Ready-made Garments,820,8.5,1817,SHIP_V_1907,95.47058823529412
SHIP_V_1234,sdv-id-VDmqEQ,Smartphones,92,300.0,1154,SHIP_V_1234,-0.6933333333333334
SHIP_V_1264,sdv-id-ywGUmO,Raw Jute,97,5.0,573,SHIP_V_1264,18.4
SHIP_V_1895,sdv-id-vkpLoS,Industrial Chemicals,220,50.0,897,SHIP_V_1895,3.4
SHIP_V_1512,sdv-id-ZhrukR,Industrial Chemicals,558,50.0,1097,SHIP_V_1512,10.16
SHIP_V_1002,sdv-id-vrozfs,Ready-made Garments,644,8.5,1339,SHIP_V_1002,74.76470588235294
SHIP_V_1447,sdv-id-ZXgbfz,Smartphones,196,300.0,1677,SHIP_V_1447,-0.3466666666666667
SHIP_V_1810,sdv-id-dEQTzK,Industrial Chemicals,1135,50.0,1142,SHIP_V_1810,21.7
SHIP_V_1877,sdv-id-qVSiRA,Solar Panels,753,120.0,961,SHIP_V_1877,5.275
SHIP_V_1390,sdv-id-lguVpV,Raw Jute,29,5.0,1079,SHIP_V_1390,4.8
SHIP_V_1079,sdv-id-XXGYrL,Smartphones,201,300.0,882,SHIP_V_1079,-0.33
SHIP_V_1952,sdv-id-RufXSn,Ready-made Garments,944,8.5,857,SHIP_V_1952,110.05882352941175
SHIP_V_1501,sdv-id-hEFXYx,Raw Jute,925,5.0,1637,SHIP_V_1501,184.0
SHIP_V_1450,sdv-id-jIFFlO,Solar Panels,227,120.0,1001,SHIP_V_1450,0.8916666666666667
SHIP_V_1767,sdv-id-IsKcKW,Industrial Chemicals,1010,50.0,1341,SHIP_V_1767,19.2
SHIP_V_1356,sdv-id-gBJkWV,Solar Panels,531,120.0,1738,SHIP_V_1356,3.425
SHIP_V_1456,sdv-id-BxZmOh,Smartphones,1357,300.0,1062,SHIP_V_1456,3.5233333333333334
SHIP_V_1900,sdv-id-zULxHv,Industrial Chemicals,506,50.0,1347,SHIP_V_1900,9.12
SHIP_V_1109,sdv-id-LEcWfe,Raw Jute,837,5.0,1799,SHIP_V_1109,166.4
SHIP_V_1223,sdv-id-ZbGcal,Solar Panels,153,120.0,1771,SHIP_V_1223,0.275
SHIP_V_1420,sdv-id-fvvQpU,Solar Panels,1250,120.0,205,SHIP_V_1420,9.416666666666666
SHIP_V_1141,sdv-id-GdhOAQ,Raw Jute,216,5.0,1841,SHIP_V_1141,42.2
SHIP_V_1490,sdv-id-TTeusU,Ready-made Garments,570,8.5,758,SHIP_V_1490,66.05882352941177
SHIP_V_1201,sdv-id-xXZBBh,Ready-made Garments,8,8.5,1441,SHIP_V_1201,-0.0588235294117647
SHIP_V_1284,sdv-id-lxCWwp,Ready-made Garments,438,8.5,1500,SHIP_V_1284,50.52941176470589
SHIP_V_1460,sdv-id-kogIHB,Solar Panels,452,120.0,1418,SHIP_V_1460,2.7666666666666666
SHIP_V_1155,sdv-id-cvhYJg,Raw Jute,298,5.0,773,SHIP_V_1155,58.6
SHIP_V_1143,sdv-id-hFBTYy,Raw Jute,578,5.0,1187,SHIP_V_1143,114.6
SHIP_V_1234,sdv-id-MaeiFu,Solar Panels,739,120.0,111,SHIP_V_1234,5.158333333333333
SHIP_V_1111,sdv-id-daefrQ,Ready-made Garments,1395,8.5,717,SHIP_V_1111,163.11764705882354
SHIP_V_1811,sdv-id-XNfopL,Industrial Chemicals,859,50.0,612,SHIP_V_1811,16.18
SHIP_V_1392,sdv-id-YtALVc,Industrial Chemicals,469,50.0,928,SHIP_V_1392,8.38
SHIP_V_1973,sdv-id-tcCaGA,Raw Jute,1359,5.0,591,SHIP_V_1973,270.8
SHIP_V_1644,sdv-id-UhRvpz,Industrial Chemicals,717,50.0,707,SHIP_V_1644,13.34
SHIP_V_1253,sdv-id-ImpIeD,Ready-made Garments,1202,8.5,613,SHIP_V_1253,140.41176470588235
SHIP_V_1463,sdv-id-uhaTMp,Raw Jute,1667,5.0,264,SHIP_V_1463,332.4
SHIP_V_1308,sdv-id-YhavtM,Smartphones,1062,300.0,174,SHIP_V_1308,2.54
SHIP_V_1186,sdv-id-sqokNR,Raw Jute,1068,5.0,519,SHIP_V_1186,212.6
SHIP_V_1726,sdv-id-ApyDCf,Solar Panels,805,120.0,1151,SHIP_V_1726,5.708333333333333
SHIP_V_1196,sdv-id-woKyBH,Ready-made Garments,902,8.5,1084,SHIP_V_1196,105.11764705882354
SHIP_V_1215,sdv-id-mZCerK,Industrial Chemicals,98,50.0,1404,SHIP_V_1215,0.96
SHIP_V_1152,sdv-id-rCckLA,Raw Jute,2382,5.0,816,SHIP_V_1152,475.4
SHIP_V_1921,sdv-id-iPbFFA,Smartphones,866,300.0,976,SHIP_V_1921,1.8866666666666667
SHIP_V_1690,sdv-id-iDauHZ,Smartphones,381,300.0,1262,SHIP_V_1690,0.27
SHIP_V_1613,sdv-id-gtOGSh,Ready-made Garments,186,8.5,1540,SHIP_V_1613,20.88235294117647
SHIP_V_1524,sdv-id-RLGzzI,Smartphones,845,300.0,862,SHIP_V_1524,1.8166666666666669
SHIP_V_1522,sdv-id-eYZixp,Smartphones,392,300.0,483,SHIP_V_1522,0.3066666666666666
SHIP_V_1640,sdv-id-eISUQN,Raw Jute,808,5.0,451,SHIP_V_1640,160.6
SHIP_V_1565,sdv-id-aXNXgi,Raw Jute,1587,5.0,1025,SHIP_V_1565,316.4
SHIP_V_1020,sdv-id-PRJsPW,Industrial Chemicals,1844,50.0,1942,SHIP_V_1020,35.88
SHIP_V_1488,sdv-id-NLthQB,Ready-made Garments,436,8.5,1922,SHIP_V_1488,50.294117647058826
SHIP_V_1518,sdv-id-OLaMYb,Industrial Chemicals,88,50.0,1784,SHIP_V_1518,0.76
SHIP_V_1047,sdv-id-jbxhEW,Smartphones,73,300.0,1863,SHIP_V_1047,-0.7566666666666667
SHIP_V_1624,sdv-id-qnMTCc,Industrial Chemicals,685,50.0,1752,SHIP_V_1624,12.7
SHIP_V_1478,sdv-id-eFaGJS,Industrial Chemicals,1450,50.0,189,SHIP_V_1478,28.0
SHIP_V_1580,sdv-id-hRVpHk,Solar Panels,1684,120.0,300,SHIP_V_1580,13.033333333333331
SHIP_V_1260,sdv-id-NuPNeu,Industrial Chemicals,941,50.0,794,SHIP_V_1260,17.82
SHIP_V_1033,sdv-id-vSBdNm,Industrial Chemicals,838,50.0,1117,SHIP_V_1033,15.76
SHIP_V_1894,sdv-id-wipXsm,Industrial Chemicals,1484,50.0,190,SHIP_V_1894,28.68
SHIP_V_1056,sdv-id-ZXtdQV,Solar Panels,632,120.0,1181,SHIP_V_1056,4.266666666666667
SHIP_V_1405,sdv-id-rXFbSi,Smartphones,235,300.0,189,SHIP_V_1405,-0.2166666666666666
SHIP_V_1760,sdv-id-hHSRdM,Industrial Chemicals,1706,50.0,883,SHIP_V_1760,33.12
SHIP_V_1988,sdv-id-QZUrkj,Solar Panels,247,120.0,410,SHIP_V_1988,1.0583333333333331
SHIP_V_1174,sdv-id-jyFiBZ,Industrial Chemicals,657,50.0,580,SHIP_V_1174,12.14
SHIP_V_1938,sdv-id-DdcCqL,Industrial Chemicals,1294,50.0,457,SHIP_V_1938,24.88
SHIP_V_1552,sdv-id-yXRdLo,Smartphones,396,300.0,1437,SHIP_V_1552,0.32
SHIP_V_1206,sdv-id-TMBNlc,Smartphones,1249,300.0,1795,SHIP_V_1206,3.1633333333333336
SHIP_V_1085,sdv-id-TaTMXc,Smartphones,81,300.0,1144,SHIP_V_1085,-0.73
SHIP_V_1628,sdv-id-fqXZoM,Industrial Chemicals,424,50.0,1232,SHIP_V_1628,7.48
SHIP_V_1564,sdv-id-XHIAPq,Raw Jute,1361,5.0,1325,SHIP_V_1564,271.2
SHIP_V_1464,sdv-id-tbAuGL,Raw Jute,486,5.0,1693,SHIP_V_1464,96.2
SHIP_V_1091,sdv-id-HFHnjL,Ready-made Garments,626,8.5,1887,SHIP_V_1091,72.6470588235294
SHIP_V_1100,sdv-id-CxqdvR,Solar Panels,1791,120.0,312,SHIP_V_1100,13.925
SHIP_V_1816,sdv-id-vPucJi,Industrial Chemicals,492,50.0,753,SHIP_V_1816,8.84
SHIP_V_1420,sdv-id-mISjpg,Smartphones,2,300.0,287,SHIP_V_1420,-0.9933333333333332
SHIP_V_1591,sdv-id-RkSWPw,Ready-made Garments,251,8.5,1911,SHIP_V_1591,28.529411764705884
SHIP_V_1773,sdv-id-rkkxae,Smartphones,1861,300.0,1073,SHIP_V_1773,5.203333333333333
SHIP_V_1426,sdv-id-ihvGye,Smartphones,366,300.0,1717,SHIP_V_1426,0.22
SHIP_V_1314,sdv-id-bMibin,Smartphones,411,300.0,1845,SHIP_V_1314,0.37
SHIP_V_1116,sdv-id-KtyjSt,Smartphones,416,300.0,1188,SHIP_V_1116,0.3866666666666666
SHIP_V_1067,sdv-id-PRsEYn,Solar Panels,860,120.0,1978,SHIP_V_1067,6.166666666666667
SHIP_V_1162,sdv-id-agWKDM,Smartphones,310,300.0,874,SHIP_V_1162,0.0333333333333333
SHIP_V_1127,sdv-id-MssDnE,Ready-made Garments,189,8.5,1732,SHIP_V_1127,21.235294117647054
SHIP_V_1049,sdv-id-ygCUWs,Smartphones,623,300.0,1643,SHIP_V_1049,1.0766666666666669
SHIP_V_1236,sdv-id-fTKNZm,Industrial Chemicals,1482,50.0,1562,SHIP_V_1236,28.64
SHIP_V_1430,sdv-id-ZzPZJU,Raw Jute,318,5.0,1612,SHIP_V_1430,62.6
SHIP_V_1443,sdv-id-wCfoNd,Ready-made Garments,1121,8.5,429,SHIP_V_1443,130.88235294117646
SHIP_V_1604,sdv-id-oHpGqU,Smartphones,219,300.0,1387,SHIP_V_1604,-0.27
SHIP_V_1040,sdv-id-pCUKIa,Industrial Chemicals,41,50.0,1530,SHIP_V_1040,-0.18
SHIP_V_1241,sdv-id-AsjnhK,Ready-made Garments,729,8.5,1505,SHIP_V_1241,84.76470588235294
SHIP_V_1934,sdv-id-dpbrpe,Raw Jute,854,5.0,227,SHIP_V_1934,169.8
SHIP_V_1731,sdv-id-lnkFDM,Ready-made Garments,231,8.5,380,SHIP_V_1731,26.176470588235293
SHIP_V_1119,sdv-id-jRAhPQ,Smartphones,997,300.0,1328,SHIP_V_1119,2.3233333333333333
SHIP_V_1513,sdv-id-YHeWVc,Industrial Chemicals,106,50.0,1561,SHIP_V_1513,1.12
SHIP_V_1990,sdv-id-HRAmxY,Raw Jute,1261,5.0,136,SHIP_V_1990,251.2
SHIP_V_1493,sdv-id-kZAcGx,Ready-made Garments,723,8.5,1825,SHIP_V_1493,84.05882352941177
SHIP_V_1774,sdv-id-BbeeSl,Solar Panels,794,120.0,710,SHIP_V_1774,5.616666666666666
SHIP_V_1072,sdv-id-gMxRtD,Raw Jute,1680,5.0,121,SHIP_V_1072,335.0
SHIP_V_1423,sdv-id-eIeMah,Smartphones,1946,300.0,1260,SHIP_V_1423,5.486666666666666
SHIP_V_1414,sdv-id-tBhIWE,Ready-made Garments,1158,8.5,974,SHIP_V_1414,135.23529411764707
SHIP_V_1016,sdv-id-tpvcBf,Solar Panels,436,120.0,258,SHIP_V_1016,2.6333333333333333
SHIP_V_1350,sdv-id-lWFXxK,Smartphones,806,300.0,932,SHIP_V_1350,1.6866666666666668
SHIP_V_1001,sdv-id-saLSjS,Industrial Chemicals,707,50.0,845,SHIP_V_1001,13.14
SHIP_V_1511,sdv-id-DZXpHw,Industrial Chemicals,307,50.0,851,SHIP_V_1511,5.14
SHIP_V_1567,sdv-id-MsVwYZ,Solar Panels,676,120.0,729,SHIP_V_1567,4.633333333333334
SHIP_V_1341,sdv-id-jpXPCU,Raw Jute,83,5.0,457,SHIP_V_1341,15.6
SHIP_V_1866,sdv-id-mOsfeO,Ready-made Garments,463,8.5,1194,SHIP_V_1866,53.47058823529411
SHIP_V_1838,sdv-id-baUnya,Ready-made Garments,309,8.5,1663,SHIP_V_1838,35.35294117647059
SHIP_V_1040,sdv-id-xqTriH,Smartphones,1259,300.0,601,SHIP_V_1040,3.1966666666666668
SHIP_V_1149,sdv-id-GhTCMr,Smartphones,921,300.0,972,SHIP_V_1149,2.07
SHIP_V_1995,sdv-id-XPlZiU,Solar Panels,680,120.0,1770,SHIP_V_1995,4.666666666666667
SHIP_V_1178,sdv-id-cPGHIq,Smartphones,884,300.0,1887,SHIP_V_1178,1.9466666666666668
SHIP_V_1086,sdv-id-kmQhMh,Industrial Chemicals,511,50.0,963,SHIP_V_1086,9.22
SHIP_V_1292,sdv-id-qSTEHk,Raw Jute,925,5.0,228,SHIP_V_1292,184.0
SHIP_V_1113,sdv-id-AxeWQP,Raw Jute,1710,5.0,348,SHIP_V_1113,341.0
SHIP_V_1541,sdv-id-ILxqSu,Raw Jute,677,5.0,698,SHIP_V_1541,134.4
SHIP_V_1393,sdv-id-sLyPGD,Smartphones,439,300.0,1331,SHIP_V_1393,0.4633333333333333
SHIP_V_1433,sdv-id-fkDckG,Smartphones,303,300.0,1236,SHIP_V_1433,0.01
SHIP_V_1327,sdv-id-AfWsmw,Smartphones,935,300.0,578,SHIP_V_1327,2.1166666666666667
SHIP_V_1652,sdv-id-xdmPkC,Ready-made Garments,1325,8.5,344,SHIP_V_1652,154.88235294117646
SHIP_V_1031,sdv-id-hUDNCe,Ready-made Garments,607,8.5,468,SHIP_V_1031,70.41176470588235
SHIP_V_1943,sdv-id-bovayI,Ready-made Garments,438,8.5,856,SHIP_V_1943,50.52941176470589
SHIP_V_1487,sdv-id-woTWOc,Raw Jute,1526,5.0,120,SHIP_V_1487,304.2
SHIP_V_1735,sdv-id-LSNBvK,Smartphones,13,300.0,571,SHIP_V_1735,-0.9566666666666668
SHIP_V_1527,sdv-id-ZKojYr,Raw Jute,342,5.0,1871,SHIP_V_1527,67.4
SHIP_V_1273,sdv-id-TOIOkU,Raw Jute,1420,5.0,1456,SHIP_V_1273,283.0
SHIP_V_1386,sdv-id-jWjVRP,Industrial Chemicals,809,50.0,225,SHIP_V_1386,15.18
SHIP_V_1199,sdv-id-KFpzEz,Smartphones,796,300.0,322,SHIP_V_1199,1.653333333333333
SHIP_V_1566,sdv-id-KSPpaE,Smartphones,140,300.0,1109,SHIP_V_1566,-0.5333333333333333
SHIP_V_1872,sdv-id-yomCCb,Solar Panels,19,120.0,1864,SHIP_V_1872,-0.8416666666666667
SHIP_V_1748,sdv-id-mfxBgL,Solar Panels,57,120.0,573,SHIP_V_1748,-0.525
SHIP_V_1087,sdv-id-hKcDmP,Ready-made Garments,941,8.5,1369,SHIP_V_1087,109.70588235294116
SHIP_V_1721,sdv-id-oGFlsO,Ready-made Garments,66,8.5,1957,SHIP_V_1721,6.764705882352941
SHIP_V_1352,sdv-id-jxFHtS,Ready-made Garments,1114,8.5,1498,SHIP_V_1352,130.05882352941177
SHIP_V_1274,sdv-id-wMTiSR,Industrial Chemicals,308,50.0,1487,SHIP_V_1274,5.16
SHIP_V_1720,sdv-id-skQeqz,Industrial Chemicals,170,50.0,459,SHIP_V_1720,2.4
SHIP_V_1489,sdv-id-KssrGA,Smartphones,166,300.0,316,SHIP_V_1489,-0.4466666666666666
SHIP_V_1883,sdv-id-pywxwS,Ready-made Garments,66,8.5,1842,SHIP_V_1883,6.764705882352941
SHIP_V_1655,sdv-id-gzyRWR,Raw Jute,30,5.0,1975,SHIP_V_1655,5.0
SHIP_V_1581,sdv-id-uJiRXU,Ready-made Garments,2567,8.5,572,SHIP_V_1581,301.0
SHIP_V_1291,sdv-id-EQjTxG,Smartphones,1115,300.0,1593,SHIP_V_1291,2.716666666666667
SHIP_V_1881,sdv-id-thhuQR,Raw Jute,949,5.0,1970,SHIP_V_1881,188.8
SHIP_V_1220,sdv-id-mozphI,Raw Jute,204,5.0,127,SHIP_V_1220,39.8
SHIP_V_1982,sdv-id-bITlpZ,Smartphones,789,300.0,1492,SHIP_V_1982,1.63
SHIP_V_1083,sdv-id-RZaOlX,Solar Panels,54,120.0,1243,SHIP_V_1083,-0.55
SHIP_V_1113,sdv-id-iotvmp,Industrial Chemicals,930,50.0,214,SHIP_V_1113,17.6
SHIP_V_1078,sdv-id-CGufJL,Industrial Chemicals,128,50.0,1800,SHIP_V_1078,1.56
SHIP_V_1685,sdv-id-zNIAuN,Ready-made Garments,210,8.5,786,SHIP_V_1685,23.705882352941178
SHIP_V_1177,sdv-id-DQLtGn,Smartphones,105,300.0,1604,SHIP_V_1177,-0.65
SHIP_V_1200,sdv-id-CsVzyD,Ready-made Garments,1393,8.5,1905,SHIP_V_1200,162.88235294117646
SHIP_V_1606,sdv-id-sGDfjJ,Raw Jute,648,5.0,1138,SHIP_V_1606,128.6
SHIP_V_1850,sdv-id-MaLuKH,Ready-made Garments,861,8.5,1967,SHIP_V_1850,100.29411764705884
SHIP_V_1505,sdv-id-OCITVg,Raw Jute,963,5.0,513,SHIP_V_1505,191.6
SHIP_V_1027,sdv-id-VnXBTw,Smartphones,1211,300.0,787,SHIP_V_1027,3.036666666666666
SHIP_V_1201,sdv-id-zXskMY,Industrial Chemicals,511,50.0,289,SHIP_V_1201,9.22
SHIP_V_1492,sdv-id-EYLwgs,Industrial Chemicals,1257,50.0,619,SHIP_V_1492,24.14
SHIP_V_1917,sdv-id-NySWxw,Ready-made Garments,165,8.5,1942,SHIP_V_1917,18.41176470588235
SHIP_V_1569,sdv-id-ASvUjk,Smartphones,853,300.0,398,SHIP_V_1569,1.8433333333333333
SHIP_V_1862,sdv-id-mVYjlh,Industrial Chemicals,2572,50.0,384,SHIP_V_1862,50.44
SHIP_V_1501,sdv-id-gLFtmI,Raw Jute,371,5.0,441,SHIP_V_1501,73.2
SHIP_V_1119,sdv-id-PHHeaK,Industrial Chemicals,2114,50.0,461,SHIP_V_1119,41.28
SHIP_V_1080,sdv-id-QyRHyn,Industrial Chemicals,1170,50.0,774,SHIP_V_1080,22.4
SHIP_V_1882,sdv-id-ZdzfRk,Raw Jute,1209,5.0,778,SHIP_V_1882,240.8
SHIP_V_1208,sdv-id-lPWGos,Raw Jute,821,5.0,567,SHIP_V_1208,163.2
SHIP_V_1649,sdv-id-ngBRut,Smartphones,2205,300.0,1837,SHIP_V_1649,6.35
SHIP_V_1587,sdv-id-lHaeRf,Solar Panels,121,120.0,1996,SHIP_V_1587,0.0083333333333333
SHIP_V_1927,sdv-id-uQdVWJ,Raw Jute,2074,5.0,1616,SHIP_V_1927,413.8
SHIP_V_1355,sdv-id-KMDChg,Industrial Chemicals,1122,50.0,1592,SHIP_V_1355,21.44
SHIP_V_1223,sdv-id-KPCgSk,Industrial Chemicals,546,50.0,1784,SHIP_V_1223,9.92
SHIP_V_1377,sdv-id-hUEVMJ,Solar Panels,650,120.0,771,SHIP_V_1377,4.416666666666667
SHIP_V_1552,sdv-id-RPGnpY,Smartphones,57,300.0,920,SHIP_V_1552,-0.81
SHIP_V_1889,sdv-id-EsjPGW,Smartphones,386,300.0,627,SHIP_V_1889,0.2866666666666667
SHIP_V_1751,sdv-id-kwfxiy,Smartphones,552,300.0,1342,SHIP_V_1751,0.84
SHIP_V_1367,sdv-id-FMfLWW,Smartphones,393,300.0,1764,SHIP_V_1367,0.31
SHIP_V_1768,sdv-id-UnEOiS,Ready-made Garments,1122,8.5,108,SHIP_V_1768,131.0
SHIP_V_1097,sdv-id-sJrlHQ,Raw Jute,91,5.0,920,SHIP_V_1097,17.2
SHIP_V_1102,sdv-id-QximJE,Industrial Chemicals,125,50.0,1803,SHIP_V_1102,1.5
SHIP_V_1681,sdv-id-OKjQLf,Solar Panels,995,120.0,711,SHIP_V_1681,7.291666666666667
SHIP_V_1251,sdv-id-ywuUtQ,Smartphones,626,300.0,1664,SHIP_V_1251,1.086666666666667
SHIP_V_1149,sdv-id-aoOJRR,Smartphones,841,300.0,414,SHIP_V_1149,1.8033333333333332
SHIP_V_1523,sdv-id-sMObNm,Smartphones,183,300.0,1781,SHIP_V_1523,-0.39
SHIP_V_1814,sdv-id-dWFVYX,Smartphones,1175,300.0,1124,SHIP_V_1814,2.9166666666666665
SHIP_V_1577,sdv-id-Zeuegi,Raw Jute,367,5.0,779,SHIP_V_1577,72.4
SHIP_V_1800,sdv-id-MtOPCH,Ready-made Garments,1640,8.5,1866,SHIP_V_1800,191.94117647058823
SHIP_V_1631,sdv-id-POFAMp,Solar Panels,1374,120.0,1745,SHIP_V_1631,10.45
SHIP_V_1477,sdv-id-zFIcak,Smartphones,661,300.0,997,SHIP_V_1477,1.2033333333333334
SHIP_V_1925,sdv-id-ksFlOf,Smartphones,235,300.0,969,SHIP_V_1925,-0.2166666666666666
SHIP_V_1864,sdv-id-tWwnIv,Industrial Chemicals,1810,50.0,926,SHIP_V_1864,35.2
SHIP_V_1002,sdv-id-dLwUnW,Raw Jute,305,5.0,1191,SHIP_V_1002,60.0
SHIP_V_1141,sdv-id-AzXoDf,Smartphones,244,300.0,1553,SHIP_V_1141,-0.1866666666666666
SHIP_V_1428,sdv-id-xggLdA,Ready-made Garments,1147,8.5,295,SHIP_V_1428,133.94117647058823
SHIP_V_1881,sdv-id-BKbWhO,Solar Panels,25,120.0,1900,SHIP_V_1881,-0.7916666666666666
SHIP_V_1227,sdv-id-ebZLgW,Ready-made Garments,884,8.5,319,SHIP_V_1227,103.0
SHIP_V_1201,sdv-id-YHWris,Ready-made Garments,823,8.5,383,SHIP_V_1201,95.82352941176472
SHIP_V_1484,sdv-id-xkBFZy,Raw Jute,514,5.0,247,SHIP_V_1484,101.8
SHIP_V_1213,sdv-id-XAVpaq,Raw Jute,327,5.0,149,SHIP_V_1213,64.4
SHIP_V_1196,sdv-id-BzKSkw,Solar Panels,36,120.0,1884,SHIP_V_1196,-0.7
SHIP_V_1982,sdv-id-rTTTIW,Smartphones,999,300.0,1275,SHIP_V_1982,2.33
SHIP_V_1396,sdv-id-OjETfc,Industrial Chemicals,974,50.0,980,SHIP_V_1396,18.48
SHIP_V_1424,sdv-id-tgaSsZ,Raw Jute,493,5.0,830,SHIP_V_1424,97.6
SHIP_V_1065,sdv-id-HSeXcM,Ready-made Garments,485,8.5,1414,SHIP_V_1065,56.05882352941177
SHIP_V_1560,sdv-id-xLtTqs,Ready-made Garments,15,8.5,1308,SHIP_V_1560,0.7647058823529411
SHIP_V_1984,sdv-id-kmzavk,Raw Jute,751,5.0,120,SHIP_V_1984,149.2
SHIP_V_1572,sdv-id-uoUfGh,Solar Panels,729,120.0,1842,SHIP_V_1572,5.075
SHIP_V_1339,sdv-id-iTWxoh,Industrial Chemicals,657,50.0,614,SHIP_V_1339,12.14
SHIP_V_1946,sdv-id-cIcCKn,Solar Panels,4,120.0,1181,SHIP_V_1946,-0.9666666666666668
SHIP_V_1744,sdv-id-uoHhgn,Industrial Chemicals,426,50.0,747,SHIP_V_1744,7.52
SHIP_V_1684,sdv-id-OggcxH,Smartphones,239,300.0,689,SHIP_V_1684,-0.2033333333333333
SHIP_V_1606,sdv-id-ZKqKyA,Smartphones,1517,300.0,1820,SHIP_V_1606,4.056666666666667
SHIP_V_1466,sdv-id-lstvZX,Industrial Chemicals,421,50.0,1044,SHIP_V_1466,7.42
SHIP_V_1088,sdv-id-FugOGG,Raw Jute,1272,5.0,1162,SHIP_V_1088,253.4
SHIP_V_1172,sdv-id-yruqKs,Smartphones,472,300.0,1803,SHIP_V_1172,0.5733333333333334
SHIP_V_1293,sdv-id-mAatDg,Raw Jute,1748,5.0,1220,SHIP_V_1293,348.6
SHIP_V_1470,sdv-id-GYoYXZ,Smartphones,331,300.0,1261,SHIP_V_1470,0.1033333333333333
SHIP_V_1895,sdv-id-UASway,Solar Panels,785,120.0,753,SHIP_V_1895,5.541666666666667
SHIP_V_1222,sdv-id-Qenokz,Ready-made Garments,69,8.5,1802,SHIP_V_1222,7.117647058823529
SHIP_V_1085,sdv-id-JdygMQ,Industrial Chemicals,394,50.0,1881,SHIP_V_1085,6.88
SHIP_V_1894,sdv-id-qGySNE,Ready-made Garments,702,8.5,1651,SHIP_V_1894,81.58823529411765
SHIP_V_1823,sdv-id-vGWzBk,Smartphones,1299,300.0,747,SHIP_V_1823,3.33
SHIP_V_1843,sdv-id-LoToEf,Smartphones,782,300.0,1758,SHIP_V_1843,1.606666666666667
SHIP_V_1534,sdv-id-zqIHqL,Smartphones,639,300.0,1328,SHIP_V_1534,1.13
SHIP_V_1208,sdv-id-JjbAOy,Smartphones,1268,300.0,1140,SHIP_V_1208,3.2266666666666666
SHIP_V_1106,sdv-id-eZqaqj,Smartphones,93,300.0,982,SHIP_V_1106,-0.69
SHIP_V_1948,sdv-id-qTbLrS,Solar Panels,623,120.0,616,SHIP_V_1948,4.191666666666666
SHIP_V_1191,sdv-id-bknihM,Industrial Chemicals,550,50.0,1172,SHIP_V_1191,10.0
SHIP_V_1250,sdv-id-rJqVfj,Ready-made Garments,440,8.5,1828,SHIP_V_1250,50.76470588235294
SHIP_V_1368,sdv-id-rBHbEP,Industrial Chemicals,799,50.0,1975,SHIP_V_1368,14.98
SHIP_V_1257,sdv-id-GTZXKv,Industrial Chemicals,1454,50.0,138,SHIP_V_1257,28.08
SHIP_V_1877,sdv-id-ADVgig,Raw Jute,186,5.0,425,SHIP_V_1877,36.2
SHIP_V_1592,sdv-id-RZPouR,Raw Jute,1971,5.0,560,SHIP_V_1592,393.2
SHIP_V_1001,sdv-id-DVAyyp,Ready-made Garments,1689,8.5,1644,SHIP_V_1001,197.7058823529412
SHIP_V_1135,sdv-id-epvhVc,Ready-made Garments,1164,8.5,223,SHIP_V_1135,135.94117647058823
SHIP_V_1411,sdv-id-PMBnWU,Ready-made Garments,80,8.5,848,SHIP_V_1411,8.411764705882353
SHIP_V_1139,sdv-id-FywSFK,Raw Jute,548,5.0,673,SHIP_V_1139,108.6
SHIP_V_1427,sdv-id-rygAVF,Ready-made Garments,659,8.5,1161,SHIP_V_1427,76.52941176470588
SHIP_V_1936,sdv-id-sLIoSG,Ready-made Garments,855,8.5,721,SHIP_V_1936,99.58823529411764
SHIP_V_1074,sdv-id-tDoHoL,Raw Jute,763,5.0,1767,SHIP_V_1074,151.6
SHIP_V_1406,sdv-id-WQnjxh,Smartphones,286,300.0,801,SHIP_V_1406,-0.0466666666666666
SHIP_V_1119,sdv-id-kUahNr,Raw Jute,526,5.0,169,SHIP_V_1119,104.2
SHIP_V_1011,sdv-id-QtEYdO,Solar Panels,1847,120.0,1077,SHIP_V_1011,14.391666666666667
SHIP_V_1675,sdv-id-jlfauh,Smartphones,684,300.0,1785,SHIP_V_1675,1.28
SHIP_V_1172,sdv-id-oORqZl,Raw Jute,751,5.0,309,SHIP_V_1172,149.2
SHIP_V_1204,sdv-id-ZtwfDZ,Raw Jute,1496,5.0,1750,SHIP_V_1204,298.2
SHIP_V_1641,sdv-id-enDTzK,Ready-made Garments,120,8.5,731,SHIP_V_1641,13.117647058823527
SHIP_V_1992,sdv-id-krxMTi,Raw Jute,128,5.0,785,SHIP_V_1992,24.6
SHIP_V_1211,sdv-id-SOcNTP,Ready-made Garments,591,8.5,378,SHIP_V_1211,68.52941176470588
SHIP_V_1780,sdv-id-POGMqS,Smartphones,301,300.0,1326,SHIP_V_1780,0.0033333333333333
SHIP_V_1108,sdv-id-KmYAOi,Solar Panels,973,120.0,1035,SHIP_V_1108,7.108333333333333
SHIP_V_1077,sdv-id-frLpGB,Smartphones,532,300.0,446,SHIP_V_1077,0.7733333333333333
SHIP_V_1846,sdv-id-BkmpYO,Ready-made Garments,565,8.5,852,SHIP_V_1846,65.47058823529412
SHIP_V_1742,sdv-id-ilkAhX,Industrial Chemicals,1488,50.0,1190,SHIP_V_1742,28.76
SHIP_V_1307,sdv-id-dHpSXd,Ready-made Garments,659,8.5,1011,SHIP_V_1307,76.52941176470588
SHIP_V_1268,sdv-id-VJoxHR,Solar Panels,1526,120.0,269,SHIP_V_1268,11.716666666666669
SHIP_V_1853,sdv-id-tnRRda,Solar Panels,642,120.0,874,SHIP_V_1853,4.35
SHIP_V_1385,sdv-id-lwvBEx,Smartphones,213,300.0,1121,SHIP_V_1385,-0.29
SHIP_V_1431,sdv-id-tufROX,Ready-made Garments,940,8.5,1608,SHIP_V_1431,109.58823529411764
SHIP_V_1919,sdv-id-OULefl,Ready-made Garments,666,8.5,1563,SHIP_V_1919,77.3529411764706
SHIP_V_1235,sdv-id-IPNLzq,Smartphones,212,300.0,1547,SHIP_V_1235,-0.2933333333333333
SHIP_V_1138,sdv-id-lLhErM,Ready-made Garments,344,8.5,1751,SHIP_V_1138,39.47058823529411
SHIP_V_1685,sdv-id-ZkZCSO,Raw Jute,2231,5.0,1453,SHIP_V_1685,445.2
SHIP_V_1259,sdv-id-ZvanFl,Raw Jute,685,5.0,1039,SHIP_V_1259,136.0
SHIP_V_1343,sdv-id-fLoFyI,Ready-made Garments,140,8.5,1560,SHIP_V_1343,15.470588235294118
SHIP_V_1596,sdv-id-BrcAxP,Industrial Chemicals,1099,50.0,1096,SHIP_V_1596,20.98
SHIP_V_1296,sdv-id-WHvFSo,Smartphones,843,300.0,1682,SHIP_V_1296,1.81
SHIP_V_1603,sdv-id-lvbvbN,Ready-made Garments,221,8.5,943,SHIP_V_1603,25.0
SHIP_V_1041,sdv-id-VtrIWN,Smartphones,284,300.0,618,SHIP_V_1041,-0.0533333333333333
SHIP_V_1451,sdv-id-jVNvMC,Raw Jute,491,5.0,964,SHIP_V_1451,97.2
SHIP_V_1865,sdv-id-IDUIkq,Ready-made Garments,900,8.5,728,SHIP_V_1865,104.88235294117646
SHIP_V_1218,sdv-id-nwLacc,Industrial Chemicals,970,50.0,880,SHIP_V_1218,18.4
SHIP_V_1141,sdv-id-bAMtqO,Smartphones,278,300.0,276,SHIP_V_1141,-0.0733333333333333
SHIP_V_1047,sdv-id-koiupw,Smartphones,983,300.0,649,SHIP_V_1047,2.276666666666667
SHIP_V_1727,sdv-id-dZqCBw,Ready-made Garments,849,8.5,943,SHIP_V_1727,98.88235294117646
SHIP_V_1276,sdv-id-QyUAMH,Ready-made Garments,849,8.5,336,SHIP_V_1276,98.88235294117646
SHIP_V_1697,sdv-id-wtRdek,Solar Panels,245,120.0,1638,SHIP_V_1697,1.0416666666666667
SHIP_V_1815,sdv-id-RsaOki,Ready-made Garments,439,8.5,273,SHIP_V_1815,50.64705882352941
SHIP_V_1455,sdv-id-eZHKrR,Solar Panels,389,120.0,180,SHIP_V_1455,2.2416666666666667
SHIP_V_1386,sdv-id-NteJRd,Industrial Chemicals,240,50.0,828,SHIP_V_1386,3.8
SHIP_V_1826,sdv-id-AaoIAC,Solar Panels,943,120.0,1182,SHIP_V_1826,6.858333333333333
SHIP_V_1886,sdv-id-GNHbiG,Raw Jute,83,5.0,1969,SHIP_V_1886,15.6
SHIP_V_1929,sdv-id-jNdHRb,Raw Jute,184,5.0,1971,SHIP_V_1929,35.8
SHIP_V_1595,sdv-id-lvUphN,Raw Jute,442,5.0,154,SHIP_V_1595,87.4
SHIP_V_1757,sdv-id-DnXnpA,Raw Jute,140,5.0,688,SHIP_V_1757,27.0
SHIP_V_1581,sdv-id-HJccCc,Smartphones,182,300.0,1044,SHIP_V_1581,-0.3933333333333333
SHIP_V_1906,sdv-id-pvwDuz,Smartphones,646,300.0,1007,SHIP_V_1906,1.153333333333333
SHIP_V_1259,sdv-id-ImLvei,Smartphones,285,300.0,1443,SHIP_V_1259,-0.05
SHIP_V_1287,sdv-id-hFYMuu,Smartphones,1901,300.0,376,SHIP_V_1287,5.336666666666667
SHIP_V_1939,sdv-id-fWXVKq,Solar Panels,372,120.0,1129,SHIP_V_1939,2.1
SHIP_V_1185,sdv-id-ZWbnnm,Smartphones,1782,300.0,1293,SHIP_V_1185,4.94
SHIP_V_1451,sdv-id-GDKldJ,Ready-made Garments,121,8.5,856,SHIP_V_1451,13.235294117647058
SHIP_V_1503,sdv-id-TpnvuT,Industrial Chemicals,446,50.0,350,SHIP_V_1503,7.92
SHIP_V_1163,sdv-id-SKzggi,Solar Panels,46,120.0,132,SHIP_V_1163,-0.6166666666666667
SHIP_V_1531,sdv-id-lslnEO,Smartphones,1687,300.0,853,SHIP_V_1531,4.623333333333333
SHIP_V_1844,sdv-id-sqNmNu,Ready-made Garments,1500,8.5,769,SHIP_V_1844,175.47058823529412
SHIP_V_1668,sdv-id-MoZBqK,Ready-made Garments,1058,8.5,649,SHIP_V_1668,123.47058823529412
SHIP_V_1966,sdv-id-IyymsA,Raw Jute,1159,5.0,140,SHIP_V_1966,230.8
SHIP_V_1935,sdv-id-KUqwnz,Solar Panels,213,120.0,238,SHIP_V_1935,0.775
SHIP_V_1585,sdv-id-VgoeFj,Solar Panels,679,120.0,153,SHIP_V_1585,4.658333333333333
SHIP_V_1164,sdv-id-jKTUMD,Raw Jute,1003,5.0,1826,SHIP_V_1164,199.6
SHIP_V_1934,sdv-id-dadVfB,Smartphones,1050,300.0,1222,SHIP_V_1934,2.5
SHIP_V_1483,sdv-id-ijCkEb,Smartphones,174,300.0,687,SHIP_V_1483,-0.42
SHIP_V_1205,sdv-id-ZbgaJZ,Solar Panels,227,120.0,1517,SHIP_V_1205,0.8916666666666667
SHIP_V_1699,sdv-id-QMltpb,Smartphones,343,300.0,1920,SHIP_V_1699,0.1433333333333333
SHIP_V_1750,sdv-id-SwLdBh,Smartphones,2225,300.0,971,SHIP_V_1750,6.416666666666667
SHIP_V_1659,sdv-id-gwbqwt,Raw Jute,415,5.0,326,SHIP_V_1659,82.0
SHIP_V_1165,sdv-id-LMbbLT,Smartphones,831,300.0,1159,SHIP_V_1165,1.77
SHIP_V_1702,sdv-id-RvRHQr,Raw Jute,570,5.0,1424,SHIP_V_1702,113.0
SHIP_V_1753,sdv-id-twZHYZ,Raw Jute,1924,5.0,1499,SHIP_V_1753,383.8
SHIP_V_1761,sdv-id-CbDUTC,Raw Jute,1818,5.0,503,SHIP_V_1761,362.6
SHIP_V_1262,sdv-id-PvTYYS,Raw Jute,837,5.0,865,SHIP_V_1262,166.4
SHIP_V_1890,sdv-id-hVvYxk,Solar Panels,706,120.0,550,SHIP_V_1890,4.883333333333334
SHIP_V_1899,sdv-id-hRhyvD,Smartphones,1087,300.0,1734,SHIP_V_1899,2.6233333333333335
SHIP_V_1103,sdv-id-JzCpnk,Solar Panels,222,120.0,1911,SHIP_V_1103,0.85
SHIP_V_1208,sdv-id-ThQvqv,Industrial Chemicals,894,50.0,1336,SHIP_V_1208,16.88
SHIP_V_1866,sdv-id-gonUCl,Smartphones,1249,300.0,528,SHIP_V_1866,3.1633333333333336
SHIP_V_1466,sdv-id-PVSWtP,Industrial Chemicals,1846,50.0,732,SHIP_V_1466,35.92
SHIP_V_1239,sdv-id-ltbbao,Raw Jute,1049,5.0,1303,SHIP_V_1239,208.8
SHIP_V_1828,sdv-id-DFTdjG,Raw Jute,52,5.0,1569,SHIP_V_1828,9.4
SHIP_V_1254,sdv-id-GJsdOm,Raw Jute,38,5.0,1011,SHIP_V_1254,6.6
SHIP_V_1751,sdv-id-hvEOIV,Smartphones,307,300.0,968,SHIP_V_1751,0.0233333333333333
SHIP_V_1679,sdv-id-oZDxql,Ready-made Garments,35,8.5,722,SHIP_V_1679,3.1176470588235294
SHIP_V_1647,sdv-id-IdHGjn,Smartphones,1268,300.0,1999,SHIP_V_1647,3.2266666666666666
SHIP_V_1040,sdv-id-ymUqSo,Raw Jute,138,5.0,863,SHIP_V_1040,26.6
SHIP_V_1004,sdv-id-HMEBzs,Raw Jute,711,5.0,1427,SHIP_V_1004,141.2
SHIP_V_1939,sdv-id-Pqpmky,Solar Panels,2105,120.0,1301,SHIP_V_1939,16.541666666666668
SHIP_V_1893,sdv-id-UlbzCk,Smartphones,1071,300.0,1067,SHIP_V_1893,2.57
SHIP_V_1642,sdv-id-HtgGeS,Smartphones,1301,300.0,1019,SHIP_V_1642,3.3366666666666664
SHIP_V_1073,sdv-id-eWijWD,Solar Panels,1044,120.0,443,SHIP_V_1073,7.7
SHIP_V_1514,sdv-id-tZupyn,Smartphones,184,300.0,1509,SHIP_V_1514,-0.3866666666666666
SHIP_V_1391,sdv-id-TNhQuk,Solar Panels,459,120.0,588,SHIP_V_1391,2.825
SHIP_V_1000,sdv-id-vQEqJW,Raw Jute,379,5.0,1344,SHIP_V_1000,74.8
SHIP_V_1812,sdv-id-OIFbgr,Industrial Chemicals,13,50.0,124,SHIP_V_1812,-0.74
SHIP_V_1649,sdv-id-UNHzOm,Industrial Chemicals,2110,50.0,1083,SHIP_V_1649,41.2
SHIP_V_1444,sdv-id-FaReJo,Solar Panels,1313,120.0,1174,SHIP_V_1444,9.941666666666666
SHIP_V_1035,sdv-id-eCIQeE,Smartphones,742,300.0,1251,SHIP_V_1035,1.4733333333333334
SHIP_V_1430,sdv-id-FuoTON,Solar Panels,1592,120.0,562,SHIP_V_1430,12.266666666666667
SHIP_V_1659,sdv-id-wieIJF,Ready-made Garments,571,8.5,1663,SHIP_V_1659,66.17647058823529
SHIP_V_1092,sdv-id-ocngiu,Ready-made Garments,1262,8.5,376,SHIP_V_1092,147.47058823529412
SHIP_V_1572,sdv-id-aKwAvV,Ready-made Garments,118,8.5,1854,SHIP_V_1572,12.882352941176473
SHIP_V_1627,sdv-id-kfzyQm,Raw Jute,504,5.0,1040,SHIP_V_1627,99.8
SHIP_V_1651,sdv-id-zIuByy,Ready-made Garments,569,8.5,417,SHIP_V_1651,65.94117647058823
SHIP_V_1978,sdv-id-OzYAIF,Solar Panels,57,120.0,1667,SHIP_V_1978,-0.525
SHIP_V_1930,sdv-id-oSRIaC,Industrial Chemicals,1488,50.0,706,SHIP_V_1930,28.76
SHIP_V_1561,sdv-id-QYjgTG,Solar Panels,1272,120.0,153,SHIP_V_1561,9.6
SHIP_V_1730,sdv-id-GtxqSj,Industrial Chemicals,1640,50.0,1636,SHIP_V_1730,31.8
SHIP_V_1940,sdv-id-IJWWeE,Solar Panels,29,120.0,196,SHIP_V_1940,-0.7583333333333333
SHIP_V_1103,sdv-id-sOOGsf,Industrial Chemicals,225,50.0,674,SHIP_V_1103,3.5
SHIP_V_1475,sdv-id-CQxgDT,Ready-made Garments,456,8.5,1128,SHIP_V_1475,52.64705882352941
SHIP_V_1832,sdv-id-xVOyAp,Ready-made Garments,1564,8.5,1589,SHIP_V_1832,183.0
SHIP_V_1672,sdv-id-ZJxGvA,Solar Panels,122,120.0,394,SHIP_V_1672,0.0166666666666666
SHIP_V_1552,sdv-id-fPCGkr,Ready-made Garments,1334,8.5,161,SHIP_V_1552,155.94117647058823
SHIP_V_1520,sdv-id-WUNcgY,Solar Panels,515,120.0,294,SHIP_V_1520,3.2916666666666665
SHIP_V_1669,sdv-id-VnEydk,Smartphones,1129,300.0,1593,SHIP_V_1669,2.763333333333333
SHIP_V_1880,sdv-id-uGsaCE,Raw Jute,124,5.0,1771,SHIP_V_1880,23.8
SHIP_V_1633,sdv-id-MacaTp,Smartphones,310,300.0,1961,SHIP_V_1633,0.0333333333333333
SHIP_V_1028,sdv-id-ndJxxb,Raw Jute,759,5.0,1559,SHIP_V_1028,150.8
SHIP_V_1764,sdv-id-cCqDpJ,Raw Jute,162,5.0,1661,SHIP_V_1764,31.4
SHIP_V_1751,sdv-id-KnouaE,Smartphones,692,300.0,1388,SHIP_V_1751,1.3066666666666666
SHIP_V_1714,sdv-id-uMyYZt,Smartphones,559,300.0,1714,SHIP_V_1714,0.8633333333333333
SHIP_V_1643,sdv-id-jthIby,Ready-made Garments,533,8.5,1777,SHIP_V_1643,61.705882352941174
SHIP_V_1140,sdv-id-LPNjIm,Industrial Chemicals,1571,50.0,1022,SHIP_V_1140,30.42
SHIP_V_1768,sdv-id-ubaWgB,Ready-made Garments,835,8.5,480,SHIP_V_1768,97.23529411764706
SHIP_V_1971,sdv-id-lpGRPd,Industrial Chemicals,468,50.0,1764,SHIP_V_1971,8.36
SHIP_V_1806,sdv-id-iaGEJw,Raw Jute,1078,5.0,1094,SHIP_V_1806,214.6
SHIP_V_1444,sdv-id-IClcmQ,Industrial Chemicals,356,50.0,850,SHIP_V_1444,6.12
SHIP_V_1346,sdv-id-UAhcti,Solar Panels,875,120.0,808,SHIP_V_1346,6.291666666666667
SHIP_V_1979,sdv-id-hMsTox,Smartphones,568,300.0,1256,SHIP_V_1979,0.8933333333333333
SHIP_V_1063,sdv-id-nwuZHb,Industrial Chemicals,721,50.0,458,SHIP_V_1063,13.42
SHIP_V_1369,sdv-id-vpWhOp,Raw Jute,486,5.0,313,SHIP_V_1369,96.2
SHIP_V_1447,sdv-id-zYVgOS,Smartphones,492,300.0,196,SHIP_V_1447,0.64
SHIP_V_1373,sdv-id-Gdqnod,Solar Panels,1009,120.0,1900,SHIP_V_1373,7.408333333333333
SHIP_V_1172,sdv-id-JwIqMw,Industrial Chemicals,328,50.0,403,SHIP_V_1172,5.56
SHIP_V_1341,sdv-id-vTHnNk,Industrial Chemicals,1561,50.0,1351,SHIP_V_1341,30.22
SHIP_V_1289,sdv-id-YlqRAY,Solar Panels,1171,120.0,1564,SHIP_V_1289,8.758333333333333
SHIP_V_1447,sdv-id-SpZshw,Ready-made Garments,272,8.5,1408,SHIP_V_1447,31.0
SHIP_V_1225,sdv-id-VBcXhr,Solar Panels,736,120.0,1981,SHIP_V_1225,5.133333333333334
SHIP_V_1842,sdv-id-PxAkoA,Raw Jute,669,5.0,590,SHIP_V_1842,132.8
SHIP_V_1297,sdv-id-gFuoUV,Ready-made Garments,986,8.5,1261,SHIP_V_1297,115.0
SHIP_V_1241,sdv-id-KVeoUN,Ready-made Garments,925,8.5,813,SHIP_V_1241,107.82352941176472
SHIP_V_1887,sdv-id-QorQqW,Raw Jute,447,5.0,365,SHIP_V_1887,88.4
SHIP_V_1637,sdv-id-neZYUw,Raw Jute,199,5.0,1134,SHIP_V_1637,38.8
SHIP_V_1438,sdv-id-YDrQdy,Solar Panels,1268,120.0,1139,SHIP_V_1438,9.566666666666666
SHIP_V_1265,sdv-id-CbAljT,Ready-made Garments,213,8.5,538,SHIP_V_1265,24.058823529411764
SHIP_V_1501,sdv-id-FOfqaU,Smartphones,459,300.0,565,SHIP_V_1501,0.53
SHIP_V_1614,sdv-id-InSfld,Industrial Chemicals,1333,50.0,1842,SHIP_V_1614,25.66
SHIP_V_1656,sdv-id-ZsnySn,Solar Panels,140,120.0,428,SHIP_V_1656,0.1666666666666666
SHIP_V_1355,sdv-id-fcUFgZ,Smartphones,729,300.0,111,SHIP_V_1355,1.43
SHIP_V_1301,sdv-id-SyYVZb,Smartphones,273,300.0,461,SHIP_V_1301,-0.09
SHIP_V_1234,sdv-id-sIWNCt,Smartphones,374,300.0,1624,SHIP_V_1234,0.2466666666666666
SHIP_V_1622,sdv-id-xdqGds,Smartphones,952,300.0,437,SHIP_V_1622,2.1733333333333333
SHIP_V_1361,sdv-id-ilQkyZ,Raw Jute,1605,5.0,1177,SHIP_V_1361,320.0
SHIP_V_1865,sdv-id-JlKPRZ,Solar Panels,1672,120.0,1194,SHIP_V_1865,12.933333333333334
SHIP_V_1301,sdv-id-BwdTJq,Ready-made Garments,888,8.5,172,SHIP_V_1301,103.47058823529412
SHIP_V_1893,sdv-id-nlQnij,Smartphones,1541,300.0,669,SHIP_V_1893,4.136666666666667
SHIP_V_1670,sdv-id-VRuFRU,Raw Jute,1622,5.0,1609,SHIP_V_1670,323.4
SHIP_V_1228,sdv-id-VdgoGs,Smartphones,1074,300.0,175,SHIP_V_1228,2.58
SHIP_V_1704,sdv-id-NVUyqz,Ready-made Garments,1072,8.5,1325,SHIP_V_1704,125.11764705882354
SHIP_V_1909,sdv-id-Bvewki,Ready-made Garments,631,8.5,1697,SHIP_V_1909,73.23529411764706
SHIP_V_1401,sdv-id-nWSFgu,Ready-made Garments,646,8.5,1623,SHIP_V_1401,75.0
SHIP_V_1787,sdv-id-EmLgzl,Smartphones,384,300.0,1297,SHIP_V_1787,0.28
SHIP_V_1675,sdv-id-aGSnIn,Ready-made Garments,1404,8.5,1780,SHIP_V_1675,164.1764705882353
SHIP_V_1537,sdv-id-CfsmqL,Industrial Chemicals,875,50.0,382,SHIP_V_1537,16.5
SHIP_V_1396,sdv-id-TIqsEL,Industrial Chemicals,1124,50.0,781,SHIP_V_1396,21.48
SHIP_V_1611,sdv-id-mQgwPI,Solar Panels,67,120.0,999,SHIP_V_1611,-0.4416666666666666
SHIP_V_1982,sdv-id-ZgBUcL,Smartphones,327,300.0,461,SHIP_V_1982,0.09
SHIP_V_1702,sdv-id-BXQYaY,Industrial Chemicals,1235,50.0,391,SHIP_V_1702,23.7
SHIP_V_1369,sdv-id-IZixLs,Ready-made Garments,910,8.5,1339,SHIP_V_1369,106.05882352941175
SHIP_V_1246,sdv-id-wSDQxx,Ready-made Garments,98,8.5,1538,SHIP_V_1246,10.529411764705882
SHIP_V_1214,sdv-id-WwXYTI,Industrial Chemicals,471,50.0,1787,SHIP_V_1214,8.42
SHIP_V_1356,sdv-id-LpblbH,Smartphones,1390,300.0,1198,SHIP_V_1356,3.6333333333333337
SHIP_V_1942,sdv-id-wEQrRy,Industrial Chemicals,1711,50.0,578,SHIP_V_1942,33.22
SHIP_V_1620,sdv-id-EBjNKU,Smartphones,1536,300.0,1971,SHIP_V_1620,4.12
SHIP_V_1637,sdv-id-hSZfHn,Industrial Chemicals,1055,50.0,586,SHIP_V_1637,20.1
SHIP_V_1426,sdv-id-gDMpNC,Raw Jute,443,5.0,1723,SHIP_V_1426,87.6
SHIP_V_1358,sdv-id-jMEtwE,Raw Jute,647,5.0,1520,SHIP_V_1358,128.4
SHIP_V_1640,sdv-id-bIfwnZ,Smartphones,1536,300.0,781,SHIP_V_1640,4.12
SHIP_V_1030,sdv-id-evlDQO,Solar Panels,1372,120.0,298,SHIP_V_1030,10.433333333333334
SHIP_V_1381,sdv-id-akwLZp,Ready-made Garments,548,8.5,1859,SHIP_V_1381,63.47058823529411
SHIP_V_1126,sdv-id-mTKXck,Smartphones,249,300.0,1708,SHIP_V_1126,-0.17
SHIP_V_1727,sdv-id-zccIUU,Raw Jute,1311,5.0,798,SHIP_V_1727,261.2
SHIP_V_1295,sdv-id-tnwvkf,Solar Panels,504,120.0,1475,SHIP_V_1295,3.2
SHIP_V_1315,sdv-id-WgsUZl,Industrial Chemicals,596,50.0,721,SHIP_V_1315,10.92
SHIP_V_1513,sdv-id-ILYOHc,Raw Jute,1077,5.0,1770,SHIP_V_1513,214.4
SHIP_V_1711,sdv-id-wRRZhT,Ready-made Garments,622,8.5,1018,SHIP_V_1711,72.17647058823529
SHIP_V_1686,sdv-id-zbqMWj,Industrial Chemicals,354,50.0,1201,SHIP_V_1686,6.08
SHIP_V_1451,sdv-id-RKDtmp,Industrial Chemicals,1861,50.0,816,SHIP_V_1451,36.22
SHIP_V_1520,sdv-id-wPdDaY,Smartphones,572,300.0,1544,SHIP_V_1520,0.9066666666666666
SHIP_V_1774,sdv-id-VeBesd,Solar Panels,168,120.0,421,SHIP_V_1774,0.4
SHIP_V_1944,sdv-id-BQLmqW,Smartphones,1913,300.0,517,SHIP_V_1944,5.376666666666667
SHIP_V_1679,sdv-id-YkNOcQ,Raw Jute,1259,5.0,1063,SHIP_V_1679,250.8
SHIP_V_1915,sdv-id-XRPIvj,Solar Panels,1809,120.0,1948,SHIP_V_1915,14.075
SHIP_V_1571,sdv-id-LvOkLy,Industrial Chemicals,884,50.0,1369,SHIP_V_1571,16.68
SHIP_V_1206,sdv-id-Jkxvkw,Raw Jute,291,5.0,1646,SHIP_V_1206,57.2
SHIP_V_1568,sdv-id-cgDXch,Raw Jute,315,5.0,237,SHIP_V_1568,62.0
SHIP_V_1621,sdv-id-eXZdBn,Solar Panels,136,120.0,1131,SHIP_V_1621,0.1333333333333333
SHIP_V_1505,sdv-id-FGuzjz,Solar Panels,649,120.0,847,SHIP_V_1505,4.408333333333333
SHIP_V_1738,sdv-id-pkOTYm,Smartphones,8,300.0,547,SHIP_V_1738,-0.9733333333333334
SHIP_V_1269,sdv-id-NmvDtl,Smartphones,483,300.0,108,SHIP_V_1269,0.61
SHIP_V_1933,sdv-id-QOfkqC,Smartphones,604,300.0,757,SHIP_V_1933,1.0133333333333334
SHIP_V_1379,sdv-id-EolxkL,Smartphones,749,300.0,571,SHIP_V_1379,1.4966666666666666
SHIP_V_1852,sdv-id-cccdzj,Raw Jute,95,5.0,1707,SHIP_V_1852,18.0
SHIP_V_1863,sdv-id-SQvlSB,Raw Jute,263,5.0,272,SHIP_V_1863,51.6
SHIP_V_1976,sdv-id-NVCqtU,Solar Panels,498,120.0,1066,SHIP_V_1976,3.15
SHIP_V_1078,sdv-id-aviltp,Raw Jute,153,5.0,1440,SHIP_V_1078,29.6
SHIP_V_1629,sdv-id-BHMtrh,Ready-made Garments,242,8.5,362,SHIP_V_1629,27.470588235294116
SHIP_V_1084,sdv-id-yjAOFG,Raw Jute,624,5.0,638,SHIP_V_1084,123.8
SHIP_V_1394,sdv-id-gbkqeD,Smartphones,398,300.0,1932,SHIP_V_1394,0.3266666666666666
SHIP_V_1742,sdv-id-yDhBvB,Industrial Chemicals,1048,50.0,686,SHIP_V_1742,19.96
SHIP_V_1190,sdv-id-mqQpMB,Raw Jute,364,5.0,353,SHIP_V_1190,71.8
SHIP_V_1828,sdv-id-cRcrpd,Smartphones,1542,300.0,1270,SHIP_V_1828,4.14
SHIP_V_1837,sdv-id-RqNASH,Smartphones,70,300.0,1918,SHIP_V_1837,-0.7666666666666667
SHIP_V_1272,sdv-id-PgJMnB,Raw Jute,1536,5.0,477,SHIP_V_1272,306.2
SHIP_V_1991,sdv-id-GAlQaU,Solar Panels,1288,120.0,1789,SHIP_V_1991,9.733333333333333
SHIP_V_1077,sdv-id-ZIoZFB,Industrial Chemicals,223,50.0,1261,SHIP_V_1077,3.46
SHIP_V_1078,sdv-id-NWCrWi,Smartphones,1569,300.0,1179,SHIP_V_1078,4.23
SHIP_V_1909,sdv-id-vzzlHs,Smartphones,117,300.0,228,SHIP_V_1909,-0.61
SHIP_V_1597,sdv-id-IolsSK,Raw Jute,393,5.0,1231,SHIP_V_1597,77.6
SHIP_V_1295,sdv-id-tdlheR,Solar Panels,1402,120.0,600,SHIP_V_1295,10.683333333333334
SHIP_V_1521,sdv-id-FQNvQU,Ready-made Garments,349,8.5,1574,SHIP_V_1521,40.05882352941177
SHIP_V_1403,sdv-id-DzbPYS,Ready-made Garments,1053,8.5,1907,SHIP_V_1403,122.88235294117646
SHIP_V_1555,sdv-id-OFLCFG,Raw Jute,454,5.0,1532,SHIP_V_1555,89.8
SHIP_V_1048,sdv-id-DcMIgb,Raw Jute,215,5.0,327,SHIP_V_1048,42.0
SHIP_V_1061,sdv-id-xqRSDJ,Industrial Chemicals,198,50.0,1065,SHIP_V_1061,2.96
SHIP_V_1169,sdv-id-cFJklB,Solar Panels,454,120.0,1072,SHIP_V_1169,2.783333333333333
SHIP_V_1798,sdv-id-DZEmnR,Smartphones,450,300.0,1875,SHIP_V_1798,0.5
SHIP_V_1775,sdv-id-EKgItO,Raw Jute,813,5.0,225,SHIP_V_1775,161.6
SHIP_V_1894,sdv-id-xfuALo,Smartphones,2049,300.0,798,SHIP_V_1894,5.83
SHIP_V_1434,sdv-id-YSPssZ,Industrial Chemicals,636,50.0,1517,SHIP_V_1434,11.72
SHIP_V_1483,sdv-id-qwNcZx,Raw Jute,488,5.0,698,SHIP_V_1483,96.6
SHIP_V_1441,sdv-id-JLwuAs,Solar Panels,2904,120.0,1482,SHIP_V_1441,23.2
SHIP_V_1687,sdv-id-IPhjia,Raw Jute,1305,5.0,1521,SHIP_V_1687,260.0
SHIP_V_1067,sdv-id-pjZTCn,Raw Jute,1372,5.0,1190,SHIP_V_1067,273.4
SHIP_V_1943,sdv-id-PdxRWv,Industrial Chemicals,351,50.0,368,SHIP_V_1943,6.02
SHIP_V_1950,sdv-id-eMoFtp,Ready-made Garments,1102,8.5,1627,SHIP_V_1950,128.64705882352942
SHIP_V_1367,sdv-id-PXtvwG,Smartphones,756,300.0,422,SHIP_V_1367,1.52
SHIP_V_1020,sdv-id-OixvFQ,Solar Panels,1186,120.0,937,SHIP_V_1020,8.883333333333333
SHIP_V_1579,sdv-id-ZmgYyp,Raw Jute,1335,5.0,157,SHIP_V_1579,266.0
SHIP_V_1691,sdv-id-oBdFtJ,Solar Panels,501,120.0,549,SHIP_V_1691,3.175
SHIP_V_1735,sdv-id-npMYac,Raw Jute,555,5.0,631,SHIP_V_1735,110.0
SHIP_V_1047,sdv-id-SElgng,Ready-made Garments,197,8.5,1271,SHIP_V_1047,22.176470588235293
SHIP_V_1705,sdv-id-TQGbIl,Solar Panels,162,120.0,1828,SHIP_V_1705,0.35
SHIP_V_1413,sdv-id-DfBXxW,Smartphones,984,300.0,1713,SHIP_V_1413,2.28
SHIP_V_1791,sdv-id-HSlCcC,Smartphones,451,300.0,1499,SHIP_V_1791,0.5033333333333333
SHIP_V_1213,sdv-id-EINHzE,Smartphones,95,300.0,958,SHIP_V_1213,-0.6833333333333333
SHIP_V_1632,sdv-id-XxdNBd,Ready-made Garments,1359,8.5,689,SHIP_V_1632,158.88235294117646
SHIP_V_1341,sdv-id-WkXshE,Smartphones,368,300.0,1928,SHIP_V_1341,0.2266666666666666
SHIP_V_1520,sdv-id-ZKleKM,Ready-made Garments,394,8.5,1387,SHIP_V_1520,45.35294117647059
SHIP_V_1432,sdv-id-GPmMJW,Raw Jute,794,5.0,1936,SHIP_V_1432,157.8
SHIP_V_1263,sdv-id-BBgXSu,Industrial Chemicals,1365,50.0,628,SHIP_V_1263,26.3
SHIP_V_1587,sdv-id-WqKkRV,Solar Panels,802,120.0,869,SHIP_V_1587,5.683333333333334
SHIP_V_1034,sdv-id-bIdNfx,Industrial Chemicals,1222,50.0,701,SHIP_V_1034,23.44
SHIP_V_1520,sdv-id-FhKLCv,Ready-made Garments,179,8.5,351,SHIP_V_1520,20.058823529411764
SHIP_V_1048,sdv-id-jCBtrb,Ready-made Garments,31,8.5,577,SHIP_V_1048,2.6470588235294117
SHIP_V_1699,sdv-id-QfQnAO,Raw Jute,1588,5.0,895,SHIP_V_1699,316.6
SHIP_V_1171,sdv-id-sZNvCq,Smartphones,65,300.0,949,SHIP_V_1171,-0.7833333333333333
SHIP_V_1018,sdv-id-yyeCyT,Ready-made Garments,576,8.5,1245,SHIP_V_1018,66.76470588235294
SHIP_V_1211,sdv-id-EpbMcn,Industrial Chemicals,914,50.0,1355,SHIP_V_1211,17.28
SHIP_V_1976,sdv-id-kKqkPJ,Raw Jute,607,5.0,971,SHIP_V_1976,120.4
SHIP_V_1062,sdv-id-SmXWqP,Solar Panels,734,120.0,262,SHIP_V_1062,5.116666666666666
SHIP_V_1374,sdv-id-xOOHNa,Raw Jute,487,5.0,1384,SHIP_V_1374,96.4
SHIP_V_1278,sdv-id-NpztFQ,Raw Jute,587,5.0,491,SHIP_V_1278,116.4
SHIP_V_1712,sdv-id-AlWCtG,Ready-made Garments,673,8.5,248,SHIP_V_1712,78.17647058823529
SHIP_V_1818,sdv-id-LNLjAq,Industrial Chemicals,295,50.0,763,SHIP_V_1818,4.9
SHIP_V_1204,sdv-id-kaCbne,Smartphones,991,300.0,580,SHIP_V_1204,2.3033333333333332
SHIP_V_1016,sdv-id-XOSMId,Ready-made Garments,226,8.5,1717,SHIP_V_1016,25.58823529411765
SHIP_V_1631,sdv-id-IBxttT,Ready-made Garments,267,8.5,1481,SHIP_V_1631,30.41176470588235
SHIP_V_1780,sdv-id-IHqemv,Industrial Chemicals,747,50.0,402,SHIP_V_1780,13.94
SHIP_V_1053,sdv-id-NOKCGN,Smartphones,955,300.0,523,SHIP_V_1053,2.183333333333333
SHIP_V_1877,sdv-id-AejHqr,Solar Panels,882,120.0,1606,SHIP_V_1877,6.35
SHIP_V_1747,sdv-id-vcmnNE,Raw Jute,317,5.0,1834,SHIP_V_1747,62.4
SHIP_V_1817,sdv-id-zaISsZ,Solar Panels,1040,120.0,1289,SHIP_V_1817,7.666666666666667
SHIP_V_1829,sdv-id-rURhPc,Industrial Chemicals,892,50.0,361,SHIP_V_1829,16.84
SHIP_V_1449,sdv-id-tUvtKi,Smartphones,46,300.0,514,SHIP_V_1449,-0.8466666666666667
SHIP_V_1192,sdv-id-TwmOBd,Industrial Chemicals,877,50.0,213,SHIP_V_1192,16.54
SHIP_V_1655,sdv-id-MytwPc,Ready-made Garments,735,8.5,844,SHIP_V_1655,85.47058823529412
SHIP_V_1364,sdv-id-BTrudW,Industrial Chemicals,2165,50.0,646,SHIP_V_1364,42.3
SHIP_V_1987,sdv-id-NkQoIi,Ready-made Garments,189,8.5,1411,SHIP_V_1987,21.235294117647054
SHIP_V_1514,sdv-id-FJwuQk,Smartphones,174,300.0,378,SHIP_V_1514,-0.42
SHIP_V_1525,sdv-id-puQOXE,Smartphones,1838,300.0,670,SHIP_V_1525,5.126666666666667
SHIP_V_1161,sdv-id-vaDmYp,Smartphones,645,300.0,1564,SHIP_V_1161,1.15
SHIP_V_1185,sdv-id-ciftfh,Ready-made Garments,583,8.5,1596,SHIP_V_1185,67.58823529411765
SHIP_V_1808,sdv-id-xgXfYc,Solar Panels,646,120.0,651,SHIP_V_1808,4.383333333333334
SHIP_V_1764,sdv-id-cTfUAM,Raw Jute,257,5.0,1788,SHIP_V_1764,50.4
SHIP_V_1192,sdv-id-lOcVIV,Smartphones,610,300.0,186,SHIP_V_1192,1.0333333333333334
SHIP_V_1467,sdv-id-dvNlCR,Solar Panels,1542,120.0,1941,SHIP_V_1467,11.85
SHIP_V_1311,sdv-id-cRLTWs,Ready-made Garments,708,8.5,702,SHIP_V_1311,82.29411764705883
SHIP_V_1840,sdv-id-WaQssh,Raw Jute,2136,5.0,792,SHIP_V_1840,426.2
SHIP_V_1043,sdv-id-JeWVxj,Smartphones,372,300.0,1914,SHIP_V_1043,0.24
SHIP_V_1300,sdv-id-MXlPcj,Ready-made Garments,1940,8.5,187,SHIP_V_1300,227.23529411764707
SHIP_V_1822,sdv-id-MouCXo,Ready-made Garments,194,8.5,774,SHIP_V_1822,21.823529411764707
SHIP_V_1408,sdv-id-JvWipR,Raw Jute,895,5.0,1904,SHIP_V_1408,178.0
SHIP_V_1519,sdv-id-FUwAqd,Industrial Chemicals,1042,50.0,1147,SHIP_V_1519,19.84
SHIP_V_1603,sdv-id-frsPfN,Smartphones,850,300.0,467,SHIP_V_1603,1.8333333333333333
SHIP_V_1350,sdv-id-SYcMwQ,Smartphones,496,300.0,280,SHIP_V_1350,0.6533333333333333
SHIP_V_1854,sdv-id-rjLazc,Solar Panels,947,120.0,1208,SHIP_V_1854,6.891666666666667
SHIP_V_1677,sdv-id-deJWbT,Smartphones,718,300.0,377,SHIP_V_1677,1.393333333333333
SHIP_V_1701,sdv-id-GupBma,Industrial Chemicals,1314,50.0,402,SHIP_V_1701,25.28
SHIP_V_1478,sdv-id-MIgjcj,Solar Panels,244,120.0,1150,SHIP_V_1478,1.0333333333333334
SHIP_V_1760,sdv-id-HyznAr,Smartphones,888,300.0,185,SHIP_V_1760,1.96
SHIP_V_1085,sdv-id-bJiMoZ,Industrial Chemicals,664,50.0,354,SHIP_V_1085,12.28
SHIP_V_1716,sdv-id-ggceTe,Smartphones,234,300.0,1781,SHIP_V_1716,-0.22
SHIP_V_1912,sdv-id-vbEytq,Solar Panels,1206,120.0,1486,SHIP_V_1912,9.05
SHIP_V_1200,sdv-id-ExqTdX,Smartphones,1544,300.0,928,SHIP_V_1200,4.1466666666666665
SHIP_V_1407,sdv-id-WFuDFi,Smartphones,137,300.0,517,SHIP_V_1407,-0.5433333333333333
SHIP_V_1044,sdv-id-zQCBZD,Industrial Chemicals,397,50.0,1753,SHIP_V_1044,6.94
SHIP_V_1880,sdv-id-bAzSwl,Smartphones,432,300.0,1014,SHIP_V_1880,0.44
SHIP_V_1921,sdv-id-miYaaV,Industrial Chemicals,1772,50.0,1519,SHIP_V_1921,34.44
SHIP_V_1432,sdv-id-oUvYRF,Solar Panels,839,120.0,1230,SHIP_V_1432,5.991666666666666
SHIP_V_1958,sdv-id-OUZksH,Industrial Chemicals,1426,50.0,972,SHIP_V_1958,27.52
SHIP_V_1990,sdv-id-MulgDA,Ready-made Garments,320,8.5,1703,SHIP_V_1990,36.64705882352941
SHIP_V_1897,sdv-id-iaDsPL,Raw Jute,945,5.0,381,SHIP_V_1897,188.0
SHIP_V_1676,sdv-id-IvoTaX,Industrial Chemicals,762,50.0,642,SHIP_V_1676,14.24
SHIP_V_1643,sdv-id-vOSVjx,Solar Panels,415,120.0,1929,SHIP_V_1643,2.4583333333333335
SHIP_V_1349,sdv-id-LeQlcM,Smartphones,177,300.0,188,SHIP_V_1349,-0.41
SHIP_V_1375,sdv-id-tDAjXP,Raw Jute,603,5.0,196,SHIP_V_1375,119.6
SHIP_V_1866,sdv-id-naPucr,Raw Jute,608,5.0,837,SHIP_V_1866,120.6
SHIP_V_1365,sdv-id-mrCENT,Smartphones,327,300.0,1838,SHIP_V_1365,0.09
SHIP_V_1775,sdv-id-XICWXh,Solar Panels,735,120.0,1742,SHIP_V_1775,5.125
SHIP_V_1134,sdv-id-Wzbbih,Smartphones,726,300.0,376,SHIP_V_1134,1.42
SHIP_V_1552,sdv-id-WtzDde,Solar Panels,1104,120.0,1650,SHIP_V_1552,8.2
SHIP_V_1695,sdv-id-MPnQOo,Ready-made Garments,42,8.5,752,SHIP_V_1695,3.941176470588235
SHIP_V_1186,sdv-id-XdhQBj,Ready-made Garments,1357,8.5,971,SHIP_V_1186,158.64705882352942
SHIP_V_1956,sdv-id-VgtPFM,Industrial Chemicals,410,50.0,933,SHIP_V_1956,7.2
SHIP_V_1008,sdv-id-RIrrgX,Industrial Chemicals,710,50.0,1537,SHIP_V_1008,13.2
SHIP_V_1889,sdv-id-lnBjDs,Industrial Chemicals,1915,50.0,393,SHIP_V_1889,37.3
SHIP_V_1579,sdv-id-gqdbNU,Ready-made Garments,1647,8.5,548,SHIP_V_1579,192.76470588235293
SHIP_V_1855,sdv-id-ooRoDf,Solar Panels,750,120.0,1928,SHIP_V_1855,5.25
SHIP_V_1723,sdv-id-CyHrnj,Raw Jute,50,5.0,1302,SHIP_V_1723,9.0
SHIP_V_1420,sdv-id-UFkMXi,Smartphones,1603,300.0,238,SHIP_V_1420,4.343333333333334
SHIP_V_1867,sdv-id-mXLbNO,Smartphones,914,300.0,1201,SHIP_V_1867,2.046666666666667
SHIP_V_1805,sdv-id-EradRt,Smartphones,117,300.0,1007,SHIP_V_1805,-0.61
SHIP_V_1474,sdv-id-CNLHTt,Smartphones,816,300.0,131,SHIP_V_1474,1.72
SHIP_V_1153,sdv-id-MdVOWd,Solar Panels,677,120.0,1609,SHIP_V_1153,4.641666666666667
SHIP_V_1419,sdv-id-feMrsg,Raw Jute,314,5.0,859,SHIP_V_1419,61.8
SHIP_V_1866,sdv-id-jhUVLW,Smartphones,231,300.0,1533,SHIP_V_1866,-0.23
SHIP_V_1065,sdv-id-rVcBqP,Ready-made Garments,568,8.5,1042,SHIP_V_1065,65.82352941176471
SHIP_V_1351,sdv-id-bNFlgk,Ready-made Garments,561,8.5,980,SHIP_V_1351,65.0
SHIP_V_1535,sdv-id-KbbXPj,Solar Panels,855,120.0,1689,SHIP_V_1535,6.125
SHIP_V_1571,sdv-id-BquNZA,Ready-made Garments,495,8.5,1404,SHIP_V_1571,57.23529411764706
SHIP_V_1624,sdv-id-vbYqMl,Industrial Chemicals,993,50.0,749,SHIP_V_1624,18.86
SHIP_V_1417,sdv-id-QfJfiJ,Raw Jute,540,5.0,1759,SHIP_V_1417,107.0
SHIP_V_1993,sdv-id-vinLdq,Raw Jute,938,5.0,889,SHIP_V_1993,186.6
SHIP_V_1800,sdv-id-WaTzBF,Ready-made Garments,1192,8.5,936,SHIP_V_1800,139.23529411764707
SHIP_V_1040,sdv-id-ByxtDk,Industrial Chemicals,900,50.0,1631,SHIP_V_1040,17.0
SHIP_V_1113,sdv-id-njpprS,Raw Jute,28,5.0,1649,SHIP_V_1113,4.6
SHIP_V_1472,sdv-id-zubaGd,Ready-made Garments,489,8.5,395,SHIP_V_1472,56.52941176470589
SHIP_V_1099,sdv-id-bUqIeX,Solar Panels,800,120.0,1762,SHIP_V_1099,5.666666666666667
SHIP_V_1710,sdv-id-dkPddK,Ready-made Garments,1969,8.5,581,SHIP_V_1710,230.64705882352945
SHIP_V_1608,sdv-id-sIlOab,Smartphones,395,300.0,1542,SHIP_V_1608,0.3166666666666666
SHIP_V_1555,sdv-id-MfyEwi,Smartphones,1514,300.0,982,SHIP_V_1555,4.046666666666667
SHIP_V_1145,sdv-id-zsYIWZ,Ready-made Garments,1643,8.5,600,SHIP_V_1145,192.2941176470588
SHIP_V_1885,sdv-id-scZTpH,Solar Panels,1732,120.0,934,SHIP_V_1885,13.433333333333334
SHIP_V_1894,sdv-id-cAZkIe,Solar Panels,91,120.0,750,SHIP_V_1894,-0.2416666666666666
SHIP_V_1273,sdv-id-ZuczxM,Industrial Chemicals,850,50.0,1029,SHIP_V_1273,16.0
SHIP_V_1637,sdv-id-AWBzHN,Ready-made Garments,521,8.5,191,SHIP_V_1637,60.294117647058826
SHIP_V_1362,sdv-id-jvJBRB,Industrial Chemicals,1489,50.0,852,SHIP_V_1362,28.78
SHIP_V_1279,sdv-id-XhTwGO,Solar Panels,1270,120.0,1593,SHIP_V_1279,9.583333333333334
SHIP_V_1197,sdv-id-SiZeBU,Smartphones,430,300.0,1054,SHIP_V_1197,0.4333333333333333
SHIP_V_1622,sdv-id-SnXKSi,Smartphones,284,300.0,742,SHIP_V_1622,-0.0533333333333333
SHIP_V_1478,sdv-id-JhssyF,Ready-made Garments,362,8.5,1507,SHIP_V_1478,41.588235294117645
SHIP_V_1338,sdv-id-JSqAsN,Smartphones,1044,300.0,961,SHIP_V_1338,2.48
SHIP_V_1315,sdv-id-LWDbIL,Industrial Chemicals,1819,50.0,615,SHIP_V_1315,35.38
SHIP_V_1788,sdv-id-IpyVUN,Ready-made Garments,146,8.5,1914,SHIP_V_1788,16.176470588235293
SHIP_V_1699,sdv-id-kZllXL,Smartphones,164,300.0,257,SHIP_V_1699,-0.4533333333333333
SHIP_V_1674,sdv-id-jJqsdu,Solar Panels,668,120.0,1725,SHIP_V_1674,4.566666666666666
SHIP_V_1750,sdv-id-QOglJB,Raw Jute,94,5.0,1396,SHIP_V_1750,17.8
SHIP_V_1829,sdv-id-kpylEI,Raw Jute,1186,5.0,1506,SHIP_V_1829,236.2
SHIP_V_1817,sdv-id-zfnVHH,Ready-made Garments,532,8.5,1303,SHIP_V_1817,61.588235294117645
SHIP_V_1801,sdv-id-OmHKNZ,Raw Jute,1628,5.0,1541,SHIP_V_1801,324.6
SHIP_V_1192,sdv-id-UVZUDG,Raw Jute,693,5.0,633,SHIP_V_1192,137.6
SHIP_V_1188,sdv-id-QGfuoI,Solar Panels,559,120.0,1427,SHIP_V_1188,3.658333333333333
SHIP_V_1840,sdv-id-ufaGpQ,Smartphones,250,300.0,1900,SHIP_V_1840,-0.1666666666666666
SHIP_V_1148,sdv-id-GpPAkh,Raw Jute,384,5.0,500,SHIP_V_1148,75.8
SHIP_V_1067,sdv-id-cFyBcx,Smartphones,1214,300.0,208,SHIP_V_1067,3.046666666666667
SHIP_V_1232,sdv-id-JLtyXE,Solar Panels,864,120.0,784,SHIP_V_1232,6.2
SHIP_V_1181,sdv-id-QeftEk,Industrial Chemicals,693,50.0,1066,SHIP_V_1181,12.86
SHIP_V_1595,sdv-id-OWNlBN,Smartphones,415,300.0,846,SHIP_V_1595,0.3833333333333333
SHIP_V_1893,sdv-id-xYdbkZ,Industrial Chemicals,957,50.0,868,SHIP_V_1893,18.14
SHIP_V_1950,sdv-id-lRKzdF,Ready-made Garments,150,8.5,1969,SHIP_V_1950,16.647058823529413
SHIP_V_1300,sdv-id-CKackz,Raw Jute,472,5.0,738,SHIP_V_1300,93.4
SHIP_V_1504,sdv-id-xaDHba,Raw Jute,1290,5.0,217,SHIP_V_1504,257.0
SHIP_V_1511,sdv-id-vAZtgO,Industrial Chemicals,438,50.0,1321,SHIP_V_1511,7.76
SHIP_V_1843,sdv-id-BZsNGC,Smartphones,509,300.0,626,SHIP_V_1843,0.6966666666666667
SHIP_V_1628,sdv-id-xcAQEX,Industrial Chemicals,1004,50.0,109,SHIP_V_1628,19.08
SHIP_V_1043,sdv-id-AEpsim,Smartphones,1298,300.0,1884,SHIP_V_1043,3.3266666666666667
SHIP_V_1314,sdv-id-ZECuie,Smartphones,65,300.0,996,SHIP_V_1314,-0.7833333333333333
SHIP_V_1971,sdv-id-EySYVP,Raw Jute,315,5.0,523,SHIP_V_1971,62.0
SHIP_V_1768,sdv-id-wUvzaf,Raw Jute,664,5.0,273,SHIP_V_1768,131.8
SHIP_V_1721,sdv-id-PrsmSb,Raw Jute,280,5.0,1033,SHIP_V_1721,55.0
SHIP_V_1615,sdv-id-wooQEF,Solar Panels,365,120.0,1021,SHIP_V_1615,2.0416666666666665
SHIP_V_1073,sdv-id-kkEXyX,Solar Panels,347,120.0,410,SHIP_V_1073,1.8916666666666664
SHIP_V_1717,sdv-id-YjcyEL,Smartphones,20,300.0,735,SHIP_V_1717,-0.9333333333333332
SHIP_V_1934,sdv-id-wzlJtj,Ready-made Garments,506,8.5,776,SHIP_V_1934,58.52941176470589
SHIP_V_1746,sdv-id-ybELaB,Ready-made Garments,7,8.5,1810,SHIP_V_1746,-0.1764705882352941
SHIP_V_1071,sdv-id-ydoqiL,Ready-made Garments,1058,8.5,1039,SHIP_V_1071,123.47058823529412
SHIP_V_1720,sdv-id-ybZhmy,Industrial Chemicals,864,50.0,872,SHIP_V_1720,16.28
SHIP_V_1160,sdv-id-MNEILR,Raw Jute,16,5.0,1517,SHIP_V_1160,2.2
SHIP_V_1838,sdv-id-WxcOQo,Solar Panels,909,120.0,1783,SHIP_V_1838,6.575
SHIP_V_1286,sdv-id-fOojHZ,Smartphones,420,300.0,620,SHIP_V_1286,0.4
SHIP_V_1850,sdv-id-KDaXfX,Smartphones,1723,300.0,684,SHIP_V_1850,4.743333333333333
SHIP_V_1458,sdv-id-jHRayT,Ready-made Garments,1042,8.5,1031,SHIP_V_1458,121.58823529411764
SHIP_V_1706,sdv-id-MeIAAW,Raw Jute,448,5.0,1516,SHIP_V_1706,88.6
SHIP_V_1236,sdv-id-BoBhRE,Industrial Chemicals,1335,50.0,1216,SHIP_V_1236,25.7
SHIP_V_1481,sdv-id-RdqKwi,Raw Jute,634,5.0,856,SHIP_V_1481,125.8
SHIP_V_1591,sdv-id-WSUlMB,Smartphones,306,300.0,1490,SHIP_V_1591,0.02
SHIP_V_1698,sdv-id-wSEAMk,Ready-made Garments,660,8.5,638,SHIP_V_1698,76.6470588235294
SHIP_V_1531,sdv-id-BUNZRy,Solar Panels,551,120.0,1626,SHIP_V_1531,3.591666666666667
SHIP_V_1890,sdv-id-ZKhOrL,Ready-made Garments,6,8.5,1732,SHIP_V_1890,-0.2941176470588235
SHIP_V_1885,sdv-id-CZQKMy,Raw Jute,717,5.0,254,SHIP_V_1885,142.4
SHIP_V_1443,sdv-id-ADCaEH,Smartphones,382,300.0,852,SHIP_V_1443,0.2733333333333333
SHIP_V_1536,sdv-id-EeHaCT,Solar Panels,390,120.0,798,SHIP_V_1536,2.25
SHIP_V_1265,sdv-id-AMQvVs,Solar Panels,325,120.0,1623,SHIP_V_1265,1.7083333333333333
SHIP_V_1095,sdv-id-yvrdAi,Smartphones,745,300.0,380,SHIP_V_1095,1.4833333333333334
SHIP_V_1175,sdv-id-HvtDKn,Industrial Chemicals,1396,50.0,1960,SHIP_V_1175,26.92
SHIP_V_1006,sdv-id-wOsCeK,Solar Panels,190,120.0,1989,SHIP_V_1006,0.5833333333333334
SHIP_V_1424,sdv-id-gwoeRz,Industrial Chemicals,1721,50.0,1569,SHIP_V_1424,33.42
SHIP_V_1016,sdv-id-cCbgZR,Industrial Chemicals,159,50.0,861,SHIP_V_1016,2.18
SHIP_V_1194,sdv-id-UcOlIQ,Smartphones,112,300.0,1731,SHIP_V_1194,-0.6266666666666667
SHIP_V_1769,sdv-id-JJFceC,Raw Jute,64,5.0,987,SHIP_V_1769,11.8
SHIP_V_1266,sdv-id-xieyrV,Smartphones,1467,300.0,760,SHIP_V_1266,3.89
SHIP_V_1504,sdv-id-XbuJwt,Solar Panels,131,120.0,1994,SHIP_V_1504,0.0916666666666666
SHIP_V_1501,sdv-id-EUvNCV,Ready-made Garments,404,8.5,1231,SHIP_V_1501,46.52941176470589
SHIP_V_1954,sdv-id-qIIlox,Smartphones,1368,300.0,920,SHIP_V_1954,3.56
SHIP_V_1131,sdv-id-pVOQOa,Smartphones,831,300.0,804,SHIP_V_1131,1.77
SHIP_V_1313,sdv-id-SWdhjY,Ready-made Garments,1121,8.5,445,SHIP_V_1313,130.88235294117646
SHIP_V_1092,sdv-id-fsKuWN,Solar Panels,640,120.0,352,SHIP_V_1092,4.333333333333333
SHIP_V_1430,sdv-id-sqyOUO,Raw Jute,53,5.0,438,SHIP_V_1430,9.6
SHIP_V_1148,sdv-id-dAIQeC,Raw Jute,905,5.0,1507,SHIP_V_1148,180.0
SHIP_V_1638,sdv-id-BCxYnk,Raw Jute,1155,5.0,1546,SHIP_V_1638,230.0
SHIP_V_1483,sdv-id-agKcdZ,Smartphones,1111,300.0,847,SHIP_V_1483,2.703333333333333
SHIP_V_1662,sdv-id-ORXfts,Smartphones,1382,300.0,1581,SHIP_V_1662,3.6066666666666665
SHIP_V_1468,sdv-id-jOWHkI,Industrial Chemicals,426,50.0,788,SHIP_V_1468,7.52
SHIP_V_1932,sdv-id-iiEMrC,Smartphones,286,300.0,1101,SHIP_V_1932,-0.0466666666666666
SHIP_V_1712,sdv-id-GfbHFb,Smartphones,114,300.0,1830,SHIP_V_1712,-0.62
SHIP_V_1298,sdv-id-dcsreY,Ready-made Garments,482,8.5,1353,SHIP_V_1298,55.705882352941174
SHIP_V_1985,sdv-id-SCwsZm,Industrial Chemicals,1281,50.0,1685,SHIP_V_1985,24.62
SHIP_V_1064,sdv-id-VKLYbM,Raw Jute,1961,5.0,163,SHIP_V_1064,391.2
SHIP_V_1696,sdv-id-ZUUebA,Industrial Chemicals,1344,50.0,473,SHIP_V_1696,25.88
SHIP_V_1328,sdv-id-OhQLao,Ready-made Garments,585,8.5,1523,SHIP_V_1328,67.82352941176471
SHIP_V_1398,sdv-id-Gybbzv,Solar Panels,43,120.0,996,SHIP_V_1398,-0.6416666666666667
SHIP_V_1179,sdv-id-svGMmj,Raw Jute,1146,5.0,787,SHIP_V_1179,228.2
SHIP_V_1775,sdv-id-GJyIyI,Industrial Chemicals,374,50.0,621,SHIP_V_1775,6.48
SHIP_V_1325,sdv-id-zVFujo,Ready-made Garments,31,8.5,1138,SHIP_V_1325,2.6470588235294117
SHIP_V_1927,sdv-id-pMtaZN,Solar Panels,389,120.0,716,SHIP_V_1927,2.2416666666666667
SHIP_V_1607,sdv-id-kHwMuJ,Industrial Chemicals,755,50.0,740,SHIP_V_1607,14.1
SHIP_V_1878,sdv-id-DQedPF,Ready-made Garments,692,8.5,721,SHIP_V_1878,80.41176470588235
SHIP_V_1694,sdv-id-sOXOjv,Raw Jute,975,5.0,869,SHIP_V_1694,194.0
SHIP_V_1947,sdv-id-MxzMwm,Smartphones,1345,300.0,1640,SHIP_V_1947,3.4833333333333334
SHIP_V_1654,sdv-id-FHkvjU,Industrial Chemicals,977,50.0,1003,SHIP_V_1654,18.54
SHIP_V_1030,sdv-id-arvxoA,Raw Jute,221,5.0,896,SHIP_V_1030,43.2
SHIP_V_1579,sdv-id-qZiUdf,Smartphones,984,300.0,1581,SHIP_V_1579,2.28
SHIP_V_1737,sdv-id-gvjDii,Industrial Chemicals,720,50.0,429,SHIP_V_1737,13.4
SHIP_V_1398,sdv-id-MULbmk,Smartphones,459,300.0,1760,SHIP_V_1398,0.53
SHIP_V_1716,sdv-id-OuVSEZ,Industrial Chemicals,394,50.0,1030,SHIP_V_1716,6.88
SHIP_V_1703,sdv-id-Xkbqrb,Raw Jute,724,5.0,336,SHIP_V_1703,143.8
SHIP_V_1522,sdv-id-HjlSUO,Solar Panels,589,120.0,180,SHIP_V_1522,3.908333333333333
SHIP_V_1145,sdv-id-HlkoBg,Ready-made Garments,1020,8.5,1090,SHIP_V_1145,119.0
SHIP_V_1541,sdv-id-LYxZpM,Ready-made Garments,1244,8.5,1620,SHIP_V_1541,145.35294117647058
SHIP_V_1897,sdv-id-pjLZMw,Raw Jute,837,5.0,775,SHIP_V_1897,166.4
SHIP_V_1474,sdv-id-WPPgix,Smartphones,1563,300.0,224,SHIP_V_1474,4.21
SHIP_V_1724,sdv-id-gsYgRx,Ready-made Garments,176,8.5,1854,SHIP_V_1724,19.705882352941178
SHIP_V_1979,sdv-id-qqfvQF,Industrial Chemicals,526,50.0,616,SHIP_V_1979,9.52
SHIP_V_1108,sdv-id-cQYhmA,Smartphones,2359,300.0,226,SHIP_V_1108,6.863333333333333
SHIP_V_1304,sdv-id-MChmPN,Smartphones,4,300.0,1991,SHIP_V_1304,-0.9866666666666668
SHIP_V_1039,sdv-id-oWDqop,Raw Jute,608,5.0,1306,SHIP_V_1039,120.6
SHIP_V_1001,sdv-id-atpqNG,Raw Jute,1473,5.0,203,SHIP_V_1001,293.6
SHIP_V_1150,sdv-id-NZfqoP,Raw Jute,1409,5.0,522,SHIP_V_1150,280.8
SHIP_V_1865,sdv-id-DUFNOH,Raw Jute,1820,5.0,183,SHIP_V_1865,363.0
SHIP_V_1251,sdv-id-eUnSdu,Industrial Chemicals,810,50.0,1555,SHIP_V_1251,15.2
SHIP_V_1144,sdv-id-RMcbag,Smartphones,1253,300.0,1031,SHIP_V_1144,3.1766666666666667
SHIP_V_1301,sdv-id-pzjiCb,Smartphones,467,300.0,1588,SHIP_V_1301,0.5566666666666666
SHIP_V_1536,sdv-id-VoqgMs,Ready-made Garments,1422,8.5,184,SHIP_V_1536,166.2941176470588
SHIP_V_1087,sdv-id-icrsRA,Smartphones,491,300.0,1369,SHIP_V_1087,0.6366666666666667
SHIP_V_1695,sdv-id-NqqOOq,Industrial Chemicals,689,50.0,717,SHIP_V_1695,12.78
SHIP_V_1497,sdv-id-kRLBkM,Ready-made Garments,130,8.5,1361,SHIP_V_1497,14.294117647058824
SHIP_V_1717,sdv-id-hVjdKq,Smartphones,462,300.0,1768,SHIP_V_1717,0.54
SHIP_V_1796,sdv-id-DmNYUp,Smartphones,1690,300.0,699,SHIP_V_1796,4.633333333333334
SHIP_V_1780,sdv-id-vCMxBZ,Industrial Chemicals,185,50.0,1410,SHIP_V_1780,2.7
SHIP_V_1850,sdv-id-AlZSBu,Raw Jute,1418,5.0,1709,SHIP_V_1850,282.6
SHIP_V_1404,sdv-id-ucNhIA,Industrial Chemicals,208,50.0,1062,SHIP_V_1404,3.16
SHIP_V_1254,sdv-id-muEdHw,Smartphones,628,300.0,858,SHIP_V_1254,1.0933333333333333
SHIP_V_1430,sdv-id-eAhtPw,Industrial Chemicals,915,50.0,756,SHIP_V_1430,17.3
SHIP_V_1922,sdv-id-ckLYoB,Raw Jute,621,5.0,1123,SHIP_V_1922,123.2
SHIP_V_1488,sdv-id-jWpEQF,Solar Panels,1299,120.0,187,SHIP_V_1488,9.825
SHIP_V_1550,sdv-id-VvRcdX,Solar Panels,101,120.0,857,SHIP_V_1550,-0.1583333333333333
SHIP_V_1120,sdv-id-xAczXX,Ready-made Garments,1409,8.5,154,SHIP_V_1120,164.76470588235293
SHIP_V_1332,sdv-id-yQAQLI,Industrial Chemicals,558,50.0,1706,SHIP_V_1332,10.16
SHIP_V_1626,sdv-id-spfMLv,Smartphones,783,300.0,1040,SHIP_V_1626,1.61
SHIP_V_1929,sdv-id-QpebkX,Smartphones,1409,300.0,282,SHIP_V_1929,3.696666666666667
SHIP_V_1461,sdv-id-noIPNu,Smartphones,555,300.0,598,SHIP_V_1461,0.85
SHIP_V_1141,sdv-id-siWvrI,Smartphones,2421,300.0,1029,SHIP_V_1141,7.07
SHIP_V_1154,sdv-id-tAMSNz,Raw Jute,1407,5.0,1895,SHIP_V_1154,280.4
SHIP_V_1274,sdv-id-mHaRiS,Industrial Chemicals,620,50.0,756,SHIP_V_1274,11.4
SHIP_V_1598,sdv-id-lnMCJo,Ready-made Garments,1004,8.5,495,SHIP_V_1598,117.11764705882354
SHIP_V_1454,sdv-id-JxaEaM,Smartphones,772,300.0,1398,SHIP_V_1454,1.5733333333333333
SHIP_V_1336,sdv-id-wMBpCs,Smartphones,792,300.0,1776,SHIP_V_1336,1.64
SHIP_V_1934,sdv-id-EaVcJr,Raw Jute,75,5.0,1240,SHIP_V_1934,14.0
SHIP_V_1858,sdv-id-KfXIXE,Solar Panels,331,120.0,178,SHIP_V_1858,1.7583333333333333
SHIP_V_1577,sdv-id-paQbOb,Smartphones,191,300.0,1053,SHIP_V_1577,-0.3633333333333333
SHIP_V_1886,sdv-id-iVqcNK,Industrial Chemicals,221,50.0,775,SHIP_V_1886,3.42
SHIP_V_1121,sdv-id-esaJVL,Industrial Chemicals,1330,50.0,737,SHIP_V_1121,25.6
SHIP_V_1414,sdv-id-rgPeJp,Ready-made Garments,831,8.5,121,SHIP_V_1414,96.76470588235294
SHIP_V_1248,sdv-id-jibaEj,Solar Panels,1327,120.0,1188,SHIP_V_1248,10.058333333333334
SHIP_V_1462,sdv-id-kRDVub,Ready-made Garments,647,8.5,870,SHIP_V_1462,75.11764705882354
SHIP_V_1827,sdv-id-CPpTqG,Ready-made Garments,830,8.5,1658,SHIP_V_1827,96.6470588235294
SHIP_V_1638,sdv-id-zMwjdB,Smartphones,296,300.0,1748,SHIP_V_1638,-0.0133333333333333
SHIP_V_1050,sdv-id-peOzIQ,Industrial Chemicals,334,50.0,1493,SHIP_V_1050,5.68
SHIP_V_1387,sdv-id-TkCUGW,Ready-made Garments,721,8.5,713,SHIP_V_1387,83.82352941176471
SHIP_V_1055,sdv-id-xTQJNF,Solar Panels,970,120.0,913,SHIP_V_1055,7.083333333333333
SHIP_V_1955,sdv-id-yMRdgt,Smartphones,452,300.0,1371,SHIP_V_1955,0.5066666666666667
SHIP_V_1484,sdv-id-eCjqvU,Solar Panels,47,120.0,1519,SHIP_V_1484,-0.6083333333333333
SHIP_V_1770,sdv-id-ZUJCet,Smartphones,1327,300.0,1171,SHIP_V_1770,3.4233333333333333
SHIP_V_1935,sdv-id-YUGJMt,Ready-made Garments,464,8.5,1127,SHIP_V_1935,53.588235294117645
SHIP_V_1869,sdv-id-fSJFUf,Ready-made Garments,689,8.5,422,SHIP_V_1869,80.05882352941177
SHIP_V_1535,sdv-id-XXbVOj,Raw Jute,312,5.0,1746,SHIP_V_1535,61.4
SHIP_V_1172,sdv-id-xXLaqS,Industrial Chemicals,1767,50.0,341,SHIP_V_1172,34.34
SHIP_V_1821,sdv-id-FrQtDj,Ready-made Garments,537,8.5,836,SHIP_V_1821,62.1764705882353
SHIP_V_1933,sdv-id-djlyVq,Industrial Chemicals,2524,50.0,189,SHIP_V_1933,49.48
SHIP_V_1689,sdv-id-RnvBEZ,Raw Jute,1089,5.0,1721,SHIP_V_1689,216.8
SHIP_V_1475,sdv-id-pLBsEF,Raw Jute,665,5.0,537,SHIP_V_1475,132.0
SHIP_V_1030,sdv-id-JjMnOZ,Ready-made Garments,658,8.5,365,SHIP_V_1030,76.41176470588235
SHIP_V_1482,sdv-id-ghetoa,Smartphones,257,300.0,1101,SHIP_V_1482,-0.1433333333333333
SHIP_V_1321,sdv-id-PzzSLK,Industrial Chemicals,288,50.0,1210,SHIP_V_1321,4.76
SHIP_V_1432,sdv-id-TuFnFA,Industrial Chemicals,377,50.0,1613,SHIP_V_1432,6.54
SHIP_V_1133,sdv-id-xqnMWI,Smartphones,10,300.0,422,SHIP_V_1133,-0.9666666666666668
SHIP_V_1299,sdv-id-nZfHVh,Raw Jute,613,5.0,375,SHIP_V_1299,121.6
SHIP_V_1352,sdv-id-noapEk,Raw Jute,517,5.0,1248,SHIP_V_1352,102.4
SHIP_V_1927,sdv-id-qWVapH,Raw Jute,33,5.0,783,SHIP_V_1927,5.6
SHIP_V_1080,sdv-id-okCHGl,Smartphones,243,300.0,1969,SHIP_V_1080,-0.19
SHIP_V_1094,sdv-id-NGIFRI,Solar Panels,263,120.0,1106,SHIP_V_1094,1.1916666666666669
SHIP_V_1526,sdv-id-TNXRZy,Raw Jute,988,5.0,1569,SHIP_V_1526,196.6
SHIP_V_1623,sdv-id-ozybPx,Raw Jute,524,5.0,1255,SHIP_V_1623,103.8
SHIP_V_1127,sdv-id-mVXBiu,Industrial Chemicals,1061,50.0,1253,SHIP_V_1127,20.22
SHIP_V_1324,sdv-id-OctAct,Raw Jute,97,5.0,1785,SHIP_V_1324,18.4
SHIP_V_1292,sdv-id-VKXymF,Industrial Chemicals,526,50.0,1944,SHIP_V_1292,9.52
SHIP_V_1269,sdv-id-knmGkY,Industrial Chemicals,1415,50.0,1268,SHIP_V_1269,27.3
SHIP_V_1796,sdv-id-nGHiSg,Ready-made Garments,318,8.5,1896,SHIP_V_1796,36.411764705882355
SHIP_V_1223,sdv-id-MPXAvL,Industrial Chemicals,262,50.0,602,SHIP_V_1223,4.24
SHIP_V_1566,sdv-id-ZXvaYR,Solar Panels,45,120.0,1676,SHIP_V_1566,-0.625
SHIP_V_1048,sdv-id-rfowPO,Raw Jute,1688,5.0,1827,SHIP_V_1048,336.6
SHIP_V_1433,sdv-id-npMuHS,Smartphones,1177,300.0,796,SHIP_V_1433,2.9233333333333333
SHIP_V_1129,sdv-id-HjzVIe,Ready-made Garments,178,8.5,1080,SHIP_V_1129,19.941176470588236
SHIP_V_1602,sdv-id-VVieUF,Ready-made Garments,1285,8.5,615,SHIP_V_1602,150.1764705882353
SHIP_V_1845,sdv-id-AUWrVj,Solar Panels,344,120.0,923,SHIP_V_1845,1.8666666666666667
SHIP_V_1133,sdv-id-yOdzVX,Raw Jute,239,5.0,1255,SHIP_V_1133,46.8
SHIP_V_1013,sdv-id-rolCfw,Raw Jute,706,5.0,453,SHIP_V_1013,140.2
SHIP_V_1916,sdv-id-kSqMIx,Industrial Chemicals,281,50.0,1286,SHIP_V_1916,4.62
SHIP_V_1582,sdv-id-aGZVFv,Industrial Chemicals,273,50.0,1716,SHIP_V_1582,4.46
SHIP_V_1427,sdv-id-gQTrFL,Ready-made Garments,440,8.5,806,SHIP_V_1427,50.76470588235294
SHIP_V_1463,sdv-id-pQpSxv,Raw Jute,717,5.0,431,SHIP_V_1463,142.4
SHIP_V_1013,sdv-id-FaXtvy,Ready-made Garments,872,8.5,1942,SHIP_V_1013,101.58823529411764
SHIP_V_1057,sdv-id-qRJHhe,Raw Jute,379,5.0,1490,SHIP_V_1057,74.8
SHIP_V_1256,sdv-id-SrdVRh,Ready-made Garments,1022,8.5,376,SHIP_V_1256,119.23529411764706
SHIP_V_1582,sdv-id-yYlYaB,Smartphones,938,300.0,128,SHIP_V_1582,2.1266666666666665
SHIP_V_1913,sdv-id-Qkmqjw,Smartphones,117,300.0,521,SHIP_V_1913,-0.61
SHIP_V_1323,sdv-id-QnPVZB,Industrial Chemicals,1799,50.0,1361,SHIP_V_1323,34.98
SHIP_V_1009,sdv-id-zMSvrc,Ready-made Garments,1396,8.5,1471,SHIP_V_1009,163.23529411764707
SHIP_V_1753,sdv-id-NRAzoZ,Smartphones,756,300.0,1174,SHIP_V_1753,1.52
SHIP_V_1342,sdv-id-AtDsjp,Raw Jute,829,5.0,1119,SHIP_V_1342,164.8
SHIP_V_1948,sdv-id-jgvHaX,Solar Panels,1525,120.0,609,SHIP_V_1948,11.708333333333334
SHIP_V_1135,sdv-id-LgDfyV,Industrial Chemicals,361,50.0,852,SHIP_V_1135,6.22
SHIP_V_1472,sdv-id-RhaZAK,Ready-made Garments,908,8.5,1365,SHIP_V_1472,105.82352941176472
SHIP_V_1292,sdv-id-PNEILO,Smartphones,939,300.0,1187,SHIP_V_1292,2.13
SHIP_V_1051,sdv-id-jjWKIW,Ready-made Garments,253,8.5,1483,SHIP_V_1051,28.764705882352946
SHIP_V_1888,sdv-id-CTzrIi,Smartphones,501,300.0,1495,SHIP_V_1888,0.67
SHIP_V_1171,sdv-id-mUUUtT,Industrial Chemicals,1198,50.0,1703,SHIP_V_1171,22.96
SHIP_V_1424,sdv-id-shyuQD,Raw Jute,310,5.0,275,SHIP_V_1424,61.0
SHIP_V_1480,sdv-id-VwyyRL,Ready-made Garments,534,8.5,1912,SHIP_V_1480,61.8235294117647
SHIP_V_1670,sdv-id-BbNdei,Smartphones,477,300.0,1636,SHIP_V_1670,0.59
SHIP_V_1719,sdv-id-mjEwep,Industrial Chemicals,215,50.0,172,SHIP_V_1719,3.3
SHIP_V_1584,sdv-id-AHRzDd,Smartphones,1054,300.0,1590,SHIP_V_1584,2.513333333333333
SHIP_V_1101,sdv-id-OjIhiW,Smartphones,278,300.0,1466,SHIP_V_1101,-0.0733333333333333
SHIP_V_1335,sdv-id-oBqTDB,Raw Jute,1088,5.0,243,SHIP_V_1335,216.6
SHIP_V_1478,sdv-id-guEIwO,Ready-made Garments,1120,8.5,1716,SHIP_V_1478,130.76470588235293
SHIP_V_1934,sdv-id-QwDtpG,Solar Panels,417,120.0,522,SHIP_V_1934,2.475
SHIP_V_1306,sdv-id-ZHGKCW,Industrial Chemicals,164,50.0,607,SHIP_V_1306,2.28
SHIP_V_1133,sdv-id-uiHXIm,Raw Jute,512,5.0,1022,SHIP_V_1133,101.4
SHIP_V_1656,sdv-id-IWsKma,Ready-made Garments,98,8.5,801,SHIP_V_1656,10.529411764705882
SHIP_V_1857,sdv-id-fZIUmm,Solar Panels,770,120.0,761,SHIP_V_1857,5.416666666666667
SHIP_V_1774,sdv-id-wQLWlP,Ready-made Garments,1499,8.5,610,SHIP_V_1774,175.35294117647058
SHIP_V_1018,sdv-id-AfNndJ,Solar Panels,206,120.0,1171,SHIP_V_1018,0.7166666666666667
SHIP_V_1952,sdv-id-ukSfOO,Industrial Chemicals,853,50.0,626,SHIP_V_1952,16.06
SHIP_V_1517,sdv-id-kkiDax,Smartphones,163,300.0,1195,SHIP_V_1517,-0.4566666666666666
SHIP_V_1288,sdv-id-IJGhOB,Industrial Chemicals,101,50.0,1551,SHIP_V_1288,1.02
SHIP_V_1415,sdv-id-SEFmHp,Solar Panels,66,120.0,625,SHIP_V_1415,-0.45
SHIP_V_1870,sdv-id-PdKwQn,Solar Panels,1482,120.0,189,SHIP_V_1870,11.35
SHIP_V_1909,sdv-id-bgefeD,Solar Panels,1276,120.0,1828,SHIP_V_1909,9.633333333333333
SHIP_V_1500,sdv-id-BThKcD,Industrial Chemicals,966,50.0,1623,SHIP_V_1500,18.32
SHIP_V_1991,sdv-id-PsMpLf,Ready-made Garments,629,8.5,1914,SHIP_V_1991,73.0
SHIP_V_1962,sdv-id-JeiYsx,Smartphones,1048,300.0,437,SHIP_V_1962,2.493333333333333
SHIP_V_1831,sdv-id-CMfUtL,Industrial Chemicals,699,50.0,1097,SHIP_V_1831,12.98
SHIP_V_1926,sdv-id-EGXwif,Solar Panels,308,120.0,448,SHIP_V_1926,1.5666666666666669
SHIP_V_1990,sdv-id-Akvwsy,Industrial Chemicals,520,50.0,637,SHIP_V_1990,9.4
SHIP_V_1801,sdv-id-ZhQeAt,Ready-made Garments,310,8.5,1651,SHIP_V_1801,35.470588235294116
SHIP_V_1016,sdv-id-FaRSiK,Raw Jute,302,5.0,738,SHIP_V_1016,59.4
SHIP_V_1182,sdv-id-EFesXK,Industrial Chemicals,646,50.0,152,SHIP_V_1182,11.92
SHIP_V_1188,sdv-id-VzxnlT,Raw Jute,1660,5.0,789,SHIP_V_1188,331.0
SHIP_V_1261,sdv-id-mlpjGW,Raw Jute,1997,5.0,1061,SHIP_V_1261,398.4
SHIP_V_1610,sdv-id-JlJpkS,Raw Jute,1810,5.0,641,SHIP_V_1610,361.0
SHIP_V_1932,sdv-id-MtsjPf,Ready-made Garments,401,8.5,1627,SHIP_V_1932,46.1764705882353
SHIP_V_1423,sdv-id-MARCvy,Industrial Chemicals,1275,50.0,442,SHIP_V_1423,24.5
SHIP_V_1037,sdv-id-NBsvNb,Raw Jute,923,5.0,1455,SHIP_V_1037,183.6
SHIP_V_1535,sdv-id-HsaVzO,Solar Panels,495,120.0,570,SHIP_V_1535,3.125
SHIP_V_1545,sdv-id-GrbcKX,Industrial Chemicals,547,50.0,1234,SHIP_V_1545,9.94
SHIP_V_1615,sdv-id-YIBuVK,Industrial Chemicals,316,50.0,360,SHIP_V_1615,5.32
SHIP_V_1015,sdv-id-VuXsnZ,Ready-made Garments,586,8.5,1202,SHIP_V_1015,67.94117647058823
SHIP_V_1667,sdv-id-pTYzav,Industrial Chemicals,229,50.0,1988,SHIP_V_1667,3.58
SHIP_V_1257,sdv-id-FHoqCY,Smartphones,451,300.0,840,SHIP_V_1257,0.5033333333333333
SHIP_V_1657,sdv-id-awsvME,Industrial Chemicals,661,50.0,1578,SHIP_V_1657,12.22
SHIP_V_1124,sdv-id-kgcLWj,Smartphones,154,300.0,348,SHIP_V_1124,-0.4866666666666667
SHIP_V_1521,sdv-id-cYoUHE,Smartphones,567,300.0,1046,SHIP_V_1521,0.89
SHIP_V_1342,sdv-id-eZtPOe,Ready-made Garments,1448,8.5,1245,SHIP_V_1342,169.35294117647058
SHIP_V_1731,sdv-id-KrRvIV,Raw Jute,1896,5.0,144,SHIP_V_1731,378.2
SHIP_V_1338,sdv-id-uwKUPw,Ready-made Garments,25,8.5,1516,SHIP_V_1338,1.9411764705882353
SHIP_V_1818,sdv-id-YLdQMk,Ready-made Garments,24,8.5,1698,SHIP_V_1818,1.8235294117647056
SHIP_V_1005,sdv-id-lNtPJJ,Raw Jute,2775,5.0,195,SHIP_V_1005,554.0
SHIP_V_1332,sdv-id-fxbCbP,Industrial Chemicals,86,50.0,1701,SHIP_V_1332,0.72
SHIP_V_1902,sdv-id-LnSmiL,Raw Jute,928,5.0,1925,SHIP_V_1902,184.6
SHIP_V_1361,sdv-id-OGJRtH,Ready-made Garments,70,8.5,1697,SHIP_V_1361,7.235294117647059
SHIP_V_1377,sdv-id-TJeFGq,Smartphones,586,300.0,1916,SHIP_V_1377,0.9533333333333334
SHIP_V_1579,sdv-id-ybvTkh,Ready-made Garments,1447,8.5,196,SHIP_V_1579,169.23529411764707
SHIP_V_1464,sdv-id-OYwdtA,Ready-made Garments,1304,8.5,108,SHIP_V_1464,152.41176470588235
SHIP_V_1505,sdv-id-AugpxF,Ready-made Garments,220,8.5,354,SHIP_V_1505,24.88235294117647
SHIP_V_1048,sdv-id-TeNoPu,Industrial Chemicals,587,50.0,836,SHIP_V_1048,10.74
SHIP_V_1349,sdv-id-xcWpdl,Ready-made Garments,1782,8.5,375,SHIP_V_1349,208.64705882352945
SHIP_V_1655,sdv-id-AJDOLH,Smartphones,483,300.0,870,SHIP_V_1655,0.61
SHIP_V_1630,sdv-id-FbrwTj,Solar Panels,1331,120.0,766,SHIP_V_1630,10.091666666666669
SHIP_V_1330,sdv-id-rhNDEU,Ready-made Garments,498,8.5,822,SHIP_V_1330,57.588235294117645
SHIP_V_1458,sdv-id-vmBWEq,Ready-made Garments,1169,8.5,113,SHIP_V_1458,136.52941176470588
SHIP_V_1732,sdv-id-pGKmgk,Solar Panels,777,120.0,1492,SHIP_V_1732,5.475
SHIP_V_1703,sdv-id-YOiuEe,Ready-made Garments,64,8.5,1161,SHIP_V_1703,6.529411764705882
SHIP_V_1164,sdv-id-kiMRbg,Solar Panels,311,120.0,1466,SHIP_V_1164,1.5916666666666666
SHIP_V_1960,sdv-id-qHPJjV,Raw Jute,578,5.0,881,SHIP_V_1960,114.6
SHIP_V_1572,sdv-id-fllTis,Industrial Chemicals,1295,50.0,359,SHIP_V_1572,24.9
SHIP_V_1129,sdv-id-nHYgOg,Solar Panels,99,120.0,1880,SHIP_V_1129,-0.175
SHIP_V_1064,sdv-id-WeRnft,Smartphones,282,300.0,1975,SHIP_V_1064,-0.06
SHIP_V_1831,sdv-id-PGypGZ,Raw Jute,1091,5.0,1542,SHIP_V_1831,217.2
SHIP_V_1528,sdv-id-AVujmw,Solar Panels,257,120.0,190,SHIP_V_1528,1.1416666666666666
SHIP_V_1659,sdv-id-xlxyzY,Solar Panels,1216,120.0,997,SHIP_V_1659,9.133333333333333
SHIP_V_1439,sdv-id-WeNQOI,Raw Jute,2053,5.0,1520,SHIP_V_1439,409.6
SHIP_V_1414,sdv-id-UBSTIT,Ready-made Garments,158,8.5,1350,SHIP_V_1414,17.58823529411765
SHIP_V_1973,sdv-id-mlfcbf,Raw Jute,228,5.0,339,SHIP_V_1973,44.6
SHIP_V_1531,sdv-id-kYdWBF,Raw Jute,164,5.0,221,SHIP_V_1531,31.8
SHIP_V_1239,sdv-id-MeLguA,Smartphones,810,300.0,937,SHIP_V_1239,1.7
SHIP_V_1726,sdv-id-WcCizp,Industrial Chemicals,741,50.0,1973,SHIP_V_1726,13.82
SHIP_V_1361,sdv-id-tRRtoh,Industrial Chemicals,1168,50.0,442,SHIP_V_1361,22.36
SHIP_V_1556,sdv-id-ctvnuG,Smartphones,457,300.0,433,SHIP_V_1556,0.5233333333333333
SHIP_V_1180,sdv-id-ERvRCu,Raw Jute,462,5.0,1269,SHIP_V_1180,91.4
SHIP_V_1973,sdv-id-xqKObU,Industrial Chemicals,1276,50.0,1125,SHIP_V_1973,24.52
SHIP_V_1405,sdv-id-oIJCUF,Raw Jute,993,5.0,1582,SHIP_V_1405,197.6
SHIP_V_1150,sdv-id-jQbtuk,Smartphones,649,300.0,884,SHIP_V_1150,1.163333333333333
SHIP_V_1780,sdv-id-ziTvUz,Smartphones,1265,300.0,220,SHIP_V_1780,3.216666666666667
SHIP_V_1496,sdv-id-SFQIfH,Smartphones,534,300.0,1720,SHIP_V_1496,0.78
SHIP_V_1935,sdv-id-Wfviqp,Raw Jute,1342,5.0,1016,SHIP_V_1935,267.4
SHIP_V_1130,sdv-id-sXznDh,Ready-made Garments,939,8.5,599,SHIP_V_1130,109.47058823529412
SHIP_V_1333,sdv-id-KreWKY,Solar Panels,261,120.0,616,SHIP_V_1333,1.175
SHIP_V_1895,sdv-id-EopFnJ,Industrial Chemicals,592,50.0,972,SHIP_V_1895,10.84
SHIP_V_1771,sdv-id-txPPfu,Industrial Chemicals,139,50.0,1266,SHIP_V_1771,1.78
SHIP_V_1337,sdv-id-hFujwo,Industrial Chemicals,626,50.0,146,SHIP_V_1337,11.52
SHIP_V_1773,sdv-id-pHyiln,Ready-made Garments,735,8.5,704,SHIP_V_1773,85.47058823529412
SHIP_V_1310,sdv-id-wechah,Ready-made Garments,98,8.5,1651,SHIP_V_1310,10.529411764705882
SHIP_V_1083,sdv-id-APnVJG,Industrial Chemicals,1966,50.0,395,SHIP_V_1083,38.32
SHIP_V_1757,sdv-id-XQrhGl,Ready-made Garments,1316,8.5,440,SHIP_V_1757,153.8235294117647
SHIP_V_1124,sdv-id-ZQCTLh,Ready-made Garments,800,8.5,406,SHIP_V_1124,93.11764705882354
SHIP_V_1012,sdv-id-kIIfjS,Raw Jute,285,5.0,152,SHIP_V_1012,56.0
SHIP_V_1335,sdv-id-jSQuRo,Smartphones,877,300.0,1743,SHIP_V_1335,1.9233333333333331
SHIP_V_1454,sdv-id-nZfHNS,Ready-made Garments,1056,8.5,991,SHIP_V_1454,123.23529411764706
SHIP_V_1668,sdv-id-GnVFSR,Industrial Chemicals,467,50.0,800,SHIP_V_1668,8.34
SHIP_V_1275,sdv-id-iUeDGx,Smartphones,2232,300.0,1321,SHIP_V_1275,6.44
SHIP_V_1633,sdv-id-NYGCEu,Industrial Chemicals,1440,50.0,1303,SHIP_V_1633,27.8
SHIP_V_1349,sdv-id-XGbmBF,Industrial Chemicals,826,50.0,305,SHIP_V_1349,15.52
SHIP_V_1312,sdv-id-YgEdtR,Raw Jute,1000,5.0,419,SHIP_V_1312,199.0
SHIP_V_1094,sdv-id-bbQBsn,Smartphones,1155,300.0,994,SHIP_V_1094,2.85
SHIP_V_1078,sdv-id-dicKUt,Industrial Chemicals,170,50.0,325,SHIP_V_1078,2.4
SHIP_V_1035,sdv-id-UUwkgV,Smartphones,186,300.0,1171,SHIP_V_1035,-0.38
SHIP_V_1970,sdv-id-WCTxub,Raw Jute,969,5.0,675,SHIP_V_1970,192.8
SHIP_V_1089,sdv-id-ChvLMA,Industrial Chemicals,2278,50.0,1289,SHIP_V_1089,44.56
SHIP_V_1657,sdv-id-FzhiQG,Industrial Chemicals,731,50.0,1605,SHIP_V_1657,13.62
SHIP_V_1273,sdv-id-oZxQKK,Industrial Chemicals,101,50.0,216,SHIP_V_1273,1.02
SHIP_V_1040,sdv-id-qzcJrv,Raw Jute,2249,5.0,249,SHIP_V_1040,448.8
SHIP_V_1231,sdv-id-nEtpDs,Solar Panels,403,120.0,1061,SHIP_V_1231,2.3583333333333334
SHIP_V_1929,sdv-id-vCGAeM,Smartphones,721,300.0,1140,SHIP_V_1929,1.403333333333333
SHIP_V_1236,sdv-id-rruBPq,Solar Panels,926,120.0,223,SHIP_V_1236,6.716666666666667
SHIP_V_1830,sdv-id-sHvECX,Ready-made Garments,863,8.5,1165,SHIP_V_1830,100.52941176470588
SHIP_V_1425,sdv-id-eOnTGC,Smartphones,111,300.0,1102,SHIP_V_1425,-0.63
SHIP_V_1093,sdv-id-zRbOSD,Industrial Chemicals,1051,50.0,787,SHIP_V_1093,20.02
SHIP_V_1908,sdv-id-rnViEw,Smartphones,215,300.0,1753,SHIP_V_1908,-0.2833333333333333
SHIP_V_1154,sdv-id-nVnQOY,Smartphones,690,300.0,1639,SHIP_V_1154,1.3
SHIP_V_1877,sdv-id-XXceOp,Smartphones,1640,300.0,716,SHIP_V_1877,4.466666666666667
SHIP_V_1474,sdv-id-rhxJhk,Industrial Chemicals,680,50.0,113,SHIP_V_1474,12.6
SHIP_V_1243,sdv-id-aGtzvX,Smartphones,409,300.0,1190,SHIP_V_1243,0.3633333333333333
SHIP_V_1421,sdv-id-YjMrZa,Smartphones,460,300.0,1678,SHIP_V_1421,0.5333333333333333
SHIP_V_1540,sdv-id-NngsnI,Industrial Chemicals,1479,50.0,843,SHIP_V_1540,28.58
SHIP_V_1716,sdv-id-sNQKSd,Raw Jute,51,5.0,1264,SHIP_V_1716,9.2
SHIP_V_1312,sdv-id-nsCqWu,Industrial Chemicals,1354,50.0,1414,SHIP_V_1312,26.08
SHIP_V_1046,sdv-id-nxLyQR,Raw Jute,1251,5.0,745,SHIP_V_1046,249.2
SHIP_V_1855,sdv-id-QNvaim,Smartphones,522,300.0,1666,SHIP_V_1855,0.74
SHIP_V_1573,sdv-id-xPJSDJ,Smartphones,165,300.0,1253,SHIP_V_1573,-0.45
SHIP_V_1254,sdv-id-eNDbgC,Raw Jute,614,5.0,593,SHIP_V_1254,121.8
SHIP_V_1199,sdv-id-HVvmyk,Solar Panels,25,120.0,1432,SHIP_V_1199,-0.7916666666666666
SHIP_V_1446,sdv-id-KVCKNx,Smartphones,538,300.0,733,SHIP_V_1446,0.7933333333333333
SHIP_V_1208,sdv-id-sabxxt,Solar Panels,250,120.0,1129,SHIP_V_1208,1.0833333333333333
SHIP_V_1932,sdv-id-onaTJO,Raw Jute,248,5.0,1123,SHIP_V_1932,48.6
SHIP_V_1052,sdv-id-nPxuWA,Ready-made Garments,114,8.5,594,SHIP_V_1052,12.411764705882351
SHIP_V_1397,sdv-id-UxXYov,Solar Panels,91,120.0,1595,SHIP_V_1397,-0.2416666666666666
SHIP_V_1194,sdv-id-iiWxrN,Raw Jute,190,5.0,403,SHIP_V_1194,37.0
SHIP_V_1679,sdv-id-mgYrWj,Ready-made Garments,120,8.5,1312,SHIP_V_1679,13.117647058823527
SHIP_V_1119,sdv-id-SWTdsO,Industrial Chemicals,1027,50.0,1303,SHIP_V_1119,19.54
SHIP_V_1330,sdv-id-lnEEfp,Solar Panels,427,120.0,778,SHIP_V_1330,2.558333333333333
SHIP_V_1164,sdv-id-NOSyBd,Industrial Chemicals,702,50.0,650,SHIP_V_1164,13.04
SHIP_V_1879,sdv-id-sgjsnM,Industrial Chemicals,204,50.0,1596,SHIP_V_1879,3.08
SHIP_V_1418,sdv-id-gkPnUp,Industrial Chemicals,168,50.0,1449,SHIP_V_1418,2.36
SHIP_V_1268,sdv-id-dbYMtW,Industrial Chemicals,1141,50.0,131,SHIP_V_1268,21.82
SHIP_V_1949,sdv-id-NBmYup,Industrial Chemicals,985,50.0,701,SHIP_V_1949,18.7
SHIP_V_1889,sdv-id-VxZAbs,Smartphones,396,300.0,1825,SHIP_V_1889,0.32
SHIP_V_1915,sdv-id-TWfwXX,Ready-made Garments,667,8.5,1159,SHIP_V_1915,77.47058823529412
SHIP_V_1586,sdv-id-nqEanK,Raw Jute,276,5.0,1836,SHIP_V_1586,54.2
SHIP_V_1689,sdv-id-GLIUnM,Industrial Chemicals,388,50.0,1960,SHIP_V_1689,6.76
SHIP_V_1907,sdv-id-IuxPww,Smartphones,60,300.0,864,SHIP_V_1907,-0.8
SHIP_V_1873,sdv-id-iwyIsc,Industrial Chemicals,305,50.0,357,SHIP_V_1873,5.1
SHIP_V_1187,sdv-id-QRuJPN,Raw Jute,624,5.0,1022,SHIP_V_1187,123.8
SHIP_V_1299,sdv-id-dEihXO,Ready-made Garments,319,8.5,392,SHIP_V_1299,36.52941176470589
SHIP_V_1801,sdv-id-rbbhhz,Smartphones,769,300.0,816,SHIP_V_1801,1.5633333333333332
SHIP_V_1695,sdv-id-TcalCH,Raw Jute,1347,5.0,832,SHIP_V_1695,268.4
SHIP_V_1762,sdv-id-aDkwuS,Industrial Chemicals,69,50.0,814,SHIP_V_1762,0.38
SHIP_V_1169,sdv-id-EGoGlz,Ready-made Garments,439,8.5,667,SHIP_V_1169,50.64705882352941
SHIP_V_1591,sdv-id-sgwCxD,Smartphones,1264,300.0,1033,SHIP_V_1591,3.213333333333334
SHIP_V_1319,sdv-id-kACtos,Ready-made Garments,1659,8.5,1003,SHIP_V_1319,194.1764705882353
SHIP_V_1820,sdv-id-VLyOvr,Ready-made Garments,338,8.5,1897,SHIP_V_1820,38.76470588235294
SHIP_V_1039,sdv-id-hymdcm,Smartphones,434,300.0,1526,SHIP_V_1039,0.4466666666666666
SHIP_V_1419,sdv-id-eoEwXD,Smartphones,1630,300.0,1731,SHIP_V_1419,4.433333333333334
SHIP_V_1248,sdv-id-TYMwgS,Ready-made Garments,1487,8.5,1035,SHIP_V_1248,173.94117647058823
SHIP_V_1378,sdv-id-zIDMWL,Ready-made Garments,516,8.5,1001,SHIP_V_1378,59.705882352941174
SHIP_V_1385,sdv-id-iUfTNp,Smartphones,328,300.0,1683,SHIP_V_1385,0.0933333333333333
SHIP_V_1795,sdv-id-PmDvgx,Raw Jute,1467,5.0,251,SHIP_V_1795,292.4
SHIP_V_1813,sdv-id-rOAtQi,Solar Panels,274,120.0,1745,SHIP_V_1813,1.2833333333333334
SHIP_V_1817,sdv-id-AbtfiC,Raw Jute,686,5.0,674,SHIP_V_1817,136.2
SHIP_V_1435,sdv-id-IOFEOT,Smartphones,383,300.0,961,SHIP_V_1435,0.2766666666666666
SHIP_V_1346,sdv-id-JEJpKR,Solar Panels,314,120.0,818,SHIP_V_1346,1.6166666666666667
SHIP_V_1096,sdv-id-ZskXoQ,Ready-made Garments,272,8.5,436,SHIP_V_1096,31.0
SHIP_V_1934,sdv-id-TwidsT,Ready-made Garments,522,8.5,307,SHIP_V_1934,60.411764705882355
SHIP_V_1065,sdv-id-BrgaOW,Ready-made Garments,1088,8.5,839,SHIP_V_1065,127.0
SHIP_V_1331,sdv-id-yUrnZJ,Ready-made Garments,1636,8.5,880,SHIP_V_1331,191.47058823529412
SHIP_V_1197,sdv-id-XmMLXj,Industrial Chemicals,1786,50.0,336,SHIP_V_1197,34.72
SHIP_V_1203,sdv-id-UBsnes,Industrial Chemicals,271,50.0,1727,SHIP_V_1203,4.42
SHIP_V_1746,sdv-id-dfecBu,Smartphones,496,300.0,1412,SHIP_V_1746,0.6533333333333333
SHIP_V_1184,sdv-id-IFnxzf,Industrial Chemicals,646,50.0,1416,SHIP_V_1184,11.92
SHIP_V_1042,sdv-id-aSDmfg,Smartphones,1444,300.0,701,SHIP_V_1042,3.8133333333333335
SHIP_V_1324,sdv-id-bYNbIe,Raw Jute,723,5.0,498,SHIP_V_1324,143.6
SHIP_V_1746,sdv-id-DOBroo,Industrial Chemicals,1477,50.0,592,SHIP_V_1746,28.54
SHIP_V_1285,sdv-id-pcMmMG,Smartphones,129,300.0,836,SHIP_V_1285,-0.57
SHIP_V_1810,sdv-id-ISfcdl,Raw Jute,2299,5.0,1744,SHIP_V_1810,458.8
SHIP_V_1870,sdv-id-btcUsT,Smartphones,991,300.0,613,SHIP_V_1870,2.3033333333333332
SHIP_V_1729,sdv-id-yekAkV,Raw Jute,2642,5.0,1236,SHIP_V_1729,527.4
SHIP_V_1170,sdv-id-zJzmed,Smartphones,645,300.0,461,SHIP_V_1170,1.15
SHIP_V_1923,sdv-id-KZgMvx,Solar Panels,752,120.0,854,SHIP_V_1923,5.266666666666667
SHIP_V_1818,sdv-id-ktekIU,Smartphones,1132,300.0,1107,SHIP_V_1818,2.7733333333333334
SHIP_V_1847,sdv-id-ArnPox,Ready-made Garments,1143,8.5,435,SHIP_V_1847,133.47058823529412
SHIP_V_1036,sdv-id-EzxMZK,Raw Jute,1272,5.0,1667,SHIP_V_1036,253.4
SHIP_V_1931,sdv-id-FoPjXf,Smartphones,403,300.0,1687,SHIP_V_1931,0.3433333333333333
SHIP_V_1006,sdv-id-leAvAL,Solar Panels,1159,120.0,626,SHIP_V_1006,8.658333333333333
SHIP_V_1972,sdv-id-cDmtVG,Industrial Chemicals,519,50.0,1567,SHIP_V_1972,9.38
SHIP_V_1609,sdv-id-mosqXZ,Smartphones,1504,300.0,1678,SHIP_V_1609,4.013333333333334
SHIP_V_1251,sdv-id-JXSTEW,Smartphones,327,300.0,380,SHIP_V_1251,0.09
SHIP_V_1537,sdv-id-rIGDpt,Raw Jute,927,5.0,1646,SHIP_V_1537,184.4
SHIP_V_1351,sdv-id-SFfhhl,Solar Panels,1392,120.0,410,SHIP_V_1351,10.6
SHIP_V_1413,sdv-id-wCkjBx,Ready-made Garments,218,8.5,1392,SHIP_V_1413,24.647058823529413
SHIP_V_1595,sdv-id-lTuWdq,Raw Jute,545,5.0,681,SHIP_V_1595,108.0
SHIP_V_1029,sdv-id-fIluMy,Solar Panels,858,120.0,1378,SHIP_V_1029,6.15
SHIP_V_1177,sdv-id-bVimkf,Smartphones,368,300.0,483,SHIP_V_1177,0.2266666666666666
SHIP_V_1520,sdv-id-NxACbk,Ready-made Garments,852,8.5,852,SHIP_V_1520,99.23529411764706
SHIP_V_1291,sdv-id-GYjvfd,Ready-made Garments,461,8.5,1700,SHIP_V_1291,53.23529411764706
SHIP_V_1485,sdv-id-jHukOI,Raw Jute,391,5.0,865,SHIP_V_1485,77.2
SHIP_V_1007,sdv-id-QMrxdo,Smartphones,270,300.0,430,SHIP_V_1007,-0.1
SHIP_V_1605,sdv-id-CpMCYt,Solar Panels,542,120.0,926,SHIP_V_1605,3.5166666666666666
SHIP_V_1681,sdv-id-bnVfXL,Solar Panels,246,120.0,1158,SHIP_V_1681,1.05
SHIP_V_1016,sdv-id-SePdyN,Ready-made Garments,1569,8.5,510,SHIP_V_1016,183.58823529411765
SHIP_V_1455,sdv-id-letzvx,Raw Jute,197,5.0,1762,SHIP_V_1455,38.4
SHIP_V_1518,sdv-id-cljZkp,Smartphones,38,300.0,1459,SHIP_V_1518,-0.8733333333333333
SHIP_V_1874,sdv-id-MhISMs,Smartphones,53,300.0,1630,SHIP_V_1874,-0.8233333333333334
SHIP_V_1265,sdv-id-alWfPG,Smartphones,644,300.0,502,SHIP_V_1265,1.1466666666666667
SHIP_V_1330,sdv-id-GNiQsI,Ready-made Garments,546,8.5,467,SHIP_V_1330,63.23529411764706
SHIP_V_1362,sdv-id-CobQtj,Solar Panels,175,120.0,1414,SHIP_V_1362,0.4583333333333333
SHIP_V_1014,sdv-id-niQiDc,Industrial Chemicals,1775,50.0,1049,SHIP_V_1014,34.5
SHIP_V_1779,sdv-id-cCBtwK,Raw Jute,2294,5.0,419,SHIP_V_1779,457.8
SHIP_V_1658,sdv-id-RKrsqL,Smartphones,41,300.0,1849,SHIP_V_1658,-0.8633333333333333
SHIP_V_1600,sdv-id-XEAfZe,Solar Panels,779,120.0,741,SHIP_V_1600,5.491666666666666
SHIP_V_1044,sdv-id-rhCEav,Industrial Chemicals,902,50.0,1799,SHIP_V_1044,17.04
SHIP_V_1009,sdv-id-ZriohH,Smartphones,1746,300.0,1202,SHIP_V_1009,4.82
SHIP_V_1440,sdv-id-OJfrmh,Smartphones,635,300.0,762,SHIP_V_1440,1.1166666666666667
SHIP_V_1936,sdv-id-XkSJAd,Solar Panels,1357,120.0,783,SHIP_V_1936,10.308333333333334
SHIP_V_1411,sdv-id-iLhtPG,Raw Jute,789,5.0,296,SHIP_V_1411,156.8
SHIP_V_1412,sdv-id-avWKfk,Ready-made Garments,740,8.5,1129,SHIP_V_1412,86.05882352941177
SHIP_V_1804,sdv-id-IRsIuB,Smartphones,344,300.0,365,SHIP_V_1804,0.1466666666666666
SHIP_V_1418,sdv-id-oRdbJF,Solar Panels,455,120.0,1662,SHIP_V_1418,2.7916666666666665
SHIP_V_1085,sdv-id-lPaQqX,Industrial Chemicals,95,50.0,511,SHIP_V_1085,0.9
SHIP_V_1504,sdv-id-CAPZwq,Ready-made Garments,571,8.5,1503,SHIP_V_1504,66.17647058823529
SHIP_V_1874,sdv-id-DzpRhV,Ready-made Garments,1765,8.5,944,SHIP_V_1874,206.64705882352945
SHIP_V_1106,sdv-id-FEGLwU,Smartphones,2682,300.0,165,SHIP_V_1106,7.94
SHIP_V_1643,sdv-id-cQnubr,Smartphones,1195,300.0,624,SHIP_V_1643,2.9833333333333334
SHIP_V_1357,sdv-id-iIeWyP,Raw Jute,55,5.0,1366,SHIP_V_1357,10.0
SHIP_V_1739,sdv-id-NeAKrI,Smartphones,918,300.0,1306,SHIP_V_1739,2.06
SHIP_V_1978,sdv-id-BfOoFf,Raw Jute,848,5.0,673,SHIP_V_1978,168.6
SHIP_V_1145,sdv-id-SkqZix,Industrial Chemicals,912,50.0,207,SHIP_V_1145,17.24
SHIP_V_1663,sdv-id-WTQVOX,Smartphones,34,300.0,1601,SHIP_V_1663,-0.8866666666666667
SHIP_V_1720,sdv-id-McHVHt,Smartphones,1570,300.0,169,SHIP_V_1720,4.233333333333333
SHIP_V_1580,sdv-id-vKWJFN,Raw Jute,476,5.0,1055,SHIP_V_1580,94.2
SHIP_V_1631,sdv-id-uExDsx,Raw Jute,173,5.0,735,SHIP_V_1631,33.6
SHIP_V_1320,sdv-id-DOOKsN,Raw Jute,931,5.0,848,SHIP_V_1320,185.2
SHIP_V_1614,sdv-id-fMQQnY,Raw Jute,580,5.0,414,SHIP_V_1614,115.0
SHIP_V_1760,sdv-id-RkEFUQ,Industrial Chemicals,1470,50.0,144,SHIP_V_1760,28.4
SHIP_V_1819,sdv-id-rTTckm,Smartphones,283,300.0,540,SHIP_V_1819,-0.0566666666666666
SHIP_V_1425,sdv-id-moijNg,Smartphones,52,300.0,1818,SHIP_V_1425,-0.8266666666666667
SHIP_V_1364,sdv-id-LBcvyY,Smartphones,399,300.0,1366,SHIP_V_1364,0.33
SHIP_V_1559,sdv-id-NbNzsm,Ready-made Garments,591,8.5,1264,SHIP_V_1559,68.52941176470588
SHIP_V_1683,sdv-id-wsLutR,Raw Jute,1391,5.0,1001,SHIP_V_1683,277.2
SHIP_V_1540,sdv-id-RBVPtQ,Raw Jute,914,5.0,969,SHIP_V_1540,181.8
SHIP_V_1236,sdv-id-OrGWMF,Ready-made Garments,444,8.5,288,SHIP_V_1236,51.23529411764706
SHIP_V_1766,sdv-id-GtWjXe,Raw Jute,577,5.0,1786,SHIP_V_1766,114.4
SHIP_V_1033,sdv-id-CWexyR,Industrial Chemicals,377,50.0,1661,SHIP_V_1033,6.54
SHIP_V_1650,sdv-id-SeKMdf,Ready-made Garments,487,8.5,1098,SHIP_V_1650,56.294117647058826
SHIP_V_1363,sdv-id-GxKTdA,Industrial Chemicals,490,50.0,612,SHIP_V_1363,8.8
SHIP_V_1575,sdv-id-fyPlYS,Smartphones,530,300.0,804,SHIP_V_1575,0.7666666666666667
SHIP_V_1213,sdv-id-UqGIJY,Ready-made Garments,548,8.5,1836,SHIP_V_1213,63.47058823529411
SHIP_V_1689,sdv-id-Oxtgkm,Raw Jute,29,5.0,1412,SHIP_V_1689,4.8
SHIP_V_1070,sdv-id-nhSsMB,Smartphones,21,300.0,1010,SHIP_V_1070,-0.93
SHIP_V_1293,sdv-id-ljEwqR,Solar Panels,569,120.0,383,SHIP_V_1293,3.7416666666666663
SHIP_V_1873,sdv-id-diSMvK,Ready-made Garments,1338,8.5,878,SHIP_V_1873,156.41176470588235
SHIP_V_1351,sdv-id-FlSAiT,Ready-made Garments,507,8.5,1738,SHIP_V_1351,58.64705882352941
SHIP_V_1861,sdv-id-eDIOlS,Raw Jute,1332,5.0,1670,SHIP_V_1861,265.4
SHIP_V_1462,sdv-id-ZqJHhh,Smartphones,754,300.0,1744,SHIP_V_1462,1.5133333333333334
SHIP_V_1513,sdv-id-wvDiLl,Raw Jute,316,5.0,437,SHIP_V_1513,62.2
SHIP_V_1539,sdv-id-EPxzOp,Ready-made Garments,230,8.5,1055,SHIP_V_1539,26.058823529411764
SHIP_V_1018,sdv-id-RprXYb,Industrial Chemicals,111,50.0,1007,SHIP_V_1018,1.22
SHIP_V_1757,sdv-id-EanPEU,Smartphones,359,300.0,1966,SHIP_V_1757,0.1966666666666666
SHIP_V_1991,sdv-id-GGixBq,Industrial Chemicals,772,50.0,1608,SHIP_V_1991,14.44
SHIP_V_1369,sdv-id-ddpKVa,Smartphones,403,300.0,1346,SHIP_V_1369,0.3433333333333333
SHIP_V_1126,sdv-id-AMObgz,Industrial Chemicals,402,50.0,644,SHIP_V_1126,7.04
SHIP_V_1765,sdv-id-HWSRwi,Raw Jute,836,5.0,408,SHIP_V_1765,166.2
SHIP_V_1998,sdv-id-ethCTV,Raw Jute,585,5.0,153,SHIP_V_1998,116.0
SHIP_V_1998,sdv-id-WQOPSg,Industrial Chemicals,1147,50.0,1283,SHIP_V_1998,21.94
SHIP_V_1875,sdv-id-zPBVos,Ready-made Garments,564,8.5,903,SHIP_V_1875,65.3529411764706
SHIP_V_1298,sdv-id-whdmqz,Solar Panels,831,120.0,1221,SHIP_V_1298,5.925
SHIP_V_1439,sdv-id-njPZJG,Industrial Chemicals,810,50.0,254,SHIP_V_1439,15.2
SHIP_V_1802,sdv-id-NEpkRE,Solar Panels,369,120.0,766,SHIP_V_1802,2.075
SHIP_V_1148,sdv-id-GyiDDT,Raw Jute,606,5.0,1051,SHIP_V_1148,120.2
SHIP_V_1173,sdv-id-kRBXGf,Industrial Chemicals,2646,50.0,894,SHIP_V_1173,51.92
SHIP_V_1923,sdv-id-zMLhof,Raw Jute,662,5.0,1062,SHIP_V_1923,131.4
SHIP_V_1300,sdv-id-gVQwhW,Ready-made Garments,735,8.5,1310,SHIP_V_1300,85.47058823529412
SHIP_V_1134,sdv-id-ZmDHbh,Raw Jute,26,5.0,1951,SHIP_V_1134,4.2
SHIP_V_1916,sdv-id-JXLEVy,Raw Jute,382,5.0,1458,SHIP_V_1916,75.4
SHIP_V_1599,sdv-id-VdDTkJ,Solar Panels,353,120.0,1350,SHIP_V_1599,1.9416666666666669
SHIP_V_1293,sdv-id-utTwIY,Ready-made Garments,667,8.5,1853,SHIP_V_1293,77.47058823529412
SHIP_V_1436,sdv-id-TKaIJJ,Smartphones,683,300.0,1269,SHIP_V_1436,1.2766666666666666
SHIP_V_1061,sdv-id-BGFOPF,Smartphones,435,300.0,912,SHIP_V_1061,0.45
SHIP_V_1373,sdv-id-iIZgPy,Smartphones,875,300.0,1217,SHIP_V_1373,1.9166666666666667
SHIP_V_1525,sdv-id-ZzECnc,Smartphones,67,300.0,1605,SHIP_V_1525,-0.7766666666666666
SHIP_V_1542,sdv-id-qLVUBR,Solar Panels,156,120.0,1897,SHIP_V_1542,0.3
SHIP_V_1054,sdv-id-FwHHIx,Raw Jute,625,5.0,1252,SHIP_V_1054,124.0
SHIP_V_1656,sdv-id-ojwqio,Industrial Chemicals,1432,50.0,797,SHIP_V_1656,27.64
SHIP_V_1180,sdv-id-AdEIKM,Smartphones,77,300.0,1845,SHIP_V_1180,-0.7433333333333333
SHIP_V_1751,sdv-id-qsiffJ,Smartphones,1006,300.0,1672,SHIP_V_1751,2.3533333333333335
SHIP_V_1064,sdv-id-OwfUQL,Industrial Chemicals,1754,50.0,507,SHIP_V_1064,34.08
SHIP_V_1652,sdv-id-FlCByL,Solar Panels,290,120.0,714,SHIP_V_1652,1.4166666666666667
SHIP_V_1185,sdv-id-vZWGCA,Ready-made Garments,228,8.5,1037,SHIP_V_1185,25.823529411764707
SHIP_V_1279,sdv-id-cGfkTv,Solar Panels,272,120.0,1754,SHIP_V_1279,1.2666666666666666
SHIP_V_1086,sdv-id-VOWWKl,Smartphones,274,300.0,1498,SHIP_V_1086,-0.0866666666666666
SHIP_V_1373,sdv-id-qhiQwy,Ready-made Garments,1519,8.5,214,SHIP_V_1373,177.7058823529412
SHIP_V_1952,sdv-id-XlIEQJ,Ready-made Garments,615,8.5,702,SHIP_V_1952,71.3529411764706
SHIP_V_1042,sdv-id-vbvjrU,Raw Jute,607,5.0,301,SHIP_V_1042,120.4
SHIP_V_1022,sdv-id-DTZtSl,Industrial Chemicals,188,50.0,1331,SHIP_V_1022,2.76
SHIP_V_1475,sdv-id-NiMhnm,Smartphones,735,300.0,762,SHIP_V_1475,1.45
SHIP_V_1528,sdv-id-oXaFXi,Solar Panels,336,120.0,894,SHIP_V_1528,1.8
SHIP_V_1712,sdv-id-vTgsgG,Ready-made Garments,588,8.5,280,SHIP_V_1712,68.17647058823529
SHIP_V_1918,sdv-id-phYHtk,Ready-made Garments,1294,8.5,1222,SHIP_V_1918,151.23529411764707
SHIP_V_1621,sdv-id-VtDzUF,Smartphones,678,300.0,952,SHIP_V_1621,1.26
SHIP_V_1359,sdv-id-ZqWlSk,Industrial Chemicals,11,50.0,175,SHIP_V_1359,-0.78
SHIP_V_1064,sdv-id-nngvNl,Raw Jute,1055,5.0,267,SHIP_V_1064,210.0
SHIP_V_1178,sdv-id-ZQOrxo,Smartphones,21,300.0,1931,SHIP_V_1178,-0.93
SHIP_V_1079,sdv-id-CgvGpB,Smartphones,600,300.0,1454,SHIP_V_1079,1.0
SHIP_V_1087,sdv-id-kpwkmi,Industrial Chemicals,1286,50.0,252,SHIP_V_1087,24.72
SHIP_V_1952,sdv-id-xcQXzt,Smartphones,646,300.0,652,SHIP_V_1952,1.153333333333333
SHIP_V_1373,sdv-id-YMRcSv,Smartphones,368,300.0,1996,SHIP_V_1373,0.2266666666666666
SHIP_V_1520,sdv-id-xHpEyn,Smartphones,178,300.0,551,SHIP_V_1520,-0.4066666666666667
SHIP_V_1935,sdv-id-OJvOFx,Ready-made Garments,648,8.5,1857,SHIP_V_1935,75.23529411764706
SHIP_V_1395,sdv-id-afIRvL,Solar Panels,341,120.0,179,SHIP_V_1395,1.8416666666666663
SHIP_V_1974,sdv-id-QpCrix,Solar Panels,482,120.0,984,SHIP_V_1974,3.0166666666666666
SHIP_V_1937,sdv-id-lMTGwM,Solar Panels,441,120.0,1024,SHIP_V_1937,2.675
SHIP_V_1276,sdv-id-XoTOLv,Ready-made Garments,210,8.5,1046,SHIP_V_1276,23.705882352941178
SHIP_V_1121,sdv-id-XeIPRF,Ready-made Garments,83,8.5,1925,SHIP_V_1121,8.764705882352942
SHIP_V_1161,sdv-id-msAjFp,Industrial Chemicals,1278,50.0,301,SHIP_V_1161,24.56
SHIP_V_1929,sdv-id-wwDZiA,Industrial Chemicals,721,50.0,471,SHIP_V_1929,13.42
SHIP_V_1865,sdv-id-eUFFaG,Industrial Chemicals,688,50.0,524,SHIP_V_1865,12.76
SHIP_V_1281,sdv-id-CgtgHR,Ready-made Garments,28,8.5,859,SHIP_V_1281,2.2941176470588234
SHIP_V_1706,sdv-id-AhLvMs,Solar Panels,1148,120.0,892,SHIP_V_1706,8.566666666666666
SHIP_V_1055,sdv-id-lZqwEC,Solar Panels,121,120.0,896,SHIP_V_1055,0.0083333333333333
SHIP_V_1567,sdv-id-rdaHPh,Solar Panels,148,120.0,1775,SHIP_V_1567,0.2333333333333333
SHIP_V_1671,sdv-id-jpxkpV,Smartphones,301,300.0,1586,SHIP_V_1671,0.0033333333333333
SHIP_V_1316,sdv-id-YkuhDG,Ready-made Garments,910,8.5,1860,SHIP_V_1316,106.05882352941175
SHIP_V_1492,sdv-id-rcHLiC,Smartphones,1214,300.0,1048,SHIP_V_1492,3.046666666666667
SHIP_V_1262,sdv-id-BVOfjY,Smartphones,477,300.0,155,SHIP_V_1262,0.59
SHIP_V_1427,sdv-id-eTXBKn,Solar Panels,111,120.0,1284,SHIP_V_1427,-0.075
SHIP_V_1659,sdv-id-tKcZIY,Industrial Chemicals,1242,50.0,585,SHIP_V_1659,23.84
SHIP_V_1575,sdv-id-YdKNCf,Raw Jute,521,5.0,698,SHIP_V_1575,103.2
SHIP_V_1421,sdv-id-hMmdcr,Smartphones,612,300.0,268,SHIP_V_1421,1.04
SHIP_V_1444,sdv-id-JNSFOR,Raw Jute,1234,5.0,1461,SHIP_V_1444,245.8
SHIP_V_1909,sdv-id-vEkMHH,Ready-made Garments,529,8.5,233,SHIP_V_1909,61.23529411764706
SHIP_V_1624,sdv-id-jVnJhQ,Industrial Chemicals,654,50.0,1137,SHIP_V_1624,12.08
SHIP_V_1135,sdv-id-CWcUPV,Ready-made Garments,769,8.5,1929,SHIP_V_1135,89.47058823529412
SHIP_V_1777,sdv-id-UQMjmm,Industrial Chemicals,780,50.0,1969,SHIP_V_1777,14.6
SHIP_V_1613,sdv-id-LnCGUQ,Ready-made Garments,537,8.5,816,SHIP_V_1613,62.1764705882353
SHIP_V_1612,sdv-id-EiHgTv,Industrial Chemicals,905,50.0,1749,SHIP_V_1612,17.1
SHIP_V_1492,sdv-id-mwCmHJ,Raw Jute,570,5.0,257,SHIP_V_1492,113.0
SHIP_V_1759,sdv-id-SWVpbi,Smartphones,445,300.0,1030,SHIP_V_1759,0.4833333333333333
SHIP_V_1401,sdv-id-tiLDFn,Raw Jute,304,5.0,1454,SHIP_V_1401,59.8
SHIP_V_1238,sdv-id-oAiSJP,Smartphones,931,300.0,626,SHIP_V_1238,2.1033333333333335
SHIP_V_1686,sdv-id-IwTsBQ,Smartphones,239,300.0,571,SHIP_V_1686,-0.2033333333333333
SHIP_V_1162,sdv-id-WVjbTR,Industrial Chemicals,394,50.0,645,SHIP_V_1162,6.88
SHIP_V_1319,sdv-id-RnpXWm,Industrial Chemicals,959,50.0,764,SHIP_V_1319,18.18
SHIP_V_1626,sdv-id-iIesND,Industrial Chemicals,488,50.0,1512,SHIP_V_1626,8.76
SHIP_V_1851,sdv-id-vNZPls,Solar Panels,393,120.0,1887,SHIP_V_1851,2.275
SHIP_V_1214,sdv-id-nkZhhd,Ready-made Garments,226,8.5,748,SHIP_V_1214,25.58823529411765
SHIP_V_1592,sdv-id-tfFgWP,Smartphones,3,300.0,1799,SHIP_V_1592,-0.99
SHIP_V_1617,sdv-id-BfSypy,Industrial Chemicals,260,50.0,579,SHIP_V_1617,4.2
SHIP_V_1694,sdv-id-DMthEO,Industrial Chemicals,2006,50.0,1829,SHIP_V_1694,39.12
SHIP_V_1497,sdv-id-KGfBPI,Smartphones,941,300.0,1117,SHIP_V_1497,2.1366666666666667
SHIP_V_1392,sdv-id-DqzYmT,Smartphones,655,300.0,429,SHIP_V_1392,1.1833333333333331
SHIP_V_1853,sdv-id-dUpqRt,Smartphones,377,300.0,1130,SHIP_V_1853,0.2566666666666666
SHIP_V_1983,sdv-id-shjxuk,Ready-made Garments,523,8.5,1442,SHIP_V_1983,60.52941176470589
SHIP_V_1798,sdv-id-PfRksE,Raw Jute,2162,5.0,132,SHIP_V_1798,431.4
SHIP_V_1874,sdv-id-cILSHd,Raw Jute,2376,5.0,650,SHIP_V_1874,474.2
SHIP_V_1276,sdv-id-gesOiN,Raw Jute,677,5.0,435,SHIP_V_1276,134.4
SHIP_V_1220,sdv-id-QjNQzW,Raw Jute,1137,5.0,1563,SHIP_V_1220,226.4
SHIP_V_1164,sdv-id-hrRfTd,Smartphones,1099,300.0,1850,SHIP_V_1164,2.6633333333333336
SHIP_V_1770,sdv-id-MavZaD,Ready-made Garments,469,8.5,1604,SHIP_V_1770,54.1764705882353
SHIP_V_1337,sdv-id-ylaNkL,Smartphones,698,300.0,1523,SHIP_V_1337,1.3266666666666669
SHIP_V_1670,sdv-id-cEsYsE,Raw Jute,324,5.0,728,SHIP_V_1670,63.8
SHIP_V_1122,sdv-id-ZSBysB,Smartphones,65,300.0,693,SHIP_V_1122,-0.7833333333333333
SHIP_V_1473,sdv-id-jLzsOu,Ready-made Garments,459,8.5,1999,SHIP_V_1473,53.0
SHIP_V_1123,sdv-id-eOnonA,Raw Jute,773,5.0,1640,SHIP_V_1123,153.6
SHIP_V_1825,sdv-id-mHdmaW,Smartphones,168,300.0,1716,SHIP_V_1825,-0.44
SHIP_V_1677,sdv-id-ODnpeM,Solar Panels,468,120.0,1453,SHIP_V_1677,2.9
SHIP_V_1233,sdv-id-ICyRpT,Raw Jute,389,5.0,610,SHIP_V_1233,76.8
SHIP_V_1313,sdv-id-fvyHpJ,Raw Jute,364,5.0,1078,SHIP_V_1313,71.8
SHIP_V_1609,sdv-id-OeJtez,Raw Jute,3,5.0,1879,SHIP_V_1609,-0.4
SHIP_V_1497,sdv-id-yNjgPL,Raw Jute,752,5.0,1152,SHIP_V_1497,149.4
SHIP_V_1854,sdv-id-NpdQMk,Industrial Chemicals,398,50.0,592,SHIP_V_1854,6.96
SHIP_V_1307,sdv-id-ZQQCIS,Raw Jute,495,5.0,860,SHIP_V_1307,98.0
SHIP_V_1974,sdv-id-uulnaL,Smartphones,378,300.0,840,SHIP_V_1974,0.26
SHIP_V_1663,sdv-id-zTdLzn,Raw Jute,1070,5.0,1633,SHIP_V_1663,213.0
SHIP_V_1955,sdv-id-gWszjX,Ready-made Garments,70,8.5,955,SHIP_V_1955,7.235294117647059
SHIP_V_1475,sdv-id-smtaOg,Solar Panels,393,120.0,514,SHIP_V_1475,2.275
SHIP_V_1300,sdv-id-tNhOBa,Solar Panels,125,120.0,1213,SHIP_V_1300,0.0416666666666666
SHIP_V_1520,sdv-id-kVDOhC,Industrial Chemicals,113,50.0,1729,SHIP_V_1520,1.26
SHIP_V_1716,sdv-id-nmKrcg,Solar Panels,1459,120.0,1953,SHIP_V_1716,11.158333333333331
SHIP_V_1459,sdv-id-yVqIpd,Industrial Chemicals,959,50.0,500,SHIP_V_1459,18.18
SHIP_V_1761,sdv-id-UFYNQQ,Smartphones,143,300.0,566,SHIP_V_1761,-0.5233333333333333
SHIP_V_1620,sdv-id-hqKvUp,Raw Jute,1341,5.0,1647,SHIP_V_1620,267.2
SHIP_V_1911,sdv-id-TdGeWT,Industrial Chemicals,1721,50.0,921,SHIP_V_1911,33.42
SHIP_V_1799,sdv-id-yxhifB,Ready-made Garments,41,8.5,1791,SHIP_V_1799,3.823529411764706
SHIP_V_1087,sdv-id-NvGRuu,Smartphones,123,300.0,1950,SHIP_V_1087,-0.59
SHIP_V_1772,sdv-id-vQXNig,Industrial Chemicals,1315,50.0,1602,SHIP_V_1772,25.3
SHIP_V_1764,sdv-id-cnZAEW,Industrial Chemicals,2871,50.0,271,SHIP_V_1764,56.42
SHIP_V_1919,sdv-id-jUjWKW,Smartphones,37,300.0,968,SHIP_V_1919,-0.8766666666666667
SHIP_V_1299,sdv-id-fwxpfy,Ready-made Garments,477,8.5,1280,SHIP_V_1299,55.11764705882353
SHIP_V_1240,sdv-id-PqJDIS,Ready-made Garments,383,8.5,1318,SHIP_V_1240,44.05882352941177
SHIP_V_1158,sdv-id-jXglhl,Industrial Chemicals,516,50.0,803,SHIP_V_1158,9.32
SHIP_V_1499,sdv-id-oqNAKl,Raw Jute,461,5.0,822,SHIP_V_1499,91.2
SHIP_V_1199,sdv-id-HfpIEH,Smartphones,828,300.0,706,SHIP_V_1199,1.76
SHIP_V_1288,sdv-id-cZtpDO,Solar Panels,52,120.0,740,SHIP_V_1288,-0.5666666666666667
SHIP_V_1437,sdv-id-tyYCDd,Ready-made Garments,1243,8.5,1756,SHIP_V_1437,145.23529411764707
SHIP_V_1920,sdv-id-YfeWUu,Ready-made Garments,504,8.5,1297,SHIP_V_1920,58.294117647058826
SHIP_V_1579,sdv-id-KeGuKM,Smartphones,368,300.0,1646,SHIP_V_1579,0.2266666666666666
SHIP_V_1422,sdv-id-chmoRc,Smartphones,238,300.0,295,SHIP_V_1422,-0.2066666666666666
SHIP_V_1574,sdv-id-dhlIkk,Raw Jute,1178,5.0,610,SHIP_V_1574,234.6
SHIP_V_1365,sdv-id-okXYKG,Smartphones,212,300.0,421,SHIP_V_1365,-0.2933333333333333
SHIP_V_1546,sdv-id-gAziGV,Industrial Chemicals,298,50.0,1040,SHIP_V_1546,4.96
SHIP_V_1572,sdv-id-qmqvgA,Smartphones,1224,300.0,729,SHIP_V_1572,3.08
SHIP_V_1063,sdv-id-xekWvG,Solar Panels,1659,120.0,487,SHIP_V_1063,12.825
SHIP_V_1701,sdv-id-vdqvnV,Smartphones,1249,300.0,814,SHIP_V_1701,3.1633333333333336
SHIP_V_1286,sdv-id-QbdJIP,Industrial Chemicals,1676,50.0,1390,SHIP_V_1286,32.52
SHIP_V_1819,sdv-id-xPBbng,Smartphones,556,300.0,1156,SHIP_V_1819,0.8533333333333334
SHIP_V_1250,sdv-id-eUfSPf,Smartphones,2129,300.0,955,SHIP_V_1250,6.096666666666667
SHIP_V_1742,sdv-id-uQLNjS,Solar Panels,13,120.0,1524,SHIP_V_1742,-0.8916666666666667
SHIP_V_1446,sdv-id-MhcLys,Smartphones,993,300.0,551,SHIP_V_1446,2.31
SHIP_V_1120,sdv-id-HRuBSa,Industrial Chemicals,1289,50.0,237,SHIP_V_1120,24.78
SHIP_V_1966,sdv-id-pHsfOD,Smartphones,192,300.0,999,SHIP_V_1966,-0.36
SHIP_V_1407,sdv-id-hYXqGa,Smartphones,386,300.0,1587,SHIP_V_1407,0.2866666666666667
SHIP_V_1395,sdv-id-UMpwLs,Solar Panels,1059,120.0,615,SHIP_V_1395,7.825
SHIP_V_1106,sdv-id-dLqDmb,Solar Panels,708,120.0,863,SHIP_V_1106,4.9
SHIP_V_1017,sdv-id-gIBtzC,Industrial Chemicals,486,50.0,798,SHIP_V_1017,8.72
SHIP_V_1242,sdv-id-xQrYMv,Raw Jute,1077,5.0,623,SHIP_V_1242,214.4
SHIP_V_1291,sdv-id-kcxHuw,Ready-made Garments,389,8.5,1708,SHIP_V_1291,44.76470588235294
SHIP_V_1073,sdv-id-NnqSJy,Smartphones,69,300.0,1874,SHIP_V_1073,-0.77
SHIP_V_1904,sdv-id-XpicSV,Ready-made Garments,145,8.5,1678,SHIP_V_1904,16.058823529411764
SHIP_V_1052,sdv-id-ymYNMP,Ready-made Garments,497,8.5,1971,SHIP_V_1052,57.47058823529411
SHIP_V_1377,sdv-id-KlAyhV,Solar Panels,705,120.0,566,SHIP_V_1377,4.875
SHIP_V_1143,sdv-id-TUwRaU,Smartphones,351,300.0,1017,SHIP_V_1143,0.17
SHIP_V_1131,sdv-id-gVBiVF,Raw Jute,65,5.0,1106,SHIP_V_1131,12.0
SHIP_V_1891,sdv-id-RtHeiA,Ready-made Garments,1334,8.5,1505,SHIP_V_1891,155.94117647058823
SHIP_V_1793,sdv-id-UaeOaP,Solar Panels,886,120.0,1428,SHIP_V_1793,6.383333333333334
SHIP_V_1666,sdv-id-PSuJIS,Smartphones,859,300.0,1977,SHIP_V_1666,1.8633333333333333
SHIP_V_1730,sdv-id-nFzgRX,Smartphones,280,300.0,932,SHIP_V_1730,-0.0666666666666666
SHIP_V_1043,sdv-id-NglMgo,Industrial Chemicals,285,50.0,1804,SHIP_V_1043,4.7
SHIP_V_1606,sdv-id-Kvkglg,Smartphones,524,300.0,1909,SHIP_V_1606,0.7466666666666667
SHIP_V_1975,sdv-id-ctjPRr,Industrial Chemicals,368,50.0,169,SHIP_V_1975,6.36
SHIP_V_1758,sdv-id-KiFLBX,Industrial Chemicals,567,50.0,1844,SHIP_V_1758,10.34
SHIP_V_1438,sdv-id-kMwirg,Smartphones,180,300.0,1331,SHIP_V_1438,-0.4
SHIP_V_1112,sdv-id-eOMoYT,Solar Panels,1255,120.0,1184,SHIP_V_1112,9.458333333333334
SHIP_V_1020,sdv-id-vatWGv,Raw Jute,626,5.0,298,SHIP_V_1020,124.2
SHIP_V_1509,sdv-id-OjlhnS,Smartphones,1389,300.0,1715,SHIP_V_1509,3.63
SHIP_V_1193,sdv-id-YYyxMC,Raw Jute,199,5.0,1501,SHIP_V_1193,38.8
SHIP_V_1920,sdv-id-oACUnL,Ready-made Garments,87,8.5,1388,SHIP_V_1920,9.235294117647058
SHIP_V_1365,sdv-id-KjmEAf,Industrial Chemicals,2254,50.0,336,SHIP_V_1365,44.08
SHIP_V_1571,sdv-id-DoVnog,Smartphones,255,300.0,926,SHIP_V_1571,-0.15
SHIP_V_1544,sdv-id-dZsssB,Ready-made Garments,733,8.5,1745,SHIP_V_1544,85.23529411764706
SHIP_V_1319,sdv-id-FVolcI,Smartphones,282,300.0,1577,SHIP_V_1319,-0.06
SHIP_V_1282,sdv-id-AjUzVb,Smartphones,1346,300.0,459,SHIP_V_1282,3.486666666666667
SHIP_V_1715,sdv-id-uvnyfi,Ready-made Garments,531,8.5,1028,SHIP_V_1715,61.47058823529411
SHIP_V_1186,sdv-id-BLrYUe,Industrial Chemicals,619,50.0,313,SHIP_V_1186,11.38
SHIP_V_1994,sdv-id-NBVRbV,Solar Panels,153,120.0,648,SHIP_V_1994,0.275
SHIP_V_1488,sdv-id-UEvPkZ,Ready-made Garments,981,8.5,861,SHIP_V_1488,114.41176470588236
SHIP_V_1319,sdv-id-tpogCR,Solar Panels,1021,120.0,1273,SHIP_V_1319,7.508333333333334
SHIP_V_1934,sdv-id-KNdnYg,Industrial Chemicals,170,50.0,363,SHIP_V_1934,2.4
SHIP_V_1810,sdv-id-GjrWbY,Ready-made Garments,294,8.5,313,SHIP_V_1810,33.588235294117645
SHIP_V_1787,sdv-id-YTCvGV,Smartphones,1077,300.0,1846,SHIP_V_1787,2.59
SHIP_V_1636,sdv-id-FBdOjr,Solar Panels,558,120.0,1434,SHIP_V_1636,3.65
SHIP_V_1155,sdv-id-lWbTSd,Industrial Chemicals,1211,50.0,1837,SHIP_V_1155,23.22
SHIP_V_1063,sdv-id-VpZVut,Industrial Chemicals,773,50.0,717,SHIP_V_1063,14.46
SHIP_V_1442,sdv-id-EiruEa,Solar Panels,1,120.0,1440,SHIP_V_1442,-0.9916666666666668
SHIP_V_1700,sdv-id-pEbcZF,Raw Jute,426,5.0,1706,SHIP_V_1700,84.2
SHIP_V_1108,sdv-id-npTBfQ,Raw Jute,442,5.0,685,SHIP_V_1108,87.4
SHIP_V_1220,sdv-id-HgsSMO,Solar Panels,895,120.0,222,SHIP_V_1220,6.458333333333333
SHIP_V_1769,sdv-id-SGIgrP,Industrial Chemicals,903,50.0,1815,SHIP_V_1769,17.06
SHIP_V_1541,sdv-id-vcCXsz,Smartphones,464,300.0,452,SHIP_V_1541,0.5466666666666666
SHIP_V_1043,sdv-id-pfIZGB,Smartphones,430,300.0,1376,SHIP_V_1043,0.4333333333333333
SHIP_V_1954,sdv-id-FyXeyh,Smartphones,1521,300.0,1307,SHIP_V_1954,4.07
SHIP_V_1794,sdv-id-iGkZhj,Solar Panels,814,120.0,1746,SHIP_V_1794,5.783333333333333
SHIP_V_1521,sdv-id-xnTMmp,Solar Panels,798,120.0,609,SHIP_V_1521,5.65
SHIP_V_1827,sdv-id-UhGsBl,Raw Jute,1041,5.0,1565,SHIP_V_1827,207.2
SHIP_V_1887,sdv-id-GgECef,Ready-made Garments,336,8.5,1218,SHIP_V_1887,38.52941176470589
SHIP_V_1474,sdv-id-PHzFPM,Raw Jute,93,5.0,923,SHIP_V_1474,17.6
SHIP_V_1044,sdv-id-Hrmkcj,Smartphones,639,300.0,1223,SHIP_V_1044,1.13
SHIP_V_1507,sdv-id-nneVRy,Ready-made Garments,223,8.5,1567,SHIP_V_1507,25.235294117647054
SHIP_V_1380,sdv-id-YCrRup,Raw Jute,1015,5.0,1710,SHIP_V_1380,202.0
SHIP_V_1709,sdv-id-gaBXoU,Raw Jute,823,5.0,341,SHIP_V_1709,163.6
SHIP_V_1446,sdv-id-wgwdPR,Smartphones,619,300.0,943,SHIP_V_1446,1.0633333333333332
SHIP_V_1577,sdv-id-gKrpOQ,Solar Panels,1118,120.0,946,SHIP_V_1577,8.316666666666666
SHIP_V_1270,sdv-id-ZBRoHQ,Smartphones,629,300.0,1728,SHIP_V_1270,1.096666666666667
SHIP_V_1927,sdv-id-xlNTlY,Raw Jute,787,5.0,1019,SHIP_V_1927,156.4
SHIP_V_1844,sdv-id-sPcreV,Ready-made Garments,920,8.5,1978,SHIP_V_1844,107.23529411764706
SHIP_V_1316,sdv-id-aQcNlW,Smartphones,520,300.0,1113,SHIP_V_1316,0.7333333333333333
SHIP_V_1134,sdv-id-bPOlBr,Smartphones,775,300.0,182,SHIP_V_1134,1.5833333333333333
SHIP_V_1426,sdv-id-QVBsld,Industrial Chemicals,58,50.0,1441,SHIP_V_1426,0.16
SHIP_V_1389,sdv-id-ujrjyH,Solar Panels,1183,120.0,574,SHIP_V_1389,8.858333333333333
SHIP_V_1658,sdv-id-KbaYyl,Smartphones,488,300.0,1388,SHIP_V_1658,0.6266666666666667
SHIP_V_1108,sdv-id-veAUmi,Industrial Chemicals,1002,50.0,217,SHIP_V_1108,19.04
SHIP_V_1937,sdv-id-zjHPLy,Ready-made Garments,1797,8.5,1222,SHIP_V_1937,210.41176470588235
SHIP_V_1112,sdv-id-RKprlk,Ready-made Garments,237,8.5,1053,SHIP_V_1112,26.88235294117647
SHIP_V_1182,sdv-id-UiwuKD,Raw Jute,48,5.0,1047,SHIP_V_1182,8.6
SHIP_V_1615,sdv-id-EvfiXv,Industrial Chemicals,1753,50.0,509,SHIP_V_1615,34.06
SHIP_V_1920,sdv-id-AoYQYv,Industrial Chemicals,1283,50.0,1190,SHIP_V_1920,24.66
SHIP_V_1435,sdv-id-cWzqXI,Ready-made Garments,39,8.5,1867,SHIP_V_1435,3.588235294117647
SHIP_V_1435,sdv-id-cltaqP,Industrial Chemicals,476,50.0,1108,SHIP_V_1435,8.52
SHIP_V_1285,sdv-id-iytwtf,Raw Jute,991,5.0,1245,SHIP_V_1285,197.2
SHIP_V_1756,sdv-id-XPWRbo,Ready-made Garments,764,8.5,1656,SHIP_V_1756,88.88235294117646
SHIP_V_1318,sdv-id-uXakpM,Solar Panels,35,120.0,1981,SHIP_V_1318,-0.7083333333333334
SHIP_V_1599,sdv-id-HvDYRf,Industrial Chemicals,1393,50.0,993,SHIP_V_1599,26.86
SHIP_V_1246,sdv-id-sHjDox,Raw Jute,757,5.0,1134,SHIP_V_1246,150.4
SHIP_V_1758,sdv-id-fYbeba,Raw Jute,990,5.0,1099,SHIP_V_1758,197.0
SHIP_V_1846,sdv-id-lxsnOa,Ready-made Garments,75,8.5,277,SHIP_V_1846,7.823529411764706
SHIP_V_1987,sdv-id-exUMFa,Industrial Chemicals,326,50.0,1357,SHIP_V_1987,5.52
SHIP_V_1061,sdv-id-ShXykK,Ready-made Garments,187,8.5,1162,SHIP_V_1061,21.0
SHIP_V_1735,sdv-id-IViCza,Raw Jute,1258,5.0,1119,SHIP_V_1735,250.6
SHIP_V_1834,sdv-id-yUuxsf,Raw Jute,396,5.0,1824,SHIP_V_1834,78.2
SHIP_V_1982,sdv-id-aVwwyk,Industrial Chemicals,107,50.0,1970,SHIP_V_1982,1.14
SHIP_V_1513,sdv-id-DKcGni,Industrial Chemicals,1150,50.0,1319,SHIP_V_1513,22.0
SHIP_V_1103,sdv-id-IrgQKW,Industrial Chemicals,350,50.0,1683,SHIP_V_1103,6.0
SHIP_V_1661,sdv-id-MZrhpQ,Solar Panels,981,120.0,341,SHIP_V_1661,7.175
SHIP_V_1991,sdv-id-lNXODf,Industrial Chemicals,693,50.0,212,SHIP_V_1991,12.86
SHIP_V_1376,sdv-id-qpPCgH,Smartphones,96,300.0,1190,SHIP_V_1376,-0.68
SHIP_V_1059,sdv-id-gIoSzD,Industrial Chemicals,1146,50.0,819,SHIP_V_1059,21.92
SHIP_V_1775,sdv-id-cREqvi,Solar Panels,435,120.0,1434,SHIP_V_1775,2.625
SHIP_V_1773,sdv-id-UguEcS,Ready-made Garments,1518,8.5,1772,SHIP_V_1773,177.58823529411765
SHIP_V_1970,sdv-id-EIvLGH,Solar Panels,660,120.0,1269,SHIP_V_1970,4.5
SHIP_V_1121,sdv-id-ZitsAA,Solar Panels,516,120.0,902,SHIP_V_1121,3.3
SHIP_V_1502,sdv-id-iWrDRp,Smartphones,1535,300.0,284,SHIP_V_1502,4.116666666666666
SHIP_V_1520,sdv-id-JLPYuq,Ready-made Garments,311,8.5,897,SHIP_V_1520,35.588235294117645
SHIP_V_1330,sdv-id-zovLLW,Solar Panels,892,120.0,524,SHIP_V_1330,6.433333333333334
SHIP_V_1866,sdv-id-nNucmo,Ready-made Garments,984,8.5,1757,SHIP_V_1866,114.76470588235294
SHIP_V_1175,sdv-id-KQPoqm,Solar Panels,60,120.0,1789,SHIP_V_1175,-0.5
SHIP_V_1603,sdv-id-HIcQIN,Raw Jute,120,5.0,742,SHIP_V_1603,23.0
SHIP_V_1320,sdv-id-buWePs,Ready-made Garments,110,8.5,927,SHIP_V_1320,11.941176470588236
SHIP_V_1320,sdv-id-JpqwiF,Raw Jute,1081,5.0,431,SHIP_V_1320,215.2
SHIP_V_1118,sdv-id-cfscid,Industrial Chemicals,674,50.0,841,SHIP_V_1118,12.48
SHIP_V_1146,sdv-id-HEVtSd,Raw Jute,42,5.0,1197,SHIP_V_1146,7.4
SHIP_V_1225,sdv-id-Awasmg,Smartphones,143,300.0,190,SHIP_V_1225,-0.5233333333333333
SHIP_V_1262,sdv-id-HfJrKs,Raw Jute,749,5.0,790,SHIP_V_1262,148.8
SHIP_V_1095,sdv-id-arRfyZ,Solar Panels,153,120.0,995,SHIP_V_1095,0.275
SHIP_V_1332,sdv-id-jbaTRv,Raw Jute,692,5.0,712,SHIP_V_1332,137.4
SHIP_V_1070,sdv-id-sEqGPq,Solar Panels,1458,120.0,1403,SHIP_V_1070,11.15
SHIP_V_1201,sdv-id-odaPrH,Smartphones,156,300.0,1224,SHIP_V_1201,-0.48
SHIP_V_1288,sdv-id-YbZpjA,Smartphones,2184,300.0,1897,SHIP_V_1288,6.28
SHIP_V_1484,sdv-id-kwaolx,Industrial Chemicals,918,50.0,1641,SHIP_V_1484,17.36
SHIP_V_1044,sdv-id-LjkzWC,Solar Panels,204,120.0,239,SHIP_V_1044,0.7
SHIP_V_1650,sdv-id-zDfDxK,Industrial Chemicals,342,50.0,1390,SHIP_V_1650,5.84
SHIP_V_1385,sdv-id-GNgDgA,Solar Panels,731,120.0,1989,SHIP_V_1385,5.091666666666667
SHIP_V_1591,sdv-id-MbisDf,Raw Jute,903,5.0,581,SHIP_V_1591,179.6
SHIP_V_1051,sdv-id-hBvhJd,Raw Jute,2406,5.0,202,SHIP_V_1051,480.2
SHIP_V_1732,sdv-id-EZniND,Industrial Chemicals,758,50.0,1211,SHIP_V_1732,14.16
SHIP_V_1234,sdv-id-OHCXaV,Ready-made Garments,343,8.5,570,SHIP_V_1234,39.35294117647059
SHIP_V_1558,sdv-id-tHsiqM,Ready-made Garments,219,8.5,1945,SHIP_V_1558,24.764705882352946
SHIP_V_1701,sdv-id-dHFasm,Ready-made Garments,624,8.5,1350,SHIP_V_1701,72.41176470588235
SHIP_V_1338,sdv-id-ZdhjFW,Raw Jute,737,5.0,1098,SHIP_V_1338,146.4
SHIP_V_1334,sdv-id-LPKgPC,Smartphones,1225,300.0,476,SHIP_V_1334,3.0833333333333335
SHIP_V_1245,sdv-id-ogBXJR,Ready-made Garments,1314,8.5,353,SHIP_V_1245,153.58823529411765
SHIP_V_1059,sdv-id-yBPvnL,Smartphones,1613,300.0,1022,SHIP_V_1059,4.376666666666667
SHIP_V_1282,sdv-id-NVBKNI,Ready-made Garments,994,8.5,1148,SHIP_V_1282,115.94117647058825
SHIP_V_1551,sdv-id-BZOrwA,Ready-made Garments,1074,8.5,1601,SHIP_V_1551,125.3529411764706
SHIP_V_1165,sdv-id-yueAvv,Smartphones,262,300.0,870,SHIP_V_1165,-0.1266666666666666
SHIP_V_1956,sdv-id-hamOod,Industrial Chemicals,1588,50.0,751,SHIP_V_1956,30.76
SHIP_V_1582,sdv-id-YcgqMH,Industrial Chemicals,2413,50.0,965,SHIP_V_1582,47.26
SHIP_V_1378,sdv-id-bYjwWd,Smartphones,1292,300.0,218,SHIP_V_1378,3.306666666666666
SHIP_V_1275,sdv-id-ABLmVH,Industrial Chemicals,774,50.0,718,SHIP_V_1275,14.48
SHIP_V_1040,sdv-id-QgeOWg,Industrial Chemicals,752,50.0,389,SHIP_V_1040,14.04
SHIP_V_1479,sdv-id-UtQunG,Industrial Chemicals,1303,50.0,111,SHIP_V_1479,25.06
SHIP_V_1209,sdv-id-NyXZro,Smartphones,779,300.0,1667,SHIP_V_1209,1.596666666666667
SHIP_V_1149,sdv-id-uyUslc,Solar Panels,39,120.0,1044,SHIP_V_1149,-0.675
SHIP_V_1747,sdv-id-MqQAPJ,Raw Jute,246,5.0,1608,SHIP_V_1747,48.2
SHIP_V_1053,sdv-id-hClihQ,Smartphones,184,300.0,1896,SHIP_V_1053,-0.3866666666666666
SHIP_V_1485,sdv-id-cKvPKp,Ready-made Garments,207,8.5,1686,SHIP_V_1485,23.352941176470587
SHIP_V_1659,sdv-id-AzbBhR,Smartphones,2382,300.0,436,SHIP_V_1659,6.94
SHIP_V_1910,sdv-id-twOxuD,Raw Jute,855,5.0,728,SHIP_V_1910,170.0
SHIP_V_1633,sdv-id-fdAXMK,Smartphones,995,300.0,1190,SHIP_V_1633,2.316666666666667
SHIP_V_1499,sdv-id-FuLbVs,Industrial Chemicals,672,50.0,587,SHIP_V_1499,12.44
SHIP_V_1083,sdv-id-DGmLis,Raw Jute,961,5.0,970,SHIP_V_1083,191.2
SHIP_V_1422,sdv-id-qrvZjj,Industrial Chemicals,591,50.0,202,SHIP_V_1422,10.82
SHIP_V_1782,sdv-id-joaRgp,Smartphones,640,300.0,1260,SHIP_V_1782,1.1333333333333333
SHIP_V_1744,sdv-id-cHUSPz,Raw Jute,877,5.0,536,SHIP_V_1744,174.4
SHIP_V_1394,sdv-id-rdTBwM,Industrial Chemicals,1735,50.0,370,SHIP_V_1394,33.7
SHIP_V_1537,sdv-id-TkHWOn,Solar Panels,25,120.0,595,SHIP_V_1537,-0.7916666666666666
SHIP_V_1845,sdv-id-JRovgH,Industrial Chemicals,645,50.0,520,SHIP_V_1845,11.9
SHIP_V_1311,sdv-id-mtNFWq,Smartphones,451,300.0,1783,SHIP_V_1311,0.5033333333333333
SHIP_V_1994,sdv-id-fCbdLY,Smartphones,290,300.0,967,SHIP_V_1994,-0.0333333333333333
SHIP_V_1679,sdv-id-TptOyg,Smartphones,11,300.0,1529,SHIP_V_1679,-0.9633333333333334
SHIP_V_1692,sdv-id-aByNfR,Solar Panels,595,120.0,1525,SHIP_V_1692,3.9583333333333335
SHIP_V_1218,sdv-id-zkeCcr,Ready-made Garments,49,8.5,1413,SHIP_V_1218,4.764705882352941
SHIP_V_1723,sdv-id-THqLLE,Raw Jute,2050,5.0,493,SHIP_V_1723,409.0
SHIP_V_1542,sdv-id-rRCvUI,Ready-made Garments,907,8.5,1841,SHIP_V_1542,105.70588235294116
SHIP_V_1774,sdv-id-PxeIOS,Raw Jute,216,5.0,917,SHIP_V_1774,42.2
SHIP_V_1298,sdv-id-AlmVnd,Raw Jute,10,5.0,1893,SHIP_V_1298,1.0
SHIP_V_1463,sdv-id-okfySP,Industrial Chemicals,272,50.0,1660,SHIP_V_1463,4.44
SHIP_V_1834,sdv-id-ktFVqD,Raw Jute,864,5.0,1373,SHIP_V_1834,171.8
SHIP_V_1762,sdv-id-wIwCKR,Smartphones,1537,300.0,1568,SHIP_V_1762,4.123333333333333
SHIP_V_1699,sdv-id-RAOOMT,Industrial Chemicals,376,50.0,107,SHIP_V_1699,6.52
SHIP_V_1621,sdv-id-EHPunp,Raw Jute,198,5.0,1711,SHIP_V_1621,38.6
SHIP_V_1544,sdv-id-wWJOOK,Industrial Chemicals,1273,50.0,601,SHIP_V_1544,24.46
SHIP_V_1392,sdv-id-PxfMdi,Raw Jute,246,5.0,1803,SHIP_V_1392,48.2
SHIP_V_1778,sdv-id-wWwGWM,Raw Jute,40,5.0,1524,SHIP_V_1778,7.0
SHIP_V_1156,sdv-id-hXxrOv,Solar Panels,1021,120.0,803,SHIP_V_1156,7.508333333333334
SHIP_V_1630,sdv-id-yfkjzv,Industrial Chemicals,1728,50.0,454,SHIP_V_1630,33.56
SHIP_V_1996,sdv-id-BVmTmI,Industrial Chemicals,584,50.0,823,SHIP_V_1996,10.68
SHIP_V_1758,sdv-id-PabgtF,Industrial Chemicals,1044,50.0,1266,SHIP_V_1758,19.88
SHIP_V_1917,sdv-id-qdNsAv,Smartphones,1803,300.0,304,SHIP_V_1917,5.01
SHIP_V_1530,sdv-id-dhzccM,Smartphones,51,300.0,1438,SHIP_V_1530,-0.83
SHIP_V_1053,sdv-id-HNTMlP,Ready-made Garments,22,8.5,1911,SHIP_V_1053,1.588235294117647
SHIP_V_1839,sdv-id-oapfSM,Raw Jute,57,5.0,1746,SHIP_V_1839,10.4
SHIP_V_1485,sdv-id-wyThWr,Solar Panels,67,120.0,1348,SHIP_V_1485,-0.4416666666666666
SHIP_V_1476,sdv-id-TsWbQc,Ready-made Garments,276,8.5,1868,SHIP_V_1476,31.470588235294116
SHIP_V_1536,sdv-id-kZYAaR,Industrial Chemicals,273,50.0,1548,SHIP_V_1536,4.46
SHIP_V_1009,sdv-id-vBgnTX,Raw Jute,1823,5.0,1923,SHIP_V_1009,363.6
SHIP_V_1336,sdv-id-IzFGHD,Smartphones,274,300.0,1610,SHIP_V_1336,-0.0866666666666666
SHIP_V_1364,sdv-id-OAQIlO,Ready-made Garments,991,8.5,1150,SHIP_V_1364,115.58823529411764
SHIP_V_1580,sdv-id-zBBDdZ,Smartphones,319,300.0,1424,SHIP_V_1580,0.0633333333333333
SHIP_V_1382,sdv-id-uCIVgY,Ready-made Garments,48,8.5,1488,SHIP_V_1382,4.647058823529412
SHIP_V_1924,sdv-id-dYRQwt,Industrial Chemicals,1520,50.0,713,SHIP_V_1924,29.4
SHIP_V_1520,sdv-id-ASRqEN,Raw Jute,114,5.0,1944,SHIP_V_1520,21.8
SHIP_V_1001,sdv-id-UnKZSi,Smartphones,1454,300.0,1144,SHIP_V_1001,3.8466666666666662
SHIP_V_1077,sdv-id-mxXUzL,Industrial Chemicals,1260,50.0,598,SHIP_V_1077,24.2
SHIP_V_1276,sdv-id-ObetWV,Smartphones,1298,300.0,1158,SHIP_V_1276,3.3266666666666667
SHIP_V_1482,sdv-id-afAsRk,Raw Jute,353,5.0,1712,SHIP_V_1482,69.6
SHIP_V_1194,sdv-id-DfLoZB,Ready-made Garments,183,8.5,1985,SHIP_V_1194,20.529411764705884
SHIP_V_1411,sdv-id-NHbwrr,Industrial Chemicals,783,50.0,646,SHIP_V_1411,14.66
SHIP_V_1864,sdv-id-tzfIRC,Solar Panels,95,120.0,820,SHIP_V_1864,-0.2083333333333333
SHIP_V_1089,sdv-id-PUWtqQ,Industrial Chemicals,173,50.0,1007,SHIP_V_1089,2.46
SHIP_V_1414,sdv-id-NWzrOU,Raw Jute,676,5.0,1237,SHIP_V_1414,134.2
SHIP_V_1235,sdv-id-hTKZHt,Industrial Chemicals,598,50.0,1040,SHIP_V_1235,10.96
SHIP_V_1344,sdv-id-VzkpIi,Raw Jute,120,5.0,117,SHIP_V_1344,23.0
SHIP_V_1598,sdv-id-RBdJPP,Smartphones,934,300.0,1126,SHIP_V_1598,2.1133333333333333
SHIP_V_1111,sdv-id-uzTozk,Ready-made Garments,1236,8.5,1549,SHIP_V_1111,144.41176470588235
SHIP_V_1205,sdv-id-nArsuw,Smartphones,22,300.0,1829,SHIP_V_1205,-0.9266666666666666
SHIP_V_1545,sdv-id-UCCKuF,Smartphones,401,300.0,1386,SHIP_V_1545,0.3366666666666666
SHIP_V_1345,sdv-id-GYObqW,Smartphones,547,300.0,1662,SHIP_V_1345,0.8233333333333334
SHIP_V_1730,sdv-id-liVbMP,Solar Panels,727,120.0,708,SHIP_V_1730,5.058333333333334
SHIP_V_1844,sdv-id-rBFTYd,Raw Jute,252,5.0,1171,SHIP_V_1844,49.4
SHIP_V_1440,sdv-id-DdgVmz,Ready-made Garments,442,8.5,146,SHIP_V_1440,51.0
SHIP_V_1848,sdv-id-PLVBqM,Smartphones,512,300.0,1472,SHIP_V_1848,0.7066666666666667
SHIP_V_1891,sdv-id-iZttkG,Raw Jute,1421,5.0,1143,SHIP_V_1891,283.2
SHIP_V_1143,sdv-id-RWufaS,Raw Jute,224,5.0,1275,SHIP_V_1143,43.8
SHIP_V_1968,sdv-id-dJQPcY,Raw Jute,749,5.0,1055,SHIP_V_1968,148.8
SHIP_V_1221,sdv-id-mFXPSt,Ready-made Garments,517,8.5,1559,SHIP_V_1221,59.8235294117647
SHIP_V_1174,sdv-id-iZtfyv,Smartphones,1796,300.0,1051,SHIP_V_1174,4.986666666666666
SHIP_V_1982,sdv-id-BMfdvR,Smartphones,1660,300.0,1150,SHIP_V_1982,4.533333333333333
SHIP_V_1613,sdv-id-Mmxwva,Ready-made Garments,82,8.5,1665,SHIP_V_1613,8.647058823529411
SHIP_V_1407,sdv-id-wiafdR,Smartphones,1406,300.0,801,SHIP_V_1407,3.6866666666666665
SHIP_V_1225,sdv-id-klXrQK,Raw Jute,1079,5.0,1442,SHIP_V_1225,214.8
SHIP_V_1576,sdv-id-UYatgh,Industrial Chemicals,232,50.0,760,SHIP_V_1576,3.64
SHIP_V_1482,sdv-id-VXOKow,Raw Jute,222,5.0,319,SHIP_V_1482,43.4
SHIP_V_1152,sdv-id-ljgorC,Industrial Chemicals,181,50.0,1856,SHIP_V_1152,2.62
SHIP_V_1836,sdv-id-FhJlAV,Smartphones,895,300.0,1716,SHIP_V_1836,1.9833333333333336
SHIP_V_1874,sdv-id-PdhLaz,Ready-made Garments,856,8.5,1610,SHIP_V_1874,99.70588235294116
SHIP_V_1039,sdv-id-iXrViE,Industrial Chemicals,1109,50.0,690,SHIP_V_1039,21.18
SHIP_V_1132,sdv-id-UxjdKq,Ready-made Garments,492,8.5,1051,SHIP_V_1132,56.88235294117647
SHIP_V_1160,sdv-id-lxHdeY,Solar Panels,662,120.0,1234,SHIP_V_1160,4.516666666666667
SHIP_V_1974,sdv-id-qkXtQI,Raw Jute,459,5.0,479,SHIP_V_1974,90.8
SHIP_V_1813,sdv-id-FdkPiX,Ready-made Garments,254,8.5,1246,SHIP_V_1813,28.88235294117647
SHIP_V_1122,sdv-id-MdrwAu,Ready-made Garments,1397,8.5,1863,SHIP_V_1122,163.35294117647058
SHIP_V_1860,sdv-id-QmeQDL,Industrial Chemicals,468,50.0,835,SHIP_V_1860,8.36
SHIP_V_1626,sdv-id-huHWyW,Raw Jute,556,5.0,1539,SHIP_V_1626,110.2
SHIP_V_1153,sdv-id-OwaqHO,Solar Panels,929,120.0,1354,SHIP_V_1153,6.741666666666666
SHIP_V_1574,sdv-id-ByHnjX,Smartphones,110,300.0,1490,SHIP_V_1574,-0.6333333333333333
SHIP_V_1290,sdv-id-nyrJmF,Solar Panels,938,120.0,1089,SHIP_V_1290,6.816666666666666
SHIP_V_1647,sdv-id-WYzpXe,Smartphones,463,300.0,998,SHIP_V_1647,0.5433333333333333
SHIP_V_1825,sdv-id-ZZOpEd,Solar Panels,36,120.0,892,SHIP_V_1825,-0.7
SHIP_V_1873,sdv-id-peqpjr,Raw Jute,1036,5.0,513,SHIP_V_1873,206.2
SHIP_V_1320,sdv-id-AIUptF,Smartphones,161,300.0,1281,SHIP_V_1320,-0.4633333333333333
SHIP_V_1592,sdv-id-bErAJt,Solar Panels,1266,120.0,813,SHIP_V_1592,9.55
SHIP_V_1163,sdv-id-VZmlJh,Solar Panels,1619,120.0,333,SHIP_V_1163,12.491666666666667
SHIP_V_1310,sdv-id-SNmGUm,Ready-made Garments,672,8.5,1976,SHIP_V_1310,78.05882352941177
SHIP_V_1063,sdv-id-dHzuHI,Raw Jute,1838,5.0,1920,SHIP_V_1063,366.6
SHIP_V_1612,sdv-id-MlKgDg,Industrial Chemicals,2224,50.0,1055,SHIP_V_1612,43.48
SHIP_V_1423,sdv-id-GhNHjE,Smartphones,806,300.0,804,SHIP_V_1423,1.6866666666666668
SHIP_V_1689,sdv-id-UqtgaZ,Industrial Chemicals,1188,50.0,812,SHIP_V_1689,22.76
SHIP_V_1700,sdv-id-gzsPhG,Smartphones,1011,300.0,1334,SHIP_V_1700,2.37
SHIP_V_1480,sdv-id-CRfOcT,Raw Jute,514,5.0,117,SHIP_V_1480,101.8
SHIP_V_1265,sdv-id-QfAwQW,Solar Panels,1124,120.0,223,SHIP_V_1265,8.366666666666667
SHIP_V_1259,sdv-id-tZoTAm,Raw Jute,820,5.0,239,SHIP_V_1259,163.0
SHIP_V_1410,sdv-id-PFFbEQ,Smartphones,428,300.0,1911,SHIP_V_1410,0.4266666666666667
SHIP_V_1932,sdv-id-mFdugs,Smartphones,109,300.0,414,SHIP_V_1932,-0.6366666666666667
SHIP_V_1692,sdv-id-SiYQlb,Solar Panels,700,120.0,886,SHIP_V_1692,4.833333333333333
SHIP_V_1937,sdv-id-GuTdIA,Solar Panels,1611,120.0,1564,SHIP_V_1937,12.425
SHIP_V_1175,sdv-id-yRaQjN,Raw Jute,712,5.0,254,SHIP_V_1175,141.4
SHIP_V_1882,sdv-id-kgCwnP,Ready-made Garments,432,8.5,560,SHIP_V_1882,49.8235294117647
SHIP_V_1679,sdv-id-QbvRSu,Solar Panels,705,120.0,720,SHIP_V_1679,4.875
SHIP_V_1489,sdv-id-DTEIRW,Industrial Chemicals,1080,50.0,439,SHIP_V_1489,20.6
SHIP_V_1428,sdv-id-LazyQG,Solar Panels,471,120.0,1755,SHIP_V_1428,2.925
SHIP_V_1704,sdv-id-YISDkS,Ready-made Garments,1971,8.5,1258,SHIP_V_1704,230.8823529411765
SHIP_V_1567,sdv-id-taIjua,Raw Jute,629,5.0,1082,SHIP_V_1567,124.8
SHIP_V_1645,sdv-id-tDMhhY,Industrial Chemicals,1000,50.0,1743,SHIP_V_1645,19.0
SHIP_V_1090,sdv-id-tUYAoP,Smartphones,1144,300.0,934,SHIP_V_1090,2.8133333333333335
SHIP_V_1648,sdv-id-IXnWMc,Raw Jute,406,5.0,1960,SHIP_V_1648,80.2
SHIP_V_1899,sdv-id-HSDVmx,Ready-made Garments,556,8.5,1725,SHIP_V_1899,64.41176470588235
SHIP_V_1149,sdv-id-xZBgZU,Industrial Chemicals,1263,50.0,692,SHIP_V_1149,24.26
SHIP_V_1552,sdv-id-FJXEkO,Smartphones,1619,300.0,1621,SHIP_V_1552,4.3966666666666665
SHIP_V_1940,sdv-id-FjcfdH,Smartphones,1760,300.0,1069,SHIP_V_1940,4.866666666666666
SHIP_V_1250,sdv-id-oOjUxD,Smartphones,129,300.0,1903,SHIP_V_1250,-0.57
SHIP_V_1765,sdv-id-dRhbXn,Solar Panels,472,120.0,1904,SHIP_V_1765,2.933333333333333
SHIP_V_1106,sdv-id-WlCThh,Smartphones,745,300.0,736,SHIP_V_1106,1.4833333333333334
SHIP_V_1526,sdv-id-enBqeW,Industrial Chemicals,689,50.0,1842,SHIP_V_1526,12.78
SHIP_V_1938,sdv-id-psZIKs,Ready-made Garments,605,8.5,1604,SHIP_V_1938,70.17647058823529
SHIP_V_1021,sdv-id-qgLeoi,Smartphones,444,300.0,239,SHIP_V_1021,0.48
SHIP_V_1094,sdv-id-VPSuwQ,Solar Panels,872,120.0,1568,SHIP_V_1094,6.266666666666667
SHIP_V_1497,sdv-id-RiQwGI,Smartphones,50,300.0,1797,SHIP_V_1497,-0.8333333333333334
SHIP_V_1736,sdv-id-YKfCpB,Industrial Chemicals,104,50.0,287,SHIP_V_1736,1.08
SHIP_V_1081,sdv-id-ZgMJqa,Industrial Chemicals,1987,50.0,1822,SHIP_V_1081,38.74
SHIP_V_1110,sdv-id-nIyNrC,Solar Panels,519,120.0,1146,SHIP_V_1110,3.325
SHIP_V_1522,sdv-id-RtQUUl,Solar Panels,113,120.0,378,SHIP_V_1522,-0.0583333333333333
SHIP_V_1603,sdv-id-wSVOgb,Smartphones,264,300.0,413,SHIP_V_1603,-0.12
SHIP_V_1243,sdv-id-NZsMfI,Smartphones,955,300.0,381,SHIP_V_1243,2.183333333333333
SHIP_V_1137,sdv-id-uVCTMs,Industrial Chemicals,1918,50.0,1064,SHIP_V_1137,37.36
SHIP_V_1321,sdv-id-vqoFgp,Raw Jute,674,5.0,486,SHIP_V_1321,133.8
SHIP_V_1482,sdv-id-NHFbSb,Solar Panels,160,120.0,315,SHIP_V_1482,0.3333333333333333
SHIP_V_1449,sdv-id-uDYtfZ,Raw Jute,924,5.0,1438,SHIP_V_1449,183.8
SHIP_V_1511,sdv-id-DbvLpi,Smartphones,997,300.0,490,SHIP_V_1511,2.3233333333333333
SHIP_V_1875,sdv-id-ezyMcA,Raw Jute,828,5.0,1289,SHIP_V_1875,164.6
SHIP_V_1133,sdv-id-izFlPY,Solar Panels,333,120.0,417,SHIP_V_1133,1.775
SHIP_V_1305,sdv-id-tZdFlS,Raw Jute,263,5.0,1087,SHIP_V_1305,51.6
SHIP_V_1060,sdv-id-nFnbch,Industrial Chemicals,33,50.0,127,SHIP_V_1060,-0.34
SHIP_V_1471,sdv-id-hYhMIK,Industrial Chemicals,187,50.0,948,SHIP_V_1471,2.74
SHIP_V_1248,sdv-id-CfIMXU,Smartphones,720,300.0,1226,SHIP_V_1248,1.4
SHIP_V_1479,sdv-id-xJtPwa,Ready-made Garments,78,8.5,1077,SHIP_V_1479,8.176470588235293
SHIP_V_1803,sdv-id-JGIMrR,Raw Jute,572,5.0,1003,SHIP_V_1803,113.4
SHIP_V_1738,sdv-id-JnUAxD,Industrial Chemicals,1155,50.0,1381,SHIP_V_1738,22.1
SHIP_V_1858,sdv-id-GBJXXG,Industrial Chemicals,1923,50.0,975,SHIP_V_1858,37.46
SHIP_V_1948,sdv-id-TLaNXT,Smartphones,988,300.0,1155,SHIP_V_1948,2.2933333333333334
SHIP_V_1552,sdv-id-rIvDcE,Raw Jute,456,5.0,1354,SHIP_V_1552,90.2
SHIP_V_1117,sdv-id-qyxZNg,Solar Panels,343,120.0,1781,SHIP_V_1117,1.8583333333333336
SHIP_V_1421,sdv-id-HllWgt,Solar Panels,315,120.0,1394,SHIP_V_1421,1.625
SHIP_V_1410,sdv-id-oxCKEM,Industrial Chemicals,1493,50.0,1560,SHIP_V_1410,28.86
SHIP_V_1092,sdv-id-dMQxah,Ready-made Garments,1083,8.5,1943,SHIP_V_1092,126.41176470588236
SHIP_V_1032,sdv-id-ZEscAe,Industrial Chemicals,972,50.0,1982,SHIP_V_1032,18.44
SHIP_V_1576,sdv-id-FZNEJk,Smartphones,1282,300.0,159,SHIP_V_1576,3.2733333333333334
SHIP_V_1947,sdv-id-eUtksp,Ready-made Garments,498,8.5,1518,SHIP_V_1947,57.588235294117645
SHIP_V_1461,sdv-id-frrgfm,Smartphones,1291,300.0,191,SHIP_V_1461,3.3033333333333332
SHIP_V_1268,sdv-id-OoKxGt,Solar Panels,445,120.0,1930,SHIP_V_1268,2.7083333333333335
SHIP_V_1258,sdv-id-SYBYmT,Raw Jute,2202,5.0,354,SHIP_V_1258,439.4
SHIP_V_1646,sdv-id-yvwjYP,Smartphones,973,300.0,126,SHIP_V_1646,2.243333333333333
SHIP_V_1301,sdv-id-mLDCbA,Solar Panels,387,120.0,1799,SHIP_V_1301,2.225
SHIP_V_1975,sdv-id-wHZoYX,Smartphones,248,300.0,1821,SHIP_V_1975,-0.1733333333333333
SHIP_V_1579,sdv-id-CFFnvl,Smartphones,405,300.0,498,SHIP_V_1579,0.35
SHIP_V_1141,sdv-id-aSFVmJ,Ready-made Garments,539,8.5,1493,SHIP_V_1141,62.411764705882355
SHIP_V_1102,sdv-id-pyTQOb,Ready-made Garments,203,8.5,1466,SHIP_V_1102,22.88235294117647
SHIP_V_1471,sdv-id-BDGSil,Ready-made Garments,86,8.5,616,SHIP_V_1471,9.117647058823527
SHIP_V_1274,sdv-id-GpLtlA,Industrial Chemicals,1382,50.0,532,SHIP_V_1274,26.64
SHIP_V_1050,sdv-id-QqidPM,Smartphones,581,300.0,745,SHIP_V_1050,0.9366666666666666
SHIP_V_1708,sdv-id-JFvwlA,Smartphones,1467,300.0,1016,SHIP_V_1708,3.89
SHIP_V_1133,sdv-id-gEfTBc,Smartphones,480,300.0,1947,SHIP_V_1133,0.6
SHIP_V_1831,sdv-id-sWEcOB,Ready-made Garments,623,8.5,1433,SHIP_V_1831,72.29411764705883
SHIP_V_1404,sdv-id-AbCtUZ,Smartphones,1066,300.0,729,SHIP_V_1404,2.5533333333333332
SHIP_V_1605,sdv-id-NrabqK,Raw Jute,277,5.0,1429,SHIP_V_1605,54.4
SHIP_V_1633,sdv-id-Ujznxz,Smartphones,1033,300.0,1921,SHIP_V_1633,2.443333333333334
SHIP_V_1727,sdv-id-wcJRmW,Smartphones,1795,300.0,771,SHIP_V_1727,4.983333333333333
SHIP_V_1535,sdv-id-YtZhgW,Ready-made Garments,962,8.5,1340,SHIP_V_1535,112.17647058823528
SHIP_V_1326,sdv-id-wBRrzg,Raw Jute,1920,5.0,378,SHIP_V_1326,383.0
SHIP_V_1675,sdv-id-xNVsBi,Smartphones,1036,300.0,714,SHIP_V_1675,2.453333333333333
SHIP_V_1346,sdv-id-Jcfvsr,Ready-made Garments,869,8.5,1852,SHIP_V_1346,101.23529411764706
SHIP_V_1824,sdv-id-KJwTDa,Solar Panels,1095,120.0,1051,SHIP_V_1824,8.125
SHIP_V_1282,sdv-id-rrIzwi,Solar Panels,511,120.0,713,SHIP_V_1282,3.2583333333333333
SHIP_V_1643,sdv-id-ZUBncj,Raw Jute,54,5.0,1882,SHIP_V_1643,9.8
SHIP_V_1667,sdv-id-xpvoLG,Smartphones,110,300.0,633,SHIP_V_1667,-0.6333333333333333
SHIP_V_1974,sdv-id-SbcoFC,Raw Jute,257,5.0,1175,SHIP_V_1974,50.4
SHIP_V_1228,sdv-id-JzPrBP,Smartphones,16,300.0,1621,SHIP_V_1228,-0.9466666666666668
SHIP_V_1501,sdv-id-ycIxno,Raw Jute,973,5.0,750,SHIP_V_1501,193.6
SHIP_V_1303,sdv-id-LJMpVb,Ready-made Garments,191,8.5,1592,SHIP_V_1303,21.470588235294116
SHIP_V_1058,sdv-id-rYkgBB,Raw Jute,193,5.0,1612,SHIP_V_1058,37.6
SHIP_V_1552,sdv-id-eGlRvm,Solar Panels,1033,120.0,776,SHIP_V_1552,7.608333333333333
SHIP_V_1562,sdv-id-sbcezR,Industrial Chemicals,1096,50.0,1137,SHIP_V_1562,20.92
SHIP_V_1252,sdv-id-oRkEbb,Ready-made Garments,167,8.5,1832,SHIP_V_1252,18.647058823529413
SHIP_V_1449,sdv-id-uuoDoJ,Smartphones,1,300.0,347,SHIP_V_1449,-0.9966666666666668
SHIP_V_1405,sdv-id-uklFtX,Solar Panels,689,120.0,1251,SHIP_V_1405,4.741666666666666
SHIP_V_1339,sdv-id-CvgtyP,Industrial Chemicals,1207,50.0,1299,SHIP_V_1339,23.14
SHIP_V_1840,sdv-id-DvEwpZ,Smartphones,1211,300.0,1248,SHIP_V_1840,3.036666666666666
SHIP_V_1469,sdv-id-RJTbqS,Industrial Chemicals,975,50.0,821,SHIP_V_1469,18.5
SHIP_V_1035,sdv-id-qltouC,Smartphones,1412,300.0,471,SHIP_V_1035,3.7066666666666666
SHIP_V_1166,sdv-id-HQqKmj,Industrial Chemicals,2144,50.0,1245,SHIP_V_1166,41.88
SHIP_V_1473,sdv-id-DGZnCQ,Ready-made Garments,588,8.5,229,SHIP_V_1473,68.17647058823529
SHIP_V_1089,sdv-id-IKAQIY,Solar Panels,119,120.0,1757,SHIP_V_1089,-0.0083333333333333
SHIP_V_1876,sdv-id-eVsOvZ,Ready-made Garments,839,8.5,1804,SHIP_V_1876,97.70588235294116
SHIP_V_1838,sdv-id-HGhBKF,Raw Jute,543,5.0,1273,SHIP_V_1838,107.6
SHIP_V_1034,sdv-id-trxiKS,Industrial Chemicals,768,50.0,1742,SHIP_V_1034,14.36
SHIP_V_1164,sdv-id-GtPxhR,Solar Panels,1207,120.0,983,SHIP_V_1164,9.058333333333334
SHIP_V_1084,sdv-id-VwFFTw,Raw Jute,1315,5.0,1581,SHIP_V_1084,262.0
SHIP_V_1111,sdv-id-QpwXex,Solar Panels,439,120.0,1796,SHIP_V_1111,2.658333333333333
SHIP_V_1393,sdv-id-SJBhyO,Smartphones,831,300.0,1077,SHIP_V_1393,1.77
SHIP_V_1572,sdv-id-ataiwq,Smartphones,136,300.0,797,SHIP_V_1572,-0.5466666666666666
SHIP_V_1964,sdv-id-AZTnEJ,Ready-made Garments,124,8.5,1234,SHIP_V_1964,13.588235294117649
SHIP_V_1291,sdv-id-lGqMcM,Ready-made Garments,1306,8.5,814,SHIP_V_1291,152.64705882352942
SHIP_V_1138,sdv-id-YKiGus,Industrial Chemicals,219,50.0,794,SHIP_V_1138,3.38
SHIP_V_1472,sdv-id-ZqxfVu,Ready-made Garments,1182,8.5,1372,SHIP_V_1472,138.05882352941177
SHIP_V_1310,sdv-id-tdMXGG,Solar Panels,92,120.0,1455,SHIP_V_1310,-0.2333333333333333
SHIP_V_1727,sdv-id-hiMOpB,Smartphones,633,300.0,1084,SHIP_V_1727,1.11
SHIP_V_1743,sdv-id-XVuRYj,Industrial Chemicals,1457,50.0,298,SHIP_V_1743,28.14
SHIP_V_1054,sdv-id-BJnUTz,Smartphones,74,300.0,1936,SHIP_V_1054,-0.7533333333333333
SHIP_V_1352,sdv-id-OEZNlk,Ready-made Garments,27,8.5,993,SHIP_V_1352,2.176470588235294
SHIP_V_1892,sdv-id-lTJeic,Raw Jute,132,5.0,873,SHIP_V_1892,25.4
SHIP_V_1194,sdv-id-MulEcx,Solar Panels,901,120.0,1670,SHIP_V_1194,6.508333333333334
SHIP_V_1010,sdv-id-gEygBb,Smartphones,1052,300.0,1152,SHIP_V_1010,2.506666666666667
SHIP_V_1805,sdv-id-BYOibk,Solar Panels,314,120.0,1544,SHIP_V_1805,1.6166666666666667
SHIP_V_1754,sdv-id-tiROfD,Smartphones,524,300.0,254,SHIP_V_1754,0.7466666666666667
SHIP_V_1070,sdv-id-OZUkUF,Raw Jute,465,5.0,745,SHIP_V_1070,92.0
SHIP_V_1516,sdv-id-TUxUYA,Ready-made Garments,34,8.5,1640,SHIP_V_1516,3.0
SHIP_V_1676,sdv-id-dgVLDe,Industrial Chemicals,3260,50.0,1093,SHIP_V_1676,64.2
SHIP_V_1805,sdv-id-fkjcAa,Ready-made Garments,127,8.5,1902,SHIP_V_1805,13.941176470588236
SHIP_V_1761,sdv-id-tinrCM,Raw Jute,1031,5.0,146,SHIP_V_1761,205.2
SHIP_V_1501,sdv-id-NyOxZn,Ready-made Garments,468,8.5,1117,SHIP_V_1501,54.05882352941177
SHIP_V_1211,sdv-id-GWwwXZ,Solar Panels,1291,120.0,1022,SHIP_V_1211,9.758333333333333
SHIP_V_1163,sdv-id-wfRVXO,Ready-made Garments,1082,8.5,1789,SHIP_V_1163,126.29411764705884
SHIP_V_1311,sdv-id-ekUefN,Smartphones,159,300.0,493,SHIP_V_1311,-0.47
SHIP_V_1058,sdv-id-rbZoKi,Raw Jute,1846,5.0,1333,SHIP_V_1058,368.2
SHIP_V_1113,sdv-id-FioVFk,Industrial Chemicals,1116,50.0,699,SHIP_V_1113,21.32
SHIP_V_1731,sdv-id-vQGqOv,Smartphones,164,300.0,893,SHIP_V_1731,-0.4533333333333333
SHIP_V_1586,sdv-id-FgnJJt,Industrial Chemicals,566,50.0,1679,SHIP_V_1586,10.32
SHIP_V_1658,sdv-id-HUCtSA,Smartphones,737,300.0,613,SHIP_V_1658,1.4566666666666668
SHIP_V_1824,sdv-id-RCirHR,Smartphones,995,300.0,1223,SHIP_V_1824,2.316666666666667
SHIP_V_1852,sdv-id-UnzCsM,Solar Panels,965,120.0,603,SHIP_V_1852,7.041666666666667
SHIP_V_1986,sdv-id-PyzrBB,Industrial Chemicals,2087,50.0,133,SHIP_V_1986,40.74
SHIP_V_1652,sdv-id-skzZxD,Industrial Chemicals,254,50.0,230,SHIP_V_1652,4.08
SHIP_V_1335,sdv-id-YVwZiO,Raw Jute,601,5.0,1494,SHIP_V_1335,119.2
SHIP_V_1713,sdv-id-OZSsxj,Ready-made Garments,778,8.5,998,SHIP_V_1713,90.52941176470588
SHIP_V_1775,sdv-id-FFYfpx,Raw Jute,1234,5.0,1448,SHIP_V_1775,245.8
SHIP_V_1111,sdv-id-vMVlPW,Industrial Chemicals,572,50.0,1409,SHIP_V_1111,10.44
SHIP_V_1582,sdv-id-FlNXHZ,Smartphones,227,300.0,1874,SHIP_V_1582,-0.2433333333333333
SHIP_V_1551,sdv-id-qmwMPb,Raw Jute,118,5.0,1600,SHIP_V_1551,22.6
SHIP_V_1626,sdv-id-CYBlVl,Solar Panels,711,120.0,1891,SHIP_V_1626,4.925
SHIP_V_1094,sdv-id-EVtnbH,Industrial Chemicals,522,50.0,882,SHIP_V_1094,9.44
SHIP_V_1402,sdv-id-Ujsrxe,Smartphones,1184,300.0,782,SHIP_V_1402,2.9466666666666668
SHIP_V_1133,sdv-id-FuREsZ,Raw Jute,119,5.0,1836,SHIP_V_1133,22.8
SHIP_V_1047,sdv-id-LHlmmh,Ready-made Garments,967,8.5,1527,SHIP_V_1047,112.76470588235294
SHIP_V_1870,sdv-id-zzzEMg,Smartphones,1774,300.0,1874,SHIP_V_1870,4.913333333333333
SHIP_V_1467,sdv-id-kULFTb,Ready-made Garments,1438,8.5,994,SHIP_V_1467,168.1764705882353
SHIP_V_1991,sdv-id-DhLWDC,Raw Jute,789,5.0,417,SHIP_V_1991,156.8
SHIP_V_1362,sdv-id-BlGzmA,Smartphones,397,300.0,1386,SHIP_V_1362,0.3233333333333333
SHIP_V_1698,sdv-id-mLbMms,Industrial Chemicals,935,50.0,1078,SHIP_V_1698,17.7
SHIP_V_1509,sdv-id-xrCfIY,Solar Panels,213,120.0,396,SHIP_V_1509,0.775
SHIP_V_1931,sdv-id-togXdM,Solar Panels,593,120.0,888,SHIP_V_1931,3.941666666666667
SHIP_V_1241,sdv-id-rTrQpM,Ready-made Garments,103,8.5,1663,SHIP_V_1241,11.117647058823527
SHIP_V_1963,sdv-id-HUaEQc,Raw Jute,1938,5.0,1280,SHIP_V_1963,386.6
SHIP_V_1746,sdv-id-JvwsWS,Ready-made Garments,1510,8.5,226,SHIP_V_1746,176.64705882352942
SHIP_V_1108,sdv-id-SnGnSF,Raw Jute,56,5.0,772,SHIP_V_1108,10.2
SHIP_V_1744,sdv-id-zqDMUs,Solar Panels,111,120.0,1502,SHIP_V_1744,-0.075
SHIP_V_1619,sdv-id-xiISQl,Industrial Chemicals,1226,50.0,894,SHIP_V_1619,23.52
SHIP_V_1690,sdv-id-FixtDU,Ready-made Garments,1617,8.5,1783,SHIP_V_1690,189.23529411764707
SHIP_V_1828,sdv-id-lHWLWl,Raw Jute,638,5.0,528,SHIP_V_1828,126.6
SHIP_V_1815,sdv-id-loCeUC,Raw Jute,82,5.0,1283,SHIP_V_1815,15.4
SHIP_V_1494,sdv-id-DvwfaM,Industrial Chemicals,2126,50.0,1579,SHIP_V_1494,41.52
SHIP_V_1171,sdv-id-JYiRcK,Smartphones,255,300.0,1575,SHIP_V_1171,-0.15
SHIP_V_1418,sdv-id-fvujDN,Smartphones,186,300.0,1416,SHIP_V_1418,-0.38
SHIP_V_1116,sdv-id-rZrIbs,Smartphones,1212,300.0,133,SHIP_V_1116,3.04
SHIP_V_1047,sdv-id-DmZODC,Smartphones,530,300.0,449,SHIP_V_1047,0.7666666666666667
SHIP_V_1501,sdv-id-FohxCx,Smartphones,2243,300.0,1312,SHIP_V_1501,6.476666666666667
SHIP_V_1901,sdv-id-fAuWHE,Industrial Chemicals,2128,50.0,228,SHIP_V_1901,41.56
SHIP_V_1571,sdv-id-qJSJxy,Ready-made Garments,811,8.5,1052,SHIP_V_1571,94.41176470588236
SHIP_V_1949,sdv-id-LGePWw,Solar Panels,1081,120.0,182,SHIP_V_1949,8.008333333333333
SHIP_V_1997,sdv-id-cFRlkE,Ready-made Garments,836,8.5,1397,SHIP_V_1997,97.3529411764706
SHIP_V_1675,sdv-id-xiVSwp,Ready-made Garments,26,8.5,1235,SHIP_V_1675,2.0588235294117645
SHIP_V_1907,sdv-id-FRlQdX,Solar Panels,767,120.0,1130,SHIP_V_1907,5.391666666666667
SHIP_V_1832,sdv-id-CCXvYj,Ready-made Garments,277,8.5,911,SHIP_V_1832,31.58823529411765
SHIP_V_1730,sdv-id-eBarYV,Industrial Chemicals,497,50.0,592,SHIP_V_1730,8.94
SHIP_V_1464,sdv-id-NNwYbq,Smartphones,1238,300.0,1381,SHIP_V_1464,3.1266666666666665
SHIP_V_1573,sdv-id-GdwRnv,Solar Panels,225,120.0,1037,SHIP_V_1573,0.875
SHIP_V_1260,sdv-id-TzXHPP,Industrial Chemicals,156,50.0,675,SHIP_V_1260,2.12
SHIP_V_1728,sdv-id-vJtPzT,Industrial Chemicals,1392,50.0,176,SHIP_V_1728,26.84
SHIP_V_1763,sdv-id-bbRdum,Smartphones,971,300.0,1390,SHIP_V_1763,2.236666666666667
SHIP_V_1029,sdv-id-cuLMWi,Solar Panels,8,120.0,1445,SHIP_V_1029,-0.9333333333333332
SHIP_V_1499,sdv-id-jtcTyC,Ready-made Garments,354,8.5,1128,SHIP_V_1499,40.64705882352941
SHIP_V_1568,sdv-id-tlFXFu,Solar Panels,132,120.0,1440,SHIP_V_1568,0.1
SHIP_V_1855,sdv-id-eCKcxy,Ready-made Garments,192,8.5,672,SHIP_V_1855,21.58823529411765
SHIP_V_1817,sdv-id-zKlWFw,Industrial Chemicals,1248,50.0,557,SHIP_V_1817,23.96
SHIP_V_1245,sdv-id-fQIkzp,Solar Panels,101,120.0,369,SHIP_V_1245,-0.1583333333333333
SHIP_V_1987,sdv-id-QEsrSY,Industrial Chemicals,1553,50.0,135,SHIP_V_1987,30.06
SHIP_V_1186,sdv-id-ARliZg,Solar Panels,720,120.0,1661,SHIP_V_1186,5.0
SHIP_V_1235,sdv-id-AiWTyI,Raw Jute,220,5.0,1034,SHIP_V_1235,43.0
SHIP_V_1009,sdv-id-iBkZfJ,Raw Jute,268,5.0,1521,SHIP_V_1009,52.6
SHIP_V_1057,sdv-id-EeWUGT,Smartphones,441,300.0,1852,SHIP_V_1057,0.47
SHIP_V_1419,sdv-id-HCzuiJ,Raw Jute,2508,5.0,167,SHIP_V_1419,500.6
SHIP_V_1433,sdv-id-kQIsXd,Smartphones,581,300.0,1066,SHIP_V_1433,0.9366666666666666
SHIP_V_1606,sdv-id-lpAhBN,Industrial Chemicals,394,50.0,1612,SHIP_V_1606,6.88
SHIP_V_1458,sdv-id-SLtnRS,Raw Jute,164,5.0,801,SHIP_V_1458,31.8
SHIP_V_1483,sdv-id-GToyVs,Raw Jute,1550,5.0,656,SHIP_V_1483,309.0
SHIP_V_1050,sdv-id-XmeNnR,Raw Jute,510,5.0,1327,SHIP_V_1050,101.0
SHIP_V_1082,sdv-id-KDzHbn,Industrial Chemicals,934,50.0,167,SHIP_V_1082,17.68
SHIP_V_1030,sdv-id-spFNJm,Ready-made Garments,953,8.5,711,SHIP_V_1030,111.11764705882354
SHIP_V_1178,sdv-id-gUtrsC,Smartphones,35,300.0,1635,SHIP_V_1178,-0.8833333333333333
SHIP_V_1534,sdv-id-xDpXPm,Industrial Chemicals,1660,50.0,1637,SHIP_V_1534,32.2
SHIP_V_1202,sdv-id-uSmkCc,Smartphones,855,300.0,859,SHIP_V_1202,1.85
SHIP_V_1618,sdv-id-JPCPzO,Solar Panels,180,120.0,1913,SHIP_V_1618,0.5
SHIP_V_1767,sdv-id-EIjaQS,Smartphones,549,300.0,649,SHIP_V_1767,0.83
SHIP_V_1750,sdv-id-iSTefB,Ready-made Garments,1129,8.5,761,SHIP_V_1750,131.8235294117647
SHIP_V_1421,sdv-id-dNPhnN,Solar Panels,518,120.0,1155,SHIP_V_1421,3.316666666666667
SHIP_V_1044,sdv-id-BFYfzb,Smartphones,386,300.0,1267,SHIP_V_1044,0.2866666666666667
SHIP_V_1524,sdv-id-seqSIY,Solar Panels,465,120.0,758,SHIP_V_1524,2.875
SHIP_V_1030,sdv-id-oSBlVC,Smartphones,476,300.0,158,SHIP_V_1030,0.5866666666666667
SHIP_V_1790,sdv-id-tVxmbV,Industrial Chemicals,641,50.0,1967,SHIP_V_1790,11.82
SHIP_V_1488,sdv-id-eUsfhM,Industrial Chemicals,757,50.0,669,SHIP_V_1488,14.14
SHIP_V_1291,sdv-id-uTzGTq,Smartphones,988,300.0,1579,SHIP_V_1291,2.2933333333333334
SHIP_V_1675,sdv-id-kJjipD,Solar Panels,75,120.0,207,SHIP_V_1675,-0.375
SHIP_V_1274,sdv-id-ggrDey,Smartphones,673,300.0,685,SHIP_V_1274,1.2433333333333334
SHIP_V_1586,sdv-id-IfwQhi,Industrial Chemicals,1761,50.0,1720,SHIP_V_1586,34.22
SHIP_V_1642,sdv-id-tOuefO,Industrial Chemicals,927,50.0,710,SHIP_V_1642,17.54
SHIP_V_1977,sdv-id-jVfanB,Ready-made Garments,1101,8.5,126,SHIP_V_1977,128.52941176470588
SHIP_V_1527,sdv-id-CGWJsJ,Ready-made Garments,1765,8.5,1132,SHIP_V_1527,206.64705882352945
SHIP_V_1986,sdv-id-jJZPEw,Solar Panels,5,120.0,1665,SHIP_V_1986,-0.9583333333333334
SHIP_V_1059,sdv-id-JcLYiN,Industrial Chemicals,781,50.0,933,SHIP_V_1059,14.62
SHIP_V_1564,sdv-id-DnFHrd,Raw Jute,367,5.0,1818,SHIP_V_1564,72.4
SHIP_V_1069,sdv-id-VczXFP,Industrial Chemicals,251,50.0,736,SHIP_V_1069,4.02
SHIP_V_1936,sdv-id-OptJzu,Industrial Chemicals,1041,50.0,310,SHIP_V_1936,19.82
SHIP_V_1599,sdv-id-xDUrWo,Industrial Chemicals,1196,50.0,1597,SHIP_V_1599,22.92
SHIP_V_1970,sdv-id-aBGLsY,Raw Jute,62,5.0,578,SHIP_V_1970,11.4
SHIP_V_1771,sdv-id-XDyHhR,Solar Panels,1964,120.0,1333,SHIP_V_1771,15.366666666666667
SHIP_V_1922,sdv-id-HnOkoA,Solar Panels,465,120.0,1047,SHIP_V_1922,2.875
SHIP_V_1364,sdv-id-bgNvli,Industrial Chemicals,909,50.0,1838,SHIP_V_1364,17.18
SHIP_V_1471,sdv-id-lhrXZk,Raw Jute,1576,5.0,1930,SHIP_V_1471,314.2
SHIP_V_1045,sdv-id-SteTVS,Smartphones,762,300.0,1973,SHIP_V_1045,1.54
SHIP_V_1343,sdv-id-DngNeR,Smartphones,869,300.0,1294,SHIP_V_1343,1.8966666666666667
SHIP_V_1006,sdv-id-ZKJJUe,Solar Panels,346,120.0,1888,SHIP_V_1006,1.8833333333333333
SHIP_V_1649,sdv-id-csnHQk,Solar Panels,194,120.0,584,SHIP_V_1649,0.6166666666666667
SHIP_V_1257,sdv-id-PWAWGd,Solar Panels,1831,120.0,188,SHIP_V_1257,14.258333333333333
SHIP_V_1518,sdv-id-txSHHZ,Solar Panels,1137,120.0,1862,SHIP_V_1518,8.475
SHIP_V_1997,sdv-id-Zrglvi,Ready-made Garments,648,8.5,1080,SHIP_V_1997,75.23529411764706
SHIP_V_1366,sdv-id-xEXrnz,Smartphones,233,300.0,470,SHIP_V_1366,-0.2233333333333333
SHIP_V_1756,sdv-id-mSolwy,Raw Jute,39,5.0,272,SHIP_V_1756,6.8
SHIP_V_1279,sdv-id-ZoDqYQ,Solar Panels,696,120.0,1447,SHIP_V_1279,4.8
SHIP_V_1655,sdv-id-kIXjqN,Smartphones,724,300.0,325,SHIP_V_1655,1.413333333333333
SHIP_V_1104,sdv-id-dzbwoH,Raw Jute,1006,5.0,861,SHIP_V_1104,200.2
SHIP_V_1920,sdv-id-sfcoSY,Smartphones,624,300.0,1051,SHIP_V_1920,1.08
SHIP_V_1239,sdv-id-FUZGZZ,Smartphones,1576,300.0,670,SHIP_V_1239,4.253333333333333
SHIP_V_1246,sdv-id-JbNaSX,Industrial Chemicals,976,50.0,514,SHIP_V_1246,18.52
SHIP_V_1647,sdv-id-uLlrDA,Raw Jute,736,5.0,1013,SHIP_V_1647,146.2
SHIP_V_1552,sdv-id-ybmHHe,Smartphones,60,300.0,725,SHIP_V_1552,-0.8
SHIP_V_1133,sdv-id-SFdRlT,Ready-made Garments,678,8.5,228,SHIP_V_1133,78.76470588235294
SHIP_V_1126,sdv-id-prFuOJ,Raw Jute,34,5.0,1632,SHIP_V_1126,5.8
SHIP_V_1919,sdv-id-SUbjHn,Raw Jute,539,5.0,398,SHIP_V_1919,106.8
SHIP_V_1815,sdv-id-wBTkkG,Industrial Chemicals,457,50.0,280,SHIP_V_1815,8.14
SHIP_V_1453,sdv-id-dTTsvx,Solar Panels,847,120.0,1579,SHIP_V_1453,6.058333333333334
SHIP_V_1789,sdv-id-nFEKzI,Raw Jute,1920,5.0,654,SHIP_V_1789,383.0
SHIP_V_1388,sdv-id-ujLgYQ,Solar Panels,2163,120.0,783,SHIP_V_1388,17.025
SHIP_V_1937,sdv-id-LNGHCi,Ready-made Garments,181,8.5,935,SHIP_V_1937,20.294117647058822
SHIP_V_1167,sdv-id-MOZyNl,Industrial Chemicals,441,50.0,1487,SHIP_V_1167,7.82
SHIP_V_1174,sdv-id-idEgfO,Industrial Chemicals,942,50.0,1772,SHIP_V_1174,17.84
SHIP_V_1008,sdv-id-slzTwN,Raw Jute,1121,5.0,1118,SHIP_V_1008,223.2
SHIP_V_1490,sdv-id-KUnMkj,Solar Panels,4,120.0,1231,SHIP_V_1490,-0.9666666666666668
SHIP_V_1495,sdv-id-wMIFfa,Solar Panels,1298,120.0,909,SHIP_V_1495,9.816666666666666
SHIP_V_1176,sdv-id-CaBBOe,Smartphones,1364,300.0,489,SHIP_V_1176,3.546666666666667
SHIP_V_1876,sdv-id-XIwzcw,Industrial Chemicals,2288,50.0,304,SHIP_V_1876,44.76
SHIP_V_1199,sdv-id-rhgvCD,Smartphones,444,300.0,1865,SHIP_V_1199,0.48
SHIP_V_1992,sdv-id-lWHoHu,Industrial Chemicals,82,50.0,1952,SHIP_V_1992,0.64
SHIP_V_1212,sdv-id-fJPyxK,Smartphones,162,300.0,1126,SHIP_V_1212,-0.46
SHIP_V_1686,sdv-id-yUELwe,Raw Jute,599,5.0,1417,SHIP_V_1686,118.8
SHIP_V_1589,sdv-id-TUltUS,Solar Panels,321,120.0,652,SHIP_V_1589,1.675
SHIP_V_1219,sdv-id-KHBthD,Smartphones,1260,300.0,1653,SHIP_V_1219,3.2
SHIP_V_1537,sdv-id-jCFYpT,Ready-made Garments,1760,8.5,529,SHIP_V_1537,206.05882352941177
SHIP_V_1488,sdv-id-GYYRyO,Ready-made Garments,61,8.5,800,SHIP_V_1488,6.176470588235294
SHIP_V_1099,sdv-id-ToDPLp,Raw Jute,627,5.0,1741,SHIP_V_1099,124.4
SHIP_V_1569,sdv-id-vOygZb,Industrial Chemicals,150,50.0,937,SHIP_V_1569,2.0
SHIP_V_1721,sdv-id-gDReJv,Smartphones,799,300.0,123,SHIP_V_1721,1.663333333333333
SHIP_V_1020,sdv-id-gESqIk,Ready-made Garments,1336,8.5,1505,SHIP_V_1020,156.1764705882353
SHIP_V_1108,sdv-id-lnUcEN,Industrial Chemicals,2002,50.0,133,SHIP_V_1108,39.04
SHIP_V_1250,sdv-id-XXzOmx,Smartphones,1326,300.0,993,SHIP_V_1250,3.42
SHIP_V_1282,sdv-id-iXpOyg,Raw Jute,623,5.0,1287,SHIP_V_1282,123.6
SHIP_V_1535,sdv-id-LHBGPA,Ready-made Garments,1150,8.5,809,SHIP_V_1535,134.2941176470588
SHIP_V_1556,sdv-id-HRTFOL,Ready-made Garments,1268,8.5,1533,SHIP_V_1556,148.1764705882353
SHIP_V_1241,sdv-id-ZOxhAJ,Raw Jute,932,5.0,1409,SHIP_V_1241,185.4
SHIP_V_1768,sdv-id-ZfwotH,Smartphones,996,300.0,256,SHIP_V_1768,2.32
SHIP_V_1016,sdv-id-gHGFNM,Solar Panels,6,120.0,1959,SHIP_V_1016,-0.95
SHIP_V_1342,sdv-id-ZnHqZX,Solar Panels,1131,120.0,1466,SHIP_V_1342,8.425
SHIP_V_1023,sdv-id-uybRqY,Solar Panels,237,120.0,1717,SHIP_V_1023,0.975
SHIP_V_1179,sdv-id-BauZRx,Smartphones,123,300.0,726,SHIP_V_1179,-0.59
SHIP_V_1842,sdv-id-CosqPV,Industrial Chemicals,1046,50.0,1218,SHIP_V_1842,19.92
SHIP_V_1085,sdv-id-qbngdZ,Industrial Chemicals,1784,50.0,1524,SHIP_V_1085,34.68
SHIP_V_1340,sdv-id-TxKPhe,Raw Jute,86,5.0,1230,SHIP_V_1340,16.2
SHIP_V_1730,sdv-id-RToDoq,Industrial Chemicals,2705,50.0,960,SHIP_V_1730,53.1
SHIP_V_1667,sdv-id-gpmEki,Smartphones,15,300.0,209,SHIP_V_1667,-0.95
SHIP_V_1959,sdv-id-mGWfDt,Industrial Chemicals,687,50.0,527,SHIP_V_1959,12.74
SHIP_V_1521,sdv-id-GUAIyk,Industrial Chemicals,2249,50.0,561,SHIP_V_1521,43.98
SHIP_V_1686,sdv-id-lWDxeP,Smartphones,671,300.0,328,SHIP_V_1686,1.2366666666666666
SHIP_V_1144,sdv-id-lGNWeW,Smartphones,1391,300.0,1698,SHIP_V_1144,3.6366666666666663
SHIP_V_1773,sdv-id-qikvbP,Raw Jute,239,5.0,738,SHIP_V_1773,46.8
SHIP_V_1637,sdv-id-yymEft,Smartphones,1885,300.0,819,SHIP_V_1637,5.283333333333333
SHIP_V_1016,sdv-id-daouTt,Raw Jute,1572,5.0,545,SHIP_V_1016,313.4
SHIP_V_1446,sdv-id-TmyqRD,Raw Jute,189,5.0,974,SHIP_V_1446,36.8
SHIP_V_1629,sdv-id-vhCWqy,Solar Panels,1367,120.0,1140,SHIP_V_1629,10.391666666666667
SHIP_V_1367,sdv-id-znvnYN,Ready-made Garments,1243,8.5,767,SHIP_V_1367,145.23529411764707
SHIP_V_1413,sdv-id-lWBykA,Industrial Chemicals,679,50.0,624,SHIP_V_1413,12.58
SHIP_V_1194,sdv-id-ffBmxM,Industrial Chemicals,62,50.0,1955,SHIP_V_1194,0.24
SHIP_V_1261,sdv-id-VtZbzX,Smartphones,172,300.0,984,SHIP_V_1261,-0.4266666666666667
SHIP_V_1384,sdv-id-wIsGEP,Solar Panels,381,120.0,1651,SHIP_V_1384,2.175
SHIP_V_1544,sdv-id-IhRQNY,Smartphones,342,300.0,1453,SHIP_V_1544,0.14
SHIP_V_1270,sdv-id-mAhTqG,Industrial Chemicals,1133,50.0,449,SHIP_V_1270,21.66
SHIP_V_1654,sdv-id-DbtPED,Industrial Chemicals,1109,50.0,805,SHIP_V_1654,21.18
SHIP_V_1673,sdv-id-yESVrN,Industrial Chemicals,259,50.0,335,SHIP_V_1673,4.18
SHIP_V_1862,sdv-id-ZDbPCx,Smartphones,337,300.0,739,SHIP_V_1862,0.1233333333333333
SHIP_V_1783,sdv-id-aLPQwL,Solar Panels,443,120.0,1098,SHIP_V_1783,2.691666666666667
SHIP_V_1484,sdv-id-tZACKo,Smartphones,1177,300.0,1128,SHIP_V_1484,2.9233333333333333
SHIP_V_1521,sdv-id-CveyCD,Smartphones,549,300.0,1236,SHIP_V_1521,0.83
SHIP_V_1703,sdv-id-ZhcyXp,Smartphones,310,300.0,287,SHIP_V_1703,0.0333333333333333
SHIP_V_1584,sdv-id-fxHFmr,Smartphones,823,300.0,130,SHIP_V_1584,1.7433333333333334
SHIP_V_1068,sdv-id-choPJC,Industrial Chemicals,1011,50.0,775,SHIP_V_1068,19.22
SHIP_V_1923,sdv-id-YWqIgK,Solar Panels,135,120.0,1516,SHIP_V_1923,0.125
SHIP_V_1190,sdv-id-VILMXT,Smartphones,1695,300.0,411,SHIP_V_1190,4.65
SHIP_V_1157,sdv-id-TiTgfN,Ready-made Garments,1593,8.5,1510,SHIP_V_1157,186.41176470588235
SHIP_V_1774,sdv-id-RTNnZf,Industrial Chemicals,1526,50.0,1373,SHIP_V_1774,29.52
SHIP_V_1962,sdv-id-LbvINo,Industrial Chemicals,1787,50.0,261,SHIP_V_1962,34.74
SHIP_V_1075,sdv-id-sGGhFT,Smartphones,319,300.0,1849,SHIP_V_1075,0.0633333333333333
SHIP_V_1313,sdv-id-wsJcAQ,Ready-made Garments,1485,8.5,554,SHIP_V_1313,173.7058823529412
SHIP_V_1287,sdv-id-hEpEOO,Industrial Chemicals,1164,50.0,597,SHIP_V_1287,22.28
SHIP_V_1046,sdv-id-bhRIOg,Solar Panels,175,120.0,1166,SHIP_V_1046,0.4583333333333333
SHIP_V_1519,sdv-id-nfthzw,Smartphones,157,300.0,1372,SHIP_V_1519,-0.4766666666666667
SHIP_V_1370,sdv-id-iSpKCU,Industrial Chemicals,853,50.0,354,SHIP_V_1370,16.06
SHIP_V_1657,sdv-id-NFAQCn,Industrial Chemicals,2040,50.0,772,SHIP_V_1657,39.8
SHIP_V_1291,sdv-id-SKMkOU,Ready-made Garments,14,8.5,1180,SHIP_V_1291,0.6470588235294118
SHIP_V_1175,sdv-id-mJjhRJ,Raw Jute,1691,5.0,306,SHIP_V_1175,337.2
SHIP_V_1243,sdv-id-glUmTw,Smartphones,586,300.0,1915,SHIP_V_1243,0.9533333333333334
SHIP_V_1580,sdv-id-FrmUbk,Raw Jute,913,5.0,1045,SHIP_V_1580,181.6
SHIP_V_1711,sdv-id-otuQde,Smartphones,839,300.0,1641,SHIP_V_1711,1.7966666666666666
SHIP_V_1950,sdv-id-wtPavw,Smartphones,1573,300.0,955,SHIP_V_1950,4.243333333333333
SHIP_V_1248,sdv-id-oQpjuk,Ready-made Garments,769,8.5,185,SHIP_V_1248,89.47058823529412
SHIP_V_1333,sdv-id-DPcgIM,Ready-made Garments,965,8.5,1310,SHIP_V_1333,112.52941176470588
SHIP_V_1658,sdv-id-nAakmr,Solar Panels,692,120.0,1500,SHIP_V_1658,4.766666666666667
SHIP_V_1533,sdv-id-YYoldM,Smartphones,15,300.0,1034,SHIP_V_1533,-0.95
SHIP_V_1598,sdv-id-MzcscD,Raw Jute,548,5.0,231,SHIP_V_1598,108.6
SHIP_V_1237,sdv-id-puuqsj,Smartphones,469,300.0,1246,SHIP_V_1237,0.5633333333333334
SHIP_V_1153,sdv-id-hagJPH,Industrial Chemicals,815,50.0,1999,SHIP_V_1153,15.3
SHIP_V_1693,sdv-id-tJujtf,Raw Jute,292,5.0,1555,SHIP_V_1693,57.4
SHIP_V_1968,sdv-id-yTthSS,Raw Jute,17,5.0,1583,SHIP_V_1968,2.4
SHIP_V_1569,sdv-id-yDmYNL,Smartphones,2899,300.0,1512,SHIP_V_1569,8.663333333333334
SHIP_V_1339,sdv-id-nHvrEq,Smartphones,774,300.0,657,SHIP_V_1339,1.58
SHIP_V_1404,sdv-id-tbgqtM,Smartphones,2126,300.0,524,SHIP_V_1404,6.086666666666667
SHIP_V_1380,sdv-id-ZEyqDD,Smartphones,197,300.0,1313,SHIP_V_1380,-0.3433333333333333
SHIP_V_1034,sdv-id-NvueXF,Smartphones,174,300.0,219,SHIP_V_1034,-0.42
SHIP_V_1774,sdv-id-qkIDOw,Raw Jute,356,5.0,597,SHIP_V_1774,70.2
SHIP_V_1649,sdv-id-hCLnDb,Ready-made Garments,1569,8.5,315,SHIP_V_1649,183.58823529411765
SHIP_V_1718,sdv-id-rpXjFM,Raw Jute,146,5.0,769,SHIP_V_1718,28.2
SHIP_V_1657,sdv-id-sQtscN,Smartphones,1737,300.0,1331,SHIP_V_1657,4.79
SHIP_V_1043,sdv-id-IZlcep,Smartphones,153,300.0,1874,SHIP_V_1043,-0.49
SHIP_V_1705,sdv-id-pAenCf,Industrial Chemicals,345,50.0,330,SHIP_V_1705,5.9
SHIP_V_1408,sdv-id-AueLLW,Industrial Chemicals,558,50.0,221,SHIP_V_1408,10.16
SHIP_V_1656,sdv-id-fUDhtx,Smartphones,215,300.0,1987,SHIP_V_1656,-0.2833333333333333
SHIP_V_1773,sdv-id-AXocGy,Smartphones,189,300.0,1108,SHIP_V_1773,-0.37
SHIP_V_1371,sdv-id-KlBfgA,Ready-made Garments,699,8.5,746,SHIP_V_1371,81.23529411764706
SHIP_V_1827,sdv-id-oMXgjO,Solar Panels,317,120.0,1889,SHIP_V_1827,1.6416666666666666
SHIP_V_1437,sdv-id-JLbmZQ,Raw Jute,1198,5.0,1923,SHIP_V_1437,238.6
SHIP_V_1056,sdv-id-nRaHQG,Industrial Chemicals,413,50.0,1747,SHIP_V_1056,7.26
SHIP_V_1349,sdv-id-XriMOR,Raw Jute,651,5.0,1765,SHIP_V_1349,129.2
SHIP_V_1197,sdv-id-NetjNS,Smartphones,87,300.0,1638,SHIP_V_1197,-0.71
SHIP_V_1724,sdv-id-ViqTFq,Smartphones,138,300.0,1813,SHIP_V_1724,-0.54
SHIP_V_1398,sdv-id-brzumU,Solar Panels,1538,120.0,1182,SHIP_V_1398,11.816666666666666
SHIP_V_1174,sdv-id-qUBwzz,Solar Panels,800,120.0,868,SHIP_V_1174,5.666666666666667
SHIP_V_1241,sdv-id-FsnAkO,Ready-made Garments,319,8.5,1248,SHIP_V_1241,36.52941176470589
SHIP_V_1135,sdv-id-SEPvdL,Smartphones,349,300.0,1629,SHIP_V_1135,0.1633333333333333
SHIP_V_1359,sdv-id-bCovVg,Smartphones,1470,300.0,1036,SHIP_V_1359,3.9
SHIP_V_1984,sdv-id-cfuEas,Ready-made Garments,976,8.5,1683,SHIP_V_1984,113.82352941176472
SHIP_V_1991,sdv-id-AeOuPZ,Raw Jute,292,5.0,879,SHIP_V_1991,57.4
SHIP_V_1516,sdv-id-qwYEib,Raw Jute,893,5.0,1152,SHIP_V_1516,177.6
SHIP_V_1163,sdv-id-NjfXns,Ready-made Garments,342,8.5,1755,SHIP_V_1163,39.23529411764706
SHIP_V_1815,sdv-id-qNebIm,Ready-made Garments,293,8.5,727,SHIP_V_1815,33.470588235294116
SHIP_V_1219,sdv-id-OpKVKV,Industrial Chemicals,291,50.0,925,SHIP_V_1219,4.82
SHIP_V_1371,sdv-id-SQXIlA,Smartphones,188,300.0,559,SHIP_V_1371,-0.3733333333333333
SHIP_V_1536,sdv-id-rsNcya,Raw Jute,1784,5.0,885,SHIP_V_1536,355.8
SHIP_V_1971,sdv-id-sEfNjT,Smartphones,376,300.0,1456,SHIP_V_1971,0.2533333333333333
SHIP_V_1040,sdv-id-pbBxqP,Industrial Chemicals,1102,50.0,870,SHIP_V_1040,21.04
SHIP_V_1008,sdv-id-vaIbaM,Ready-made Garments,462,8.5,1866,SHIP_V_1008,53.35294117647059
SHIP_V_1853,sdv-id-fUGkqB,Solar Panels,86,120.0,2000,SHIP_V_1853,-0.2833333333333333
SHIP_V_1903,sdv-id-FTkRxF,Raw Jute,945,5.0,1163,SHIP_V_1903,188.0
SHIP_V_1619,sdv-id-cDaqgB,Raw Jute,265,5.0,392,SHIP_V_1619,52.0
SHIP_V_1747,sdv-id-riUHRm,Raw Jute,747,5.0,913,SHIP_V_1747,148.4
SHIP_V_1955,sdv-id-AhDVfr,Smartphones,503,300.0,299,SHIP_V_1955,0.6766666666666666
SHIP_V_1901,sdv-id-gYUixj,Ready-made Garments,144,8.5,1286,SHIP_V_1901,15.941176470588236
SHIP_V_1427,sdv-id-zBdgHA,Raw Jute,404,5.0,1392,SHIP_V_1427,79.8
SHIP_V_1185,sdv-id-jxfCZJ,Smartphones,1555,300.0,1034,SHIP_V_1185,4.183333333333334
SHIP_V_1300,sdv-id-uxDwAS,Industrial Chemicals,854,50.0,237,SHIP_V_1300,16.08
SHIP_V_1767,sdv-id-rWJlxX,Smartphones,49,300.0,436,SHIP_V_1767,-0.8366666666666667
SHIP_V_1091,sdv-id-dqcKSB,Smartphones,895,300.0,543,SHIP_V_1091,1.9833333333333336
SHIP_V_1361,sdv-id-QeTCot,Raw Jute,991,5.0,1627,SHIP_V_1361,197.2
SHIP_V_1913,sdv-id-eGuXwi,Ready-made Garments,437,8.5,1936,SHIP_V_1913,50.411764705882355
SHIP_V_1519,sdv-id-LBqpmY,Smartphones,580,300.0,376,SHIP_V_1519,0.9333333333333332
SHIP_V_1560,sdv-id-IwnCiC,Industrial Chemicals,1364,50.0,1681,SHIP_V_1560,26.28
SHIP_V_1660,sdv-id-eGjOFH,Raw Jute,130,5.0,262,SHIP_V_1660,25.0
SHIP_V_1020,sdv-id-nktksf,Smartphones,1498,300.0,993,SHIP_V_1020,3.993333333333333
SHIP_V_1991,sdv-id-BzoyhW,Industrial Chemicals,190,50.0,1557,SHIP_V_1991,2.8
SHIP_V_1843,sdv-id-vrIWgn,Smartphones,61,300.0,1613,SHIP_V_1843,-0.7966666666666666
SHIP_V_1733,sdv-id-IqvpYg,Ready-made Garments,697,8.5,1449,SHIP_V_1733,81.0
SHIP_V_1022,sdv-id-PmzsUK,Industrial Chemicals,1814,50.0,668,SHIP_V_1022,35.28
SHIP_V_1311,sdv-id-EFVTiE,Ready-made Garments,516,8.5,1488,SHIP_V_1311,59.705882352941174
SHIP_V_1161,sdv-id-zofoID,Solar Panels,480,120.0,1047,SHIP_V_1161,3.0
SHIP_V_1665,sdv-id-rYxndi,Ready-made Garments,480,8.5,1719,SHIP_V_1665,55.47058823529411
SHIP_V_1702,sdv-id-WQqPDH,Ready-made Garments,288,8.5,374,SHIP_V_1702,32.88235294117647
SHIP_V_1499,sdv-id-CIUaip,Smartphones,405,300.0,168,SHIP_V_1499,0.35
SHIP_V_1259,sdv-id-jfsyOP,Industrial Chemicals,1507,50.0,1512,SHIP_V_1259,29.14
SHIP_V_1918,sdv-id-aSnOYg,Raw Jute,1188,5.0,1878,SHIP_V_1918,236.6
SHIP_V_1861,sdv-id-GmJqIp,Solar Panels,674,120.0,321,SHIP_V_1861,4.616666666666666
SHIP_V_1620,sdv-id-tSSxRL,Smartphones,1603,300.0,581,SHIP_V_1620,4.343333333333334
SHIP_V_1209,sdv-id-hCLXVe,Smartphones,310,300.0,295,SHIP_V_1209,0.0333333333333333
SHIP_V_1598,sdv-id-wHzHfE,Smartphones,1450,300.0,1601,SHIP_V_1598,3.8333333333333335
SHIP_V_1417,sdv-id-IPdyqF,Smartphones,1567,300.0,509,SHIP_V_1417,4.223333333333334
SHIP_V_1440,sdv-id-iBnZcu,Ready-made Garments,849,8.5,1936,SHIP_V_1440,98.88235294117646
SHIP_V_1131,sdv-id-kTMwZT,Smartphones,476,300.0,666,SHIP_V_1131,0.5866666666666667
SHIP_V_1143,sdv-id-NtVYza,Solar Panels,1636,120.0,1294,SHIP_V_1143,12.633333333333333
SHIP_V_1168,sdv-id-bOuzif,Industrial Chemicals,389,50.0,1677,SHIP_V_1168,6.78
SHIP_V_1325,sdv-id-vrRSBe,Solar Panels,233,120.0,1754,SHIP_V_1325,0.9416666666666668
SHIP_V_1764,sdv-id-Cmpygn,Raw Jute,1033,5.0,384,SHIP_V_1764,205.6
SHIP_V_1507,sdv-id-HrVeOJ,Industrial Chemicals,967,50.0,414,SHIP_V_1507,18.34
SHIP_V_1274,sdv-id-oAHipV,Ready-made Garments,691,8.5,1339,SHIP_V_1274,80.29411764705883
SHIP_V_1245,sdv-id-QaSHeq,Solar Panels,988,120.0,1451,SHIP_V_1245,7.233333333333333
SHIP_V_1215,sdv-id-rUNYsf,Raw Jute,679,5.0,161,SHIP_V_1215,134.8
SHIP_V_1998,sdv-id-mOHzDC,Industrial Chemicals,50,50.0,1936,SHIP_V_1998,0.0
SHIP_V_1556,sdv-id-EgMjGJ,Industrial Chemicals,312,50.0,1537,SHIP_V_1556,5.24
SHIP_V_1328,sdv-id-iZQLJn,Raw Jute,1316,5.0,928,SHIP_V_1328,262.2
SHIP_V_1063,sdv-id-ypMZvQ,Industrial Chemicals,46,50.0,543,SHIP_V_1063,-0.08
SHIP_V_1288,sdv-id-JSyvJB,Solar Panels,72,120.0,1649,SHIP_V_1288,-0.4
SHIP_V_1443,sdv-id-JCnPzx,Smartphones,400,300.0,724,SHIP_V_1443,0.3333333333333333
SHIP_V_1299,sdv-id-rsoSvM,Raw Jute,234,5.0,964,SHIP_V_1299,45.8
SHIP_V_1773,sdv-id-MmesDY,Solar Panels,59,120.0,849,SHIP_V_1773,-0.5083333333333333
SHIP_V_1978,sdv-id-Rivmlt,Solar Panels,503,120.0,400,SHIP_V_1978,3.191666666666667
SHIP_V_1237,sdv-id-CtHdCz,Solar Panels,341,120.0,1394,SHIP_V_1237,1.8416666666666663
SHIP_V_1841,sdv-id-xXtXQz,Smartphones,1174,300.0,685,SHIP_V_1841,2.9133333333333336
SHIP_V_1839,sdv-id-KmXReg,Raw Jute,1460,5.0,726,SHIP_V_1839,291.0
SHIP_V_1374,sdv-id-Mmkcim,Smartphones,728,300.0,1550,SHIP_V_1374,1.4266666666666667
SHIP_V_1659,sdv-id-gcONKI,Raw Jute,588,5.0,462,SHIP_V_1659,116.6
SHIP_V_1504,sdv-id-IhDJoz,Solar Panels,1502,120.0,506,SHIP_V_1504,11.516666666666667
SHIP_V_1428,sdv-id-XxSDNU,Raw Jute,1260,5.0,657,SHIP_V_1428,251.0
SHIP_V_1637,sdv-id-sLxiMJ,Ready-made Garments,2590,8.5,494,SHIP_V_1637,303.70588235294116
SHIP_V_1495,sdv-id-cbfGfA,Industrial Chemicals,1589,50.0,538,SHIP_V_1495,30.78
SHIP_V_1498,sdv-id-sRUzPw,Ready-made Garments,728,8.5,1413,SHIP_V_1498,84.6470588235294
SHIP_V_1776,sdv-id-RPUceQ,Ready-made Garments,183,8.5,1463,SHIP_V_1776,20.529411764705884
SHIP_V_1422,sdv-id-BUxsUR,Industrial Chemicals,819,50.0,259,SHIP_V_1422,15.38
SHIP_V_1552,sdv-id-iDLbYN,Ready-made Garments,959,8.5,176,SHIP_V_1552,111.82352941176472
SHIP_V_1259,sdv-id-xawGCl,Smartphones,1662,300.0,1860,SHIP_V_1259,4.54
SHIP_V_1635,sdv-id-arsARB,Industrial Chemicals,1984,50.0,1838,SHIP_V_1635,38.68
SHIP_V_1561,sdv-id-PBPMTa,Ready-made Garments,893,8.5,1372,SHIP_V_1561,104.05882352941175
SHIP_V_1332,sdv-id-qlapQm,Smartphones,747,300.0,450,SHIP_V_1332,1.49
SHIP_V_1769,sdv-id-nZGdCW,Solar Panels,46,120.0,572,SHIP_V_1769,-0.6166666666666667
SHIP_V_1899,sdv-id-wpChpf,Smartphones,1042,300.0,366,SHIP_V_1899,2.473333333333333
SHIP_V_1434,sdv-id-WfPBLt,Smartphones,624,300.0,1446,SHIP_V_1434,1.08
SHIP_V_1939,sdv-id-fMDlnu,Ready-made Garments,1857,8.5,1919,SHIP_V_1939,217.47058823529412
SHIP_V_1726,sdv-id-tgvlgQ,Smartphones,2375,300.0,304,SHIP_V_1726,6.916666666666667
SHIP_V_1369,sdv-id-SrcqCe,Smartphones,603,300.0,1680,SHIP_V_1369,1.01
SHIP_V_1071,sdv-id-OzHJwT,Ready-made Garments,684,8.5,1881,SHIP_V_1071,79.47058823529412
SHIP_V_1474,sdv-id-PtJIjX,Raw Jute,1596,5.0,286,SHIP_V_1474,318.2
SHIP_V_1558,sdv-id-DEtEiW,Smartphones,2041,300.0,477,SHIP_V_1558,5.803333333333334
SHIP_V_1780,sdv-id-zVgONz,Industrial Chemicals,889,50.0,720,SHIP_V_1780,16.78
SHIP_V_1311,sdv-id-ekKjyV,Solar Panels,381,120.0,824,SHIP_V_1311,2.175
SHIP_V_1156,sdv-id-REHpyx,Industrial Chemicals,1527,50.0,1476,SHIP_V_1156,29.54
SHIP_V_1019,sdv-id-uqZeVe,Solar Panels,1325,120.0,789,SHIP_V_1019,10.041666666666666
SHIP_V_1365,sdv-id-yPBMrw,Raw Jute,660,5.0,721,SHIP_V_1365,131.0
SHIP_V_1377,sdv-id-crIWHw,Smartphones,185,300.0,1881,SHIP_V_1377,-0.3833333333333333
SHIP_V_1133,sdv-id-JpRGnD,Ready-made Garments,974,8.5,1345,SHIP_V_1133,113.58823529411764
SHIP_V_1118,sdv-id-YldkAx,Smartphones,669,300.0,1465,SHIP_V_1118,1.23
SHIP_V_1543,sdv-id-qapSMV,Industrial Chemicals,299,50.0,429,SHIP_V_1543,4.98
SHIP_V_1661,sdv-id-LEVhAC,Smartphones,854,300.0,1135,SHIP_V_1661,1.846666666666667
SHIP_V_1624,sdv-id-hBWsdP,Ready-made Garments,91,8.5,1917,SHIP_V_1624,9.705882352941176
SHIP_V_1476,sdv-id-EODcfm,Raw Jute,523,5.0,513,SHIP_V_1476,103.6
SHIP_V_1536,sdv-id-mjCSds,Smartphones,17,300.0,1440,SHIP_V_1536,-0.9433333333333334
SHIP_V_1033,sdv-id-AgnHQo,Solar Panels,912,120.0,415,SHIP_V_1033,6.6
SHIP_V_1306,sdv-id-gFQYDc,Smartphones,916,300.0,1385,SHIP_V_1306,2.0533333333333332
SHIP_V_1133,sdv-id-vpuKmT,Raw Jute,1736,5.0,1829,SHIP_V_1133,346.2
SHIP_V_1497,sdv-id-MSROjV,Smartphones,782,300.0,1715,SHIP_V_1497,1.606666666666667
SHIP_V_1735,sdv-id-xDXczN,Ready-made Garments,37,8.5,1302,SHIP_V_1735,3.3529411764705883
SHIP_V_1194,sdv-id-vmUPhQ,Smartphones,897,300.0,860,SHIP_V_1194,1.99
SHIP_V_1567,sdv-id-oWuihK,Industrial Chemicals,912,50.0,634,SHIP_V_1567,17.24
SHIP_V_1169,sdv-id-LBVPbg,Industrial Chemicals,1091,50.0,1037,SHIP_V_1169,20.82
SHIP_V_1577,sdv-id-yQLSsF,Raw Jute,1146,5.0,823,SHIP_V_1577,228.2
SHIP_V_1422,sdv-id-WMCZvH,Smartphones,264,300.0,1175,SHIP_V_1422,-0.12
SHIP_V_1335,sdv-id-qtOEKH,Smartphones,543,300.0,1233,SHIP_V_1335,0.81
SHIP_V_1424,sdv-id-Fmuyob,Raw Jute,1140,5.0,541,SHIP_V_1424,227.0
SHIP_V_1002,sdv-id-ZJfXTZ,Raw Jute,782,5.0,532,SHIP_V_1002,155.4
SHIP_V_1384,sdv-id-JsPfRE,Smartphones,513,300.0,458,SHIP_V_1384,0.71
SHIP_V_1093,sdv-id-xdqyLH,Industrial Chemicals,1492,50.0,606,SHIP_V_1093,28.84
SHIP_V_1040,sdv-id-UPCbmA,Raw Jute,381,5.0,960,SHIP_V_1040,75.2
SHIP_V_1647,sdv-id-ZLoRmr,Smartphones,387,300.0,1256,SHIP_V_1647,0.29
SHIP_V_1324,sdv-id-rFkKXT,Solar Panels,121,120.0,1962,SHIP_V_1324,0.0083333333333333
SHIP_V_1849,sdv-id-bhANcC,Ready-made Garments,924,8.5,1752,SHIP_V_1849,107.70588235294116
SHIP_V_1128,sdv-id-mKNSOI,Raw Jute,838,5.0,1099,SHIP_V_1128,166.6
SHIP_V_1427,sdv-id-jVjwZf,Raw Jute,493,5.0,1260,SHIP_V_1427,97.6
SHIP_V_1555,sdv-id-jEVKDC,Smartphones,707,300.0,1336,SHIP_V_1555,1.356666666666667
SHIP_V_1654,sdv-id-gUdbrE,Industrial Chemicals,1828,50.0,1765,SHIP_V_1654,35.56
SHIP_V_1767,sdv-id-drDWio,Ready-made Garments,1432,8.5,1111,SHIP_V_1767,167.47058823529412
SHIP_V_1207,sdv-id-BbuGBl,Ready-made Garments,228,8.5,888,SHIP_V_1207,25.823529411764707
SHIP_V_1561,sdv-id-eHKzqH,Industrial Chemicals,809,50.0,1709,SHIP_V_1561,15.18
SHIP_V_1155,sdv-id-BbpPls,Raw Jute,472,5.0,136,SHIP_V_1155,93.4
SHIP_V_1369,sdv-id-kMfExb,Ready-made Garments,1056,8.5,1431,SHIP_V_1369,123.23529411764706
SHIP_V_1101,sdv-id-ijaCkJ,Raw Jute,283,5.0,1529,SHIP_V_1101,55.6
SHIP_V_1557,sdv-id-JNQJly,Raw Jute,331,5.0,1582,SHIP_V_1557,65.2
SHIP_V_1038,sdv-id-xxKsck,Raw Jute,2318,5.0,608,SHIP_V_1038,462.6
SHIP_V_1737,sdv-id-BqfEol,Solar Panels,203,120.0,1219,SHIP_V_1737,0.6916666666666667
SHIP_V_1666,sdv-id-RkNtFR,Solar Panels,393,120.0,863,SHIP_V_1666,2.275
SHIP_V_1793,sdv-id-mXaTKi,Raw Jute,209,5.0,798,SHIP_V_1793,40.8
SHIP_V_1536,sdv-id-qOHeYM,Smartphones,948,300.0,1788,SHIP_V_1536,2.16
SHIP_V_1036,sdv-id-rPOeHY,Smartphones,1775,300.0,115,SHIP_V_1036,4.916666666666667
SHIP_V_1343,sdv-id-kcpjoD,Smartphones,912,300.0,353,SHIP_V_1343,2.04
SHIP_V_1591,sdv-id-NauVcW,Raw Jute,1586,5.0,982,SHIP_V_1591,316.2
SHIP_V_1490,sdv-id-ScqnrS,Ready-made Garments,284,8.5,1776,SHIP_V_1490,32.411764705882355
SHIP_V_1590,sdv-id-qfYrXD,Raw Jute,677,5.0,418,SHIP_V_1590,134.4
SHIP_V_1150,sdv-id-bogCRo,Smartphones,1464,300.0,1945,SHIP_V_1150,3.88
SHIP_V_1709,sdv-id-aLjToP,Ready-made Garments,78,8.5,1506,SHIP_V_1709,8.176470588235293
SHIP_V_1903,sdv-id-frpKZt,Raw Jute,490,5.0,1032,SHIP_V_1903,97.0
SHIP_V_1954,sdv-id-vidnyN,Ready-made Garments,80,8.5,1498,SHIP_V_1954,8.411764705882353
SHIP_V_1055,sdv-id-GRFRSN,Solar Panels,1233,120.0,474,SHIP_V_1055,9.275
SHIP_V_1120,sdv-id-oKCYWN,Smartphones,1137,300.0,517,SHIP_V_1120,2.79
SHIP_V_1640,sdv-id-lbUXKi,Ready-made Garments,855,8.5,1257,SHIP_V_1640,99.58823529411764
SHIP_V_1596,sdv-id-XgOGPL,Smartphones,1122,300.0,184,SHIP_V_1596,2.74
SHIP_V_1807,sdv-id-MJWRkr,Solar Panels,586,120.0,1730,SHIP_V_1807,3.8833333333333337
SHIP_V_1667,sdv-id-iSFsMI,Raw Jute,150,5.0,1196,SHIP_V_1667,29.0
SHIP_V_1667,sdv-id-iZuoLa,Solar Panels,1054,120.0,1246,SHIP_V_1667,7.783333333333333
SHIP_V_1050,sdv-id-ioGOGz,Industrial Chemicals,645,50.0,600,SHIP_V_1050,11.9
SHIP_V_1736,sdv-id-zJiRXC,Industrial Chemicals,678,50.0,1160,SHIP_V_1736,12.56
SHIP_V_1690,sdv-id-qAQRKP,Ready-made Garments,1051,8.5,1682,SHIP_V_1690,122.6470588235294
SHIP_V_1057,sdv-id-APPerV,Smartphones,1757,300.0,1259,SHIP_V_1057,4.8566666666666665
SHIP_V_1300,sdv-id-TfEOWj,Smartphones,1280,300.0,1266,SHIP_V_1300,3.2666666666666666
SHIP_V_1375,sdv-id-eFGUNU,Smartphones,2665,300.0,729,SHIP_V_1375,7.883333333333334
SHIP_V_1192,sdv-id-jzWzhn,Raw Jute,33,5.0,1574,SHIP_V_1192,5.6
SHIP_V_1978,sdv-id-kMgLNf,Smartphones,1199,300.0,542,SHIP_V_1978,2.9966666666666666
SHIP_V_1210,sdv-id-uhSNFU,Ready-made Garments,320,8.5,1256,SHIP_V_1210,36.64705882352941
SHIP_V_1222,sdv-id-Lotfwt,Solar Panels,1162,120.0,1960,SHIP_V_1222,8.683333333333334
SHIP_V_1488,sdv-id-gFcEko,Smartphones,655,300.0,1083,SHIP_V_1488,1.1833333333333331
SHIP_V_1008,sdv-id-JzAumY,Solar Panels,1518,120.0,360,SHIP_V_1008,11.65
SHIP_V_1048,sdv-id-rmuqKX,Ready-made Garments,2235,8.5,549,SHIP_V_1048,261.94117647058823
SHIP_V_1552,sdv-id-zMgGhi,Solar Panels,47,120.0,1425,SHIP_V_1552,-0.6083333333333333
SHIP_V_1922,sdv-id-YvkLan,Raw Jute,580,5.0,1359,SHIP_V_1922,115.0
SHIP_V_1348,sdv-id-tIoYeU,Solar Panels,708,120.0,1091,SHIP_V_1348,4.9
SHIP_V_1109,sdv-id-jTgntK,Smartphones,289,300.0,1796,SHIP_V_1109,-0.0366666666666666
SHIP_V_1141,sdv-id-TBLOmT,Industrial Chemicals,382,50.0,358,SHIP_V_1141,6.64
SHIP_V_1853,sdv-id-QGaIUZ,Industrial Chemicals,1081,50.0,388,SHIP_V_1853,20.62
SHIP_V_1736,sdv-id-QpBxrr,Solar Panels,465,120.0,1326,SHIP_V_1736,2.875
SHIP_V_1142,sdv-id-cAaSVK,Smartphones,59,300.0,363,SHIP_V_1142,-0.8033333333333333
SHIP_V_1587,sdv-id-eyZiwd,Smartphones,788,300.0,885,SHIP_V_1587,1.6266666666666667
SHIP_V_1112,sdv-id-zanVcl,Industrial Chemicals,1535,50.0,1558,SHIP_V_1112,29.7
SHIP_V_1557,sdv-id-zuByoe,Raw Jute,486,5.0,910,SHIP_V_1557,96.2
SHIP_V_1773,sdv-id-eqkdcx,Industrial Chemicals,1783,50.0,1442,SHIP_V_1773,34.66
SHIP_V_1088,sdv-id-vokGQs,Solar Panels,159,120.0,1946,SHIP_V_1088,0.325
SHIP_V_1460,sdv-id-GUMAuW,Smartphones,388,300.0,1822,SHIP_V_1460,0.2933333333333333
SHIP_V_1254,sdv-id-fUOkqq,Raw Jute,603,5.0,560,SHIP_V_1254,119.6
SHIP_V_1617,sdv-id-RTUKuN,Raw Jute,110,5.0,552,SHIP_V_1617,21.0
SHIP_V_1475,sdv-id-IAgIeU,Smartphones,2022,300.0,318,SHIP_V_1475,5.74
SHIP_V_1084,sdv-id-fCJUEZ,Raw Jute,143,5.0,1595,SHIP_V_1084,27.6
SHIP_V_1250,sdv-id-KPuAqu,Raw Jute,467,5.0,1256,SHIP_V_1250,92.4
SHIP_V_1152,sdv-id-FJvwJi,Ready-made Garments,788,8.5,448,SHIP_V_1152,91.70588235294116
SHIP_V_1690,sdv-id-YCnGmj,Smartphones,1233,300.0,471,SHIP_V_1690,3.11
SHIP_V_1163,sdv-id-dYSGQp,Smartphones,593,300.0,771,SHIP_V_1163,0.9766666666666668
SHIP_V_1130,sdv-id-OmhQPi,Raw Jute,1617,5.0,714,SHIP_V_1130,322.4
SHIP_V_1178,sdv-id-RWAFSB,Ready-made Garments,434,8.5,1718,SHIP_V_1178,50.05882352941177
SHIP_V_1549,sdv-id-KxgWBo,Ready-made Garments,378,8.5,525,SHIP_V_1549,43.47058823529411
SHIP_V_1269,sdv-id-LnPUyh,Raw Jute,646,5.0,1038,SHIP_V_1269,128.2
SHIP_V_1462,sdv-id-CXtYmE,Ready-made Garments,181,8.5,1746,SHIP_V_1462,20.294117647058822
SHIP_V_1844,sdv-id-WOJpYI,Raw Jute,462,5.0,1055,SHIP_V_1844,91.4
SHIP_V_1601,sdv-id-RAEHlF,Industrial Chemicals,200,50.0,196,SHIP_V_1601,3.0
SHIP_V_1914,sdv-id-ujSHwI,Ready-made Garments,1393,8.5,689,SHIP_V_1914,162.88235294117646
SHIP_V_1837,sdv-id-FfZGLi,Solar Panels,1127,120.0,988,SHIP_V_1837,8.391666666666667
SHIP_V_1020,sdv-id-UnvECA,Industrial Chemicals,602,50.0,1815,SHIP_V_1020,11.04
SHIP_V_1260,sdv-id-IQOXdx,Smartphones,1365,300.0,823,SHIP_V_1260,3.55
SHIP_V_1614,sdv-id-umlhhA,Raw Jute,738,5.0,1206,SHIP_V_1614,146.6
SHIP_V_1705,sdv-id-mACHeV,Industrial Chemicals,804,50.0,384,SHIP_V_1705,15.08
SHIP_V_1021,sdv-id-sRTJgn,Solar Panels,818,120.0,212,SHIP_V_1021,5.816666666666666
SHIP_V_1337,sdv-id-Txnzxl,Solar Panels,79,120.0,132,SHIP_V_1337,-0.3416666666666667
SHIP_V_1358,sdv-id-wsqkll,Industrial Chemicals,939,50.0,681,SHIP_V_1358,17.78
SHIP_V_1889,sdv-id-YdLvyC,Smartphones,256,300.0,294,SHIP_V_1889,-0.1466666666666666
SHIP_V_1439,sdv-id-KDMTYo,Ready-made Garments,9,8.5,349,SHIP_V_1439,0.0588235294117647
SHIP_V_1370,sdv-id-amKrbK,Solar Panels,660,120.0,478,SHIP_V_1370,4.5
SHIP_V_1750,sdv-id-dedMvr,Solar Panels,336,120.0,1822,SHIP_V_1750,1.8
SHIP_V_1164,sdv-id-mTcmRo,Smartphones,305,300.0,119,SHIP_V_1164,0.0166666666666666
SHIP_V_1121,sdv-id-hkmpLC,Ready-made Garments,719,8.5,1832,SHIP_V_1121,83.58823529411765
SHIP_V_1741,sdv-id-qoTpqW,Raw Jute,321,5.0,1023,SHIP_V_1741,63.2
SHIP_V_1154,sdv-id-popnMz,Industrial Chemicals,1960,50.0,953,SHIP_V_1154,38.2
SHIP_V_1078,sdv-id-SdcWio,Smartphones,1269,300.0,1973,SHIP_V_1078,3.23
SHIP_V_1520,sdv-id-SZUBgY,Smartphones,1483,300.0,1970,SHIP_V_1520,3.943333333333334
SHIP_V_1914,sdv-id-rNprfY,Raw Jute,203,5.0,183,SHIP_V_1914,39.6
SHIP_V_1596,sdv-id-OrMJPn,Solar Panels,153,120.0,1563,SHIP_V_1596,0.275
SHIP_V_1525,sdv-id-VEdjIQ,Raw Jute,356,5.0,884,SHIP_V_1525,70.2
SHIP_V_1194,sdv-id-iOBJCC,Industrial Chemicals,1891,50.0,1728,SHIP_V_1194,36.82
SHIP_V_1140,sdv-id-fHAvkQ,Raw Jute,57,5.0,1832,SHIP_V_1140,10.4
SHIP_V_1310,sdv-id-flIdtq,Smartphones,287,300.0,1151,SHIP_V_1310,-0.0433333333333333
SHIP_V_1806,sdv-id-BpCrzK,Smartphones,1120,300.0,1943,SHIP_V_1806,2.7333333333333334
SHIP_V_1077,sdv-id-xrUCcf,Smartphones,697,300.0,722,SHIP_V_1077,1.3233333333333333
SHIP_V_1598,sdv-id-zKsyha,Raw Jute,893,5.0,1781,SHIP_V_1598,177.6
SHIP_V_1259,sdv-id-KlGXDC,Ready-made Garments,902,8.5,1785,SHIP_V_1259,105.11764705882354
SHIP_V_1899,sdv-id-yOqLPj,Smartphones,365,300.0,1049,SHIP_V_1899,0.2166666666666666
SHIP_V_1833,sdv-id-itfyxu,Ready-made Garments,681,8.5,1446,SHIP_V_1833,79.11764705882354
SHIP_V_1796,sdv-id-bXxXGK,Smartphones,2449,300.0,318,SHIP_V_1796,7.163333333333333
SHIP_V_1812,sdv-id-KrYZJR,Solar Panels,1518,120.0,113,SHIP_V_1812,11.65
SHIP_V_1669,sdv-id-PEVJia,Smartphones,2732,300.0,291,SHIP_V_1669,8.106666666666667
SHIP_V_1830,sdv-id-gkVSAg,Industrial Chemicals,2806,50.0,409,SHIP_V_1830,55.12
SHIP_V_1599,sdv-id-WJnmmL,Raw Jute,108,5.0,610,SHIP_V_1599,20.6
SHIP_V_1464,sdv-id-GZhefV,Raw Jute,267,5.0,1361,SHIP_V_1464,52.4
SHIP_V_1839,sdv-id-KEBJZV,Raw Jute,2391,5.0,1526,SHIP_V_1839,477.2
SHIP_V_1653,sdv-id-lmxSQe,Ready-made Garments,2332,8.5,906,SHIP_V_1653,273.3529411764706
SHIP_V_1519,sdv-id-UAdivc,Industrial Chemicals,71,50.0,442,SHIP_V_1519,0.42
SHIP_V_1147,sdv-id-nYMArw,Industrial Chemicals,902,50.0,800,SHIP_V_1147,17.04
SHIP_V_1580,sdv-id-tsfDqo,Smartphones,844,300.0,1718,SHIP_V_1580,1.8133333333333332
SHIP_V_1051,sdv-id-bhITNU,Smartphones,1238,300.0,1611,SHIP_V_1051,3.1266666666666665
SHIP_V_1184,sdv-id-nKzTEi,Smartphones,1566,300.0,315,SHIP_V_1184,4.22
SHIP_V_1108,sdv-id-iuEyVq,Industrial Chemicals,520,50.0,146,SHIP_V_1108,9.4
SHIP_V_1212,sdv-id-LNbTFP,Smartphones,156,300.0,1332,SHIP_V_1212,-0.48
SHIP_V_1228,sdv-id-FQMlhG,Solar Panels,215,120.0,1350,SHIP_V_1228,0.7916666666666666
SHIP_V_1753,sdv-id-fjveYC,Industrial Chemicals,1433,50.0,1660,SHIP_V_1753,27.66
SHIP_V_1656,sdv-id-zNwsJA,Solar Panels,1374,120.0,408,SHIP_V_1656,10.45
SHIP_V_1441,sdv-id-jtffrm,Raw Jute,288,5.0,1538,SHIP_V_1441,56.6
SHIP_V_1030,sdv-id-KSFjRG,Solar Panels,551,120.0,1654,SHIP_V_1030,3.591666666666667
SHIP_V_1786,sdv-id-CJMhJy,Smartphones,311,300.0,229,SHIP_V_1786,0.0366666666666666
SHIP_V_1334,sdv-id-ORcuvh,Smartphones,24,300.0,1981,SHIP_V_1334,-0.92
SHIP_V_1341,sdv-id-qVksag,Ready-made Garments,982,8.5,1848,SHIP_V_1341,114.52941176470588
SHIP_V_1240,sdv-id-ZIsHEv,Raw Jute,809,5.0,1242,SHIP_V_1240,160.8
SHIP_V_1822,sdv-id-jySOkO,Raw Jute,788,5.0,1526,SHIP_V_1822,156.6
SHIP_V_1211,sdv-id-stpxli,Solar Panels,15,120.0,457,SHIP_V_1211,-0.875
SHIP_V_1237,sdv-id-xfbxAt,Raw Jute,1493,5.0,1269,SHIP_V_1237,297.6
SHIP_V_1589,sdv-id-JGJTJy,Solar Panels,236,120.0,1153,SHIP_V_1589,0.9666666666666668
SHIP_V_1008,sdv-id-pIONdX,Raw Jute,544,5.0,1533,SHIP_V_1008,107.8
SHIP_V_1080,sdv-id-GnoyGI,Raw Jute,1054,5.0,1785,SHIP_V_1080,209.8
SHIP_V_1164,sdv-id-jherAL,Raw Jute,18,5.0,1522,SHIP_V_1164,2.6
SHIP_V_1678,sdv-id-JieWoX,Industrial Chemicals,1204,50.0,1077,SHIP_V_1678,23.08
SHIP_V_1452,sdv-id-kmWYbv,Solar Panels,696,120.0,1453,SHIP_V_1452,4.8
SHIP_V_1758,sdv-id-MZcDHa,Solar Panels,277,120.0,1981,SHIP_V_1758,1.3083333333333331
SHIP_V_1828,sdv-id-gPWJxs,Smartphones,284,300.0,746,SHIP_V_1828,-0.0533333333333333
SHIP_V_1049,sdv-id-wPhfog,Smartphones,1007,300.0,179,SHIP_V_1049,2.3566666666666665
SHIP_V_1800,sdv-id-pHQZmZ,Smartphones,32,300.0,1635,SHIP_V_1800,-0.8933333333333333
SHIP_V_1559,sdv-id-UJMKOG,Solar Panels,1818,120.0,175,SHIP_V_1559,14.15
SHIP_V_1432,sdv-id-NOObTF,Raw Jute,779,5.0,1790,SHIP_V_1432,154.8
SHIP_V_1128,sdv-id-yrECAK,Smartphones,206,300.0,1954,SHIP_V_1128,-0.3133333333333333
SHIP_V_1921,sdv-id-bWMbXM,Raw Jute,371,5.0,252,SHIP_V_1921,73.2
SHIP_V_1034,sdv-id-IBYLHB,Smartphones,1275,300.0,578,SHIP_V_1034,3.25
SHIP_V_1025,sdv-id-daDnRa,Industrial Chemicals,613,50.0,1039,SHIP_V_1025,11.26
SHIP_V_1250,sdv-id-aDbuJu,Solar Panels,296,120.0,1737,SHIP_V_1250,1.4666666666666666
SHIP_V_1878,sdv-id-cieSFU,Ready-made Garments,192,8.5,1209,SHIP_V_1878,21.58823529411765
SHIP_V_1374,sdv-id-gzXsDe,Industrial Chemicals,794,50.0,551,SHIP_V_1374,14.88
SHIP_V_1368,sdv-id-sYFSuv,Smartphones,188,300.0,158,SHIP_V_1368,-0.3733333333333333
SHIP_V_1252,sdv-id-LSFBNy,Ready-made Garments,809,8.5,848,SHIP_V_1252,94.17647058823528
SHIP_V_1055,sdv-id-AojyRA,Ready-made Garments,494,8.5,863,SHIP_V_1055,57.11764705882353
SHIP_V_1244,sdv-id-HtmsXd,Ready-made Garments,68,8.5,1524,SHIP_V_1244,7.0
SHIP_V_1930,sdv-id-ZJZkJC,Solar Panels,753,120.0,1426,SHIP_V_1930,5.275
SHIP_V_1701,sdv-id-RsqoXF,Ready-made Garments,269,8.5,1285,SHIP_V_1701,30.647058823529413
SHIP_V_1070,sdv-id-DAJCdm,Smartphones,734,300.0,1038,SHIP_V_1070,1.4466666666666668
SHIP_V_1550,sdv-id-KHiJxC,Smartphones,2128,300.0,147,SHIP_V_1550,6.093333333333334
SHIP_V_1020,sdv-id-kRIadH,Smartphones,740,300.0,1433,SHIP_V_1020,1.4666666666666666
SHIP_V_1849,sdv-id-GnUtej,Industrial Chemicals,891,50.0,1084,SHIP_V_1849,16.82
SHIP_V_1007,sdv-id-qLNuiz,Raw Jute,1539,5.0,1614,SHIP_V_1007,306.8
SHIP_V_1056,sdv-id-kvTJjk,Raw Jute,1298,5.0,492,SHIP_V_1056,258.6
SHIP_V_1263,sdv-id-UgESQi,Ready-made Garments,509,8.5,993,SHIP_V_1263,58.88235294117647
SHIP_V_1448,sdv-id-quAcEb,Industrial Chemicals,1789,50.0,204,SHIP_V_1448,34.78
SHIP_V_1498,sdv-id-rdUcdi,Raw Jute,166,5.0,1246,SHIP_V_1498,32.2
SHIP_V_1054,sdv-id-AVOILw,Ready-made Garments,949,8.5,1411,SHIP_V_1054,110.6470588235294
SHIP_V_1622,sdv-id-sVTAso,Smartphones,348,300.0,1007,SHIP_V_1622,0.16
SHIP_V_1601,sdv-id-DFnwZX,Solar Panels,735,120.0,470,SHIP_V_1601,5.125
SHIP_V_1917,sdv-id-NpDxFJ,Smartphones,194,300.0,1523,SHIP_V_1917,-0.3533333333333333
SHIP_V_1195,sdv-id-Gwdgbh,Industrial Chemicals,1170,50.0,442,SHIP_V_1195,22.4
SHIP_V_1357,sdv-id-OvovKx,Industrial Chemicals,1831,50.0,1795,SHIP_V_1357,35.62
SHIP_V_1896,sdv-id-dTDyJN,Ready-made Garments,1154,8.5,1961,SHIP_V_1896,134.76470588235293
SHIP_V_1350,sdv-id-eSKieN,Raw Jute,181,5.0,427,SHIP_V_1350,35.2
SHIP_V_1100,sdv-id-EQWpcm,Raw Jute,775,5.0,883,SHIP_V_1100,154.0
SHIP_V_1939,sdv-id-FehKMe,Raw Jute,1113,5.0,1057,SHIP_V_1939,221.6
SHIP_V_1770,sdv-id-UOjCXB,Raw Jute,1597,5.0,1099,SHIP_V_1770,318.4
SHIP_V_1902,sdv-id-OzVyRX,Ready-made Garments,1349,8.5,606,SHIP_V_1902,157.7058823529412
SHIP_V_1116,sdv-id-ntDKVx,Raw Jute,317,5.0,902,SHIP_V_1116,62.4
SHIP_V_1398,sdv-id-peNqoz,Smartphones,108,300.0,1527,SHIP_V_1398,-0.64
SHIP_V_1102,sdv-id-BwAakU,Raw Jute,979,5.0,136,SHIP_V_1102,194.8
SHIP_V_1369,sdv-id-LpKiBK,Raw Jute,424,5.0,227,SHIP_V_1369,83.8
SHIP_V_1365,sdv-id-nDYeVR,Industrial Chemicals,847,50.0,1884,SHIP_V_1365,15.94
SHIP_V_1504,sdv-id-mtcZvW,Smartphones,1431,300.0,752,SHIP_V_1504,3.77
SHIP_V_1170,sdv-id-XLrsqR,Smartphones,1122,300.0,1104,SHIP_V_1170,2.74
SHIP_V_1769,sdv-id-CdBIEQ,Ready-made Garments,1042,8.5,744,SHIP_V_1769,121.58823529411764
SHIP_V_1409,sdv-id-ZjVaxG,Raw Jute,1321,5.0,132,SHIP_V_1409,263.2
SHIP_V_1440,sdv-id-HgmXJp,Raw Jute,1228,5.0,479,SHIP_V_1440,244.6
SHIP_V_1482,sdv-id-DQTdNa,Smartphones,457,300.0,432,SHIP_V_1482,0.5233333333333333
SHIP_V_1030,sdv-id-FHibDy,Smartphones,226,300.0,1352,SHIP_V_1030,-0.2466666666666666
SHIP_V_1657,sdv-id-pcfTUj,Raw Jute,1248,5.0,446,SHIP_V_1657,248.6
SHIP_V_1190,sdv-id-vBMecH,Ready-made Garments,307,8.5,1625,SHIP_V_1190,35.11764705882353
SHIP_V_1319,sdv-id-maeSxD,Ready-made Garments,1214,8.5,1342,SHIP_V_1319,141.8235294117647
SHIP_V_1912,sdv-id-EXSCwA,Smartphones,733,300.0,939,SHIP_V_1912,1.4433333333333334
SHIP_V_1821,sdv-id-rcNjVq,Industrial Chemicals,890,50.0,301,SHIP_V_1821,16.8
SHIP_V_1794,sdv-id-LBdwpc,Raw Jute,361,5.0,115,SHIP_V_1794,71.2
SHIP_V_1616,sdv-id-LAIYEW,Ready-made Garments,1911,8.5,890,SHIP_V_1616,223.8235294117647
SHIP_V_1394,sdv-id-kkGAjm,Ready-made Garments,573,8.5,1352,SHIP_V_1394,66.41176470588235
SHIP_V_1645,sdv-id-xGuwjI,Ready-made Garments,542,8.5,1748,SHIP_V_1645,62.76470588235294
SHIP_V_1312,sdv-id-MEQwRJ,Ready-made Garments,211,8.5,981,SHIP_V_1312,23.823529411764707
SHIP_V_1592,sdv-id-tnVVNK,Ready-made Garments,1893,8.5,665,SHIP_V_1592,221.7058823529412
SHIP_V_1930,sdv-id-jwOABb,Raw Jute,548,5.0,739,SHIP_V_1930,108.6
SHIP_V_1969,sdv-id-iswRcW,Smartphones,1858,300.0,267,SHIP_V_1969,5.193333333333333
SHIP_V_1382,sdv-id-hezPgK,Industrial Chemicals,652,50.0,1971,SHIP_V_1382,12.04
SHIP_V_1696,sdv-id-CkRgts,Smartphones,68,300.0,1727,SHIP_V_1696,-0.7733333333333333
SHIP_V_1742,sdv-id-UqNFnB,Smartphones,567,300.0,713,SHIP_V_1742,0.89
SHIP_V_1133,sdv-id-akeXIu,Industrial Chemicals,1961,50.0,874,SHIP_V_1133,38.22
SHIP_V_1789,sdv-id-eDFrYD,Smartphones,781,300.0,629,SHIP_V_1789,1.6033333333333333
SHIP_V_1060,sdv-id-oUGlLP,Ready-made Garments,289,8.5,501,SHIP_V_1060,33.0
SHIP_V_1725,sdv-id-dZXrfA,Smartphones,1757,300.0,582,SHIP_V_1725,4.8566666666666665
SHIP_V_1237,sdv-id-mzpDUr,Ready-made Garments,893,8.5,1414,SHIP_V_1237,104.05882352941175
SHIP_V_1938,sdv-id-CrWwJE,Solar Panels,483,120.0,1262,SHIP_V_1938,3.025
SHIP_V_1718,sdv-id-RtIgpT,Raw Jute,510,5.0,173,SHIP_V_1718,101.0
SHIP_V_1091,sdv-id-eujxkR,Smartphones,657,300.0,1641,SHIP_V_1091,1.19
SHIP_V_1080,sdv-id-UTkOtY,Raw Jute,1247,5.0,794,SHIP_V_1080,248.4
SHIP_V_1899,sdv-id-dktcfs,Smartphones,215,300.0,722,SHIP_V_1899,-0.2833333333333333
SHIP_V_1714,sdv-id-nMWTNZ,Smartphones,224,300.0,1063,SHIP_V_1714,-0.2533333333333333
SHIP_V_1692,sdv-id-EvxRwd,Smartphones,539,300.0,983,SHIP_V_1692,0.7966666666666666
SHIP_V_1151,sdv-id-Qfgyls,Smartphones,459,300.0,1468,SHIP_V_1151,0.53
SHIP_V_1931,sdv-id-ldLNuo,Solar Panels,956,120.0,370,SHIP_V_1931,6.966666666666667
SHIP_V_1006,sdv-id-qsWLvT,Raw Jute,207,5.0,1703,SHIP_V_1006,40.4
SHIP_V_1864,sdv-id-fOzBPk,Solar Panels,274,120.0,259,SHIP_V_1864,1.2833333333333334
SHIP_V_1745,sdv-id-xOaVgh,Smartphones,79,300.0,1691,SHIP_V_1745,-0.7366666666666667
SHIP_V_1602,sdv-id-WPmYOn,Raw Jute,1024,5.0,748,SHIP_V_1602,203.8
SHIP_V_1455,sdv-id-rOZZag,Ready-made Garments,216,8.5,1934,SHIP_V_1455,24.41176470588235
SHIP_V_1549,sdv-id-DEoEMt,Ready-made Garments,691,8.5,968,SHIP_V_1549,80.29411764705883
SHIP_V_1027,sdv-id-bJXyzE,Raw Jute,145,5.0,122,SHIP_V_1027,28.0
SHIP_V_1775,sdv-id-NwTaGf,Smartphones,530,300.0,1956,SHIP_V_1775,0.7666666666666667
SHIP_V_1595,sdv-id-EmxkYb,Industrial Chemicals,802,50.0,1423,SHIP_V_1595,15.04
SHIP_V_1936,sdv-id-XCQxoF,Solar Panels,344,120.0,852,SHIP_V_1936,1.8666666666666667
SHIP_V_1703,sdv-id-EjWViZ,Industrial Chemicals,273,50.0,1093,SHIP_V_1703,4.46
SHIP_V_1945,sdv-id-VaozAE,Smartphones,111,300.0,1582,SHIP_V_1945,-0.63
SHIP_V_1476,sdv-id-zWBqBE,Ready-made Garments,31,8.5,1047,SHIP_V_1476,2.6470588235294117
SHIP_V_1968,sdv-id-qrfmEq,Industrial Chemicals,19,50.0,978,SHIP_V_1968,-0.62
SHIP_V_1764,sdv-id-FuLNNG,Solar Panels,375,120.0,222,SHIP_V_1764,2.125
SHIP_V_1820,sdv-id-FIwlzD,Industrial Chemicals,392,50.0,570,SHIP_V_1820,6.84
SHIP_V_1522,sdv-id-caykTI,Ready-made Garments,510,8.5,1738,SHIP_V_1522,59.0
SHIP_V_1893,sdv-id-PJggcm,Solar Panels,11,120.0,486,SHIP_V_1893,-0.9083333333333332
SHIP_V_1238,sdv-id-qaZMej,Smartphones,285,300.0,1439,SHIP_V_1238,-0.05
SHIP_V_1192,sdv-id-YVqrOT,Raw Jute,490,5.0,972,SHIP_V_1192,97.0
SHIP_V_1371,sdv-id-fwZIhu,Smartphones,1226,300.0,452,SHIP_V_1371,3.0866666666666664
SHIP_V_1759,sdv-id-WreDYz,Ready-made Garments,1478,8.5,407,SHIP_V_1759,172.88235294117646
SHIP_V_1034,sdv-id-SQCdtw,Industrial Chemicals,842,50.0,1422,SHIP_V_1034,15.84
SHIP_V_1017,sdv-id-lbhcJm,Ready-made Garments,267,8.5,960,SHIP_V_1017,30.41176470588235
SHIP_V_1817,sdv-id-bKvAUw,Ready-made Garments,486,8.5,1616,SHIP_V_1817,56.1764705882353
SHIP_V_1614,sdv-id-fkLfQL,Smartphones,362,300.0,1249,SHIP_V_1614,0.2066666666666666
SHIP_V_1972,sdv-id-SaXpJx,Raw Jute,68,5.0,1915,SHIP_V_1972,12.6
SHIP_V_1225,sdv-id-KGooyl,Smartphones,51,300.0,1751,SHIP_V_1225,-0.83
SHIP_V_1054,sdv-id-aUwkxH,Solar Panels,443,120.0,1363,SHIP_V_1054,2.691666666666667
SHIP_V_1112,sdv-id-Auzvmh,Ready-made Garments,28,8.5,284,SHIP_V_1112,2.2941176470588234
SHIP_V_1544,sdv-id-DiSLuZ,Industrial Chemicals,1030,50.0,1660,SHIP_V_1544,19.6
SHIP_V_1646,sdv-id-KEONvc,Industrial Chemicals,650,50.0,1575,SHIP_V_1646,12.0
SHIP_V_1524,sdv-id-IJdMBh,Smartphones,1090,300.0,484,SHIP_V_1524,2.6333333333333333
SHIP_V_1630,sdv-id-JOVUta,Ready-made Garments,639,8.5,537,SHIP_V_1630,74.17647058823529
SHIP_V_1648,sdv-id-FUnWfL,Solar Panels,267,120.0,242,SHIP_V_1648,1.225
SHIP_V_1851,sdv-id-AgaOqi,Smartphones,173,300.0,1551,SHIP_V_1851,-0.4233333333333333
SHIP_V_1565,sdv-id-wvCDBI,Ready-made Garments,319,8.5,1212,SHIP_V_1565,36.52941176470589
SHIP_V_1311,sdv-id-RWKjXt,Industrial Chemicals,149,50.0,1522,SHIP_V_1311,1.98
SHIP_V_1395,sdv-id-sMBPJD,Solar Panels,1263,120.0,1698,SHIP_V_1395,9.525
SHIP_V_1942,sdv-id-ZjPtgw,Ready-made Garments,937,8.5,1140,SHIP_V_1942,109.23529411764706
SHIP_V_1347,sdv-id-OIsfHt,Raw Jute,421,5.0,1260,SHIP_V_1347,83.2
SHIP_V_1015,sdv-id-oBRZcj,Ready-made Garments,542,8.5,1631,SHIP_V_1015,62.76470588235294
SHIP_V_1186,sdv-id-kEDHis,Raw Jute,153,5.0,198,SHIP_V_1186,29.6
SHIP_V_1956,sdv-id-NFwBQI,Raw Jute,57,5.0,1453,SHIP_V_1956,10.4
SHIP_V_1047,sdv-id-wiGmEq,Smartphones,236,300.0,835,SHIP_V_1047,-0.2133333333333333
SHIP_V_1580,sdv-id-eYAHtz,Smartphones,134,300.0,1568,SHIP_V_1580,-0.5533333333333333
SHIP_V_1876,sdv-id-eERtiO,Ready-made Garments,580,8.5,1835,SHIP_V_1876,67.23529411764706
SHIP_V_1740,sdv-id-ytEZGf,Raw Jute,844,5.0,152,SHIP_V_1740,167.8
SHIP_V_1196,sdv-id-rvMzmb,Ready-made Garments,516,8.5,611,SHIP_V_1196,59.705882352941174
SHIP_V_1839,sdv-id-wkiDgG,Solar Panels,128,120.0,910,SHIP_V_1839,0.0666666666666666
SHIP_V_1469,sdv-id-wwBUqX,Raw Jute,1076,5.0,1215,SHIP_V_1469,214.2
SHIP_V_1372,sdv-id-tXvNIO,Raw Jute,1274,5.0,996,SHIP_V_1372,253.8
SHIP_V_1061,sdv-id-wwXeea,Smartphones,982,300.0,1547,SHIP_V_1061,2.2733333333333334
SHIP_V_1690,sdv-id-UIOzIX,Raw Jute,21,5.0,1585,SHIP_V_1690,3.2
SHIP_V_1068,sdv-id-PmairS,Industrial Chemicals,1449,50.0,1482,SHIP_V_1068,27.98
SHIP_V_1199,sdv-id-tiHvnZ,Solar Panels,47,120.0,1298,SHIP_V_1199,-0.6083333333333333
SHIP_V_1630,sdv-id-FUaOkL,Industrial Chemicals,1322,50.0,397,SHIP_V_1630,25.44
SHIP_V_1925,sdv-id-ZwJWpU,Raw Jute,209,5.0,1098,SHIP_V_1925,40.8
SHIP_V_1361,sdv-id-XlZGJY,Ready-made Garments,187,8.5,399,SHIP_V_1361,21.0
SHIP_V_1604,sdv-id-WUeHpf,Ready-made Garments,273,8.5,1536,SHIP_V_1604,31.11764705882353
SHIP_V_1449,sdv-id-WvPzRf,Smartphones,1230,300.0,1034,SHIP_V_1449,3.1
SHIP_V_1972,sdv-id-nvwgXv,Industrial Chemicals,2197,50.0,489,SHIP_V_1972,42.94
SHIP_V_1013,sdv-id-AEcRog,Solar Panels,303,120.0,695,SHIP_V_1013,1.525
SHIP_V_1162,sdv-id-IsNvRg,Ready-made Garments,188,8.5,349,SHIP_V_1162,21.11764705882353
SHIP_V_1590,sdv-id-UABmNa,Industrial Chemicals,225,50.0,214,SHIP_V_1590,3.5
SHIP_V_1845,sdv-id-NbsQmH,Smartphones,299,300.0,1517,SHIP_V_1845,-0.0033333333333333
SHIP_V_1407,sdv-id-YmekWc,Smartphones,1066,300.0,908,SHIP_V_1407,2.5533333333333332
SHIP_V_1601,sdv-id-BYukpS,Industrial Chemicals,2874,50.0,125,SHIP_V_1601,56.48
SHIP_V_1786,sdv-id-pHXYpj,Industrial Chemicals,1491,50.0,1357,SHIP_V_1786,28.82
SHIP_V_1021,sdv-id-RFGxIh,Industrial Chemicals,147,50.0,380,SHIP_V_1021,1.94
SHIP_V_1471,sdv-id-gKMcYB,Smartphones,412,300.0,1410,SHIP_V_1471,0.3733333333333333
SHIP_V_1577,sdv-id-CzULUN,Smartphones,679,300.0,1254,SHIP_V_1577,1.2633333333333334
SHIP_V_1037,sdv-id-gktnbU,Industrial Chemicals,248,50.0,1847,SHIP_V_1037,3.96
SHIP_V_1965,sdv-id-nOgKrU,Ready-made Garments,89,8.5,1614,SHIP_V_1965,9.470588235294118
SHIP_V_1749,sdv-id-iaLoOR,Raw Jute,749,5.0,818,SHIP_V_1749,148.8
SHIP_V_1291,sdv-id-MTfxHb,Smartphones,816,300.0,544,SHIP_V_1291,1.72
SHIP_V_1540,sdv-id-knNHUc,Smartphones,1483,300.0,1741,SHIP_V_1540,3.943333333333334
SHIP_V_1019,sdv-id-xtCIit,Ready-made Garments,181,8.5,1793,SHIP_V_1019,20.294117647058822
SHIP_V_1097,sdv-id-JzSgqw,Smartphones,320,300.0,1217,SHIP_V_1097,0.0666666666666666
SHIP_V_1443,sdv-id-CzmFfc,Industrial Chemicals,119,50.0,1507,SHIP_V_1443,1.38
SHIP_V_1608,sdv-id-YzVSiP,Smartphones,1394,300.0,854,SHIP_V_1608,3.6466666666666665
SHIP_V_1305,sdv-id-HIYBtM,Solar Panels,406,120.0,1953,SHIP_V_1305,2.3833333333333333
SHIP_V_1558,sdv-id-IDAqWw,Industrial Chemicals,164,50.0,720,SHIP_V_1558,2.28
SHIP_V_1839,sdv-id-GcDanA,Smartphones,2534,300.0,812,SHIP_V_1839,7.446666666666666
SHIP_V_1918,sdv-id-vZggUL,Solar Panels,119,120.0,1655,SHIP_V_1918,-0.0083333333333333
SHIP_V_1152,sdv-id-joGDJr,Ready-made Garments,141,8.5,582,SHIP_V_1152,15.588235294117649
SHIP_V_1764,sdv-id-OVNbdU,Industrial Chemicals,789,50.0,1505,SHIP_V_1764,14.78
SHIP_V_1238,sdv-id-qsgqlg,Industrial Chemicals,1591,50.0,297,SHIP_V_1238,30.82
SHIP_V_1532,sdv-id-WqvQsR,Smartphones,195,300.0,1917,SHIP_V_1532,-0.35
SHIP_V_1089,sdv-id-CFCIrV,Smartphones,44,300.0,1678,SHIP_V_1089,-0.8533333333333334
SHIP_V_1841,sdv-id-MxtyJE,Solar Panels,694,120.0,1963,SHIP_V_1841,4.783333333333333
SHIP_V_1708,sdv-id-sqIgpe,Smartphones,914,300.0,282,SHIP_V_1708,2.046666666666667
SHIP_V_1900,sdv-id-vXmBrM,Industrial Chemicals,135,50.0,1883,SHIP_V_1900,1.7
SHIP_V_1256,sdv-id-UQJYRb,Smartphones,352,300.0,1489,SHIP_V_1256,0.1733333333333333
SHIP_V_1224,sdv-id-pseNzJ,Smartphones,1567,300.0,168,SHIP_V_1224,4.223333333333334
SHIP_V_1717,sdv-id-ZZkyMv,Industrial Chemicals,532,50.0,1312,SHIP_V_1717,9.64
SHIP_V_1884,sdv-id-FvgDsV,Smartphones,342,300.0,1538,SHIP_V_1884,0.14
SHIP_V_1074,sdv-id-ILvReh,Ready-made Garments,1185,8.5,957,SHIP_V_1074,138.41176470588235
SHIP_V_1517,sdv-id-YdIzJM,Smartphones,595,300.0,984,SHIP_V_1517,0.9833333333333332
SHIP_V_1253,sdv-id-fzSkrV,Solar Panels,448,120.0,1271,SHIP_V_1253,2.7333333333333334
SHIP_V_1735,sdv-id-Jwbmbn,Smartphones,1201,300.0,1397,SHIP_V_1735,3.0033333333333334
SHIP_V_1977,sdv-id-vzcqBa,Ready-made Garments,1685,8.5,1124,SHIP_V_1977,197.23529411764707
SHIP_V_1095,sdv-id-SBgLOX,Raw Jute,164,5.0,1445,SHIP_V_1095,31.8
SHIP_V_1069,sdv-id-tEXMvd,Raw Jute,1169,5.0,130,SHIP_V_1069,232.8
SHIP_V_1517,sdv-id-HEvIeH,Raw Jute,1988,5.0,1017,SHIP_V_1517,396.6
SHIP_V_1983,sdv-id-YbDwxy,Raw Jute,1417,5.0,1915,SHIP_V_1983,282.4
SHIP_V_1203,sdv-id-JKbbad,Industrial Chemicals,429,50.0,623,SHIP_V_1203,7.58
SHIP_V_1130,sdv-id-zxkVAd,Solar Panels,87,120.0,446,SHIP_V_1130,-0.275
SHIP_V_1254,sdv-id-hITLoo,Solar Panels,869,120.0,1682,SHIP_V_1254,6.241666666666666
SHIP_V_1135,sdv-id-gsOiYj,Ready-made Garments,239,8.5,1401,SHIP_V_1135,27.11764705882353
SHIP_V_1279,sdv-id-OmSBeZ,Smartphones,152,300.0,1258,SHIP_V_1279,-0.4933333333333333
SHIP_V_1938,sdv-id-SnFvat,Raw Jute,177,5.0,378,SHIP_V_1938,34.4
SHIP_V_1758,sdv-id-qowElk,Solar Panels,346,120.0,1660,SHIP_V_1758,1.8833333333333333
SHIP_V_1070,sdv-id-nFxMJE,Raw Jute,199,5.0,182,SHIP_V_1070,38.8
SHIP_V_1812,sdv-id-kbMaJr,Solar Panels,1223,120.0,1797,SHIP_V_1812,9.191666666666666
SHIP_V_1470,sdv-id-HXqdyM,Industrial Chemicals,715,50.0,802,SHIP_V_1470,13.3
SHIP_V_1513,sdv-id-qFCTMn,Raw Jute,986,5.0,1886,SHIP_V_1513,196.2
SHIP_V_1789,sdv-id-zIcGRm,Industrial Chemicals,969,50.0,171,SHIP_V_1789,18.38
SHIP_V_1270,sdv-id-JlSotw,Smartphones,1714,300.0,1167,SHIP_V_1270,4.713333333333333
SHIP_V_1928,sdv-id-JUgvsY,Industrial Chemicals,537,50.0,490,SHIP_V_1928,9.74
SHIP_V_1898,sdv-id-RdmDTZ,Raw Jute,218,5.0,674,SHIP_V_1898,42.6
SHIP_V_1390,sdv-id-MBLReR,Raw Jute,1057,5.0,785,SHIP_V_1390,210.4
SHIP_V_1733,sdv-id-IfqyGp,Ready-made Garments,830,8.5,1607,SHIP_V_1733,96.6470588235294
SHIP_V_1339,sdv-id-IPvwQg,Smartphones,235,300.0,1572,SHIP_V_1339,-0.2166666666666666
SHIP_V_1323,sdv-id-EPttnG,Raw Jute,131,5.0,759,SHIP_V_1323,25.2
SHIP_V_1377,sdv-id-LCUCMe,Ready-made Garments,107,8.5,383,SHIP_V_1377,11.588235294117649
SHIP_V_1229,sdv-id-WQlDVr,Solar Panels,171,120.0,1984,SHIP_V_1229,0.425
SHIP_V_1882,sdv-id-izoRrE,Ready-made Garments,49,8.5,960,SHIP_V_1882,4.764705882352941
SHIP_V_1199,sdv-id-SnGykz,Smartphones,203,300.0,437,SHIP_V_1199,-0.3233333333333333
SHIP_V_1822,sdv-id-naDbVt,Industrial Chemicals,2164,50.0,312,SHIP_V_1822,42.28
SHIP_V_1069,sdv-id-iBpLyu,Smartphones,863,300.0,202,SHIP_V_1069,1.8766666666666667
SHIP_V_1238,sdv-id-vPfCTa,Ready-made Garments,604,8.5,370,SHIP_V_1238,70.05882352941177
SHIP_V_1207,sdv-id-pVXduZ,Ready-made Garments,1239,8.5,867,SHIP_V_1207,144.76470588235293
SHIP_V_1952,sdv-id-EMytRP,Industrial Chemicals,1672,50.0,623,SHIP_V_1952,32.44
SHIP_V_1713,sdv-id-stUHzn,Industrial Chemicals,311,50.0,1044,SHIP_V_1713,5.22
SHIP_V_1883,sdv-id-dKBCzt,Ready-made Garments,906,8.5,398,SHIP_V_1883,105.58823529411764
SHIP_V_1196,sdv-id-PwMHVA,Raw Jute,742,5.0,1407,SHIP_V_1196,147.4
SHIP_V_1249,sdv-id-txxUTD,Industrial Chemicals,615,50.0,1599,SHIP_V_1249,11.3
SHIP_V_1627,sdv-id-NBHRUW,Solar Panels,61,120.0,1485,SHIP_V_1627,-0.4916666666666666
SHIP_V_1068,sdv-id-ehfkfj,Solar Panels,324,120.0,338,SHIP_V_1068,1.7
SHIP_V_1834,sdv-id-gAPFCk,Solar Panels,410,120.0,270,SHIP_V_1834,2.4166666666666665
SHIP_V_1317,sdv-id-ajdqCJ,Smartphones,747,300.0,944,SHIP_V_1317,1.49
SHIP_V_1584,sdv-id-iYIPsY,Ready-made Garments,401,8.5,1825,SHIP_V_1584,46.1764705882353
SHIP_V_1924,sdv-id-bZTxQf,Industrial Chemicals,793,50.0,807,SHIP_V_1924,14.86
SHIP_V_1212,sdv-id-XrwIpW,Smartphones,21,300.0,472,SHIP_V_1212,-0.93
SHIP_V_1557,sdv-id-pXVKIL,Smartphones,749,300.0,1541,SHIP_V_1557,1.4966666666666666
SHIP_V_1345,sdv-id-KvRsKT,Industrial Chemicals,281,50.0,881,SHIP_V_1345,4.62
SHIP_V_1366,sdv-id-vtTVlu,Industrial Chemicals,2236,50.0,780,SHIP_V_1366,43.72
SHIP_V_1934,sdv-id-NCFQEO,Solar Panels,1318,120.0,968,SHIP_V_1934,9.983333333333333
SHIP_V_1081,sdv-id-iArvIE,Smartphones,846,300.0,428,SHIP_V_1081,1.82
SHIP_V_1619,sdv-id-HRctET,Industrial Chemicals,1466,50.0,467,SHIP_V_1619,28.32
SHIP_V_1105,sdv-id-JEAAye,Smartphones,1561,300.0,468,SHIP_V_1105,4.203333333333333
SHIP_V_1010,sdv-id-ZuINXX,Industrial Chemicals,1950,50.0,981,SHIP_V_1010,38.0
SHIP_V_1716,sdv-id-FjaTnp,Ready-made Garments,840,8.5,874,SHIP_V_1716,97.82352941176472
SHIP_V_1594,sdv-id-pibDgF,Smartphones,1207,300.0,1370,SHIP_V_1594,3.0233333333333334
SHIP_V_1674,sdv-id-RlevLD,Industrial Chemicals,646,50.0,1189,SHIP_V_1674,11.92
SHIP_V_1819,sdv-id-GHHikz,Solar Panels,1026,120.0,552,SHIP_V_1819,7.55
SHIP_V_1473,sdv-id-NeIhJR,Smartphones,2138,300.0,1185,SHIP_V_1473,6.126666666666667
SHIP_V_1380,sdv-id-oyLiqh,Industrial Chemicals,1203,50.0,1036,SHIP_V_1380,23.06
SHIP_V_1056,sdv-id-ZqtcRW,Solar Panels,2,120.0,1896,SHIP_V_1056,-0.9833333333333332
SHIP_V_1023,sdv-id-DMSqQv,Raw Jute,1515,5.0,1976,SHIP_V_1023,302.0
SHIP_V_1984,sdv-id-ETevgR,Solar Panels,538,120.0,1104,SHIP_V_1984,3.4833333333333334
SHIP_V_1509,sdv-id-ShMERI,Ready-made Garments,571,8.5,1560,SHIP_V_1509,66.17647058823529
SHIP_V_1836,sdv-id-IzxVEQ,Ready-made Garments,60,8.5,372,SHIP_V_1836,6.0588235294117645
SHIP_V_1419,sdv-id-NHcddC,Solar Panels,1215,120.0,1998,SHIP_V_1419,9.125
SHIP_V_1377,sdv-id-rKlYPs,Ready-made Garments,262,8.5,1922,SHIP_V_1377,29.823529411764707
SHIP_V_1759,sdv-id-CRlgsb,Raw Jute,1010,5.0,1593,SHIP_V_1759,201.0
SHIP_V_1358,sdv-id-gHuNRs,Industrial Chemicals,106,50.0,1881,SHIP_V_1358,1.12
SHIP_V_1454,sdv-id-PGdefY,Industrial Chemicals,1316,50.0,1565,SHIP_V_1454,25.32
SHIP_V_1600,sdv-id-WwxprB,Smartphones,305,300.0,627,SHIP_V_1600,0.0166666666666666
SHIP_V_1408,sdv-id-qakNtJ,Raw Jute,1283,5.0,894,SHIP_V_1408,255.6
SHIP_V_1686,sdv-id-tTmiYY,Industrial Chemicals,559,50.0,1780,SHIP_V_1686,10.18
SHIP_V_1677,sdv-id-mkkeGp,Solar Panels,304,120.0,1524,SHIP_V_1677,1.5333333333333334
SHIP_V_1314,sdv-id-VcNwMT,Ready-made Garments,1084,8.5,1677,SHIP_V_1314,126.52941176470588
SHIP_V_1115,sdv-id-oqRjhN,Industrial Chemicals,175,50.0,1912,SHIP_V_1115,2.5
SHIP_V_1496,sdv-id-IYEjBP,Industrial Chemicals,1144,50.0,628,SHIP_V_1496,21.88
SHIP_V_1265,sdv-id-EfIBBl,Smartphones,1060,300.0,324,SHIP_V_1265,2.533333333333333
SHIP_V_1214,sdv-id-RiQxUt,Solar Panels,530,120.0,1903,SHIP_V_1214,3.4166666666666665
SHIP_V_1265,sdv-id-vLsmKH,Industrial Chemicals,1610,50.0,1122,SHIP_V_1265,31.2
SHIP_V_1553,sdv-id-DbEiBN,Raw Jute,1274,5.0,1754,SHIP_V_1553,253.8
SHIP_V_1438,sdv-id-aavPOI,Solar Panels,904,120.0,405,SHIP_V_1438,6.533333333333333
SHIP_V_1249,sdv-id-eEQSSd,Smartphones,1137,300.0,963,SHIP_V_1249,2.79
SHIP_V_1340,sdv-id-apRWXX,Industrial Chemicals,1459,50.0,1756,SHIP_V_1340,28.18
SHIP_V_1015,sdv-id-vIsVCI,Industrial Chemicals,186,50.0,1358,SHIP_V_1015,2.72
SHIP_V_1811,sdv-id-yvRlMh,Industrial Chemicals,1170,50.0,732,SHIP_V_1811,22.4
SHIP_V_1161,sdv-id-cOpomK,Smartphones,218,300.0,1423,SHIP_V_1161,-0.2733333333333333
SHIP_V_1874,sdv-id-wmgMei,Industrial Chemicals,407,50.0,1993,SHIP_V_1874,7.14
SHIP_V_1682,sdv-id-eknSMN,Smartphones,1716,300.0,897,SHIP_V_1682,4.72
SHIP_V_1972,sdv-id-YHvcNh,Industrial Chemicals,715,50.0,257,SHIP_V_1972,13.3
SHIP_V_1786,sdv-id-JntUHt,Industrial Chemicals,664,50.0,1275,SHIP_V_1786,12.28
SHIP_V_1884,sdv-id-vPalxR,Solar Panels,24,120.0,996,SHIP_V_1884,-0.8
SHIP_V_1227,sdv-id-mDtkmi,Raw Jute,884,5.0,952,SHIP_V_1227,175.8
SHIP_V_1386,sdv-id-VNYPVK,Raw Jute,1130,5.0,1721,SHIP_V_1386,225.0
SHIP_V_1093,sdv-id-ophash,Ready-made Garments,335,8.5,258,SHIP_V_1093,38.411764705882355
SHIP_V_1829,sdv-id-ipjtXe,Solar Panels,88,120.0,1677,SHIP_V_1829,-0.2666666666666666
SHIP_V_1471,sdv-id-dcPtgh,Smartphones,973,300.0,605,SHIP_V_1471,2.243333333333333
SHIP_V_1041,sdv-id-EJvhlu,Industrial Chemicals,905,50.0,255,SHIP_V_1041,17.1
SHIP_V_1263,sdv-id-ykkqdb,Industrial Chemicals,874,50.0,570,SHIP_V_1263,16.48
SHIP_V_1139,sdv-id-MYzsom,Industrial Chemicals,598,50.0,617,SHIP_V_1139,10.96
SHIP_V_1431,sdv-id-GZVRJw,Raw Jute,330,5.0,193,SHIP_V_1431,65.0
SHIP_V_1418,sdv-id-qQcMnr,Industrial Chemicals,1891,50.0,314,SHIP_V_1418,36.82
SHIP_V_1891,sdv-id-tXCXWI,Raw Jute,171,5.0,186,SHIP_V_1891,33.2
SHIP_V_1844,sdv-id-DdzlRm,Smartphones,696,300.0,1471,SHIP_V_1844,1.32
SHIP_V_1124,sdv-id-FhfNsN,Solar Panels,754,120.0,1403,SHIP_V_1124,5.283333333333333
SHIP_V_1629,sdv-id-jTHrtg,Industrial Chemicals,491,50.0,1262,SHIP_V_1629,8.82
SHIP_V_1535,sdv-id-drezBl,Smartphones,182,300.0,1594,SHIP_V_1535,-0.3933333333333333
SHIP_V_1760,sdv-id-kAGUTp,Smartphones,237,300.0,1073,SHIP_V_1760,-0.21
SHIP_V_1656,sdv-id-qVogsF,Solar Panels,378,120.0,1160,SHIP_V_1656,2.15
SHIP_V_1270,sdv-id-LGmOqW,Solar Panels,1588,120.0,1638,SHIP_V_1270,12.233333333333333
SHIP_V_1895,sdv-id-hifWHB,Smartphones,272,300.0,592,SHIP_V_1895,-0.0933333333333333
SHIP_V_1089,sdv-id-hyuxol,Smartphones,1853,300.0,1847,SHIP_V_1089,5.176666666666667
SHIP_V_1529,sdv-id-kkXfNS,Ready-made Garments,1271,8.5,342,SHIP_V_1529,148.52941176470588
SHIP_V_1680,sdv-id-wzDNwD,Industrial Chemicals,478,50.0,1473,SHIP_V_1680,8.56
SHIP_V_1613,sdv-id-IMAvWA,Smartphones,528,300.0,114,SHIP_V_1613,0.76
SHIP_V_1939,sdv-id-VhVXYu,Solar Panels,2061,120.0,330,SHIP_V_1939,16.175
SHIP_V_1897,sdv-id-znrEhy,Smartphones,675,300.0,1368,SHIP_V_1897,1.25
SHIP_V_1621,sdv-id-SkfpbZ,Solar Panels,25,120.0,1979,SHIP_V_1621,-0.7916666666666666
SHIP_V_1861,sdv-id-pESwfQ,Industrial Chemicals,406,50.0,1855,SHIP_V_1861,7.12
SHIP_V_1165,sdv-id-CuGpqp,Ready-made Garments,2106,8.5,1220,SHIP_V_1165,246.76470588235293
SHIP_V_1398,sdv-id-dWSSph,Smartphones,370,300.0,798,SHIP_V_1398,0.2333333333333333
SHIP_V_1116,sdv-id-PURFgy,Industrial Chemicals,821,50.0,1303,SHIP_V_1116,15.42
SHIP_V_1315,sdv-id-zgCzfC,Industrial Chemicals,1716,50.0,1105,SHIP_V_1315,33.32
SHIP_V_1473,sdv-id-KTdrUM,Ready-made Garments,737,8.5,1425,SHIP_V_1473,85.70588235294117
SHIP_V_1749,sdv-id-NNUnEU,Raw Jute,417,5.0,110,SHIP_V_1749,82.4
SHIP_V_1588,sdv-id-SeuBMu,Industrial Chemicals,187,50.0,696,SHIP_V_1588,2.74
SHIP_V_1299,sdv-id-mqnrZn,Raw Jute,1321,5.0,1420,SHIP_V_1299,263.2
SHIP_V_1547,sdv-id-phLTGD,Smartphones,1686,300.0,1208,SHIP_V_1547,4.62
SHIP_V_1516,sdv-id-kMvANe,Ready-made Garments,312,8.5,880,SHIP_V_1516,35.705882352941174
SHIP_V_1790,sdv-id-ZZNUqc,Ready-made Garments,635,8.5,448,SHIP_V_1790,73.70588235294117
SHIP_V_1273,sdv-id-Nbhttt,Solar Panels,765,120.0,505,SHIP_V_1273,5.375
SHIP_V_1782,sdv-id-NWgjDf,Smartphones,788,300.0,1964,SHIP_V_1782,1.6266666666666667
SHIP_V_1420,sdv-id-nDBXiy,Smartphones,922,300.0,857,SHIP_V_1420,2.0733333333333333
SHIP_V_1422,sdv-id-PjILse,Industrial Chemicals,518,50.0,499,SHIP_V_1422,9.36
SHIP_V_1617,sdv-id-ctIOpk,Industrial Chemicals,1963,50.0,1304,SHIP_V_1617,38.26
SHIP_V_1703,sdv-id-UufZrW,Solar Panels,1257,120.0,1379,SHIP_V_1703,9.475
SHIP_V_1805,sdv-id-DumsDs,Solar Panels,721,120.0,510,SHIP_V_1805,5.008333333333334
SHIP_V_1763,sdv-id-BafaoX,Industrial Chemicals,1323,50.0,194,SHIP_V_1763,25.46
SHIP_V_1524,sdv-id-myoxGC,Solar Panels,34,120.0,1238,SHIP_V_1524,-0.7166666666666667
SHIP_V_1910,sdv-id-mnoFdE,Ready-made Garments,602,8.5,1921,SHIP_V_1910,69.82352941176471
SHIP_V_1343,sdv-id-CblbFf,Raw Jute,1158,5.0,1928,SHIP_V_1343,230.6
SHIP_V_1077,sdv-id-CNkuAp,Solar Panels,496,120.0,1021,SHIP_V_1077,3.1333333333333333
SHIP_V_1700,sdv-id-utOoAd,Raw Jute,319,5.0,595,SHIP_V_1700,62.8
SHIP_V_1977,sdv-id-dNUvhr,Ready-made Garments,1021,8.5,853,SHIP_V_1977,119.11764705882354
SHIP_V_1936,sdv-id-kIgxlQ,Smartphones,334,300.0,539,SHIP_V_1936,0.1133333333333333
SHIP_V_1182,sdv-id-pKjjSw,Raw Jute,1041,5.0,256,SHIP_V_1182,207.2
SHIP_V_1164,sdv-id-nSUWNS,Solar Panels,26,120.0,1727,SHIP_V_1164,-0.7833333333333333
SHIP_V_1156,sdv-id-uIvWDd,Smartphones,987,300.0,655,SHIP_V_1156,2.29
SHIP_V_1798,sdv-id-qvKWGm,Ready-made Garments,91,8.5,1210,SHIP_V_1798,9.705882352941176
SHIP_V_1222,sdv-id-kakRtc,Industrial Chemicals,1484,50.0,1945,SHIP_V_1222,28.68
SHIP_V_1470,sdv-id-JdYAya,Solar Panels,349,120.0,1978,SHIP_V_1470,1.9083333333333337
SHIP_V_1390,sdv-id-FhcyCm,Smartphones,51,300.0,596,SHIP_V_1390,-0.83
SHIP_V_1580,sdv-id-AnzMMC,Raw Jute,751,5.0,969,SHIP_V_1580,149.2
SHIP_V_1647,sdv-id-scujRS,Solar Panels,151,120.0,557,SHIP_V_1647,0.2583333333333333
SHIP_V_1007,sdv-id-SIbcqS,Solar Panels,83,120.0,1393,SHIP_V_1007,-0.3083333333333333
SHIP_V_1974,sdv-id-SJJzmj,Solar Panels,305,120.0,1486,SHIP_V_1974,1.5416666666666667
SHIP_V_1121,sdv-id-UNfZet,Ready-made Garments,1160,8.5,395,SHIP_V_1121,135.47058823529412
SHIP_V_1730,sdv-id-KQsuNs,Industrial Chemicals,209,50.0,1926,SHIP_V_1730,3.18
SHIP_V_1031,sdv-id-ztNCJX,Solar Panels,1965,120.0,1707,SHIP_V_1031,15.375
SHIP_V_1379,sdv-id-arMSVH,Ready-made Garments,810,8.5,1051,SHIP_V_1379,94.29411764705884
SHIP_V_1071,sdv-id-ClkVFS,Ready-made Garments,921,8.5,1591,SHIP_V_1071,107.3529411764706
SHIP_V_1910,sdv-id-sczNoA,Smartphones,806,300.0,245,SHIP_V_1910,1.6866666666666668
SHIP_V_1602,sdv-id-SuRgni,Industrial Chemicals,1819,50.0,586,SHIP_V_1602,35.38
SHIP_V_1585,sdv-id-AoCQMp,Solar Panels,900,120.0,1098,SHIP_V_1585,6.5
SHIP_V_1412,sdv-id-PtrLwe,Industrial Chemicals,697,50.0,1012,SHIP_V_1412,12.94
SHIP_V_1076,sdv-id-jfWZWS,Smartphones,1221,300.0,1637,SHIP_V_1076,3.07
SHIP_V_1483,sdv-id-KXnlgL,Raw Jute,1579,5.0,642,SHIP_V_1483,314.8
SHIP_V_1553,sdv-id-SOiAVL,Raw Jute,627,5.0,1750,SHIP_V_1553,124.4
SHIP_V_1760,sdv-id-iQKHEB,Ready-made Garments,648,8.5,244,SHIP_V_1760,75.23529411764706
SHIP_V_1172,sdv-id-NtzjRi,Ready-made Garments,175,8.5,1137,SHIP_V_1172,19.58823529411765
SHIP_V_1709,sdv-id-aQPfIR,Industrial Chemicals,159,50.0,1609,SHIP_V_1709,2.18
SHIP_V_1523,sdv-id-LNiIWn,Ready-made Garments,987,8.5,1984,SHIP_V_1523,115.11764705882354
SHIP_V_1680,sdv-id-qSvpot,Ready-made Garments,162,8.5,1599,SHIP_V_1680,18.058823529411764
SHIP_V_1818,sdv-id-tIiqJF,Smartphones,2683,300.0,109,SHIP_V_1818,7.943333333333333
SHIP_V_1911,sdv-id-auOUvQ,Ready-made Garments,52,8.5,794,SHIP_V_1911,5.117647058823529
SHIP_V_1515,sdv-id-rJMsLJ,Raw Jute,1346,5.0,1234,SHIP_V_1515,268.2
SHIP_V_1234,sdv-id-yiAqjG,Industrial Chemicals,1318,50.0,469,SHIP_V_1234,25.36
SHIP_V_1855,sdv-id-huNmts,Smartphones,398,300.0,1929,SHIP_V_1855,0.3266666666666666
SHIP_V_1260,sdv-id-PMBcNA,Industrial Chemicals,1291,50.0,507,SHIP_V_1260,24.82
SHIP_V_1428,sdv-id-gvQXbH,Solar Panels,125,120.0,1511,SHIP_V_1428,0.0416666666666666
SHIP_V_1500,sdv-id-QnKitP,Smartphones,708,300.0,1825,SHIP_V_1500,1.36
SHIP_V_1790,sdv-id-XBzkFs,Smartphones,85,300.0,1638,SHIP_V_1790,-0.7166666666666667
SHIP_V_1926,sdv-id-cijoJs,Solar Panels,9,120.0,233,SHIP_V_1926,-0.925
SHIP_V_1106,sdv-id-nHblBO,Smartphones,350,300.0,1524,SHIP_V_1106,0.1666666666666666
SHIP_V_1104,sdv-id-xdfNfq,Raw Jute,909,5.0,1933,SHIP_V_1104,180.8
SHIP_V_1465,sdv-id-QgCdcS,Industrial Chemicals,1359,50.0,946,SHIP_V_1465,26.18
SHIP_V_1046,sdv-id-ERtskK,Ready-made Garments,273,8.5,740,SHIP_V_1046,31.11764705882353
SHIP_V_1437,sdv-id-nNjNwg,Solar Panels,1129,120.0,1155,SHIP_V_1437,8.408333333333333
SHIP_V_1543,sdv-id-NeiqOS,Raw Jute,937,5.0,1804,SHIP_V_1543,186.4
SHIP_V_1726,sdv-id-UgCTXn,Solar Panels,1082,120.0,711,SHIP_V_1726,8.016666666666667
SHIP_V_1344,sdv-id-dCUmwo,Solar Panels,678,120.0,1326,SHIP_V_1344,4.65
SHIP_V_1924,sdv-id-OzAKml,Raw Jute,202,5.0,977,SHIP_V_1924,39.4
SHIP_V_1935,sdv-id-tfLwyk,Ready-made Garments,114,8.5,1248,SHIP_V_1935,12.411764705882351
SHIP_V_1181,sdv-id-cKEhOv,Industrial Chemicals,1282,50.0,1038,SHIP_V_1181,24.64
SHIP_V_1059,sdv-id-UvKkVf,Ready-made Garments,9,8.5,1587,SHIP_V_1059,0.0588235294117647
SHIP_V_1633,sdv-id-iNPKZH,Ready-made Garments,182,8.5,650,SHIP_V_1633,20.41176470588235
SHIP_V_1614,sdv-id-ZgbKTQ,Smartphones,1213,300.0,169,SHIP_V_1614,3.0433333333333334
SHIP_V_1368,sdv-id-kkJFQF,Industrial Chemicals,2053,50.0,333,SHIP_V_1368,40.06
SHIP_V_1197,sdv-id-botrTQ,Smartphones,1715,300.0,1051,SHIP_V_1197,4.716666666666667
SHIP_V_1310,sdv-id-xklsRw,Smartphones,1002,300.0,565,SHIP_V_1310,2.34
SHIP_V_1463,sdv-id-UOqwHG,Industrial Chemicals,1157,50.0,527,SHIP_V_1463,22.14
SHIP_V_1257,sdv-id-HCgYlZ,Smartphones,94,300.0,1215,SHIP_V_1257,-0.6866666666666666
SHIP_V_1572,sdv-id-uqzOAo,Raw Jute,430,5.0,1585,SHIP_V_1572,85.0
SHIP_V_1588,sdv-id-nEOuWV,Solar Panels,953,120.0,291,SHIP_V_1588,6.941666666666666
SHIP_V_1126,sdv-id-MLdrAn,Industrial Chemicals,112,50.0,359,SHIP_V_1126,1.24
SHIP_V_1038,sdv-id-TsAaOB,Smartphones,1194,300.0,1301,SHIP_V_1038,2.98
SHIP_V_1413,sdv-id-QIlvxT,Smartphones,132,300.0,328,SHIP_V_1413,-0.56
SHIP_V_1980,sdv-id-TnQOiQ,Smartphones,998,300.0,1216,SHIP_V_1980,2.3266666666666667
SHIP_V_1348,sdv-id-sIGiXs,Ready-made Garments,593,8.5,1009,SHIP_V_1348,68.76470588235294
SHIP_V_1453,sdv-id-DrVEZl,Raw Jute,725,5.0,1983,SHIP_V_1453,144.0
SHIP_V_1353,sdv-id-cFkxmG,Industrial Chemicals,1024,50.0,1388,SHIP_V_1353,19.48
SHIP_V_1157,sdv-id-LIkdch,Smartphones,2002,300.0,1043,SHIP_V_1157,5.673333333333333
SHIP_V_1471,sdv-id-PGaUOS,Raw Jute,200,5.0,1323,SHIP_V_1471,39.0
SHIP_V_1394,sdv-id-AUORDZ,Raw Jute,1633,5.0,299,SHIP_V_1394,325.6
SHIP_V_1698,sdv-id-GWmedR,Raw Jute,1347,5.0,632,SHIP_V_1698,268.4
SHIP_V_1493,sdv-id-UUStld,Ready-made Garments,409,8.5,648,SHIP_V_1493,47.11764705882353
SHIP_V_1496,sdv-id-prxBCl,Solar Panels,553,120.0,1759,SHIP_V_1496,3.6083333333333334
SHIP_V_1454,sdv-id-XUqEil,Raw Jute,592,5.0,408,SHIP_V_1454,117.4
SHIP_V_1245,sdv-id-QzskvT,Solar Panels,975,120.0,1909,SHIP_V_1245,7.125
SHIP_V_1475,sdv-id-oesrLg,Industrial Chemicals,1420,50.0,1526,SHIP_V_1475,27.4
SHIP_V_1126,sdv-id-pctIqN,Ready-made Garments,1228,8.5,817,SHIP_V_1126,143.47058823529412
SHIP_V_1658,sdv-id-fyojLT,Smartphones,917,300.0,1114,SHIP_V_1658,2.056666666666666
SHIP_V_1426,sdv-id-rVkTht,Solar Panels,720,120.0,1044,SHIP_V_1426,5.0
SHIP_V_1186,sdv-id-UzNRvC,Smartphones,412,300.0,110,SHIP_V_1186,0.3733333333333333
SHIP_V_1889,sdv-id-qaXfKP,Industrial Chemicals,482,50.0,1305,SHIP_V_1889,8.64
SHIP_V_1707,sdv-id-vhEIDw,Smartphones,979,300.0,151,SHIP_V_1707,2.263333333333333
SHIP_V_1099,sdv-id-QRPHFi,Ready-made Garments,552,8.5,1100,SHIP_V_1099,63.94117647058823
SHIP_V_1440,sdv-id-ACSJCS,Solar Panels,175,120.0,1423,SHIP_V_1440,0.4583333333333333
SHIP_V_1649,sdv-id-Eakxvk,Solar Panels,58,120.0,1988,SHIP_V_1649,-0.5166666666666667
SHIP_V_1996,sdv-id-qzVMdE,Smartphones,1044,300.0,1473,SHIP_V_1996,2.48
SHIP_V_1356,sdv-id-vuHCJh,Ready-made Garments,925,8.5,154,SHIP_V_1356,107.82352941176472
SHIP_V_1671,sdv-id-jwznJR,Industrial Chemicals,309,50.0,1258,SHIP_V_1671,5.18
SHIP_V_1124,sdv-id-NbJBpt,Smartphones,832,300.0,1998,SHIP_V_1124,1.7733333333333334
SHIP_V_1433,sdv-id-wfflZo,Smartphones,1094,300.0,428,SHIP_V_1433,2.6466666666666665
SHIP_V_1916,sdv-id-ovJPNr,Solar Panels,186,120.0,718,SHIP_V_1916,0.55
SHIP_V_1562,sdv-id-IRmjcH,Raw Jute,1187,5.0,1406,SHIP_V_1562,236.4
SHIP_V_1899,sdv-id-ZAoeZQ,Ready-made Garments,1215,8.5,299,SHIP_V_1899,141.94117647058823
SHIP_V_1136,sdv-id-vntrNH,Industrial Chemicals,1859,50.0,1312,SHIP_V_1136,36.18
SHIP_V_1149,sdv-id-Apfofl,Ready-made Garments,681,8.5,287,SHIP_V_1149,79.11764705882354
SHIP_V_1520,sdv-id-twFwIy,Smartphones,1446,300.0,189,SHIP_V_1520,3.82
SHIP_V_1951,sdv-id-DihNkp,Raw Jute,253,5.0,439,SHIP_V_1951,49.6
SHIP_V_1907,sdv-id-YymExv,Industrial Chemicals,392,50.0,899,SHIP_V_1907,6.84
SHIP_V_1551,sdv-id-iyvKhs,Industrial Chemicals,215,50.0,1285,SHIP_V_1551,3.3
SHIP_V_1609,sdv-id-GeOGZv,Industrial Chemicals,905,50.0,904,SHIP_V_1609,17.1
SHIP_V_1891,sdv-id-LTNpFd,Ready-made Garments,785,8.5,1026,SHIP_V_1891,91.3529411764706
SHIP_V_1164,sdv-id-OOgCEN,Ready-made Garments,173,8.5,1567,SHIP_V_1164,19.352941176470587
SHIP_V_1859,sdv-id-KAdUWO,Smartphones,85,300.0,1953,SHIP_V_1859,-0.7166666666666667
SHIP_V_1789,sdv-id-kQRwgp,Smartphones,1185,300.0,146,SHIP_V_1789,2.95
SHIP_V_1114,sdv-id-koZIHU,Smartphones,1008,300.0,111,SHIP_V_1114,2.36
SHIP_V_1627,sdv-id-UZqZXA,Smartphones,484,300.0,984,SHIP_V_1627,0.6133333333333333
SHIP_V_1970,sdv-id-VxibEC,Industrial Chemicals,361,50.0,1594,SHIP_V_1970,6.22
SHIP_V_1112,sdv-id-hlSFwJ,Industrial Chemicals,1138,50.0,865,SHIP_V_1112,21.76
SHIP_V_1651,sdv-id-EAaKWc,Raw Jute,1211,5.0,298,SHIP_V_1651,241.2
SHIP_V_1599,sdv-id-bouIDY,Smartphones,2112,300.0,478,SHIP_V_1599,6.04
SHIP_V_1893,sdv-id-poSegl,Solar Panels,682,120.0,616,SHIP_V_1893,4.683333333333334
SHIP_V_1777,sdv-id-ZwIzWs,Ready-made Garments,58,8.5,1638,SHIP_V_1777,5.823529411764706
SHIP_V_1252,sdv-id-rViPEu,Industrial Chemicals,504,50.0,657,SHIP_V_1252,9.08
SHIP_V_1725,sdv-id-ngLZFn,Industrial Chemicals,1074,50.0,1063,SHIP_V_1725,20.48
SHIP_V_1861,sdv-id-ozPBUT,Solar Panels,171,120.0,1988,SHIP_V_1861,0.425
SHIP_V_1899,sdv-id-CjTzvg,Raw Jute,917,5.0,1914,SHIP_V_1899,182.4
SHIP_V_1067,sdv-id-TROnFi,Industrial Chemicals,1482,50.0,880,SHIP_V_1067,28.64
SHIP_V_1342,sdv-id-ibinYA,Smartphones,885,300.0,1892,SHIP_V_1342,1.95
SHIP_V_1666,sdv-id-sgknpH,Industrial Chemicals,678,50.0,866,SHIP_V_1666,12.56
SHIP_V_1748,sdv-id-fnEQxi,Ready-made Garments,773,8.5,292,SHIP_V_1748,89.94117647058823
SHIP_V_1576,sdv-id-JJMlrU,Industrial Chemicals,1573,50.0,970,SHIP_V_1576,30.46
SHIP_V_1182,sdv-id-eURTPq,Industrial Chemicals,227,50.0,1826,SHIP_V_1182,3.54
SHIP_V_1222,sdv-id-vAvJFN,Solar Panels,1330,120.0,1726,SHIP_V_1222,10.083333333333334
SHIP_V_1730,sdv-id-uaaLhf,Industrial Chemicals,533,50.0,492,SHIP_V_1730,9.66
SHIP_V_1119,sdv-id-VDvMPJ,Smartphones,323,300.0,160,SHIP_V_1119,0.0766666666666666
SHIP_V_1909,sdv-id-lQzJSO,Industrial Chemicals,1043,50.0,1562,SHIP_V_1909,19.86
SHIP_V_1325,sdv-id-xQARXu,Raw Jute,511,5.0,1012,SHIP_V_1325,101.2
SHIP_V_1042,sdv-id-maMVtq,Smartphones,121,300.0,828,SHIP_V_1042,-0.5966666666666667
SHIP_V_1554,sdv-id-pgtKbk,Solar Panels,14,120.0,1198,SHIP_V_1554,-0.8833333333333333
SHIP_V_1411,sdv-id-xdPnDH,Industrial Chemicals,334,50.0,1702,SHIP_V_1411,5.68
SHIP_V_1063,sdv-id-dIOAlK,Solar Panels,308,120.0,1103,SHIP_V_1063,1.5666666666666669
SHIP_V_1244,sdv-id-fZSYkU,Solar Panels,1199,120.0,249,SHIP_V_1244,8.991666666666667
SHIP_V_1692,sdv-id-IvGBzG,Industrial Chemicals,1054,50.0,431,SHIP_V_1692,20.08
SHIP_V_1260,sdv-id-vPwONw,Smartphones,836,300.0,900,SHIP_V_1260,1.7866666666666666
SHIP_V_1088,sdv-id-SwBEnx,Raw Jute,1308,5.0,1845,SHIP_V_1088,260.6
SHIP_V_1001,sdv-id-gTpBVa,Industrial Chemicals,9,50.0,1191,SHIP_V_1001,-0.82
SHIP_V_1046,sdv-id-KEYIoN,Ready-made Garments,409,8.5,446,SHIP_V_1046,47.11764705882353
SHIP_V_1555,sdv-id-uxQPPY,Smartphones,554,300.0,1722,SHIP_V_1555,0.8466666666666667
SHIP_V_1246,sdv-id-JmyqDR,Smartphones,83,300.0,1314,SHIP_V_1246,-0.7233333333333334
SHIP_V_1638,sdv-id-MGywEj,Solar Panels,763,120.0,179,SHIP_V_1638,5.358333333333333
SHIP_V_1458,sdv-id-qaLCAu,Industrial Chemicals,531,50.0,1553,SHIP_V_1458,9.62
SHIP_V_1558,sdv-id-xSuGVf,Smartphones,4,300.0,1067,SHIP_V_1558,-0.9866666666666668
SHIP_V_1924,sdv-id-NicUSS,Raw Jute,855,5.0,1334,SHIP_V_1924,170.0
SHIP_V_1746,sdv-id-QRZcRB,Raw Jute,2104,5.0,294,SHIP_V_1746,419.8
SHIP_V_1824,sdv-id-riDcNZ,Smartphones,816,300.0,1246,SHIP_V_1824,1.72
SHIP_V_1614,sdv-id-NBySXI,Smartphones,350,300.0,1683,SHIP_V_1614,0.1666666666666666
SHIP_V_1176,sdv-id-ABPwju,Raw Jute,1396,5.0,215,SHIP_V_1176,278.2
SHIP_V_1050,sdv-id-QEukiv,Ready-made Garments,639,8.5,1972,SHIP_V_1050,74.17647058823529
SHIP_V_1166,sdv-id-eKrZss,Solar Panels,44,120.0,872,SHIP_V_1166,-0.6333333333333333
SHIP_V_1768,sdv-id-ahTyNX,Industrial Chemicals,856,50.0,847,SHIP_V_1768,16.12
SHIP_V_1113,sdv-id-vnegjd,Smartphones,1187,300.0,630,SHIP_V_1113,2.9566666666666666
SHIP_V_1507,sdv-id-vssAjF,Ready-made Garments,808,8.5,1322,SHIP_V_1507,94.05882352941175
SHIP_V_1895,sdv-id-lGhNUV,Raw Jute,813,5.0,1241,SHIP_V_1895,161.6
SHIP_V_1083,sdv-id-yNdIVX,Ready-made Garments,269,8.5,1024,SHIP_V_1083,30.647058823529413
SHIP_V_1136,sdv-id-rDeGKv,Smartphones,1092,300.0,1272,SHIP_V_1136,2.64
SHIP_V_1059,sdv-id-InKfNU,Industrial Chemicals,1069,50.0,1441,SHIP_V_1059,20.38
SHIP_V_1748,sdv-id-KLoOkB,Industrial Chemicals,463,50.0,622,SHIP_V_1748,8.26
SHIP_V_1178,sdv-id-ZSlmWz,Raw Jute,517,5.0,707,SHIP_V_1178,102.4
SHIP_V_1475,sdv-id-jQRedV,Solar Panels,259,120.0,919,SHIP_V_1475,1.1583333333333334
SHIP_V_1090,sdv-id-VRxWOg,Raw Jute,256,5.0,1717,SHIP_V_1090,50.2
SHIP_V_1043,sdv-id-fuEhgV,Ready-made Garments,116,8.5,1674,SHIP_V_1043,12.647058823529411
SHIP_V_1149,sdv-id-YvhVpx,Smartphones,1217,300.0,1372,SHIP_V_1149,3.056666666666666
SHIP_V_1098,sdv-id-rdqBfR,Ready-made Garments,2175,8.5,1712,SHIP_V_1098,254.8823529411765
SHIP_V_1163,sdv-id-mNjAEF,Industrial Chemicals,635,50.0,721,SHIP_V_1163,11.7
SHIP_V_1839,sdv-id-wHgYmO,Raw Jute,576,5.0,891,SHIP_V_1839,114.2
SHIP_V_1663,sdv-id-dXVyRE,Raw Jute,1599,5.0,812,SHIP_V_1663,318.8
SHIP_V_1219,sdv-id-nHqsUX,Smartphones,860,300.0,741,SHIP_V_1219,1.8666666666666667
SHIP_V_1389,sdv-id-fdCyvi,Solar Panels,300,120.0,1764,SHIP_V_1389,1.5
SHIP_V_1757,sdv-id-ATYOrI,Solar Panels,898,120.0,820,SHIP_V_1757,6.483333333333333
SHIP_V_1626,sdv-id-PHsRgO,Ready-made Garments,13,8.5,1084,SHIP_V_1626,0.5294117647058824
SHIP_V_1930,sdv-id-NKTjtu,Industrial Chemicals,1287,50.0,1335,SHIP_V_1930,24.74
SHIP_V_1090,sdv-id-bFhuFQ,Raw Jute,271,5.0,1491,SHIP_V_1090,53.2
SHIP_V_1577,sdv-id-OQmFuE,Raw Jute,1888,5.0,761,SHIP_V_1577,376.6
SHIP_V_1953,sdv-id-NXdpFO,Smartphones,873,300.0,1995,SHIP_V_1953,1.91
SHIP_V_1237,sdv-id-HkLvbS,Industrial Chemicals,686,50.0,456,SHIP_V_1237,12.72
SHIP_V_1247,sdv-id-rexyfF,Smartphones,739,300.0,1192,SHIP_V_1247,1.4633333333333334
SHIP_V_1390,sdv-id-qqpZOT,Industrial Chemicals,949,50.0,1460,SHIP_V_1390,17.98
SHIP_V_1408,sdv-id-fzgfuW,Raw Jute,302,5.0,827,SHIP_V_1408,59.4
SHIP_V_1756,sdv-id-nhanPP,Solar Panels,392,120.0,1904,SHIP_V_1756,2.2666666666666666
SHIP_V_1466,sdv-id-IGoukz,Industrial Chemicals,851,50.0,832,SHIP_V_1466,16.02
SHIP_V_1814,sdv-id-zyeBLa,Solar Panels,584,120.0,807,SHIP_V_1814,3.8666666666666663
SHIP_V_1065,sdv-id-BXydzb,Raw Jute,520,5.0,819,SHIP_V_1065,103.0
SHIP_V_1768,sdv-id-aZZAfo,Solar Panels,44,120.0,932,SHIP_V_1768,-0.6333333333333333
SHIP_V_1375,sdv-id-VAsLvB,Raw Jute,1513,5.0,457,SHIP_V_1375,301.6
SHIP_V_1557,sdv-id-hcLrXS,Industrial Chemicals,1221,50.0,760,SHIP_V_1557,23.42
SHIP_V_1800,sdv-id-TPXWIB,Smartphones,2160,300.0,890,SHIP_V_1800,6.2
SHIP_V_1092,sdv-id-ylPAyw,Industrial Chemicals,1194,50.0,484,SHIP_V_1092,22.88
SHIP_V_1147,sdv-id-bWwEbM,Solar Panels,1179,120.0,1788,SHIP_V_1147,8.825
SHIP_V_1325,sdv-id-lLszJa,Industrial Chemicals,887,50.0,339,SHIP_V_1325,16.74
SHIP_V_1638,sdv-id-hFQyWx,Smartphones,423,300.0,1671,SHIP_V_1638,0.41
SHIP_V_1321,sdv-id-LyDnUu,Smartphones,1203,300.0,1548,SHIP_V_1321,3.01
SHIP_V_1467,sdv-id-WnoWKU,Ready-made Garments,319,8.5,139,SHIP_V_1467,36.52941176470589
SHIP_V_1192,sdv-id-RxKVJC,Raw Jute,633,5.0,971,SHIP_V_1192,125.6
SHIP_V_1939,sdv-id-dWmUuv,Solar Panels,471,120.0,1386,SHIP_V_1939,2.925
SHIP_V_1078,sdv-id-rKYPLl,Industrial Chemicals,135,50.0,1083,SHIP_V_1078,1.7
SHIP_V_1171,sdv-id-WUUspJ,Raw Jute,779,5.0,795,SHIP_V_1171,154.8
SHIP_V_1819,sdv-id-DelYLQ,Smartphones,481,300.0,1363,SHIP_V_1819,0.6033333333333334
SHIP_V_1353,sdv-id-KbINIb,Industrial Chemicals,487,50.0,1995,SHIP_V_1353,8.74
SHIP_V_1105,sdv-id-UxAUqC,Smartphones,394,300.0,783,SHIP_V_1105,0.3133333333333333
SHIP_V_1941,sdv-id-fXQmej,Solar Panels,522,120.0,1178,SHIP_V_1941,3.35
SHIP_V_1151,sdv-id-QMHiCN,Ready-made Garments,77,8.5,1616,SHIP_V_1151,8.058823529411764
SHIP_V_1415,sdv-id-AFEFIS,Industrial Chemicals,1037,50.0,1171,SHIP_V_1415,19.74
SHIP_V_1398,sdv-id-OIvTaU,Smartphones,2293,300.0,271,SHIP_V_1398,6.6433333333333335
SHIP_V_1084,sdv-id-AhCNDN,Raw Jute,100,5.0,1667,SHIP_V_1084,19.0
SHIP_V_1897,sdv-id-NAFdBU,Smartphones,115,300.0,1872,SHIP_V_1897,-0.6166666666666667
SHIP_V_1382,sdv-id-cqlSDD,Ready-made Garments,827,8.5,1568,SHIP_V_1382,96.29411764705884
SHIP_V_1242,sdv-id-wPjclU,Industrial Chemicals,1531,50.0,994,SHIP_V_1242,29.62
SHIP_V_1096,sdv-id-QQxfha,Ready-made Garments,1439,8.5,1159,SHIP_V_1096,168.2941176470588
SHIP_V_1888,sdv-id-yzulNU,Solar Panels,243,120.0,1281,SHIP_V_1888,1.025
SHIP_V_1368,sdv-id-XiYXnS,Industrial Chemicals,920,50.0,329,SHIP_V_1368,17.4
SHIP_V_1656,sdv-id-TNEKwb,Smartphones,731,300.0,666,SHIP_V_1656,1.4366666666666668
SHIP_V_1904,sdv-id-zvwilI,Raw Jute,768,5.0,696,SHIP_V_1904,152.6
SHIP_V_1975,sdv-id-WvZkOJ,Raw Jute,49,5.0,1624,SHIP_V_1975,8.8
SHIP_V_1703,sdv-id-FRuVsU,Raw Jute,1042,5.0,751,SHIP_V_1703,207.4
SHIP_V_1932,sdv-id-ESbPBJ,Smartphones,674,300.0,383,SHIP_V_1932,1.2466666666666666
SHIP_V_1933,sdv-id-gFhgDL,Ready-made Garments,464,8.5,455,SHIP_V_1933,53.588235294117645
SHIP_V_1815,sdv-id-eSfyAg,Raw Jute,345,5.0,1808,SHIP_V_1815,68.0
SHIP_V_1007,sdv-id-UcrCIo,Industrial Chemicals,594,50.0,1890,SHIP_V_1007,10.88
SHIP_V_1934,sdv-id-oFwxCQ,Solar Panels,589,120.0,1326,SHIP_V_1934,3.908333333333333
SHIP_V_1985,sdv-id-RJRGjP,Smartphones,411,300.0,238,SHIP_V_1985,0.37
SHIP_V_1088,sdv-id-IqXIoH,Raw Jute,326,5.0,1606,SHIP_V_1088,64.2
SHIP_V_1305,sdv-id-wiBPlo,Ready-made Garments,1418,8.5,485,SHIP_V_1305,165.8235294117647
SHIP_V_1958,sdv-id-HyCoCy,Raw Jute,846,5.0,1059,SHIP_V_1958,168.2
SHIP_V_1652,sdv-id-EjAwHs,Smartphones,193,300.0,313,SHIP_V_1652,-0.3566666666666667
SHIP_V_1708,sdv-id-xRgUhC,Solar Panels,314,120.0,577,SHIP_V_1708,1.6166666666666667
SHIP_V_1028,sdv-id-EUtBIa,Smartphones,660,300.0,138,SHIP_V_1028,1.2
SHIP_V_1145,sdv-id-MVVhru,Industrial Chemicals,1747,50.0,1929,SHIP_V_1145,33.94
SHIP_V_1553,sdv-id-eTboLJ,Solar Panels,441,120.0,272,SHIP_V_1553,2.675
SHIP_V_1681,sdv-id-XhPKig,Industrial Chemicals,356,50.0,742,SHIP_V_1681,6.12
SHIP_V_1002,sdv-id-xOcMpe,Smartphones,216,300.0,1701,SHIP_V_1002,-0.28
SHIP_V_1689,sdv-id-BXwXFW,Industrial Chemicals,2075,50.0,1645,SHIP_V_1689,40.5
SHIP_V_1340,sdv-id-KOIeSw,Industrial Chemicals,423,50.0,1563,SHIP_V_1340,7.46
SHIP_V_1283,sdv-id-UVgFpB,Smartphones,1563,300.0,1384,SHIP_V_1283,4.21
SHIP_V_1439,sdv-id-hWjazj,Smartphones,94,300.0,1497,SHIP_V_1439,-0.6866666666666666
SHIP_V_1007,sdv-id-gagJhp,Solar Panels,24,120.0,1950,SHIP_V_1007,-0.8
SHIP_V_1955,sdv-id-mfmRrm,Smartphones,2028,300.0,1332,SHIP_V_1955,5.76
SHIP_V_1073,sdv-id-pKdYRq,Smartphones,2162,300.0,959,SHIP_V_1073,6.206666666666667
SHIP_V_1126,sdv-id-MQhKzb,Raw Jute,658,5.0,1921,SHIP_V_1126,130.6
SHIP_V_1408,sdv-id-DOjVeu,Ready-made Garments,341,8.5,180,SHIP_V_1408,39.11764705882353
SHIP_V_1677,sdv-id-ecfaGx,Industrial Chemicals,1394,50.0,553,SHIP_V_1677,26.88
SHIP_V_1847,sdv-id-udooZA,Solar Panels,552,120.0,1010,SHIP_V_1847,3.6
SHIP_V_1092,sdv-id-SLBDIh,Ready-made Garments,998,8.5,973,SHIP_V_1092,116.41176470588236
SHIP_V_1118,sdv-id-LRfyuA,Industrial Chemicals,276,50.0,1970,SHIP_V_1118,4.52
SHIP_V_1345,sdv-id-NNYwew,Raw Jute,1793,5.0,949,SHIP_V_1345,357.6
SHIP_V_1209,sdv-id-KKXFBT,Solar Panels,1198,120.0,469,SHIP_V_1209,8.983333333333333
SHIP_V_1295,sdv-id-dDCilm,Industrial Chemicals,258,50.0,874,SHIP_V_1295,4.16
SHIP_V_1613,sdv-id-jedtcw,Industrial Chemicals,451,50.0,960,SHIP_V_1613,8.02
SHIP_V_1627,sdv-id-UCiudt,Industrial Chemicals,1705,50.0,475,SHIP_V_1627,33.1
SHIP_V_1595,sdv-id-CPrWIb,Smartphones,2066,300.0,154,SHIP_V_1595,5.886666666666667
SHIP_V_1988,sdv-id-vaHkxJ,Smartphones,256,300.0,772,SHIP_V_1988,-0.1466666666666666
SHIP_V_1807,sdv-id-tHthzj,Raw Jute,264,5.0,847,SHIP_V_1807,51.8
SHIP_V_1233,sdv-id-ZMOlWY,Solar Panels,488,120.0,356,SHIP_V_1233,3.066666666666667
SHIP_V_1493,sdv-id-gySFqc,Ready-made Garments,761,8.5,749,SHIP_V_1493,88.52941176470588
SHIP_V_1876,sdv-id-MxVDLX,Solar Panels,144,120.0,1859,SHIP_V_1876,0.2
SHIP_V_1292,sdv-id-mSRWaK,Raw Jute,198,5.0,1287,SHIP_V_1292,38.6
SHIP_V_1622,sdv-id-BgcKIo,Industrial Chemicals,1060,50.0,517,SHIP_V_1622,20.2
SHIP_V_1941,sdv-id-ZrnimF,Ready-made Garments,863,8.5,1697,SHIP_V_1941,100.52941176470588
SHIP_V_1208,sdv-id-FQCjAw,Smartphones,427,300.0,479,SHIP_V_1208,0.4233333333333333
SHIP_V_1463,sdv-id-mqKaqX,Smartphones,252,300.0,1468,SHIP_V_1463,-0.16
SHIP_V_1137,sdv-id-weegvq,Industrial Chemicals,2161,50.0,765,SHIP_V_1137,42.22
SHIP_V_1354,sdv-id-LhmiGu,Solar Panels,226,120.0,1242,SHIP_V_1354,0.8833333333333333
SHIP_V_1774,sdv-id-eEcnSO,Ready-made Garments,989,8.5,1453,SHIP_V_1774,115.3529411764706
SHIP_V_1103,sdv-id-deRaEI,Solar Panels,143,120.0,1797,SHIP_V_1103,0.1916666666666666
SHIP_V_1067,sdv-id-wiVOtW,Industrial Chemicals,439,50.0,1543,SHIP_V_1067,7.78
SHIP_V_1817,sdv-id-RSRGPT,Industrial Chemicals,1231,50.0,1667,SHIP_V_1817,23.62
SHIP_V_1712,sdv-id-JqmMZT,Solar Panels,101,120.0,883,SHIP_V_1712,-0.1583333333333333
SHIP_V_1150,sdv-id-FeJlXv,Industrial Chemicals,1214,50.0,841,SHIP_V_1150,23.28
SHIP_V_1768,sdv-id-zUGiGj,Industrial Chemicals,2,50.0,299,SHIP_V_1768,-0.96
SHIP_V_1618,sdv-id-fqmesR,Smartphones,1360,300.0,928,SHIP_V_1618,3.533333333333333
SHIP_V_1450,sdv-id-MbbtfM,Solar Panels,312,120.0,1038,SHIP_V_1450,1.6
SHIP_V_1419,sdv-id-uPeDDV,Raw Jute,195,5.0,1847,SHIP_V_1419,38.0
SHIP_V_1361,sdv-id-cgLUqN,Ready-made Garments,475,8.5,1111,SHIP_V_1361,54.88235294117647
SHIP_V_1281,sdv-id-SoadBS,Smartphones,161,300.0,1280,SHIP_V_1281,-0.4633333333333333
SHIP_V_1911,sdv-id-GLJZXu,Smartphones,117,300.0,1353,SHIP_V_1911,-0.61
SHIP_V_1465,sdv-id-PEgMRY,Smartphones,273,300.0,1552,SHIP_V_1465,-0.09
SHIP_V_1748,sdv-id-sXiApF,Smartphones,24,300.0,1648,SHIP_V_1748,-0.92
SHIP_V_1128,sdv-id-JZkzzM,Solar Panels,10,120.0,1718,SHIP_V_1128,-0.9166666666666666
SHIP_V_1253,sdv-id-uMpvvO,Smartphones,323,300.0,755,SHIP_V_1253,0.0766666666666666
SHIP_V_1126,sdv-id-gRnJhN,Smartphones,419,300.0,1185,SHIP_V_1126,0.3966666666666666
SHIP_V_1228,sdv-id-ePSUfQ,Smartphones,61,300.0,1955,SHIP_V_1228,-0.7966666666666666
SHIP_V_1451,sdv-id-zpsTof,Industrial Chemicals,1813,50.0,561,SHIP_V_1451,35.26
SHIP_V_1924,sdv-id-xRKUzm,Smartphones,2150,300.0,775,SHIP_V_1924,6.166666666666667
SHIP_V_1434,sdv-id-NCGUYS,Ready-made Garments,365,8.5,1070,SHIP_V_1434,41.94117647058823
SHIP_V_1136,sdv-id-MyJVne,Solar Panels,6,120.0,535,SHIP_V_1136,-0.95
SHIP_V_1800,sdv-id-oiyfDP,Industrial Chemicals,871,50.0,299,SHIP_V_1800,16.42
SHIP_V_1909,sdv-id-LTHEae,Raw Jute,327,5.0,1687,SHIP_V_1909,64.4
SHIP_V_1426,sdv-id-spgfbk,Solar Panels,927,120.0,471,SHIP_V_1426,6.725
SHIP_V_1729,sdv-id-xkebfv,Raw Jute,234,5.0,1853,SHIP_V_1729,45.8
SHIP_V_1223,sdv-id-eeCFDy,Smartphones,302,300.0,1505,SHIP_V_1223,0.0066666666666666
SHIP_V_1701,sdv-id-dmOHOH,Ready-made Garments,85,8.5,1409,SHIP_V_1701,9.0
SHIP_V_1423,sdv-id-fMmSqy,Smartphones,211,300.0,1870,SHIP_V_1423,-0.2966666666666667
SHIP_V_1383,sdv-id-TtXsUK,Smartphones,325,300.0,1491,SHIP_V_1383,0.0833333333333333
SHIP_V_1409,sdv-id-ocmmfq,Raw Jute,424,5.0,371,SHIP_V_1409,83.8
SHIP_V_1086,sdv-id-uJegBH,Industrial Chemicals,1571,50.0,1829,SHIP_V_1086,30.42
SHIP_V_1837,sdv-id-sMSFio,Smartphones,1528,300.0,473,SHIP_V_1837,4.093333333333334
SHIP_V_1572,sdv-id-nFKoRG,Raw Jute,1223,5.0,552,SHIP_V_1572,243.6
SHIP_V_1711,sdv-id-SrfdkK,Raw Jute,822,5.0,311,SHIP_V_1711,163.4
SHIP_V_1044,sdv-id-QCiKOq,Raw Jute,1284,5.0,1794,SHIP_V_1044,255.8
SHIP_V_1213,sdv-id-XOIHaH,Raw Jute,74,5.0,585,SHIP_V_1213,13.8
SHIP_V_1227,sdv-id-YNeDKh,Ready-made Garments,14,8.5,351,SHIP_V_1227,0.6470588235294118
SHIP_V_1116,sdv-id-pcWjBA,Smartphones,1326,300.0,540,SHIP_V_1116,3.42
SHIP_V_1748,sdv-id-mBEkPT,Ready-made Garments,1312,8.5,419,SHIP_V_1748,153.35294117647058
SHIP_V_1430,sdv-id-eAYJHz,Industrial Chemicals,1284,50.0,217,SHIP_V_1430,24.68
SHIP_V_1215,sdv-id-GfiVPR,Raw Jute,78,5.0,1294,SHIP_V_1215,14.6
SHIP_V_1027,sdv-id-KzFKMk,Ready-made Garments,495,8.5,1732,SHIP_V_1027,57.23529411764706
SHIP_V_1952,sdv-id-MQnPab,Raw Jute,571,5.0,385,SHIP_V_1952,113.2
SHIP_V_1480,sdv-id-limwJR,Solar Panels,180,120.0,1860,SHIP_V_1480,0.5
SHIP_V_1682,sdv-id-oEWKTE,Ready-made Garments,420,8.5,1125,SHIP_V_1682,48.411764705882355
SHIP_V_1624,sdv-id-rgmGyg,Raw Jute,330,5.0,1036,SHIP_V_1624,65.0
SHIP_V_1519,sdv-id-CyNqek,Industrial Chemicals,90,50.0,174,SHIP_V_1519,0.8
SHIP_V_1877,sdv-id-VTZwUn,Ready-made Garments,372,8.5,544,SHIP_V_1877,42.76470588235294
SHIP_V_1481,sdv-id-HZANVX,Smartphones,304,300.0,1349,SHIP_V_1481,0.0133333333333333
SHIP_V_1162,sdv-id-SqCHyp,Ready-made Garments,367,8.5,1332,SHIP_V_1162,42.1764705882353
SHIP_V_1877,sdv-id-rsuDpj,Industrial Chemicals,757,50.0,1200,SHIP_V_1877,14.14
SHIP_V_1055,sdv-id-vGRQmb,Raw Jute,367,5.0,1742,SHIP_V_1055,72.4
SHIP_V_1879,sdv-id-eQisWf,Solar Panels,26,120.0,1536,SHIP_V_1879,-0.7833333333333333
SHIP_V_1960,sdv-id-BFyQLs,Raw Jute,1205,5.0,729,SHIP_V_1960,240.0
SHIP_V_1785,sdv-id-rPaFTG,Raw Jute,3204,5.0,305,SHIP_V_1785,639.8
SHIP_V_1476,sdv-id-tDfQIB,Solar Panels,854,120.0,1752,SHIP_V_1476,6.116666666666666
SHIP_V_1250,sdv-id-mYFZeo,Raw Jute,246,5.0,120,SHIP_V_1250,48.2
SHIP_V_1284,sdv-id-mpnILV,Solar Panels,776,120.0,1623,SHIP_V_1284,5.466666666666667
SHIP_V_1459,sdv-id-twsZnY,Raw Jute,78,5.0,1260,SHIP_V_1459,14.6
SHIP_V_1117,sdv-id-yinjyu,Smartphones,2053,300.0,590,SHIP_V_1117,5.843333333333334
SHIP_V_1463,sdv-id-BsCSSQ,Ready-made Garments,849,8.5,446,SHIP_V_1463,98.88235294117646
SHIP_V_1347,sdv-id-FuVLec,Industrial Chemicals,657,50.0,840,SHIP_V_1347,12.14
SHIP_V_1706,sdv-id-MMfeaG,Raw Jute,1965,5.0,142,SHIP_V_1706,392.0
SHIP_V_1705,sdv-id-NlbfFA,Ready-made Garments,167,8.5,1113,SHIP_V_1705,18.647058823529413
SHIP_V_1749,sdv-id-piROjj,Ready-made Garments,358,8.5,888,SHIP_V_1749,41.11764705882353
SHIP_V_1589,sdv-id-shLsuy,Raw Jute,1041,5.0,522,SHIP_V_1589,207.2
SHIP_V_1372,sdv-id-MaZjbq,Solar Panels,31,120.0,1239,SHIP_V_1372,-0.7416666666666667
SHIP_V_1260,sdv-id-jKKQcJ,Raw Jute,80,5.0,784,SHIP_V_1260,15.0
SHIP_V_1146,sdv-id-XfwFaD,Ready-made Garments,436,8.5,1223,SHIP_V_1146,50.294117647058826
SHIP_V_1467,sdv-id-tvBYuh,Industrial Chemicals,831,50.0,327,SHIP_V_1467,15.62
SHIP_V_1633,sdv-id-DhXCUI,Ready-made Garments,440,8.5,1463,SHIP_V_1633,50.76470588235294
SHIP_V_1323,sdv-id-wYRCgG,Solar Panels,1505,120.0,108,SHIP_V_1323,11.541666666666666
SHIP_V_1849,sdv-id-eqKpkh,Solar Panels,236,120.0,865,SHIP_V_1849,0.9666666666666668
SHIP_V_1944,sdv-id-NdHPXJ,Ready-made Garments,1764,8.5,1097,SHIP_V_1944,206.52941176470588
SHIP_V_1725,sdv-id-JKfNiN,Solar Panels,386,120.0,1479,SHIP_V_1725,2.216666666666667
SHIP_V_1977,sdv-id-FOmVtQ,Ready-made Garments,349,8.5,1221,SHIP_V_1977,40.05882352941177
SHIP_V_1826,sdv-id-sGOxhH,Ready-made Garments,480,8.5,507,SHIP_V_1826,55.47058823529411
SHIP_V_1124,sdv-id-bzoMxw,Solar Panels,78,120.0,854,SHIP_V_1124,-0.35
SHIP_V_1054,sdv-id-xhZVne,Smartphones,205,300.0,1151,SHIP_V_1054,-0.3166666666666666
SHIP_V_1546,sdv-id-grvkLV,Industrial Chemicals,436,50.0,1414,SHIP_V_1546,7.72
SHIP_V_1888,sdv-id-uqwgDq,Industrial Chemicals,606,50.0,1315,SHIP_V_1888,11.12
SHIP_V_1345,sdv-id-QhYHJb,Raw Jute,2319,5.0,170,SHIP_V_1345,462.8
SHIP_V_1203,sdv-id-jKykqo,Smartphones,327,300.0,691,SHIP_V_1203,0.09
SHIP_V_1165,sdv-id-jZgrHz,Raw Jute,669,5.0,948,SHIP_V_1165,132.8
SHIP_V_1486,sdv-id-ZzVHiR,Smartphones,1114,300.0,1183,SHIP_V_1486,2.713333333333334
SHIP_V_1026,sdv-id-GsOWLL,Raw Jute,374,5.0,1557,SHIP_V_1026,73.8
SHIP_V_1944,sdv-id-VvCxHL,Ready-made Garments,184,8.5,828,SHIP_V_1944,20.647058823529413
SHIP_V_1546,sdv-id-MvzYbX,Raw Jute,906,5.0,690,SHIP_V_1546,180.2
SHIP_V_1479,sdv-id-PTkKCk,Ready-made Garments,140,8.5,722,SHIP_V_1479,15.470588235294118
SHIP_V_1752,sdv-id-IcNlqD,Solar Panels,763,120.0,735,SHIP_V_1752,5.358333333333333
SHIP_V_1471,sdv-id-fTXMEM,Solar Panels,447,120.0,401,SHIP_V_1471,2.725
SHIP_V_1379,sdv-id-TiFODI,Raw Jute,1055,5.0,1959,SHIP_V_1379,210.0
SHIP_V_1605,sdv-id-AlDrTX,Raw Jute,562,5.0,1525,SHIP_V_1605,111.4
SHIP_V_1352,sdv-id-thJGeL,Raw Jute,1860,5.0,133,SHIP_V_1352,371.0
SHIP_V_1377,sdv-id-rAXMTy,Solar Panels,2311,120.0,1249,SHIP_V_1377,18.258333333333333
SHIP_V_1805,sdv-id-mLRsVT,Industrial Chemicals,1361,50.0,1041,SHIP_V_1805,26.22
SHIP_V_1070,sdv-id-rrOjJn,Industrial Chemicals,343,50.0,1022,SHIP_V_1070,5.86
SHIP_V_1885,sdv-id-lIrQFF,Ready-made Garments,769,8.5,1383,SHIP_V_1885,89.47058823529412
SHIP_V_1940,sdv-id-sRfVNb,Smartphones,307,300.0,1227,SHIP_V_1940,0.0233333333333333
SHIP_V_1389,sdv-id-XtlUEJ,Industrial Chemicals,243,50.0,1382,SHIP_V_1389,3.86
SHIP_V_1632,sdv-id-woUUUv,Raw Jute,1154,5.0,1616,SHIP_V_1632,229.8
SHIP_V_1750,sdv-id-sXOXlU,Raw Jute,412,5.0,1767,SHIP_V_1750,81.4
SHIP_V_1312,sdv-id-ERNRti,Industrial Chemicals,1453,50.0,1574,SHIP_V_1312,28.06
SHIP_V_1488,sdv-id-UIkeIi,Smartphones,1165,300.0,1819,SHIP_V_1488,2.8833333333333333
SHIP_V_1886,sdv-id-NWvJXV,Smartphones,595,300.0,1994,SHIP_V_1886,0.9833333333333332
SHIP_V_1126,sdv-id-jqeTpq,Solar Panels,525,120.0,1292,SHIP_V_1126,3.375
SHIP_V_1743,sdv-id-ASUORO,Solar Panels,933,120.0,1031,SHIP_V_1743,6.775
SHIP_V_1257,sdv-id-gPfVdk,Raw Jute,371,5.0,1593,SHIP_V_1257,73.2
SHIP_V_1625,sdv-id-qmbHkK,Smartphones,958,300.0,569,SHIP_V_1625,2.193333333333334
SHIP_V_1821,sdv-id-RKaMDh,Industrial Chemicals,862,50.0,1128,SHIP_V_1821,16.24
SHIP_V_1012,sdv-id-usGWEN,Ready-made Garments,359,8.5,1193,SHIP_V_1012,41.23529411764706
SHIP_V_1499,sdv-id-hysyhr,Industrial Chemicals,1035,50.0,501,SHIP_V_1499,19.7
SHIP_V_1332,sdv-id-JotOGW,Industrial Chemicals,227,50.0,542,SHIP_V_1332,3.54
SHIP_V_1586,sdv-id-FsyBmr,Smartphones,475,300.0,481,SHIP_V_1586,0.5833333333333334
SHIP_V_1736,sdv-id-bYTVFG,Smartphones,640,300.0,1965,SHIP_V_1736,1.1333333333333333
SHIP_V_1051,sdv-id-lCXMrr,Industrial Chemicals,1161,50.0,1595,SHIP_V_1051,22.22
SHIP_V_1058,sdv-id-ypAzhu,Raw Jute,250,5.0,332,SHIP_V_1058,49.0
SHIP_V_1881,sdv-id-aJPeJr,Raw Jute,2482,5.0,893,SHIP_V_1881,495.4
SHIP_V_1989,sdv-id-CHCHvY,Smartphones,609,300.0,439,SHIP_V_1989,1.03
SHIP_V_1516,sdv-id-wEyvWY,Smartphones,166,300.0,1359,SHIP_V_1516,-0.4466666666666666
SHIP_V_1468,sdv-id-gUAmLp,Ready-made Garments,552,8.5,1207,SHIP_V_1468,63.94117647058823
SHIP_V_1251,sdv-id-GRrjxz,Raw Jute,1562,5.0,297,SHIP_V_1251,311.4
SHIP_V_1908,sdv-id-IqogKY,Raw Jute,622,5.0,879,SHIP_V_1908,123.4
